loan_id,state_code,county,derived_dwelling_category,property_value,loan_amount,ltv_ratio,ltv_tier
5021367,CA,Los Angeles   ,Single Family (1-4 Units):Site-Built,993257.0,545000.0,54.87,Standard Risk (<=80%)
5021373,CA,Lake    ,Single Family (1-4 Units):Site-Built,232439.0,135000.0,58.08,Standard Risk (<=80%)
5021380,CA,Kern    ,Single Family (1-4 Units):Site-Built,187519.0,125000.0,66.66,Standard Risk (<=80%)
5021427,NC,Forsyth    ,Single Family (1-4 Units):Site-Built,156250.0,125000.0,80.0,Standard Risk (<=80%)
5021446,MA,Middlesex    ,Single Family (1-4 Units):Site-Built,858060.0,535000.0,62.35,Standard Risk (<=80%)
5021441,GA,Gwinnett    ,Single Family (1-4 Units):Site-Built,291045.0,195000.0,67.0,Standard Risk (<=80%)
5021451,IL,Will    ,Single Family (1-4 Units):Site-Built,259494.0,205000.0,79.0,Standard Risk (<=80%)
5021464,UT,Salt Lake   ,Single Family (1-4 Units):Site-Built,331216.0,245000.0,73.97,Standard Risk (<=80%)
5021480,MA,Essex    ,Single Family (1-4 Units):Site-Built,394445.0,355000.0,90.0,High Risk (>80%)
5021496,FL,Brevard    ,Single Family (1-4 Units):Site-Built,837013.0,455000.0,54.36,Standard Risk (<=80%)
5021503,AZ,Maricopa    ,Single Family (1-4 Units):Site-Built,571377.0,315000.0,55.13,Standard Risk (<=80%)
5021509,IN,Madison    ,Single Family (1-4 Units):Site-Built,307143.0,215000.0,70.0,Standard Risk (<=80%)
5021523,FL,Clay    ,Single Family (1-4 Units):Site-Built,256250.0,205000.0,80.0,Standard Risk (<=80%)
5021532,MI,Oakland    ,Single Family (1-4 Units):Site-Built,670029.0,465000.0,69.4,Standard Risk (<=80%)
5021581,AZ,Pinal    ,Single Family (1-4 Units):Site-Built,328125.0,105000.0,32.0,Standard Risk (<=80%)
5021598,WA,Lewis    ,Single Family (1-4 Units):Site-Built,588492.0,135000.0,22.94,Standard Risk (<=80%)
5021612,TX,Guadalupe    ,Single Family (1-4 Units):Site-Built,325397.0,205000.0,63.0,Standard Risk (<=80%)
5022641,TX,Harris    ,Single Family (1-4 Units):Site-Built,225011.0,165000.0,73.33,Standard Risk (<=80%)
5022654,WA,Pierce    ,Single Family (1-4 Units):Site-Built,655431.0,245000.0,37.38,Standard Risk (<=80%)
5021853,TX,Dallas    ,Single Family (1-4 Units):Site-Built,174557.0,125000.0,71.61,Standard Risk (<=80%)
5022235,AL,Morgan    ,Single Family (1-4 Units):Site-Built,150022.0,105000.0,69.99,Standard Risk (<=80%)
5023160,MD,Montgomery    ,Single Family (1-4 Units):Site-Built,405277.0,255000.0,62.92,Standard Risk (<=80%)
5021973,NC,Guilford    ,Single Family (1-4 Units):Site-Built,210227.0,155000.0,73.73,Standard Risk (<=80%)
5023211,WA,Snohomish    ,Single Family (1-4 Units):Site-Built,973496.0,775000.0,79.61,Standard Risk (<=80%)
5023240,GA,Gwinnett    ,Single Family (1-4 Units):Site-Built,235715.0,165000.0,70.0,Standard Risk (<=80%)
5023303,NY,Orange    ,Single Family (1-4 Units):Site-Built,307531.0,205000.0,66.66,Standard Risk (<=80%)
5022088,MI,Washtenaw    ,Single Family (1-4 Units):Site-Built,956338.0,755000.0,78.95,Standard Risk (<=80%)
5022201,TX,Hays    ,Single Family (1-4 Units):Site-Built,229199.0,165000.0,71.99,Standard Risk (<=80%)
5022474,TN,Davidson    ,Single Family (1-4 Units):Site-Built,132861.0,105000.0,79.03,Standard Risk (<=80%)
5022121,VA,Chesapeake city   ,Single Family (1-4 Units):Site-Built,234849.0,155000.0,66.0,Standard Risk (<=80%)
5022501,GA,DeKalb    ,Single Family (1-4 Units):Site-Built,293699.0,165000.0,56.18,Standard Risk (<=80%)
5023361,NC,Cabarrus    ,Single Family (1-4 Units):Site-Built,637171.0,445000.0,69.84,Standard Risk (<=80%)
5021792,AR,Sebastian    ,Single Family (1-4 Units):Site-Built,96987.0,75000.0,77.33,Standard Risk (<=80%)
5022738,CA,San Bernardino   ,Single Family (1-4 Units):Site-Built,394445.0,355000.0,90.0,High Risk (>80%)
5021705,CA,Santa Clara   ,Single Family (1-4 Units):Site-Built,1123944.0,545000.0,48.49,Standard Risk (<=80%)
5021745,FL,Miami-Dade,Single Family (1-4 Units):Site-Built,505137.0,295000.0,58.4,Standard Risk (<=80%)
5022330,NY,Westchester    ,Single Family (1-4 Units):Site-Built,1439567.0,505000.0,35.08,Standard Risk (<=80%)
5022811,MI,Macomb    ,Single Family (1-4 Units):Site-Built,353334.0,265000.0,75.0,Standard Risk (<=80%)
5021733,PA,Monroe    ,Single Family (1-4 Units):Site-Built,256250.0,205000.0,80.0,Standard Risk (<=80%)
5021841,VA,Staunton city   ,Single Family (1-4 Units):Site-Built,166211.0,85000.0,51.14,Standard Risk (<=80%)
5022021,MA,Plymouth    ,Single Family (1-4 Units):Site-Built,570893.0,335000.0,58.68,Standard Risk (<=80%)
5022231,VA,Alexandria city   ,Single Family (1-4 Units):Site-Built,852855.0,375000.0,43.97,Standard Risk (<=80%)
5022353,NY,Kings    ,Single Family (1-4 Units):Site-Built,550021.0,265000.0,48.18,Standard Risk (<=80%)
5022892,MD,Baltimore    ,Single Family (1-4 Units):Site-Built,343750.0,275000.0,80.0,Standard Risk (<=80%)
5023167,TX,Harris    ,Single Family (1-4 Units):Site-Built,260000.0,195000.0,75.0,Standard Risk (<=80%)
5023479,UT,Juab    ,Single Family (1-4 Units):Site-Built,449575.0,185000.0,41.15,Standard Risk (<=80%)
5022398,TX,Fort Bend   ,Single Family (1-4 Units):Site-Built,390910.0,215000.0,55.0,Standard Risk (<=80%)
5023149,CA,Orange    ,Single Family (1-4 Units):Site-Built,1372341.0,645000.0,47.0,Standard Risk (<=80%)
5023154,CA,Sacramento    ,Single Family (1-4 Units):Site-Built,713002.0,595000.0,83.45,High Risk (>80%)
5023489,PA,Chester    ,Single Family (1-4 Units):Site-Built,364286.0,255000.0,70.0,Standard Risk (<=80%)
5021772,CA,Santa Barbara   ,Single Family (1-4 Units):Site-Built,373685.0,355000.0,95.0,High Risk (>80%)
5021882,OK,Tulsa    ,Single Family (1-4 Units):Site-Built,264706.0,225000.0,85.0,High Risk (>80%)
5022863,CA,Santa Clara   ,Single Family (1-4 Units):Site-Built,1048598.0,725000.0,69.14,Standard Risk (<=80%)
5023519,MI,Wayne    ,Single Family (1-4 Units):Site-Built,465894.0,265000.0,56.88,Standard Risk (<=80%)
5023290,AL,Houston    ,Single Family (1-4 Units):Site-Built,310717.0,245000.0,78.85,Standard Risk (<=80%)
5021823,MD,Wicomico    ,Single Family (1-4 Units):Site-Built,203948.0,155000.0,76.0,Standard Risk (<=80%)
5022658,NJ,Bergen    ,Single Family (1-4 Units):Site-Built,659969.0,335000.0,50.76,Standard Risk (<=80%)
5022663,CA,San Bernardino   ,Single Family (1-4 Units):Site-Built,333800.0,215000.0,64.41,Standard Risk (<=80%)
5023419,MI,Kent    ,Single Family (1-4 Units):Site-Built,318182.0,175000.0,55.0,Standard Risk (<=80%)
5022912,TN,Sevier    ,Single Family (1-4 Units):Site-Built,294445.0,265000.0,90.0,High Risk (>80%)
5023076,GA,Gwinnett    ,Single Family (1-4 Units):Site-Built,693750.0,555000.0,80.0,Standard Risk (<=80%)
5023276,UT,Salt Lake   ,Single Family (1-4 Units):Site-Built,500000.0,475000.0,95.0,High Risk (>80%)
5023401,CT,Fairfield    ,Single Family (1-4 Units):Site-Built,527946.0,375000.0,71.03,Standard Risk (<=80%)
5022024,NY,Chautauqua    ,Single Family (1-4 Units):Site-Built,68429.0,65000.0,94.99,High Risk (>80%)
5022445,MA,Plymouth    ,Single Family (1-4 Units):Site-Built,476470.0,325000.0,68.21,Standard Risk (<=80%)
5022764,MN,Wright    ,Single Family (1-4 Units):Site-Built,398306.0,235000.0,59.0,Standard Risk (<=80%)
5022827,FL,Orange    ,Single Family (1-4 Units):Site-Built,276753.0,255000.0,92.14,High Risk (>80%)
5022722,MD,Howard    ,Single Family (1-4 Units):Site-Built,420006.0,325000.0,77.38,Standard Risk (<=80%)
5022824,AL,Lee    ,Single Family (1-4 Units):Site-Built,222449.0,175000.0,78.67,Standard Risk (<=80%)
5023253,AL,Madison    ,Single Family (1-4 Units):Site-Built,253624.0,175000.0,69.0,Standard Risk (<=80%)
5023370,CA,Ventura    ,Single Family (1-4 Units):Site-Built,1518303.0,365000.0,24.04,Standard Risk (<=80%)
5021673,TN,Williamson    ,Single Family (1-4 Units):Site-Built,1256250.0,1005000.0,80.0,Standard Risk (<=80%)
5021939,MA,Middlesex    ,Single Family (1-4 Units):Site-Built,963415.0,395000.0,41.0,Standard Risk (<=80%)
5022459,MA,Middlesex    ,Single Family (1-4 Units):Site-Built,1147012.0,355000.0,30.95,Standard Risk (<=80%)
5022535,SC,Spartanburg    ,Single Family (1-4 Units):Site-Built,293750.0,235000.0,80.0,Standard Risk (<=80%)
5022556,MA,Middlesex    ,Single Family (1-4 Units):Site-Built,456032.0,265000.0,58.11,Standard Risk (<=80%)
5021713,NY,Orange    ,Single Family (1-4 Units):Site-Built,420004.0,215000.0,51.19,Standard Risk (<=80%)
5021815,CA,Santa Clara   ,Single Family (1-4 Units):Site-Built,712865.0,215000.0,30.16,Standard Risk (<=80%)
5021951,NJ,Hunterdon    ,Single Family (1-4 Units):Site-Built,630435.0,145000.0,23.0,Standard Risk (<=80%)
5022001,NH,Hillsborough    ,Single Family (1-4 Units):Site-Built,343557.0,205000.0,59.67,Standard Risk (<=80%)
5022165,NY,Orange    ,Single Family (1-4 Units):Site-Built,367245.0,235000.0,63.99,Standard Risk (<=80%)
5022190,CA,San Bernardino   ,Single Family (1-4 Units):Site-Built,782030.0,235000.0,30.05,Standard Risk (<=80%)
5022591,TX,Denton    ,Single Family (1-4 Units):Site-Built,518750.0,415000.0,80.0,Standard Risk (<=80%)
5023171,FL,Indian River   ,Single Family (1-4 Units):Site-Built,450000.0,315000.0,70.0,Standard Risk (<=80%)
5022113,TX,Dallas    ,Single Family (1-4 Units):Site-Built,263372.0,65000.0,24.68,Standard Risk (<=80%)
5022318,VA,Virginia Beach city  ,Single Family (1-4 Units):Site-Built,322758.0,295000.0,91.4,High Risk (>80%)
5022596,IN,Hamilton    ,Single Family (1-4 Units):Site-Built,422876.0,315000.0,74.49,Standard Risk (<=80%)
5022597,GA,Cobb    ,Single Family (1-4 Units):Site-Built,375643.0,285000.0,75.87,Standard Risk (<=80%)
5022608,MA,Hampden    ,Single Family (1-4 Units):Site-Built,308334.0,185000.0,60.0,Standard Risk (<=80%)
5022775,TN,Williamson    ,Single Family (1-4 Units):Site-Built,521429.0,365000.0,70.0,Standard Risk (<=80%)
5022898,CA,Orange    ,Single Family (1-4 Units):Site-Built,914766.0,425000.0,46.46,Standard Risk (<=80%)
5023046,CA,Los Angeles   ,Single Family (1-4 Units):Site-Built,639049.0,145000.0,22.69,Standard Risk (<=80%)
5023114,CA,Ventura    ,Single Family (1-4 Units):Site-Built,756250.0,605000.0,80.0,Standard Risk (<=80%)
5023315,CO,Weld    ,Single Family (1-4 Units):Site-Built,579151.0,405000.0,69.93,Standard Risk (<=80%)
5023324,OH,Cuyahoga    ,Single Family (1-4 Units):Site-Built,311428.0,245000.0,78.67,Standard Risk (<=80%)
5022408,NC,New Hanover   ,Single Family (1-4 Units):Site-Built,330000.0,165000.0,50.0,Standard Risk (<=80%)
5022615,NY,Queens    ,Single Family (1-4 Units):Site-Built,658216.0,405000.0,61.53,Standard Risk (<=80%)
5023521,MO,St. Louis   ,Single Family (1-4 Units):Site-Built,554952.0,255000.0,45.95,Standard Risk (<=80%)
5023530,GA,Cherokee    ,Single Family (1-4 Units):Site-Built,231959.0,225000.0,97.0,High Risk (>80%)
5023543,IL,Cook    ,Single Family (1-4 Units):Site-Built,194445.0,175000.0,90.0,High Risk (>80%)
5023559,CA,San Bernardino   ,Single Family (1-4 Units):Site-Built,305556.0,275000.0,90.0,High Risk (>80%)
5023562,NC,Gaston    ,Single Family (1-4 Units):Site-Built,381615.0,225000.0,58.96,Standard Risk (<=80%)
5023582,MI,Ottawa    ,Single Family (1-4 Units):Site-Built,313549.0,215000.0,68.57,Standard Risk (<=80%)
5023606,GA,Clayton    ,Single Family (1-4 Units):Site-Built,324075.0,175000.0,54.0,Standard Risk (<=80%)
5023623,TX,Dallas    ,Single Family (1-4 Units):Site-Built,358690.0,265000.0,73.88,Standard Risk (<=80%)
5023629,VA,Hanover    ,Single Family (1-4 Units):Site-Built,493576.0,315000.0,63.82,Standard Risk (<=80%)
5023649,MA,Norfolk    ,Single Family (1-4 Units):Site-Built,528668.0,355000.0,67.15,Standard Risk (<=80%)
5023752,CA,Ventura    ,Single Family (1-4 Units):Site-Built,676896.0,375000.0,55.4,Standard Risk (<=80%)
5023771,CT,New Haven   ,Single Family (1-4 Units):Site-Built,425000.0,85000.0,20.0,Standard Risk (<=80%)
5023797,TN,Davidson    ,Single Family (1-4 Units):Site-Built,307143.0,215000.0,70.0,Standard Risk (<=80%)
5023800,ME,York    ,Single Family (1-4 Units):Site-Built,460000.0,345000.0,75.0,Standard Risk (<=80%)
5023812,ID,Bonneville    ,Single Family (1-4 Units):Site-Built,300000.0,135000.0,45.0,Standard Risk (<=80%)
5023840,MI,Kent    ,Single Family (1-4 Units):Site-Built,392521.0,275000.0,70.06,Standard Risk (<=80%)
5023844,CA,Contra Costa   ,Single Family (1-4 Units):Site-Built,681016.0,405000.0,59.47,Standard Risk (<=80%)
5023848,TX,Harris    ,Single Family (1-4 Units):Site-Built,255173.0,185000.0,72.5,Standard Risk (<=80%)
5023865,TX,Milam    ,Single Family (1-4 Units):Site-Built,198169.0,145000.0,73.17,Standard Risk (<=80%)
5023940,UT,Weber    ,Single Family (1-4 Units):Site-Built,365088.0,215000.0,58.89,Standard Risk (<=80%)
5023961,NE,Gage    ,Single Family (1-4 Units):Site-Built,213959.0,145000.0,67.77,Standard Risk (<=80%)
5023998,NY,Monroe    ,Single Family (1-4 Units):Site-Built,246337.0,195000.0,79.16,Standard Risk (<=80%)
5024009,MT,Valley    ,Single Family (1-4 Units):Site-Built,190230.0,125000.0,65.71,Standard Risk (<=80%)
5021398,WA,Pierce    ,Single Family (1-4 Units):Site-Built,1278706.0,735000.0,57.48,Standard Risk (<=80%)
5021433,VA,James City   ,Single Family (1-4 Units):Site-Built,381911.0,315000.0,82.48,High Risk (>80%)
5021450,KY,Fayette    ,Single Family (1-4 Units):Site-Built,756250.0,605000.0,80.0,Standard Risk (<=80%)
5021461,ME,Sagadahoc    ,Single Family (1-4 Units):Site-Built,259494.0,205000.0,79.0,Standard Risk (<=80%)
5021472,NY,Montgomery    ,Single Family (1-4 Units):Site-Built,322785.0,255000.0,79.0,Standard Risk (<=80%)
5021475,PA,Lycoming    ,Single Family (1-4 Units):Site-Built,216948.0,85000.0,39.18,Standard Risk (<=80%)
5021476,OK,Oklahoma    ,Single Family (1-4 Units):Site-Built,647059.0,385000.0,59.5,Standard Risk (<=80%)
5021494,OR,Josephine    ,Single Family (1-4 Units):Site-Built,393334.0,295000.0,75.0,Standard Risk (<=80%)
5021506,CA,Placer    ,Single Family (1-4 Units):Site-Built,543750.0,435000.0,80.0,Standard Risk (<=80%)
5021518,NV,Clark    ,Single Family (1-4 Units):Site-Built,351064.0,165000.0,47.0,Standard Risk (<=80%)
5021534,AL,Wilcox    ,Single Family (1-4 Units):Site-Built,268422.0,255000.0,95.0,High Risk (>80%)
5021537,IA,Dallas    ,Single Family (1-4 Units):Site-Built,700896.0,415000.0,59.21,Standard Risk (<=80%)
5021539,IL,Kendall    ,Single Family (1-4 Units):Site-Built,500000.0,205000.0,41.0,Standard Risk (<=80%)
5021576,NC,Wake    ,Single Family (1-4 Units):Site-Built,225491.0,115000.0,51.0,Standard Risk (<=80%)
5021597,UT,Salt Lake   ,Single Family (1-4 Units):Site-Built,369191.0,255000.0,69.07,Standard Risk (<=80%)
5021657,GA,Fulton    ,Single Family (1-4 Units):Site-Built,354690.0,315000.0,88.81,High Risk (>80%)
5021670,CA,Santa Clara   ,Single Family (1-4 Units):Site-Built,973260.0,495000.0,50.86,Standard Risk (<=80%)
5021675,GA,Forsyth    ,Single Family (1-4 Units):Site-Built,438219.0,305000.0,69.6,Standard Risk (<=80%)
5021693,NC,Lincoln    ,Single Family (1-4 Units):Site-Built,509354.0,275000.0,53.99,Standard Risk (<=80%)
5021715,WI,Ashland    ,Single Family (1-4 Units):Site-Built,144903.0,85000.0,58.66,Standard Risk (<=80%)
5021800,IN,Tippecanoe    ,Single Family (1-4 Units):Site-Built,210000.0,105000.0,50.0,Standard Risk (<=80%)
5021812,TN,Williamson    ,Single Family (1-4 Units):Site-Built,723050.0,495000.0,68.46,Standard Risk (<=80%)
5021862,MA,Middlesex    ,Single Family (1-4 Units):Site-Built,431250.0,345000.0,80.0,Standard Risk (<=80%)
5021871,CA,Sacramento    ,Single Family (1-4 Units):Site-Built,492077.0,295000.0,59.95,Standard Risk (<=80%)
5021894,ID,Ada    ,Single Family (1-4 Units):Site-Built,393701.0,205000.0,52.07,Standard Risk (<=80%)
5021907,FL,St. Johns   ,Single Family (1-4 Units):Site-Built,231250.0,185000.0,80.0,Standard Risk (<=80%)
5021921,CA,Orange    ,Single Family (1-4 Units):Site-Built,770170.0,505000.0,65.57,Standard Risk (<=80%)
5021929,IL,DuPage    ,Single Family (1-4 Units):Site-Built,129790.0,105000.0,80.9,High Risk (>80%)
5021938,NV,Clark    ,Single Family (1-4 Units):Site-Built,286990.0,225000.0,78.4,Standard Risk (<=80%)
5021990,MI,Ottawa    ,Single Family (1-4 Units):Site-Built,354546.0,195000.0,55.0,Standard Risk (<=80%)
5022040,NY,Bronx    ,Single Family (1-4 Units):Site-Built,826700.0,135000.0,16.33,Standard Risk (<=80%)
5022047,MN,Wright    ,Single Family (1-4 Units):Site-Built,699514.0,345000.0,49.32,Standard Risk (<=80%)
5022050,CA,Los Angeles   ,Single Family (1-4 Units):Site-Built,999099.0,665000.0,66.56,Standard Risk (<=80%)
5022122,OH,Knox    ,Single Family (1-4 Units):Site-Built,202128.0,95000.0,47.0,Standard Risk (<=80%)
5022141,CA,Tulare    ,Single Family (1-4 Units):Site-Built,694445.0,625000.0,90.0,High Risk (>80%)
5022196,CA,Los Angeles   ,Single Family (1-4 Units):Site-Built,1384616.0,225000.0,16.25,Standard Risk (<=80%)
5022218,FL,Polk    ,Single Family (1-4 Units):Site-Built,256250.0,205000.0,80.0,Standard Risk (<=80%)
5022238,AR,Pulaski    ,Single Family (1-4 Units):Site-Built,81250.0,65000.0,80.0,Standard Risk (<=80%)
5022243,CA,San Bernardino   ,Single Family (1-4 Units):Site-Built,489834.0,265000.0,54.1,Standard Risk (<=80%)
5022273,NJ,Middlesex    ,Single Family (1-4 Units):Site-Built,493750.0,395000.0,80.0,Standard Risk (<=80%)
5022275,AK,Matanuska-Susitna Borough   ,Single Family (1-4 Units):Site-Built,283509.0,235000.0,82.89,High Risk (>80%)
5022281,OR,Multnomah    ,Single Family (1-4 Units):Site-Built,360223.0,305000.0,84.67,High Risk (>80%)
5022293,NY,Queens    ,Single Family (1-4 Units):Site-Built,696072.0,505000.0,72.55,Standard Risk (<=80%)
5022297,WA,King    ,Single Family (1-4 Units):Site-Built,962773.0,375000.0,38.95,Standard Risk (<=80%)
5022301,MD,Anne Arundel   ,Single Family (1-4 Units):Site-Built,717018.0,375000.0,52.3,Standard Risk (<=80%)
5022307,AZ,Pima    ,Single Family (1-4 Units):Site-Built,251633.0,185000.0,73.52,Standard Risk (<=80%)
5022315,CA,Sonoma    ,Single Family (1-4 Units):Site-Built,666450.0,205000.0,30.76,Standard Risk (<=80%)
5022323,CA,El Dorado   ,Single Family (1-4 Units):Site-Built,751073.0,175000.0,23.3,Standard Risk (<=80%)
5022342,CA,Ventura    ,Single Family (1-4 Units):Site-Built,610678.0,485000.0,79.42,Standard Risk (<=80%)
5022362,CO,Larimer    ,Single Family (1-4 Units):Site-Built,424583.0,295000.0,69.48,Standard Risk (<=80%)
5022388,PA,Franklin    ,Single Family (1-4 Units):Site-Built,269525.0,215000.0,79.77,Standard Risk (<=80%)
5022405,NE,Fillmore    ,Single Family (1-4 Units):Site-Built,172383.0,95000.0,55.11,Standard Risk (<=80%)
5022411,NY,Richmond    ,Single Family (1-4 Units):Site-Built,711786.0,305000.0,42.85,Standard Risk (<=80%)
5022439,LA,Webster Parish   ,Single Family (1-4 Units):Site-Built,325000.0,195000.0,60.0,Standard Risk (<=80%)
5022454,IL,DeKalb    ,Single Family (1-4 Units):Site-Built,180168.0,125000.0,69.38,Standard Risk (<=80%)
5022479,FL,Hernando    ,Single Family (1-4 Units):Site-Built,263350.0,145000.0,55.06,Standard Risk (<=80%)
5022485,IN,Allen    ,Single Family (1-4 Units):Site-Built,183681.0,165000.0,89.83,High Risk (>80%)
5022493,CA,Los Angeles   ,Single Family (1-4 Units):Site-Built,396908.0,385000.0,97.0,High Risk (>80%)
5022533,GA,Cobb    ,Single Family (1-4 Units):Site-Built,420000.0,315000.0,75.0,Standard Risk (<=80%)
5022563,OK,Grady    ,Single Family (1-4 Units):Site-Built,365927.0,305000.0,83.35,High Risk (>80%)
5022611,MA,Worcester    ,Single Family (1-4 Units):Site-Built,299292.0,245000.0,81.86,High Risk (>80%)
5022621,NC,Watauga    ,Single Family (1-4 Units):Site-Built,289342.0,155000.0,53.57,Standard Risk (<=80%)
5022682,CT,Hartford    ,Single Family (1-4 Units):Site-Built,261112.0,235000.0,90.0,High Risk (>80%)
5022687,PA,Chester    ,Single Family (1-4 Units):Site-Built,273816.0,215000.0,78.52,Standard Risk (<=80%)
5022721,CA,San Diego   ,Single Family (1-4 Units):Site-Built,934189.0,335000.0,35.86,Standard Risk (<=80%)
5022728,NV,Clark    ,Single Family (1-4 Units):Site-Built,408192.0,295000.0,72.27,Standard Risk (<=80%)
5022758,TX,Williamson    ,Single Family (1-4 Units):Site-Built,380254.0,285000.0,74.95,Standard Risk (<=80%)
5022786,AZ,Maricopa    ,Single Family (1-4 Units):Site-Built,380000.0,285000.0,75.0,Standard Risk (<=80%)
5022833,GA,Charlton    ,Single Family (1-4 Units):Site-Built,233844.0,165000.0,70.56,Standard Risk (<=80%)
5022871,FL,Manatee    ,Single Family (1-4 Units):Site-Built,402830.0,205000.0,50.89,Standard Risk (<=80%)
5022882,KY,Barren    ,Single Family (1-4 Units):Site-Built,168919.0,125000.0,74.0,Standard Risk (<=80%)
5022904,VA,Suffolk city   ,Single Family (1-4 Units):Site-Built,320907.0,235000.0,73.23,Standard Risk (<=80%)
5022915,NJ,Sussex    ,Single Family (1-4 Units):Site-Built,417691.0,255000.0,61.05,Standard Risk (<=80%)
5022925,VA,Rockbridge    ,Single Family (1-4 Units):Site-Built,257353.0,175000.0,68.0,Standard Risk (<=80%)
5022951,WA,King    ,Single Family (1-4 Units):Site-Built,288832.0,135000.0,46.74,Standard Risk (<=80%)
5022965,GA,Barrow    ,Single Family (1-4 Units):Site-Built,631607.0,245000.0,38.79,Standard Risk (<=80%)
5022978,CA,Butte    ,Single Family (1-4 Units):Site-Built,398149.0,215000.0,54.0,Standard Risk (<=80%)
5023101,VA,Hampton city   ,Single Family (1-4 Units):Site-Built,281250.0,225000.0,80.0,Standard Risk (<=80%)
5023121,AZ,Maricopa    ,Single Family (1-4 Units):Site-Built,456755.0,235000.0,51.45,Standard Risk (<=80%)
5023130,TX,Bexar    ,Single Family (1-4 Units):Site-Built,154412.0,105000.0,68.0,Standard Risk (<=80%)
5023157,MO,St. Louis   ,Single Family (1-4 Units):Site-Built,215790.0,205000.0,95.0,High Risk (>80%)
5023188,CA,Los Angeles   ,Single Family (1-4 Units):Site-Built,808334.0,485000.0,60.0,Standard Risk (<=80%)
5023227,TX,San Jacinto   ,Single Family (1-4 Units):Site-Built,598627.0,305000.0,50.95,Standard Risk (<=80%)
5023272,TX,Tarrant    ,Single Family (1-4 Units):Site-Built,260886.0,145000.0,55.58,Standard Risk (<=80%)
5023318,TX,Travis    ,Single Family (1-4 Units):Site-Built,885339.0,655000.0,73.98,Standard Risk (<=80%)
5023389,CA,Santa Clara   ,Single Family (1-4 Units):Site-Built,1483403.0,715000.0,48.2,Standard Risk (<=80%)
5023391,CA,San Francisco   ,Single Family (1-4 Units):Site-Built,1008326.0,545000.0,54.05,Standard Risk (<=80%)
5023409,NC,Rowan    ,Single Family (1-4 Units):Site-Built,330770.0,215000.0,65.0,Standard Risk (<=80%)
5023429,NJ,Morris    ,Single Family (1-4 Units):Site-Built,901786.0,505000.0,56.0,Standard Risk (<=80%)
5023458,MI,Kalamazoo    ,Single Family (1-4 Units):Site-Built,244602.0,145000.0,59.28,Standard Risk (<=80%)
5023477,MO,Stone    ,Single Family (1-4 Units):Site-Built,180029.0,75000.0,41.66,Standard Risk (<=80%)
5023544,CO,Denver    ,Single Family (1-4 Units):Site-Built,808738.0,485000.0,59.97,Standard Risk (<=80%)
5023547,NJ,Passaic    ,Single Family (1-4 Units):Site-Built,568750.0,455000.0,80.0,Standard Risk (<=80%)
5023596,FL,Brevard    ,Single Family (1-4 Units):Site-Built,494695.0,345000.0,69.74,Standard Risk (<=80%)
5023615,CT,Fairfield    ,Single Family (1-4 Units):Site-Built,441888.0,265000.0,59.97,Standard Risk (<=80%)
5023660,NJ,Warren    ,Single Family (1-4 Units):Site-Built,218379.0,125000.0,57.24,Standard Risk (<=80%)
5023681,CA,Los Angeles   ,Single Family (1-4 Units):Site-Built,688734.0,335000.0,48.64,Standard Risk (<=80%)
5023684,MT,Cascade    ,Single Family (1-4 Units):Site-Built,275000.0,165000.0,60.0,Standard Risk (<=80%)
5023760,CA,Los Angeles   ,Single Family (1-4 Units):Site-Built,1016667.0,305000.0,30.0,Standard Risk (<=80%)
5023762,PA,Delaware    ,Single Family (1-4 Units):Site-Built,170700.0,115000.0,67.37,Standard Risk (<=80%)
5023809,DE,Kent    ,Single Family (1-4 Units):Site-Built,307150.0,235000.0,76.51,Standard Risk (<=80%)
5023813,CA,Ventura    ,Single Family (1-4 Units):Site-Built,507076.0,215000.0,42.4,Standard Risk (<=80%)
5023831,CA,Sacramento    ,Single Family (1-4 Units):Site-Built,484196.0,265000.0,54.73,Standard Risk (<=80%)
5023928,MI,Wayne    ,Single Family (1-4 Units):Site-Built,116667.0,105000.0,90.0,High Risk (>80%)
5023955,MI,St. Clair   ,Single Family (1-4 Units):Site-Built,277352.0,235000.0,84.73,High Risk (>80%)
5023956,CA,Los Angeles   ,Single Family (1-4 Units):Site-Built,980721.0,585000.0,59.65,Standard Risk (<=80%)
5023964,CA,Alameda    ,Single Family (1-4 Units):Site-Built,2155937.0,365000.0,16.93,Standard Risk (<=80%)
5021369,TX,Travis    ,Single Family (1-4 Units):Site-Built,651303.0,325000.0,49.9,Standard Risk (<=80%)
5021405,CT,Tolland    ,Single Family (1-4 Units):Site-Built,232759.0,135000.0,58.0,Standard Risk (<=80%)
5021409,CA,San Diego   ,Single Family (1-4 Units):Site-Built,855305.0,545000.0,63.72,Standard Risk (<=80%)
5021418,NJ,Cumberland    ,Single Family (1-4 Units):Site-Built,210026.0,75000.0,35.71,Standard Risk (<=80%)
5021420,CA,Los Angeles   ,Single Family (1-4 Units):Site-Built,895017.0,555000.0,62.01,Standard Risk (<=80%)
5021437,CA,San Diego   ,Single Family (1-4 Units):Site-Built,512446.0,175000.0,34.15,Standard Risk (<=80%)
5021511,CA,Los Angeles   ,Single Family (1-4 Units):Site-Built,1275420.0,715000.0,56.06,Standard Risk (<=80%)
5021625,TX,Travis    ,Single Family (1-4 Units):Site-Built,298612.0,215000.0,72.0,Standard Risk (<=80%)
5021631,ID,Twin Falls   ,Single Family (1-4 Units):Site-Built,338325.0,235000.0,69.46,Standard Risk (<=80%)
5021642,IL,Kane    ,Single Family (1-4 Units):Site-Built,250000.0,175000.0,70.0,Standard Risk (<=80%)
5021662,NJ,Middlesex    ,Single Family (1-4 Units):Site-Built,458334.0,275000.0,60.0,Standard Risk (<=80%)
5021688,GA,DeKalb    ,Single Family (1-4 Units):Site-Built,295455.0,65000.0,22.0,Standard Risk (<=80%)
5021709,IL,Woodford    ,Single Family (1-4 Units):Site-Built,327778.0,295000.0,90.0,High Risk (>80%)
5021722,CA,San Diego   ,Single Family (1-4 Units):Site-Built,780803.0,545000.0,69.8,Standard Risk (<=80%)
5021836,IL,Winnebago    ,Single Family (1-4 Units):Site-Built,65005.0,55000.0,84.61,High Risk (>80%)
5021915,NY,Kings    ,Single Family (1-4 Units):Site-Built,1199276.0,795000.0,66.29,Standard Risk (<=80%)
5021949,GA,Cobb    ,Single Family (1-4 Units):Site-Built,401223.0,315000.0,78.51,Standard Risk (<=80%)
5021961,IA,Johnson    ,Single Family (1-4 Units):Site-Built,631250.0,505000.0,80.0,Standard Risk (<=80%)
5021965,IL,Cook    ,Single Family (1-4 Units):Site-Built,227569.0,175000.0,76.9,Standard Risk (<=80%)
5021998,MD,Carroll    ,Single Family (1-4 Units):Site-Built,304548.0,225000.0,73.88,Standard Risk (<=80%)
5022038,MD,Montgomery    ,Single Family (1-4 Units):Site-Built,844092.0,425000.0,50.35,Standard Risk (<=80%)
5022045,CA,Solano    ,Single Family (1-4 Units):Site-Built,612196.0,505000.0,82.49,High Risk (>80%)
5022054,AR,Garland    ,Single Family (1-4 Units):Site-Built,224829.0,115000.0,51.15,Standard Risk (<=80%)
5022114,TX,Montgomery    ,Single Family (1-4 Units):Site-Built,318750.0,255000.0,80.0,Standard Risk (<=80%)
5022133,AZ,Maricopa    ,Single Family (1-4 Units):Site-Built,415471.0,275000.0,66.19,Standard Risk (<=80%)
5022142,VA,Washington    ,Single Family (1-4 Units):Site-Built,468422.0,445000.0,95.0,High Risk (>80%)
5022145,TN,Davidson    ,Single Family (1-4 Units):Site-Built,214307.0,145000.0,67.66,Standard Risk (<=80%)
5022277,FL,Putnam    ,Single Family (1-4 Units):Site-Built,291110.0,185000.0,63.55,Standard Risk (<=80%)
5022285,NV,Clark    ,Single Family (1-4 Units):Site-Built,351563.0,225000.0,64.0,Standard Risk (<=80%)
5022308,GA,Walton    ,Single Family (1-4 Units):Site-Built,233045.0,145000.0,62.22,Standard Risk (<=80%)
5022316,NY,Erie    ,Single Family (1-4 Units):Site-Built,210014.0,125000.0,59.52,Standard Risk (<=80%)
5022332,OH,Portage    ,Single Family (1-4 Units):Site-Built,175000.0,105000.0,60.0,Standard Risk (<=80%)
5022355,TX,Harris    ,Single Family (1-4 Units):Site-Built,681250.0,545000.0,80.0,Standard Risk (<=80%)
5022402,AZ,Pinal    ,Single Family (1-4 Units):Site-Built,447369.0,255000.0,57.0,Standard Risk (<=80%)
5022472,CA,Los Angeles   ,Single Family (1-4 Units):Site-Built,850126.0,405000.0,47.64,Standard Risk (<=80%)
5022481,NH,Hillsborough    ,Single Family (1-4 Units):Site-Built,277493.0,135000.0,48.65,Standard Risk (<=80%)
5022490,WA,Spokane    ,Single Family (1-4 Units):Site-Built,225487.0,175000.0,77.61,Standard Risk (<=80%)
5022498,CO,Larimer    ,Single Family (1-4 Units):Site-Built,480770.0,275000.0,57.2,Standard Risk (<=80%)
5022526,OH,Stark    ,Single Family (1-4 Units):Site-Built,284091.0,125000.0,44.0,Standard Risk (<=80%)
5022558,MI,Oakland    ,Single Family (1-4 Units):Site-Built,406250.0,325000.0,80.0,Standard Risk (<=80%)
5022583,GA,Telfair    ,Single Family (1-4 Units):Site-Built,318513.0,245000.0,76.92,Standard Risk (<=80%)
5022590,WA,Spokane    ,Single Family (1-4 Units):Site-Built,910915.0,545000.0,59.83,Standard Risk (<=80%)
5022617,GA,Madison    ,Single Family (1-4 Units):Site-Built,225657.0,165000.0,73.12,Standard Risk (<=80%)
5022622,IA,Polk    ,Single Family (1-4 Units):Site-Built,131250.0,105000.0,80.0,Standard Risk (<=80%)
5022633,NM,Bernalillo    ,Single Family (1-4 Units):Site-Built,206667.0,155000.0,75.0,Standard Risk (<=80%)
5022666,MI,Ottawa    ,Single Family (1-4 Units):Site-Built,218750.0,105000.0,48.0,Standard Risk (<=80%)
5022678,LA,Jefferson Parish   ,Single Family (1-4 Units):Site-Built,644203.0,195000.0,30.27,Standard Risk (<=80%)
5022694,MI,Wayne    ,Single Family (1-4 Units):Site-Built,149485.0,145000.0,97.0,High Risk (>80%)
5022703,LA,Ascension Parish   ,Single Family (1-4 Units):Site-Built,208668.0,65000.0,31.15,Standard Risk (<=80%)
5022711,SC,Aiken    ,Single Family (1-4 Units):Site-Built,322484.0,215000.0,66.67,Standard Risk (<=80%)
5022731,FL,Miami-Dade,Single Family (1-4 Units):Site-Built,230062.0,75000.0,32.6,Standard Risk (<=80%)
5022743,GA,Haralson    ,Single Family (1-4 Units):Site-Built,216982.0,115000.0,53.0,Standard Risk (<=80%)
5022768,CA,Humboldt    ,Single Family (1-4 Units):Site-Built,426707.0,255000.0,59.76,Standard Risk (<=80%)
5022772,TN,Davidson    ,Single Family (1-4 Units):Site-Built,234940.0,195000.0,83.0,High Risk (>80%)
5022790,MI,Oakland    ,Single Family (1-4 Units):Site-Built,230658.0,175000.0,75.87,Standard Risk (<=80%)
5022796,TX,Van Zandt   ,Single Family (1-4 Units):Site-Built,642362.0,185000.0,28.8,Standard Risk (<=80%)
5022848,FL,Okaloosa    ,Single Family (1-4 Units):Site-Built,243869.0,175000.0,71.76,Standard Risk (<=80%)
5022893,CA,Los Angeles   ,Single Family (1-4 Units):Site-Built,577406.0,345000.0,59.75,Standard Risk (<=80%)
5022896,AZ,Pima    ,Single Family (1-4 Units):Site-Built,307143.0,215000.0,70.0,Standard Risk (<=80%)
5022938,FL,Lee    ,Single Family (1-4 Units):Site-Built,242294.0,235000.0,96.99,High Risk (>80%)
5022961,FL,Volusia    ,Single Family (1-4 Units):Site-Built,243750.0,195000.0,80.0,Standard Risk (<=80%)
5023012,WA,Clark    ,Single Family (1-4 Units):Site-Built,433569.0,295000.0,68.04,Standard Risk (<=80%)
5023020,CA,San Luis Obispo  ,Single Family (1-4 Units):Site-Built,750000.0,675000.0,90.0,High Risk (>80%)
5023036,GA,Effingham    ,Single Family (1-4 Units):Site-Built,207814.0,175000.0,84.21,High Risk (>80%)
5023044,TN,Davidson    ,Single Family (1-4 Units):Site-Built,368927.0,265000.0,71.83,Standard Risk (<=80%)
5023066,AZ,Maricopa    ,Single Family (1-4 Units):Site-Built,287557.0,165000.0,57.38,Standard Risk (<=80%)
5023097,CA,Sacramento    ,Single Family (1-4 Units):Site-Built,446970.0,295000.0,66.0,Standard Risk (<=80%)
5023104,CA,Contra Costa   ,Single Family (1-4 Units):Site-Built,390000.0,195000.0,50.0,Standard Risk (<=80%)
5023107,TX,Collin    ,Single Family (1-4 Units):Site-Built,636843.0,605000.0,95.0,High Risk (>80%)
5023175,CA,Contra Costa   ,Single Family (1-4 Units):Site-Built,939011.0,505000.0,53.78,Standard Risk (<=80%)
5023180,TX,Harris    ,Single Family (1-4 Units):Site-Built,247431.0,195000.0,78.81,Standard Risk (<=80%)
5023187,MI,Kalkaska    ,Single Family (1-4 Units):Site-Built,193299.0,135000.0,69.84,Standard Risk (<=80%)
5023190,AZ,Maricopa    ,Single Family (1-4 Units):Site-Built,348309.0,245000.0,70.34,Standard Risk (<=80%)
5023283,IL,Kendall    ,Single Family (1-4 Units):Site-Built,398029.0,315000.0,79.14,Standard Risk (<=80%)
5023293,KY,Jefferson    ,Single Family (1-4 Units):Site-Built,280674.0,175000.0,62.35,Standard Risk (<=80%)
5023329,CO,Arapahoe    ,Single Family (1-4 Units):Site-Built,449682.0,395000.0,87.84,High Risk (>80%)
5023374,CA,San Bernardino   ,Single Family (1-4 Units):Site-Built,694971.0,275000.0,39.57,Standard Risk (<=80%)
5023387,FL,Duval    ,Single Family (1-4 Units):Site-Built,283784.0,105000.0,37.0,Standard Risk (<=80%)
5023395,NY,Yates    ,Single Family (1-4 Units):Site-Built,240631.0,165000.0,68.57,Standard Risk (<=80%)
5023423,TN,Knox    ,Single Family (1-4 Units):Site-Built,353334.0,265000.0,75.0,Standard Risk (<=80%)
5023433,TX,Williamson    ,Single Family (1-4 Units):Site-Built,555828.0,455000.0,81.86,High Risk (>80%)
5023444,CA,Alameda    ,Single Family (1-4 Units):Site-Built,1755693.0,825000.0,46.99,Standard Risk (<=80%)
5023454,TX,Smith    ,Single Family (1-4 Units):Site-Built,193750.0,155000.0,80.0,Standard Risk (<=80%)
5023468,TX,Tarrant    ,Single Family (1-4 Units):Site-Built,292019.0,225000.0,77.05,Standard Risk (<=80%)
5023493,IN,Hancock    ,Single Family (1-4 Units):Site-Built,306250.0,245000.0,80.0,Standard Risk (<=80%)
5023499,MI,Macomb    ,Single Family (1-4 Units):Site-Built,366701.0,285000.0,77.72,Standard Risk (<=80%)
5023506,TX,Collin    ,Single Family (1-4 Units):Site-Built,568750.0,455000.0,80.0,Standard Risk (<=80%)
5023523,AZ,Maricopa    ,Single Family (1-4 Units):Site-Built,247229.0,165000.0,66.74,Standard Risk (<=80%)
5023566,UT,Utah    ,Single Family (1-4 Units):Site-Built,572832.0,385000.0,67.21,Standard Risk (<=80%)
5023621,PA,Delaware    ,Single Family (1-4 Units):Site-Built,143460.0,85000.0,59.25,Standard Risk (<=80%)
5023627,MA,Plymouth    ,Single Family (1-4 Units):Site-Built,650186.0,455000.0,69.98,Standard Risk (<=80%)
5023635,AR,Searcy    ,Single Family (1-4 Units):Site-Built,176471.0,135000.0,76.5,Standard Risk (<=80%)
5023637,MN,Ramsey    ,Single Family (1-4 Units):Site-Built,236843.0,225000.0,95.0,High Risk (>80%)
5023663,CA,Riverside    ,Single Family (1-4 Units):Site-Built,701924.0,365000.0,52.0,Standard Risk (<=80%)
5023669,FL,Orange    ,Single Family (1-4 Units):Site-Built,563064.0,475000.0,84.36,High Risk (>80%)
5023678,CA,San Bernardino   ,Single Family (1-4 Units):Site-Built,411555.0,265000.0,64.39,Standard Risk (<=80%)
5023709,CA,Los Angeles   ,Single Family (1-4 Units):Site-Built,384258.0,165000.0,42.94,Standard Risk (<=80%)
5023720,NH,Hillsborough    ,Single Family (1-4 Units):Site-Built,435484.0,135000.0,31.0,Standard Risk (<=80%)
5023723,AL,Clay    ,Single Family (1-4 Units):Site-Built,93750.0,75000.0,80.0,Standard Risk (<=80%)
5023748,NV,Clark    ,Single Family (1-4 Units):Site-Built,459046.0,255000.0,55.55,Standard Risk (<=80%)
5023774,WA,Kitsap    ,Single Family (1-4 Units):Site-Built,386655.0,175000.0,45.26,Standard Risk (<=80%)
5023805,CA,Alameda    ,Single Family (1-4 Units):Site-Built,752632.0,715000.0,95.0,High Risk (>80%)
5023808,TX,Harris    ,Single Family (1-4 Units):Site-Built,190910.0,105000.0,55.0,Standard Risk (<=80%)
5023817,SC,York    ,Single Family (1-4 Units):Site-Built,211896.0,145000.0,68.43,Standard Risk (<=80%)
5023856,NY,Westchester    ,Single Family (1-4 Units):Site-Built,654807.0,265000.0,40.47,Standard Risk (<=80%)
5023860,FL,Pinellas    ,Single Family (1-4 Units):Site-Built,153334.0,115000.0,75.0,Standard Risk (<=80%)
5023872,MO,Franklin    ,Single Family (1-4 Units):Site-Built,273772.0,205000.0,74.88,Standard Risk (<=80%)
5023876,VA,Chesterfield    ,Single Family (1-4 Units):Site-Built,308334.0,185000.0,60.0,Standard Risk (<=80%)
5023894,IL,Cook    ,Single Family (1-4 Units):Site-Built,232887.0,165000.0,70.85,Standard Risk (<=80%)
5023913,CA,Los Angeles   ,Single Family (1-4 Units):Site-Built,849356.0,455000.0,53.57,Standard Risk (<=80%)
5023917,PA,Montgomery    ,Single Family (1-4 Units):Site-Built,724359.0,565000.0,78.0,Standard Risk (<=80%)
5023946,CA,Sonoma    ,Single Family (1-4 Units):Site-Built,273334.0,205000.0,75.0,Standard Risk (<=80%)
5023950,HI,Honolulu    ,Single Family (1-4 Units):Site-Built,851711.0,645000.0,75.73,Standard Risk (<=80%)
5023971,PA,Delaware    ,Single Family (1-4 Units):Site-Built,330770.0,215000.0,65.0,Standard Risk (<=80%)
5024003,WA,Pierce    ,Single Family (1-4 Units):Site-Built,513334.0,385000.0,75.0,Standard Risk (<=80%)
5021364,CA,Lake    ,Single Family (1-4 Units):Site-Built,500067.0,375000.0,74.99,Standard Risk (<=80%)
5021381,CA,Ventura    ,Single Family (1-4 Units):Site-Built,864826.0,595000.0,68.8,Standard Risk (<=80%)
5021400,UT,Utah    ,Single Family (1-4 Units):Site-Built,440948.0,255000.0,57.83,Standard Risk (<=80%)
5021412,GA,Camden    ,Single Family (1-4 Units):Site-Built,184211.0,175000.0,95.0,High Risk (>80%)
5021422,MN,Ramsey    ,Single Family (1-4 Units):Site-Built,391907.0,215000.0,54.86,Standard Risk (<=80%)
5021455,CA,Fresno    ,Single Family (1-4 Units):Site-Built,660889.0,305000.0,46.15,Standard Risk (<=80%)
5021465,TN,Bradley    ,Single Family (1-4 Units):Site-Built,140000.0,105000.0,75.0,Standard Risk (<=80%)
5021488,CA,San Joaquin   ,Single Family (1-4 Units):Site-Built,495281.0,425000.0,85.81,High Risk (>80%)
5021493,AZ,Maricopa    ,Single Family (1-4 Units):Site-Built,460569.0,285000.0,61.88,Standard Risk (<=80%)
5021516,CA,Contra Costa   ,Single Family (1-4 Units):Site-Built,1057214.0,595000.0,56.28,Standard Risk (<=80%)
5021558,TX,Fort Bend   ,Single Family (1-4 Units):Site-Built,447369.0,425000.0,95.0,High Risk (>80%)
5021573,SC,Charleston    ,Single Family (1-4 Units):Site-Built,447416.0,425000.0,94.99,High Risk (>80%)
5021586,CA,Fresno    ,Single Family (1-4 Units):Site-Built,609313.0,335000.0,54.98,Standard Risk (<=80%)
5021603,VA,Henrico    ,Single Family (1-4 Units):Site-Built,578858.0,305000.0,52.69,Standard Risk (<=80%)
5021636,TX,Collin    ,Single Family (1-4 Units):Site-Built,358768.0,205000.0,57.14,Standard Risk (<=80%)
5021679,UT,Washington    ,Single Family (1-4 Units):Site-Built,778572.0,545000.0,70.0,Standard Risk (<=80%)
5021708,OR,Yamhill    ,Single Family (1-4 Units):Site-Built,406929.0,195000.0,47.92,Standard Risk (<=80%)
5021720,ME,Penobscot    ,Single Family (1-4 Units):Site-Built,162006.0,95000.0,58.64,Standard Risk (<=80%)
5021727,MN,Hennepin    ,Single Family (1-4 Units):Site-Built,323695.0,225000.0,69.51,Standard Risk (<=80%)
5021749,FL,Broward    ,Single Family (1-4 Units):Site-Built,337678.0,285000.0,84.4,High Risk (>80%)
5021758,GA,Glynn    ,Single Family (1-4 Units):Site-Built,310527.0,295000.0,95.0,High Risk (>80%)
5021763,CA,Sacramento    ,Single Family (1-4 Units):Site-Built,309461.0,245000.0,79.17,Standard Risk (<=80%)
5021768,PA,Luzerne    ,Single Family (1-4 Units):Site-Built,165218.0,95000.0,57.5,Standard Risk (<=80%)
5021777,NJ,Passaic    ,Single Family (1-4 Units):Site-Built,455358.0,255000.0,56.0,Standard Risk (<=80%)
5021832,WA,Pierce    ,Single Family (1-4 Units):Site-Built,409677.0,105000.0,25.63,Standard Risk (<=80%)
5021835,AZ,Yavapai    ,Single Family (1-4 Units):Site-Built,306250.0,245000.0,80.0,Standard Risk (<=80%)
5021848,GA,Bartow    ,Single Family (1-4 Units):Site-Built,324586.0,235000.0,72.4,Standard Risk (<=80%)
5021854,TX,Rusk    ,Single Family (1-4 Units):Site-Built,270271.0,175000.0,64.75,Standard Risk (<=80%)
5021857,OH,Lucas    ,Single Family (1-4 Units):Site-Built,594191.0,405000.0,68.16,Standard Risk (<=80%)
5021887,CA,San Luis Obispo  ,Single Family (1-4 Units):Site-Built,832866.0,445000.0,53.43,Standard Risk (<=80%)
5021891,CA,Riverside    ,Single Family (1-4 Units):Site-Built,547819.0,295000.0,53.85,Standard Risk (<=80%)
5021899,NC,Chatham    ,Single Family (1-4 Units):Site-Built,145570.0,115000.0,79.0,Standard Risk (<=80%)
5021902,FL,Volusia    ,Single Family (1-4 Units):Site-Built,210000.0,105000.0,50.0,Standard Risk (<=80%)
5021933,AZ,Maricopa    ,Single Family (1-4 Units):Site-Built,647730.0,415000.0,64.07,Standard Risk (<=80%)
5021946,NJ,Bergen    ,Single Family (1-4 Units):Site-Built,643853.0,365000.0,56.69,Standard Risk (<=80%)
5021955,TX,Bell    ,Single Family (1-4 Units):Site-Built,166667.0,125000.0,75.0,Standard Risk (<=80%)
5022003,FL,Seminole    ,Single Family (1-4 Units):Site-Built,284936.0,115000.0,40.36,Standard Risk (<=80%)
5022069,IL,St. Clair   ,Single Family (1-4 Units):Site-Built,104065.0,85000.0,81.68,High Risk (>80%)
5022081,WA,King    ,Single Family (1-4 Units):Site-Built,972372.0,725000.0,74.56,Standard Risk (<=80%)
5022112,CO,El Paso   ,Single Family (1-4 Units):Site-Built,468422.0,445000.0,95.0,High Risk (>80%)
5022118,ID,Blaine    ,Single Family (1-4 Units):Site-Built,2200933.0,425000.0,19.31,Standard Risk (<=80%)
5022146,WA,Cowlitz    ,Single Family (1-4 Units):Site-Built,450000.0,315000.0,70.0,Standard Risk (<=80%)
5022151,NY,Rensselaer    ,Single Family (1-4 Units):Site-Built,233321.0,185000.0,79.29,Standard Risk (<=80%)
5022154,AZ,Maricopa    ,Single Family (1-4 Units):Site-Built,865080.0,545000.0,63.0,Standard Risk (<=80%)
5022161,CA,Los Angeles   ,Single Family (1-4 Units):Site-Built,565115.0,335000.0,59.28,Standard Risk (<=80%)
5022171,OH,Summit    ,Single Family (1-4 Units):Site-Built,350451.0,245000.0,69.91,Standard Risk (<=80%)
5022176,WA,Snohomish    ,Single Family (1-4 Units):Site-Built,767086.0,495000.0,64.53,Standard Risk (<=80%)
5022209,NC,Wake    ,Single Family (1-4 Units):Site-Built,486677.0,305000.0,62.67,Standard Risk (<=80%)
5022211,CA,San Luis Obispo  ,Single Family (1-4 Units):Site-Built,945379.0,405000.0,42.84,Standard Risk (<=80%)
5022222,VA,Pittsylvania    ,Single Family (1-4 Units):Site-Built,293750.0,235000.0,80.0,Standard Risk (<=80%)
5022226,MO,Jefferson    ,Single Family (1-4 Units):Site-Built,176709.0,105000.0,59.42,Standard Risk (<=80%)
5022244,NJ,Mercer    ,Single Family (1-4 Units):Site-Built,543038.0,335000.0,61.69,Standard Risk (<=80%)
5022251,VA,Shenandoah    ,Single Family (1-4 Units):Site-Built,326070.0,205000.0,62.87,Standard Risk (<=80%)
5022264,MA,Norfolk    ,Single Family (1-4 Units):Site-Built,771074.0,515000.0,66.79,Standard Risk (<=80%)
5022295,CA,Orange    ,Single Family (1-4 Units):Site-Built,720078.0,595000.0,82.63,High Risk (>80%)
5022327,VA,Richmond city   ,Single Family (1-4 Units):Site-Built,1459671.0,755000.0,51.72,Standard Risk (<=80%)
5022337,MO,St. Charles   ,Single Family (1-4 Units):Site-Built,265896.0,115000.0,43.25,Standard Risk (<=80%)
5022340,FL,Palm Beach   ,Single Family (1-4 Units):Site-Built,390364.0,175000.0,44.83,Standard Risk (<=80%)
5022379,PA,Allegheny    ,Single Family (1-4 Units):Site-Built,226166.0,195000.0,86.22,High Risk (>80%)
5022391,CA,Contra Costa   ,Single Family (1-4 Units):Site-Built,947059.0,805000.0,85.0,High Risk (>80%)
5022420,TX,Kaufman    ,Single Family (1-4 Units):Site-Built,441662.0,335000.0,75.85,Standard Risk (<=80%)
5022428,NC,Wake    ,Single Family (1-4 Units):Site-Built,404762.0,255000.0,63.0,Standard Risk (<=80%)
5022434,CA,Sacramento    ,Single Family (1-4 Units):Site-Built,495595.0,225000.0,45.4,Standard Risk (<=80%)
5022442,MS,Hancock    ,Single Family (1-4 Units):Site-Built,144908.0,105000.0,72.46,Standard Risk (<=80%)
5022475,FL,Miami-Dade,Single Family (1-4 Units):Site-Built,358031.0,245000.0,68.43,Standard Risk (<=80%)
5022484,CA,Los Angeles   ,Single Family (1-4 Units):Site-Built,546827.0,355000.0,64.92,Standard Risk (<=80%)
5022518,CA,Sacramento    ,Single Family (1-4 Units):Site-Built,406894.0,255000.0,62.67,Standard Risk (<=80%)
5022529,GA,Gwinnett    ,Single Family (1-4 Units):Site-Built,311563.0,135000.0,43.33,Standard Risk (<=80%)
5022540,NC,Wake    ,Single Family (1-4 Units):Site-Built,610000.0,305000.0,50.0,Standard Risk (<=80%)
5022554,CA,Tulare    ,Single Family (1-4 Units):Site-Built,268422.0,255000.0,95.0,High Risk (>80%)
5022638,TX,Dallas    ,Single Family (1-4 Units):Site-Built,1756250.0,1405000.0,80.0,Standard Risk (<=80%)
5022697,MN,Becker    ,Single Family (1-4 Units):Site-Built,361527.0,215000.0,59.47,Standard Risk (<=80%)
5022704,FL,Osceola    ,Single Family (1-4 Units):Site-Built,275288.0,175000.0,63.57,Standard Risk (<=80%)
5022725,PA,Bucks    ,Single Family (1-4 Units):Site-Built,330358.0,185000.0,56.0,Standard Risk (<=80%)
5022802,WA,Pierce    ,Single Family (1-4 Units):Site-Built,325962.0,255000.0,78.23,Standard Risk (<=80%)
5022829,OH,Franklin    ,Single Family (1-4 Units):Site-Built,220914.0,135000.0,61.11,Standard Risk (<=80%)
5022841,KS,Finney    ,Single Family (1-4 Units):Site-Built,222973.0,165000.0,74.0,Standard Risk (<=80%)
5022874,IN,Lake    ,Single Family (1-4 Units):Site-Built,305361.0,135000.0,44.21,Standard Risk (<=80%)
5022902,PA,Westmoreland    ,Single Family (1-4 Units):Site-Built,328771.0,305000.0,92.77,High Risk (>80%)
5022924,FL,Pasco    ,Single Family (1-4 Units):Site-Built,256250.0,205000.0,80.0,Standard Risk (<=80%)
5022935,MS,DeSoto    ,Single Family (1-4 Units):Site-Built,172258.0,95000.0,55.15,Standard Risk (<=80%)
5022943,KY,Jefferson    ,Single Family (1-4 Units):Site-Built,258414.0,215000.0,83.2,High Risk (>80%)
5022994,WA,King    ,Single Family (1-4 Units):Site-Built,686667.0,515000.0,75.0,Standard Risk (<=80%)
5023031,MN,Rice    ,Single Family (1-4 Units):Site-Built,134616.0,105000.0,78.0,Standard Risk (<=80%)
5023071,UT,Salt Lake   ,Single Family (1-4 Units):Site-Built,493731.0,315000.0,63.8,Standard Risk (<=80%)
5023093,HI,Honolulu    ,Single Family (1-4 Units):Site-Built,521546.0,305000.0,58.48,Standard Risk (<=80%)
5023142,VA,Gloucester    ,Single Family (1-4 Units):Site-Built,273562.0,155000.0,56.66,Standard Risk (<=80%)
5023159,NV,Washoe    ,Single Family (1-4 Units):Site-Built,412315.0,225000.0,54.57,Standard Risk (<=80%)
5023207,VT,Windham    ,Single Family (1-4 Units):Site-Built,217057.0,155000.0,71.41,Standard Risk (<=80%)
5023221,TX,Denton    ,Single Family (1-4 Units):Site-Built,296216.0,245000.0,82.71,High Risk (>80%)
5023223,IL,Lake    ,Single Family (1-4 Units):Site-Built,690719.0,605000.0,87.59,High Risk (>80%)
5023247,CA,Placer    ,Single Family (1-4 Units):Site-Built,660912.0,245000.0,37.07,Standard Risk (<=80%)
5023274,IL,Madison    ,Single Family (1-4 Units):Site-Built,115005.0,85000.0,73.91,Standard Risk (<=80%)
5023291,MN,Hennepin    ,Single Family (1-4 Units):Site-Built,1246489.0,355000.0,28.48,Standard Risk (<=80%)
5023342,NV,Clark    ,Single Family (1-4 Units):Site-Built,106758.0,85000.0,79.62,Standard Risk (<=80%)
5023356,MI,Oakland    ,Single Family (1-4 Units):Site-Built,365666.0,285000.0,77.94,Standard Risk (<=80%)
5023366,TN,Wilson    ,Single Family (1-4 Units):Site-Built,345826.0,215000.0,62.17,Standard Risk (<=80%)
5023367,NV,Clark    ,Single Family (1-4 Units):Site-Built,292135.0,195000.0,66.75,Standard Risk (<=80%)
5023384,AZ,Maricopa    ,Single Family (1-4 Units):Site-Built,420000.0,105000.0,25.0,Standard Risk (<=80%)
5023403,MD,Carroll    ,Single Family (1-4 Units):Site-Built,360282.0,205000.0,56.9,Standard Risk (<=80%)
5023464,FL,Orange    ,Single Family (1-4 Units):Site-Built,184216.0,95000.0,51.57,Standard Risk (<=80%)
5023553,VA,Fauquier    ,Single Family (1-4 Units):Site-Built,415044.0,245000.0,59.03,Standard Risk (<=80%)
5023591,TX,Comal    ,Single Family (1-4 Units):Site-Built,318750.0,255000.0,80.0,Standard Risk (<=80%)
5023598,IL,Cook    ,Single Family (1-4 Units):Site-Built,354387.0,225000.0,63.49,Standard Risk (<=80%)
5023633,OR,Washington    ,Single Family (1-4 Units):Site-Built,909192.0,575000.0,63.24,Standard Risk (<=80%)
5023653,GA,Oconee    ,Single Family (1-4 Units):Site-Built,357547.0,285000.0,79.71,Standard Risk (<=80%)
5023655,AZ,Gila    ,Single Family (1-4 Units):Site-Built,214286.0,135000.0,63.0,Standard Risk (<=80%)
5023665,IA,Kossuth    ,Single Family (1-4 Units):Site-Built,150151.0,115000.0,76.59,Standard Risk (<=80%)
5023712,NJ,Burlington    ,Single Family (1-4 Units):Site-Built,208334.0,125000.0,60.0,Standard Risk (<=80%)
5023719,CA,Marin    ,Single Family (1-4 Units):Site-Built,991667.0,595000.0,60.0,Standard Risk (<=80%)
5023726,VA,Fairfax    ,Single Family (1-4 Units):Site-Built,906708.0,415000.0,45.77,Standard Risk (<=80%)
5023730,CA,Orange    ,Single Family (1-4 Units):Site-Built,1576087.0,725000.0,46.0,Standard Risk (<=80%)
5023735,NC,Gaston    ,Single Family (1-4 Units):Site-Built,160955.0,85000.0,52.81,Standard Risk (<=80%)
5023827,TX,Hidalgo    ,Single Family (1-4 Units):Site-Built,243422.0,185000.0,76.0,Standard Risk (<=80%)
5023870,CA,Riverside    ,Single Family (1-4 Units):Site-Built,500000.0,105000.0,21.0,Standard Risk (<=80%)
5023884,TX,Harris    ,Single Family (1-4 Units):Site-Built,208334.0,125000.0,60.0,Standard Risk (<=80%)
5023897,MO,St. Louis   ,Single Family (1-4 Units):Site-Built,544944.0,485000.0,89.0,High Risk (>80%)
5023906,FL,Lee    ,Single Family (1-4 Units):Site-Built,230314.0,105000.0,45.59,Standard Risk (<=80%)
5023960,PA,Lancaster    ,Single Family (1-4 Units):Site-Built,250000.0,165000.0,66.0,Standard Risk (<=80%)
5023975,MN,Dakota    ,Single Family (1-4 Units):Site-Built,350752.0,245000.0,69.85,Standard Risk (<=80%)
5023989,CA,Sacramento    ,Single Family (1-4 Units):Site-Built,316056.0,175000.0,55.37,Standard Risk (<=80%)
5024019,GA,Glynn    ,Single Family (1-4 Units):Site-Built,682276.0,475000.0,69.62,Standard Risk (<=80%)
5021371,CA,Fresno    ,Single Family (1-4 Units):Site-Built,1257713.0,265000.0,21.07,Standard Risk (<=80%)
5021372,NC,Yadkin    ,Single Family (1-4 Units):Site-Built,368750.0,295000.0,80.0,Standard Risk (<=80%)
5021374,IL,Will    ,Single Family (1-4 Units):Site-Built,241133.0,155000.0,64.28,Standard Risk (<=80%)
5021376,TN,Marshall    ,Single Family (1-4 Units):Site-Built,300896.0,205000.0,68.13,Standard Risk (<=80%)
5021384,GA,Fulton    ,Single Family (1-4 Units):Site-Built,449589.0,235000.0,52.27,Standard Risk (<=80%)
5021416,CA,Ventura    ,Single Family (1-4 Units):Site-Built,902986.0,605000.0,67.0,Standard Risk (<=80%)
5021431,WA,Chelan    ,Single Family (1-4 Units):Site-Built,355595.0,205000.0,57.65,Standard Risk (<=80%)
5021444,UT,Davis    ,Single Family (1-4 Units):Site-Built,408334.0,245000.0,60.0,Standard Risk (<=80%)
5021468,OH,Lorain    ,Single Family (1-4 Units):Site-Built,100000.0,95000.0,95.0,High Risk (>80%)
5021484,WI,Waukesha    ,Single Family (1-4 Units):Site-Built,279662.0,165000.0,59.0,Standard Risk (<=80%)
5021492,NJ,Middlesex    ,Single Family (1-4 Units):Site-Built,343750.0,275000.0,80.0,Standard Risk (<=80%)
5021505,TX,Dallas    ,Single Family (1-4 Units):Site-Built,276616.0,205000.0,74.11,Standard Risk (<=80%)
5021540,PA,Susquehanna    ,Single Family (1-4 Units):Site-Built,156250.0,125000.0,80.0,Standard Risk (<=80%)
5021554,MO,St. Louis   ,Single Family (1-4 Units):Site-Built,119102.0,105000.0,88.16,High Risk (>80%)
5021561,CA,Orange    ,Single Family (1-4 Units):Site-Built,1571842.0,815000.0,51.85,Standard Risk (<=80%)
5021568,OR,Jackson    ,Single Family (1-4 Units):Site-Built,297670.0,175000.0,58.79,Standard Risk (<=80%)
5021606,OH,Medina    ,Single Family (1-4 Units):Site-Built,397750.0,205000.0,51.54,Standard Risk (<=80%)
5021621,MD,Anne Arundel   ,Single Family (1-4 Units):Site-Built,549451.0,365000.0,66.43,Standard Risk (<=80%)
5021630,NC,Rowan    ,Single Family (1-4 Units):Site-Built,210145.0,145000.0,69.0,Standard Risk (<=80%)
5021638,FL,Volusia    ,Single Family (1-4 Units):Site-Built,279414.0,185000.0,66.21,Standard Risk (<=80%)
5021652,CA,Orange    ,Single Family (1-4 Units):Site-Built,694118.0,295000.0,42.5,Standard Risk (<=80%)
5021663,PA,Montgomery    ,Single Family (1-4 Units):Site-Built,453760.0,315000.0,69.42,Standard Risk (<=80%)
5021676,GA,Paulding    ,Single Family (1-4 Units):Site-Built,175189.0,135000.0,77.06,Standard Risk (<=80%)
5021702,SC,Horry    ,Single Family (1-4 Units):Site-Built,782622.0,535000.0,68.36,Standard Risk (<=80%)
5021737,FL,Miami-Dade,Single Family (1-4 Units):Site-Built,646667.0,485000.0,75.0,Standard Risk (<=80%)
5021740,AZ,Maricopa    ,Single Family (1-4 Units):Site-Built,791305.0,605000.0,76.46,Standard Risk (<=80%)
5021754,NH,Merrimack    ,Single Family (1-4 Units):Site-Built,321429.0,225000.0,70.0,Standard Risk (<=80%)
5021827,CA,Riverside    ,Single Family (1-4 Units):Site-Built,564755.0,515000.0,91.19,High Risk (>80%)
5021852,AL,Jefferson    ,Single Family (1-4 Units):Site-Built,281250.0,225000.0,80.0,Standard Risk (<=80%)
5021874,CA,Riverside    ,Single Family (1-4 Units):Site-Built,518019.0,345000.0,66.6,Standard Risk (<=80%)
5021881,TX,Travis    ,Single Family (1-4 Units):Site-Built,815648.0,515000.0,63.14,Standard Risk (<=80%)
5021888,GA,Clayton    ,Single Family (1-4 Units):Site-Built,246396.0,135000.0,54.79,Standard Risk (<=80%)
5021923,PA,Bedford    ,Single Family (1-4 Units):Site-Built,110002.0,65000.0,59.09,Standard Risk (<=80%)
5021983,AZ,Maricopa    ,Single Family (1-4 Units):Site-Built,472223.0,425000.0,90.0,High Risk (>80%)
5021987,VA,Prince William   ,Single Family (1-4 Units):Site-Built,552632.0,525000.0,95.0,High Risk (>80%)
5022011,CA,Orange    ,Single Family (1-4 Units):Site-Built,937113.0,605000.0,64.56,Standard Risk (<=80%)
5022012,CA,San Diego   ,Single Family (1-4 Units):Site-Built,529148.0,295000.0,55.75,Standard Risk (<=80%)
5022015,AZ,Maricopa    ,Single Family (1-4 Units):Site-Built,508334.0,305000.0,60.0,Standard Risk (<=80%)
5022063,CA,Riverside    ,Single Family (1-4 Units):Site-Built,737289.0,435000.0,59.0,Standard Risk (<=80%)
5022071,AR,Independence    ,Single Family (1-4 Units):Site-Built,97455.0,85000.0,87.22,High Risk (>80%)
5022079,MI,Oakland    ,Single Family (1-4 Units):Site-Built,170000.0,85000.0,50.0,Standard Risk (<=80%)
5022093,NC,Forsyth    ,Single Family (1-4 Units):Site-Built,293750.0,235000.0,80.0,Standard Risk (<=80%)
5022094,NM,San Juan   ,Single Family (1-4 Units):Site-Built,434535.0,305000.0,70.19,Standard Risk (<=80%)
5022099,IN,Marion    ,Single Family (1-4 Units):Site-Built,427778.0,385000.0,90.0,High Risk (>80%)
5022130,CA,San Bernardino   ,Single Family (1-4 Units):Site-Built,369904.0,235000.0,63.53,Standard Risk (<=80%)
5022131,OR,Deschutes    ,Single Family (1-4 Units):Site-Built,500000.0,235000.0,47.0,Standard Risk (<=80%)
5022138,PA,York    ,Single Family (1-4 Units):Site-Built,337160.0,235000.0,69.7,Standard Risk (<=80%)
5022157,CA,San Diego   ,Single Family (1-4 Units):Site-Built,750000.0,525000.0,70.0,Standard Risk (<=80%)
5022217,VA,Chesterfield    ,Single Family (1-4 Units):Site-Built,313376.0,235000.0,74.99,Standard Risk (<=80%)
5022349,NV,Clark    ,Single Family (1-4 Units):Site-Built,338236.0,115000.0,34.0,Standard Risk (<=80%)
5022423,NE,Douglas    ,Single Family (1-4 Units):Site-Built,400407.0,315000.0,78.67,Standard Risk (<=80%)
5022462,AZ,Pinal    ,Single Family (1-4 Units):Site-Built,464913.0,265000.0,57.0,Standard Risk (<=80%)
5022494,FL,Volusia    ,Single Family (1-4 Units):Site-Built,256223.0,175000.0,68.3,Standard Risk (<=80%)
5022521,MN,Washington    ,Single Family (1-4 Units):Site-Built,279969.0,245000.0,87.51,High Risk (>80%)
5022548,TX,Brazoria    ,Single Family (1-4 Units):Site-Built,291667.0,175000.0,60.0,Standard Risk (<=80%)
5022568,IN,St. Joseph   ,Single Family (1-4 Units):Site-Built,129199.0,55000.0,42.57,Standard Risk (<=80%)
5022573,CA,Riverside    ,Single Family (1-4 Units):Site-Built,501498.0,335000.0,66.8,Standard Risk (<=80%)
5022578,CO,Adams    ,Single Family (1-4 Units):Site-Built,794118.0,675000.0,85.0,High Risk (>80%)
5022604,NC,Wake    ,Single Family (1-4 Units):Site-Built,404739.0,205000.0,50.65,Standard Risk (<=80%)
5022625,FL,St. Lucie   ,Single Family (1-4 Units):Site-Built,330621.0,195000.0,58.98,Standard Risk (<=80%)
5022643,OH,Butler    ,Single Family (1-4 Units):Site-Built,106250.0,85000.0,80.0,Standard Risk (<=80%)
5022644,CA,San Diego   ,Single Family (1-4 Units):Site-Built,690460.0,385000.0,55.76,Standard Risk (<=80%)
5022671,NV,Clark    ,Single Family (1-4 Units):Site-Built,486667.0,365000.0,75.0,Standard Risk (<=80%)
5022701,FL,Pasco    ,Single Family (1-4 Units):Site-Built,241489.0,205000.0,84.89,High Risk (>80%)
5022714,NH,Belknap    ,Single Family (1-4 Units):Site-Built,356250.0,285000.0,80.0,Standard Risk (<=80%)
5022753,CA,Santa Clara   ,Single Family (1-4 Units):Site-Built,955883.0,325000.0,34.0,Standard Risk (<=80%)
5022770,AZ,Cochise    ,Single Family (1-4 Units):Site-Built,246032.0,155000.0,63.0,Standard Risk (<=80%)
5022777,OH,Williams    ,Single Family (1-4 Units):Site-Built,456250.0,365000.0,80.0,Standard Risk (<=80%)
5022856,OR,Washington    ,Single Family (1-4 Units):Site-Built,420803.0,195000.0,46.34,Standard Risk (<=80%)
5022875,CA,Los Angeles   ,Single Family (1-4 Units):Site-Built,625000.0,335000.0,53.6,Standard Risk (<=80%)
5022948,CA,Sacramento    ,Single Family (1-4 Units):Site-Built,356250.0,285000.0,80.0,Standard Risk (<=80%)
5022970,CA,Los Angeles   ,Single Family (1-4 Units):Site-Built,700094.0,525000.0,74.99,Standard Risk (<=80%)
5022991,NM,Colfax    ,Single Family (1-4 Units):Site-Built,236274.0,105000.0,44.44,Standard Risk (<=80%)
5023010,VT,Franklin    ,Single Family (1-4 Units):Site-Built,291667.0,175000.0,60.0,Standard Risk (<=80%)
5023057,ME,Penobscot    ,Single Family (1-4 Units):Site-Built,223975.0,125000.0,55.81,Standard Risk (<=80%)
5023062,PA,Dauphin    ,Single Family (1-4 Units):Site-Built,219550.0,115000.0,52.38,Standard Risk (<=80%)
5023084,PA,Philadelphia    ,Single Family (1-4 Units):Site-Built,246667.0,185000.0,75.0,Standard Risk (<=80%)
5023111,AZ,Maricopa    ,Single Family (1-4 Units):Site-Built,422414.0,245000.0,58.0,Standard Risk (<=80%)
5023117,AZ,Maricopa    ,Single Family (1-4 Units):Site-Built,650776.0,445000.0,68.38,Standard Risk (<=80%)
5023148,CA,Los Angeles   ,Single Family (1-4 Units):Site-Built,371363.0,305000.0,82.13,High Risk (>80%)
5023191,UT,Davis    ,Single Family (1-4 Units):Site-Built,432007.0,345000.0,79.86,Standard Risk (<=80%)
5023199,TX,Brazoria    ,Single Family (1-4 Units):Site-Built,306250.0,245000.0,80.0,Standard Risk (<=80%)
5023206,IL,Will    ,Single Family (1-4 Units):Site-Built,547059.0,465000.0,85.0,High Risk (>80%)
5023243,VA,Loudoun    ,Single Family (1-4 Units):Site-Built,850092.0,465000.0,54.7,Standard Risk (<=80%)
5023255,KY,Fayette    ,Single Family (1-4 Units):Site-Built,456533.0,355000.0,77.76,Standard Risk (<=80%)
5023415,FL,St. Lucie   ,Single Family (1-4 Units):Site-Built,419344.0,235000.0,56.04,Standard Risk (<=80%)
5023438,MA,Hampshire    ,Single Family (1-4 Units):Site-Built,345589.0,235000.0,68.0,Standard Risk (<=80%)
5023517,NY,Erie    ,Single Family (1-4 Units):Site-Built,339253.0,235000.0,69.27,Standard Risk (<=80%)
5023524,NY,Westchester    ,Single Family (1-4 Units):Site-Built,293463.0,145000.0,49.41,Standard Risk (<=80%)
5023534,TX,El Paso   ,Single Family (1-4 Units):Site-Built,154050.0,105000.0,68.16,Standard Risk (<=80%)
5023540,WI,Waupaca    ,Single Family (1-4 Units):Site-Built,343250.0,195000.0,56.81,Standard Risk (<=80%)
5023602,CT,Litchfield    ,Single Family (1-4 Units):Site-Built,417389.0,265000.0,63.49,Standard Risk (<=80%)
5023610,MD,Prince George   ,Single Family (1-4 Units):Site-Built,672474.0,525000.0,78.07,Standard Risk (<=80%)
5023696,RI,Kent    ,Single Family (1-4 Units):Site-Built,219739.0,175000.0,79.64,Standard Risk (<=80%)
5023757,TX,Tarrant    ,Single Family (1-4 Units):Site-Built,258135.0,215000.0,83.29,High Risk (>80%)
5023792,FL,Escambia    ,Single Family (1-4 Units):Site-Built,172132.0,105000.0,61.0,Standard Risk (<=80%)
5023902,NV,Clark    ,Single Family (1-4 Units):Site-Built,715787.0,545000.0,76.14,Standard Risk (<=80%)
5023919,CA,Los Angeles   ,Single Family (1-4 Units):Site-Built,713334.0,535000.0,75.0,Standard Risk (<=80%)
5023935,CA,Riverside    ,Single Family (1-4 Units):Site-Built,830816.0,385000.0,46.34,Standard Risk (<=80%)
5023967,OH,Shelby    ,Single Family (1-4 Units):Site-Built,177431.0,125000.0,70.45,Standard Risk (<=80%)
5023992,OR,Tillamook    ,Single Family (1-4 Units):Site-Built,305677.0,105000.0,34.35,Standard Risk (<=80%)
5024017,TX,Dallas    ,Single Family (1-4 Units):Site-Built,681250.0,545000.0,80.0,Standard Risk (<=80%)
5021519,CA,San Bernardino   ,Single Family (1-4 Units):Site-Built,641863.0,295000.0,45.96,Standard Risk (<=80%)
5021526,PA,Philadelphia    ,Single Family (1-4 Units):Site-Built,239131.0,165000.0,69.0,Standard Risk (<=80%)
5021530,MS,Holmes    ,Single Family (1-4 Units):Site-Built,157516.0,105000.0,66.66,Standard Risk (<=80%)
5021542,NM,Santa Fe   ,Single Family (1-4 Units):Site-Built,335052.0,325000.0,97.0,High Risk (>80%)
5021545,ID,Ada    ,Single Family (1-4 Units):Site-Built,372826.0,135000.0,36.21,Standard Risk (<=80%)
5021555,SD,Pennington    ,Single Family (1-4 Units):Site-Built,266001.0,165000.0,62.03,Standard Risk (<=80%)
5021591,FL,Nassau    ,Single Family (1-4 Units):Site-Built,1206821.0,545000.0,45.16,Standard Risk (<=80%)
5021617,FL,Palm Beach   ,Single Family (1-4 Units):Site-Built,397778.0,315000.0,79.19,Standard Risk (<=80%)
5021667,CA,Los Angeles   ,Single Family (1-4 Units):Site-Built,958832.0,545000.0,56.84,Standard Risk (<=80%)
5021684,TX,Smith    ,Single Family (1-4 Units):Site-Built,402375.0,305000.0,75.8,Standard Risk (<=80%)
5021697,AZ,Maricopa    ,Single Family (1-4 Units):Site-Built,252578.0,245000.0,97.0,High Risk (>80%)
5021803,NY,Monroe    ,Single Family (1-4 Units):Site-Built,178600.0,115000.0,64.39,Standard Risk (<=80%)
5021808,CA,Santa Clara   ,Single Family (1-4 Units):Site-Built,1046667.0,785000.0,75.0,Standard Risk (<=80%)
5021910,KY,Madison    ,Single Family (1-4 Units):Site-Built,239030.0,195000.0,81.58,High Risk (>80%)
5021920,ID,Elmore    ,Single Family (1-4 Units):Site-Built,651741.0,425000.0,65.21,Standard Risk (<=80%)
5021944,MA,Worcester    ,Single Family (1-4 Units):Site-Built,356250.0,285000.0,80.0,Standard Risk (<=80%)
5022075,NY,Madison    ,Single Family (1-4 Units):Site-Built,131579.0,125000.0,95.0,High Risk (>80%)
5022107,WA,Clark    ,Single Family (1-4 Units):Site-Built,552666.0,255000.0,46.14,Standard Risk (<=80%)
5022185,WI,Dane    ,Single Family (1-4 Units):Site-Built,393334.0,295000.0,75.0,Standard Risk (<=80%)
5022195,WA,Snohomish    ,Single Family (1-4 Units):Site-Built,680918.0,395000.0,58.01,Standard Risk (<=80%)
5022199,NC,Rowan    ,Single Family (1-4 Units):Site-Built,408057.0,235000.0,57.59,Standard Risk (<=80%)
5022229,WI,Milwaukee    ,Single Family (1-4 Units):Site-Built,159794.0,155000.0,97.0,High Risk (>80%)
5022234,WA,King    ,Single Family (1-4 Units):Site-Built,449359.0,315000.0,70.1,Standard Risk (<=80%)
5022239,AL,Jefferson    ,Single Family (1-4 Units):Site-Built,331664.0,245000.0,73.87,Standard Risk (<=80%)
5022246,NY,Nassau    ,Single Family (1-4 Units):Site-Built,492399.0,285000.0,57.88,Standard Risk (<=80%)
5022288,NC,Wake    ,Single Family (1-4 Units):Site-Built,443917.0,355000.0,79.97,Standard Risk (<=80%)
5022304,GA,Carroll    ,Single Family (1-4 Units):Site-Built,315385.0,205000.0,65.0,Standard Risk (<=80%)
5022334,MI,Ingham    ,Single Family (1-4 Units):Site-Built,560980.0,385000.0,68.63,Standard Risk (<=80%)
5022335,MI,Wayne    ,Single Family (1-4 Units):Site-Built,159794.0,155000.0,97.0,High Risk (>80%)
5022368,WA,Kittitas    ,Single Family (1-4 Units):Site-Built,354154.0,165000.0,46.59,Standard Risk (<=80%)
5022396,CA,San Joaquin   ,Single Family (1-4 Units):Site-Built,273334.0,205000.0,75.0,Standard Risk (<=80%)
5022414,TN,Hamilton    ,Single Family (1-4 Units):Site-Built,205005.0,145000.0,70.73,Standard Risk (<=80%)
5022421,CA,Santa Clara   ,Single Family (1-4 Units):Site-Built,609414.0,325000.0,53.33,Standard Risk (<=80%)
5022507,FL,Pasco    ,Single Family (1-4 Units):Site-Built,451756.0,265000.0,58.66,Standard Risk (<=80%)
5022514,IN,Boone    ,Single Family (1-4 Units):Site-Built,818750.0,655000.0,80.0,Standard Risk (<=80%)
5022549,CA,Los Angeles   ,Single Family (1-4 Units):Site-Built,826924.0,645000.0,78.0,Standard Risk (<=80%)
5022584,VA,Spotsylvania    ,Single Family (1-4 Units):Site-Built,370102.0,255000.0,68.9,Standard Risk (<=80%)
5022601,MN,Sibley    ,Single Family (1-4 Units):Site-Built,199228.0,165000.0,82.82,High Risk (>80%)
5022677,WA,Grant    ,Single Family (1-4 Units):Site-Built,419012.0,335000.0,79.95,Standard Risk (<=80%)
5022692,VA,Fairfax    ,Single Family (1-4 Units):Site-Built,1181250.0,945000.0,80.0,Standard Risk (<=80%)
5022719,ND,Cass    ,Single Family (1-4 Units):Site-Built,373939.0,295000.0,78.89,Standard Risk (<=80%)
5022733,MI,Macomb    ,Single Family (1-4 Units):Site-Built,305829.0,255000.0,83.38,High Risk (>80%)
5022748,GA,Murray    ,Single Family (1-4 Units):Site-Built,197081.0,135000.0,68.5,Standard Risk (<=80%)
5022797,WA,King    ,Single Family (1-4 Units):Site-Built,1016667.0,305000.0,30.0,Standard Risk (<=80%)
5022809,MI,Macomb    ,Single Family (1-4 Units):Site-Built,367224.0,255000.0,69.44,Standard Risk (<=80%)
5022819,DC,District of Columbia  ,Single Family (1-4 Units):Site-Built,714703.0,245000.0,34.28,Standard Risk (<=80%)
5022832,FL,Pinellas    ,Single Family (1-4 Units):Site-Built,235850.0,125000.0,53.0,Standard Risk (<=80%)
5022868,GA,Chatham    ,Single Family (1-4 Units):Site-Built,122162.0,85000.0,69.58,Standard Risk (<=80%)
5022887,GA,DeKalb    ,Single Family (1-4 Units):Site-Built,171233.0,125000.0,73.0,Standard Risk (<=80%)
5022911,TX,Smith    ,Single Family (1-4 Units):Site-Built,294713.0,175000.0,59.38,Standard Risk (<=80%)
5022926,WA,Spokane    ,Single Family (1-4 Units):Site-Built,315014.0,235000.0,74.6,Standard Risk (<=80%)
5022931,CA,San Diego   ,Single Family (1-4 Units):Site-Built,448052.0,345000.0,77.0,Standard Risk (<=80%)
5022954,CT,Fairfield    ,Single Family (1-4 Units):Site-Built,334723.0,265000.0,79.17,Standard Risk (<=80%)
5022955,NC,Clay    ,Single Family (1-4 Units):Site-Built,289474.0,275000.0,95.0,High Risk (>80%)
5022980,NV,Lyon    ,Single Family (1-4 Units):Site-Built,388889.0,175000.0,45.0,Standard Risk (<=80%)
5022986,AZ,Maricopa    ,Single Family (1-4 Units):Site-Built,353607.0,225000.0,63.63,Standard Risk (<=80%)
5023018,MI,Macomb    ,Single Family (1-4 Units):Site-Built,455664.0,315000.0,69.13,Standard Risk (<=80%)
5023025,NY,Rensselaer    ,Single Family (1-4 Units):Site-Built,350000.0,245000.0,70.0,Standard Risk (<=80%)
5023064,MO,Cape Girardeau   ,Single Family (1-4 Units):Site-Built,171112.0,145000.0,84.74,High Risk (>80%)
5023072,GA,Cobb    ,Single Family (1-4 Units):Site-Built,558886.0,345000.0,61.73,Standard Risk (<=80%)
5023079,TN,Davidson    ,Single Family (1-4 Units):Site-Built,275000.0,165000.0,60.0,Standard Risk (<=80%)
5023090,CA,Los Angeles   ,Single Family (1-4 Units):Site-Built,666329.0,525000.0,78.79,Standard Risk (<=80%)
5023196,TN,Rutherford    ,Single Family (1-4 Units):Site-Built,250000.0,165000.0,66.0,Standard Risk (<=80%)
5023216,CA,Kings    ,Single Family (1-4 Units):Site-Built,457607.0,265000.0,57.91,Standard Risk (<=80%)
5023224,PA,Berks    ,Single Family (1-4 Units):Site-Built,118973.0,75000.0,63.04,Standard Risk (<=80%)
5023231,CA,Riverside    ,Single Family (1-4 Units):Site-Built,732759.0,425000.0,58.0,Standard Risk (<=80%)
5023234,CO,Mesa    ,Single Family (1-4 Units):Site-Built,316078.0,185000.0,58.53,Standard Risk (<=80%)
5023249,NJ,Atlantic    ,Single Family (1-4 Units):Site-Built,378572.0,265000.0,70.0,Standard Risk (<=80%)
5023259,IA,Dallas    ,Single Family (1-4 Units):Site-Built,280423.0,215000.0,76.67,Standard Risk (<=80%)
5023261,SC,Richland    ,Single Family (1-4 Units):Site-Built,301471.0,205000.0,68.0,Standard Risk (<=80%)
5023308,CA,Sonoma    ,Single Family (1-4 Units):Site-Built,948203.0,335000.0,35.33,Standard Risk (<=80%)
5023313,NY,Putnam    ,Single Family (1-4 Units):Site-Built,314103.0,245000.0,78.0,Standard Risk (<=80%)
5023330,MD,Cecil    ,Single Family (1-4 Units):Site-Built,193245.0,115000.0,59.51,Standard Risk (<=80%)
5023347,LA,Jefferson Parish   ,Single Family (1-4 Units):Site-Built,232096.0,105000.0,45.24,Standard Risk (<=80%)
5023352,GA,Newton    ,Single Family (1-4 Units):Site-Built,357143.0,225000.0,63.0,Standard Risk (<=80%)
5023358,CA,Santa Clara   ,Single Family (1-4 Units):Site-Built,887280.0,625000.0,70.44,Standard Risk (<=80%)
5023377,CA,Marin    ,Single Family (1-4 Units):Site-Built,1801538.0,1165000.0,64.67,Standard Risk (<=80%)
5023411,CO,Jefferson    ,Single Family (1-4 Units):Site-Built,572491.0,385000.0,67.25,Standard Risk (<=80%)
5023417,PA,Westmoreland    ,Single Family (1-4 Units):Site-Built,131250.0,105000.0,80.0,Standard Risk (<=80%)
5023462,MD,Anne Arundel   ,Single Family (1-4 Units):Site-Built,348464.0,195000.0,55.96,Standard Risk (<=80%)
5023469,ME,Cumberland    ,Single Family (1-4 Units):Site-Built,307531.0,205000.0,66.66,Standard Risk (<=80%)
5023496,AZ,Maricopa    ,Single Family (1-4 Units):Site-Built,569418.0,445000.0,78.15,Standard Risk (<=80%)
5023507,NC,Mecklenburg    ,Single Family (1-4 Units):Site-Built,358768.0,205000.0,57.14,Standard Risk (<=80%)
5023570,DE,Sussex    ,Single Family (1-4 Units):Site-Built,145834.0,105000.0,72.0,Standard Risk (<=80%)
5023579,UT,Salt Lake   ,Single Family (1-4 Units):Site-Built,432057.0,255000.0,59.02,Standard Risk (<=80%)
5023581,CA,Sonoma    ,Single Family (1-4 Units):Site-Built,862279.0,355000.0,41.17,Standard Risk (<=80%)
5023587,MI,Livingston    ,Single Family (1-4 Units):Site-Built,312668.0,175000.0,55.97,Standard Risk (<=80%)
5023644,TX,Harris    ,Single Family (1-4 Units):Site-Built,403035.0,255000.0,63.27,Standard Risk (<=80%)
5023692,NC,Sampson    ,Single Family (1-4 Units):Site-Built,436843.0,415000.0,95.0,High Risk (>80%)
5023705,NE,Lincoln    ,Single Family (1-4 Units):Site-Built,462026.0,365000.0,79.0,Standard Risk (<=80%)
5023717,IN,Kosciusko    ,Single Family (1-4 Units):Site-Built,180064.0,125000.0,69.42,Standard Risk (<=80%)
5023782,FL,Orange    ,Single Family (1-4 Units):Site-Built,454196.0,295000.0,64.95,Standard Risk (<=80%)
5023787,TX,Tarrant    ,Single Family (1-4 Units):Site-Built,447369.0,425000.0,95.0,High Risk (>80%)
5023835,NJ,Hudson    ,Single Family (1-4 Units):Site-Built,180413.0,175000.0,97.0,High Risk (>80%)
5023882,CA,Riverside    ,Single Family (1-4 Units):Site-Built,620000.0,465000.0,75.0,Standard Risk (<=80%)
5023883,CA,El Dorado   ,Single Family (1-4 Units):Site-Built,704611.0,515000.0,73.09,Standard Risk (<=80%)
5023920,CA,San Bernardino   ,Single Family (1-4 Units):Site-Built,605264.0,345000.0,57.0,Standard Risk (<=80%)
5021391,CA,Kern    ,Single Family (1-4 Units):Site-Built,160016.0,85000.0,53.12,Standard Risk (<=80%)
5021406,OH,Gallia    ,Single Family (1-4 Units):Site-Built,135153.0,105000.0,77.69,Standard Risk (<=80%)
5021456,CA,Orange    ,Single Family (1-4 Units):Site-Built,750000.0,495000.0,66.0,Standard Risk (<=80%)
5021499,NC,Carteret    ,Single Family (1-4 Units):Site-Built,648446.0,465000.0,71.71,Standard Risk (<=80%)
5021515,CA,Riverside    ,Single Family (1-4 Units):Site-Built,364407.0,215000.0,59.0,Standard Risk (<=80%)
5021550,CA,San Diego   ,Single Family (1-4 Units):Site-Built,906951.0,655000.0,72.22,Standard Risk (<=80%)
5021562,VA,Newport News city  ,Single Family (1-4 Units):Site-Built,212329.0,155000.0,73.0,Standard Risk (<=80%)
5021566,CA,Riverside    ,Single Family (1-4 Units):Site-Built,430962.0,255000.0,59.17,Standard Risk (<=80%)
5021610,WA,Thurston    ,Single Family (1-4 Units):Site-Built,363360.0,215000.0,59.17,Standard Risk (<=80%)
5021665,CA,Los Angeles   ,Single Family (1-4 Units):Site-Built,704509.0,525000.0,74.52,Standard Risk (<=80%)
5021725,AZ,Maricopa    ,Single Family (1-4 Units):Site-Built,333171.0,205000.0,61.53,Standard Risk (<=80%)
5021731,CA,Alameda    ,Single Family (1-4 Units):Site-Built,935715.0,655000.0,70.0,Standard Risk (<=80%)
5021742,MI,Macomb    ,Single Family (1-4 Units):Site-Built,461039.0,355000.0,77.0,Standard Risk (<=80%)
5021782,NC,Guilford    ,Single Family (1-4 Units):Site-Built,624078.0,465000.0,74.51,Standard Risk (<=80%)
5021796,CT,New London   ,Single Family (1-4 Units):Site-Built,208015.0,95000.0,45.67,Standard Risk (<=80%)
5021804,FL,St. Johns   ,Single Family (1-4 Units):Site-Built,331250.0,265000.0,80.0,Standard Risk (<=80%)
5021819,CA,Monterey    ,Single Family (1-4 Units):Site-Built,758334.0,455000.0,60.0,Standard Risk (<=80%)
5021866,FL,Brevard    ,Single Family (1-4 Units):Site-Built,343596.0,125000.0,36.38,Standard Risk (<=80%)
5021879,CA,Orange    ,Single Family (1-4 Units):Site-Built,3187500.0,255000.0,8.0,Standard Risk (<=80%)
5021912,MO,Putnam    ,Single Family (1-4 Units):Site-Built,97939.0,95000.0,97.0,High Risk (>80%)
5021950,FL,Hillsborough    ,Single Family (1-4 Units):Site-Built,418750.0,335000.0,80.0,Standard Risk (<=80%)
5021957,NY,Orange    ,Single Family (1-4 Units):Site-Built,398331.0,315000.0,79.08,Standard Risk (<=80%)
5021970,AZ,Maricopa    ,Single Family (1-4 Units):Site-Built,482457.0,275000.0,57.0,Standard Risk (<=80%)
5021974,OH,Summit    ,Single Family (1-4 Units):Site-Built,262527.0,175000.0,66.66,Standard Risk (<=80%)
5022028,MD,Montgomery    ,Single Family (1-4 Units):Site-Built,651834.0,375000.0,57.53,Standard Risk (<=80%)
5022033,VA,Henrico    ,Single Family (1-4 Units):Site-Built,286201.0,185000.0,64.64,Standard Risk (<=80%)
5022058,GA,Hall    ,Single Family (1-4 Units):Site-Built,601852.0,325000.0,54.0,Standard Risk (<=80%)
5022181,PA,Philadelphia    ,Single Family (1-4 Units):Site-Built,200000.0,135000.0,67.5,Standard Risk (<=80%)
5022189,SC,Lexington    ,Single Family (1-4 Units):Site-Built,231250.0,185000.0,80.0,Standard Risk (<=80%)
5022256,FL,Miami-Dade,Single Family (1-4 Units):Site-Built,460000.0,345000.0,75.0,Standard Risk (<=80%)
5022283,OR,Jackson    ,Single Family (1-4 Units):Site-Built,481250.0,385000.0,80.0,Standard Risk (<=80%)
5022296,NY,Queens    ,Single Family (1-4 Units):Site-Built,525757.0,445000.0,84.64,High Risk (>80%)
5022347,CA,Santa Clara   ,Single Family (1-4 Units):Site-Built,984644.0,545000.0,55.35,Standard Risk (<=80%)
5022357,VA,Colonial Heights city  ,Single Family (1-4 Units):Site-Built,263074.0,165000.0,62.72,Standard Risk (<=80%)
5022374,CA,Orange    ,Single Family (1-4 Units):Site-Built,386647.0,205000.0,53.02,Standard Risk (<=80%)
5022383,MO,Jackson    ,Single Family (1-4 Units):Site-Built,181250.0,145000.0,80.0,Standard Risk (<=80%)
5022418,CT,Fairfield    ,Single Family (1-4 Units):Site-Built,263336.0,195000.0,74.05,Standard Risk (<=80%)
5022448,CA,Los Angeles   ,Single Family (1-4 Units):Site-Built,419275.0,335000.0,79.9,Standard Risk (<=80%)
5022450,MA,Middlesex    ,Single Family (1-4 Units):Site-Built,543126.0,335000.0,61.68,Standard Risk (<=80%)
5022456,TN,Knox    ,Single Family (1-4 Units):Site-Built,250000.0,125000.0,50.0,Standard Risk (<=80%)
5022502,FL,Manatee    ,Single Family (1-4 Units):Site-Built,68422.0,65000.0,95.0,High Risk (>80%)
5022538,FL,Bay    ,Single Family (1-4 Units):Site-Built,355711.0,275000.0,77.31,Standard Risk (<=80%)
5022544,NC,Wake    ,Single Family (1-4 Units):Site-Built,493845.0,345000.0,69.86,Standard Risk (<=80%)
5022557,CA,Orange    ,Single Family (1-4 Units):Site-Built,817648.0,695000.0,85.0,High Risk (>80%)
5022582,MI,Kent    ,Single Family (1-4 Units):Site-Built,323530.0,165000.0,51.0,Standard Risk (<=80%)
5022629,CA,Los Angeles   ,Single Family (1-4 Units):Site-Built,625000.0,375000.0,60.0,Standard Risk (<=80%)
5022672,CA,San Diego   ,Single Family (1-4 Units):Site-Built,753522.0,535000.0,71.0,Standard Risk (<=80%)
5022709,TX,Tarrant    ,Single Family (1-4 Units):Site-Built,447369.0,255000.0,57.0,Standard Risk (<=80%)
5022742,GA,Columbia    ,Single Family (1-4 Units):Site-Built,199506.0,105000.0,52.63,Standard Risk (<=80%)
5022762,AZ,Maricopa    ,Single Family (1-4 Units):Site-Built,253367.0,175000.0,69.07,Standard Risk (<=80%)
5022781,NJ,Ocean    ,Single Family (1-4 Units):Site-Built,500000.0,375000.0,75.0,Standard Risk (<=80%)
5022794,PA,Beaver    ,Single Family (1-4 Units):Site-Built,205556.0,185000.0,90.0,High Risk (>80%)
5022807,WI,Kewaunee    ,Single Family (1-4 Units):Site-Built,308539.0,275000.0,89.13,High Risk (>80%)
5022816,FL,Lee    ,Single Family (1-4 Units):Site-Built,306040.0,225000.0,73.52,Standard Risk (<=80%)
5022823,CA,San Mateo   ,Single Family (1-4 Units):Site-Built,3413323.0,825000.0,24.17,Standard Risk (<=80%)
5022834,CA,Stanislaus    ,Single Family (1-4 Units):Site-Built,422891.0,235000.0,55.57,Standard Risk (<=80%)
5022838,CA,Sonoma    ,Single Family (1-4 Units):Site-Built,685967.0,545000.0,79.45,Standard Risk (<=80%)
5022847,AZ,Maricopa    ,Single Family (1-4 Units):Site-Built,654401.0,345000.0,52.72,Standard Risk (<=80%)
5022858,TX,Fort Bend   ,Single Family (1-4 Units):Site-Built,718583.0,215000.0,29.92,Standard Risk (<=80%)
5022879,ME,Cumberland    ,Single Family (1-4 Units):Site-Built,250000.0,115000.0,46.0,Standard Risk (<=80%)
5022907,MD,Frederick    ,Single Family (1-4 Units):Site-Built,521053.0,495000.0,95.0,High Risk (>80%)
5022914,CA,San Bernardino   ,Single Family (1-4 Units):Site-Built,448132.0,235000.0,52.44,Standard Risk (<=80%)
5022919,RI,Providence    ,Single Family (1-4 Units):Site-Built,326283.0,145000.0,44.44,Standard Risk (<=80%)
5022958,MN,Hennepin    ,Single Family (1-4 Units):Site-Built,500367.0,205000.0,40.97,Standard Risk (<=80%)
5022960,MD,Montgomery    ,Single Family (1-4 Units):Site-Built,446667.0,335000.0,75.0,Standard Risk (<=80%)
5022997,NY,Clinton    ,Single Family (1-4 Units):Site-Built,382353.0,325000.0,85.0,High Risk (>80%)
5023001,WA,Pierce    ,Single Family (1-4 Units):Site-Built,453721.0,175000.0,38.57,Standard Risk (<=80%)
5023050,CA,Contra Costa   ,Single Family (1-4 Units):Site-Built,840416.0,445000.0,52.95,Standard Risk (<=80%)
5023060,AR,Sebastian    ,Single Family (1-4 Units):Site-Built,468750.0,375000.0,80.0,Standard Risk (<=80%)
5023126,CO,Larimer    ,Single Family (1-4 Units):Site-Built,666137.0,335000.0,50.29,Standard Risk (<=80%)
5023164,CA,Stanislaus    ,Single Family (1-4 Units):Site-Built,304102.0,215000.0,70.7,Standard Risk (<=80%)
5023205,NY,Erie    ,Single Family (1-4 Units):Site-Built,253763.0,145000.0,57.14,Standard Risk (<=80%)
5023238,NY,Cayuga    ,Single Family (1-4 Units):Site-Built,126667.0,95000.0,75.0,Standard Risk (<=80%)
5023250,AZ,Maricopa    ,Single Family (1-4 Units):Site-Built,290299.0,275000.0,94.73,High Risk (>80%)
5023260,WA,Franklin    ,Single Family (1-4 Units):Site-Built,343750.0,275000.0,80.0,Standard Risk (<=80%)
5023265,MA,Middlesex    ,Single Family (1-4 Units):Site-Built,510008.0,265000.0,51.96,Standard Risk (<=80%)
5023280,NJ,Gloucester    ,Single Family (1-4 Units):Site-Built,413050.0,295000.0,71.42,Standard Risk (<=80%)
5023287,CA,Yuba    ,Single Family (1-4 Units):Site-Built,381815.0,215000.0,56.31,Standard Risk (<=80%)
5023319,CO,Denver    ,Single Family (1-4 Units):Site-Built,519061.0,305000.0,58.76,Standard Risk (<=80%)
5023333,LA,Tangipahoa Parish   ,Single Family (1-4 Units):Site-Built,256347.0,205000.0,79.97,Standard Risk (<=80%)
5023338,MD,Calvert    ,Single Family (1-4 Units):Site-Built,427711.0,355000.0,83.0,High Risk (>80%)
5023360,WA,King    ,Single Family (1-4 Units):Site-Built,507353.0,345000.0,68.0,Standard Risk (<=80%)
5023375,NV,Washoe    ,Single Family (1-4 Units):Site-Built,588026.0,165000.0,28.06,Standard Risk (<=80%)
5023404,GA,Union    ,Single Family (1-4 Units):Site-Built,840426.0,395000.0,47.0,Standard Risk (<=80%)
5023418,TX,Denton    ,Single Family (1-4 Units):Site-Built,390792.0,275000.0,70.37,Standard Risk (<=80%)
5023442,MI,Ingham    ,Single Family (1-4 Units):Site-Built,113577.0,65000.0,57.23,Standard Risk (<=80%)
5023449,CA,Yolo    ,Single Family (1-4 Units):Site-Built,420027.0,125000.0,29.76,Standard Risk (<=80%)
5023484,IL,Cook    ,Single Family (1-4 Units):Site-Built,226861.0,175000.0,77.14,Standard Risk (<=80%)
5023486,MO,Franklin    ,Single Family (1-4 Units):Site-Built,239418.0,125000.0,52.21,Standard Risk (<=80%)
5023503,CA,Los Angeles   ,Single Family (1-4 Units):Site-Built,660090.0,455000.0,68.93,Standard Risk (<=80%)
5023515,AR,Sebastian    ,Single Family (1-4 Units):Site-Built,354238.0,135000.0,38.11,Standard Risk (<=80%)
5023516,MI,Macomb    ,Single Family (1-4 Units):Site-Built,198930.0,145000.0,72.89,Standard Risk (<=80%)
5023525,CA,San Bernardino   ,Single Family (1-4 Units):Site-Built,252526.0,135000.0,53.46,Standard Risk (<=80%)
5023526,CA,San Diego   ,Single Family (1-4 Units):Site-Built,656168.0,525000.0,80.01,High Risk (>80%)
5023551,TX,Collin    ,Single Family (1-4 Units):Site-Built,443750.0,355000.0,80.0,Standard Risk (<=80%)
5023554,CA,San Diego   ,Single Family (1-4 Units):Site-Built,856250.0,685000.0,80.0,Standard Risk (<=80%)
5023565,NV,Clark    ,Single Family (1-4 Units):Site-Built,380297.0,105000.0,27.61,Standard Risk (<=80%)
5023574,TX,Lamar    ,Single Family (1-4 Units):Site-Built,239562.0,175000.0,73.05,Standard Risk (<=80%)
5023580,AZ,Maricopa    ,Single Family (1-4 Units):Site-Built,733961.0,445000.0,60.63,Standard Risk (<=80%)
5023619,TX,Collin    ,Single Family (1-4 Units):Site-Built,493890.0,295000.0,59.73,Standard Risk (<=80%)
5023622,AZ,Pinal    ,Single Family (1-4 Units):Site-Built,221745.0,165000.0,74.41,Standard Risk (<=80%)
5023708,TX,Dallas    ,Single Family (1-4 Units):Site-Built,917570.0,305000.0,33.24,Standard Risk (<=80%)
5023718,CA,Alameda    ,Single Family (1-4 Units):Site-Built,1223808.0,695000.0,56.79,Standard Risk (<=80%)
5023745,PA,Philadelphia    ,Single Family (1-4 Units):Site-Built,178572.0,125000.0,70.0,Standard Risk (<=80%)
5023753,NC,Gaston    ,Single Family (1-4 Units):Site-Built,181250.0,145000.0,80.0,Standard Risk (<=80%)
5023766,DE,Sussex    ,Single Family (1-4 Units):Site-Built,243056.0,175000.0,72.0,Standard Risk (<=80%)
5023777,MO,Clay    ,Single Family (1-4 Units):Site-Built,250000.0,205000.0,82.0,High Risk (>80%)
5023822,GA,Gwinnett    ,Single Family (1-4 Units):Site-Built,317884.0,155000.0,48.76,Standard Risk (<=80%)
5023843,NJ,Somerset    ,Single Family (1-4 Units):Site-Built,428185.0,395000.0,92.25,High Risk (>80%)
5023851,MN,Hennepin    ,Single Family (1-4 Units):Site-Built,431250.0,345000.0,80.0,Standard Risk (<=80%)
5023854,ID,Payette    ,Single Family (1-4 Units):Site-Built,317781.0,205000.0,64.51,Standard Risk (<=80%)
5023879,TN,Campbell    ,Single Family (1-4 Units):Site-Built,159034.0,75000.0,47.16,Standard Risk (<=80%)
5023880,MI,Oakland    ,Single Family (1-4 Units):Site-Built,603042.0,345000.0,57.21,Standard Risk (<=80%)
5023912,OH,Lucas    ,Single Family (1-4 Units):Site-Built,229426.0,155000.0,67.56,Standard Risk (<=80%)
5023924,CA,Alameda    ,Single Family (1-4 Units):Site-Built,808824.0,275000.0,34.0,Standard Risk (<=80%)
5023942,NC,Forsyth    ,Single Family (1-4 Units):Site-Built,186275.0,95000.0,51.0,Standard Risk (<=80%)
5023958,IL,Will    ,Single Family (1-4 Units):Site-Built,257353.0,175000.0,68.0,Standard Risk (<=80%)
5023976,OR,Multnomah    ,Single Family (1-4 Units):Site-Built,1267749.0,925000.0,72.96,Standard Risk (<=80%)
5024008,FL,Broward    ,Single Family (1-4 Units):Site-Built,630003.0,425000.0,67.46,Standard Risk (<=80%)
5021389,CA,Orange    ,Single Family (1-4 Units):Site-Built,550195.0,325000.0,59.07,Standard Risk (<=80%)
5021394,FL,Clay    ,Single Family (1-4 Units):Site-Built,350096.0,275000.0,78.55,Standard Risk (<=80%)
5021467,FL,Manatee    ,Single Family (1-4 Units):Site-Built,393334.0,295000.0,75.0,Standard Risk (<=80%)
5021487,MA,Essex    ,Single Family (1-4 Units):Site-Built,738889.0,665000.0,90.0,High Risk (>80%)
5021592,GA,DeKalb    ,Single Family (1-4 Units):Site-Built,633334.0,95000.0,15.0,Standard Risk (<=80%)
5021613,WV,Tucker    ,Single Family (1-4 Units):Site-Built,564089.0,415000.0,73.57,Standard Risk (<=80%)
5021647,CA,Los Angeles   ,Single Family (1-4 Units):Site-Built,698250.0,395000.0,56.57,Standard Risk (<=80%)
5021651,MD,Montgomery    ,Single Family (1-4 Units):Site-Built,514404.0,275000.0,53.46,Standard Risk (<=80%)
5021664,WA,Kitsap    ,Single Family (1-4 Units):Site-Built,327217.0,255000.0,77.93,Standard Risk (<=80%)
5021719,MI,Oakland    ,Single Family (1-4 Units):Site-Built,235715.0,165000.0,70.0,Standard Risk (<=80%)
5021753,AZ,Maricopa    ,Single Family (1-4 Units):Site-Built,558954.0,265000.0,47.41,Standard Risk (<=80%)
5021787,CA,San Diego   ,Single Family (1-4 Units):Site-Built,544567.0,435000.0,79.88,Standard Risk (<=80%)
5021844,FL,Hamilton    ,Single Family (1-4 Units):Site-Built,296611.0,175000.0,59.0,Standard Risk (<=80%)
5021847,TN,Shelby    ,Single Family (1-4 Units):Site-Built,306250.0,245000.0,80.0,Standard Risk (<=80%)
5021886,AZ,Maricopa    ,Single Family (1-4 Units):Site-Built,510034.0,305000.0,59.8,Standard Risk (<=80%)
5021925,CA,Solano    ,Single Family (1-4 Units):Site-Built,917687.0,825000.0,89.9,High Risk (>80%)
5021930,NJ,Burlington    ,Single Family (1-4 Units):Site-Built,321889.0,165000.0,51.26,Standard Risk (<=80%)
5021979,VA,Hampton city   ,Single Family (1-4 Units):Site-Built,264706.0,135000.0,51.0,Standard Risk (<=80%)
5021994,UT,Salt Lake   ,Single Family (1-4 Units):Site-Built,500000.0,375000.0,75.0,Standard Risk (<=80%)
5022007,NC,Wake    ,Single Family (1-4 Units):Site-Built,357183.0,325000.0,90.99,High Risk (>80%)
5022017,FL,Polk    ,Single Family (1-4 Units):Site-Built,238637.0,105000.0,44.0,Standard Risk (<=80%)
5022066,NJ,Gloucester    ,Single Family (1-4 Units):Site-Built,551662.0,425000.0,77.04,Standard Risk (<=80%)
5022084,CA,Alameda    ,Single Family (1-4 Units):Site-Built,884280.0,405000.0,45.8,Standard Risk (<=80%)
5022102,TN,Lewis    ,Single Family (1-4 Units):Site-Built,265152.0,175000.0,66.0,Standard Risk (<=80%)
5022103,NY,Putnam    ,Single Family (1-4 Units):Site-Built,668479.0,615000.0,92.0,High Risk (>80%)
5022125,AZ,Maricopa    ,Single Family (1-4 Units):Site-Built,266130.0,165000.0,62.0,Standard Risk (<=80%)
5022166,FL,Duval    ,Single Family (1-4 Units):Site-Built,403847.0,105000.0,26.0,Standard Risk (<=80%)
5022206,CA,Sonoma    ,Single Family (1-4 Units):Site-Built,789856.0,545000.0,69.0,Standard Risk (<=80%)
5022212,TX,Montgomery    ,Single Family (1-4 Units):Site-Built,354491.0,105000.0,29.62,Standard Risk (<=80%)
5022259,NJ,Monmouth    ,Single Family (1-4 Units):Site-Built,677857.0,105000.0,15.49,Standard Risk (<=80%)
5022269,WA,Pierce    ,Single Family (1-4 Units):Site-Built,276069.0,175000.0,63.39,Standard Risk (<=80%)
5022311,TX,Tarrant    ,Single Family (1-4 Units):Site-Built,647464.0,245000.0,37.84,Standard Risk (<=80%)
5022352,AZ,Maricopa    ,Single Family (1-4 Units):Site-Built,435035.0,75000.0,17.24,Standard Risk (<=80%)
5022363,CA,San Diego   ,Single Family (1-4 Units):Site-Built,554250.0,495000.0,89.31,High Risk (>80%)
5022372,TX,Travis    ,Single Family (1-4 Units):Site-Built,630823.0,325000.0,51.52,Standard Risk (<=80%)
5022422,NH,Sullivan    ,Single Family (1-4 Units):Site-Built,248586.0,145000.0,58.33,Standard Risk (<=80%)
5022432,PA,Bucks    ,Single Family (1-4 Units):Site-Built,304124.0,295000.0,97.0,High Risk (>80%)
5022467,MN,Carver    ,Single Family (1-4 Units):Site-Built,460000.0,345000.0,75.0,Standard Risk (<=80%)
5022468,ID,Bannock    ,Single Family (1-4 Units):Site-Built,431400.0,255000.0,59.11,Standard Risk (<=80%)
5022509,VA,Scott    ,Single Family (1-4 Units):Site-Built,158303.0,135000.0,85.28,High Risk (>80%)
5022565,MI,Wexford    ,Single Family (1-4 Units):Site-Built,222255.0,155000.0,69.74,Standard Risk (<=80%)
5022566,TX,Bexar    ,Single Family (1-4 Units):Site-Built,191571.0,105000.0,54.81,Standard Risk (<=80%)
5022586,TX,Galveston    ,Single Family (1-4 Units):Site-Built,344828.0,165000.0,47.85,Standard Risk (<=80%)
5022649,MD,Wicomico    ,Single Family (1-4 Units):Site-Built,693494.0,405000.0,58.4,Standard Risk (<=80%)
5022791,MI,Shiawassee    ,Single Family (1-4 Units):Site-Built,631673.0,355000.0,56.2,Standard Risk (<=80%)
5022846,NJ,Warren    ,Single Family (1-4 Units):Site-Built,165041.0,115000.0,69.68,Standard Risk (<=80%)
5022853,TX,Harris    ,Single Family (1-4 Units):Site-Built,213347.0,125000.0,58.59,Standard Risk (<=80%)
5022891,MD,Carroll    ,Single Family (1-4 Units):Site-Built,499113.0,225000.0,45.08,Standard Risk (<=80%)
5022903,IN,Clark    ,Single Family (1-4 Units):Site-Built,205358.0,115000.0,56.0,Standard Risk (<=80%)
5022930,CA,San Bernardino   ,Single Family (1-4 Units):Site-Built,558708.0,325000.0,58.17,Standard Risk (<=80%)
5022941,IL,Kendall    ,Single Family (1-4 Units):Site-Built,328468.0,225000.0,68.5,Standard Risk (<=80%)
5022975,TX,Williamson    ,Single Family (1-4 Units):Site-Built,802084.0,385000.0,48.0,Standard Risk (<=80%)
5022981,PA,Lehigh    ,Single Family (1-4 Units):Site-Built,233852.0,185000.0,79.11,Standard Risk (<=80%)
5023006,GA,Cobb    ,Single Family (1-4 Units):Site-Built,544445.0,245000.0,45.0,Standard Risk (<=80%)
5023008,MA,Plymouth    ,Single Family (1-4 Units):Site-Built,465518.0,405000.0,87.0,High Risk (>80%)
5023014,TX,Lubbock    ,Single Family (1-4 Units):Site-Built,282978.0,195000.0,68.91,Standard Risk (<=80%)
5023026,CO,Adams    ,Single Family (1-4 Units):Site-Built,322658.0,135000.0,41.84,Standard Risk (<=80%)
5023038,OK,Tulsa    ,Single Family (1-4 Units):Site-Built,380449.0,295000.0,77.54,Standard Risk (<=80%)
5023039,CO,Adams    ,Single Family (1-4 Units):Site-Built,437500.0,105000.0,24.0,Standard Risk (<=80%)
5023052,MI,Roscommon    ,Single Family (1-4 Units):Site-Built,150962.0,95000.0,62.93,Standard Risk (<=80%)
5023086,AZ,Coconino    ,Single Family (1-4 Units):Site-Built,293750.0,235000.0,80.0,Standard Risk (<=80%)
5023100,WI,Kenosha    ,Single Family (1-4 Units):Site-Built,508334.0,305000.0,60.0,Standard Risk (<=80%)
5023132,CA,Tehama    ,Single Family (1-4 Units):Site-Built,247188.0,145000.0,58.66,Standard Risk (<=80%)
5023137,CA,San Bernardino   ,Single Family (1-4 Units):Site-Built,566667.0,425000.0,75.0,Standard Risk (<=80%)
5023138,FL,Collier    ,Single Family (1-4 Units):Site-Built,421605.0,185000.0,43.88,Standard Risk (<=80%)
5023144,OH,Hamilton    ,Single Family (1-4 Units):Site-Built,375557.0,295000.0,78.55,Standard Risk (<=80%)
5023153,WA,Snohomish    ,Single Family (1-4 Units):Site-Built,479462.0,335000.0,69.87,Standard Risk (<=80%)
5023185,GA,Forsyth    ,Single Family (1-4 Units):Site-Built,700000.0,455000.0,65.0,Standard Risk (<=80%)
5023201,ID,Canyon    ,Single Family (1-4 Units):Site-Built,321751.0,225000.0,69.93,Standard Risk (<=80%)
5023254,NV,Clark    ,Single Family (1-4 Units):Site-Built,357738.0,215000.0,60.1,Standard Risk (<=80%)
5023270,WA,Grant    ,Single Family (1-4 Units):Site-Built,276766.0,205000.0,74.07,Standard Risk (<=80%)
5023298,NJ,Hudson    ,Single Family (1-4 Units):Site-Built,1342004.0,485000.0,36.14,Standard Risk (<=80%)
5023372,TX,Montgomery    ,Single Family (1-4 Units):Site-Built,313125.0,235000.0,75.05,Standard Risk (<=80%)
5023380,TX,Travis    ,Single Family (1-4 Units):Site-Built,494899.0,325000.0,65.67,Standard Risk (<=80%)
5023381,NJ,Burlington    ,Single Family (1-4 Units):Site-Built,423077.0,275000.0,65.0,Standard Risk (<=80%)
5023385,NV,Clark    ,Single Family (1-4 Units):Site-Built,570011.0,425000.0,74.56,Standard Risk (<=80%)
5023396,GA,DeKalb    ,Single Family (1-4 Units):Site-Built,496441.0,265000.0,53.38,Standard Risk (<=80%)
5023427,CA,San Francisco   ,Single Family (1-4 Units):Site-Built,986487.0,365000.0,37.0,Standard Risk (<=80%)
5023474,GA,Houston    ,Single Family (1-4 Units):Site-Built,280263.0,235000.0,83.85,High Risk (>80%)
5023491,GA,Cherokee    ,Single Family (1-4 Units):Site-Built,407143.0,285000.0,70.0,Standard Risk (<=80%)
5023509,CA,Alameda    ,Single Family (1-4 Units):Site-Built,1128083.0,805000.0,71.36,Standard Risk (<=80%)
5023512,KS,Butler    ,Single Family (1-4 Units):Site-Built,346591.0,305000.0,88.0,High Risk (>80%)
5023536,GA,DeKalb    ,Single Family (1-4 Units):Site-Built,221965.0,115000.0,51.81,Standard Risk (<=80%)
5023541,VT,Orange    ,Single Family (1-4 Units):Site-Built,430082.0,175000.0,40.69,Standard Risk (<=80%)
5023641,OH,Cuyahoga    ,Single Family (1-4 Units):Site-Built,177816.0,105000.0,59.05,Standard Risk (<=80%)
5023674,FL,Okaloosa    ,Single Family (1-4 Units):Site-Built,354020.0,255000.0,72.03,Standard Risk (<=80%)
5023686,FL,Flagler    ,Single Family (1-4 Units):Site-Built,335416.0,145000.0,43.23,Standard Risk (<=80%)
5023689,MA,Worcester    ,Single Family (1-4 Units):Site-Built,309024.0,225000.0,72.81,Standard Risk (<=80%)
5023700,ID,Twin Falls   ,Single Family (1-4 Units):Site-Built,415700.0,215000.0,51.72,Standard Risk (<=80%)
5023707,FL,Sarasota    ,Single Family (1-4 Units):Site-Built,327569.0,125000.0,38.16,Standard Risk (<=80%)
5023740,CA,Orange    ,Single Family (1-4 Units):Site-Built,800126.0,255000.0,31.87,Standard Risk (<=80%)
5023746,CA,Los Angeles   ,Single Family (1-4 Units):Site-Built,793334.0,595000.0,75.0,Standard Risk (<=80%)
5023818,CA,Los Angeles   ,Single Family (1-4 Units):Site-Built,506250.0,405000.0,80.0,Standard Risk (<=80%)
5023887,AZ,Maricopa    ,Single Family (1-4 Units):Site-Built,1581250.0,1265000.0,80.0,Standard Risk (<=80%)
5023890,NC,Mecklenburg    ,Single Family (1-4 Units):Site-Built,206198.0,175000.0,84.87,High Risk (>80%)
5023910,FL,Hillsborough    ,Single Family (1-4 Units):Site-Built,221650.0,215000.0,97.0,High Risk (>80%)
5023933,OH,Mahoning    ,Single Family (1-4 Units):Site-Built,196447.0,115000.0,58.54,Standard Risk (<=80%)
5023974,GA,Bartow    ,Single Family (1-4 Units):Site-Built,163421.0,125000.0,76.49,Standard Risk (<=80%)
5023980,CA,Alameda    ,Single Family (1-4 Units):Site-Built,1131723.0,665000.0,58.76,Standard Risk (<=80%)
5023984,MN,Washington    ,Single Family (1-4 Units):Site-Built,357300.0,245000.0,68.57,Standard Risk (<=80%)
5023993,TX,Brazoria    ,Single Family (1-4 Units):Site-Built,261298.0,85000.0,32.53,Standard Risk (<=80%)
5024001,NH,Hillsborough    ,Single Family (1-4 Units):Site-Built,550000.0,385000.0,70.0,Standard Risk (<=80%)
5024012,CA,Orange    ,Single Family (1-4 Units):Site-Built,503356.0,225000.0,44.7,Standard Risk (<=80%)
5024022,CA,Stanislaus    ,Single Family (1-4 Units):Site-Built,321053.0,305000.0,95.0,High Risk (>80%)
5024026,IL,Cook    ,Single Family (1-4 Units):Site-Built,382539.0,255000.0,66.66,Standard Risk (<=80%)
5024032,NM,San Juan   ,Single Family (1-4 Units):Site-Built,294596.0,145000.0,49.22,Standard Risk (<=80%)
5024078,AZ,Pinal    ,Single Family (1-4 Units):Site-Built,398147.0,275000.0,69.07,Standard Risk (<=80%)
5024202,NJ,Salem    ,Single Family (1-4 Units):Site-Built,266920.0,155000.0,58.07,Standard Risk (<=80%)
5024304,FL,Flagler    ,Single Family (1-4 Units):Site-Built,246667.0,185000.0,75.0,Standard Risk (<=80%)
5024323,CT,Tolland    ,Single Family (1-4 Units):Site-Built,343750.0,275000.0,80.0,Standard Risk (<=80%)
5024413,CA,Los Angeles   ,Single Family (1-4 Units):Site-Built,539738.0,345000.0,63.92,Standard Risk (<=80%)
5024463,AZ,Pinal    ,Single Family (1-4 Units):Site-Built,293151.0,205000.0,69.93,Standard Risk (<=80%)
5024473,CA,Los Angeles   ,Single Family (1-4 Units):Site-Built,860000.0,645000.0,75.0,Standard Risk (<=80%)
5024494,CA,San Bernardino   ,Single Family (1-4 Units):Site-Built,291318.0,205000.0,70.37,Standard Risk (<=80%)
5024657,IN,St. Joseph   ,Single Family (1-4 Units):Site-Built,106277.0,85000.0,79.98,Standard Risk (<=80%)
5024716,OR,Multnomah    ,Single Family (1-4 Units):Site-Built,456451.0,305000.0,66.82,Standard Risk (<=80%)
5024734,CA,Contra Costa   ,Single Family (1-4 Units):Site-Built,1333884.0,485000.0,36.36,Standard Risk (<=80%)
5024750,RI,Providence    ,Single Family (1-4 Units):Site-Built,360666.0,245000.0,67.93,Standard Risk (<=80%)
5024906,MA,Norfolk    ,Single Family (1-4 Units):Site-Built,632165.0,375000.0,59.32,Standard Risk (<=80%)
5024940,FL,Miami-Dade,Single Family (1-4 Units):Site-Built,426980.0,295000.0,69.09,Standard Risk (<=80%)
5024973,GA,Bartow    ,Single Family (1-4 Units):Site-Built,282609.0,195000.0,69.0,Standard Risk (<=80%)
5025032,FL,St. Lucie   ,Single Family (1-4 Units):Site-Built,450709.0,315000.0,69.89,Standard Risk (<=80%)
5025140,GA,Cobb    ,Single Family (1-4 Units):Site-Built,409671.0,305000.0,74.45,Standard Risk (<=80%)
5025168,WA,Pierce    ,Single Family (1-4 Units):Site-Built,433334.0,325000.0,75.0,Standard Risk (<=80%)
5025220,AZ,Maricopa    ,Single Family (1-4 Units):Site-Built,371310.0,205000.0,55.21,Standard Risk (<=80%)
5025292,FL,Polk    ,Single Family (1-4 Units):Site-Built,313412.0,215000.0,68.6,Standard Risk (<=80%)
5025334,TX,El Paso   ,Single Family (1-4 Units):Site-Built,169643.0,95000.0,56.0,Standard Risk (<=80%)
5025348,CA,Merced    ,Single Family (1-4 Units):Site-Built,398617.0,265000.0,66.48,Standard Risk (<=80%)
5025452,MA,Plymouth    ,Single Family (1-4 Units):Site-Built,654762.0,385000.0,58.8,Standard Risk (<=80%)
5025473,TN,Meigs    ,Single Family (1-4 Units):Site-Built,346879.0,105000.0,30.27,Standard Risk (<=80%)
5025536,TX,Brazoria    ,Single Family (1-4 Units):Site-Built,194370.0,145000.0,74.6,Standard Risk (<=80%)
5025566,TX,El Paso   ,Single Family (1-4 Units):Site-Built,169592.0,115000.0,67.81,Standard Risk (<=80%)
5025610,CA,Merced    ,Single Family (1-4 Units):Site-Built,300049.0,125000.0,41.66,Standard Risk (<=80%)
5025665,FL,Orange    ,Single Family (1-4 Units):Site-Built,549749.0,405000.0,73.67,Standard Risk (<=80%)
5025705,TX,Ector    ,Single Family (1-4 Units):Site-Built,213206.0,165000.0,77.39,Standard Risk (<=80%)
5025793,IL,DuPage    ,Single Family (1-4 Units):Site-Built,356250.0,285000.0,80.0,Standard Risk (<=80%)
5025795,KS,Johnson    ,Single Family (1-4 Units):Site-Built,260184.0,145000.0,55.73,Standard Risk (<=80%)
5025849,GA,Cobb    ,Single Family (1-4 Units):Site-Built,691781.0,505000.0,73.0,Standard Risk (<=80%)
5025926,MS,Harrison    ,Single Family (1-4 Units):Site-Built,394445.0,355000.0,90.0,High Risk (>80%)
5025940,FL,Pinellas    ,Single Family (1-4 Units):Site-Built,663044.0,305000.0,46.0,Standard Risk (<=80%)
5025969,CA,Sacramento    ,Single Family (1-4 Units):Site-Built,586957.0,135000.0,23.0,Standard Risk (<=80%)
5026011,CA,Alameda    ,Single Family (1-4 Units):Site-Built,954921.0,555000.0,58.12,Standard Risk (<=80%)
5026070,WA,Whatcom    ,Single Family (1-4 Units):Site-Built,406250.0,325000.0,80.0,Standard Risk (<=80%)
5026088,NE,Lancaster    ,Single Family (1-4 Units):Site-Built,133165.0,105000.0,78.85,Standard Risk (<=80%)
5026179,VA,Fredericksburg city   ,Single Family (1-4 Units):Site-Built,279521.0,205000.0,73.34,Standard Risk (<=80%)
5026190,PA,Delaware    ,Single Family (1-4 Units):Site-Built,165635.0,115000.0,69.43,Standard Risk (<=80%)
5026199,MI,Genesee    ,Single Family (1-4 Units):Site-Built,219684.0,75000.0,34.14,Standard Risk (<=80%)
5026306,FL,Marion    ,Single Family (1-4 Units):Site-Built,190141.0,135000.0,71.0,Standard Risk (<=80%)
5026333,TN,Dickson    ,Single Family (1-4 Units):Site-Built,332899.0,255000.0,76.6,Standard Risk (<=80%)
5026335,FL,Palm Beach   ,Single Family (1-4 Units):Site-Built,291667.0,105000.0,36.0,Standard Risk (<=80%)
5026360,TX,Gregg    ,Single Family (1-4 Units):Site-Built,186568.0,125000.0,67.0,Standard Risk (<=80%)
5026400,MN,Kanabec    ,Single Family (1-4 Units):Site-Built,245162.0,95000.0,38.75,Standard Risk (<=80%)
5026401,MN,Stearns    ,Single Family (1-4 Units):Site-Built,227175.0,105000.0,46.22,Standard Risk (<=80%)
5026435,CA,Ventura    ,Single Family (1-4 Units):Site-Built,840278.0,605000.0,72.0,Standard Risk (<=80%)
5026551,AZ,Maricopa    ,Single Family (1-4 Units):Site-Built,416667.0,325000.0,78.0,Standard Risk (<=80%)
5026627,WV,Monroe    ,Single Family (1-4 Units):Site-Built,249744.0,195000.0,78.08,Standard Risk (<=80%)
5026669,VA,Fauquier    ,Single Family (1-4 Units):Site-Built,677387.0,535000.0,78.98,Standard Risk (<=80%)
5026709,PA,Lehigh    ,Single Family (1-4 Units):Site-Built,300000.0,255000.0,85.0,High Risk (>80%)
5026780,CO,Arapahoe    ,Single Family (1-4 Units):Site-Built,310820.0,185000.0,59.52,Standard Risk (<=80%)
5026901,CA,Riverside    ,Single Family (1-4 Units):Site-Built,690790.0,525000.0,76.0,Standard Risk (<=80%)
5026981,CO,La Plata   ,Single Family (1-4 Units):Site-Built,343045.0,325000.0,94.74,High Risk (>80%)
5027013,MA,Worcester    ,Single Family (1-4 Units):Site-Built,406667.0,305000.0,75.0,Standard Risk (<=80%)
5027141,AZ,Maricopa    ,Single Family (1-4 Units):Site-Built,407961.0,205000.0,50.25,Standard Risk (<=80%)
5027170,MA,Middlesex    ,Single Family (1-4 Units):Site-Built,515702.0,335000.0,64.96,Standard Risk (<=80%)
5027173,MI,Iosco    ,Single Family (1-4 Units):Site-Built,253847.0,165000.0,65.0,Standard Risk (<=80%)
5027179,CA,Riverside    ,Single Family (1-4 Units):Site-Built,489131.0,225000.0,46.0,Standard Risk (<=80%)
5027354,TX,Travis    ,Single Family (1-4 Units):Site-Built,543750.0,435000.0,80.0,Standard Risk (<=80%)
5027355,AZ,Coconino    ,Single Family (1-4 Units):Site-Built,531357.0,405000.0,76.22,Standard Risk (<=80%)
5027394,TN,Lewis    ,Single Family (1-4 Units):Site-Built,120513.0,95000.0,78.83,Standard Risk (<=80%)
5027427,AZ,Maricopa    ,Single Family (1-4 Units):Site-Built,407757.0,225000.0,55.18,Standard Risk (<=80%)
5027449,WV,Berkeley    ,Single Family (1-4 Units):Site-Built,240871.0,155000.0,64.35,Standard Risk (<=80%)
5027737,AZ,Maricopa    ,Single Family (1-4 Units):Site-Built,488978.0,295000.0,60.33,Standard Risk (<=80%)
5027867,OR,Multnomah    ,Single Family (1-4 Units):Site-Built,409357.0,245000.0,59.85,Standard Risk (<=80%)
5027878,IN,Kosciusko    ,Single Family (1-4 Units):Site-Built,82090.0,55000.0,67.0,Standard Risk (<=80%)
5027923,IL,Will    ,Single Family (1-4 Units):Site-Built,307143.0,215000.0,70.0,Standard Risk (<=80%)
5028037,MI,Gladwin    ,Single Family (1-4 Units):Site-Built,194329.0,135000.0,69.47,Standard Risk (<=80%)
5028062,TX,Tarrant    ,Single Family (1-4 Units):Site-Built,370130.0,285000.0,77.0,Standard Risk (<=80%)
5028117,FL,Brevard    ,Single Family (1-4 Units):Site-Built,268422.0,255000.0,95.0,High Risk (>80%)
5028198,OH,Hamilton    ,Single Family (1-4 Units):Site-Built,268750.0,215000.0,80.0,Standard Risk (<=80%)
5028251,CA,Alameda    ,Single Family (1-4 Units):Site-Built,1519275.0,335000.0,22.05,Standard Risk (<=80%)
5028276,SC,Orangeburg    ,Single Family (1-4 Units):Site-Built,111145.0,75000.0,67.48,Standard Risk (<=80%)
5028333,CA,Alameda    ,Single Family (1-4 Units):Site-Built,1003148.0,255000.0,25.42,Standard Risk (<=80%)
5028437,CA,Yolo    ,Single Family (1-4 Units):Site-Built,660889.0,305000.0,46.15,Standard Risk (<=80%)
5028508,AZ,Maricopa    ,Single Family (1-4 Units):Site-Built,434234.0,275000.0,63.33,Standard Risk (<=80%)
5028538,CA,Santa Barbara   ,Single Family (1-4 Units):Site-Built,3645834.0,245000.0,6.72,Standard Risk (<=80%)
5028573,MI,Kalamazoo    ,Single Family (1-4 Units):Site-Built,184211.0,175000.0,95.0,High Risk (>80%)
5028576,VA,Accomack    ,Single Family (1-4 Units):Site-Built,183334.0,165000.0,90.0,High Risk (>80%)
5028637,CA,Santa Clara   ,Single Family (1-4 Units):Site-Built,2942371.0,725000.0,24.64,Standard Risk (<=80%)
5028683,AZ,Maricopa    ,Single Family (1-4 Units):Site-Built,990910.0,545000.0,55.0,Standard Risk (<=80%)
5028790,TX,Travis    ,Single Family (1-4 Units):Site-Built,256250.0,205000.0,80.0,Standard Risk (<=80%)
5028815,WA,Benton    ,Single Family (1-4 Units):Site-Built,252235.0,175000.0,69.38,Standard Risk (<=80%)
5028903,CO,Denver    ,Single Family (1-4 Units):Site-Built,496142.0,225000.0,45.35,Standard Risk (<=80%)
5028975,OH,Clermont    ,Single Family (1-4 Units):Site-Built,218778.0,175000.0,79.99,Standard Risk (<=80%)
5029069,NC,Wake    ,Single Family (1-4 Units):Site-Built,279466.0,115000.0,41.15,Standard Risk (<=80%)
5029134,CA,Orange    ,Single Family (1-4 Units):Site-Built,1262120.0,755000.0,59.82,Standard Risk (<=80%)
5029178,TX,Collin    ,Single Family (1-4 Units):Site-Built,406667.0,305000.0,75.0,Standard Risk (<=80%)
5029199,AZ,Pinal    ,Single Family (1-4 Units):Site-Built,307439.0,205000.0,66.68,Standard Risk (<=80%)
5029204,FL,Hernando    ,Single Family (1-4 Units):Site-Built,220016.0,175000.0,79.54,Standard Risk (<=80%)
5029227,CA,San Mateo   ,Single Family (1-4 Units):Site-Built,1863601.0,705000.0,37.83,Standard Risk (<=80%)
5029288,DE,Sussex    ,Single Family (1-4 Units):Site-Built,1232648.0,515000.0,41.78,Standard Risk (<=80%)
5029296,FL,Brevard    ,Single Family (1-4 Units):Site-Built,593750.0,475000.0,80.0,Standard Risk (<=80%)
5029370,CA,Alameda    ,Single Family (1-4 Units):Site-Built,1160074.0,695000.0,59.91,Standard Risk (<=80%)
5029381,MI,Oakland    ,Single Family (1-4 Units):Site-Built,593750.0,475000.0,80.0,Standard Risk (<=80%)
5029419,TX,Ellis    ,Single Family (1-4 Units):Site-Built,486667.0,365000.0,75.0,Standard Risk (<=80%)
5029467,CA,Alameda    ,Single Family (1-4 Units):Site-Built,726667.0,545000.0,75.0,Standard Risk (<=80%)
5029548,CA,Ventura    ,Single Family (1-4 Units):Site-Built,607288.0,285000.0,46.93,Standard Risk (<=80%)
5029574,CA,Los Angeles   ,Single Family (1-4 Units):Site-Built,755581.0,545000.0,72.13,Standard Risk (<=80%)
5029656,CA,Santa Clara   ,Single Family (1-4 Units):Site-Built,973215.0,545000.0,56.0,Standard Risk (<=80%)
5029689,PA,Montgomery    ,Single Family (1-4 Units):Site-Built,319389.0,255000.0,79.84,Standard Risk (<=80%)
5029717,CA,Orange    ,Single Family (1-4 Units):Site-Built,793750.0,635000.0,80.0,Standard Risk (<=80%)
5029791,TX,Harris    ,Single Family (1-4 Units):Site-Built,235121.0,175000.0,74.43,Standard Risk (<=80%)
5029796,CA,Alameda    ,Single Family (1-4 Units):Site-Built,1319338.0,685000.0,51.92,Standard Risk (<=80%)
5029931,CA,San Diego   ,Single Family (1-4 Units):Site-Built,1507353.0,615000.0,40.8,Standard Risk (<=80%)
5029955,AZ,Maricopa    ,Single Family (1-4 Units):Site-Built,261471.0,155000.0,59.28,Standard Risk (<=80%)
5029991,AZ,Coconino    ,Single Family (1-4 Units):Site-Built,786217.0,235000.0,29.89,Standard Risk (<=80%)
5030093,CA,Contra Costa   ,Single Family (1-4 Units):Site-Built,510034.0,305000.0,59.8,Standard Risk (<=80%)
5030110,MS,Jones    ,Single Family (1-4 Units):Site-Built,291667.0,105000.0,36.0,Standard Risk (<=80%)
5030171,WA,Yakima    ,Single Family (1-4 Units):Site-Built,211709.0,115000.0,54.32,Standard Risk (<=80%)
5030187,CA,Orange    ,Single Family (1-4 Units):Site-Built,1473215.0,825000.0,56.0,Standard Risk (<=80%)
5030245,CA,San Diego   ,Single Family (1-4 Units):Site-Built,581157.0,425000.0,73.13,Standard Risk (<=80%)
5030260,FL,Citrus    ,Single Family (1-4 Units):Site-Built,355750.0,155000.0,43.57,Standard Risk (<=80%)
5030380,CA,Sacramento    ,Single Family (1-4 Units):Site-Built,687500.0,495000.0,72.0,Standard Risk (<=80%)
5030387,CA,San Mateo   ,Single Family (1-4 Units):Site-Built,2365806.0,595000.0,25.15,Standard Risk (<=80%)
5030679,CA,Sonoma    ,Single Family (1-4 Units):Site-Built,1350000.0,675000.0,50.0,Standard Risk (<=80%)
5030689,PA,Cumberland    ,Single Family (1-4 Units):Site-Built,403673.0,255000.0,63.17,Standard Risk (<=80%)
5030692,PA,Berks    ,Single Family (1-4 Units):Site-Built,138424.0,95000.0,68.63,Standard Risk (<=80%)
5030759,MI,Oakland    ,Single Family (1-4 Units):Site-Built,256250.0,205000.0,80.0,Standard Risk (<=80%)
5030783,CA,Los Angeles   ,Single Family (1-4 Units):Site-Built,903318.0,825000.0,91.33,High Risk (>80%)
5030832,MI,Wayne    ,Single Family (1-4 Units):Site-Built,152167.0,85000.0,55.86,Standard Risk (<=80%)
5030871,CA,Contra Costa   ,Single Family (1-4 Units):Site-Built,1248038.0,795000.0,63.7,Standard Risk (<=80%)
5030883,FL,Lee    ,Single Family (1-4 Units):Site-Built,256250.0,205000.0,80.0,Standard Risk (<=80%)
5030897,CA,San Diego   ,Single Family (1-4 Units):Site-Built,791815.0,445000.0,56.2,Standard Risk (<=80%)
5030939,CA,Alameda    ,Single Family (1-4 Units):Site-Built,902144.0,425000.0,47.11,Standard Risk (<=80%)
5030975,CO,Denver    ,Single Family (1-4 Units):Site-Built,800088.0,365000.0,45.62,Standard Risk (<=80%)
5031024,CA,San Bernardino   ,Single Family (1-4 Units):Site-Built,642858.0,315000.0,49.0,Standard Risk (<=80%)
5031046,FL,Broward    ,Single Family (1-4 Units):Site-Built,394496.0,215000.0,54.5,Standard Risk (<=80%)
5031089,NC,Wayne    ,Single Family (1-4 Units):Site-Built,242661.0,205000.0,84.48,High Risk (>80%)
5031140,CT,Middlesex    ,Single Family (1-4 Units):Site-Built,523899.0,365000.0,69.67,Standard Risk (<=80%)
5031221,IL,Lake    ,Single Family (1-4 Units):Site-Built,400000.0,275000.0,68.75,Standard Risk (<=80%)
5031223,VA,Fairfax    ,Single Family (1-4 Units):Site-Built,1006234.0,565000.0,56.15,Standard Risk (<=80%)
5031340,TX,Collin    ,Single Family (1-4 Units):Site-Built,760961.0,545000.0,71.62,Standard Risk (<=80%)
5031369,CA,Sacramento    ,Single Family (1-4 Units):Site-Built,364584.0,175000.0,48.0,Standard Risk (<=80%)
5031429,DC,District of Columbia  ,Single Family (1-4 Units):Site-Built,375000.0,195000.0,52.0,Standard Risk (<=80%)
5031472,TX,Tarrant    ,Single Family (1-4 Units):Site-Built,181250.0,145000.0,80.0,Standard Risk (<=80%)
5031541,CA,Los Angeles   ,Single Family (1-4 Units):Site-Built,147533.0,55000.0,37.28,Standard Risk (<=80%)
5031576,CA,Los Angeles   ,Single Family (1-4 Units):Site-Built,1110172.0,525000.0,47.29,Standard Risk (<=80%)
5031616,NJ,Monmouth    ,Single Family (1-4 Units):Site-Built,668750.0,535000.0,80.0,Standard Risk (<=80%)
5031651,CA,Ventura    ,Single Family (1-4 Units):Site-Built,771277.0,725000.0,94.0,High Risk (>80%)
5031659,ME,Penobscot    ,Single Family (1-4 Units):Site-Built,219102.0,195000.0,89.0,High Risk (>80%)
5031704,NY,Dutchess    ,Single Family (1-4 Units):Site-Built,381250.0,305000.0,80.0,Standard Risk (<=80%)
5031743,WA,Spokane    ,Single Family (1-4 Units):Site-Built,575004.0,455000.0,79.13,Standard Risk (<=80%)
5031771,TX,Bastrop    ,Single Family (1-4 Units):Site-Built,618750.0,495000.0,80.0,Standard Risk (<=80%)
5031847,PA,Cumberland    ,Single Family (1-4 Units):Site-Built,458859.0,295000.0,64.29,Standard Risk (<=80%)
5031873,SC,Charleston    ,Single Family (1-4 Units):Site-Built,428222.0,105000.0,24.52,Standard Risk (<=80%)
5031889,TX,Bexar    ,Single Family (1-4 Units):Site-Built,197406.0,105000.0,53.19,Standard Risk (<=80%)
5031976,GA,Glynn    ,Single Family (1-4 Units):Site-Built,221519.0,175000.0,79.0,Standard Risk (<=80%)
5031998,TX,Travis    ,Single Family (1-4 Units):Site-Built,525010.0,275000.0,52.38,Standard Risk (<=80%)
5032005,CA,Santa Clara   ,Single Family (1-4 Units):Site-Built,1556604.0,825000.0,53.0,Standard Risk (<=80%)
5032046,CA,Alameda    ,Single Family (1-4 Units):Site-Built,1660109.0,675000.0,40.66,Standard Risk (<=80%)
5032073,CA,Orange    ,Single Family (1-4 Units):Site-Built,598936.0,135000.0,22.54,Standard Risk (<=80%)
5032074,OH,Columbiana    ,Single Family (1-4 Units):Site-Built,281358.0,155000.0,55.09,Standard Risk (<=80%)
5032152,TX,Jefferson    ,Single Family (1-4 Units):Site-Built,390625.0,345000.0,88.32,High Risk (>80%)
5032166,IL,Cook    ,Single Family (1-4 Units):Site-Built,248071.0,135000.0,54.42,Standard Risk (<=80%)
5032199,MN,Anoka    ,Single Family (1-4 Units):Site-Built,250000.0,105000.0,42.0,Standard Risk (<=80%)
5032223,CO,Jefferson    ,Single Family (1-4 Units):Site-Built,355068.0,165000.0,46.47,Standard Risk (<=80%)
5032304,PA,Lycoming    ,Single Family (1-4 Units):Site-Built,193750.0,155000.0,80.0,Standard Risk (<=80%)
5032334,TX,Travis    ,Single Family (1-4 Units):Site-Built,549600.0,405000.0,73.69,Standard Risk (<=80%)
5032412,TX,Bexar    ,Single Family (1-4 Units):Site-Built,472384.0,325000.0,68.8,Standard Risk (<=80%)
5032422,TX,Collin    ,Single Family (1-4 Units):Site-Built,543963.0,305000.0,56.07,Standard Risk (<=80%)
5032456,NY,Onondaga    ,Single Family (1-4 Units):Site-Built,200923.0,135000.0,67.19,Standard Risk (<=80%)
5032469,MS,Pike    ,Single Family (1-4 Units):Site-Built,232524.0,155000.0,66.66,Standard Risk (<=80%)
5032549,TX,Fort Bend   ,Single Family (1-4 Units):Site-Built,384251.0,365000.0,94.99,High Risk (>80%)
5032711,TX,Harris    ,Single Family (1-4 Units):Site-Built,437318.0,135000.0,30.87,Standard Risk (<=80%)
5032724,MI,Osceola    ,Single Family (1-4 Units):Site-Built,348531.0,185000.0,53.08,Standard Risk (<=80%)
5032733,NY,Queens    ,Single Family (1-4 Units):Site-Built,1185209.0,375000.0,31.64,Standard Risk (<=80%)
5032737,MI,Livingston    ,Single Family (1-4 Units):Site-Built,438889.0,395000.0,90.0,High Risk (>80%)
5032759,TX,Harris    ,Single Family (1-4 Units):Site-Built,193750.0,155000.0,80.0,Standard Risk (<=80%)
5032784,OH,Cuyahoga    ,Single Family (1-4 Units):Site-Built,368056.0,265000.0,72.0,Standard Risk (<=80%)
5032803,ID,Bannock    ,Single Family (1-4 Units):Site-Built,223405.0,105000.0,47.0,Standard Risk (<=80%)
5032821,CT,Fairfield    ,Single Family (1-4 Units):Site-Built,616551.0,415000.0,67.31,Standard Risk (<=80%)
5032834,NC,Wake    ,Single Family (1-4 Units):Site-Built,750000.0,375000.0,50.0,Standard Risk (<=80%)
5033198,CO,Summit    ,Single Family (1-4 Units):Site-Built,856250.0,685000.0,80.0,Standard Risk (<=80%)
5033277,MA,Norfolk    ,Single Family (1-4 Units):Site-Built,572547.0,395000.0,68.99,Standard Risk (<=80%)
5033337,MD,Howard    ,Single Family (1-4 Units):Site-Built,212517.0,145000.0,68.23,Standard Risk (<=80%)
5033398,MD,Baltimore    ,Single Family (1-4 Units):Site-Built,409542.0,285000.0,69.59,Standard Risk (<=80%)
5033433,WA,King    ,Single Family (1-4 Units):Site-Built,1214286.0,425000.0,35.0,Standard Risk (<=80%)
5033472,MI,Genesee    ,Single Family (1-4 Units):Site-Built,264437.0,185000.0,69.96,Standard Risk (<=80%)
5033715,CA,Los Angeles   ,Single Family (1-4 Units):Site-Built,692858.0,485000.0,70.0,Standard Risk (<=80%)
5033753,IN,Delaware    ,Single Family (1-4 Units):Site-Built,197425.0,115000.0,58.25,Standard Risk (<=80%)
5033769,GA,Paulding    ,Single Family (1-4 Units):Site-Built,245030.0,175000.0,71.42,Standard Risk (<=80%)
5033837,CA,Orange    ,Single Family (1-4 Units):Site-Built,1205747.0,705000.0,58.47,Standard Risk (<=80%)
5033866,IL,Cook    ,Single Family (1-4 Units):Site-Built,318750.0,255000.0,80.0,Standard Risk (<=80%)
5033929,CA,Placer    ,Single Family (1-4 Units):Site-Built,624507.0,475000.0,76.06,Standard Risk (<=80%)
5034134,NY,Westchester    ,Single Family (1-4 Units):Site-Built,313334.0,235000.0,75.0,Standard Risk (<=80%)
5034138,OH,Knox    ,Single Family (1-4 Units):Site-Built,278948.0,265000.0,95.0,High Risk (>80%)
5034250,TX,Denton    ,Single Family (1-4 Units):Site-Built,875408.0,215000.0,24.56,Standard Risk (<=80%)
5034307,NC,Wilson    ,Single Family (1-4 Units):Site-Built,281250.0,225000.0,80.0,Standard Risk (<=80%)
5034337,MN,Chisago    ,Single Family (1-4 Units):Site-Built,269152.0,195000.0,72.45,Standard Risk (<=80%)
5034438,AZ,Maricopa    ,Single Family (1-4 Units):Site-Built,265625.0,85000.0,32.0,Standard Risk (<=80%)
5034451,VA,Fauquier    ,Single Family (1-4 Units):Site-Built,959460.0,355000.0,37.0,Standard Risk (<=80%)
5034465,CA,Contra Costa   ,Single Family (1-4 Units):Site-Built,501645.0,305000.0,60.8,Standard Risk (<=80%)
5034466,PA,Philadelphia    ,Single Family (1-4 Units):Site-Built,124579.0,85000.0,68.23,Standard Risk (<=80%)
5034519,CA,Los Angeles   ,Single Family (1-4 Units):Site-Built,858491.0,455000.0,53.0,Standard Risk (<=80%)
5034535,PA,York    ,Single Family (1-4 Units):Site-Built,222973.0,185000.0,82.97,High Risk (>80%)
5034662,TX,Webb    ,Single Family (1-4 Units):Site-Built,161881.0,115000.0,71.04,Standard Risk (<=80%)
5034855,GA,Forsyth    ,Single Family (1-4 Units):Site-Built,533189.0,245000.0,45.95,Standard Risk (<=80%)
5034877,NC,Wilson    ,Single Family (1-4 Units):Site-Built,194133.0,135000.0,69.54,Standard Risk (<=80%)
5034925,CA,Alameda    ,Single Family (1-4 Units):Site-Built,1000724.0,415000.0,41.47,Standard Risk (<=80%)
5035005,OH,Clermont    ,Single Family (1-4 Units):Site-Built,208861.0,165000.0,79.0,Standard Risk (<=80%)
5035009,TX,Wise    ,Single Family (1-4 Units):Site-Built,350936.0,105000.0,29.92,Standard Risk (<=80%)
5035160,FL,Miami-Dade,Single Family (1-4 Units):Site-Built,336957.0,155000.0,46.0,Standard Risk (<=80%)
5035169,IL,Cook    ,Single Family (1-4 Units):Site-Built,329710.0,185000.0,56.11,Standard Risk (<=80%)
5035260,VA,Charlotte    ,Single Family (1-4 Units):Site-Built,168760.0,125000.0,74.07,Standard Risk (<=80%)
5035294,WA,Thurston    ,Single Family (1-4 Units):Site-Built,273662.0,205000.0,74.91,Standard Risk (<=80%)
5035465,IL,Kendall    ,Single Family (1-4 Units):Site-Built,289460.0,265000.0,91.55,High Risk (>80%)
5035466,NY,Steuben    ,Single Family (1-4 Units):Site-Built,168000.0,105000.0,62.5,Standard Risk (<=80%)
5035473,CA,Ventura    ,Single Family (1-4 Units):Site-Built,1190151.0,435000.0,36.55,Standard Risk (<=80%)
5035479,OR,Lane    ,Single Family (1-4 Units):Site-Built,532512.0,285000.0,53.52,Standard Risk (<=80%)
5035668,CA,Orange    ,Single Family (1-4 Units):Site-Built,656527.0,505000.0,76.92,Standard Risk (<=80%)
5035729,CA,Los Angeles   ,Single Family (1-4 Units):Site-Built,813334.0,305000.0,37.5,Standard Risk (<=80%)
5035739,CO,Douglas    ,Single Family (1-4 Units):Site-Built,927803.0,595000.0,64.13,Standard Risk (<=80%)
5035742,MD,Montgomery    ,Single Family (1-4 Units):Site-Built,353334.0,265000.0,75.0,Standard Risk (<=80%)
5035765,WV,Monongalia    ,Single Family (1-4 Units):Site-Built,185211.0,135000.0,72.89,Standard Risk (<=80%)
5035838,MI,Oakland    ,Single Family (1-4 Units):Site-Built,440678.0,325000.0,73.75,Standard Risk (<=80%)
5035945,CA,Los Angeles   ,Single Family (1-4 Units):Site-Built,1210527.0,575000.0,47.5,Standard Risk (<=80%)
5036044,MI,Oakland    ,Single Family (1-4 Units):Site-Built,327957.0,305000.0,93.0,High Risk (>80%)
5036085,IN,Marion    ,Single Family (1-4 Units):Site-Built,309131.0,215000.0,69.55,Standard Risk (<=80%)
5036137,GA,Fayette    ,Single Family (1-4 Units):Site-Built,480012.0,335000.0,69.79,Standard Risk (<=80%)
5036201,TX,Tarrant    ,Single Family (1-4 Units):Site-Built,229940.0,145000.0,63.06,Standard Risk (<=80%)
5036325,MI,Charlevoix    ,Single Family (1-4 Units):Site-Built,303345.0,205000.0,67.58,Standard Risk (<=80%)
5036386,CA,Butte    ,Single Family (1-4 Units):Site-Built,350747.0,235000.0,67.0,Standard Risk (<=80%)
5036405,AR,Benton    ,Single Family (1-4 Units):Site-Built,333786.0,295000.0,88.38,High Risk (>80%)
5036512,TX,Taylor    ,Single Family (1-4 Units):Site-Built,131448.0,105000.0,79.88,Standard Risk (<=80%)
5036540,FL,Leon    ,Single Family (1-4 Units):Site-Built,242648.0,165000.0,68.0,Standard Risk (<=80%)
5036624,TN,Shelby    ,Single Family (1-4 Units):Site-Built,398101.0,285000.0,71.59,Standard Risk (<=80%)
5036692,TX,Jefferson    ,Single Family (1-4 Units):Site-Built,273334.0,205000.0,75.0,Standard Risk (<=80%)
5036789,CO,Arapahoe    ,Single Family (1-4 Units):Site-Built,460000.0,345000.0,75.0,Standard Risk (<=80%)
5036885,IL,Will    ,Single Family (1-4 Units):Site-Built,207143.0,145000.0,70.0,Standard Risk (<=80%)
5036935,MI,Eaton    ,Single Family (1-4 Units):Site-Built,204919.0,125000.0,61.0,Standard Risk (<=80%)
5036941,NC,Ashe    ,Single Family (1-4 Units):Site-Built,300000.0,225000.0,75.0,Standard Risk (<=80%)
5036951,MA,Barnstable    ,Single Family (1-4 Units):Site-Built,482457.0,275000.0,57.0,Standard Risk (<=80%)
5036958,FL,Santa Rosa   ,Single Family (1-4 Units):Site-Built,210085.0,75000.0,35.7,Standard Risk (<=80%)
5037026,FL,St. Lucie   ,Single Family (1-4 Units):Site-Built,231250.0,185000.0,80.0,Standard Risk (<=80%)
5037067,NC,Union    ,Single Family (1-4 Units):Site-Built,749037.0,525000.0,70.09,Standard Risk (<=80%)
5037077,TX,Collin    ,Single Family (1-4 Units):Site-Built,241471.0,155000.0,64.19,Standard Risk (<=80%)
5037083,NV,Clark    ,Single Family (1-4 Units):Site-Built,435774.0,325000.0,74.58,Standard Risk (<=80%)
5037088,AZ,Maricopa    ,Single Family (1-4 Units):Site-Built,300931.0,165000.0,54.83,Standard Risk (<=80%)
5037091,PA,Bucks    ,Single Family (1-4 Units):Site-Built,286667.0,215000.0,75.0,Standard Risk (<=80%)
5037149,VA,Stafford    ,Single Family (1-4 Units):Site-Built,281250.0,225000.0,80.0,Standard Risk (<=80%)
5037176,WA,Kitsap    ,Single Family (1-4 Units):Site-Built,686441.0,405000.0,59.0,Standard Risk (<=80%)
5037299,TN,Rutherford    ,Single Family (1-4 Units):Site-Built,381250.0,305000.0,80.0,Standard Risk (<=80%)
5037450,NC,Alamance    ,Single Family (1-4 Units):Site-Built,206798.0,115000.0,55.61,Standard Risk (<=80%)
5037486,WA,King    ,Single Family (1-4 Units):Site-Built,427778.0,385000.0,90.0,High Risk (>80%)
5037519,MI,Washtenaw    ,Single Family (1-4 Units):Site-Built,339786.0,165000.0,48.56,Standard Risk (<=80%)
5037525,MI,Macomb    ,Single Family (1-4 Units):Site-Built,230159.0,145000.0,63.0,Standard Risk (<=80%)
5037603,NH,Belknap    ,Single Family (1-4 Units):Site-Built,415392.0,285000.0,68.61,Standard Risk (<=80%)
5037604,FL,Polk    ,Single Family (1-4 Units):Site-Built,242289.0,205000.0,84.61,High Risk (>80%)
5037629,NC,Iredell    ,Single Family (1-4 Units):Site-Built,143750.0,115000.0,80.0,Standard Risk (<=80%)
5024123,CO,Jefferson    ,Single Family (1-4 Units):Site-Built,731250.0,585000.0,80.0,Standard Risk (<=80%)
5024330,CA,Kern    ,Single Family (1-4 Units):Site-Built,324582.0,225000.0,69.32,Standard Risk (<=80%)
5024341,MD,Washington    ,Single Family (1-4 Units):Site-Built,209456.0,105000.0,50.13,Standard Risk (<=80%)
5024406,OR,Clackamas    ,Single Family (1-4 Units):Site-Built,650085.0,345000.0,53.07,Standard Risk (<=80%)
5024621,CA,El Dorado   ,Single Family (1-4 Units):Site-Built,694445.0,375000.0,54.0,Standard Risk (<=80%)
5024852,VA,Virginia Beach city  ,Single Family (1-4 Units):Site-Built,155023.0,75000.0,48.38,Standard Risk (<=80%)
5024856,CA,San Joaquin   ,Single Family (1-4 Units):Site-Built,528192.0,415000.0,78.57,Standard Risk (<=80%)
5024880,NC,Mecklenburg    ,Single Family (1-4 Units):Site-Built,1162350.0,705000.0,60.65,Standard Risk (<=80%)
5025041,WA,Clark    ,Single Family (1-4 Units):Site-Built,648722.0,335000.0,51.64,Standard Risk (<=80%)
5025090,CA,Alameda    ,Single Family (1-4 Units):Site-Built,996135.0,335000.0,33.63,Standard Risk (<=80%)
5025227,FL,Broward    ,Single Family (1-4 Units):Site-Built,502330.0,345000.0,68.68,Standard Risk (<=80%)
5025332,CA,Los Angeles   ,Single Family (1-4 Units):Site-Built,1272167.0,825000.0,64.85,Standard Risk (<=80%)
5025404,WI,Fond du Lac  ,Single Family (1-4 Units):Site-Built,314466.0,305000.0,96.99,High Risk (>80%)
5025440,CA,San Diego   ,Single Family (1-4 Units):Site-Built,728863.0,175000.0,24.01,Standard Risk (<=80%)
5025501,GA,Cobb    ,Single Family (1-4 Units):Site-Built,203931.0,55000.0,26.97,Standard Risk (<=80%)
5025504,FL,Brevard    ,Single Family (1-4 Units):Site-Built,391667.0,235000.0,60.0,Standard Risk (<=80%)
5025658,CT,Hartford    ,Single Family (1-4 Units):Site-Built,256250.0,205000.0,80.0,Standard Risk (<=80%)
5025722,TX,Collin    ,Single Family (1-4 Units):Site-Built,460162.0,365000.0,79.32,Standard Risk (<=80%)
5026074,CA,San Benito   ,Single Family (1-4 Units):Site-Built,664180.0,445000.0,67.0,Standard Risk (<=80%)
5026156,FL,Volusia    ,Single Family (1-4 Units):Site-Built,224346.0,155000.0,69.09,Standard Risk (<=80%)
5026363,GA,Fannin    ,Single Family (1-4 Units):Site-Built,412227.0,205000.0,49.73,Standard Risk (<=80%)
5026436,FL,Collier    ,Single Family (1-4 Units):Site-Built,256250.0,205000.0,80.0,Standard Risk (<=80%)
5026476,VA,Chesapeake city   ,Single Family (1-4 Units):Site-Built,256250.0,205000.0,80.0,Standard Risk (<=80%)
5026534,CA,Fresno    ,Single Family (1-4 Units):Site-Built,506504.0,405000.0,79.96,Standard Risk (<=80%)
5026654,TN,Rhea    ,Single Family (1-4 Units):Site-Built,200033.0,125000.0,62.49,Standard Risk (<=80%)
5026927,NE,Douglas    ,Single Family (1-4 Units):Site-Built,317244.0,255000.0,80.38,High Risk (>80%)
5027055,CA,Santa Barbara   ,Single Family (1-4 Units):Site-Built,967273.0,665000.0,68.75,Standard Risk (<=80%)
5027150,FL,Miami-Dade,Single Family (1-4 Units):Site-Built,268478.0,85000.0,31.66,Standard Risk (<=80%)
5027246,IL,Cook    ,Single Family (1-4 Units):Site-Built,316032.0,165000.0,52.21,Standard Risk (<=80%)
5027402,GA,Gwinnett    ,Single Family (1-4 Units):Site-Built,346775.0,215000.0,62.0,Standard Risk (<=80%)
5027579,VA,Spotsylvania    ,Single Family (1-4 Units):Site-Built,368750.0,295000.0,80.0,Standard Risk (<=80%)
5027848,CA,Alameda    ,Single Family (1-4 Units):Site-Built,1077587.0,625000.0,58.0,Standard Risk (<=80%)
5027918,NJ,Hudson    ,Single Family (1-4 Units):Site-Built,470000.0,235000.0,50.0,Standard Risk (<=80%)
5027995,AZ,Yuma    ,Single Family (1-4 Units):Site-Built,155556.0,105000.0,67.5,Standard Risk (<=80%)
5028104,MI,Wayne    ,Single Family (1-4 Units):Site-Built,452250.0,385000.0,85.13,High Risk (>80%)
5028112,CA,Sacramento    ,Single Family (1-4 Units):Site-Built,300000.0,165000.0,55.0,Standard Risk (<=80%)
5028636,CA,San Diego   ,Single Family (1-4 Units):Site-Built,453847.0,295000.0,65.0,Standard Risk (<=80%)
5028736,RI,Kent    ,Single Family (1-4 Units):Site-Built,265152.0,175000.0,66.0,Standard Risk (<=80%)
5028862,CA,San Bernardino   ,Single Family (1-4 Units):Site-Built,583334.0,245000.0,42.0,Standard Risk (<=80%)
5028926,AZ,Pima    ,Single Family (1-4 Units):Site-Built,493921.0,195000.0,39.48,Standard Risk (<=80%)
5028994,GA,Monroe    ,Single Family (1-4 Units):Site-Built,251163.0,135000.0,53.75,Standard Risk (<=80%)
5029098,NJ,Middlesex    ,Single Family (1-4 Units):Site-Built,461146.0,235000.0,50.96,Standard Risk (<=80%)
5029318,FL,Pasco    ,Single Family (1-4 Units):Site-Built,300000.0,225000.0,75.0,Standard Risk (<=80%)
5029506,TX,Fort Bend   ,Single Family (1-4 Units):Site-Built,1003558.0,835000.0,83.2,High Risk (>80%)
5029510,CA,Contra Costa   ,Single Family (1-4 Units):Site-Built,552632.0,525000.0,95.0,High Risk (>80%)
5029522,NY,Suffolk    ,Single Family (1-4 Units):Site-Built,416272.0,395000.0,94.89,High Risk (>80%)
5029526,GA,Coweta    ,Single Family (1-4 Units):Site-Built,336969.0,275000.0,81.61,High Risk (>80%)
5029864,TN,Madison    ,Single Family (1-4 Units):Site-Built,293773.0,225000.0,76.59,Standard Risk (<=80%)
5030151,MO,Greene    ,Single Family (1-4 Units):Site-Built,346154.0,225000.0,65.0,Standard Risk (<=80%)
5030324,CA,Sacramento    ,Single Family (1-4 Units):Site-Built,531250.0,425000.0,80.0,Standard Risk (<=80%)
5030388,CA,Contra Costa   ,Single Family (1-4 Units):Site-Built,970111.0,555000.0,57.21,Standard Risk (<=80%)
5030508,CA,San Diego   ,Single Family (1-4 Units):Site-Built,555176.0,325000.0,58.54,Standard Risk (<=80%)
5030553,TX,Lubbock    ,Single Family (1-4 Units):Site-Built,359502.0,245000.0,68.15,Standard Risk (<=80%)
5030561,FL,Hillsborough    ,Single Family (1-4 Units):Site-Built,354839.0,165000.0,46.5,Standard Risk (<=80%)
5030749,NC,Wake    ,Single Family (1-4 Units):Site-Built,567003.0,355000.0,62.61,Standard Risk (<=80%)
5030761,TX,Dallas    ,Single Family (1-4 Units):Site-Built,223574.0,125000.0,55.91,Standard Risk (<=80%)
5031030,AR,Yell    ,Single Family (1-4 Units):Site-Built,296656.0,165000.0,55.62,Standard Risk (<=80%)
5031306,MD,Harford    ,Single Family (1-4 Units):Site-Built,337534.0,225000.0,66.66,Standard Risk (<=80%)
5031524,CA,San Mateo   ,Single Family (1-4 Units):Site-Built,984849.0,325000.0,33.0,Standard Risk (<=80%)
5031535,MI,Oakland    ,Single Family (1-4 Units):Site-Built,316627.0,235000.0,74.22,Standard Risk (<=80%)
5031550,TX,Fort Bend   ,Single Family (1-4 Units):Site-Built,468750.0,375000.0,80.0,Standard Risk (<=80%)
5031804,VA,Virginia Beach city  ,Single Family (1-4 Units):Site-Built,324725.0,215000.0,66.21,Standard Risk (<=80%)
5031876,CA,Orange    ,Single Family (1-4 Units):Site-Built,515724.0,205000.0,39.75,Standard Risk (<=80%)
5032208,TX,Montgomery    ,Single Family (1-4 Units):Site-Built,346872.0,275000.0,79.28,Standard Risk (<=80%)
5032257,WA,King    ,Single Family (1-4 Units):Site-Built,562318.0,365000.0,64.91,Standard Risk (<=80%)
5032277,CA,San Francisco   ,Single Family (1-4 Units):Site-Built,1410336.0,685000.0,48.57,Standard Risk (<=80%)
5032367,KY,Christian    ,Single Family (1-4 Units):Site-Built,114707.0,95000.0,82.82,High Risk (>80%)
5032657,CA,San Diego   ,Single Family (1-4 Units):Site-Built,398180.0,245000.0,61.53,Standard Risk (<=80%)
5032715,NV,Clark    ,Single Family (1-4 Units):Site-Built,595326.0,405000.0,68.03,Standard Risk (<=80%)
5032802,VA,Fairfax    ,Single Family (1-4 Units):Site-Built,183111.0,85000.0,46.42,Standard Risk (<=80%)
5033072,NY,Nassau    ,Single Family (1-4 Units):Site-Built,791367.0,385000.0,48.65,Standard Risk (<=80%)
5033101,CA,Riverside    ,Single Family (1-4 Units):Site-Built,430395.0,145000.0,33.69,Standard Risk (<=80%)
5033160,MN,Anoka    ,Single Family (1-4 Units):Site-Built,366667.0,275000.0,75.0,Standard Risk (<=80%)
5033918,IN,St. Joseph   ,Single Family (1-4 Units):Site-Built,163037.0,125000.0,76.67,Standard Risk (<=80%)
5034199,TX,Dallas    ,Single Family (1-4 Units):Site-Built,844962.0,545000.0,64.5,Standard Risk (<=80%)
5034442,NV,Clark    ,Single Family (1-4 Units):Site-Built,288462.0,75000.0,26.0,Standard Risk (<=80%)
5034784,FL,Escambia    ,Single Family (1-4 Units):Site-Built,253624.0,175000.0,69.0,Standard Risk (<=80%)
5034878,IN,Allen    ,Single Family (1-4 Units):Site-Built,142046.0,105000.0,73.92,Standard Risk (<=80%)
5035246,MN,Ramsey    ,Single Family (1-4 Units):Site-Built,170030.0,75000.0,44.11,Standard Risk (<=80%)
5035286,MI,Cass    ,Single Family (1-4 Units):Site-Built,337534.0,225000.0,66.66,Standard Risk (<=80%)
5035298,GA,Cobb    ,Single Family (1-4 Units):Site-Built,261745.0,195000.0,74.5,Standard Risk (<=80%)
5035309,NY,Queens    ,Single Family (1-4 Units):Site-Built,663027.0,255000.0,38.46,Standard Risk (<=80%)
5035346,SC,York    ,Single Family (1-4 Units):Site-Built,505541.0,365000.0,72.2,Standard Risk (<=80%)
5035419,VA,Northampton    ,Single Family (1-4 Units):Site-Built,361578.0,265000.0,73.29,Standard Risk (<=80%)
5035429,PA,Allegheny    ,Single Family (1-4 Units):Site-Built,593750.0,475000.0,80.0,Standard Risk (<=80%)
5035497,CO,Adams    ,Single Family (1-4 Units):Site-Built,758766.0,435000.0,57.33,Standard Risk (<=80%)
5035649,MI,Wayne    ,Single Family (1-4 Units):Site-Built,208597.0,165000.0,79.1,Standard Risk (<=80%)
5035863,CA,Marin    ,Single Family (1-4 Units):Site-Built,525051.0,415000.0,79.04,Standard Risk (<=80%)
5035893,IL,Madison    ,Single Family (1-4 Units):Site-Built,115302.0,85000.0,73.72,Standard Risk (<=80%)
5035936,ME,Oxford    ,Single Family (1-4 Units):Site-Built,234704.0,145000.0,61.78,Standard Risk (<=80%)
5036031,CA,Contra Costa   ,Single Family (1-4 Units):Site-Built,820097.0,475000.0,57.92,Standard Risk (<=80%)
5036063,CA,Santa Clara   ,Single Family (1-4 Units):Site-Built,1038782.0,825000.0,79.42,Standard Risk (<=80%)
5036218,VA,Warren    ,Single Family (1-4 Units):Site-Built,418750.0,335000.0,80.0,Standard Risk (<=80%)
5036225,TX,Bexar    ,Single Family (1-4 Units):Site-Built,672646.0,465000.0,69.13,Standard Risk (<=80%)
5036494,MA,Middlesex    ,Single Family (1-4 Units):Site-Built,906250.0,725000.0,80.0,Standard Risk (<=80%)
5036609,OR,Washington    ,Single Family (1-4 Units):Site-Built,398744.0,165000.0,41.38,Standard Risk (<=80%)
5036618,CA,Orange    ,Single Family (1-4 Units):Site-Built,688762.0,505000.0,73.32,Standard Risk (<=80%)
5036847,MI,Oakland    ,Single Family (1-4 Units):Site-Built,226316.0,215000.0,95.0,High Risk (>80%)
5036979,CA,Solano    ,Single Family (1-4 Units):Site-Built,453680.0,405000.0,89.27,High Risk (>80%)
5037013,CA,Riverside    ,Single Family (1-4 Units):Site-Built,446667.0,335000.0,75.0,Standard Risk (<=80%)
5037100,OK,Wagoner    ,Single Family (1-4 Units):Site-Built,303031.0,235000.0,77.55,Standard Risk (<=80%)
5037150,NH,Rockingham    ,Single Family (1-4 Units):Site-Built,236843.0,225000.0,95.0,High Risk (>80%)
5037558,CT,Fairfield    ,Single Family (1-4 Units):Site-Built,500000.0,255000.0,51.0,Standard Risk (<=80%)
5037614,TX,Harris    ,Single Family (1-4 Units):Site-Built,298052.0,205000.0,68.78,Standard Risk (<=80%)
5024081,AR,Grant    ,Single Family (1-4 Units):Site-Built,161291.0,95000.0,58.9,Standard Risk (<=80%)
5024107,AZ,Pinal    ,Single Family (1-4 Units):Site-Built,367836.0,215000.0,58.45,Standard Risk (<=80%)
5024124,MI,Ogemaw    ,Single Family (1-4 Units):Site-Built,214286.0,135000.0,63.0,Standard Risk (<=80%)
5024129,FL,Hernando    ,Single Family (1-4 Units):Site-Built,120482.0,75000.0,62.25,Standard Risk (<=80%)
5024180,MD,Prince George   ,Single Family (1-4 Units):Site-Built,433334.0,325000.0,75.0,Standard Risk (<=80%)
5024195,CA,San Diego   ,Single Family (1-4 Units):Site-Built,712301.0,205000.0,28.78,Standard Risk (<=80%)
5024198,WA,Franklin    ,Single Family (1-4 Units):Site-Built,446075.0,225000.0,50.44,Standard Risk (<=80%)
5024207,MD,Montgomery    ,Single Family (1-4 Units):Site-Built,283506.0,275000.0,97.0,High Risk (>80%)
5024302,IA,Polk    ,Single Family (1-4 Units):Site-Built,209182.0,185000.0,88.44,High Risk (>80%)
5024320,NH,Merrimack    ,Single Family (1-4 Units):Site-Built,366162.0,145000.0,39.6,Standard Risk (<=80%)
5024361,CA,Placer    ,Single Family (1-4 Units):Site-Built,821155.0,545000.0,66.37,Standard Risk (<=80%)
5024540,CT,Hartford    ,Single Family (1-4 Units):Site-Built,198359.0,145000.0,73.1,Standard Risk (<=80%)
5024557,CA,Solano    ,Single Family (1-4 Units):Site-Built,640488.0,305000.0,47.62,Standard Risk (<=80%)
5024597,FL,Broward    ,Single Family (1-4 Units):Site-Built,440576.0,205000.0,46.53,Standard Risk (<=80%)
5024640,PA,Clinton    ,Single Family (1-4 Units):Site-Built,144965.0,115000.0,79.33,Standard Risk (<=80%)
5024683,AZ,Maricopa    ,Single Family (1-4 Units):Site-Built,365016.0,255000.0,69.86,Standard Risk (<=80%)
5024695,NY,Monroe    ,Single Family (1-4 Units):Site-Built,138633.0,75000.0,54.1,Standard Risk (<=80%)
5024741,AL,Calhoun    ,Single Family (1-4 Units):Site-Built,398735.0,315000.0,79.0,Standard Risk (<=80%)
5024757,NC,Wake    ,Single Family (1-4 Units):Site-Built,360104.0,265000.0,73.59,Standard Risk (<=80%)
5024794,FL,Orange    ,Single Family (1-4 Units):Site-Built,220000.0,165000.0,75.0,Standard Risk (<=80%)
5024837,WA,Pierce    ,Single Family (1-4 Units):Site-Built,773685.0,735000.0,95.0,High Risk (>80%)
5024950,FL,Brevard    ,Single Family (1-4 Units):Site-Built,304697.0,205000.0,67.28,Standard Risk (<=80%)
5025001,IL,Lake    ,Single Family (1-4 Units):Site-Built,486936.0,205000.0,42.1,Standard Risk (<=80%)
5025064,CA,Orange    ,Single Family (1-4 Units):Site-Built,783797.0,505000.0,64.43,Standard Risk (<=80%)
5025065,IA,Jasper    ,Single Family (1-4 Units):Site-Built,128206.0,75000.0,58.5,Standard Risk (<=80%)
5025077,GA,Henry    ,Single Family (1-4 Units):Site-Built,377900.0,145000.0,38.37,Standard Risk (<=80%)
5025233,AZ,Maricopa    ,Single Family (1-4 Units):Site-Built,601180.0,265000.0,44.08,Standard Risk (<=80%)
5025289,CO,Garfield    ,Single Family (1-4 Units):Site-Built,853034.0,765000.0,89.68,High Risk (>80%)
5025300,MA,Middlesex    ,Single Family (1-4 Units):Site-Built,635594.0,375000.0,59.0,Standard Risk (<=80%)
5025339,CA,Contra Costa   ,Single Family (1-4 Units):Site-Built,618645.0,365000.0,59.0,Standard Risk (<=80%)
5025397,TX,San Patricio   ,Single Family (1-4 Units):Site-Built,289305.0,175000.0,60.49,Standard Risk (<=80%)
5025426,KY,Bullitt    ,Single Family (1-4 Units):Site-Built,206250.0,165000.0,80.0,Standard Risk (<=80%)
5025444,FL,Pinellas    ,Single Family (1-4 Units):Site-Built,131250.0,105000.0,80.0,Standard Risk (<=80%)
5025468,OR,Lane    ,Single Family (1-4 Units):Site-Built,278482.0,165000.0,59.25,Standard Risk (<=80%)
5025481,NJ,Bergen    ,Single Family (1-4 Units):Site-Built,815851.0,455000.0,55.77,Standard Risk (<=80%)
5025553,FL,Broward    ,Single Family (1-4 Units):Site-Built,598439.0,345000.0,57.65,Standard Risk (<=80%)
5025568,GA,Upson    ,Single Family (1-4 Units):Site-Built,331250.0,265000.0,80.0,Standard Risk (<=80%)
5025576,IN,Allen    ,Single Family (1-4 Units):Site-Built,146051.0,115000.0,78.74,Standard Risk (<=80%)
5025585,FL,Duval    ,Single Family (1-4 Units):Site-Built,131579.0,125000.0,95.0,High Risk (>80%)
5025607,OH,Wood    ,Single Family (1-4 Units):Site-Built,446667.0,335000.0,75.0,Standard Risk (<=80%)
5025642,AL,Baldwin    ,Single Family (1-4 Units):Site-Built,198080.0,165000.0,83.3,High Risk (>80%)
5025666,KY,Bullitt    ,Single Family (1-4 Units):Site-Built,145976.0,105000.0,71.93,Standard Risk (<=80%)
5025709,TN,Sullivan    ,Single Family (1-4 Units):Site-Built,536865.0,375000.0,69.85,Standard Risk (<=80%)
5025712,TX,Bexar    ,Single Family (1-4 Units):Site-Built,296053.0,225000.0,76.0,Standard Risk (<=80%)
5025719,CA,San Joaquin   ,Single Family (1-4 Units):Site-Built,582628.0,385000.0,66.08,Standard Risk (<=80%)
5025762,PA,Lehigh    ,Single Family (1-4 Units):Site-Built,243422.0,185000.0,76.0,Standard Risk (<=80%)
5025897,CA,Sacramento    ,Single Family (1-4 Units):Site-Built,757813.0,485000.0,64.0,Standard Risk (<=80%)
5025901,GA,Clayton    ,Single Family (1-4 Units):Site-Built,378572.0,265000.0,70.0,Standard Risk (<=80%)
5025921,LA,Lafourche Parish   ,Single Family (1-4 Units):Site-Built,312500.0,175000.0,56.0,Standard Risk (<=80%)
5025930,WA,King    ,Single Family (1-4 Units):Site-Built,849991.0,455000.0,53.53,Standard Risk (<=80%)
5025971,PA,Cambria    ,Single Family (1-4 Units):Site-Built,108248.0,105000.0,97.0,High Risk (>80%)
5026036,GA,Forsyth    ,Single Family (1-4 Units):Site-Built,452993.0,305000.0,67.33,Standard Risk (<=80%)
5026161,IL,Kane    ,Single Family (1-4 Units):Site-Built,293750.0,235000.0,80.0,Standard Risk (<=80%)
5026230,NV,Lyon    ,Single Family (1-4 Units):Site-Built,420000.0,105000.0,25.0,Standard Risk (<=80%)
5026251,AZ,Mohave    ,Single Family (1-4 Units):Site-Built,431673.0,175000.0,40.54,Standard Risk (<=80%)
5026302,IN,Porter    ,Single Family (1-4 Units):Site-Built,335736.0,205000.0,61.06,Standard Risk (<=80%)
5026321,NJ,Hudson    ,Single Family (1-4 Units):Site-Built,393234.0,265000.0,67.39,Standard Risk (<=80%)
5026357,IN,Johnson    ,Single Family (1-4 Units):Site-Built,137542.0,95000.0,69.07,Standard Risk (<=80%)
5026373,CA,Contra Costa   ,Single Family (1-4 Units):Site-Built,757143.0,265000.0,35.0,Standard Risk (<=80%)
5026404,CA,Sacramento    ,Single Family (1-4 Units):Site-Built,340793.0,265000.0,77.76,Standard Risk (<=80%)
5026422,WA,Thurston    ,Single Family (1-4 Units):Site-Built,486667.0,365000.0,75.0,Standard Risk (<=80%)
5026556,MI,Oakland    ,Single Family (1-4 Units):Site-Built,507143.0,355000.0,70.0,Standard Risk (<=80%)
5026575,MI,St. Clair   ,Single Family (1-4 Units):Site-Built,328577.0,175000.0,53.26,Standard Risk (<=80%)
5026577,NH,Hillsborough    ,Single Family (1-4 Units):Site-Built,414053.0,165000.0,39.85,Standard Risk (<=80%)
5026608,OR,Washington    ,Single Family (1-4 Units):Site-Built,294267.0,175000.0,59.47,Standard Risk (<=80%)
5026635,UT,Utah    ,Single Family (1-4 Units):Site-Built,370589.0,315000.0,85.0,High Risk (>80%)
5026701,IN,Union    ,Single Family (1-4 Units):Site-Built,119242.0,95000.0,79.67,Standard Risk (<=80%)
5026722,CA,Los Angeles   ,Single Family (1-4 Units):Site-Built,3337875.0,735000.0,22.02,Standard Risk (<=80%)
5026785,GA,Forsyth    ,Single Family (1-4 Units):Site-Built,356250.0,285000.0,80.0,Standard Risk (<=80%)
5026890,CA,Los Angeles   ,Single Family (1-4 Units):Site-Built,1153196.0,545000.0,47.26,Standard Risk (<=80%)
5027007,CO,El Paso   ,Single Family (1-4 Units):Site-Built,354546.0,195000.0,55.0,Standard Risk (<=80%)
5027060,AZ,Maricopa    ,Single Family (1-4 Units):Site-Built,381250.0,305000.0,80.0,Standard Risk (<=80%)
5027160,MD,Anne Arundel   ,Single Family (1-4 Units):Site-Built,328948.0,125000.0,38.0,Standard Risk (<=80%)
5027360,NJ,Ocean    ,Single Family (1-4 Units):Site-Built,2426667.0,455000.0,18.75,Standard Risk (<=80%)
5027366,WY,Laramie    ,Single Family (1-4 Units):Site-Built,452048.0,255000.0,56.41,Standard Risk (<=80%)
5027568,KS,Johnson    ,Single Family (1-4 Units):Site-Built,267242.0,155000.0,58.0,Standard Risk (<=80%)
5027626,PA,Northampton    ,Single Family (1-4 Units):Site-Built,180012.0,125000.0,69.44,Standard Risk (<=80%)
5027661,NY,Bronx    ,Single Family (1-4 Units):Site-Built,566667.0,425000.0,75.0,Standard Risk (<=80%)
5027696,DC,District of Columbia  ,Single Family (1-4 Units):Site-Built,1225491.0,625000.0,51.0,Standard Risk (<=80%)
5027714,CA,Los Angeles   ,Single Family (1-4 Units):Site-Built,598637.0,325000.0,54.29,Standard Risk (<=80%)
5027724,NJ,Union    ,Single Family (1-4 Units):Site-Built,446667.0,335000.0,75.0,Standard Risk (<=80%)
5027787,CA,Los Angeles   ,Single Family (1-4 Units):Site-Built,1064103.0,415000.0,39.0,Standard Risk (<=80%)
5027837,IL,Kane    ,Single Family (1-4 Units):Site-Built,272152.0,215000.0,79.0,Standard Risk (<=80%)
5027888,AZ,Maricopa    ,Single Family (1-4 Units):Site-Built,406667.0,305000.0,75.0,Standard Risk (<=80%)
5027915,CA,Sacramento    ,Single Family (1-4 Units):Site-Built,406250.0,325000.0,80.0,Standard Risk (<=80%)
5027931,FL,Orange    ,Single Family (1-4 Units):Site-Built,499628.0,335000.0,67.05,Standard Risk (<=80%)
5027948,CA,El Dorado   ,Single Family (1-4 Units):Site-Built,615062.0,205000.0,33.33,Standard Risk (<=80%)
5027990,SC,Oconee    ,Single Family (1-4 Units):Site-Built,225033.0,105000.0,46.66,Standard Risk (<=80%)
5028155,MO,Jefferson    ,Single Family (1-4 Units):Site-Built,229486.0,165000.0,71.9,Standard Risk (<=80%)
5028299,NJ,Union    ,Single Family (1-4 Units):Site-Built,403847.0,315000.0,78.0,Standard Risk (<=80%)
5028344,AZ,Maricopa    ,Single Family (1-4 Units):Site-Built,635715.0,445000.0,70.0,Standard Risk (<=80%)
5028382,MN,Wright    ,Single Family (1-4 Units):Site-Built,221429.0,155000.0,70.0,Standard Risk (<=80%)
5028446,GA,Forsyth    ,Single Family (1-4 Units):Site-Built,350000.0,245000.0,70.0,Standard Risk (<=80%)
5028608,NC,Craven    ,Single Family (1-4 Units):Site-Built,422644.0,165000.0,39.04,Standard Risk (<=80%)
5028747,NC,Nash    ,Single Family (1-4 Units):Site-Built,227408.0,115000.0,50.57,Standard Risk (<=80%)
5028754,PA,Bucks    ,Single Family (1-4 Units):Site-Built,586539.0,305000.0,52.0,Standard Risk (<=80%)
5028810,OK,Tulsa    ,Single Family (1-4 Units):Site-Built,181499.0,155000.0,85.4,High Risk (>80%)
5028867,NC,Catawba    ,Single Family (1-4 Units):Site-Built,227772.0,135000.0,59.27,Standard Risk (<=80%)
5028915,TX,Van Zandt   ,Single Family (1-4 Units):Site-Built,294329.0,205000.0,69.65,Standard Risk (<=80%)
5028962,MI,Ottawa    ,Single Family (1-4 Units):Site-Built,389078.0,275000.0,70.68,Standard Risk (<=80%)
5029020,CA,Santa Clara   ,Single Family (1-4 Units):Site-Built,3193682.0,465000.0,14.56,Standard Risk (<=80%)
5029100,TN,Weakley    ,Single Family (1-4 Units):Site-Built,154824.0,95000.0,61.36,Standard Risk (<=80%)
5029107,MI,Ingham    ,Single Family (1-4 Units):Site-Built,318750.0,255000.0,80.0,Standard Risk (<=80%)
5029117,GA,Walton    ,Single Family (1-4 Units):Site-Built,224508.0,155000.0,69.04,Standard Risk (<=80%)
5029122,VA,Prince George   ,Single Family (1-4 Units):Site-Built,486418.0,265000.0,54.48,Standard Risk (<=80%)
5029263,DC,District of Columbia  ,Single Family (1-4 Units):Site-Built,737734.0,645000.0,87.43,High Risk (>80%)
5029283,IA,Winneshiek    ,Single Family (1-4 Units):Site-Built,343138.0,175000.0,51.0,Standard Risk (<=80%)
5029333,MD,Anne Arundel   ,Single Family (1-4 Units):Site-Built,590000.0,295000.0,50.0,Standard Risk (<=80%)
5029372,NJ,Middlesex    ,Single Family (1-4 Units):Site-Built,558552.0,145000.0,25.96,Standard Risk (<=80%)
5029394,IL,DuPage    ,Single Family (1-4 Units):Site-Built,344424.0,235000.0,68.23,Standard Risk (<=80%)
5029434,VA,Fairfax    ,Single Family (1-4 Units):Site-Built,781250.0,625000.0,80.0,Standard Risk (<=80%)
5029541,TX,Hardin    ,Single Family (1-4 Units):Site-Built,249936.0,195000.0,78.02,Standard Risk (<=80%)
5029551,FL,Osceola    ,Single Family (1-4 Units):Site-Built,300000.0,285000.0,95.0,High Risk (>80%)
5029619,CA,Alameda    ,Single Family (1-4 Units):Site-Built,648000.0,405000.0,62.5,Standard Risk (<=80%)
5029829,UT,Washington    ,Single Family (1-4 Units):Site-Built,369576.0,155000.0,41.94,Standard Risk (<=80%)
5029835,FL,Pasco    ,Single Family (1-4 Units):Site-Built,169056.0,125000.0,73.94,Standard Risk (<=80%)
5029940,MN,Ramsey    ,Single Family (1-4 Units):Site-Built,272504.0,155000.0,56.88,Standard Risk (<=80%)
5029969,FL,Orange    ,Single Family (1-4 Units):Site-Built,300000.0,285000.0,95.0,High Risk (>80%)
5029974,PA,Allegheny    ,Single Family (1-4 Units):Site-Built,319121.0,235000.0,73.64,Standard Risk (<=80%)
5029989,TX,Denton    ,Single Family (1-4 Units):Site-Built,345071.0,245000.0,71.0,Standard Risk (<=80%)
5030080,AZ,Maricopa    ,Single Family (1-4 Units):Site-Built,966667.0,435000.0,45.0,Standard Risk (<=80%)
5030095,MI,Macomb    ,Single Family (1-4 Units):Site-Built,313284.0,125000.0,39.9,Standard Risk (<=80%)
5030099,FL,Polk    ,Single Family (1-4 Units):Site-Built,239443.0,165000.0,68.91,Standard Risk (<=80%)
5030132,FL,Charlotte    ,Single Family (1-4 Units):Site-Built,215278.0,155000.0,72.0,Standard Risk (<=80%)
5030146,CA,Los Angeles   ,Single Family (1-4 Units):Site-Built,615100.0,365000.0,59.34,Standard Risk (<=80%)
5030333,NE,Dodge    ,Single Family (1-4 Units):Site-Built,128013.0,85000.0,66.4,Standard Risk (<=80%)
5030401,NY,Suffolk    ,Single Family (1-4 Units):Site-Built,358188.0,245000.0,68.4,Standard Risk (<=80%)
5030449,GA,Cherokee    ,Single Family (1-4 Units):Site-Built,594522.0,395000.0,66.44,Standard Risk (<=80%)
5030451,GA,Fannin    ,Single Family (1-4 Units):Site-Built,325652.0,195000.0,59.88,Standard Risk (<=80%)
5030499,CA,San Bernardino   ,Single Family (1-4 Units):Site-Built,464286.0,325000.0,70.0,Standard Risk (<=80%)
5030591,CA,San Diego   ,Single Family (1-4 Units):Site-Built,860000.0,645000.0,75.0,Standard Risk (<=80%)
5030634,MI,Kalamazoo    ,Single Family (1-4 Units):Site-Built,141758.0,105000.0,74.07,Standard Risk (<=80%)
5030701,CA,Los Angeles   ,Single Family (1-4 Units):Site-Built,956250.0,765000.0,80.0,Standard Risk (<=80%)
5030776,NC,Stanly    ,Single Family (1-4 Units):Site-Built,166995.0,85000.0,50.9,Standard Risk (<=80%)
5030953,AZ,Maricopa    ,Single Family (1-4 Units):Site-Built,461281.0,165000.0,35.77,Standard Risk (<=80%)
5031133,GA,Hall    ,Single Family (1-4 Units):Site-Built,216418.0,145000.0,67.0,Standard Risk (<=80%)
5031172,CA,Stanislaus    ,Single Family (1-4 Units):Site-Built,386488.0,135000.0,34.93,Standard Risk (<=80%)
5031275,VA,Spotsylvania    ,Single Family (1-4 Units):Site-Built,442583.0,375000.0,84.73,High Risk (>80%)
5031358,VA,Roanoke    ,Single Family (1-4 Units):Site-Built,943750.0,755000.0,80.0,Standard Risk (<=80%)
5031502,CA,Riverside    ,Single Family (1-4 Units):Site-Built,520834.0,375000.0,72.0,Standard Risk (<=80%)
5031624,TX,Dallas    ,Single Family (1-4 Units):Site-Built,499858.0,175000.0,35.01,Standard Risk (<=80%)
5031661,KS,Nemaha    ,Single Family (1-4 Units):Site-Built,125000.0,75000.0,60.0,Standard Risk (<=80%)
5031691,CA,Alameda    ,Single Family (1-4 Units):Site-Built,970137.0,575000.0,59.27,Standard Risk (<=80%)
5031698,CO,El Paso   ,Single Family (1-4 Units):Site-Built,320014.0,185000.0,57.81,Standard Risk (<=80%)
5031818,AZ,Santa Cruz   ,Single Family (1-4 Units):Site-Built,226563.0,145000.0,64.0,Standard Risk (<=80%)
5031947,GA,Houston    ,Single Family (1-4 Units):Site-Built,281250.0,225000.0,80.0,Standard Risk (<=80%)
5031951,IL,McHenry    ,Single Family (1-4 Units):Site-Built,331250.0,265000.0,80.0,Standard Risk (<=80%)
5031966,TN,Bradley    ,Single Family (1-4 Units):Site-Built,441326.0,305000.0,69.11,Standard Risk (<=80%)
5031993,NC,Mecklenburg    ,Single Family (1-4 Units):Site-Built,1127371.0,765000.0,67.86,Standard Risk (<=80%)
5032060,AZ,Pinal    ,Single Family (1-4 Units):Site-Built,383558.0,265000.0,69.09,Standard Risk (<=80%)
5032062,MN,Dakota    ,Single Family (1-4 Units):Site-Built,497211.0,205000.0,41.23,Standard Risk (<=80%)
5032097,NC,Franklin    ,Single Family (1-4 Units):Site-Built,294036.0,105000.0,35.71,Standard Risk (<=80%)
5032125,CA,Los Angeles   ,Single Family (1-4 Units):Site-Built,581008.0,435000.0,74.87,Standard Risk (<=80%)
5032140,NY,Niagara    ,Single Family (1-4 Units):Site-Built,100000.0,85000.0,85.0,High Risk (>80%)
5032182,MA,Middlesex    ,Single Family (1-4 Units):Site-Built,1620000.0,405000.0,25.0,Standard Risk (<=80%)
5032240,KY,Jefferson    ,Single Family (1-4 Units):Site-Built,286178.0,265000.0,92.6,High Risk (>80%)
5032267,VA,Henrico    ,Single Family (1-4 Units):Site-Built,391667.0,235000.0,60.0,Standard Risk (<=80%)
5032293,DC,District of Columbia  ,Single Family (1-4 Units):Site-Built,571499.0,235000.0,41.12,Standard Risk (<=80%)
5032299,AZ,Maricopa    ,Single Family (1-4 Units):Site-Built,225023.0,75000.0,33.33,Standard Risk (<=80%)
5032345,MT,Silver Bow   ,Single Family (1-4 Units):Site-Built,260024.0,155000.0,59.61,Standard Risk (<=80%)
5032377,TX,Denton    ,Single Family (1-4 Units):Site-Built,394231.0,205000.0,52.0,Standard Risk (<=80%)
5032445,TX,Collin    ,Single Family (1-4 Units):Site-Built,435613.0,365000.0,83.79,High Risk (>80%)
5032481,CA,Riverside    ,Single Family (1-4 Units):Site-Built,556250.0,445000.0,80.0,Standard Risk (<=80%)
5032518,FL,Brevard    ,Single Family (1-4 Units):Site-Built,345589.0,235000.0,68.0,Standard Risk (<=80%)
5032663,TX,Denton    ,Single Family (1-4 Units):Site-Built,310000.0,155000.0,50.0,Standard Risk (<=80%)
5032682,FL,Broward    ,Single Family (1-4 Units):Site-Built,577170.0,405000.0,70.17,Standard Risk (<=80%)
5032809,TX,Kaufman    ,Single Family (1-4 Units):Site-Built,322196.0,135000.0,41.9,Standard Risk (<=80%)
5032944,OR,Linn    ,Single Family (1-4 Units):Site-Built,478948.0,455000.0,95.0,High Risk (>80%)
5032949,WA,Grays Harbor   ,Single Family (1-4 Units):Site-Built,384211.0,365000.0,95.0,High Risk (>80%)
5032958,MI,Livingston    ,Single Family (1-4 Units):Site-Built,281250.0,225000.0,80.0,Standard Risk (<=80%)
5033003,SC,York    ,Single Family (1-4 Units):Site-Built,303572.0,255000.0,84.0,High Risk (>80%)
5033029,CA,Santa Clara   ,Single Family (1-4 Units):Site-Built,1017765.0,275000.0,27.02,Standard Risk (<=80%)
5033112,MA,Middlesex    ,Single Family (1-4 Units):Site-Built,592234.0,305000.0,51.5,Standard Risk (<=80%)
5033119,NC,Union    ,Single Family (1-4 Units):Site-Built,531551.0,155000.0,29.16,Standard Risk (<=80%)
5033141,MO,Jackson    ,Single Family (1-4 Units):Site-Built,199794.0,155000.0,77.58,Standard Risk (<=80%)
5033195,TX,Travis    ,Single Family (1-4 Units):Site-Built,404412.0,275000.0,68.0,Standard Risk (<=80%)
5033251,MI,Oakland    ,Single Family (1-4 Units):Site-Built,527427.0,275000.0,52.14,Standard Risk (<=80%)
5033264,OK,Le Flore   ,Single Family (1-4 Units):Site-Built,146740.0,115000.0,78.37,Standard Risk (<=80%)
5033452,AK,Anchorage Borough   ,Single Family (1-4 Units):Site-Built,120000.0,75000.0,62.5,Standard Risk (<=80%)
5033493,SC,Greenville    ,Single Family (1-4 Units):Site-Built,307319.0,215000.0,69.96,Standard Risk (<=80%)
5033563,NJ,Middlesex    ,Single Family (1-4 Units):Site-Built,325582.0,175000.0,53.75,Standard Risk (<=80%)
5033635,CA,Tulare    ,Single Family (1-4 Units):Site-Built,268194.0,185000.0,68.98,Standard Risk (<=80%)
5033672,MI,Macomb    ,Single Family (1-4 Units):Site-Built,225685.0,155000.0,68.68,Standard Risk (<=80%)
5033850,OH,Clermont    ,Single Family (1-4 Units):Site-Built,272059.0,185000.0,68.0,Standard Risk (<=80%)
5033855,CA,San Joaquin   ,Single Family (1-4 Units):Site-Built,519462.0,355000.0,68.34,Standard Risk (<=80%)
5033948,NC,Davidson    ,Single Family (1-4 Units):Site-Built,208097.0,165000.0,79.29,Standard Risk (<=80%)
5034055,CA,Sacramento    ,Single Family (1-4 Units):Site-Built,707143.0,495000.0,70.0,Standard Risk (<=80%)
5034060,TX,Collin    ,Single Family (1-4 Units):Site-Built,352632.0,335000.0,95.0,High Risk (>80%)
5034135,SC,Georgetown    ,Single Family (1-4 Units):Site-Built,297244.0,165000.0,55.51,Standard Risk (<=80%)
5034149,NJ,Somerset    ,Single Family (1-4 Units):Site-Built,446667.0,335000.0,75.0,Standard Risk (<=80%)
5034217,OK,Tulsa    ,Single Family (1-4 Units):Site-Built,493160.0,155000.0,31.43,Standard Risk (<=80%)
5034233,NJ,Monmouth    ,Single Family (1-4 Units):Site-Built,476930.0,215000.0,45.08,Standard Risk (<=80%)
5034270,VA,Fairfax    ,Single Family (1-4 Units):Site-Built,699353.0,475000.0,67.92,Standard Risk (<=80%)
5034289,CA,Kern    ,Single Family (1-4 Units):Site-Built,293997.0,215000.0,73.13,Standard Risk (<=80%)
5034295,SC,Horry    ,Single Family (1-4 Units):Site-Built,456250.0,365000.0,80.0,Standard Risk (<=80%)
5034391,UT,Utah    ,Single Family (1-4 Units):Site-Built,353334.0,265000.0,75.0,Standard Risk (<=80%)
5034463,DE,Sussex    ,Single Family (1-4 Units):Site-Built,286667.0,215000.0,75.0,Standard Risk (<=80%)
5034474,NY,Allegany    ,Single Family (1-4 Units):Site-Built,302735.0,155000.0,51.2,Standard Risk (<=80%)
5034513,IL,DuPage    ,Single Family (1-4 Units):Site-Built,268569.0,145000.0,53.99,Standard Risk (<=80%)
5034516,CA,Alameda    ,Single Family (1-4 Units):Site-Built,993619.0,545000.0,54.85,Standard Risk (<=80%)
5034545,PA,Montgomery    ,Single Family (1-4 Units):Site-Built,381169.0,285000.0,74.77,Standard Risk (<=80%)
5034697,CO,Boulder    ,Single Family (1-4 Units):Site-Built,575032.0,415000.0,72.17,Standard Risk (<=80%)
5034774,CA,Los Angeles   ,Single Family (1-4 Units):Site-Built,1014286.0,355000.0,35.0,Standard Risk (<=80%)
5034798,GA,DeKalb    ,Single Family (1-4 Units):Site-Built,379277.0,235000.0,61.96,Standard Risk (<=80%)
5034865,CA,Santa Clara   ,Single Family (1-4 Units):Site-Built,720709.0,545000.0,75.62,Standard Risk (<=80%)
5034951,HI,Hawaii    ,Single Family (1-4 Units):Site-Built,718750.0,575000.0,80.0,Standard Risk (<=80%)
5034990,CA,San Bernardino   ,Single Family (1-4 Units):Site-Built,912699.0,575000.0,63.0,Standard Risk (<=80%)
5034999,VA,Henrico    ,Single Family (1-4 Units):Site-Built,161538.0,95000.0,58.81,Standard Risk (<=80%)
5035006,NY,Ulster    ,Single Family (1-4 Units):Site-Built,420497.0,215000.0,51.13,Standard Risk (<=80%)
5035095,CA,Merced    ,Single Family (1-4 Units):Site-Built,434220.0,335000.0,77.15,Standard Risk (<=80%)
5035122,NJ,Ocean    ,Single Family (1-4 Units):Site-Built,193334.0,145000.0,75.0,Standard Risk (<=80%)
5035179,NY,Orange    ,Single Family (1-4 Units):Site-Built,271740.0,215000.0,79.12,Standard Risk (<=80%)
5035261,CA,San Diego   ,Single Family (1-4 Units):Site-Built,580000.0,435000.0,75.0,Standard Risk (<=80%)
5035266,PA,Chester    ,Single Family (1-4 Units):Site-Built,391375.0,265000.0,67.71,Standard Risk (<=80%)
5035290,CA,Santa Clara   ,Single Family (1-4 Units):Site-Built,1000000.0,355000.0,35.5,Standard Risk (<=80%)
5035396,WI,Kenosha    ,Single Family (1-4 Units):Site-Built,225799.0,195000.0,86.36,High Risk (>80%)
5035423,MI,Oakland    ,Single Family (1-4 Units):Site-Built,254088.0,115000.0,45.26,Standard Risk (<=80%)
5035454,OH,Franklin    ,Single Family (1-4 Units):Site-Built,216515.0,145000.0,66.97,Standard Risk (<=80%)
5035508,WV,Mercer    ,Single Family (1-4 Units):Site-Built,297733.0,235000.0,78.93,Standard Risk (<=80%)
5035519,CA,San Bernardino   ,Single Family (1-4 Units):Site-Built,595322.0,425000.0,71.39,Standard Risk (<=80%)
5035672,IA,Polk    ,Single Family (1-4 Units):Site-Built,142022.0,85000.0,59.85,Standard Risk (<=80%)
5035757,NC,Carteret    ,Single Family (1-4 Units):Site-Built,344626.0,235000.0,68.19,Standard Risk (<=80%)
5035902,PA,Westmoreland    ,Single Family (1-4 Units):Site-Built,184211.0,175000.0,95.0,High Risk (>80%)
5035908,CA,Placer    ,Single Family (1-4 Units):Site-Built,785168.0,595000.0,75.78,Standard Risk (<=80%)
5035954,UT,Salt Lake   ,Single Family (1-4 Units):Site-Built,425056.0,285000.0,67.05,Standard Risk (<=80%)
5035998,MA,Suffolk    ,Single Family (1-4 Units):Site-Built,625000.0,325000.0,52.0,Standard Risk (<=80%)
5036079,CO,El Paso   ,Single Family (1-4 Units):Site-Built,416667.0,375000.0,90.0,High Risk (>80%)
5036122,PA,Allegheny    ,Single Family (1-4 Units):Site-Built,338889.0,305000.0,90.0,High Risk (>80%)
5036158,MI,Kent    ,Single Family (1-4 Units):Site-Built,183407.0,105000.0,57.25,Standard Risk (<=80%)
5036233,HI,Honolulu    ,Single Family (1-4 Units):Site-Built,426755.0,245000.0,57.41,Standard Risk (<=80%)
5036250,CA,Del Norte   ,Single Family (1-4 Units):Site-Built,429583.0,255000.0,59.36,Standard Risk (<=80%)
5036296,MI,Lenawee    ,Single Family (1-4 Units):Site-Built,512155.0,335000.0,65.41,Standard Risk (<=80%)
5036305,NC,Cumberland    ,Single Family (1-4 Units):Site-Built,183471.0,105000.0,57.23,Standard Risk (<=80%)
5036315,NY,Westchester    ,Single Family (1-4 Units):Site-Built,884571.0,305000.0,34.48,Standard Risk (<=80%)
5036335,MT,Valley    ,Single Family (1-4 Units):Site-Built,386076.0,305000.0,79.0,Standard Risk (<=80%)
5036379,AZ,Pinal    ,Single Family (1-4 Units):Site-Built,213338.0,135000.0,63.28,Standard Risk (<=80%)
5036399,TN,Sumner    ,Single Family (1-4 Units):Site-Built,329654.0,215000.0,65.22,Standard Risk (<=80%)
5036435,NY,Clinton    ,Single Family (1-4 Units):Site-Built,544777.0,365000.0,67.0,Standard Risk (<=80%)
5036440,TN,Shelby    ,Single Family (1-4 Units):Site-Built,405661.0,215000.0,53.0,Standard Risk (<=80%)
5036468,AZ,Pinal    ,Single Family (1-4 Units):Site-Built,350129.0,205000.0,58.55,Standard Risk (<=80%)
5036554,CA,Los Angeles   ,Single Family (1-4 Units):Site-Built,737775.0,525000.0,71.16,Standard Risk (<=80%)
5036655,VA,Loudoun    ,Single Family (1-4 Units):Site-Built,891667.0,535000.0,60.0,Standard Risk (<=80%)
5036673,TX,Bexar    ,Single Family (1-4 Units):Site-Built,371771.0,295000.0,79.35,Standard Risk (<=80%)
5036679,AZ,Maricopa    ,Single Family (1-4 Units):Site-Built,516950.0,305000.0,59.0,Standard Risk (<=80%)
5036691,CA,Los Angeles   ,Single Family (1-4 Units):Site-Built,993489.0,595000.0,59.89,Standard Risk (<=80%)
5036862,IN,Clark    ,Single Family (1-4 Units):Site-Built,142515.0,95000.0,66.66,Standard Risk (<=80%)
5036949,UT,Utah    ,Single Family (1-4 Units):Site-Built,586426.0,305000.0,52.01,Standard Risk (<=80%)
5036975,NC,Surry    ,Single Family (1-4 Units):Site-Built,276654.0,205000.0,74.1,Standard Risk (<=80%)
5037038,AZ,Maricopa    ,Single Family (1-4 Units):Site-Built,373249.0,245000.0,65.64,Standard Risk (<=80%)
5037155,CA,San Bernardino   ,Single Family (1-4 Units):Site-Built,575491.0,425000.0,73.85,Standard Risk (<=80%)
5037189,TX,Nueces    ,Single Family (1-4 Units):Site-Built,426019.0,205000.0,48.12,Standard Risk (<=80%)
5037208,NY,Richmond    ,Single Family (1-4 Units):Site-Built,512500.0,205000.0,40.0,Standard Risk (<=80%)
5037218,KY,Warren    ,Single Family (1-4 Units):Site-Built,323548.0,205000.0,63.36,Standard Risk (<=80%)
5037239,TX,Guadalupe    ,Single Family (1-4 Units):Site-Built,312667.0,235000.0,75.16,Standard Risk (<=80%)
5037306,OH,Greene    ,Single Family (1-4 Units):Site-Built,206250.0,165000.0,80.0,Standard Risk (<=80%)
5037391,FL,Manatee    ,Single Family (1-4 Units):Site-Built,330106.0,75000.0,22.72,Standard Risk (<=80%)
5037398,CT,Hartford    ,Single Family (1-4 Units):Site-Built,249360.0,185000.0,74.19,Standard Risk (<=80%)
5037490,NY,Broome    ,Single Family (1-4 Units):Site-Built,173880.0,135000.0,77.64,Standard Risk (<=80%)
5037551,WA,Cowlitz    ,Single Family (1-4 Units):Site-Built,407693.0,265000.0,65.0,Standard Risk (<=80%)
5037571,DE,Kent    ,Single Family (1-4 Units):Site-Built,127878.0,75000.0,58.65,Standard Risk (<=80%)
5037634,MA,Norfolk    ,Single Family (1-4 Units):Site-Built,689036.0,345000.0,50.07,Standard Risk (<=80%)
5024196,TX,Tarrant    ,Single Family (1-4 Units):Site-Built,297469.0,235000.0,79.0,Standard Risk (<=80%)
5024253,CO,Arapahoe    ,Single Family (1-4 Units):Site-Built,492188.0,315000.0,64.0,Standard Risk (<=80%)
5024303,ME,Penobscot    ,Single Family (1-4 Units):Site-Built,168750.0,135000.0,80.0,Standard Risk (<=80%)
5024468,NC,Buncombe    ,Single Family (1-4 Units):Site-Built,386364.0,255000.0,66.0,Standard Risk (<=80%)
5024531,MI,Oakland    ,Single Family (1-4 Units):Site-Built,584211.0,555000.0,95.0,High Risk (>80%)
5024758,MI,Macomb    ,Single Family (1-4 Units):Site-Built,180012.0,125000.0,69.44,Standard Risk (<=80%)
5024766,CO,Arapahoe    ,Single Family (1-4 Units):Site-Built,425557.0,375000.0,88.12,High Risk (>80%)
5024808,NJ,Somerset    ,Single Family (1-4 Units):Site-Built,423146.0,215000.0,50.81,Standard Risk (<=80%)
5024898,FL,Pasco    ,Single Family (1-4 Units):Site-Built,336323.0,255000.0,75.82,Standard Risk (<=80%)
5025307,VA,Loudoun    ,Single Family (1-4 Units):Site-Built,900039.0,235000.0,26.11,Standard Risk (<=80%)
5025381,TX,Dallas    ,Single Family (1-4 Units):Site-Built,242434.0,165000.0,68.06,Standard Risk (<=80%)
5025412,TX,Bexar    ,Single Family (1-4 Units):Site-Built,169584.0,125000.0,73.71,Standard Risk (<=80%)
5025518,CA,Contra Costa   ,Single Family (1-4 Units):Site-Built,1968124.0,815000.0,41.41,Standard Risk (<=80%)
5025527,WA,Pierce    ,Single Family (1-4 Units):Site-Built,564810.0,295000.0,52.23,Standard Risk (<=80%)
5025537,CA,San Diego   ,Single Family (1-4 Units):Site-Built,455556.0,205000.0,45.0,Standard Risk (<=80%)
5025564,CA,Ventura    ,Single Family (1-4 Units):Site-Built,640548.0,515000.0,80.4,High Risk (>80%)
5025769,MD,Prince George   ,Single Family (1-4 Units):Site-Built,412134.0,125000.0,30.33,Standard Risk (<=80%)
5025787,MI,Macomb    ,Single Family (1-4 Units):Site-Built,198495.0,145000.0,73.05,Standard Risk (<=80%)
5025885,AL,Escambia    ,Single Family (1-4 Units):Site-Built,179794.0,155000.0,86.21,High Risk (>80%)
5025890,NJ,Ocean    ,Single Family (1-4 Units):Site-Built,143995.0,85000.0,59.03,Standard Risk (<=80%)
5026470,CO,Denver    ,Single Family (1-4 Units):Site-Built,512500.0,205000.0,40.0,Standard Risk (<=80%)
5026493,CO,Mesa    ,Single Family (1-4 Units):Site-Built,293926.0,225000.0,76.55,Standard Risk (<=80%)
5026814,MS,Oktibbeha    ,Single Family (1-4 Units):Site-Built,181160.0,125000.0,69.0,Standard Risk (<=80%)
5026849,NJ,Middlesex    ,Single Family (1-4 Units):Site-Built,206667.0,155000.0,75.0,Standard Risk (<=80%)
5026883,TX,Williamson    ,Single Family (1-4 Units):Site-Built,327716.0,245000.0,74.76,Standard Risk (<=80%)
5027105,CA,San Diego   ,Single Family (1-4 Units):Site-Built,730632.0,265000.0,36.27,Standard Risk (<=80%)
5027119,CA,San Francisco   ,Single Family (1-4 Units):Site-Built,2279123.0,405000.0,17.77,Standard Risk (<=80%)
5027324,OR,Polk    ,Single Family (1-4 Units):Site-Built,431250.0,345000.0,80.0,Standard Risk (<=80%)
5027336,CA,Los Angeles   ,Single Family (1-4 Units):Site-Built,813083.0,445000.0,54.73,Standard Risk (<=80%)
5027407,TN,Trousdale    ,Single Family (1-4 Units):Site-Built,254404.0,195000.0,76.65,Standard Risk (<=80%)
5028074,NJ,Gloucester    ,Single Family (1-4 Units):Site-Built,203107.0,85000.0,41.85,Standard Risk (<=80%)
5028144,UT,San Juan   ,Single Family (1-4 Units):Site-Built,330002.0,175000.0,53.03,Standard Risk (<=80%)
5028303,CA,Los Angeles   ,Single Family (1-4 Units):Site-Built,956250.0,765000.0,80.0,Standard Risk (<=80%)
5028361,KS,Johnson    ,Single Family (1-4 Units):Site-Built,393476.0,275000.0,69.89,Standard Risk (<=80%)
5028547,HI,Maui    ,Single Family (1-4 Units):Site-Built,599271.0,345000.0,57.57,Standard Risk (<=80%)
5028651,IL,Kendall    ,Single Family (1-4 Units):Site-Built,273496.0,165000.0,60.33,Standard Risk (<=80%)
5028702,TX,Fort Bend   ,Single Family (1-4 Units):Site-Built,210039.0,195000.0,92.84,High Risk (>80%)
5028716,CA,Yolo    ,Single Family (1-4 Units):Site-Built,740112.0,305000.0,41.21,Standard Risk (<=80%)
5028856,CT,Litchfield    ,Single Family (1-4 Units):Site-Built,116667.0,105000.0,90.0,High Risk (>80%)
5029025,OK,Oklahoma    ,Single Family (1-4 Units):Site-Built,341610.0,205000.0,60.01,Standard Risk (<=80%)
5029173,NJ,Monmouth    ,Single Family (1-4 Units):Site-Built,388623.0,235000.0,60.47,Standard Risk (<=80%)
5029231,CA,Santa Clara   ,Single Family (1-4 Units):Site-Built,1004292.0,585000.0,58.25,Standard Risk (<=80%)
5029285,TX,Dallas    ,Single Family (1-4 Units):Site-Built,233030.0,115000.0,49.35,Standard Risk (<=80%)
5029308,CA,Los Angeles   ,Single Family (1-4 Units):Site-Built,597723.0,315000.0,52.7,Standard Risk (<=80%)
5029362,IN,Gibson    ,Single Family (1-4 Units):Site-Built,132645.0,95000.0,71.62,Standard Risk (<=80%)
5029457,HI,Honolulu    ,Single Family (1-4 Units):Site-Built,427842.0,335000.0,78.3,Standard Risk (<=80%)
5029523,PA,Beaver    ,Single Family (1-4 Units):Site-Built,328426.0,145000.0,44.15,Standard Risk (<=80%)
5029536,NY,Suffolk    ,Single Family (1-4 Units):Site-Built,395959.0,145000.0,36.62,Standard Risk (<=80%)
5029582,NJ,Ocean    ,Single Family (1-4 Units):Site-Built,2081922.0,1505000.0,72.29,Standard Risk (<=80%)
5029597,NC,Union    ,Single Family (1-4 Units):Site-Built,280017.0,205000.0,73.21,Standard Risk (<=80%)
5030022,CT,Fairfield    ,Single Family (1-4 Units):Site-Built,478572.0,335000.0,70.0,Standard Risk (<=80%)
5030399,CA,Orange    ,Single Family (1-4 Units):Site-Built,1008475.0,595000.0,59.0,Standard Risk (<=80%)
5030496,MI,Oakland    ,Single Family (1-4 Units):Site-Built,384058.0,265000.0,69.0,Standard Risk (<=80%)
5030935,FL,Orange    ,Single Family (1-4 Units):Site-Built,1150803.0,855000.0,74.3,Standard Risk (<=80%)
5030956,ID,Canyon    ,Single Family (1-4 Units):Site-Built,580000.0,435000.0,75.0,Standard Risk (<=80%)
5030965,CA,Alameda    ,Single Family (1-4 Units):Site-Built,536831.0,395000.0,73.58,Standard Risk (<=80%)
5031073,KY,Owen    ,Single Family (1-4 Units):Site-Built,178572.0,125000.0,70.0,Standard Risk (<=80%)
5031137,WI,Waukesha    ,Single Family (1-4 Units):Site-Built,414894.0,195000.0,47.0,Standard Risk (<=80%)
5031202,SC,Pickens    ,Single Family (1-4 Units):Site-Built,275828.0,165000.0,59.82,Standard Risk (<=80%)
5031216,SC,Greenville    ,Single Family (1-4 Units):Site-Built,276120.0,185000.0,67.0,Standard Risk (<=80%)
5031287,FL,Brevard    ,Single Family (1-4 Units):Site-Built,270203.0,215000.0,79.57,Standard Risk (<=80%)
5032070,KY,Fayette    ,Single Family (1-4 Units):Site-Built,221650.0,215000.0,97.0,High Risk (>80%)
5032244,CA,Riverside    ,Single Family (1-4 Units):Site-Built,675000.0,405000.0,60.0,Standard Risk (<=80%)
5032436,GA,Cobb    ,Single Family (1-4 Units):Site-Built,444409.0,275000.0,61.88,Standard Risk (<=80%)
5032476,NC,Gaston    ,Single Family (1-4 Units):Site-Built,365980.0,355000.0,97.0,High Risk (>80%)
5032608,VA,Fairfax    ,Single Family (1-4 Units):Site-Built,888020.0,295000.0,33.22,Standard Risk (<=80%)
5032633,CA,Riverside    ,Single Family (1-4 Units):Site-Built,456826.0,255000.0,55.82,Standard Risk (<=80%)
5032722,CA,Los Angeles   ,Single Family (1-4 Units):Site-Built,858334.0,515000.0,60.0,Standard Risk (<=80%)
5033031,FL,Seminole    ,Single Family (1-4 Units):Site-Built,356250.0,285000.0,80.0,Standard Risk (<=80%)
5033211,WV,Berkeley    ,Single Family (1-4 Units):Site-Built,350766.0,275000.0,78.4,Standard Risk (<=80%)
5033283,NM,Otero    ,Single Family (1-4 Units):Site-Built,225429.0,175000.0,77.63,Standard Risk (<=80%)
5033442,CA,Contra Costa   ,Single Family (1-4 Units):Site-Built,720552.0,115000.0,15.96,Standard Risk (<=80%)
5033779,PA,Northampton    ,Single Family (1-4 Units):Site-Built,257056.0,235000.0,91.42,High Risk (>80%)
5033885,NC,Pitt    ,Single Family (1-4 Units):Site-Built,265362.0,225000.0,84.79,High Risk (>80%)
5033947,ID,Twin Falls   ,Single Family (1-4 Units):Site-Built,259616.0,135000.0,52.0,Standard Risk (<=80%)
5033958,FL,Santa Rosa   ,Single Family (1-4 Units):Site-Built,210145.0,145000.0,69.0,Standard Risk (<=80%)
5034125,MS,Benton    ,Single Family (1-4 Units):Site-Built,228648.0,155000.0,67.79,Standard Risk (<=80%)
5034500,FL,St. Johns   ,Single Family (1-4 Units):Site-Built,301725.0,175000.0,58.0,Standard Risk (<=80%)
5034501,CA,Contra Costa   ,Single Family (1-4 Units):Site-Built,2106250.0,1685000.0,80.0,Standard Risk (<=80%)
5034506,CA,Los Angeles   ,Single Family (1-4 Units):Site-Built,322027.0,225000.0,69.87,Standard Risk (<=80%)
5034599,OK,Bryan    ,Single Family (1-4 Units):Site-Built,267674.0,195000.0,72.85,Standard Risk (<=80%)
5034923,FL,Manatee    ,Single Family (1-4 Units):Site-Built,319673.0,195000.0,61.0,Standard Risk (<=80%)
5034946,CO,Mesa    ,Single Family (1-4 Units):Site-Built,776966.0,425000.0,54.7,Standard Risk (<=80%)
5035225,NJ,Somerset    ,Single Family (1-4 Units):Site-Built,709303.0,305000.0,43.0,Standard Risk (<=80%)
5035580,FL,Manatee    ,Single Family (1-4 Units):Site-Built,282971.0,165000.0,58.31,Standard Risk (<=80%)
5035637,CA,Shasta    ,Single Family (1-4 Units):Site-Built,640891.0,305000.0,47.59,Standard Risk (<=80%)
5035707,CA,Los Angeles   ,Single Family (1-4 Units):Site-Built,687480.0,425000.0,61.82,Standard Risk (<=80%)
5035724,AZ,Pima    ,Single Family (1-4 Units):Site-Built,231250.0,185000.0,80.0,Standard Risk (<=80%)
5035964,MD,Baltimore    ,Single Family (1-4 Units):Site-Built,280822.0,205000.0,73.0,Standard Risk (<=80%)
5036448,WI,Dane    ,Single Family (1-4 Units):Site-Built,153847.0,115000.0,74.75,Standard Risk (<=80%)
5036450,CA,Los Angeles   ,Single Family (1-4 Units):Site-Built,784067.0,435000.0,55.48,Standard Risk (<=80%)
5036479,CO,Douglas    ,Single Family (1-4 Units):Site-Built,593348.0,355000.0,59.83,Standard Risk (<=80%)
5036499,NC,Mecklenburg    ,Single Family (1-4 Units):Site-Built,452647.0,195000.0,43.08,Standard Risk (<=80%)
5036613,NE,Sarpy    ,Single Family (1-4 Units):Site-Built,226563.0,145000.0,64.0,Standard Risk (<=80%)
5036621,MD,Queen Anne   ,Single Family (1-4 Units):Site-Built,193750.0,155000.0,80.0,Standard Risk (<=80%)
5036648,MA,Middlesex    ,Single Family (1-4 Units):Site-Built,810036.0,565000.0,69.75,Standard Risk (<=80%)
5036688,MO,St. Charles   ,Single Family (1-4 Units):Site-Built,314433.0,305000.0,97.0,High Risk (>80%)
5036695,NJ,Bergen    ,Single Family (1-4 Units):Site-Built,368750.0,295000.0,80.0,Standard Risk (<=80%)
5036765,CA,Alameda    ,Single Family (1-4 Units):Site-Built,593348.0,355000.0,59.83,Standard Risk (<=80%)
5037004,VA,Loudoun    ,Single Family (1-4 Units):Site-Built,582363.0,245000.0,42.07,Standard Risk (<=80%)
5037180,AZ,Yuma    ,Single Family (1-4 Units):Site-Built,394445.0,355000.0,90.0,High Risk (>80%)
5037243,IL,DuPage    ,Single Family (1-4 Units):Site-Built,475000.0,285000.0,60.0,Standard Risk (<=80%)
5037370,CA,Riverside    ,Single Family (1-4 Units):Site-Built,497262.0,345000.0,69.38,Standard Risk (<=80%)
5037371,TX,San Patricio   ,Single Family (1-4 Units):Site-Built,240385.0,95000.0,39.52,Standard Risk (<=80%)
5037462,MI,Livingston    ,Single Family (1-4 Units):Site-Built,235549.0,185000.0,78.54,Standard Risk (<=80%)
5024041,PA,Bradford    ,Single Family (1-4 Units):Site-Built,281250.0,225000.0,80.0,Standard Risk (<=80%)
5024117,MA,Norfolk    ,Single Family (1-4 Units):Site-Built,977444.0,195000.0,19.95,Standard Risk (<=80%)
5024257,NJ,Union    ,Single Family (1-4 Units):Site-Built,207101.0,175000.0,84.5,High Risk (>80%)
5024265,MI,Monroe    ,Single Family (1-4 Units):Site-Built,213232.0,185000.0,86.76,High Risk (>80%)
5024267,CA,Los Angeles   ,Single Family (1-4 Units):Site-Built,950055.0,525000.0,55.26,Standard Risk (<=80%)
5024345,CA,San Diego   ,Single Family (1-4 Units):Site-Built,843750.0,405000.0,48.0,Standard Risk (<=80%)
5024420,SC,Richland    ,Single Family (1-4 Units):Site-Built,185611.0,105000.0,56.57,Standard Risk (<=80%)
5024432,SC,Richland    ,Single Family (1-4 Units):Site-Built,150794.0,95000.0,63.0,Standard Risk (<=80%)
5024443,FL,Okaloosa    ,Single Family (1-4 Units):Site-Built,298009.0,205000.0,68.79,Standard Risk (<=80%)
5024500,TX,Denton    ,Single Family (1-4 Units):Site-Built,1406250.0,1125000.0,80.0,Standard Risk (<=80%)
5024509,UT,Salt Lake   ,Single Family (1-4 Units):Site-Built,675058.0,295000.0,43.7,Standard Risk (<=80%)
5024529,MO,St. Louis   ,Single Family (1-4 Units):Site-Built,140075.0,105000.0,74.96,Standard Risk (<=80%)
5024550,NC,Johnston    ,Single Family (1-4 Units):Site-Built,272648.0,155000.0,56.85,Standard Risk (<=80%)
5024579,NJ,Middlesex    ,Single Family (1-4 Units):Site-Built,464706.0,395000.0,85.0,High Risk (>80%)
5024593,FL,Brevard    ,Single Family (1-4 Units):Site-Built,196215.0,85000.0,43.32,Standard Risk (<=80%)
5024704,WV,Putnam    ,Single Family (1-4 Units):Site-Built,168750.0,135000.0,80.0,Standard Risk (<=80%)
5024708,OH,Stark    ,Single Family (1-4 Units):Site-Built,189394.0,125000.0,66.0,Standard Risk (<=80%)
5024727,OH,Ottawa    ,Single Family (1-4 Units):Site-Built,141035.0,105000.0,74.45,Standard Risk (<=80%)
5024736,FL,Orange    ,Single Family (1-4 Units):Site-Built,294643.0,165000.0,56.0,Standard Risk (<=80%)
5024770,MA,Essex    ,Single Family (1-4 Units):Site-Built,506053.0,255000.0,50.39,Standard Risk (<=80%)
5024789,GA,Fulton    ,Single Family (1-4 Units):Site-Built,320896.0,215000.0,67.0,Standard Risk (<=80%)
5024857,OK,Tulsa    ,Single Family (1-4 Units):Site-Built,347846.0,155000.0,44.56,Standard Risk (<=80%)
5024879,IL,Will    ,Single Family (1-4 Units):Site-Built,245455.0,135000.0,55.0,Standard Risk (<=80%)
5024882,VA,Spotsylvania    ,Single Family (1-4 Units):Site-Built,485292.0,325000.0,66.97,Standard Risk (<=80%)
5024917,FL,Charlotte    ,Single Family (1-4 Units):Site-Built,193334.0,145000.0,75.0,Standard Risk (<=80%)
5024929,GA,Oglethorpe    ,Single Family (1-4 Units):Site-Built,164286.0,115000.0,70.0,Standard Risk (<=80%)
5025092,CA,Los Angeles   ,Single Family (1-4 Units):Site-Built,2346154.0,305000.0,13.0,Standard Risk (<=80%)
5025118,UT,Utah    ,Single Family (1-4 Units):Site-Built,556604.0,295000.0,53.0,Standard Risk (<=80%)
5025282,NC,Wake    ,Single Family (1-4 Units):Site-Built,440235.0,165000.0,37.48,Standard Risk (<=80%)
5025359,MI,Genesee    ,Single Family (1-4 Units):Site-Built,228908.0,175000.0,76.45,Standard Risk (<=80%)
5025392,NJ,Bergen    ,Single Family (1-4 Units):Site-Built,420000.0,315000.0,75.0,Standard Risk (<=80%)
5025420,TX,Tarrant    ,Single Family (1-4 Units):Site-Built,286886.0,175000.0,61.0,Standard Risk (<=80%)
5025429,GA,Columbia    ,Single Family (1-4 Units):Site-Built,707447.0,495000.0,69.97,Standard Risk (<=80%)
5025455,CA,Orange    ,Single Family (1-4 Units):Site-Built,1351668.0,1215000.0,89.89,High Risk (>80%)
5025459,PA,Beaver    ,Single Family (1-4 Units):Site-Built,171233.0,125000.0,73.0,Standard Risk (<=80%)
5025469,FL,Lee    ,Single Family (1-4 Units):Site-Built,398551.0,275000.0,69.0,Standard Risk (<=80%)
5025538,TX,Dallas    ,Single Family (1-4 Units):Site-Built,487589.0,385000.0,78.96,Standard Risk (<=80%)
5025546,AR,Pope    ,Single Family (1-4 Units):Site-Built,235935.0,195000.0,82.65,High Risk (>80%)
5025551,NY,Suffolk    ,Single Family (1-4 Units):Site-Built,895869.0,425000.0,47.44,Standard Risk (<=80%)
5025620,OK,Rogers    ,Single Family (1-4 Units):Site-Built,192858.0,135000.0,70.0,Standard Risk (<=80%)
5025651,FL,Brevard    ,Single Family (1-4 Units):Site-Built,221873.0,155000.0,69.86,Standard Risk (<=80%)
5025791,CA,Monterey    ,Single Family (1-4 Units):Site-Built,985165.0,425000.0,43.14,Standard Risk (<=80%)
5025799,NJ,Passaic    ,Single Family (1-4 Units):Site-Built,429655.0,255000.0,59.35,Standard Risk (<=80%)
5025871,CA,Los Angeles   ,Single Family (1-4 Units):Site-Built,972142.0,335000.0,34.46,Standard Risk (<=80%)
5025925,NJ,Ocean    ,Single Family (1-4 Units):Site-Built,364286.0,255000.0,70.0,Standard Risk (<=80%)
5025951,WA,Benton    ,Single Family (1-4 Units):Site-Built,693750.0,555000.0,80.0,Standard Risk (<=80%)
5025957,NJ,Gloucester    ,Single Family (1-4 Units):Site-Built,213173.0,145000.0,68.02,Standard Risk (<=80%)
5025987,TX,Harris    ,Single Family (1-4 Units):Site-Built,214286.0,105000.0,49.0,Standard Risk (<=80%)
5026007,WA,King    ,Single Family (1-4 Units):Site-Built,988886.0,605000.0,61.18,Standard Risk (<=80%)
5026008,OH,Franklin    ,Single Family (1-4 Units):Site-Built,236843.0,225000.0,95.0,High Risk (>80%)
5026089,OH,Scioto    ,Single Family (1-4 Units):Site-Built,152632.0,145000.0,95.0,High Risk (>80%)
5026099,PA,Erie    ,Single Family (1-4 Units):Site-Built,197327.0,155000.0,78.55,Standard Risk (<=80%)
5026107,CA,Los Angeles   ,Single Family (1-4 Units):Site-Built,610000.0,305000.0,50.0,Standard Risk (<=80%)
5026207,MS,Lafayette    ,Single Family (1-4 Units):Site-Built,390134.0,155000.0,39.73,Standard Risk (<=80%)
5026229,FL,Orange    ,Single Family (1-4 Units):Site-Built,266221.0,215000.0,80.76,High Risk (>80%)
5026252,MD,Carroll    ,Single Family (1-4 Units):Site-Built,318182.0,245000.0,77.0,Standard Risk (<=80%)
5026260,IL,Woodford    ,Single Family (1-4 Units):Site-Built,305281.0,185000.0,60.6,Standard Risk (<=80%)
5026370,MN,Hennepin    ,Single Family (1-4 Units):Site-Built,349451.0,305000.0,87.28,High Risk (>80%)
5026376,SC,Sumter    ,Single Family (1-4 Units):Site-Built,174467.0,85000.0,48.72,Standard Risk (<=80%)
5026446,CA,Riverside    ,Single Family (1-4 Units):Site-Built,644418.0,475000.0,73.71,Standard Risk (<=80%)
5026459,TX,Harris    ,Single Family (1-4 Units):Site-Built,289338.0,235000.0,81.22,High Risk (>80%)
5026699,CA,Fresno    ,Single Family (1-4 Units):Site-Built,430090.0,255000.0,59.29,Standard Risk (<=80%)
5026717,TN,Hamilton    ,Single Family (1-4 Units):Site-Built,157535.0,115000.0,73.0,Standard Risk (<=80%)
5026741,PA,Allegheny    ,Single Family (1-4 Units):Site-Built,169136.0,145000.0,85.73,High Risk (>80%)
5026873,NY,Genesee    ,Single Family (1-4 Units):Site-Built,181449.0,125000.0,68.89,Standard Risk (<=80%)
5026898,MI,Wayne    ,Single Family (1-4 Units):Site-Built,270000.0,135000.0,50.0,Standard Risk (<=80%)
5026904,WA,King    ,Single Family (1-4 Units):Site-Built,605264.0,575000.0,95.0,High Risk (>80%)
5026919,CA,Contra Costa   ,Single Family (1-4 Units):Site-Built,800091.0,355000.0,44.37,Standard Risk (<=80%)
5026931,LA,East Baton Rouge Parish ,Single Family (1-4 Units):Site-Built,116072.0,65000.0,56.0,Standard Risk (<=80%)
5026941,FL,Lee    ,Single Family (1-4 Units):Site-Built,339764.0,155000.0,45.62,Standard Risk (<=80%)
5027010,MD,Carroll    ,Single Family (1-4 Units):Site-Built,208214.0,145000.0,69.64,Standard Risk (<=80%)
5027099,CA,Orange    ,Single Family (1-4 Units):Site-Built,646667.0,485000.0,75.0,Standard Risk (<=80%)
5027164,TX,Denton    ,Single Family (1-4 Units):Site-Built,277938.0,145000.0,52.17,Standard Risk (<=80%)
5027165,CA,Los Angeles   ,Single Family (1-4 Units):Site-Built,750000.0,525000.0,70.0,Standard Risk (<=80%)
5027244,PA,Chester    ,Single Family (1-4 Units):Site-Built,956141.0,545000.0,57.0,Standard Risk (<=80%)
5027270,VA,Bedford    ,Single Family (1-4 Units):Site-Built,331250.0,265000.0,80.0,Standard Risk (<=80%)
5027297,GA,Forsyth    ,Single Family (1-4 Units):Site-Built,517335.0,385000.0,74.42,Standard Risk (<=80%)
5027312,MI,Wayne    ,Single Family (1-4 Units):Site-Built,156250.0,125000.0,80.0,Standard Risk (<=80%)
5027451,NC,Harnett    ,Single Family (1-4 Units):Site-Built,289606.0,185000.0,63.88,Standard Risk (<=80%)
5027479,OR,Tillamook    ,Single Family (1-4 Units):Site-Built,1377211.0,475000.0,34.49,Standard Risk (<=80%)
5027709,MD,Cecil    ,Single Family (1-4 Units):Site-Built,239453.0,105000.0,43.85,Standard Risk (<=80%)
5027715,PA,York    ,Single Family (1-4 Units):Site-Built,166788.0,115000.0,68.95,Standard Risk (<=80%)
5027774,CA,Ventura    ,Single Family (1-4 Units):Site-Built,991874.0,415000.0,41.84,Standard Risk (<=80%)
5027793,AZ,Maricopa    ,Single Family (1-4 Units):Site-Built,325038.0,175000.0,53.84,Standard Risk (<=80%)
5027838,FL,Hillsborough    ,Single Family (1-4 Units):Site-Built,281819.0,155000.0,55.0,Standard Risk (<=80%)
5027942,GA,Cobb    ,Single Family (1-4 Units):Site-Built,410814.0,155000.0,37.73,Standard Risk (<=80%)
5027974,TX,Tarrant    ,Single Family (1-4 Units):Site-Built,243112.0,135000.0,55.53,Standard Risk (<=80%)
5028067,CA,Orange    ,Single Family (1-4 Units):Site-Built,976018.0,525000.0,53.79,Standard Risk (<=80%)
5028108,IL,Cook    ,Single Family (1-4 Units):Site-Built,206250.0,165000.0,80.0,Standard Risk (<=80%)
5028148,TN,Montgomery    ,Single Family (1-4 Units):Site-Built,210253.0,105000.0,49.94,Standard Risk (<=80%)
5028162,NJ,Monmouth    ,Single Family (1-4 Units):Site-Built,663597.0,245000.0,36.92,Standard Risk (<=80%)
5028184,TX,Harris    ,Single Family (1-4 Units):Site-Built,597610.0,465000.0,77.81,Standard Risk (<=80%)
5028202,NC,Orange    ,Single Family (1-4 Units):Site-Built,456250.0,365000.0,80.0,Standard Risk (<=80%)
5028325,CA,Sonoma    ,Single Family (1-4 Units):Site-Built,657895.0,625000.0,95.0,High Risk (>80%)
5028341,ID,Boundary    ,Single Family (1-4 Units):Site-Built,288152.0,125000.0,43.38,Standard Risk (<=80%)
5028351,SC,York    ,Single Family (1-4 Units):Site-Built,383334.0,345000.0,90.0,High Risk (>80%)
5028372,VA,Prince William   ,Single Family (1-4 Units):Site-Built,568288.0,305000.0,53.67,Standard Risk (<=80%)
5028388,PA,Venango    ,Single Family (1-4 Units):Site-Built,592858.0,415000.0,70.0,Standard Risk (<=80%)
5028561,CA,Ventura    ,Single Family (1-4 Units):Site-Built,579010.0,395000.0,68.22,Standard Risk (<=80%)
5028594,IA,Henry    ,Single Family (1-4 Units):Site-Built,169643.0,95000.0,56.0,Standard Risk (<=80%)
5028617,WA,Pierce    ,Single Family (1-4 Units):Site-Built,341667.0,205000.0,60.0,Standard Risk (<=80%)
5028648,VA,Fairfax    ,Single Family (1-4 Units):Site-Built,541096.0,395000.0,73.0,Standard Risk (<=80%)
5028704,FL,Collier    ,Single Family (1-4 Units):Site-Built,481250.0,385000.0,80.0,Standard Risk (<=80%)
5028766,OK,Oklahoma    ,Single Family (1-4 Units):Site-Built,180196.0,105000.0,58.27,Standard Risk (<=80%)
5028793,AR,Greene    ,Single Family (1-4 Units):Site-Built,288658.0,255000.0,88.34,High Risk (>80%)
5028823,WA,Pierce    ,Single Family (1-4 Units):Site-Built,418232.0,245000.0,58.58,Standard Risk (<=80%)
5028860,FL,Sarasota    ,Single Family (1-4 Units):Site-Built,392858.0,55000.0,14.0,Standard Risk (<=80%)
5028912,CA,Santa Clara   ,Single Family (1-4 Units):Site-Built,897059.0,305000.0,34.0,Standard Risk (<=80%)
5029149,AZ,Maricopa    ,Single Family (1-4 Units):Site-Built,464465.0,315000.0,67.82,Standard Risk (<=80%)
5029293,GA,Dougherty    ,Single Family (1-4 Units):Site-Built,123189.0,85000.0,69.0,Standard Risk (<=80%)
5029317,MI,Wayne    ,Single Family (1-4 Units):Site-Built,231224.0,145000.0,62.71,Standard Risk (<=80%)
5029326,CA,Alameda    ,Single Family (1-4 Units):Site-Built,368750.0,295000.0,80.0,Standard Risk (<=80%)
5029411,FL,Osceola    ,Single Family (1-4 Units):Site-Built,321918.0,235000.0,73.0,Standard Risk (<=80%)
5029453,CA,Stanislaus    ,Single Family (1-4 Units):Site-Built,245918.0,125000.0,50.83,Standard Risk (<=80%)
5029488,CA,Los Angeles   ,Single Family (1-4 Units):Site-Built,1026616.0,135000.0,13.15,Standard Risk (<=80%)
5029489,CA,Santa Clara   ,Single Family (1-4 Units):Site-Built,2911080.0,825000.0,28.34,Standard Risk (<=80%)
5029571,MO,Howell    ,Single Family (1-4 Units):Site-Built,315092.0,95000.0,30.15,Standard Risk (<=80%)
5029587,UT,Rich    ,Single Family (1-4 Units):Site-Built,559524.0,235000.0,42.0,Standard Risk (<=80%)
5029675,TX,Harris    ,Single Family (1-4 Units):Site-Built,294509.0,155000.0,52.63,Standard Risk (<=80%)
5029676,GA,Paulding    ,Single Family (1-4 Units):Site-Built,329213.0,245000.0,74.42,Standard Risk (<=80%)
5029782,HI,Honolulu    ,Single Family (1-4 Units):Site-Built,796129.0,255000.0,32.03,Standard Risk (<=80%)
5029805,AZ,Maricopa    ,Single Family (1-4 Units):Site-Built,268584.0,185000.0,68.88,Standard Risk (<=80%)
5029896,GA,Forsyth    ,Single Family (1-4 Units):Site-Built,401389.0,185000.0,46.09,Standard Risk (<=80%)
5029986,FL,Orange    ,Single Family (1-4 Units):Site-Built,400000.0,315000.0,78.75,Standard Risk (<=80%)
5030003,CA,San Bernardino   ,Single Family (1-4 Units):Site-Built,440766.0,205000.0,46.51,Standard Risk (<=80%)
5030028,CA,Los Angeles   ,Single Family (1-4 Units):Site-Built,612299.0,235000.0,38.38,Standard Risk (<=80%)
5030064,MI,Oakland    ,Single Family (1-4 Units):Site-Built,195313.0,125000.0,64.0,Standard Risk (<=80%)
5030210,WA,King    ,Single Family (1-4 Units):Site-Built,990000.0,495000.0,50.0,Standard Risk (<=80%)
5030227,VA,Prince William   ,Single Family (1-4 Units):Site-Built,384283.0,355000.0,92.38,High Risk (>80%)
5030292,PA,Bucks    ,Single Family (1-4 Units):Site-Built,806667.0,605000.0,75.0,Standard Risk (<=80%)
5030351,ID,Bannock    ,Single Family (1-4 Units):Site-Built,286667.0,215000.0,75.0,Standard Risk (<=80%)
5030361,GA,Gwinnett    ,Single Family (1-4 Units):Site-Built,313334.0,235000.0,75.0,Standard Risk (<=80%)
5030409,CA,Alameda    ,Single Family (1-4 Units):Site-Built,758766.0,435000.0,57.33,Standard Risk (<=80%)
5030413,CA,San Mateo   ,Single Family (1-4 Units):Site-Built,1864989.0,815000.0,43.7,Standard Risk (<=80%)
5030465,LA,Washington Parish   ,Single Family (1-4 Units):Site-Built,251936.0,205000.0,81.37,High Risk (>80%)
5030468,NC,Durham    ,Single Family (1-4 Units):Site-Built,208864.0,115000.0,55.06,Standard Risk (<=80%)
5030538,PA,Monroe    ,Single Family (1-4 Units):Site-Built,198925.0,185000.0,93.0,High Risk (>80%)
5030667,MA,Essex    ,Single Family (1-4 Units):Site-Built,434999.0,175000.0,40.23,Standard Risk (<=80%)
5030812,MD,Baltimore city   ,Single Family (1-4 Units):Site-Built,256197.0,215000.0,83.92,High Risk (>80%)
5030851,CA,Los Angeles   ,Single Family (1-4 Units):Site-Built,526504.0,295000.0,56.03,Standard Risk (<=80%)
5030864,KY,Fayette    ,Single Family (1-4 Units):Site-Built,142106.0,135000.0,95.0,High Risk (>80%)
5030917,CA,Riverside    ,Single Family (1-4 Units):Site-Built,515385.0,335000.0,65.0,Standard Risk (<=80%)
5030950,MI,Macomb    ,Single Family (1-4 Units):Site-Built,277967.0,205000.0,73.75,Standard Risk (<=80%)
5030992,PA,Cumberland    ,Single Family (1-4 Units):Site-Built,148515.0,105000.0,70.7,Standard Risk (<=80%)
5031096,AZ,Maricopa    ,Single Family (1-4 Units):Site-Built,280784.0,205000.0,73.01,Standard Risk (<=80%)
5031145,AR,Benton    ,Single Family (1-4 Units):Site-Built,168767.0,75000.0,44.44,Standard Risk (<=80%)
5031179,AL,Mobile    ,Single Family (1-4 Units):Site-Built,311595.0,215000.0,69.0,Standard Risk (<=80%)
5031228,FL,Miami-Dade,Single Family (1-4 Units):Site-Built,422633.0,245000.0,57.97,Standard Risk (<=80%)
5031269,CA,San Diego   ,Single Family (1-4 Units):Site-Built,353632.0,205000.0,57.97,Standard Risk (<=80%)
5031278,CA,Fresno    ,Single Family (1-4 Units):Site-Built,303480.0,225000.0,74.14,Standard Risk (<=80%)
5031395,NC,Mecklenburg    ,Single Family (1-4 Units):Site-Built,425926.0,115000.0,27.0,Standard Risk (<=80%)
5031424,UT,Utah    ,Single Family (1-4 Units):Site-Built,401329.0,145000.0,36.13,Standard Risk (<=80%)
5031427,CA,Santa Clara   ,Single Family (1-4 Units):Site-Built,781250.0,625000.0,80.0,Standard Risk (<=80%)
5031431,MI,Genesee    ,Single Family (1-4 Units):Site-Built,221650.0,215000.0,97.0,High Risk (>80%)
5031479,WA,Thurston    ,Single Family (1-4 Units):Site-Built,405173.0,235000.0,58.0,Standard Risk (<=80%)
5031532,NY,Kings    ,Single Family (1-4 Units):Site-Built,580047.0,325000.0,56.03,Standard Risk (<=80%)
5031558,CA,San Diego   ,Single Family (1-4 Units):Site-Built,552853.0,375000.0,67.83,Standard Risk (<=80%)
5031567,CA,Kern    ,Single Family (1-4 Units):Site-Built,348137.0,185000.0,53.14,Standard Risk (<=80%)
5031568,FL,Duval    ,Single Family (1-4 Units):Site-Built,357143.0,275000.0,77.0,Standard Risk (<=80%)
5031583,CA,Los Angeles   ,Single Family (1-4 Units):Site-Built,610000.0,305000.0,50.0,Standard Risk (<=80%)
5031629,KY,Jefferson    ,Single Family (1-4 Units):Site-Built,458334.0,275000.0,60.0,Standard Risk (<=80%)
5031662,CA,Los Angeles   ,Single Family (1-4 Units):Site-Built,543104.0,315000.0,58.0,Standard Risk (<=80%)
5031716,CA,Riverside    ,Single Family (1-4 Units):Site-Built,573483.0,375000.0,65.39,Standard Risk (<=80%)
5031786,ID,Kootenai    ,Single Family (1-4 Units):Site-Built,483615.0,335000.0,69.27,Standard Risk (<=80%)
5031870,OR,Marion    ,Single Family (1-4 Units):Site-Built,304879.0,155000.0,50.84,Standard Risk (<=80%)
5031907,CA,Los Angeles   ,Single Family (1-4 Units):Site-Built,483652.0,355000.0,73.4,Standard Risk (<=80%)
5031922,CA,Los Angeles   ,Single Family (1-4 Units):Site-Built,719849.0,305000.0,42.37,Standard Risk (<=80%)
5032000,VA,Prince William   ,Single Family (1-4 Units):Site-Built,757318.0,445000.0,58.76,Standard Risk (<=80%)
5032016,FL,Volusia    ,Single Family (1-4 Units):Site-Built,305556.0,275000.0,90.0,High Risk (>80%)
5032194,NY,Nassau    ,Single Family (1-4 Units):Site-Built,803499.0,395000.0,49.16,Standard Risk (<=80%)
5032318,CA,Los Angeles   ,Single Family (1-4 Units):Site-Built,473648.0,275000.0,58.06,Standard Risk (<=80%)
5032374,OH,Summit    ,Single Family (1-4 Units):Site-Built,190000.0,95000.0,50.0,Standard Risk (<=80%)
5032409,NC,Cumberland    ,Single Family (1-4 Units):Site-Built,363485.0,305000.0,83.91,High Risk (>80%)
5032428,CA,Contra Costa   ,Single Family (1-4 Units):Site-Built,2367591.0,675000.0,28.51,Standard Risk (<=80%)
5032461,FL,Gulf    ,Single Family (1-4 Units):Site-Built,677848.0,485000.0,71.55,Standard Risk (<=80%)
5032621,CA,San Mateo   ,Single Family (1-4 Units):Site-Built,1012932.0,235000.0,23.2,Standard Risk (<=80%)
5032669,FL,Brevard    ,Single Family (1-4 Units):Site-Built,303922.0,155000.0,51.0,Standard Risk (<=80%)
5032688,PA,Allegheny    ,Single Family (1-4 Units):Site-Built,570033.0,385000.0,67.54,Standard Risk (<=80%)
5032822,CA,Los Angeles   ,Single Family (1-4 Units):Site-Built,846105.0,265000.0,31.32,Standard Risk (<=80%)
5032915,UT,Salt Lake   ,Single Family (1-4 Units):Site-Built,1331991.0,595000.0,44.67,Standard Risk (<=80%)
5032939,CA,Siskiyou    ,Single Family (1-4 Units):Site-Built,312142.0,245000.0,78.49,Standard Risk (<=80%)
5032969,MA,Worcester    ,Single Family (1-4 Units):Site-Built,432693.0,225000.0,52.0,Standard Risk (<=80%)
5032972,CA,Stanislaus    ,Single Family (1-4 Units):Site-Built,410715.0,345000.0,84.0,High Risk (>80%)
5032983,MI,Kalamazoo    ,Single Family (1-4 Units):Site-Built,180413.0,175000.0,97.0,High Risk (>80%)
5032987,IL,McLean    ,Single Family (1-4 Units):Site-Built,249712.0,195000.0,78.09,Standard Risk (<=80%)
5033008,CA,Stanislaus    ,Single Family (1-4 Units):Site-Built,729073.0,405000.0,55.55,Standard Risk (<=80%)
5033038,KS,Harvey    ,Single Family (1-4 Units):Site-Built,234698.0,125000.0,53.26,Standard Risk (<=80%)
5033049,MA,Middlesex    ,Single Family (1-4 Units):Site-Built,618750.0,495000.0,80.0,Standard Risk (<=80%)
5033135,CA,Contra Costa   ,Single Family (1-4 Units):Site-Built,930000.0,465000.0,50.0,Standard Risk (<=80%)
5033175,NC,Buncombe    ,Single Family (1-4 Units):Site-Built,465039.0,415000.0,89.24,High Risk (>80%)
5033217,WA,King    ,Single Family (1-4 Units):Site-Built,526667.0,395000.0,75.0,Standard Risk (<=80%)
5033298,FL,Lee    ,Single Family (1-4 Units):Site-Built,331579.0,315000.0,95.0,High Risk (>80%)
5033304,NV,Clark    ,Single Family (1-4 Units):Site-Built,337534.0,225000.0,66.66,Standard Risk (<=80%)
5033335,NV,Clark    ,Single Family (1-4 Units):Site-Built,349023.0,175000.0,50.14,Standard Risk (<=80%)
5033371,MA,Plymouth    ,Single Family (1-4 Units):Site-Built,542065.0,375000.0,69.18,Standard Risk (<=80%)
5033420,CA,Orange    ,Single Family (1-4 Units):Site-Built,745099.0,285000.0,38.25,Standard Risk (<=80%)
5033495,FL,Lake    ,Single Family (1-4 Units):Site-Built,328125.0,105000.0,32.0,Standard Risk (<=80%)
5033546,CA,Sacramento    ,Single Family (1-4 Units):Site-Built,308334.0,185000.0,60.0,Standard Risk (<=80%)
5033599,NC,Buncombe    ,Single Family (1-4 Units):Site-Built,438462.0,285000.0,65.0,Standard Risk (<=80%)
5033634,CA,San Luis Obispo  ,Single Family (1-4 Units):Site-Built,3002379.0,505000.0,16.82,Standard Risk (<=80%)
5033797,NV,Nye    ,Single Family (1-4 Units):Site-Built,303572.0,85000.0,28.0,Standard Risk (<=80%)
5033862,CA,San Diego   ,Single Family (1-4 Units):Site-Built,608062.0,175000.0,28.78,Standard Risk (<=80%)
5033923,CT,Hartford    ,Single Family (1-4 Units):Site-Built,330501.0,175000.0,52.95,Standard Risk (<=80%)
5034040,OH,Sandusky    ,Single Family (1-4 Units):Site-Built,220000.0,165000.0,75.0,Standard Risk (<=80%)
5034045,OH,Summit    ,Single Family (1-4 Units):Site-Built,209908.0,75000.0,35.73,Standard Risk (<=80%)
5034181,OR,Lane    ,Single Family (1-4 Units):Site-Built,612360.0,545000.0,89.0,High Risk (>80%)
5034228,MI,Monroe    ,Single Family (1-4 Units):Site-Built,167128.0,145000.0,86.76,High Risk (>80%)
5034254,NY,Orange    ,Single Family (1-4 Units):Site-Built,152632.0,145000.0,95.0,High Risk (>80%)
5034269,FL,Osceola    ,Single Family (1-4 Units):Site-Built,426316.0,405000.0,95.0,High Risk (>80%)
5034272,TN,Dickson    ,Single Family (1-4 Units):Site-Built,196046.0,115000.0,58.66,Standard Risk (<=80%)
5034306,IL,St. Clair   ,Single Family (1-4 Units):Site-Built,125000.0,75000.0,60.0,Standard Risk (<=80%)
5034435,IN,Johnson    ,Single Family (1-4 Units):Site-Built,224267.0,195000.0,86.95,High Risk (>80%)
5034489,CA,Los Angeles   ,Single Family (1-4 Units):Site-Built,768943.0,205000.0,26.66,Standard Risk (<=80%)
5034531,IA,Palo Alto   ,Single Family (1-4 Units):Site-Built,134523.0,95000.0,70.62,Standard Risk (<=80%)
5034605,MD,Howard    ,Single Family (1-4 Units):Site-Built,598992.0,285000.0,47.58,Standard Risk (<=80%)
5034720,WA,King    ,Single Family (1-4 Units):Site-Built,835449.0,395000.0,47.28,Standard Risk (<=80%)
5034807,OR,Deschutes    ,Single Family (1-4 Units):Site-Built,543321.0,375000.0,69.02,Standard Risk (<=80%)
5034822,OH,Butler    ,Single Family (1-4 Units):Site-Built,246479.0,175000.0,71.0,Standard Risk (<=80%)
5034824,NY,Chautauqua    ,Single Family (1-4 Units):Site-Built,108696.0,75000.0,69.0,Standard Risk (<=80%)
5034870,FL,Broward    ,Single Family (1-4 Units):Site-Built,563968.0,365000.0,64.72,Standard Risk (<=80%)
5034942,IN,La Porte   ,Single Family (1-4 Units):Site-Built,143856.0,105000.0,72.99,Standard Risk (<=80%)
5034963,NY,Queens    ,Single Family (1-4 Units):Site-Built,1202128.0,565000.0,47.0,Standard Risk (<=80%)
5034995,CA,Los Angeles   ,Single Family (1-4 Units):Site-Built,734324.0,445000.0,60.6,Standard Risk (<=80%)
5035030,TX,Tarrant    ,Single Family (1-4 Units):Site-Built,317333.0,275000.0,86.66,High Risk (>80%)
5035133,WA,Snohomish    ,Single Family (1-4 Units):Site-Built,996205.0,525000.0,52.7,Standard Risk (<=80%)
5035167,CO,El Paso   ,Single Family (1-4 Units):Site-Built,416484.0,285000.0,68.43,Standard Risk (<=80%)
5035185,NY,Dutchess    ,Single Family (1-4 Units):Site-Built,323922.0,265000.0,81.81,High Risk (>80%)
5035314,NY,Suffolk    ,Single Family (1-4 Units):Site-Built,286667.0,215000.0,75.0,Standard Risk (<=80%)
5035317,CA,Contra Costa   ,Single Family (1-4 Units):Site-Built,2006667.0,1505000.0,75.0,Standard Risk (<=80%)
5035379,CT,Fairfield    ,Single Family (1-4 Units):Site-Built,556250.0,445000.0,80.0,Standard Risk (<=80%)
5035450,CA,Placer    ,Single Family (1-4 Units):Site-Built,1243369.0,375000.0,30.16,Standard Risk (<=80%)
5035456,CA,Riverside    ,Single Family (1-4 Units):Site-Built,533409.0,95000.0,17.81,Standard Risk (<=80%)
5035555,MI,Wayne    ,Single Family (1-4 Units):Site-Built,321053.0,305000.0,95.0,High Risk (>80%)
5035661,NC,Surry    ,Single Family (1-4 Units):Site-Built,193228.0,105000.0,54.34,Standard Risk (<=80%)
5035682,FL,Lee    ,Single Family (1-4 Units):Site-Built,322165.0,225000.0,69.84,Standard Risk (<=80%)
5035708,MI,Kent    ,Single Family (1-4 Units):Site-Built,280165.0,225000.0,80.31,High Risk (>80%)
5035730,TX,Galveston    ,Single Family (1-4 Units):Site-Built,380940.0,275000.0,72.19,Standard Risk (<=80%)
5035740,GA,Columbia    ,Single Family (1-4 Units):Site-Built,293674.0,175000.0,59.59,Standard Risk (<=80%)
5035781,MI,Wayne    ,Single Family (1-4 Units):Site-Built,170104.0,165000.0,97.0,High Risk (>80%)
5035817,MA,Bristol    ,Single Family (1-4 Units):Site-Built,409837.0,205000.0,50.02,Standard Risk (<=80%)
5035848,MN,Benton    ,Single Family (1-4 Units):Site-Built,501003.0,375000.0,74.85,Standard Risk (<=80%)
5035881,CA,Calaveras    ,Single Family (1-4 Units):Site-Built,445206.0,325000.0,73.0,Standard Risk (<=80%)
5036070,IL,DuPage    ,Single Family (1-4 Units):Site-Built,292148.0,205000.0,70.17,Standard Risk (<=80%)
5036193,CA,Solano    ,Single Family (1-4 Units):Site-Built,540035.0,375000.0,69.44,Standard Risk (<=80%)
5036220,GA,Gwinnett    ,Single Family (1-4 Units):Site-Built,389706.0,265000.0,68.0,Standard Risk (<=80%)
5036254,CA,Los Angeles   ,Single Family (1-4 Units):Site-Built,1097709.0,455000.0,41.45,Standard Risk (<=80%)
5036267,FL,Clay    ,Single Family (1-4 Units):Site-Built,365980.0,355000.0,97.0,High Risk (>80%)
5036285,CA,Contra Costa   ,Single Family (1-4 Units):Site-Built,1162234.0,485000.0,41.73,Standard Risk (<=80%)
5036391,MI,Oakland    ,Single Family (1-4 Units):Site-Built,211341.0,205000.0,97.0,High Risk (>80%)
5036409,CA,Los Angeles   ,Single Family (1-4 Units):Site-Built,990640.0,635000.0,64.1,Standard Risk (<=80%)
5036426,WA,Pierce    ,Single Family (1-4 Units):Site-Built,444381.0,155000.0,34.88,Standard Risk (<=80%)
5036566,CA,Sacramento    ,Single Family (1-4 Units):Site-Built,427432.0,225000.0,52.64,Standard Risk (<=80%)
5036583,VA,Fairfax    ,Single Family (1-4 Units):Site-Built,410000.0,205000.0,50.0,Standard Risk (<=80%)
5036629,CA,Los Angeles   ,Single Family (1-4 Units):Site-Built,1398306.0,825000.0,59.0,Standard Risk (<=80%)
5036652,NM,Bernalillo    ,Single Family (1-4 Units):Site-Built,292105.0,175000.0,59.91,Standard Risk (<=80%)
5036690,VA,Salem city   ,Single Family (1-4 Units):Site-Built,167893.0,105000.0,62.54,Standard Risk (<=80%)
5036842,KS,Sedgwick    ,Single Family (1-4 Units):Site-Built,152632.0,145000.0,95.0,High Risk (>80%)
5036892,FL,Brevard    ,Single Family (1-4 Units):Site-Built,375422.0,245000.0,65.26,Standard Risk (<=80%)
5036910,TN,Shelby    ,Single Family (1-4 Units):Site-Built,534483.0,155000.0,29.0,Standard Risk (<=80%)
5036954,AL,Jefferson    ,Single Family (1-4 Units):Site-Built,261948.0,205000.0,78.26,Standard Risk (<=80%)
5037056,NH,Belknap    ,Single Family (1-4 Units):Site-Built,363158.0,345000.0,95.0,High Risk (>80%)
5037233,FL,Lee    ,Single Family (1-4 Units):Site-Built,598685.0,455000.0,76.0,Standard Risk (<=80%)
5037334,NJ,Somerset    ,Single Family (1-4 Units):Site-Built,258295.0,225000.0,87.11,High Risk (>80%)
5037345,NV,Clark    ,Single Family (1-4 Units):Site-Built,262821.0,205000.0,78.0,Standard Risk (<=80%)
5037355,AL,Shelby    ,Single Family (1-4 Units):Site-Built,408341.0,235000.0,57.55,Standard Risk (<=80%)
5037377,CA,San Joaquin   ,Single Family (1-4 Units):Site-Built,500000.0,425000.0,85.0,High Risk (>80%)
5037399,GA,Cobb    ,Single Family (1-4 Units):Site-Built,334279.0,165000.0,49.36,Standard Risk (<=80%)
5037425,CA,Contra Costa   ,Single Family (1-4 Units):Site-Built,979688.0,545000.0,55.63,Standard Risk (<=80%)
5037457,NJ,Mercer    ,Single Family (1-4 Units):Site-Built,600980.0,405000.0,67.39,Standard Risk (<=80%)
5037471,TN,Loudon    ,Single Family (1-4 Units):Site-Built,438205.0,245000.0,55.91,Standard Risk (<=80%)
5037481,MD,Baltimore    ,Single Family (1-4 Units):Site-Built,478948.0,455000.0,95.0,High Risk (>80%)
5037527,NY,Washington    ,Single Family (1-4 Units):Site-Built,198631.0,145000.0,73.0,Standard Risk (<=80%)
5024333,CT,New London   ,Single Family (1-4 Units):Site-Built,307143.0,215000.0,70.0,Standard Risk (<=80%)
5024360,AL,Marshall    ,Single Family (1-4 Units):Site-Built,207737.0,145000.0,69.8,Standard Risk (<=80%)
5024434,FL,Marion    ,Single Family (1-4 Units):Site-Built,215253.0,105000.0,48.78,Standard Risk (<=80%)
5024646,AL,Houston    ,Single Family (1-4 Units):Site-Built,313400.0,185000.0,59.03,Standard Risk (<=80%)
5024870,AZ,Maricopa    ,Single Family (1-4 Units):Site-Built,620000.0,465000.0,75.0,Standard Risk (<=80%)
5025049,AZ,Pinal    ,Single Family (1-4 Units):Site-Built,553989.0,275000.0,49.64,Standard Risk (<=80%)
5025297,NC,Pender    ,Single Family (1-4 Units):Site-Built,376797.0,215000.0,57.06,Standard Risk (<=80%)
5025310,OH,Summit    ,Single Family (1-4 Units):Site-Built,173685.0,165000.0,95.0,High Risk (>80%)
5025382,AZ,Maricopa    ,Single Family (1-4 Units):Site-Built,990910.0,545000.0,55.0,Standard Risk (<=80%)
5025510,NY,Orange    ,Single Family (1-4 Units):Site-Built,427537.0,295000.0,69.0,Standard Risk (<=80%)
5025679,MA,Hampden    ,Single Family (1-4 Units):Site-Built,226949.0,175000.0,77.11,Standard Risk (<=80%)
5026018,RI,Providence    ,Single Family (1-4 Units):Site-Built,331250.0,265000.0,80.0,Standard Risk (<=80%)
5026274,CA,Santa Clara   ,Single Family (1-4 Units):Site-Built,1121429.0,785000.0,70.0,Standard Risk (<=80%)
5026316,IL,McLean    ,Single Family (1-4 Units):Site-Built,207143.0,145000.0,70.0,Standard Risk (<=80%)
5026450,NJ,Essex    ,Single Family (1-4 Units):Site-Built,631250.0,505000.0,80.0,Standard Risk (<=80%)
5026454,UT,Utah    ,Single Family (1-4 Units):Site-Built,389706.0,265000.0,68.0,Standard Risk (<=80%)
5026519,AZ,Maricopa    ,Single Family (1-4 Units):Site-Built,450000.0,315000.0,70.0,Standard Risk (<=80%)
5026682,MO,Jackson    ,Single Family (1-4 Units):Site-Built,267612.0,185000.0,69.13,Standard Risk (<=80%)
5026739,SC,York    ,Single Family (1-4 Units):Site-Built,258421.0,145000.0,56.11,Standard Risk (<=80%)
5026933,FL,Osceola    ,Single Family (1-4 Units):Site-Built,386598.0,375000.0,97.0,High Risk (>80%)
5026959,FL,Pasco    ,Single Family (1-4 Units):Site-Built,316810.0,255000.0,80.49,High Risk (>80%)
5027219,CA,Riverside    ,Single Family (1-4 Units):Site-Built,457334.0,425000.0,92.93,High Risk (>80%)
5027341,GA,Stephens    ,Single Family (1-4 Units):Site-Built,233249.0,165000.0,70.74,Standard Risk (<=80%)
5027389,CA,San Diego   ,Single Family (1-4 Units):Site-Built,839312.0,585000.0,69.7,Standard Risk (<=80%)
5027549,CA,Los Angeles   ,Single Family (1-4 Units):Site-Built,317097.0,235000.0,74.11,Standard Risk (<=80%)
5027751,WA,King    ,Single Family (1-4 Units):Site-Built,563608.0,245000.0,43.47,Standard Risk (<=80%)
5028166,CA,San Bernardino   ,Single Family (1-4 Units):Site-Built,218750.0,175000.0,80.0,Standard Risk (<=80%)
5028233,CA,Humboldt    ,Single Family (1-4 Units):Site-Built,574075.0,155000.0,27.0,Standard Risk (<=80%)
5028256,CA,Alameda    ,Single Family (1-4 Units):Site-Built,991526.0,585000.0,59.0,Standard Risk (<=80%)
5028384,CO,El Paso   ,Single Family (1-4 Units):Site-Built,577417.0,405000.0,70.14,Standard Risk (<=80%)
5028567,CO,Arapahoe    ,Single Family (1-4 Units):Site-Built,356250.0,285000.0,80.0,Standard Risk (<=80%)
5028646,CT,New London   ,Single Family (1-4 Units):Site-Built,316565.0,275000.0,86.87,High Risk (>80%)
5028669,AL,Blount    ,Single Family (1-4 Units):Site-Built,232071.0,155000.0,66.79,Standard Risk (<=80%)
5028835,CA,Santa Clara   ,Single Family (1-4 Units):Site-Built,867498.0,675000.0,77.81,Standard Risk (<=80%)
5028851,OR,Washington    ,Single Family (1-4 Units):Site-Built,972728.0,535000.0,55.0,Standard Risk (<=80%)
5028911,TX,Howard    ,Single Family (1-4 Units):Site-Built,352620.0,245000.0,69.48,Standard Risk (<=80%)
5029131,VA,Roanoke    ,Single Family (1-4 Units):Site-Built,416667.0,375000.0,90.0,High Risk (>80%)
5029218,CA,Sonoma    ,Single Family (1-4 Units):Site-Built,1000000.0,515000.0,51.5,Standard Risk (<=80%)
5029302,PA,York    ,Single Family (1-4 Units):Site-Built,250000.0,225000.0,90.0,High Risk (>80%)
5029305,NY,Westchester    ,Single Family (1-4 Units):Site-Built,755495.0,165000.0,21.84,Standard Risk (<=80%)
5029329,LA,Jefferson Parish   ,Single Family (1-4 Units):Site-Built,224041.0,115000.0,51.33,Standard Risk (<=80%)
5029726,TX,Denton    ,Single Family (1-4 Units):Site-Built,563830.0,265000.0,47.0,Standard Risk (<=80%)
5029739,UT,Utah    ,Single Family (1-4 Units):Site-Built,595891.0,435000.0,73.0,Standard Risk (<=80%)
5030229,TN,Gibson    ,Single Family (1-4 Units):Site-Built,219161.0,105000.0,47.91,Standard Risk (<=80%)
5030302,NV,Washoe    ,Single Family (1-4 Units):Site-Built,946809.0,445000.0,47.0,Standard Risk (<=80%)
5030490,CA,Contra Costa   ,Single Family (1-4 Units):Site-Built,852735.0,315000.0,36.94,Standard Risk (<=80%)
5030503,CA,Orange    ,Single Family (1-4 Units):Site-Built,534245.0,305000.0,57.09,Standard Risk (<=80%)
5030841,CT,Windham    ,Single Family (1-4 Units):Site-Built,178836.0,145000.0,81.08,High Risk (>80%)
5030846,TN,Shelby    ,Single Family (1-4 Units):Site-Built,296286.0,205000.0,69.19,Standard Risk (<=80%)
5030933,CA,Orange    ,Single Family (1-4 Units):Site-Built,606011.0,365000.0,60.23,Standard Risk (<=80%)
5030960,FL,Pasco    ,Single Family (1-4 Units):Site-Built,446256.0,115000.0,25.77,Standard Risk (<=80%)
5030969,CA,Ventura    ,Single Family (1-4 Units):Site-Built,777028.0,575000.0,74.0,Standard Risk (<=80%)
5031055,GA,Coweta    ,Single Family (1-4 Units):Site-Built,390485.0,325000.0,83.23,High Risk (>80%)
5031093,IN,Allen    ,Single Family (1-4 Units):Site-Built,137922.0,95000.0,68.88,Standard Risk (<=80%)
5031117,NC,Brunswick    ,Single Family (1-4 Units):Site-Built,248456.0,185000.0,74.46,Standard Risk (<=80%)
5031335,IL,McHenry    ,Single Family (1-4 Units):Site-Built,354652.0,305000.0,86.0,High Risk (>80%)
5031407,AK,Anchorage Borough   ,Single Family (1-4 Units):Site-Built,452128.0,255000.0,56.4,Standard Risk (<=80%)
5031457,GA,Forsyth    ,Single Family (1-4 Units):Site-Built,645455.0,355000.0,55.0,Standard Risk (<=80%)
5031826,GA,Cobb    ,Single Family (1-4 Units):Site-Built,198530.0,135000.0,68.0,Standard Risk (<=80%)
5032010,IN,Marion    ,Single Family (1-4 Units):Site-Built,92437.0,55000.0,59.5,Standard Risk (<=80%)
5032134,TN,Sumner    ,Single Family (1-4 Units):Site-Built,383503.0,265000.0,69.1,Standard Risk (<=80%)
5032454,FL,Alachua    ,Single Family (1-4 Units):Site-Built,182222.0,115000.0,63.11,Standard Risk (<=80%)
5032502,CA,Contra Costa   ,Single Family (1-4 Units):Site-Built,995068.0,585000.0,58.79,Standard Risk (<=80%)
5032736,WI,Winnebago    ,Single Family (1-4 Units):Site-Built,131250.0,105000.0,80.0,Standard Risk (<=80%)
5032882,MD,Howard    ,Single Family (1-4 Units):Site-Built,525615.0,355000.0,67.54,Standard Risk (<=80%)
5033032,AR,Sebastian    ,Single Family (1-4 Units):Site-Built,273334.0,205000.0,75.0,Standard Risk (<=80%)
5033402,OK,Cleveland    ,Single Family (1-4 Units):Site-Built,199357.0,155000.0,77.75,Standard Risk (<=80%)
5033729,IN,Tippecanoe    ,Single Family (1-4 Units):Site-Built,190289.0,145000.0,76.2,Standard Risk (<=80%)
5033738,CA,Lake    ,Single Family (1-4 Units):Site-Built,394956.0,285000.0,72.16,Standard Risk (<=80%)
5034213,CA,Solano    ,Single Family (1-4 Units):Site-Built,625253.0,465000.0,74.37,Standard Risk (<=80%)
5034507,CA,Los Angeles   ,Single Family (1-4 Units):Site-Built,623749.0,405000.0,64.93,Standard Risk (<=80%)
5034693,MN,Kandiyohi    ,Single Family (1-4 Units):Site-Built,135136.0,95000.0,70.3,Standard Risk (<=80%)
5034753,TX,Galveston    ,Single Family (1-4 Units):Site-Built,172238.0,135000.0,78.38,Standard Risk (<=80%)
5034840,FL,Nassau    ,Single Family (1-4 Units):Site-Built,789856.0,545000.0,69.0,Standard Risk (<=80%)
5034899,AZ,Yavapai    ,Single Family (1-4 Units):Site-Built,412961.0,195000.0,47.22,Standard Risk (<=80%)
5035001,FL,Miami-Dade,Single Family (1-4 Units):Site-Built,493750.0,395000.0,80.0,Standard Risk (<=80%)
5035082,VA,Franklin    ,Single Family (1-4 Units):Site-Built,382353.0,325000.0,85.0,High Risk (>80%)
5035641,WV,Berkeley    ,Single Family (1-4 Units):Site-Built,237794.0,225000.0,94.62,High Risk (>80%)
5035984,FL,Manatee    ,Single Family (1-4 Units):Site-Built,246667.0,185000.0,75.0,Standard Risk (<=80%)
5036011,NJ,Hudson    ,Single Family (1-4 Units):Site-Built,574481.0,285000.0,49.61,Standard Risk (<=80%)
5036098,AK,Matanuska-Susitna Borough   ,Single Family (1-4 Units):Site-Built,179352.0,115000.0,64.12,Standard Risk (<=80%)
5036280,CA,Ventura    ,Single Family (1-4 Units):Site-Built,668750.0,535000.0,80.0,Standard Risk (<=80%)
5036295,AZ,Graham    ,Single Family (1-4 Units):Site-Built,243225.0,175000.0,71.95,Standard Risk (<=80%)
5036576,AL,Baldwin    ,Single Family (1-4 Units):Site-Built,301471.0,205000.0,68.0,Standard Risk (<=80%)
5036612,CA,Orange    ,Single Family (1-4 Units):Site-Built,629218.0,345000.0,54.83,Standard Risk (<=80%)
5036853,CA,San Bernardino   ,Single Family (1-4 Units):Site-Built,702559.0,475000.0,67.61,Standard Risk (<=80%)
5036944,LA,Jefferson Parish   ,Single Family (1-4 Units):Site-Built,336501.0,255000.0,75.78,Standard Risk (<=80%)
5037114,NC,Guilford    ,Single Family (1-4 Units):Site-Built,196017.0,125000.0,63.77,Standard Risk (<=80%)
5037127,NE,Lancaster    ,Single Family (1-4 Units):Site-Built,478948.0,455000.0,95.0,High Risk (>80%)
5037193,CA,Solano    ,Single Family (1-4 Units):Site-Built,474684.0,75000.0,15.8,Standard Risk (<=80%)
5037313,VA,Culpeper    ,Single Family (1-4 Units):Site-Built,256697.0,115000.0,44.8,Standard Risk (<=80%)
5024047,WA,King    ,Single Family (1-4 Units):Site-Built,1085131.0,775000.0,71.42,Standard Risk (<=80%)
5024069,CA,San Bernardino   ,Single Family (1-4 Units):Site-Built,458334.0,165000.0,36.0,Standard Risk (<=80%)
5024102,WI,Milwaukee    ,Single Family (1-4 Units):Site-Built,208817.0,135000.0,64.65,Standard Risk (<=80%)
5024121,NC,Wake    ,Single Family (1-4 Units):Site-Built,624376.0,375000.0,60.06,Standard Risk (<=80%)
5024286,NC,Hoke    ,Single Family (1-4 Units):Site-Built,200244.0,115000.0,57.43,Standard Risk (<=80%)
5024298,MI,Wayne    ,Single Family (1-4 Units):Site-Built,175359.0,115000.0,65.58,Standard Risk (<=80%)
5024334,TX,Fort Bend   ,Single Family (1-4 Units):Site-Built,243593.0,115000.0,47.21,Standard Risk (<=80%)
5024335,OR,Multnomah    ,Single Family (1-4 Units):Site-Built,587500.0,235000.0,40.0,Standard Risk (<=80%)
5024350,IL,Cook    ,Single Family (1-4 Units):Site-Built,993378.0,345000.0,34.73,Standard Risk (<=80%)
5024372,NV,Clark    ,Single Family (1-4 Units):Site-Built,394737.0,225000.0,57.0,Standard Risk (<=80%)
5024536,OH,Logan    ,Single Family (1-4 Units):Site-Built,208362.0,155000.0,74.39,Standard Risk (<=80%)
5024548,MD,Anne Arundel   ,Single Family (1-4 Units):Site-Built,657895.0,625000.0,95.0,High Risk (>80%)
5024552,AL,Madison    ,Single Family (1-4 Units):Site-Built,739584.0,355000.0,48.0,Standard Risk (<=80%)
5024815,TX,Harris    ,Single Family (1-4 Units):Site-Built,468750.0,375000.0,80.0,Standard Risk (<=80%)
5024960,FL,Hillsborough    ,Single Family (1-4 Units):Site-Built,348885.0,255000.0,73.09,Standard Risk (<=80%)
5024963,PA,Lehigh    ,Single Family (1-4 Units):Site-Built,299004.0,225000.0,75.25,Standard Risk (<=80%)
5025012,NY,Kings    ,Single Family (1-4 Units):Site-Built,1211112.0,545000.0,45.0,Standard Risk (<=80%)
5025058,CA,San Bernardino   ,Single Family (1-4 Units):Site-Built,601450.0,415000.0,69.0,Standard Risk (<=80%)
5025072,NY,Orange    ,Single Family (1-4 Units):Site-Built,386793.0,205000.0,53.0,Standard Risk (<=80%)
5025100,CA,Riverside    ,Single Family (1-4 Units):Site-Built,603897.0,465000.0,77.0,Standard Risk (<=80%)
5025106,FL,Lee    ,Single Family (1-4 Units):Site-Built,736487.0,545000.0,74.0,Standard Risk (<=80%)
5025109,CA,Amador    ,Single Family (1-4 Units):Site-Built,416748.0,215000.0,51.59,Standard Risk (<=80%)
5025126,WA,King    ,Single Family (1-4 Units):Site-Built,944869.0,545000.0,57.68,Standard Risk (<=80%)
5025162,GA,Gwinnett    ,Single Family (1-4 Units):Site-Built,393750.0,315000.0,80.0,Standard Risk (<=80%)
5025189,UT,Davis    ,Single Family (1-4 Units):Site-Built,619453.0,335000.0,54.08,Standard Risk (<=80%)
5025198,FL,Charlotte    ,Single Family (1-4 Units):Site-Built,448470.0,255000.0,56.86,Standard Risk (<=80%)
5025199,AZ,Maricopa    ,Single Family (1-4 Units):Site-Built,466102.0,275000.0,59.0,Standard Risk (<=80%)
5025209,CA,Los Angeles   ,Single Family (1-4 Units):Site-Built,483815.0,275000.0,56.84,Standard Risk (<=80%)
5025302,SC,Dorchester    ,Single Family (1-4 Units):Site-Built,392858.0,275000.0,70.0,Standard Risk (<=80%)
5025328,AZ,Maricopa    ,Single Family (1-4 Units):Site-Built,590032.0,425000.0,72.03,Standard Risk (<=80%)
5025432,TX,Fort Bend   ,Single Family (1-4 Units):Site-Built,478651.0,315000.0,65.81,Standard Risk (<=80%)
5025451,AZ,Pima    ,Single Family (1-4 Units):Site-Built,312222.0,245000.0,78.47,Standard Risk (<=80%)
5025496,CO,Jefferson    ,Single Family (1-4 Units):Site-Built,468422.0,445000.0,95.0,High Risk (>80%)
5025507,WA,Kittitas    ,Single Family (1-4 Units):Site-Built,667670.0,355000.0,53.17,Standard Risk (<=80%)
5025758,PA,Chester    ,Single Family (1-4 Units):Site-Built,347037.0,195000.0,56.19,Standard Risk (<=80%)
5025808,OK,Woodward    ,Single Family (1-4 Units):Site-Built,361112.0,325000.0,90.0,High Risk (>80%)
5025859,IN,Hamilton    ,Single Family (1-4 Units):Site-Built,656250.0,525000.0,80.0,Standard Risk (<=80%)
5025876,OR,Marion    ,Single Family (1-4 Units):Site-Built,400000.0,225000.0,56.25,Standard Risk (<=80%)
5025893,OH,Hamilton    ,Single Family (1-4 Units):Site-Built,928204.0,585000.0,63.02,Standard Risk (<=80%)
5025933,CO,El Paso   ,Single Family (1-4 Units):Site-Built,223728.0,175000.0,78.22,Standard Risk (<=80%)
5025963,PA,Franklin    ,Single Family (1-4 Units):Site-Built,194605.0,145000.0,74.51,Standard Risk (<=80%)
5026000,VA,Nelson    ,Single Family (1-4 Units):Site-Built,278731.0,195000.0,69.96,Standard Risk (<=80%)
5026002,TX,Brazoria    ,Single Family (1-4 Units):Site-Built,506250.0,405000.0,80.0,Standard Risk (<=80%)
5026043,PA,Berks    ,Single Family (1-4 Units):Site-Built,166667.0,65000.0,39.0,Standard Risk (<=80%)
5026083,OK,Sequoyah    ,Single Family (1-4 Units):Site-Built,171514.0,115000.0,67.05,Standard Risk (<=80%)
5026093,NJ,Somerset    ,Single Family (1-4 Units):Site-Built,331340.0,205000.0,61.87,Standard Risk (<=80%)
5026140,CA,Los Angeles   ,Single Family (1-4 Units):Site-Built,534821.0,235000.0,43.94,Standard Risk (<=80%)
5026170,CA,Los Angeles   ,Single Family (1-4 Units):Site-Built,793438.0,295000.0,37.18,Standard Risk (<=80%)
5026178,AZ,Pima    ,Single Family (1-4 Units):Site-Built,305971.0,205000.0,67.0,Standard Risk (<=80%)
5026191,OK,Tulsa    ,Single Family (1-4 Units):Site-Built,414286.0,145000.0,35.0,Standard Risk (<=80%)
5026220,CA,Siskiyou    ,Single Family (1-4 Units):Site-Built,195200.0,135000.0,69.16,Standard Risk (<=80%)
5026318,GA,Paulding    ,Single Family (1-4 Units):Site-Built,246171.0,135000.0,54.84,Standard Risk (<=80%)
5026347,FL,Collier    ,Single Family (1-4 Units):Site-Built,200000.0,85000.0,42.5,Standard Risk (<=80%)
5026381,MA,Norfolk    ,Single Family (1-4 Units):Site-Built,380330.0,215000.0,56.53,Standard Risk (<=80%)
5026441,RI,Providence    ,Single Family (1-4 Units):Site-Built,256250.0,205000.0,80.0,Standard Risk (<=80%)
5026524,NY,Westchester    ,Single Family (1-4 Units):Site-Built,980000.0,735000.0,75.0,Standard Risk (<=80%)
5026574,TX,Tom Green   ,Single Family (1-4 Units):Site-Built,275642.0,215000.0,78.0,Standard Risk (<=80%)
5026616,AL,Jefferson    ,Single Family (1-4 Units):Site-Built,253247.0,195000.0,77.0,Standard Risk (<=80%)
5026665,HI,Maui    ,Single Family (1-4 Units):Site-Built,664790.0,425000.0,63.93,Standard Risk (<=80%)
5026672,IA,Johnson    ,Single Family (1-4 Units):Site-Built,206250.0,165000.0,80.0,Standard Risk (<=80%)
5026719,NV,Clark    ,Single Family (1-4 Units):Site-Built,194737.0,185000.0,95.0,High Risk (>80%)
5026808,VA,Spotsylvania    ,Single Family (1-4 Units):Site-Built,282183.0,105000.0,37.21,Standard Risk (<=80%)
5026971,NY,Nassau    ,Single Family (1-4 Units):Site-Built,722298.0,425000.0,58.84,Standard Risk (<=80%)
5026974,FL,Volusia    ,Single Family (1-4 Units):Site-Built,250000.0,175000.0,70.0,Standard Risk (<=80%)
5026979,MD,Montgomery    ,Single Family (1-4 Units):Site-Built,385032.0,285000.0,74.02,Standard Risk (<=80%)
5026984,OH,Summit    ,Single Family (1-4 Units):Site-Built,407143.0,285000.0,70.0,Standard Risk (<=80%)
5026995,CA,San Joaquin   ,Single Family (1-4 Units):Site-Built,780356.0,545000.0,69.84,Standard Risk (<=80%)
5027023,TX,Collin    ,Single Family (1-4 Units):Site-Built,300000.0,105000.0,35.0,Standard Risk (<=80%)
5027103,TX,Harris    ,Single Family (1-4 Units):Site-Built,298110.0,235000.0,78.83,Standard Risk (<=80%)
5027125,NV,Nye    ,Single Family (1-4 Units):Site-Built,318750.0,255000.0,80.0,Standard Risk (<=80%)
5027200,TN,Hamilton    ,Single Family (1-4 Units):Site-Built,372223.0,335000.0,90.0,High Risk (>80%)
5027205,TX,Galveston    ,Single Family (1-4 Units):Site-Built,187073.0,145000.0,77.51,Standard Risk (<=80%)
5027222,PA,York    ,Single Family (1-4 Units):Site-Built,129959.0,95000.0,73.1,Standard Risk (<=80%)
5027240,CO,Larimer    ,Single Family (1-4 Units):Site-Built,461046.0,345000.0,74.83,Standard Risk (<=80%)
5027284,GA,Fulton    ,Single Family (1-4 Units):Site-Built,293750.0,235000.0,80.0,Standard Risk (<=80%)
5027302,FL,Escambia    ,Single Family (1-4 Units):Site-Built,356847.0,215000.0,60.25,Standard Risk (<=80%)
5027467,MN,Hennepin    ,Single Family (1-4 Units):Site-Built,290457.0,105000.0,36.15,Standard Risk (<=80%)
5027517,CA,Alameda    ,Single Family (1-4 Units):Site-Built,1111112.0,505000.0,45.45,Standard Risk (<=80%)
5027522,RI,Kent    ,Single Family (1-4 Units):Site-Built,321429.0,225000.0,70.0,Standard Risk (<=80%)
5027601,KY,Boone    ,Single Family (1-4 Units):Site-Built,265313.0,175000.0,65.96,Standard Risk (<=80%)
5027642,NC,Chatham    ,Single Family (1-4 Units):Site-Built,273196.0,265000.0,97.0,High Risk (>80%)
5027690,TN,Hamblen    ,Single Family (1-4 Units):Site-Built,212963.0,115000.0,54.0,Standard Risk (<=80%)
5027853,NY,Oneida    ,Single Family (1-4 Units):Site-Built,195653.0,135000.0,69.0,Standard Risk (<=80%)
5027892,TX,Travis    ,Single Family (1-4 Units):Site-Built,618750.0,495000.0,80.0,Standard Risk (<=80%)
5027926,WA,King    ,Single Family (1-4 Units):Site-Built,333163.0,195000.0,58.53,Standard Risk (<=80%)
5028051,FL,Sarasota    ,Single Family (1-4 Units):Site-Built,241213.0,175000.0,72.55,Standard Risk (<=80%)
5028085,NC,Moore    ,Single Family (1-4 Units):Site-Built,145997.0,95000.0,65.07,Standard Risk (<=80%)
5028116,CA,Santa Clara   ,Single Family (1-4 Units):Site-Built,4185693.0,825000.0,19.71,Standard Risk (<=80%)
5028133,NY,Westchester    ,Single Family (1-4 Units):Site-Built,637473.0,345000.0,54.12,Standard Risk (<=80%)
5028169,CA,Los Angeles   ,Single Family (1-4 Units):Site-Built,1315790.0,615000.0,46.74,Standard Risk (<=80%)
5028214,NY,Oswego    ,Single Family (1-4 Units):Site-Built,194329.0,135000.0,69.47,Standard Risk (<=80%)
5028243,IN,Jasper    ,Single Family (1-4 Units):Site-Built,321429.0,225000.0,70.0,Standard Risk (<=80%)
5028269,CA,Los Angeles   ,Single Family (1-4 Units):Site-Built,738096.0,465000.0,63.0,Standard Risk (<=80%)
5028338,VA,Staunton city   ,Single Family (1-4 Units):Site-Built,331579.0,315000.0,95.0,High Risk (>80%)
5028339,MA,Barnstable    ,Single Family (1-4 Units):Site-Built,447917.0,215000.0,48.0,Standard Risk (<=80%)
5028374,DE,Sussex    ,Single Family (1-4 Units):Site-Built,648376.0,475000.0,73.26,Standard Risk (<=80%)
5028389,FL,Lake    ,Single Family (1-4 Units):Site-Built,588333.0,355000.0,60.34,Standard Risk (<=80%)
5028409,CA,San Diego   ,Single Family (1-4 Units):Site-Built,792900.0,335000.0,42.25,Standard Risk (<=80%)
5028513,CA,Santa Clara   ,Single Family (1-4 Units):Site-Built,994975.0,495000.0,49.75,Standard Risk (<=80%)
5028595,CA,Los Angeles   ,Single Family (1-4 Units):Site-Built,1252386.0,525000.0,41.92,Standard Risk (<=80%)
5028614,TX,Montgomery    ,Single Family (1-4 Units):Site-Built,301205.0,165000.0,54.78,Standard Risk (<=80%)
5028621,GA,Cherokee    ,Single Family (1-4 Units):Site-Built,508334.0,305000.0,60.0,Standard Risk (<=80%)
5028698,CA,Alameda    ,Single Family (1-4 Units):Site-Built,490868.0,215000.0,43.8,Standard Risk (<=80%)
5028712,NY,Orange    ,Single Family (1-4 Units):Site-Built,716667.0,645000.0,90.0,High Risk (>80%)
5028727,OH,Stark    ,Single Family (1-4 Units):Site-Built,203948.0,155000.0,76.0,Standard Risk (<=80%)
5028729,WA,Grant    ,Single Family (1-4 Units):Site-Built,288733.0,205000.0,71.0,Standard Risk (<=80%)
5028771,TX,Collin    ,Single Family (1-4 Units):Site-Built,387500.0,155000.0,40.0,Standard Risk (<=80%)
5028831,CA,Alameda    ,Single Family (1-4 Units):Site-Built,1001776.0,395000.0,39.43,Standard Risk (<=80%)
5028842,CA,San Diego   ,Single Family (1-4 Units):Site-Built,652388.0,265000.0,40.62,Standard Risk (<=80%)
5028876,MI,Genesee    ,Single Family (1-4 Units):Site-Built,307018.0,175000.0,57.0,Standard Risk (<=80%)
5028918,GA,Barrow    ,Single Family (1-4 Units):Site-Built,227933.0,165000.0,72.39,Standard Risk (<=80%)
5028939,TX,Ellis    ,Single Family (1-4 Units):Site-Built,429599.0,245000.0,57.03,Standard Risk (<=80%)
5028953,UT,Salt Lake   ,Single Family (1-4 Units):Site-Built,384230.0,115000.0,29.93,Standard Risk (<=80%)
5028982,AZ,Maricopa    ,Single Family (1-4 Units):Site-Built,414149.0,185000.0,44.67,Standard Risk (<=80%)
5029000,CA,Orange    ,Single Family (1-4 Units):Site-Built,666829.0,275000.0,41.24,Standard Risk (<=80%)
5029154,VA,Culpeper    ,Single Family (1-4 Units):Site-Built,272223.0,245000.0,90.0,High Risk (>80%)
5029269,TX,Bell    ,Single Family (1-4 Units):Site-Built,154367.0,105000.0,68.02,Standard Risk (<=80%)
5029276,AR,Benton    ,Single Family (1-4 Units):Site-Built,294445.0,265000.0,90.0,High Risk (>80%)
5029323,TX,Montgomery    ,Single Family (1-4 Units):Site-Built,450000.0,315000.0,70.0,Standard Risk (<=80%)
5029334,FL,Pinellas    ,Single Family (1-4 Units):Site-Built,443750.0,355000.0,80.0,Standard Risk (<=80%)
5029389,MI,Oakland    ,Single Family (1-4 Units):Site-Built,229629.0,175000.0,76.21,Standard Risk (<=80%)
5029425,MI,Wayne    ,Single Family (1-4 Units):Site-Built,443750.0,355000.0,80.0,Standard Risk (<=80%)
5029447,PA,Philadelphia    ,Single Family (1-4 Units):Site-Built,194737.0,185000.0,95.0,High Risk (>80%)
5029512,GA,Forsyth    ,Single Family (1-4 Units):Site-Built,591667.0,355000.0,60.0,Standard Risk (<=80%)
5029539,CA,Santa Clara   ,Single Family (1-4 Units):Site-Built,994095.0,505000.0,50.8,Standard Risk (<=80%)
5029581,CA,Mendocino    ,Single Family (1-4 Units):Site-Built,685173.0,195000.0,28.46,Standard Risk (<=80%)
5029598,CT,New Haven   ,Single Family (1-4 Units):Site-Built,433334.0,195000.0,45.0,Standard Risk (<=80%)
5029624,FL,Brevard    ,Single Family (1-4 Units):Site-Built,664180.0,445000.0,67.0,Standard Risk (<=80%)
5029712,MI,Kalkaska    ,Single Family (1-4 Units):Site-Built,218750.0,175000.0,80.0,Standard Risk (<=80%)
5029757,GA,Rockdale    ,Single Family (1-4 Units):Site-Built,275184.0,165000.0,59.96,Standard Risk (<=80%)
5029825,CA,Fresno    ,Single Family (1-4 Units):Site-Built,278948.0,265000.0,95.0,High Risk (>80%)
5029833,CA,Alameda    ,Single Family (1-4 Units):Site-Built,903839.0,485000.0,53.66,Standard Risk (<=80%)
5029887,CA,San Bernardino   ,Single Family (1-4 Units):Site-Built,583828.0,335000.0,57.38,Standard Risk (<=80%)
5029952,WA,King    ,Single Family (1-4 Units):Site-Built,1163421.0,795000.0,68.33,Standard Risk (<=80%)
5030075,LA,Caddo Parish   ,Single Family (1-4 Units):Site-Built,612885.0,215000.0,35.08,Standard Risk (<=80%)
5030102,KY,Warren    ,Single Family (1-4 Units):Site-Built,400000.0,215000.0,53.75,Standard Risk (<=80%)
5030106,NY,Suffolk    ,Single Family (1-4 Units):Site-Built,447369.0,255000.0,57.0,Standard Risk (<=80%)
5030167,NC,Buncombe    ,Single Family (1-4 Units):Site-Built,375000.0,225000.0,60.0,Standard Risk (<=80%)
5030170,CO,Boulder    ,Single Family (1-4 Units):Site-Built,781014.0,515000.0,65.94,Standard Risk (<=80%)
5030232,ID,Ada    ,Single Family (1-4 Units):Site-Built,604784.0,445000.0,73.58,Standard Risk (<=80%)
5030295,KY,Kenton    ,Single Family (1-4 Units):Site-Built,493394.0,295000.0,59.79,Standard Risk (<=80%)
5030362,CA,Kern    ,Single Family (1-4 Units):Site-Built,367695.0,285000.0,77.51,Standard Risk (<=80%)
5030438,OH,Ashtabula    ,Single Family (1-4 Units):Site-Built,221894.0,135000.0,60.84,Standard Risk (<=80%)
5030442,CA,San Bernardino   ,Single Family (1-4 Units):Site-Built,656980.0,425000.0,64.69,Standard Risk (<=80%)
5030520,TX,Comal    ,Single Family (1-4 Units):Site-Built,308642.0,225000.0,72.9,Standard Risk (<=80%)
5030525,CA,Yolo    ,Single Family (1-4 Units):Site-Built,546761.0,335000.0,61.27,Standard Risk (<=80%)
5030528,OR,Jackson    ,Single Family (1-4 Units):Site-Built,441667.0,265000.0,60.0,Standard Risk (<=80%)
5030556,GA,Fulton    ,Single Family (1-4 Units):Site-Built,431614.0,225000.0,52.13,Standard Risk (<=80%)
5030579,DC,District of Columbia  ,Single Family (1-4 Units):Site-Built,658731.0,415000.0,63.0,Standard Risk (<=80%)
5030625,MI,Oakland    ,Single Family (1-4 Units):Site-Built,273196.0,265000.0,97.0,High Risk (>80%)
5030710,CA,San Diego   ,Single Family (1-4 Units):Site-Built,990260.0,305000.0,30.8,Standard Risk (<=80%)
5030715,NJ,Ocean    ,Single Family (1-4 Units):Site-Built,448052.0,345000.0,77.0,Standard Risk (<=80%)
5030738,CA,Los Angeles   ,Single Family (1-4 Units):Site-Built,618750.0,495000.0,80.0,Standard Risk (<=80%)
5030752,PA,Cumberland    ,Single Family (1-4 Units):Site-Built,211947.0,165000.0,77.85,Standard Risk (<=80%)
5030756,PA,Montgomery    ,Single Family (1-4 Units):Site-Built,333497.0,205000.0,61.47,Standard Risk (<=80%)
5030773,OK,Cleveland    ,Single Family (1-4 Units):Site-Built,378572.0,265000.0,70.0,Standard Risk (<=80%)
5030799,CA,Alameda    ,Single Family (1-4 Units):Site-Built,812500.0,455000.0,56.0,Standard Risk (<=80%)
5030808,NV,Clark    ,Single Family (1-4 Units):Site-Built,646742.0,515000.0,79.63,Standard Risk (<=80%)
5030836,TX,Tarrant    ,Single Family (1-4 Units):Site-Built,325946.0,275000.0,84.37,High Risk (>80%)
5030881,IA,Jasper    ,Single Family (1-4 Units):Site-Built,167200.0,115000.0,68.78,Standard Risk (<=80%)
5030888,OR,Multnomah    ,Single Family (1-4 Units):Site-Built,734127.0,185000.0,25.2,Standard Risk (<=80%)
5030922,CA,Sacramento    ,Single Family (1-4 Units):Site-Built,436803.0,235000.0,53.8,Standard Risk (<=80%)
5031018,MN,Olmsted    ,Single Family (1-4 Units):Site-Built,158656.0,135000.0,85.09,High Risk (>80%)
5031088,MI,Oakland    ,Single Family (1-4 Units):Site-Built,312900.0,245000.0,78.3,Standard Risk (<=80%)
5031103,NY,Niagara    ,Single Family (1-4 Units):Site-Built,126639.0,85000.0,67.12,Standard Risk (<=80%)
5031184,MI,Oakland    ,Single Family (1-4 Units):Site-Built,373685.0,355000.0,95.0,High Risk (>80%)
5031230,OR,Lane    ,Single Family (1-4 Units):Site-Built,456250.0,365000.0,80.0,Standard Risk (<=80%)
5031284,OH,Franklin    ,Single Family (1-4 Units):Site-Built,156250.0,125000.0,80.0,Standard Risk (<=80%)
5031364,OR,Lane    ,Single Family (1-4 Units):Site-Built,369048.0,155000.0,42.0,Standard Risk (<=80%)
5031430,NY,Kings    ,Single Family (1-4 Units):Site-Built,2673885.0,815000.0,30.48,Standard Risk (<=80%)
5031444,TX,Travis    ,Single Family (1-4 Units):Site-Built,807053.0,325000.0,40.27,Standard Risk (<=80%)
5031449,CA,Sacramento    ,Single Family (1-4 Units):Site-Built,344224.0,275000.0,79.89,Standard Risk (<=80%)
5031497,NC,Guilford    ,Single Family (1-4 Units):Site-Built,157516.0,105000.0,66.66,Standard Risk (<=80%)
5031525,IN,Boone    ,Single Family (1-4 Units):Site-Built,436268.0,345000.0,79.08,Standard Risk (<=80%)
5031594,CA,Fresno    ,Single Family (1-4 Units):Site-Built,471699.0,225000.0,47.7,Standard Risk (<=80%)
5031598,SC,Horry    ,Single Family (1-4 Units):Site-Built,226663.0,135000.0,59.56,Standard Risk (<=80%)
5031607,MA,Essex    ,Single Family (1-4 Units):Site-Built,414474.0,315000.0,76.0,Standard Risk (<=80%)
5031612,MD,Baltimore    ,Single Family (1-4 Units):Site-Built,229937.0,155000.0,67.41,Standard Risk (<=80%)
5031637,CT,Hartford    ,Single Family (1-4 Units):Site-Built,164474.0,125000.0,76.0,Standard Risk (<=80%)
5031640,FL,Broward    ,Single Family (1-4 Units):Site-Built,473334.0,355000.0,75.0,Standard Risk (<=80%)
5031782,WI,Kenosha    ,Single Family (1-4 Units):Site-Built,598842.0,455000.0,75.98,Standard Risk (<=80%)
5031853,HI,Hawaii    ,Single Family (1-4 Units):Site-Built,256250.0,205000.0,80.0,Standard Risk (<=80%)
5031863,VA,Augusta    ,Single Family (1-4 Units):Site-Built,279762.0,235000.0,84.0,High Risk (>80%)
5031871,TX,Travis    ,Single Family (1-4 Units):Site-Built,460000.0,345000.0,75.0,Standard Risk (<=80%)
5031971,TN,Davidson    ,Single Family (1-4 Units):Site-Built,446667.0,335000.0,75.0,Standard Risk (<=80%)
5032011,MI,Livingston    ,Single Family (1-4 Units):Site-Built,278176.0,175000.0,62.91,Standard Risk (<=80%)
5032041,CA,Riverside    ,Single Family (1-4 Units):Site-Built,652543.0,385000.0,59.0,Standard Risk (<=80%)
5032130,CA,Tuolumne    ,Single Family (1-4 Units):Site-Built,408334.0,245000.0,60.0,Standard Risk (<=80%)
5032183,WA,Snohomish    ,Single Family (1-4 Units):Site-Built,609414.0,325000.0,53.33,Standard Risk (<=80%)
5032188,NY,Richmond    ,Single Family (1-4 Units):Site-Built,584843.0,365000.0,62.41,Standard Risk (<=80%)
5032256,MD,Anne Arundel   ,Single Family (1-4 Units):Site-Built,259025.0,155000.0,59.84,Standard Risk (<=80%)
5032268,MA,Norfolk    ,Single Family (1-4 Units):Site-Built,213613.0,145000.0,67.88,Standard Risk (<=80%)
5032291,CA,Santa Clara   ,Single Family (1-4 Units):Site-Built,1825007.0,705000.0,38.63,Standard Risk (<=80%)
5032307,IL,Cook    ,Single Family (1-4 Units):Site-Built,289474.0,275000.0,95.0,High Risk (>80%)
5032331,WA,Thurston    ,Single Family (1-4 Units):Site-Built,646068.0,575000.0,89.0,High Risk (>80%)
5032354,CO,Douglas    ,Single Family (1-4 Units):Site-Built,668750.0,535000.0,80.0,Standard Risk (<=80%)
5032416,CA,Madera    ,Single Family (1-4 Units):Site-Built,371622.0,275000.0,74.0,Standard Risk (<=80%)
5032496,AZ,Cochise    ,Single Family (1-4 Units):Site-Built,353334.0,265000.0,75.0,Standard Risk (<=80%)
5032526,WA,King    ,Single Family (1-4 Units):Site-Built,515623.0,335000.0,64.97,Standard Risk (<=80%)
5032580,IA,Polk    ,Single Family (1-4 Units):Site-Built,166667.0,125000.0,75.0,Standard Risk (<=80%)
5032583,TN,Rutherford    ,Single Family (1-4 Units):Site-Built,424400.0,295000.0,69.51,Standard Risk (<=80%)
5032594,IN,Dearborn    ,Single Family (1-4 Units):Site-Built,194724.0,155000.0,79.6,Standard Risk (<=80%)
5032695,WY,Albany    ,Single Family (1-4 Units):Site-Built,279246.0,185000.0,66.25,Standard Risk (<=80%)
5032727,IL,Lake    ,Single Family (1-4 Units):Site-Built,151424.0,75000.0,49.53,Standard Risk (<=80%)
5032755,TN,Rutherford    ,Single Family (1-4 Units):Site-Built,236181.0,185000.0,78.33,Standard Risk (<=80%)
5032767,FL,Broward    ,Single Family (1-4 Units):Site-Built,310000.0,155000.0,50.0,Standard Risk (<=80%)
5032814,WA,Thurston    ,Single Family (1-4 Units):Site-Built,503623.0,285000.0,56.59,Standard Risk (<=80%)
5032818,KY,Madison    ,Single Family (1-4 Units):Site-Built,220348.0,175000.0,79.42,Standard Risk (<=80%)
5032966,AZ,Maricopa    ,Single Family (1-4 Units):Site-Built,502556.0,295000.0,58.7,Standard Risk (<=80%)
5032997,TX,Guadalupe    ,Single Family (1-4 Units):Site-Built,257506.0,205000.0,79.61,Standard Risk (<=80%)
5032999,FL,Marion    ,Single Family (1-4 Units):Site-Built,126667.0,95000.0,75.0,Standard Risk (<=80%)
5033058,CA,San Mateo   ,Single Family (1-4 Units):Site-Built,1005674.0,585000.0,58.17,Standard Risk (<=80%)
5033084,CA,San Diego   ,Single Family (1-4 Units):Site-Built,840966.0,505000.0,60.05,Standard Risk (<=80%)
5033159,TX,Dallas    ,Single Family (1-4 Units):Site-Built,340439.0,115000.0,33.78,Standard Risk (<=80%)
5033165,NC,Wake    ,Single Family (1-4 Units):Site-Built,359713.0,205000.0,56.99,Standard Risk (<=80%)
5033179,FL,Collier    ,Single Family (1-4 Units):Site-Built,2418861.0,395000.0,16.33,Standard Risk (<=80%)
5033259,MI,Wayne    ,Single Family (1-4 Units):Site-Built,182116.0,145000.0,79.62,Standard Risk (<=80%)
5033382,VA,Culpeper    ,Single Family (1-4 Units):Site-Built,558334.0,335000.0,60.0,Standard Risk (<=80%)
5033415,NY,Westchester    ,Single Family (1-4 Units):Site-Built,991526.0,585000.0,59.0,Standard Risk (<=80%)
5033557,PA,Chester    ,Single Family (1-4 Units):Site-Built,314433.0,305000.0,97.0,High Risk (>80%)
5033570,TX,Dallas    ,Single Family (1-4 Units):Site-Built,681250.0,545000.0,80.0,Standard Risk (<=80%)
5033605,AZ,Maricopa    ,Single Family (1-4 Units):Site-Built,432605.0,285000.0,65.88,Standard Risk (<=80%)
5033657,GA,Gwinnett    ,Single Family (1-4 Units):Site-Built,350051.0,245000.0,69.99,Standard Risk (<=80%)
5033743,CA,San Joaquin   ,Single Family (1-4 Units):Site-Built,530067.0,305000.0,57.54,Standard Risk (<=80%)
5033750,OH,Columbiana    ,Single Family (1-4 Units):Site-Built,221359.0,205000.0,92.61,High Risk (>80%)
5033774,AZ,Maricopa    ,Single Family (1-4 Units):Site-Built,343879.0,275000.0,79.97,Standard Risk (<=80%)
5033835,SC,Greenville    ,Single Family (1-4 Units):Site-Built,209460.0,155000.0,74.0,Standard Risk (<=80%)
5033934,VA,Fairfax    ,Single Family (1-4 Units):Site-Built,560074.0,365000.0,65.17,Standard Risk (<=80%)
5033957,CT,Tolland    ,Single Family (1-4 Units):Site-Built,257290.0,105000.0,40.81,Standard Risk (<=80%)
5034021,IL,Cook    ,Single Family (1-4 Units):Site-Built,335267.0,185000.0,55.18,Standard Risk (<=80%)
5034076,NM,Taos    ,Single Family (1-4 Units):Site-Built,500000.0,265000.0,53.0,Standard Risk (<=80%)
5034081,PA,Luzerne    ,Single Family (1-4 Units):Site-Built,171625.0,135000.0,78.66,Standard Risk (<=80%)
5034222,NC,Franklin    ,Single Family (1-4 Units):Site-Built,315001.0,185000.0,58.73,Standard Risk (<=80%)
5034351,MD,Montgomery    ,Single Family (1-4 Units):Site-Built,978044.0,735000.0,75.15,Standard Risk (<=80%)
5034405,CA,Los Angeles   ,Single Family (1-4 Units):Site-Built,579642.0,365000.0,62.97,Standard Risk (<=80%)
5034563,CA,Orange    ,Single Family (1-4 Units):Site-Built,756007.0,365000.0,48.28,Standard Risk (<=80%)
5034677,PA,Lancaster    ,Single Family (1-4 Units):Site-Built,331579.0,315000.0,95.0,High Risk (>80%)
5034679,CA,Riverside    ,Single Family (1-4 Units):Site-Built,631250.0,505000.0,80.0,Standard Risk (<=80%)
5034977,CA,Los Angeles   ,Single Family (1-4 Units):Site-Built,295011.0,175000.0,59.32,Standard Risk (<=80%)
5035019,CO,Jefferson    ,Single Family (1-4 Units):Site-Built,642858.0,405000.0,63.0,Standard Risk (<=80%)
5035138,MN,Hennepin    ,Single Family (1-4 Units):Site-Built,473464.0,215000.0,45.41,Standard Risk (<=80%)
5035141,TN,Maury    ,Single Family (1-4 Units):Site-Built,507143.0,355000.0,70.0,Standard Risk (<=80%)
5035158,AL,Lee    ,Single Family (1-4 Units):Site-Built,357717.0,245000.0,68.49,Standard Risk (<=80%)
5035180,CA,San Bernardino   ,Single Family (1-4 Units):Site-Built,326070.0,205000.0,62.87,Standard Risk (<=80%)
5035198,MI,Macomb    ,Single Family (1-4 Units):Site-Built,168750.0,135000.0,80.0,Standard Risk (<=80%)
5035435,TX,El Paso   ,Single Family (1-4 Units):Site-Built,97939.0,95000.0,97.0,High Risk (>80%)
5035574,GA,Camden    ,Single Family (1-4 Units):Site-Built,280213.0,195000.0,69.59,Standard Risk (<=80%)
5035609,CA,Orange    ,Single Family (1-4 Units):Site-Built,905599.0,495000.0,54.66,Standard Risk (<=80%)
5035663,MN,Ramsey    ,Single Family (1-4 Units):Site-Built,259198.0,155000.0,59.8,Standard Risk (<=80%)
5035797,CA,San Diego   ,Single Family (1-4 Units):Site-Built,692858.0,485000.0,70.0,Standard Risk (<=80%)
5035802,WA,King    ,Single Family (1-4 Units):Site-Built,376924.0,245000.0,65.0,Standard Risk (<=80%)
5035805,MD,Prince George   ,Single Family (1-4 Units):Site-Built,537635.0,355000.0,66.03,Standard Risk (<=80%)
5035837,AZ,Maricopa    ,Single Family (1-4 Units):Site-Built,355792.0,235000.0,66.05,Standard Risk (<=80%)
5035923,IL,Kane    ,Single Family (1-4 Units):Site-Built,672970.0,605000.0,89.9,High Risk (>80%)
5035940,TN,Rutherford    ,Single Family (1-4 Units):Site-Built,244011.0,165000.0,67.62,Standard Risk (<=80%)
5035950,MI,Monroe    ,Single Family (1-4 Units):Site-Built,135715.0,95000.0,70.0,Standard Risk (<=80%)
5035974,GA,Gordon    ,Single Family (1-4 Units):Site-Built,225389.0,155000.0,68.77,Standard Risk (<=80%)
5035981,TX,Harris    ,Single Family (1-4 Units):Site-Built,474024.0,375000.0,79.11,Standard Risk (<=80%)
5035986,OH,Clermont    ,Single Family (1-4 Units):Site-Built,174243.0,115000.0,66.0,Standard Risk (<=80%)
5036018,AL,Limestone    ,Single Family (1-4 Units):Site-Built,442029.0,305000.0,69.0,Standard Risk (<=80%)
5036109,IA,Iowa    ,Single Family (1-4 Units):Site-Built,376924.0,245000.0,65.0,Standard Risk (<=80%)
5036188,MO,Clay    ,Single Family (1-4 Units):Site-Built,355599.0,255000.0,71.71,Standard Risk (<=80%)
5036330,NJ,Atlantic    ,Single Family (1-4 Units):Site-Built,372341.0,175000.0,47.0,Standard Risk (<=80%)
5036345,FL,Palm Beach   ,Single Family (1-4 Units):Site-Built,692583.0,155000.0,22.38,Standard Risk (<=80%)
5036353,CA,Los Angeles   ,Single Family (1-4 Units):Site-Built,595589.0,405000.0,68.0,Standard Risk (<=80%)
5036360,NC,Catawba    ,Single Family (1-4 Units):Site-Built,181035.0,105000.0,58.0,Standard Risk (<=80%)
5036432,OK,Marshall    ,Single Family (1-4 Units):Site-Built,561112.0,505000.0,90.0,High Risk (>80%)
5036443,NC,Wake    ,Single Family (1-4 Units):Site-Built,528005.0,395000.0,74.81,Standard Risk (<=80%)
5036455,MT,Lake    ,Single Family (1-4 Units):Site-Built,804557.0,445000.0,55.31,Standard Risk (<=80%)
5036474,RI,Bristol    ,Single Family (1-4 Units):Site-Built,404110.0,295000.0,73.0,Standard Risk (<=80%)
5036505,MT,Madison    ,Single Family (1-4 Units):Site-Built,500000.0,475000.0,95.0,High Risk (>80%)
5036516,VA,Prince William   ,Single Family (1-4 Units):Site-Built,657597.0,435000.0,66.15,Standard Risk (<=80%)
5036559,CA,Sacramento    ,Single Family (1-4 Units):Site-Built,331250.0,265000.0,80.0,Standard Risk (<=80%)
5036623,CA,Kern    ,Single Family (1-4 Units):Site-Built,213566.0,125000.0,58.53,Standard Risk (<=80%)
5036748,CA,Monterey    ,Single Family (1-4 Units):Site-Built,1382353.0,235000.0,17.0,Standard Risk (<=80%)
5036815,FL,Orange    ,Single Family (1-4 Units):Site-Built,417524.0,325000.0,77.84,Standard Risk (<=80%)
5036817,VA,Stafford    ,Single Family (1-4 Units):Site-Built,300000.0,285000.0,95.0,High Risk (>80%)
5036829,TN,Wilson    ,Single Family (1-4 Units):Site-Built,431250.0,345000.0,80.0,Standard Risk (<=80%)
5036843,AL,Shelby    ,Single Family (1-4 Units):Site-Built,313048.0,125000.0,39.93,Standard Risk (<=80%)
5036899,MN,Ramsey    ,Single Family (1-4 Units):Site-Built,293651.0,185000.0,63.0,Standard Risk (<=80%)
5036989,TX,Montgomery    ,Single Family (1-4 Units):Site-Built,451689.0,345000.0,76.38,Standard Risk (<=80%)
5037134,MA,Plymouth    ,Single Family (1-4 Units):Site-Built,340137.0,265000.0,77.91,Standard Risk (<=80%)
5037214,CA,Los Angeles   ,Single Family (1-4 Units):Site-Built,1702592.0,985000.0,57.85,Standard Risk (<=80%)
5037254,NC,Mecklenburg    ,Single Family (1-4 Units):Site-Built,338376.0,255000.0,75.36,Standard Risk (<=80%)
5037261,MD,Montgomery    ,Single Family (1-4 Units):Site-Built,719179.0,525000.0,73.0,Standard Risk (<=80%)
5037281,TN,Wayne    ,Single Family (1-4 Units):Site-Built,285011.0,185000.0,64.91,Standard Risk (<=80%)
5037285,OH,Richland    ,Single Family (1-4 Units):Site-Built,133929.0,75000.0,56.0,Standard Risk (<=80%)
5037315,TX,Tarrant    ,Single Family (1-4 Units):Site-Built,261150.0,195000.0,74.67,Standard Risk (<=80%)
5037396,WA,Snohomish    ,Single Family (1-4 Units):Site-Built,569140.0,405000.0,71.16,Standard Risk (<=80%)
5037514,AZ,Maricopa    ,Single Family (1-4 Units):Site-Built,504292.0,235000.0,46.6,Standard Risk (<=80%)
5037544,TN,Bedford    ,Single Family (1-4 Units):Site-Built,350037.0,285000.0,81.42,High Risk (>80%)
5037583,GA,DeKalb    ,Single Family (1-4 Units):Site-Built,174826.0,135000.0,77.22,Standard Risk (<=80%)
5037638,CA,Santa Barbara   ,Single Family (1-4 Units):Site-Built,772017.0,405000.0,52.46,Standard Risk (<=80%)
5024036,CA,Los Angeles   ,Single Family (1-4 Units):Site-Built,512500.0,205000.0,40.0,Standard Risk (<=80%)
5024056,IL,Rock Island   ,Single Family (1-4 Units):Site-Built,125000.0,105000.0,84.0,High Risk (>80%)
5024140,CA,Los Angeles   ,Single Family (1-4 Units):Site-Built,1036232.0,715000.0,69.0,Standard Risk (<=80%)
5024151,TN,Sullivan    ,Single Family (1-4 Units):Site-Built,394737.0,375000.0,95.0,High Risk (>80%)
5024154,NJ,Middlesex    ,Single Family (1-4 Units):Site-Built,370313.0,235000.0,63.46,Standard Risk (<=80%)
5024172,VA,Frederick    ,Single Family (1-4 Units):Site-Built,293750.0,235000.0,80.0,Standard Risk (<=80%)
5024219,AZ,Maricopa    ,Single Family (1-4 Units):Site-Built,845455.0,465000.0,55.0,Standard Risk (<=80%)
5024261,GA,Camden    ,Single Family (1-4 Units):Site-Built,493044.0,365000.0,74.03,Standard Risk (<=80%)
5024482,NY,Schenectady    ,Single Family (1-4 Units):Site-Built,225000.0,135000.0,60.0,Standard Risk (<=80%)
5024489,NH,Merrimack    ,Single Family (1-4 Units):Site-Built,362171.0,265000.0,73.17,Standard Risk (<=80%)
5024574,WA,King    ,Single Family (1-4 Units):Site-Built,1357982.0,775000.0,57.07,Standard Risk (<=80%)
5024610,IA,Johnson    ,Single Family (1-4 Units):Site-Built,131250.0,105000.0,80.0,Standard Risk (<=80%)
5024651,AZ,Maricopa    ,Single Family (1-4 Units):Site-Built,385016.0,185000.0,48.05,Standard Risk (<=80%)
5024673,MD,Washington    ,Single Family (1-4 Units):Site-Built,255028.0,175000.0,68.62,Standard Risk (<=80%)
5024676,CA,San Benito   ,Single Family (1-4 Units):Site-Built,668472.0,395000.0,59.09,Standard Risk (<=80%)
5024700,CA,San Mateo   ,Single Family (1-4 Units):Site-Built,1001839.0,545000.0,54.4,Standard Risk (<=80%)
5024763,WA,Yakima    ,Single Family (1-4 Units):Site-Built,308334.0,185000.0,60.0,Standard Risk (<=80%)
5024893,KS,Shawnee    ,Single Family (1-4 Units):Site-Built,217699.0,185000.0,84.98,High Risk (>80%)
5024958,MD,Howard    ,Single Family (1-4 Units):Site-Built,508419.0,305000.0,59.99,Standard Risk (<=80%)
5024967,CA,Riverside    ,Single Family (1-4 Units):Site-Built,627751.0,485000.0,77.26,Standard Risk (<=80%)
5025180,CT,Windham    ,Single Family (1-4 Units):Site-Built,300281.0,225000.0,74.93,Standard Risk (<=80%)
5025229,GA,Fulton    ,Single Family (1-4 Units):Site-Built,340000.0,255000.0,75.0,Standard Risk (<=80%)
5025240,WI,Marathon    ,Single Family (1-4 Units):Site-Built,273438.0,175000.0,64.0,Standard Risk (<=80%)
5025248,MA,Suffolk    ,Single Family (1-4 Units):Site-Built,648783.0,445000.0,68.59,Standard Risk (<=80%)
5025265,LA,St. Tammany Parish  ,Single Family (1-4 Units):Site-Built,265058.0,235000.0,88.66,High Risk (>80%)
5025324,MD,Prince George   ,Single Family (1-4 Units):Site-Built,368750.0,295000.0,80.0,Standard Risk (<=80%)
5025325,CA,San Diego   ,Single Family (1-4 Units):Site-Built,934500.0,545000.0,58.32,Standard Risk (<=80%)
5025388,OH,Franklin    ,Single Family (1-4 Units):Site-Built,226316.0,215000.0,95.0,High Risk (>80%)
5025389,CA,Monterey    ,Single Family (1-4 Units):Site-Built,731579.0,695000.0,95.0,High Risk (>80%)
5025594,AL,Walker    ,Single Family (1-4 Units):Site-Built,168750.0,135000.0,80.0,Standard Risk (<=80%)
5025609,AZ,Mohave    ,Single Family (1-4 Units):Site-Built,456406.0,145000.0,31.77,Standard Risk (<=80%)
5025618,CA,Stanislaus    ,Single Family (1-4 Units):Site-Built,448317.0,265000.0,59.11,Standard Risk (<=80%)
5025650,VA,Fairfax    ,Single Family (1-4 Units):Site-Built,790000.0,395000.0,50.0,Standard Risk (<=80%)
5025733,AZ,Maricopa    ,Single Family (1-4 Units):Site-Built,525863.0,305000.0,58.0,Standard Risk (<=80%)
5025745,FL,Collier    ,Single Family (1-4 Units):Site-Built,238370.0,145000.0,60.83,Standard Risk (<=80%)
5025753,CA,Fresno    ,Single Family (1-4 Units):Site-Built,264022.0,185000.0,70.07,Standard Risk (<=80%)
5025764,IN,Johnson    ,Single Family (1-4 Units):Site-Built,302602.0,235000.0,77.66,Standard Risk (<=80%)
5025786,AZ,Pima    ,Single Family (1-4 Units):Site-Built,272223.0,245000.0,90.0,High Risk (>80%)
5025811,FL,Marion    ,Single Family (1-4 Units):Site-Built,354167.0,255000.0,72.0,Standard Risk (<=80%)
5025827,UT,Salt Lake   ,Single Family (1-4 Units):Site-Built,311427.0,145000.0,46.56,Standard Risk (<=80%)
5025829,MI,Wayne    ,Single Family (1-4 Units):Site-Built,321053.0,305000.0,95.0,High Risk (>80%)
5025864,LA,East Feliciana Parish  ,Single Family (1-4 Units):Site-Built,367048.0,315000.0,85.82,High Risk (>80%)
5025916,MS,Jackson    ,Single Family (1-4 Units):Site-Built,176276.0,85000.0,48.22,Standard Risk (<=80%)
5025959,MD,Howard    ,Single Family (1-4 Units):Site-Built,418750.0,335000.0,80.0,Standard Risk (<=80%)
5026100,OH,Lake    ,Single Family (1-4 Units):Site-Built,719478.0,485000.0,67.41,Standard Risk (<=80%)
5026145,CA,Santa Clara   ,Single Family (1-4 Units):Site-Built,949929.0,535000.0,56.32,Standard Risk (<=80%)
5026166,OH,Darke    ,Single Family (1-4 Units):Site-Built,111691.0,75000.0,67.15,Standard Risk (<=80%)
5026168,NC,Swain    ,Single Family (1-4 Units):Site-Built,331250.0,265000.0,80.0,Standard Risk (<=80%)
5026487,SC,Greenville    ,Single Family (1-4 Units):Site-Built,478948.0,455000.0,95.0,High Risk (>80%)
5026564,CA,El Dorado   ,Single Family (1-4 Units):Site-Built,618645.0,365000.0,59.0,Standard Risk (<=80%)
5026570,CA,Los Angeles   ,Single Family (1-4 Units):Site-Built,639082.0,295000.0,46.16,Standard Risk (<=80%)
5026581,TN,Greene    ,Single Family (1-4 Units):Site-Built,164007.0,75000.0,45.73,Standard Risk (<=80%)
5026600,NH,Belknap    ,Single Family (1-4 Units):Site-Built,296816.0,165000.0,55.59,Standard Risk (<=80%)
5026630,OH,Lucas    ,Single Family (1-4 Units):Site-Built,292453.0,155000.0,53.0,Standard Risk (<=80%)
5026750,AZ,Maricopa    ,Single Family (1-4 Units):Site-Built,451924.0,235000.0,52.0,Standard Risk (<=80%)
5026763,FL,Polk    ,Single Family (1-4 Units):Site-Built,286667.0,215000.0,75.0,Standard Risk (<=80%)
5026768,TX,Travis    ,Single Family (1-4 Units):Site-Built,681250.0,545000.0,80.0,Standard Risk (<=80%)
5026772,MI,Wayne    ,Single Family (1-4 Units):Site-Built,170104.0,165000.0,97.0,High Risk (>80%)
5026795,MN,Goodhue    ,Single Family (1-4 Units):Site-Built,342893.0,275000.0,80.2,High Risk (>80%)
5026857,MA,Essex    ,Single Family (1-4 Units):Site-Built,458038.0,155000.0,33.84,Standard Risk (<=80%)
5026877,TX,Harrison    ,Single Family (1-4 Units):Site-Built,437214.0,305000.0,69.76,Standard Risk (<=80%)
5026924,NJ,Hudson    ,Single Family (1-4 Units):Site-Built,2062500.0,495000.0,24.0,Standard Risk (<=80%)
5026954,WA,Snohomish    ,Single Family (1-4 Units):Site-Built,365151.0,285000.0,78.05,Standard Risk (<=80%)
5027001,MS,Lee    ,Single Family (1-4 Units):Site-Built,200000.0,75000.0,37.5,Standard Risk (<=80%)
5027095,TN,Decatur    ,Single Family (1-4 Units):Site-Built,77320.0,75000.0,97.0,High Risk (>80%)
5027115,CA,Contra Costa   ,Single Family (1-4 Units):Site-Built,775470.0,545000.0,70.28,Standard Risk (<=80%)
5027121,IL,Kendall    ,Single Family (1-4 Units):Site-Built,222973.0,165000.0,74.0,Standard Risk (<=80%)
5027140,MD,Anne Arundel   ,Single Family (1-4 Units):Site-Built,207693.0,135000.0,65.0,Standard Risk (<=80%)
5027151,CA,El Dorado   ,Single Family (1-4 Units):Site-Built,850078.0,495000.0,58.23,Standard Risk (<=80%)
5027294,TX,Bexar    ,Single Family (1-4 Units):Site-Built,403281.0,295000.0,73.15,Standard Risk (<=80%)
5027315,VA,Henrico    ,Single Family (1-4 Units):Site-Built,853243.0,275000.0,32.23,Standard Risk (<=80%)
5027367,CA,Humboldt    ,Single Family (1-4 Units):Site-Built,307084.0,225000.0,73.27,Standard Risk (<=80%)
5027472,TX,Hidalgo    ,Single Family (1-4 Units):Site-Built,198413.0,125000.0,63.0,Standard Risk (<=80%)
5027488,CA,Los Angeles   ,Single Family (1-4 Units):Site-Built,634095.0,475000.0,74.91,Standard Risk (<=80%)
5027534,VA,Isle of Wight  ,Single Family (1-4 Units):Site-Built,430000.0,215000.0,50.0,Standard Risk (<=80%)
5027584,VA,Stafford    ,Single Family (1-4 Units):Site-Built,396327.0,315000.0,79.48,Standard Risk (<=80%)
5027632,PA,Lancaster    ,Single Family (1-4 Units):Site-Built,865385.0,225000.0,26.0,Standard Risk (<=80%)
5027637,MI,Oakland    ,Single Family (1-4 Units):Site-Built,447471.0,345000.0,77.1,Standard Risk (<=80%)
5027676,OH,Lake    ,Single Family (1-4 Units):Site-Built,400000.0,275000.0,68.75,Standard Risk (<=80%)
5027679,FL,Sarasota    ,Single Family (1-4 Units):Site-Built,491380.0,285000.0,58.0,Standard Risk (<=80%)
5027694,NV,Clark    ,Single Family (1-4 Units):Site-Built,398438.0,255000.0,64.0,Standard Risk (<=80%)
5027819,NY,Warren    ,Single Family (1-4 Units):Site-Built,172939.0,125000.0,72.28,Standard Risk (<=80%)
5027823,WY,Sweetwater    ,Single Family (1-4 Units):Site-Built,83334.0,75000.0,90.0,High Risk (>80%)
5027883,FL,Bay    ,Single Family (1-4 Units):Site-Built,178304.0,95000.0,53.28,Standard Risk (<=80%)
5027937,OH,Fairfield    ,Single Family (1-4 Units):Site-Built,291667.0,175000.0,60.0,Standard Risk (<=80%)
5028016,OH,Cuyahoga    ,Single Family (1-4 Units):Site-Built,244933.0,145000.0,59.2,Standard Risk (<=80%)
5028021,CA,Santa Clara   ,Single Family (1-4 Units):Site-Built,1483652.0,785000.0,52.91,Standard Risk (<=80%)
5028093,TN,Rutherford    ,Single Family (1-4 Units):Site-Built,406403.0,325000.0,79.97,Standard Risk (<=80%)
5028098,FL,Volusia    ,Single Family (1-4 Units):Site-Built,220000.0,55000.0,25.0,Standard Risk (<=80%)
5028123,HI,Maui    ,Single Family (1-4 Units):Site-Built,796270.0,555000.0,69.7,Standard Risk (<=80%)
5028128,PA,Bucks    ,Single Family (1-4 Units):Site-Built,319568.0,195000.0,61.02,Standard Risk (<=80%)
5028223,CA,Riverside    ,Single Family (1-4 Units):Site-Built,1274572.0,935000.0,73.36,Standard Risk (<=80%)
5028238,OK,Custer    ,Single Family (1-4 Units):Site-Built,595589.0,405000.0,68.0,Standard Risk (<=80%)
5028274,VA,Warren    ,Single Family (1-4 Units):Site-Built,278948.0,265000.0,95.0,High Risk (>80%)
5028287,CA,Los Angeles   ,Single Family (1-4 Units):Site-Built,991380.0,575000.0,58.0,Standard Risk (<=80%)
5028315,PA,Beaver    ,Single Family (1-4 Units):Site-Built,206250.0,165000.0,80.0,Standard Risk (<=80%)
5028391,UT,Davis    ,Single Family (1-4 Units):Site-Built,446667.0,335000.0,75.0,Standard Risk (<=80%)
5028398,TX,Bexar    ,Single Family (1-4 Units):Site-Built,142598.0,55000.0,38.57,Standard Risk (<=80%)
5028421,PA,Greene    ,Single Family (1-4 Units):Site-Built,200000.0,115000.0,57.5,Standard Risk (<=80%)
5028461,IL,Cook    ,Single Family (1-4 Units):Site-Built,379522.0,235000.0,61.92,Standard Risk (<=80%)
5028500,PA,Montgomery    ,Single Family (1-4 Units):Site-Built,360466.0,155000.0,43.0,Standard Risk (<=80%)
5028610,NC,Union    ,Single Family (1-4 Units):Site-Built,493750.0,395000.0,80.0,Standard Risk (<=80%)
5028779,NC,Guilford    ,Single Family (1-4 Units):Site-Built,427289.0,295000.0,69.04,Standard Risk (<=80%)
5028888,FL,Palm Beach   ,Single Family (1-4 Units):Site-Built,573685.0,545000.0,95.0,High Risk (>80%)
5029018,MD,Howard    ,Single Family (1-4 Units):Site-Built,407143.0,285000.0,70.0,Standard Risk (<=80%)
5029046,GA,DeKalb    ,Single Family (1-4 Units):Site-Built,153030.0,75000.0,49.01,Standard Risk (<=80%)
5029089,NC,Stokes    ,Single Family (1-4 Units):Site-Built,163624.0,95000.0,58.06,Standard Risk (<=80%)
5029140,NY,Westchester    ,Single Family (1-4 Units):Site-Built,818428.0,485000.0,59.26,Standard Risk (<=80%)
5029312,NY,Queens    ,Single Family (1-4 Units):Site-Built,847673.0,335000.0,39.52,Standard Risk (<=80%)
5029332,AZ,Maricopa    ,Single Family (1-4 Units):Site-Built,273004.0,135000.0,49.45,Standard Risk (<=80%)
5029365,WA,Skagit    ,Single Family (1-4 Units):Site-Built,733902.0,465000.0,63.36,Standard Risk (<=80%)
5029486,CA,Los Angeles   ,Single Family (1-4 Units):Site-Built,585089.0,175000.0,29.91,Standard Risk (<=80%)
5029503,TX,Parker    ,Single Family (1-4 Units):Site-Built,392876.0,225000.0,57.27,Standard Risk (<=80%)
5029556,NC,Catawba    ,Single Family (1-4 Units):Site-Built,531250.0,425000.0,80.0,Standard Risk (<=80%)
5029577,CA,Los Angeles   ,Single Family (1-4 Units):Site-Built,925336.0,145000.0,15.67,Standard Risk (<=80%)
5029642,NC,Harnett    ,Single Family (1-4 Units):Site-Built,242269.0,235000.0,97.0,High Risk (>80%)
5029779,NV,Clark    ,Single Family (1-4 Units):Site-Built,715190.0,565000.0,79.0,Standard Risk (<=80%)
5029802,IA,Dallas    ,Single Family (1-4 Units):Site-Built,445653.0,205000.0,46.0,Standard Risk (<=80%)
5029816,CA,San Mateo   ,Single Family (1-4 Units):Site-Built,954546.0,315000.0,33.0,Standard Risk (<=80%)
5029875,WI,Kenosha    ,Single Family (1-4 Units):Site-Built,540476.0,225000.0,41.63,Standard Risk (<=80%)
5029912,SD,Minnehaha    ,Single Family (1-4 Units):Site-Built,242007.0,165000.0,68.18,Standard Risk (<=80%)
5029915,GA,Cherokee    ,Single Family (1-4 Units):Site-Built,236903.0,175000.0,73.87,Standard Risk (<=80%)
5029977,NC,Mecklenburg    ,Single Family (1-4 Units):Site-Built,1700183.0,465000.0,27.35,Standard Risk (<=80%)
5030032,CA,Los Angeles   ,Single Family (1-4 Units):Site-Built,992754.0,685000.0,69.0,Standard Risk (<=80%)
5030059,VA,Prince William   ,Single Family (1-4 Units):Site-Built,370970.0,275000.0,74.13,Standard Risk (<=80%)
5030107,CA,Riverside    ,Single Family (1-4 Units):Site-Built,550000.0,385000.0,70.0,Standard Risk (<=80%)
5030113,TX,Harris    ,Single Family (1-4 Units):Site-Built,322886.0,205000.0,63.49,Standard Risk (<=80%)
5030156,CA,San Mateo   ,Single Family (1-4 Units):Site-Built,1125000.0,675000.0,60.0,Standard Risk (<=80%)
5030222,WA,Yakima    ,Single Family (1-4 Units):Site-Built,608696.0,245000.0,40.25,Standard Risk (<=80%)
5030281,MD,Washington    ,Single Family (1-4 Units):Site-Built,489632.0,255000.0,52.08,Standard Risk (<=80%)
5030331,AZ,Maricopa    ,Single Family (1-4 Units):Site-Built,233334.0,175000.0,75.0,Standard Risk (<=80%)
5030338,ME,Penobscot    ,Single Family (1-4 Units):Site-Built,150997.0,75000.0,49.67,Standard Risk (<=80%)
5030342,CA,Santa Clara   ,Single Family (1-4 Units):Site-Built,1013290.0,305000.0,30.1,Standard Risk (<=80%)
5030390,GA,Gwinnett    ,Single Family (1-4 Units):Site-Built,393334.0,295000.0,75.0,Standard Risk (<=80%)
5030408,WA,King    ,Single Family (1-4 Units):Site-Built,565790.0,215000.0,38.0,Standard Risk (<=80%)
5030425,PA,Montgomery    ,Single Family (1-4 Units):Site-Built,420635.0,265000.0,63.0,Standard Risk (<=80%)
5030483,CA,Orange    ,Single Family (1-4 Units):Site-Built,1002622.0,765000.0,76.3,Standard Risk (<=80%)
5030535,CA,Riverside    ,Single Family (1-4 Units):Site-Built,702854.0,505000.0,71.85,Standard Risk (<=80%)
5030587,CA,Alameda    ,Single Family (1-4 Units):Site-Built,957362.0,595000.0,62.15,Standard Risk (<=80%)
5030671,CA,San Bernardino   ,Single Family (1-4 Units):Site-Built,445485.0,295000.0,66.22,Standard Risk (<=80%)
5030767,PA,Allegheny    ,Single Family (1-4 Units):Site-Built,396638.0,335000.0,84.46,High Risk (>80%)
5030782,TX,Denton    ,Single Family (1-4 Units):Site-Built,527019.0,395000.0,74.95,Standard Risk (<=80%)
5030806,SD,Hughes    ,Single Family (1-4 Units):Site-Built,147720.0,125000.0,84.62,High Risk (>80%)
5030906,MO,St. Louis   ,Single Family (1-4 Units):Site-Built,128866.0,125000.0,97.0,High Risk (>80%)
5030988,IA,Linn    ,Single Family (1-4 Units):Site-Built,149485.0,145000.0,97.0,High Risk (>80%)
5031016,CA,San Luis Obispo  ,Single Family (1-4 Units):Site-Built,800539.0,535000.0,66.83,Standard Risk (<=80%)
5031034,AZ,Maricopa    ,Single Family (1-4 Units):Site-Built,298211.0,165000.0,55.33,Standard Risk (<=80%)
5031057,CA,Riverside    ,Single Family (1-4 Units):Site-Built,390411.0,285000.0,73.0,Standard Risk (<=80%)
5031071,FL,Nassau    ,Single Family (1-4 Units):Site-Built,775312.0,255000.0,32.89,Standard Risk (<=80%)
5031101,MA,Plymouth    ,Single Family (1-4 Units):Site-Built,480945.0,395000.0,82.13,High Risk (>80%)
5031155,TX,Dallas    ,Single Family (1-4 Units):Site-Built,462090.0,245000.0,53.02,Standard Risk (<=80%)
5031212,MA,Middlesex    ,Single Family (1-4 Units):Site-Built,399569.0,185000.0,46.3,Standard Risk (<=80%)
5031385,NJ,Essex    ,Single Family (1-4 Units):Site-Built,900549.0,345000.0,38.31,Standard Risk (<=80%)
5031436,NV,Douglas    ,Single Family (1-4 Units):Site-Built,900000.0,135000.0,15.0,Standard Risk (<=80%)
5031505,TX,Montgomery    ,Single Family (1-4 Units):Site-Built,960340.0,385000.0,40.09,Standard Risk (<=80%)
5031634,TX,Fort Bend   ,Single Family (1-4 Units):Site-Built,204115.0,125000.0,61.24,Standard Risk (<=80%)
5031658,NY,Richmond    ,Single Family (1-4 Units):Site-Built,683650.0,475000.0,69.48,Standard Risk (<=80%)
5031793,CO,Douglas    ,Single Family (1-4 Units):Site-Built,850000.0,595000.0,70.0,Standard Risk (<=80%)
5031831,UT,Davis    ,Single Family (1-4 Units):Site-Built,390910.0,215000.0,55.0,Standard Risk (<=80%)
5031834,IL,Cook    ,Single Family (1-4 Units):Site-Built,793970.0,395000.0,49.75,Standard Risk (<=80%)
5031926,NC,Wake    ,Single Family (1-4 Units):Site-Built,346636.0,205000.0,59.14,Standard Risk (<=80%)
5031960,CA,San Diego   ,Single Family (1-4 Units):Site-Built,693750.0,555000.0,80.0,Standard Risk (<=80%)
5031979,AR,Washington    ,Single Family (1-4 Units):Site-Built,190910.0,105000.0,55.0,Standard Risk (<=80%)
5032080,FL,Osceola    ,Single Family (1-4 Units):Site-Built,160108.0,155000.0,96.81,High Risk (>80%)
5032231,CA,San Diego   ,Single Family (1-4 Units):Site-Built,612108.0,365000.0,59.63,Standard Risk (<=80%)
5032399,CA,Santa Clara   ,Single Family (1-4 Units):Site-Built,1941216.0,885000.0,45.59,Standard Risk (<=80%)
5032433,VA,Spotsylvania    ,Single Family (1-4 Units):Site-Built,293750.0,235000.0,80.0,Standard Risk (<=80%)
5032475,CA,San Mateo   ,Single Family (1-4 Units):Site-Built,1203853.0,825000.0,68.53,Standard Risk (<=80%)
5032500,WA,King    ,Single Family (1-4 Units):Site-Built,510000.0,255000.0,50.0,Standard Risk (<=80%)
5032552,WI,Sheboygan    ,Single Family (1-4 Units):Site-Built,282259.0,175000.0,62.0,Standard Risk (<=80%)
5032599,NJ,Middlesex    ,Single Family (1-4 Units):Site-Built,195946.0,145000.0,74.0,Standard Risk (<=80%)
5032661,MI,Van Buren   ,Single Family (1-4 Units):Site-Built,582096.0,435000.0,74.73,Standard Risk (<=80%)
5032708,CA,Los Angeles   ,Single Family (1-4 Units):Site-Built,486847.0,285000.0,58.54,Standard Risk (<=80%)
5032709,CA,Los Angeles   ,Single Family (1-4 Units):Site-Built,537855.0,395000.0,73.44,Standard Risk (<=80%)
5032732,AZ,Maricopa    ,Single Family (1-4 Units):Site-Built,553572.0,155000.0,28.0,Standard Risk (<=80%)
5032776,AR,Lonoke    ,Single Family (1-4 Units):Site-Built,163158.0,155000.0,95.0,High Risk (>80%)
5032845,SC,Lexington    ,Single Family (1-4 Units):Site-Built,227778.0,205000.0,90.0,High Risk (>80%)
5032904,AL,Cullman    ,Single Family (1-4 Units):Site-Built,193750.0,155000.0,80.0,Standard Risk (<=80%)
5032908,CO,Adams    ,Single Family (1-4 Units):Site-Built,479382.0,465000.0,97.0,High Risk (>80%)
5032930,MI,Shiawassee    ,Single Family (1-4 Units):Site-Built,170206.0,105000.0,61.69,Standard Risk (<=80%)
5032934,AL,Jefferson    ,Single Family (1-4 Units):Site-Built,206250.0,165000.0,80.0,Standard Risk (<=80%)
5032951,MI,Macomb    ,Single Family (1-4 Units):Site-Built,183334.0,165000.0,90.0,High Risk (>80%)
5032971,NC,Catawba    ,Single Family (1-4 Units):Site-Built,176103.0,135000.0,76.66,Standard Risk (<=80%)
5033021,MN,Hennepin    ,Single Family (1-4 Units):Site-Built,307143.0,215000.0,70.0,Standard Risk (<=80%)
5033047,MO,Camden    ,Single Family (1-4 Units):Site-Built,156250.0,125000.0,80.0,Standard Risk (<=80%)
5033136,UT,Utah    ,Single Family (1-4 Units):Site-Built,227340.0,155000.0,68.18,Standard Risk (<=80%)
5033203,NJ,Monmouth    ,Single Family (1-4 Units):Site-Built,398090.0,175000.0,43.96,Standard Risk (<=80%)
5033284,CA,San Bernardino   ,Single Family (1-4 Units):Site-Built,474411.0,165000.0,34.78,Standard Risk (<=80%)
5033311,AZ,Maricopa    ,Single Family (1-4 Units):Site-Built,686667.0,515000.0,75.0,Standard Risk (<=80%)
5033353,CA,Fresno    ,Single Family (1-4 Units):Site-Built,489474.0,465000.0,95.0,High Risk (>80%)
5033387,VA,Fauquier    ,Single Family (1-4 Units):Site-Built,381356.0,225000.0,59.0,Standard Risk (<=80%)
5033463,WY,Sweetwater    ,Single Family (1-4 Units):Site-Built,239131.0,165000.0,69.0,Standard Risk (<=80%)
5033533,CA,Sutter    ,Single Family (1-4 Units):Site-Built,331592.0,165000.0,49.76,Standard Risk (<=80%)
5033603,CA,Butte    ,Single Family (1-4 Units):Site-Built,481392.0,335000.0,69.59,Standard Risk (<=80%)
5033788,MO,Ray    ,Single Family (1-4 Units):Site-Built,227816.0,105000.0,46.09,Standard Risk (<=80%)
5033806,CA,Santa Clara   ,Single Family (1-4 Units):Site-Built,1000000.0,645000.0,64.5,Standard Risk (<=80%)
5033878,CA,San Bernardino   ,Single Family (1-4 Units):Site-Built,934500.0,545000.0,58.32,Standard Risk (<=80%)
5033949,PA,Allegheny    ,Single Family (1-4 Units):Site-Built,330009.0,225000.0,68.18,Standard Risk (<=80%)
5033986,TX,Collin    ,Single Family (1-4 Units):Site-Built,656250.0,525000.0,80.0,Standard Risk (<=80%)
5033999,IL,Will    ,Single Family (1-4 Units):Site-Built,270005.0,165000.0,61.11,Standard Risk (<=80%)
5034089,NM,Dona Ana   ,Single Family (1-4 Units):Site-Built,279771.0,195000.0,69.7,Standard Risk (<=80%)
5034096,IN,Marion    ,Single Family (1-4 Units):Site-Built,240510.0,185000.0,76.92,Standard Risk (<=80%)
5034118,MI,Wayne    ,Single Family (1-4 Units):Site-Built,218750.0,175000.0,80.0,Standard Risk (<=80%)
5034143,CA,Del Norte   ,Single Family (1-4 Units):Site-Built,384211.0,365000.0,95.0,High Risk (>80%)
5034186,NC,Johnston    ,Single Family (1-4 Units):Site-Built,318750.0,255000.0,80.0,Standard Risk (<=80%)
5034268,CA,Marin    ,Single Family (1-4 Units):Site-Built,700130.0,325000.0,46.42,Standard Risk (<=80%)
5034293,MO,St. Louis   ,Single Family (1-4 Units):Site-Built,816937.0,465000.0,56.92,Standard Risk (<=80%)
5034342,MI,Oakland    ,Single Family (1-4 Units):Site-Built,351646.0,265000.0,75.36,Standard Risk (<=80%)
5034454,WA,Skagit    ,Single Family (1-4 Units):Site-Built,598215.0,335000.0,56.0,Standard Risk (<=80%)
5034492,OH,Lake    ,Single Family (1-4 Units):Site-Built,208727.0,155000.0,74.26,Standard Risk (<=80%)
5034495,CA,Los Angeles   ,Single Family (1-4 Units):Site-Built,692858.0,485000.0,70.0,Standard Risk (<=80%)
5034549,CA,Alameda    ,Single Family (1-4 Units):Site-Built,775000.0,465000.0,60.0,Standard Risk (<=80%)
5034637,FL,Clay    ,Single Family (1-4 Units):Site-Built,274597.0,235000.0,85.58,High Risk (>80%)
5034674,CA,Orange    ,Single Family (1-4 Units):Site-Built,1244538.0,655000.0,52.63,Standard Risk (<=80%)
5034731,WA,King    ,Single Family (1-4 Units):Site-Built,1000000.0,225000.0,22.5,Standard Risk (<=80%)
5034765,CA,Sacramento    ,Single Family (1-4 Units):Site-Built,451518.0,305000.0,67.55,Standard Risk (<=80%)
5035000,FL,Charlotte    ,Single Family (1-4 Units):Site-Built,294885.0,215000.0,72.91,Standard Risk (<=80%)
5035090,CA,San Bernardino   ,Single Family (1-4 Units):Site-Built,222191.0,155000.0,69.76,Standard Risk (<=80%)
5035130,CA,San Bernardino   ,Single Family (1-4 Units):Site-Built,507915.0,215000.0,42.33,Standard Risk (<=80%)
5035162,NV,Elko    ,Single Family (1-4 Units):Site-Built,335359.0,265000.0,79.02,Standard Risk (<=80%)
5035163,NC,Rockingham    ,Single Family (1-4 Units):Site-Built,174243.0,115000.0,66.0,Standard Risk (<=80%)
5035210,MA,Bristol    ,Single Family (1-4 Units):Site-Built,326667.0,245000.0,75.0,Standard Risk (<=80%)
5035327,ID,Canyon    ,Single Family (1-4 Units):Site-Built,424112.0,235000.0,55.41,Standard Risk (<=80%)
5035462,CA,Alameda    ,Single Family (1-4 Units):Site-Built,688542.0,405000.0,58.82,Standard Risk (<=80%)
5035553,OH,Medina    ,Single Family (1-4 Units):Site-Built,182135.0,115000.0,63.14,Standard Risk (<=80%)
5035594,UT,Iron    ,Single Family (1-4 Units):Site-Built,404234.0,275000.0,68.03,Standard Risk (<=80%)
5035617,MA,Essex    ,Single Family (1-4 Units):Site-Built,620438.0,425000.0,68.5,Standard Risk (<=80%)
5035630,WA,Mason    ,Single Family (1-4 Units):Site-Built,691740.0,515000.0,74.45,Standard Risk (<=80%)
5035716,WI,Waukesha    ,Single Family (1-4 Units):Site-Built,435715.0,305000.0,70.0,Standard Risk (<=80%)
5035818,ME,Cumberland    ,Single Family (1-4 Units):Site-Built,344424.0,235000.0,68.23,Standard Risk (<=80%)
5035829,CA,Los Angeles   ,Single Family (1-4 Units):Site-Built,919118.0,625000.0,68.0,Standard Risk (<=80%)
5035912,CA,Placer    ,Single Family (1-4 Units):Site-Built,318750.0,255000.0,80.0,Standard Risk (<=80%)
5036049,NC,Chatham    ,Single Family (1-4 Units):Site-Built,378572.0,265000.0,70.0,Standard Risk (<=80%)
5036094,GA,White    ,Single Family (1-4 Units):Site-Built,288765.0,165000.0,57.14,Standard Risk (<=80%)
5036155,CT,New Haven   ,Single Family (1-4 Units):Site-Built,293750.0,235000.0,80.0,Standard Risk (<=80%)
5036168,WA,Clark    ,Single Family (1-4 Units):Site-Built,485686.0,95000.0,19.56,Standard Risk (<=80%)
5036196,GA,Fulton    ,Single Family (1-4 Units):Site-Built,396888.0,255000.0,64.25,Standard Risk (<=80%)
5036244,NV,Nye    ,Single Family (1-4 Units):Site-Built,357694.0,255000.0,71.29,Standard Risk (<=80%)
5036290,NY,Westchester    ,Single Family (1-4 Units):Site-Built,357508.0,175000.0,48.95,Standard Risk (<=80%)
5036307,NY,Saratoga    ,Single Family (1-4 Units):Site-Built,235026.0,175000.0,74.46,Standard Risk (<=80%)
5036369,VA,Fairfax    ,Single Family (1-4 Units):Site-Built,570343.0,105000.0,18.41,Standard Risk (<=80%)
5036485,CA,San Diego   ,Single Family (1-4 Units):Site-Built,1237916.0,525000.0,42.41,Standard Risk (<=80%)
5036504,CA,San Diego   ,Single Family (1-4 Units):Site-Built,944862.0,365000.0,38.63,Standard Risk (<=80%)
5036530,TX,Hidalgo    ,Single Family (1-4 Units):Site-Built,301471.0,205000.0,68.0,Standard Risk (<=80%)
5036561,LA,Bienville Parish   ,Single Family (1-4 Units):Site-Built,184211.0,175000.0,95.0,High Risk (>80%)
5036587,NJ,Camden    ,Single Family (1-4 Units):Site-Built,525024.0,385000.0,73.33,Standard Risk (<=80%)
5036707,CT,New Haven   ,Single Family (1-4 Units):Site-Built,370856.0,255000.0,68.76,Standard Risk (<=80%)
5036849,MI,Oakland    ,Single Family (1-4 Units):Site-Built,577839.0,255000.0,44.13,Standard Risk (<=80%)
5036904,OH,Richland    ,Single Family (1-4 Units):Site-Built,152961.0,85000.0,55.57,Standard Risk (<=80%)
5037065,CO,Jefferson    ,Single Family (1-4 Units):Site-Built,510296.0,285000.0,55.85,Standard Risk (<=80%)
5037101,CA,Riverside    ,Single Family (1-4 Units):Site-Built,678392.0,405000.0,59.7,Standard Risk (<=80%)
5037160,AZ,Maricopa    ,Single Family (1-4 Units):Site-Built,238745.0,175000.0,73.3,Standard Risk (<=80%)
5037227,WV,Wetzel    ,Single Family (1-4 Units):Site-Built,140281.0,105000.0,74.85,Standard Risk (<=80%)
5037237,WA,King    ,Single Family (1-4 Units):Site-Built,581250.0,465000.0,80.0,Standard Risk (<=80%)
5037287,WA,Clark    ,Single Family (1-4 Units):Site-Built,874800.0,545000.0,62.3,Standard Risk (<=80%)
5037456,CA,Riverside    ,Single Family (1-4 Units):Site-Built,596755.0,445000.0,74.57,Standard Risk (<=80%)
5037618,FL,Hernando    ,Single Family (1-4 Units):Site-Built,294643.0,165000.0,56.0,Standard Risk (<=80%)
5037636,FL,Osceola    ,Single Family (1-4 Units):Site-Built,279730.0,215000.0,76.86,Standard Risk (<=80%)
5024086,CA,San Diego   ,Single Family (1-4 Units):Site-Built,1003529.0,455000.0,45.34,Standard Risk (<=80%)
5024161,NJ,Hunterdon    ,Single Family (1-4 Units):Site-Built,647273.0,445000.0,68.75,Standard Risk (<=80%)
5024248,CA,Contra Costa   ,Single Family (1-4 Units):Site-Built,1460993.0,515000.0,35.25,Standard Risk (<=80%)
5024280,MI,Wayne    ,Single Family (1-4 Units):Site-Built,221429.0,155000.0,70.0,Standard Risk (<=80%)
5024294,WA,King    ,Single Family (1-4 Units):Site-Built,548762.0,175000.0,31.89,Standard Risk (<=80%)
5024354,OH,Cuyahoga    ,Single Family (1-4 Units):Site-Built,159794.0,155000.0,97.0,High Risk (>80%)
5024564,TN,Sevier    ,Single Family (1-4 Units):Site-Built,445455.0,245000.0,55.0,Standard Risk (<=80%)
5024591,HI,Honolulu    ,Single Family (1-4 Units):Site-Built,881250.0,705000.0,80.0,Standard Risk (<=80%)
5024638,MA,Franklin    ,Single Family (1-4 Units):Site-Built,395878.0,315000.0,79.57,Standard Risk (<=80%)
5024773,NC,Wake    ,Single Family (1-4 Units):Site-Built,557693.0,435000.0,78.0,Standard Risk (<=80%)
5024800,FL,Miami-Dade,Single Family (1-4 Units):Site-Built,681250.0,545000.0,80.0,Standard Risk (<=80%)
5024833,NC,Union    ,Single Family (1-4 Units):Site-Built,528561.0,285000.0,53.92,Standard Risk (<=80%)
5025037,TX,Nueces    ,Single Family (1-4 Units):Site-Built,203948.0,155000.0,76.0,Standard Risk (<=80%)
5025057,CA,Orange    ,Single Family (1-4 Units):Site-Built,814945.0,325000.0,39.88,Standard Risk (<=80%)
5025061,PA,Dauphin    ,Single Family (1-4 Units):Site-Built,257353.0,175000.0,68.0,Standard Risk (<=80%)
5025167,CA,Ventura    ,Single Family (1-4 Units):Site-Built,941559.0,725000.0,77.0,Standard Risk (<=80%)
5025187,LA,Lafayette Parish   ,Single Family (1-4 Units):Site-Built,292352.0,185000.0,63.28,Standard Risk (<=80%)
5025216,OH,Summit    ,Single Family (1-4 Units):Site-Built,330770.0,215000.0,65.0,Standard Risk (<=80%)
5025255,CA,San Luis Obispo  ,Single Family (1-4 Units):Site-Built,512196.0,105000.0,20.5,Standard Risk (<=80%)
5025376,KS,Johnson    ,Single Family (1-4 Units):Site-Built,380000.0,285000.0,75.0,Standard Risk (<=80%)
5025438,CA,Los Angeles   ,Single Family (1-4 Units):Site-Built,725072.0,485000.0,66.89,Standard Risk (<=80%)
5025454,WA,King    ,Single Family (1-4 Units):Site-Built,329030.0,265000.0,80.54,High Risk (>80%)
5025462,NJ,Atlantic    ,Single Family (1-4 Units):Site-Built,247253.0,135000.0,54.6,Standard Risk (<=80%)
5025545,NV,Clark    ,Single Family (1-4 Units):Site-Built,275343.0,245000.0,88.98,High Risk (>80%)
5025643,NY,Westchester    ,Single Family (1-4 Units):Site-Built,530012.0,385000.0,72.64,Standard Risk (<=80%)
5025789,MA,Worcester    ,Single Family (1-4 Units):Site-Built,1101469.0,495000.0,44.94,Standard Risk (<=80%)
5025854,CA,Placer    ,Single Family (1-4 Units):Site-Built,530928.0,515000.0,97.0,High Risk (>80%)
5025880,MO,St. Louis   ,Single Family (1-4 Units):Site-Built,336622.0,215000.0,63.87,Standard Risk (<=80%)
5025891,NC,Mecklenburg    ,Single Family (1-4 Units):Site-Built,346154.0,225000.0,65.0,Standard Risk (<=80%)
5025904,OK,Wagoner    ,Single Family (1-4 Units):Site-Built,236018.0,165000.0,69.91,Standard Risk (<=80%)
5025982,IL,Macoupin    ,Single Family (1-4 Units):Site-Built,67011.0,65000.0,97.0,High Risk (>80%)
5026032,OR,Clackamas    ,Single Family (1-4 Units):Site-Built,380182.0,155000.0,40.77,Standard Risk (<=80%)
5026065,CT,Fairfield    ,Single Family (1-4 Units):Site-Built,310311.0,155000.0,49.95,Standard Risk (<=80%)
5026173,NC,Burke    ,Single Family (1-4 Units):Site-Built,556250.0,445000.0,80.0,Standard Risk (<=80%)
5026243,CO,Denver    ,Single Family (1-4 Units):Site-Built,559524.0,235000.0,42.0,Standard Risk (<=80%)
5026279,TX,Williamson    ,Single Family (1-4 Units):Site-Built,356250.0,285000.0,80.0,Standard Risk (<=80%)
5026412,OR,Washington    ,Single Family (1-4 Units):Site-Built,526667.0,395000.0,75.0,Standard Risk (<=80%)
5026430,FL,Miami-Dade,Single Family (1-4 Units):Site-Built,421915.0,335000.0,79.4,Standard Risk (<=80%)
5026444,CA,Riverside    ,Single Family (1-4 Units):Site-Built,675047.0,435000.0,64.44,Standard Risk (<=80%)
5026490,CA,Los Angeles   ,Single Family (1-4 Units):Site-Built,823710.0,485000.0,58.88,Standard Risk (<=80%)
5026512,NJ,Cape May   ,Single Family (1-4 Units):Site-Built,227340.0,155000.0,68.18,Standard Risk (<=80%)
5026586,NJ,Monmouth    ,Single Family (1-4 Units):Site-Built,464286.0,325000.0,70.0,Standard Risk (<=80%)
5026613,CA,Santa Clara   ,Single Family (1-4 Units):Site-Built,1350476.0,625000.0,46.28,Standard Risk (<=80%)
5026645,MN,Olmsted    ,Single Family (1-4 Units):Site-Built,170104.0,165000.0,97.0,High Risk (>80%)
5026659,FL,Martin    ,Single Family (1-4 Units):Site-Built,412163.0,305000.0,74.0,Standard Risk (<=80%)
5026791,FL,Miami-Dade,Single Family (1-4 Units):Site-Built,245360.0,115000.0,46.87,Standard Risk (<=80%)
5026836,CA,Los Angeles   ,Single Family (1-4 Units):Site-Built,657895.0,625000.0,95.0,High Risk (>80%)
5026964,AZ,Maricopa    ,Single Family (1-4 Units):Site-Built,508334.0,305000.0,60.0,Standard Risk (<=80%)
5026992,WY,Laramie    ,Single Family (1-4 Units):Site-Built,327511.0,195000.0,59.54,Standard Risk (<=80%)
5027049,FL,Charlotte    ,Single Family (1-4 Units):Site-Built,157609.0,145000.0,92.0,High Risk (>80%)
5027081,NJ,Burlington    ,Single Family (1-4 Units):Site-Built,345549.0,215000.0,62.22,Standard Risk (<=80%)
5027264,AZ,Navajo    ,Single Family (1-4 Units):Site-Built,413806.0,235000.0,56.79,Standard Risk (<=80%)
5027322,PA,Cumberland    ,Single Family (1-4 Units):Site-Built,131579.0,75000.0,57.0,Standard Risk (<=80%)
5027328,CA,Los Angeles   ,Single Family (1-4 Units):Site-Built,632979.0,595000.0,94.0,High Risk (>80%)
5027346,RI,Kent    ,Single Family (1-4 Units):Site-Built,272152.0,215000.0,79.0,Standard Risk (<=80%)
5027370,UT,Salt Lake   ,Single Family (1-4 Units):Site-Built,605264.0,575000.0,95.0,High Risk (>80%)
5027375,MI,Genesee    ,Single Family (1-4 Units):Site-Built,268584.0,185000.0,68.88,Standard Risk (<=80%)
5027400,CA,Los Angeles   ,Single Family (1-4 Units):Site-Built,910213.0,295000.0,32.41,Standard Risk (<=80%)
5027420,NE,Lancaster    ,Single Family (1-4 Units):Site-Built,268116.0,185000.0,69.0,Standard Risk (<=80%)
5027435,KY,Daviess    ,Single Family (1-4 Units):Site-Built,191273.0,135000.0,70.58,Standard Risk (<=80%)
5027527,OR,Curry    ,Single Family (1-4 Units):Site-Built,800772.0,515000.0,64.31,Standard Risk (<=80%)
5027536,WA,Lewis    ,Single Family (1-4 Units):Site-Built,355073.0,245000.0,69.0,Standard Risk (<=80%)
5027570,AZ,Maricopa    ,Single Family (1-4 Units):Site-Built,450000.0,315000.0,70.0,Standard Risk (<=80%)
5027577,CA,Santa Clara   ,Single Family (1-4 Units):Site-Built,1467577.0,215000.0,14.65,Standard Risk (<=80%)
5027614,AZ,Maricopa    ,Single Family (1-4 Units):Site-Built,250000.0,175000.0,70.0,Standard Risk (<=80%)
5027651,NY,Sullivan    ,Single Family (1-4 Units):Site-Built,444824.0,235000.0,52.83,Standard Risk (<=80%)
5027654,ID,Canyon    ,Single Family (1-4 Units):Site-Built,300499.0,205000.0,68.22,Standard Risk (<=80%)
5027701,VA,Henrico    ,Single Family (1-4 Units):Site-Built,205981.0,155000.0,75.25,Standard Risk (<=80%)
5027702,NV,Elko    ,Single Family (1-4 Units):Site-Built,195008.0,125000.0,64.1,Standard Risk (<=80%)
5027733,OH,Fairfield    ,Single Family (1-4 Units):Site-Built,268422.0,255000.0,95.0,High Risk (>80%)
5027743,NJ,Morris    ,Single Family (1-4 Units):Site-Built,369512.0,255000.0,69.01,Standard Risk (<=80%)
5027794,CA,Santa Barbara   ,Single Family (1-4 Units):Site-Built,462526.0,245000.0,52.97,Standard Risk (<=80%)
5027844,FL,Flagler    ,Single Family (1-4 Units):Site-Built,429279.0,295000.0,68.72,Standard Risk (<=80%)
5027852,ME,Penobscot    ,Single Family (1-4 Units):Site-Built,345589.0,235000.0,68.0,Standard Risk (<=80%)
5027854,OH,Auglaize    ,Single Family (1-4 Units):Site-Built,201150.0,175000.0,87.0,High Risk (>80%)
5027872,CA,Riverside    ,Single Family (1-4 Units):Site-Built,416667.0,375000.0,90.0,High Risk (>80%)
5027900,VA,Manassas city   ,Single Family (1-4 Units):Site-Built,412061.0,205000.0,49.75,Standard Risk (<=80%)
5027904,FL,St. Johns   ,Single Family (1-4 Units):Site-Built,475807.0,295000.0,62.0,Standard Risk (<=80%)
5027914,WA,Clark    ,Single Family (1-4 Units):Site-Built,419882.0,185000.0,44.06,Standard Risk (<=80%)
5027959,MN,St. Louis   ,Single Family (1-4 Units):Site-Built,227778.0,205000.0,90.0,High Risk (>80%)
5027983,FL,Manatee    ,Single Family (1-4 Units):Site-Built,433334.0,325000.0,75.0,Standard Risk (<=80%)
5028014,OH,Warren    ,Single Family (1-4 Units):Site-Built,687472.0,445000.0,64.73,Standard Risk (<=80%)
5028136,CA,Los Angeles   ,Single Family (1-4 Units):Site-Built,1173050.0,585000.0,49.87,Standard Risk (<=80%)
5028168,TX,Travis    ,Single Family (1-4 Units):Site-Built,850367.0,545000.0,64.09,Standard Risk (<=80%)
5028180,GA,Dawson    ,Single Family (1-4 Units):Site-Built,573685.0,545000.0,95.0,High Risk (>80%)
5028280,NV,Clark    ,Single Family (1-4 Units):Site-Built,305588.0,105000.0,34.36,Standard Risk (<=80%)
5028302,FL,Lee    ,Single Family (1-4 Units):Site-Built,353256.0,185000.0,52.37,Standard Risk (<=80%)
5028469,WA,King    ,Single Family (1-4 Units):Site-Built,493244.0,365000.0,74.0,Standard Risk (<=80%)
5028586,NJ,Camden    ,Single Family (1-4 Units):Site-Built,326087.0,225000.0,69.0,Standard Risk (<=80%)
5028656,MD,Dorchester    ,Single Family (1-4 Units):Site-Built,229730.0,85000.0,37.0,Standard Risk (<=80%)
5028759,IL,McHenry    ,Single Family (1-4 Units):Site-Built,312156.0,255000.0,81.69,High Risk (>80%)
5028802,WA,Benton    ,Single Family (1-4 Units):Site-Built,327596.0,255000.0,77.84,Standard Risk (<=80%)
5028806,CA,Placer    ,Single Family (1-4 Units):Site-Built,547748.0,265000.0,48.38,Standard Risk (<=80%)
5028934,CA,San Diego   ,Single Family (1-4 Units):Site-Built,790110.0,425000.0,53.79,Standard Risk (<=80%)
5028943,TN,Williamson    ,Single Family (1-4 Units):Site-Built,907895.0,345000.0,38.0,Standard Risk (<=80%)
5028961,CA,Riverside    ,Single Family (1-4 Units):Site-Built,456022.0,295000.0,64.69,Standard Risk (<=80%)
5028967,GA,Cherokee    ,Single Family (1-4 Units):Site-Built,345850.0,175000.0,50.6,Standard Risk (<=80%)
5029058,PA,Chester    ,Single Family (1-4 Units):Site-Built,303644.0,255000.0,83.98,High Risk (>80%)
5029078,TN,Shelby    ,Single Family (1-4 Units):Site-Built,118750.0,95000.0,80.0,Standard Risk (<=80%)
5029344,CA,Monterey    ,Single Family (1-4 Units):Site-Built,584970.0,295000.0,50.43,Standard Risk (<=80%)
5029348,CA,Los Angeles   ,Single Family (1-4 Units):Site-Built,590825.0,255000.0,43.16,Standard Risk (<=80%)
5029429,TX,Tarrant    ,Single Family (1-4 Units):Site-Built,432693.0,225000.0,52.0,Standard Risk (<=80%)
5029438,FL,Hillsborough    ,Single Family (1-4 Units):Site-Built,860092.0,525000.0,61.04,Standard Risk (<=80%)
5029443,NJ,Ocean    ,Single Family (1-4 Units):Site-Built,250000.0,115000.0,46.0,Standard Risk (<=80%)
5029456,CA,Orange    ,Single Family (1-4 Units):Site-Built,647369.0,615000.0,95.0,High Risk (>80%)
5029532,OR,Washington    ,Single Family (1-4 Units):Site-Built,682693.0,355000.0,52.0,Standard Risk (<=80%)
5029629,TX,Dallas    ,Single Family (1-4 Units):Site-Built,251147.0,115000.0,45.79,Standard Risk (<=80%)
5029705,GA,Chatham    ,Single Family (1-4 Units):Site-Built,260564.0,185000.0,71.0,Standard Risk (<=80%)
5029758,TX,Tarrant    ,Single Family (1-4 Units):Site-Built,264286.0,185000.0,70.0,Standard Risk (<=80%)
5029821,PA,Juniata    ,Single Family (1-4 Units):Site-Built,313621.0,245000.0,78.12,Standard Risk (<=80%)
5029840,MA,Plymouth    ,Single Family (1-4 Units):Site-Built,559651.0,205000.0,36.63,Standard Risk (<=80%)
5029854,MI,Wayne    ,Single Family (1-4 Units):Site-Built,313868.0,165000.0,52.57,Standard Risk (<=80%)
5029856,TX,Harris    ,Single Family (1-4 Units):Site-Built,267858.0,225000.0,84.0,High Risk (>80%)
5029880,CA,Shasta    ,Single Family (1-4 Units):Site-Built,576778.0,305000.0,52.88,Standard Risk (<=80%)
5029954,AZ,Maricopa    ,Single Family (1-4 Units):Site-Built,448454.0,435000.0,97.0,High Risk (>80%)
5030011,CA,Santa Clara   ,Single Family (1-4 Units):Site-Built,844766.0,585000.0,69.25,Standard Risk (<=80%)
5030041,AL,Montgomery    ,Single Family (1-4 Units):Site-Built,149343.0,125000.0,83.7,High Risk (>80%)
5030057,CA,Los Angeles   ,Single Family (1-4 Units):Site-Built,1200000.0,705000.0,58.75,Standard Risk (<=80%)
5030066,MI,Livingston    ,Single Family (1-4 Units):Site-Built,180000.0,135000.0,75.0,Standard Risk (<=80%)
5030216,IL,Will    ,Single Family (1-4 Units):Site-Built,280136.0,165000.0,58.9,Standard Risk (<=80%)
5030298,CA,Los Angeles   ,Single Family (1-4 Units):Site-Built,654930.0,465000.0,71.0,Standard Risk (<=80%)
5030315,TX,Ellis    ,Single Family (1-4 Units):Site-Built,288625.0,255000.0,88.35,High Risk (>80%)
5030369,WI,Buffalo    ,Single Family (1-4 Units):Site-Built,105556.0,95000.0,90.0,High Risk (>80%)
5030415,AZ,Pima    ,Single Family (1-4 Units):Site-Built,537173.0,125000.0,23.27,Standard Risk (<=80%)
5030420,TX,Williamson    ,Single Family (1-4 Units):Site-Built,453704.0,245000.0,54.0,Standard Risk (<=80%)
5030471,NY,Suffolk    ,Single Family (1-4 Units):Site-Built,470107.0,195000.0,41.48,Standard Risk (<=80%)
5030512,NY,Suffolk    ,Single Family (1-4 Units):Site-Built,428547.0,245000.0,57.17,Standard Risk (<=80%)
5030604,CA,Los Angeles   ,Single Family (1-4 Units):Site-Built,1487974.0,365000.0,24.53,Standard Risk (<=80%)
5030719,WA,Snohomish    ,Single Family (1-4 Units):Site-Built,825133.0,545000.0,66.05,Standard Risk (<=80%)
5030807,CA,San Diego   ,Single Family (1-4 Units):Site-Built,1296000.0,405000.0,31.25,Standard Risk (<=80%)
5030852,GA,Hall    ,Single Family (1-4 Units):Site-Built,205449.0,135000.0,65.71,Standard Risk (<=80%)
5030916,FL,Broward    ,Single Family (1-4 Units):Site-Built,117210.0,85000.0,72.52,Standard Risk (<=80%)
5031036,TX,Tarrant    ,Single Family (1-4 Units):Site-Built,524194.0,325000.0,62.0,Standard Risk (<=80%)
5031043,VA,Fairfax city   ,Single Family (1-4 Units):Site-Built,707794.0,475000.0,67.11,Standard Risk (<=80%)
5031132,LA,Acadia Parish   ,Single Family (1-4 Units):Site-Built,131593.0,125000.0,94.99,High Risk (>80%)
5031150,CA,Marin    ,Single Family (1-4 Units):Site-Built,901147.0,495000.0,54.93,Standard Risk (<=80%)
5031167,NE,Madison    ,Single Family (1-4 Units):Site-Built,162303.0,75000.0,46.21,Standard Risk (<=80%)
5031192,NJ,Mercer    ,Single Family (1-4 Units):Site-Built,990197.0,505000.0,51.0,Standard Risk (<=80%)
5031244,CA,Orange    ,Single Family (1-4 Units):Site-Built,659513.0,295000.0,44.73,Standard Risk (<=80%)
5031402,CA,Santa Clara   ,Single Family (1-4 Units):Site-Built,2135071.0,895000.0,41.92,Standard Risk (<=80%)
5031488,CA,Stanislaus    ,Single Family (1-4 Units):Site-Built,473045.0,315000.0,66.59,Standard Risk (<=80%)
5031515,FL,Miami-Dade,Single Family (1-4 Units):Site-Built,392308.0,255000.0,65.0,Standard Risk (<=80%)
5031597,CA,Sacramento    ,Single Family (1-4 Units):Site-Built,562557.0,375000.0,66.66,Standard Risk (<=80%)
5031645,TX,Fort Bend   ,Single Family (1-4 Units):Site-Built,208413.0,165000.0,79.17,Standard Risk (<=80%)
5031654,CA,Riverside    ,Single Family (1-4 Units):Site-Built,486667.0,365000.0,75.0,Standard Risk (<=80%)
5031679,TX,Dallas    ,Single Family (1-4 Units):Site-Built,301471.0,205000.0,68.0,Standard Risk (<=80%)
5031736,CA,Contra Costa   ,Single Family (1-4 Units):Site-Built,509616.0,265000.0,52.0,Standard Risk (<=80%)
5031746,UT,Davis    ,Single Family (1-4 Units):Site-Built,262627.0,195000.0,74.25,Standard Risk (<=80%)
5031756,MI,Genesee    ,Single Family (1-4 Units):Site-Built,403545.0,255000.0,63.19,Standard Risk (<=80%)
5031767,CA,Santa Clara   ,Single Family (1-4 Units):Site-Built,810345.0,235000.0,29.0,Standard Risk (<=80%)
5031773,AZ,Pima    ,Single Family (1-4 Units):Site-Built,357799.0,195000.0,54.5,Standard Risk (<=80%)
5031803,MD,Howard    ,Single Family (1-4 Units):Site-Built,486988.0,305000.0,62.63,Standard Risk (<=80%)
5031807,CA,San Diego   ,Single Family (1-4 Units):Site-Built,520834.0,175000.0,33.6,Standard Risk (<=80%)
5031815,DE,New Castle   ,Single Family (1-4 Units):Site-Built,195087.0,135000.0,69.2,Standard Risk (<=80%)
5031894,MN,Dakota    ,Single Family (1-4 Units):Site-Built,358334.0,215000.0,60.0,Standard Risk (<=80%)
5031911,VT,Orleans    ,Single Family (1-4 Units):Site-Built,267124.0,195000.0,73.0,Standard Risk (<=80%)
5031969,VA,Loudoun    ,Single Family (1-4 Units):Site-Built,922414.0,535000.0,58.0,Standard Risk (<=80%)
5032032,VA,Chesterfield    ,Single Family (1-4 Units):Site-Built,364407.0,215000.0,59.0,Standard Risk (<=80%)
5032088,GA,Baldwin    ,Single Family (1-4 Units):Site-Built,406667.0,305000.0,75.0,Standard Risk (<=80%)
5032193,CA,Sacramento    ,Single Family (1-4 Units):Site-Built,343947.0,175000.0,50.88,Standard Risk (<=80%)
5032213,CA,Santa Clara   ,Single Family (1-4 Units):Site-Built,1034073.0,695000.0,67.21,Standard Risk (<=80%)
5032261,PA,Philadelphia    ,Single Family (1-4 Units):Site-Built,186501.0,105000.0,56.3,Standard Risk (<=80%)
5032325,PA,Northampton    ,Single Family (1-4 Units):Site-Built,277515.0,205000.0,73.87,Standard Risk (<=80%)
5032348,TX,Bexar    ,Single Family (1-4 Units):Site-Built,269332.0,155000.0,57.55,Standard Risk (<=80%)
5032382,WA,King    ,Single Family (1-4 Units):Site-Built,620000.0,465000.0,75.0,Standard Risk (<=80%)
5032406,DC,District of Columbia  ,Single Family (1-4 Units):Site-Built,851833.0,495000.0,58.11,Standard Risk (<=80%)
5032463,TX,Williamson    ,Single Family (1-4 Units):Site-Built,631444.0,245000.0,38.8,Standard Risk (<=80%)
5032470,TN,Williamson    ,Single Family (1-4 Units):Site-Built,303268.0,155000.0,51.11,Standard Risk (<=80%)
5032495,CA,San Joaquin   ,Single Family (1-4 Units):Site-Built,491011.0,325000.0,66.19,Standard Risk (<=80%)
5032604,OH,Miami    ,Single Family (1-4 Units):Site-Built,350766.0,275000.0,78.4,Standard Risk (<=80%)
5032638,MI,Wayne    ,Single Family (1-4 Units):Site-Built,267847.0,215000.0,80.27,High Risk (>80%)
5032699,NY,Bronx    ,Single Family (1-4 Units):Site-Built,627437.0,515000.0,82.08,High Risk (>80%)
5032721,CA,Sonoma    ,Single Family (1-4 Units):Site-Built,661376.0,125000.0,18.9,Standard Risk (<=80%)
5032786,FL,Volusia    ,Single Family (1-4 Units):Site-Built,346667.0,195000.0,56.25,Standard Risk (<=80%)
5032791,WA,Thurston    ,Single Family (1-4 Units):Site-Built,444139.0,355000.0,79.93,Standard Risk (<=80%)
5032799,AL,Coffee    ,Single Family (1-4 Units):Site-Built,152174.0,105000.0,69.0,Standard Risk (<=80%)
5032870,CA,San Joaquin   ,Single Family (1-4 Units):Site-Built,585071.0,435000.0,74.35,Standard Risk (<=80%)
5032900,MT,Yellowstone    ,Single Family (1-4 Units):Site-Built,280066.0,85000.0,30.35,Standard Risk (<=80%)
5032917,CA,Los Angeles   ,Single Family (1-4 Units):Site-Built,852137.0,355000.0,41.66,Standard Risk (<=80%)
5033013,TX,Collin    ,Single Family (1-4 Units):Site-Built,722720.0,355000.0,49.12,Standard Risk (<=80%)
5033040,CA,San Joaquin   ,Single Family (1-4 Units):Site-Built,447326.0,245000.0,54.77,Standard Risk (<=80%)
5033067,NC,Union    ,Single Family (1-4 Units):Site-Built,342466.0,125000.0,36.5,Standard Risk (<=80%)
5033099,MA,Middlesex    ,Single Family (1-4 Units):Site-Built,749964.0,515000.0,68.67,Standard Risk (<=80%)
5033110,TX,Montgomery    ,Single Family (1-4 Units):Site-Built,1231708.0,505000.0,41.0,Standard Risk (<=80%)
5033130,TX,Fort Bend   ,Single Family (1-4 Units):Site-Built,315790.0,225000.0,71.25,Standard Risk (<=80%)
5033212,IL,Cook    ,Single Family (1-4 Units):Site-Built,378087.0,245000.0,64.8,Standard Risk (<=80%)
5033219,CO,Jefferson    ,Single Family (1-4 Units):Site-Built,526068.0,335000.0,63.68,Standard Risk (<=80%)
5033314,VA,Henrico    ,Single Family (1-4 Units):Site-Built,215433.0,165000.0,76.59,Standard Risk (<=80%)
5033519,TX,Montgomery    ,Single Family (1-4 Units):Site-Built,246816.0,155000.0,62.8,Standard Risk (<=80%)
5033524,CA,Los Angeles   ,Single Family (1-4 Units):Site-Built,667761.0,285000.0,42.68,Standard Risk (<=80%)
5033584,CO,Jefferson    ,Single Family (1-4 Units):Site-Built,382220.0,135000.0,35.32,Standard Risk (<=80%)
5033621,MI,Wayne    ,Single Family (1-4 Units):Site-Built,162455.0,135000.0,83.1,High Risk (>80%)
5033688,TX,Dallas    ,Single Family (1-4 Units):Site-Built,229190.0,125000.0,54.54,Standard Risk (<=80%)
5033794,OR,Clackamas    ,Single Family (1-4 Units):Site-Built,427031.0,285000.0,66.74,Standard Risk (<=80%)
5034006,SC,Beaufort    ,Single Family (1-4 Units):Site-Built,678261.0,195000.0,28.75,Standard Risk (<=80%)
5034033,FL,Marion    ,Single Family (1-4 Units):Site-Built,293750.0,235000.0,80.0,Standard Risk (<=80%)
5034131,NE,Hall    ,Single Family (1-4 Units):Site-Built,160298.0,125000.0,77.98,Standard Risk (<=80%)
5034196,CO,Jefferson    ,Single Family (1-4 Units):Site-Built,1350168.0,755000.0,55.92,Standard Risk (<=80%)
5034203,TN,Davidson    ,Single Family (1-4 Units):Site-Built,315437.0,235000.0,74.5,Standard Risk (<=80%)
5034236,AZ,Maricopa    ,Single Family (1-4 Units):Site-Built,340910.0,255000.0,74.8,Standard Risk (<=80%)
5034311,OH,Medina    ,Single Family (1-4 Units):Site-Built,285008.0,265000.0,92.98,High Risk (>80%)
5034312,IN,Marion    ,Single Family (1-4 Units):Site-Built,86667.0,65000.0,75.0,Standard Risk (<=80%)
5034319,IL,Cook    ,Single Family (1-4 Units):Site-Built,341760.0,315000.0,92.17,High Risk (>80%)
5034363,PA,Dauphin    ,Single Family (1-4 Units):Site-Built,221429.0,155000.0,70.0,Standard Risk (<=80%)
5034394,NY,Erie    ,Single Family (1-4 Units):Site-Built,173331.0,75000.0,43.27,Standard Risk (<=80%)
5034413,GA,Gwinnett    ,Single Family (1-4 Units):Site-Built,262712.0,155000.0,59.0,Standard Risk (<=80%)
5034589,AZ,Maricopa    ,Single Family (1-4 Units):Site-Built,562219.0,375000.0,66.7,Standard Risk (<=80%)
5034700,MD,Anne Arundel   ,Single Family (1-4 Units):Site-Built,616884.0,475000.0,77.0,Standard Risk (<=80%)
5034725,WV,Jefferson    ,Single Family (1-4 Units):Site-Built,420000.0,315000.0,75.0,Standard Risk (<=80%)
5034727,NJ,Passaic    ,Single Family (1-4 Units):Site-Built,522223.0,235000.0,45.0,Standard Risk (<=80%)
5034754,GA,Hart    ,Single Family (1-4 Units):Site-Built,135023.0,65000.0,48.14,Standard Risk (<=80%)
5034789,FL,Pinellas    ,Single Family (1-4 Units):Site-Built,652174.0,315000.0,48.3,Standard Risk (<=80%)
5034796,NJ,Ocean    ,Single Family (1-4 Units):Site-Built,508682.0,375000.0,73.72,Standard Risk (<=80%)
5034820,CA,Los Angeles   ,Single Family (1-4 Units):Site-Built,758334.0,455000.0,60.0,Standard Risk (<=80%)
5034897,MI,Kent    ,Single Family (1-4 Units):Site-Built,256250.0,205000.0,80.0,Standard Risk (<=80%)
5034907,NC,Guilford    ,Single Family (1-4 Units):Site-Built,234178.0,185000.0,79.0,Standard Risk (<=80%)
5034981,LA,Terrebonne Parish   ,Single Family (1-4 Units):Site-Built,1195693.0,865000.0,72.34,Standard Risk (<=80%)
5035060,GA,Cobb    ,Single Family (1-4 Units):Site-Built,190910.0,105000.0,55.0,Standard Risk (<=80%)
5035077,MI,Macomb    ,Single Family (1-4 Units):Site-Built,173685.0,165000.0,95.0,High Risk (>80%)
5035103,CA,San Diego   ,Single Family (1-4 Units):Site-Built,797367.0,545000.0,68.35,Standard Risk (<=80%)
5035231,FL,Seminole    ,Single Family (1-4 Units):Site-Built,498227.0,295000.0,59.21,Standard Risk (<=80%)
5035255,TN,Montgomery    ,Single Family (1-4 Units):Site-Built,182071.0,105000.0,57.67,Standard Risk (<=80%)
5035267,CA,Los Angeles   ,Single Family (1-4 Units):Site-Built,865469.0,395000.0,45.64,Standard Risk (<=80%)
5035334,WA,Clark    ,Single Family (1-4 Units):Site-Built,595862.0,455000.0,76.36,Standard Risk (<=80%)
5035397,AL,Madison    ,Single Family (1-4 Units):Site-Built,694445.0,375000.0,54.0,Standard Risk (<=80%)
5035427,MI,St. Clair   ,Single Family (1-4 Units):Site-Built,378572.0,265000.0,70.0,Standard Risk (<=80%)
5035532,NV,Washoe    ,Single Family (1-4 Units):Site-Built,354970.0,245000.0,69.02,Standard Risk (<=80%)
5035560,CA,Alameda    ,Single Family (1-4 Units):Site-Built,669252.0,535000.0,79.94,Standard Risk (<=80%)
5035584,CA,Los Angeles   ,Single Family (1-4 Units):Site-Built,657895.0,625000.0,95.0,High Risk (>80%)
5035633,FL,Pasco    ,Single Family (1-4 Units):Site-Built,245191.0,195000.0,79.53,Standard Risk (<=80%)
5035709,MI,Kalamazoo    ,Single Family (1-4 Units):Site-Built,421610.0,295000.0,69.97,Standard Risk (<=80%)
5035752,TN,Sevier    ,Single Family (1-4 Units):Site-Built,188891.0,135000.0,71.47,Standard Risk (<=80%)
5035948,CA,Ventura    ,Single Family (1-4 Units):Site-Built,620538.0,365000.0,58.82,Standard Risk (<=80%)
5036023,MD,Frederick    ,Single Family (1-4 Units):Site-Built,556250.0,445000.0,80.0,Standard Risk (<=80%)
5036027,CA,Orange    ,Single Family (1-4 Units):Site-Built,1060586.0,765000.0,72.13,Standard Risk (<=80%)
5036038,FL,Broward    ,Single Family (1-4 Units):Site-Built,123530.0,105000.0,85.0,High Risk (>80%)
5036091,IL,McLean    ,Single Family (1-4 Units):Site-Built,313334.0,235000.0,75.0,Standard Risk (<=80%)
5036119,AZ,Pima    ,Single Family (1-4 Units):Site-Built,312739.0,205000.0,65.55,Standard Risk (<=80%)
5036187,ME,Cumberland    ,Single Family (1-4 Units):Site-Built,205358.0,115000.0,56.0,Standard Risk (<=80%)
5036243,GA,Fayette    ,Single Family (1-4 Units):Site-Built,434558.0,335000.0,77.09,Standard Risk (<=80%)
5036343,TX,Denton    ,Single Family (1-4 Units):Site-Built,202079.0,105000.0,51.96,Standard Risk (<=80%)
5036352,IA,Jasper    ,Single Family (1-4 Units):Site-Built,164916.0,135000.0,81.86,High Risk (>80%)
5036358,AL,Tuscaloosa    ,Single Family (1-4 Units):Site-Built,570589.0,485000.0,85.0,High Risk (>80%)
5036400,NC,Buncombe    ,Single Family (1-4 Units):Site-Built,342516.0,235000.0,68.61,Standard Risk (<=80%)
5036637,OK,Muskogee    ,Single Family (1-4 Units):Site-Built,475000.0,285000.0,60.0,Standard Risk (<=80%)
5036805,IN,Ripley    ,Single Family (1-4 Units):Site-Built,94455.0,85000.0,89.99,High Risk (>80%)
5036838,TX,Tarrant    ,Single Family (1-4 Units):Site-Built,231250.0,185000.0,80.0,Standard Risk (<=80%)
5036866,FL,Broward    ,Single Family (1-4 Units):Site-Built,243750.0,195000.0,80.0,Standard Risk (<=80%)
5036919,SC,York    ,Single Family (1-4 Units):Site-Built,379331.0,265000.0,69.86,Standard Risk (<=80%)
5036967,CA,Riverside    ,Single Family (1-4 Units):Site-Built,671053.0,255000.0,38.0,Standard Risk (<=80%)
5036984,CA,Los Angeles   ,Single Family (1-4 Units):Site-Built,827778.0,745000.0,90.0,High Risk (>80%)
5037030,OR,Marion    ,Single Family (1-4 Units):Site-Built,331579.0,315000.0,95.0,High Risk (>80%)
5037107,FL,Pinellas    ,Single Family (1-4 Units):Site-Built,893279.0,625000.0,69.97,Standard Risk (<=80%)
5037198,CA,Tulare    ,Single Family (1-4 Units):Site-Built,155861.0,75000.0,48.12,Standard Risk (<=80%)
5037206,NJ,Burlington    ,Single Family (1-4 Units):Site-Built,581250.0,465000.0,80.0,Standard Risk (<=80%)
5037232,TX,Bell    ,Single Family (1-4 Units):Site-Built,159343.0,95000.0,59.62,Standard Risk (<=80%)
5037269,GA,Cobb    ,Single Family (1-4 Units):Site-Built,247689.0,75000.0,30.28,Standard Risk (<=80%)
5037278,CA,Orange    ,Single Family (1-4 Units):Site-Built,1425363.0,825000.0,57.88,Standard Risk (<=80%)
5037296,AZ,Pima    ,Single Family (1-4 Units):Site-Built,321568.0,215000.0,66.86,Standard Risk (<=80%)
5037403,AZ,Pima    ,Single Family (1-4 Units):Site-Built,354933.0,195000.0,54.94,Standard Risk (<=80%)
5037467,OH,Madison    ,Single Family (1-4 Units):Site-Built,176934.0,135000.0,76.3,Standard Risk (<=80%)
5037495,CA,Los Angeles   ,Single Family (1-4 Units):Site-Built,365980.0,355000.0,97.0,High Risk (>80%)
5037535,CA,Ventura    ,Single Family (1-4 Units):Site-Built,686319.0,305000.0,44.44,Standard Risk (<=80%)
5037563,FL,Broward    ,Single Family (1-4 Units):Site-Built,422375.0,185000.0,43.8,Standard Risk (<=80%)
5037580,AL,Jefferson    ,Single Family (1-4 Units):Site-Built,321429.0,225000.0,70.0,Standard Risk (<=80%)
5037599,MD,Montgomery    ,Single Family (1-4 Units):Site-Built,1256250.0,1005000.0,80.0,Standard Risk (<=80%)
5037607,OH,Scioto    ,Single Family (1-4 Units):Site-Built,206250.0,165000.0,80.0,Standard Risk (<=80%)
5024133,CA,San Bernardino   ,Single Family (1-4 Units):Site-Built,426316.0,405000.0,95.0,High Risk (>80%)
5024164,DC,District of Columbia  ,Single Family (1-4 Units):Site-Built,468422.0,445000.0,95.0,High Risk (>80%)
5024167,CA,Los Angeles   ,Single Family (1-4 Units):Site-Built,483051.0,285000.0,59.0,Standard Risk (<=80%)
5024200,FL,Orange    ,Single Family (1-4 Units):Site-Built,356089.0,205000.0,57.57,Standard Risk (<=80%)
5024278,OH,Stark    ,Single Family (1-4 Units):Site-Built,157516.0,105000.0,66.66,Standard Risk (<=80%)
5024314,CA,Alameda    ,Single Family (1-4 Units):Site-Built,969663.0,505000.0,52.08,Standard Risk (<=80%)
5024401,HI,Honolulu    ,Single Family (1-4 Units):Site-Built,913699.0,685000.0,74.97,Standard Risk (<=80%)
5024453,CA,Sonoma    ,Single Family (1-4 Units):Site-Built,743750.0,595000.0,80.0,Standard Risk (<=80%)
5024454,CA,Sonoma    ,Single Family (1-4 Units):Site-Built,497119.0,345000.0,69.4,Standard Risk (<=80%)
5024459,PA,Union    ,Single Family (1-4 Units):Site-Built,324454.0,285000.0,87.84,High Risk (>80%)
5024472,OR,Clackamas    ,Single Family (1-4 Units):Site-Built,401416.0,295000.0,73.49,Standard Risk (<=80%)
5024497,CA,Placer    ,Single Family (1-4 Units):Site-Built,663414.0,435000.0,65.57,Standard Risk (<=80%)
5024502,AZ,Pinal    ,Single Family (1-4 Units):Site-Built,470265.0,325000.0,69.11,Standard Risk (<=80%)
5024584,AZ,Yavapai    ,Single Family (1-4 Units):Site-Built,556250.0,445000.0,80.0,Standard Risk (<=80%)
5024644,OR,Polk    ,Single Family (1-4 Units):Site-Built,398551.0,275000.0,69.0,Standard Risk (<=80%)
5024895,AZ,Maricopa    ,Single Family (1-4 Units):Site-Built,296611.0,175000.0,59.0,Standard Risk (<=80%)
5024926,TX,Collin    ,Single Family (1-4 Units):Site-Built,335938.0,215000.0,64.0,Standard Risk (<=80%)
5024932,KY,Oldham    ,Single Family (1-4 Units):Site-Built,218750.0,175000.0,80.0,Standard Risk (<=80%)
5024944,NJ,Bergen    ,Single Family (1-4 Units):Site-Built,840221.0,305000.0,36.3,Standard Risk (<=80%)
5024971,DE,New Castle   ,Single Family (1-4 Units):Site-Built,412804.0,325000.0,78.73,Standard Risk (<=80%)
5024984,DE,New Castle   ,Single Family (1-4 Units):Site-Built,451924.0,235000.0,52.0,Standard Risk (<=80%)
5024991,FL,Manatee    ,Single Family (1-4 Units):Site-Built,396271.0,255000.0,64.35,Standard Risk (<=80%)
5025000,IL,Cook    ,Single Family (1-4 Units):Site-Built,168750.0,135000.0,80.0,Standard Risk (<=80%)
5025079,CA,Sacramento    ,Single Family (1-4 Units):Site-Built,412088.0,135000.0,32.76,Standard Risk (<=80%)
5025085,CA,Los Angeles   ,Single Family (1-4 Units):Site-Built,652543.0,385000.0,59.0,Standard Risk (<=80%)
5025108,WA,Spokane    ,Single Family (1-4 Units):Site-Built,1210000.0,605000.0,50.0,Standard Risk (<=80%)
5025144,MI,Genesee    ,Single Family (1-4 Units):Site-Built,209811.0,145000.0,69.11,Standard Risk (<=80%)
5025170,PA,Montgomery    ,Single Family (1-4 Units):Site-Built,932378.0,455000.0,48.8,Standard Risk (<=80%)
5025313,NY,Suffolk    ,Single Family (1-4 Units):Site-Built,423077.0,275000.0,65.0,Standard Risk (<=80%)
5025364,TX,Fort Bend   ,Single Family (1-4 Units):Site-Built,245208.0,165000.0,67.29,Standard Risk (<=80%)
5025409,SC,York    ,Single Family (1-4 Units):Site-Built,207052.0,175000.0,84.52,High Risk (>80%)
5025497,SC,York    ,Single Family (1-4 Units):Site-Built,468750.0,375000.0,80.0,Standard Risk (<=80%)
5025523,MA,Middlesex    ,Single Family (1-4 Units):Site-Built,696219.0,545000.0,78.28,Standard Risk (<=80%)
5025531,CA,Los Angeles   ,Single Family (1-4 Units):Site-Built,1153377.0,755000.0,65.46,Standard Risk (<=80%)
5025557,VA,Chesapeake city   ,Single Family (1-4 Units):Site-Built,428547.0,245000.0,57.17,Standard Risk (<=80%)
5025586,AZ,Maricopa    ,Single Family (1-4 Units):Site-Built,380000.0,285000.0,75.0,Standard Risk (<=80%)
5025627,TN,Knox    ,Single Family (1-4 Units):Site-Built,578432.0,295000.0,51.0,Standard Risk (<=80%)
5025647,AZ,Maricopa    ,Single Family (1-4 Units):Site-Built,469382.0,325000.0,69.24,Standard Risk (<=80%)
5025686,CA,Alameda    ,Single Family (1-4 Units):Site-Built,907143.0,635000.0,70.0,Standard Risk (<=80%)
5025691,AZ,Maricopa    ,Single Family (1-4 Units):Site-Built,256636.0,175000.0,68.19,Standard Risk (<=80%)
5025699,CA,Los Angeles   ,Single Family (1-4 Units):Site-Built,686667.0,515000.0,75.0,Standard Risk (<=80%)
5025736,FL,Hernando    ,Single Family (1-4 Units):Site-Built,243750.0,195000.0,80.0,Standard Risk (<=80%)
5025766,NJ,Cape May   ,Single Family (1-4 Units):Site-Built,399149.0,225000.0,56.37,Standard Risk (<=80%)
5025800,AR,Washington    ,Single Family (1-4 Units):Site-Built,257353.0,175000.0,68.0,Standard Risk (<=80%)
5025821,TX,Tarrant    ,Single Family (1-4 Units):Site-Built,171625.0,105000.0,61.18,Standard Risk (<=80%)
5025898,NJ,Warren    ,Single Family (1-4 Units):Site-Built,505556.0,455000.0,90.0,High Risk (>80%)
5025902,TX,Hidalgo    ,Single Family (1-4 Units):Site-Built,179212.0,125000.0,69.75,Standard Risk (<=80%)
5025912,CO,Mesa    ,Single Family (1-4 Units):Site-Built,338919.0,265000.0,78.19,Standard Risk (<=80%)
5026015,VA,Winchester city   ,Single Family (1-4 Units):Site-Built,245763.0,145000.0,59.0,Standard Risk (<=80%)
5026051,NJ,Mercer    ,Single Family (1-4 Units):Site-Built,186280.0,145000.0,77.84,Standard Risk (<=80%)
5026053,TX,Comal    ,Single Family (1-4 Units):Site-Built,274172.0,245000.0,89.36,High Risk (>80%)
5026203,MA,Essex    ,Single Family (1-4 Units):Site-Built,775000.0,155000.0,20.0,Standard Risk (<=80%)
5026212,CA,Fresno    ,Single Family (1-4 Units):Site-Built,375000.0,255000.0,68.0,Standard Risk (<=80%)
5026286,NJ,Burlington    ,Single Family (1-4 Units):Site-Built,369624.0,275000.0,74.4,Standard Risk (<=80%)
5026294,IL,Rock Island   ,Single Family (1-4 Units):Site-Built,72223.0,65000.0,90.0,High Risk (>80%)
5026352,TX,Denton    ,Single Family (1-4 Units):Site-Built,268750.0,215000.0,80.0,Standard Risk (<=80%)
5026417,FL,Manatee    ,Single Family (1-4 Units):Site-Built,357892.0,205000.0,57.28,Standard Risk (<=80%)
5026523,TX,Montgomery    ,Single Family (1-4 Units):Site-Built,250336.0,205000.0,81.89,High Risk (>80%)
5026559,UT,Salt Lake   ,Single Family (1-4 Units):Site-Built,588793.0,435000.0,73.88,Standard Risk (<=80%)
5026567,TN,Shelby    ,Single Family (1-4 Units):Site-Built,161963.0,105000.0,64.83,Standard Risk (<=80%)
5026611,MD,Prince George   ,Single Family (1-4 Units):Site-Built,290328.0,205000.0,70.61,Standard Risk (<=80%)
5026746,CA,San Francisco   ,Single Family (1-4 Units):Site-Built,1344445.0,605000.0,45.0,Standard Risk (<=80%)
5026797,NV,Clark    ,Single Family (1-4 Units):Site-Built,339030.0,125000.0,36.87,Standard Risk (<=80%)
5026829,CO,Douglas    ,Single Family (1-4 Units):Site-Built,460334.0,235000.0,51.05,Standard Risk (<=80%)
5026841,NC,Davidson    ,Single Family (1-4 Units):Site-Built,229710.0,105000.0,45.71,Standard Risk (<=80%)
5026853,TX,Harris    ,Single Family (1-4 Units):Site-Built,331250.0,265000.0,80.0,Standard Risk (<=80%)
5027111,IN,Hamilton    ,Single Family (1-4 Units):Site-Built,398149.0,215000.0,54.0,Standard Risk (<=80%)
5027127,CA,Tulare    ,Single Family (1-4 Units):Site-Built,228383.0,145000.0,63.49,Standard Risk (<=80%)
5027225,FL,Charlotte    ,Single Family (1-4 Units):Site-Built,291524.0,195000.0,66.89,Standard Risk (<=80%)
5027275,FL,Sumter    ,Single Family (1-4 Units):Site-Built,278572.0,195000.0,70.0,Standard Risk (<=80%)
5027280,IL,Cook    ,Single Family (1-4 Units):Site-Built,195313.0,125000.0,64.0,Standard Risk (<=80%)
5027309,CA,Contra Costa   ,Single Family (1-4 Units):Site-Built,1248064.0,725000.0,58.09,Standard Risk (<=80%)
5027409,CA,Contra Costa   ,Single Family (1-4 Units):Site-Built,657895.0,625000.0,95.0,High Risk (>80%)
5027444,CA,Los Angeles   ,Single Family (1-4 Units):Site-Built,466369.0,355000.0,76.12,Standard Risk (<=80%)
5027473,TX,Grayson    ,Single Family (1-4 Units):Site-Built,222973.0,165000.0,74.0,Standard Risk (<=80%)
5027503,KY,Shelby    ,Single Family (1-4 Units):Site-Built,78948.0,75000.0,95.0,High Risk (>80%)
5027544,AZ,Maricopa    ,Single Family (1-4 Units):Site-Built,368750.0,295000.0,80.0,Standard Risk (<=80%)
5027665,GA,Cobb    ,Single Family (1-4 Units):Site-Built,218750.0,175000.0,80.0,Standard Risk (<=80%)
5027748,OH,Hamilton    ,Single Family (1-4 Units):Site-Built,291667.0,175000.0,60.0,Standard Risk (<=80%)
5027775,MD,Baltimore    ,Single Family (1-4 Units):Site-Built,267242.0,155000.0,58.0,Standard Risk (<=80%)
5027799,FL,Palm Beach   ,Single Family (1-4 Units):Site-Built,227273.0,75000.0,33.0,Standard Risk (<=80%)
5027816,IL,Macon    ,Single Family (1-4 Units):Site-Built,81875.0,65000.0,79.39,Standard Risk (<=80%)
5027836,MI,Wayne    ,Single Family (1-4 Units):Site-Built,405883.0,345000.0,85.0,High Risk (>80%)
5027895,TX,Bexar    ,Single Family (1-4 Units):Site-Built,170022.0,125000.0,73.52,Standard Risk (<=80%)
5027901,NC,Wake    ,Single Family (1-4 Units):Site-Built,407700.0,305000.0,74.81,Standard Risk (<=80%)
5027964,CO,Boulder    ,Single Family (1-4 Units):Site-Built,407408.0,275000.0,67.5,Standard Risk (<=80%)
5028022,MS,Lafayette    ,Single Family (1-4 Units):Site-Built,183458.0,175000.0,95.39,High Risk (>80%)
5028045,CA,San Diego   ,Single Family (1-4 Units):Site-Built,608494.0,235000.0,38.62,Standard Risk (<=80%)
5028055,MN,Cass    ,Single Family (1-4 Units):Site-Built,289474.0,275000.0,95.0,High Risk (>80%)
5028213,CA,San Diego   ,Single Family (1-4 Units):Site-Built,649239.0,375000.0,57.76,Standard Risk (<=80%)
5028279,GA,Habersham    ,Single Family (1-4 Units):Site-Built,131817.0,95000.0,72.07,Standard Risk (<=80%)
5028296,VA,Rockingham    ,Single Family (1-4 Units):Site-Built,182296.0,125000.0,68.57,Standard Risk (<=80%)
5028349,MA,Essex    ,Single Family (1-4 Units):Site-Built,831250.0,665000.0,80.0,Standard Risk (<=80%)
5028369,CT,New Haven   ,Single Family (1-4 Units):Site-Built,331250.0,265000.0,80.0,Standard Risk (<=80%)
5028427,CA,San Bernardino   ,Single Family (1-4 Units):Site-Built,273482.0,145000.0,53.02,Standard Risk (<=80%)
5028465,MI,Wayne    ,Single Family (1-4 Units):Site-Built,210000.0,105000.0,50.0,Standard Risk (<=80%)
5028478,NC,Mecklenburg    ,Single Family (1-4 Units):Site-Built,196582.0,115000.0,58.5,Standard Risk (<=80%)
5028562,OK,Oklahoma    ,Single Family (1-4 Units):Site-Built,223500.0,175000.0,78.3,Standard Risk (<=80%)
5028633,CA,Los Angeles   ,Single Family (1-4 Units):Site-Built,1547649.0,635000.0,41.03,Standard Risk (<=80%)
5028673,CA,Kern    ,Single Family (1-4 Units):Site-Built,407774.0,235000.0,57.63,Standard Risk (<=80%)
5028709,NC,Randolph    ,Single Family (1-4 Units):Site-Built,220000.0,165000.0,75.0,Standard Risk (<=80%)
5028781,CT,Fairfield    ,Single Family (1-4 Units):Site-Built,351304.0,275000.0,78.28,Standard Risk (<=80%)
5028797,FL,Duval    ,Single Family (1-4 Units):Site-Built,250161.0,195000.0,77.95,Standard Risk (<=80%)
5028827,FL,Seminole    ,Single Family (1-4 Units):Site-Built,204391.0,135000.0,66.05,Standard Risk (<=80%)
5028891,IL,Iroquois    ,Single Family (1-4 Units):Site-Built,219697.0,145000.0,66.0,Standard Risk (<=80%)
5028895,MI,Wayne    ,Single Family (1-4 Units):Site-Built,108975.0,85000.0,78.0,Standard Risk (<=80%)
5028965,PA,Delaware    ,Single Family (1-4 Units):Site-Built,347340.0,205000.0,59.02,Standard Risk (<=80%)
5028977,GA,Fayette    ,Single Family (1-4 Units):Site-Built,414210.0,295000.0,71.22,Standard Risk (<=80%)
5028990,CA,Sacramento    ,Single Family (1-4 Units):Site-Built,395210.0,165000.0,41.75,Standard Risk (<=80%)
5029017,NC,Guilford    ,Single Family (1-4 Units):Site-Built,184177.0,115000.0,62.44,Standard Risk (<=80%)
5029118,WA,King    ,Single Family (1-4 Units):Site-Built,901786.0,505000.0,56.0,Standard Risk (<=80%)
5029239,FL,Brevard    ,Single Family (1-4 Units):Site-Built,331250.0,265000.0,80.0,Standard Risk (<=80%)
5029300,CT,New Haven   ,Single Family (1-4 Units):Site-Built,307143.0,215000.0,70.0,Standard Risk (<=80%)
5029345,NH,Rockingham    ,Single Family (1-4 Units):Site-Built,436644.0,255000.0,58.4,Standard Risk (<=80%)
5029357,UT,Salt Lake   ,Single Family (1-4 Units):Site-Built,417526.0,405000.0,97.0,High Risk (>80%)
5029402,GA,Gwinnett    ,Single Family (1-4 Units):Site-Built,356250.0,285000.0,80.0,Standard Risk (<=80%)
5029637,CA,Orange    ,Single Family (1-4 Units):Site-Built,1012247.0,405000.0,40.01,Standard Risk (<=80%)
5029659,FL,Charlotte    ,Single Family (1-4 Units):Site-Built,377050.0,345000.0,91.5,High Risk (>80%)
5029662,NJ,Salem    ,Single Family (1-4 Units):Site-Built,118557.0,115000.0,97.0,High Risk (>80%)
5029752,WI,Ozaukee    ,Single Family (1-4 Units):Site-Built,536594.0,305000.0,56.84,Standard Risk (<=80%)
5029850,NY,Suffolk    ,Single Family (1-4 Units):Site-Built,481490.0,225000.0,46.73,Standard Risk (<=80%)
5029951,CO,Weld    ,Single Family (1-4 Units):Site-Built,539728.0,305000.0,56.51,Standard Risk (<=80%)
5029985,CA,Los Angeles   ,Single Family (1-4 Units):Site-Built,1404495.0,825000.0,58.74,Standard Risk (<=80%)
5030021,CA,Sacramento    ,Single Family (1-4 Units):Site-Built,409524.0,215000.0,52.5,Standard Risk (<=80%)
5030037,NC,Mecklenburg    ,Single Family (1-4 Units):Site-Built,398306.0,235000.0,59.0,Standard Risk (<=80%)
5030082,SC,York    ,Single Family (1-4 Units):Site-Built,493750.0,395000.0,80.0,Standard Risk (<=80%)
5030138,CA,Contra Costa   ,Single Family (1-4 Units):Site-Built,627273.0,345000.0,55.0,Standard Risk (<=80%)
5030203,OH,Lorain    ,Single Family (1-4 Units):Site-Built,262712.0,155000.0,59.0,Standard Risk (<=80%)
5030220,TX,Galveston    ,Single Family (1-4 Units):Site-Built,242826.0,165000.0,67.95,Standard Risk (<=80%)
5030255,PA,Franklin    ,Single Family (1-4 Units):Site-Built,340038.0,235000.0,69.11,Standard Risk (<=80%)
5030267,MO,Jefferson    ,Single Family (1-4 Units):Site-Built,179013.0,145000.0,81.0,High Risk (>80%)
5030345,TX,Harris    ,Single Family (1-4 Units):Site-Built,586144.0,445000.0,75.92,Standard Risk (<=80%)
5030486,ID,Ada    ,Single Family (1-4 Units):Site-Built,350000.0,245000.0,70.0,Standard Risk (<=80%)
5030547,FL,Lee    ,Single Family (1-4 Units):Site-Built,331250.0,265000.0,80.0,Standard Risk (<=80%)
5030574,NJ,Essex    ,Single Family (1-4 Units):Site-Built,885150.0,605000.0,68.35,Standard Risk (<=80%)
5030792,IN,Clark    ,Single Family (1-4 Units):Site-Built,307143.0,215000.0,70.0,Standard Risk (<=80%)
5030821,MI,Oakland    ,Single Family (1-4 Units):Site-Built,131579.0,125000.0,95.0,High Risk (>80%)
5030931,MA,Suffolk    ,Single Family (1-4 Units):Site-Built,987180.0,385000.0,39.0,Standard Risk (<=80%)
5030987,OK,Harper    ,Single Family (1-4 Units):Site-Built,155406.0,115000.0,74.0,Standard Risk (<=80%)
5031021,MN,Hennepin    ,Single Family (1-4 Units):Site-Built,143825.0,85000.0,59.1,Standard Risk (<=80%)
5031123,MI,Wayne    ,Single Family (1-4 Units):Site-Built,544735.0,495000.0,90.87,High Risk (>80%)
5031134,IL,Will    ,Single Family (1-4 Units):Site-Built,321228.0,245000.0,76.27,Standard Risk (<=80%)
5031163,CA,Santa Clara   ,Single Family (1-4 Units):Site-Built,633334.0,475000.0,75.0,Standard Risk (<=80%)
5031189,CT,New Haven   ,Single Family (1-4 Units):Site-Built,330000.0,165000.0,50.0,Standard Risk (<=80%)
5031227,WA,Thurston    ,Single Family (1-4 Units):Site-Built,372009.0,185000.0,49.73,Standard Risk (<=80%)
5031344,ME,York    ,Single Family (1-4 Units):Site-Built,375000.0,135000.0,36.0,Standard Risk (<=80%)
5031388,GA,Muscogee    ,Single Family (1-4 Units):Site-Built,91625.0,85000.0,92.77,High Risk (>80%)
5031569,KY,Nelson    ,Single Family (1-4 Units):Site-Built,206250.0,165000.0,80.0,Standard Risk (<=80%)
5031734,MI,Oakland    ,Single Family (1-4 Units):Site-Built,594737.0,565000.0,95.0,High Risk (>80%)
5031940,PA,Montgomery    ,Single Family (1-4 Units):Site-Built,500000.0,345000.0,69.0,Standard Risk (<=80%)
5032051,NM,Santa Fe   ,Single Family (1-4 Units):Site-Built,430010.0,235000.0,54.65,Standard Risk (<=80%)
5032114,NJ,Essex    ,Single Family (1-4 Units):Site-Built,475380.0,335000.0,70.47,Standard Risk (<=80%)
5032119,IL,Cook    ,Single Family (1-4 Units):Site-Built,338889.0,305000.0,90.0,High Risk (>80%)
5032123,NJ,Hudson    ,Single Family (1-4 Units):Site-Built,415790.0,395000.0,95.0,High Risk (>80%)
5032144,GA,Chatham    ,Single Family (1-4 Units):Site-Built,210000.0,105000.0,50.0,Standard Risk (<=80%)
5032272,WI,Winnebago    ,Single Family (1-4 Units):Site-Built,166521.0,95000.0,57.05,Standard Risk (<=80%)
5032314,AZ,Maricopa    ,Single Family (1-4 Units):Site-Built,1660220.0,515000.0,31.02,Standard Risk (<=80%)
5032361,MI,Monroe    ,Single Family (1-4 Units):Site-Built,256579.0,195000.0,76.0,Standard Risk (<=80%)
5032371,CO,Denver    ,Single Family (1-4 Units):Site-Built,500000.0,475000.0,95.0,High Risk (>80%)
5032414,FL,Hillsborough    ,Single Family (1-4 Units):Site-Built,372403.0,285000.0,76.53,Standard Risk (<=80%)
5032478,WI,Racine    ,Single Family (1-4 Units):Site-Built,300000.0,255000.0,85.0,High Risk (>80%)
5032486,VA,Chesterfield    ,Single Family (1-4 Units):Site-Built,294448.0,105000.0,35.66,Standard Risk (<=80%)
5032530,NJ,Camden    ,Single Family (1-4 Units):Site-Built,324562.0,185000.0,57.0,Standard Risk (<=80%)
5032618,SC,Charleston    ,Single Family (1-4 Units):Site-Built,396100.0,195000.0,49.23,Standard Risk (<=80%)
5032649,TX,Van Zandt   ,Single Family (1-4 Units):Site-Built,293479.0,135000.0,46.0,Standard Risk (<=80%)
5032692,CA,Stanislaus    ,Single Family (1-4 Units):Site-Built,659533.0,265000.0,40.18,Standard Risk (<=80%)
5032750,IA,Henry    ,Single Family (1-4 Units):Site-Built,261273.0,175000.0,66.98,Standard Risk (<=80%)
5032781,FL,Volusia    ,Single Family (1-4 Units):Site-Built,286097.0,235000.0,82.14,High Risk (>80%)
5032794,MN,Dakota    ,Single Family (1-4 Units):Site-Built,310000.0,155000.0,50.0,Standard Risk (<=80%)
5032849,CA,Kings    ,Single Family (1-4 Units):Site-Built,500000.0,475000.0,95.0,High Risk (>80%)
5032872,FL,Flagler    ,Single Family (1-4 Units):Site-Built,264415.0,155000.0,58.62,Standard Risk (<=80%)
5032890,NJ,Bergen    ,Single Family (1-4 Units):Site-Built,745555.0,545000.0,73.1,Standard Risk (<=80%)
5032913,CT,Hartford    ,Single Family (1-4 Units):Site-Built,408334.0,245000.0,60.0,Standard Risk (<=80%)
5032992,WA,Snohomish    ,Single Family (1-4 Units):Site-Built,520619.0,505000.0,97.0,High Risk (>80%)
5033000,FL,Bay    ,Single Family (1-4 Units):Site-Built,190880.0,185000.0,96.92,High Risk (>80%)
5033015,DE,Sussex    ,Single Family (1-4 Units):Site-Built,694030.0,465000.0,67.0,Standard Risk (<=80%)
5033024,CA,Alameda    ,Single Family (1-4 Units):Site-Built,1135417.0,545000.0,48.0,Standard Risk (<=80%)
5033114,NY,Suffolk    ,Single Family (1-4 Units):Site-Built,294961.0,175000.0,59.33,Standard Risk (<=80%)
5033122,CT,Hartford    ,Single Family (1-4 Units):Site-Built,158028.0,75000.0,47.46,Standard Risk (<=80%)
5033124,TN,Davidson    ,Single Family (1-4 Units):Site-Built,479718.0,285000.0,59.41,Standard Risk (<=80%)
5033154,NC,Robeson    ,Single Family (1-4 Units):Site-Built,341867.0,215000.0,62.89,Standard Risk (<=80%)
5033343,TN,Montgomery    ,Single Family (1-4 Units):Site-Built,208624.0,165000.0,79.09,Standard Risk (<=80%)
5033377,NJ,Middlesex    ,Single Family (1-4 Units):Site-Built,518868.0,275000.0,53.0,Standard Risk (<=80%)
5033388,TX,Guadalupe    ,Single Family (1-4 Units):Site-Built,289474.0,275000.0,95.0,High Risk (>80%)
5033394,IA,Dallas    ,Single Family (1-4 Units):Site-Built,485115.0,365000.0,75.24,Standard Risk (<=80%)
5033594,MI,Muskegon    ,Single Family (1-4 Units):Site-Built,208334.0,125000.0,60.0,Standard Risk (<=80%)
5033660,IL,Will    ,Single Family (1-4 Units):Site-Built,561798.0,315000.0,56.07,Standard Risk (<=80%)
5033667,CO,El Paso   ,Single Family (1-4 Units):Site-Built,624239.0,205000.0,32.84,Standard Risk (<=80%)
5033695,CA,Lake    ,Single Family (1-4 Units):Site-Built,265139.0,155000.0,58.46,Standard Risk (<=80%)
5033699,CA,Placer    ,Single Family (1-4 Units):Site-Built,660889.0,305000.0,46.15,Standard Risk (<=80%)
5033724,FL,Broward    ,Single Family (1-4 Units):Site-Built,267442.0,115000.0,43.0,Standard Risk (<=80%)
5033730,CA,Riverside    ,Single Family (1-4 Units):Site-Built,450181.0,75000.0,16.66,Standard Risk (<=80%)
5033739,FL,Pinellas    ,Single Family (1-4 Units):Site-Built,358768.0,205000.0,57.14,Standard Risk (<=80%)
5033755,NC,Catawba    ,Single Family (1-4 Units):Site-Built,147059.0,125000.0,85.0,High Risk (>80%)
5033771,NJ,Camden    ,Single Family (1-4 Units):Site-Built,341667.0,205000.0,60.0,Standard Risk (<=80%)
5033795,TX,Williamson    ,Single Family (1-4 Units):Site-Built,340926.0,235000.0,68.93,Standard Risk (<=80%)
5033801,OR,Clackamas    ,Single Family (1-4 Units):Site-Built,712500.0,285000.0,40.0,Standard Risk (<=80%)
5033827,CA,Los Angeles   ,Single Family (1-4 Units):Site-Built,705603.0,505000.0,71.57,Standard Risk (<=80%)
5033863,AL,Shelby    ,Single Family (1-4 Units):Site-Built,179737.0,135000.0,75.11,Standard Risk (<=80%)
5033873,NY,Richmond    ,Single Family (1-4 Units):Site-Built,684469.0,405000.0,59.17,Standard Risk (<=80%)
5033891,AZ,Maricopa    ,Single Family (1-4 Units):Site-Built,450103.0,175000.0,38.88,Standard Risk (<=80%)
5033896,NC,Guilford    ,Single Family (1-4 Units):Site-Built,449368.0,355000.0,79.0,Standard Risk (<=80%)
5033939,CA,San Joaquin   ,Single Family (1-4 Units):Site-Built,405264.0,385000.0,95.0,High Risk (>80%)
5033941,NC,Mecklenburg    ,Single Family (1-4 Units):Site-Built,542554.0,255000.0,47.0,Standard Risk (<=80%)
5034050,TX,Kaufman    ,Single Family (1-4 Units):Site-Built,226667.0,85000.0,37.5,Standard Risk (<=80%)
5034071,NY,Suffolk    ,Single Family (1-4 Units):Site-Built,770693.0,365000.0,47.36,Standard Risk (<=80%)
5034086,ID,Ada    ,Single Family (1-4 Units):Site-Built,440280.0,195000.0,44.29,Standard Risk (<=80%)
5034112,GA,Coweta    ,Single Family (1-4 Units):Site-Built,344445.0,155000.0,45.0,Standard Risk (<=80%)
5034190,CA,San Diego   ,Single Family (1-4 Units):Site-Built,565903.0,395000.0,69.8,Standard Risk (<=80%)
5034252,FL,Manatee    ,Single Family (1-4 Units):Site-Built,616849.0,175000.0,28.37,Standard Risk (<=80%)
5034274,UT,Salt Lake   ,Single Family (1-4 Units):Site-Built,940744.0,435000.0,46.24,Standard Risk (<=80%)
5034296,AZ,Maricopa    ,Single Family (1-4 Units):Site-Built,508931.0,265000.0,52.07,Standard Risk (<=80%)
5034301,NY,Orange    ,Single Family (1-4 Units):Site-Built,287235.0,135000.0,47.0,Standard Risk (<=80%)
5034382,KS,Wyandotte    ,Single Family (1-4 Units):Site-Built,176228.0,145000.0,82.28,High Risk (>80%)
5034426,WA,King    ,Single Family (1-4 Units):Site-Built,921443.0,685000.0,74.34,Standard Risk (<=80%)
5034544,UT,Utah    ,Single Family (1-4 Units):Site-Built,658562.0,325000.0,49.35,Standard Risk (<=80%)
5034558,OR,Lane    ,Single Family (1-4 Units):Site-Built,456522.0,105000.0,23.0,Standard Risk (<=80%)
5034715,CA,Sacramento    ,Single Family (1-4 Units):Site-Built,713334.0,535000.0,75.0,Standard Risk (<=80%)
5034812,CA,Siskiyou    ,Single Family (1-4 Units):Site-Built,341667.0,205000.0,60.0,Standard Risk (<=80%)
5034927,NV,Douglas    ,Single Family (1-4 Units):Site-Built,500000.0,135000.0,27.0,Standard Risk (<=80%)
5034944,WA,Spokane    ,Single Family (1-4 Units):Site-Built,532140.0,505000.0,94.9,High Risk (>80%)
5035040,KY,Boone    ,Single Family (1-4 Units):Site-Built,257353.0,175000.0,68.0,Standard Risk (<=80%)
5035064,IL,Cook    ,Single Family (1-4 Units):Site-Built,405556.0,365000.0,90.0,High Risk (>80%)
5035085,CA,San Francisco   ,Single Family (1-4 Units):Site-Built,762296.0,465000.0,61.0,Standard Risk (<=80%)
5035147,CA,Stanislaus    ,Single Family (1-4 Units):Site-Built,411706.0,325000.0,78.94,Standard Risk (<=80%)
5035196,PA,Lehigh    ,Single Family (1-4 Units):Site-Built,327511.0,225000.0,68.7,Standard Risk (<=80%)
5035227,GA,Effingham    ,Single Family (1-4 Units):Site-Built,230000.0,115000.0,50.0,Standard Risk (<=80%)
5035234,LA,Calcasieu Parish   ,Single Family (1-4 Units):Site-Built,152734.0,95000.0,62.2,Standard Risk (<=80%)
5035280,MI,Ionia    ,Single Family (1-4 Units):Site-Built,151551.0,65000.0,42.89,Standard Risk (<=80%)
5035322,OR,Clackamas    ,Single Family (1-4 Units):Site-Built,563158.0,535000.0,95.0,High Risk (>80%)
5035323,PA,Bucks    ,Single Family (1-4 Units):Site-Built,520566.0,405000.0,77.8,Standard Risk (<=80%)
5035386,CA,San Diego   ,Single Family (1-4 Units):Site-Built,500000.0,345000.0,69.0,Standard Risk (<=80%)
5035414,TX,Fort Bend   ,Single Family (1-4 Units):Site-Built,305202.0,115000.0,37.68,Standard Risk (<=80%)
5035439,VA,Grayson    ,Single Family (1-4 Units):Site-Built,255289.0,105000.0,41.13,Standard Risk (<=80%)
5035474,CA,Sonoma    ,Single Family (1-4 Units):Site-Built,2523390.0,1505000.0,59.64,Standard Risk (<=80%)
5035603,LA,Calcasieu Parish   ,Single Family (1-4 Units):Site-Built,217575.0,155000.0,71.24,Standard Risk (<=80%)
5035618,FL,Marion    ,Single Family (1-4 Units):Site-Built,1002228.0,135000.0,13.47,Standard Risk (<=80%)
5035643,CA,Santa Clara   ,Single Family (1-4 Units):Site-Built,953221.0,595000.0,62.42,Standard Risk (<=80%)
5035653,TX,Rockwall    ,Single Family (1-4 Units):Site-Built,236843.0,225000.0,95.0,High Risk (>80%)
5035700,MD,Montgomery    ,Single Family (1-4 Units):Site-Built,552223.0,405000.0,73.34,Standard Risk (<=80%)
5035835,NM,Dona Ana   ,Single Family (1-4 Units):Site-Built,240000.0,105000.0,43.75,Standard Risk (<=80%)
5035872,AZ,Maricopa    ,Single Family (1-4 Units):Site-Built,312712.0,185000.0,59.16,Standard Risk (<=80%)
5035877,CA,Los Angeles   ,Single Family (1-4 Units):Site-Built,687443.0,525000.0,76.37,Standard Risk (<=80%)
5035907,FL,Miami-Dade,Single Family (1-4 Units):Site-Built,356669.0,215000.0,60.28,Standard Risk (<=80%)
5035931,CA,Orange    ,Single Family (1-4 Units):Site-Built,1576228.0,305000.0,19.35,Standard Risk (<=80%)
5036043,MI,Monroe    ,Single Family (1-4 Units):Site-Built,205264.0,195000.0,95.0,High Risk (>80%)
5036123,IL,DuPage    ,Single Family (1-4 Units):Site-Built,313060.0,175000.0,55.9,Standard Risk (<=80%)
5036127,FL,Martin    ,Single Family (1-4 Units):Site-Built,212883.0,155000.0,72.81,Standard Risk (<=80%)
5036136,SC,Charleston    ,Single Family (1-4 Units):Site-Built,1005182.0,485000.0,48.25,Standard Risk (<=80%)
5036214,NY,Suffolk    ,Single Family (1-4 Units):Site-Built,507869.0,355000.0,69.9,Standard Risk (<=80%)
5036272,NE,Lancaster    ,Single Family (1-4 Units):Site-Built,89474.0,85000.0,95.0,High Risk (>80%)
5036289,WA,Pierce    ,Single Family (1-4 Units):Site-Built,379630.0,205000.0,54.0,Standard Risk (<=80%)
5036449,NH,Rockingham    ,Single Family (1-4 Units):Site-Built,462284.0,315000.0,68.14,Standard Risk (<=80%)
5036500,NY,Suffolk    ,Single Family (1-4 Units):Site-Built,423226.0,285000.0,67.34,Standard Risk (<=80%)
5036590,CA,Los Angeles   ,Single Family (1-4 Units):Site-Built,629218.0,345000.0,54.83,Standard Risk (<=80%)
5036596,MI,Emmet    ,Single Family (1-4 Units):Site-Built,231250.0,185000.0,80.0,Standard Risk (<=80%)
5036626,NY,Erie    ,Single Family (1-4 Units):Site-Built,489131.0,225000.0,46.0,Standard Risk (<=80%)
5036677,CA,Orange    ,Single Family (1-4 Units):Site-Built,589124.0,195000.0,33.1,Standard Risk (<=80%)
5036680,GA,Stephens    ,Single Family (1-4 Units):Site-Built,683099.0,485000.0,71.0,Standard Risk (<=80%)
5036702,CA,San Diego   ,Single Family (1-4 Units):Site-Built,256712.0,175000.0,68.17,Standard Risk (<=80%)
5036810,MN,Carlton    ,Single Family (1-4 Units):Site-Built,396104.0,305000.0,77.0,Standard Risk (<=80%)
5036833,WY,Park    ,Single Family (1-4 Units):Site-Built,291368.0,215000.0,73.79,Standard Risk (<=80%)
5036913,AZ,Maricopa    ,Single Family (1-4 Units):Site-Built,528524.0,315000.0,59.6,Standard Risk (<=80%)
5037043,CA,Sacramento    ,Single Family (1-4 Units):Site-Built,493750.0,395000.0,80.0,Standard Risk (<=80%)
5037071,CA,Los Angeles   ,Single Family (1-4 Units):Site-Built,859336.0,515000.0,59.93,Standard Risk (<=80%)
5037144,CA,Los Angeles   ,Single Family (1-4 Units):Site-Built,618750.0,495000.0,80.0,Standard Risk (<=80%)
5037274,CA,Santa Clara   ,Single Family (1-4 Units):Site-Built,1845315.0,575000.0,31.16,Standard Risk (<=80%)
5037310,TX,Denton    ,Single Family (1-4 Units):Site-Built,388889.0,245000.0,63.0,Standard Risk (<=80%)
5037324,OH,Medina    ,Single Family (1-4 Units):Site-Built,207694.0,115000.0,55.37,Standard Risk (<=80%)
5037340,CO,El Paso   ,Single Family (1-4 Units):Site-Built,213236.0,145000.0,68.0,Standard Risk (<=80%)
5037382,CA,Los Angeles   ,Single Family (1-4 Units):Site-Built,624777.0,525000.0,84.03,High Risk (>80%)
5037429,TX,Comal    ,Single Family (1-4 Units):Site-Built,243750.0,195000.0,80.0,Standard Risk (<=80%)
5037507,CA,Santa Clara   ,Single Family (1-4 Units):Site-Built,992494.0,595000.0,59.95,Standard Risk (<=80%)
5037594,MD,Harford    ,Single Family (1-4 Units):Site-Built,216160.0,145000.0,67.08,Standard Risk (<=80%)
5037621,LA,East Baton Rouge Parish ,Single Family (1-4 Units):Site-Built,295239.0,155000.0,52.5,Standard Risk (<=80%)
5024227,NC,Brunswick    ,Single Family (1-4 Units):Site-Built,311765.0,265000.0,85.0,High Risk (>80%)
5024364,CA,Ventura    ,Single Family (1-4 Units):Site-Built,944376.0,455000.0,48.18,Standard Risk (<=80%)
5024382,CA,Riverside    ,Single Family (1-4 Units):Site-Built,327054.0,125000.0,38.22,Standard Risk (<=80%)
5024384,OH,Cuyahoga    ,Single Family (1-4 Units):Site-Built,234375.0,75000.0,32.0,Standard Risk (<=80%)
5024385,NV,Clark    ,Single Family (1-4 Units):Site-Built,653527.0,315000.0,48.2,Standard Risk (<=80%)
5024393,CA,San Diego   ,Single Family (1-4 Units):Site-Built,2346335.0,1475000.0,62.86,Standard Risk (<=80%)
5024486,VA,Loudoun    ,Single Family (1-4 Units):Site-Built,788136.0,465000.0,59.0,Standard Risk (<=80%)
5024512,MN,Fillmore    ,Single Family (1-4 Units):Site-Built,167038.0,105000.0,62.86,Standard Risk (<=80%)
5024559,MI,St. Clair   ,Single Family (1-4 Units):Site-Built,199067.0,145000.0,72.84,Standard Risk (<=80%)
5024568,MI,Oakland    ,Single Family (1-4 Units):Site-Built,276342.0,155000.0,56.09,Standard Risk (<=80%)
5024615,CA,Los Angeles   ,Single Family (1-4 Units):Site-Built,640649.0,435000.0,67.9,Standard Risk (<=80%)
5024617,MN,Ramsey    ,Single Family (1-4 Units):Site-Built,268422.0,255000.0,95.0,High Risk (>80%)
5024668,OR,Washington    ,Single Family (1-4 Units):Site-Built,354658.0,265000.0,74.72,Standard Risk (<=80%)
5024689,NY,Erie    ,Single Family (1-4 Units):Site-Built,260024.0,155000.0,59.61,Standard Risk (<=80%)
5024724,CA,San Diego   ,Single Family (1-4 Units):Site-Built,680154.0,585000.0,86.01,High Risk (>80%)
5024845,CA,Los Angeles   ,Single Family (1-4 Units):Site-Built,331250.0,265000.0,80.0,Standard Risk (<=80%)
5024902,SC,Richland    ,Single Family (1-4 Units):Site-Built,196159.0,145000.0,73.92,Standard Risk (<=80%)
5024995,CA,San Francisco   ,Single Family (1-4 Units):Site-Built,1500131.0,575000.0,38.33,Standard Risk (<=80%)
5025029,FL,Pinellas    ,Single Family (1-4 Units):Site-Built,152098.0,95000.0,62.46,Standard Risk (<=80%)
5025122,CA,Ventura    ,Single Family (1-4 Units):Site-Built,940000.0,705000.0,75.0,Standard Risk (<=80%)
5025201,CA,Los Angeles   ,Single Family (1-4 Units):Site-Built,398667.0,275000.0,68.98,Standard Risk (<=80%)
5025204,NC,Cabarrus    ,Single Family (1-4 Units):Site-Built,560576.0,335000.0,59.76,Standard Risk (<=80%)
5025224,TX,Tarrant    ,Single Family (1-4 Units):Site-Built,581250.0,465000.0,80.0,Standard Risk (<=80%)
5025225,FL,Leon    ,Single Family (1-4 Units):Site-Built,480890.0,385000.0,80.06,High Risk (>80%)
5025235,MA,Middlesex    ,Single Family (1-4 Units):Site-Built,552632.0,315000.0,57.0,Standard Risk (<=80%)
5025261,NC,Forsyth    ,Single Family (1-4 Units):Site-Built,233232.0,145000.0,62.17,Standard Risk (<=80%)
5025320,AZ,Maricopa    ,Single Family (1-4 Units):Site-Built,409091.0,225000.0,55.0,Standard Risk (<=80%)
5025367,CA,San Francisco   ,Single Family (1-4 Units):Site-Built,2275003.0,1795000.0,78.9,Standard Risk (<=80%)
5025413,MI,Newaygo    ,Single Family (1-4 Units):Site-Built,329169.0,245000.0,74.43,Standard Risk (<=80%)
5025445,NY,Queens    ,Single Family (1-4 Units):Site-Built,730166.0,335000.0,45.88,Standard Risk (<=80%)
5025511,GA,Hall    ,Single Family (1-4 Units):Site-Built,955358.0,535000.0,56.0,Standard Risk (<=80%)
5025598,NV,Clark    ,Single Family (1-4 Units):Site-Built,355401.0,255000.0,71.75,Standard Risk (<=80%)
5025602,NJ,Mercer    ,Single Family (1-4 Units):Site-Built,725239.0,175000.0,24.13,Standard Risk (<=80%)
5025778,IL,Cook    ,Single Family (1-4 Units):Site-Built,168750.0,135000.0,80.0,Standard Risk (<=80%)
5025869,CA,San Bernardino   ,Single Family (1-4 Units):Site-Built,1273654.0,945000.0,74.2,Standard Risk (<=80%)
5025878,MI,Wayne    ,Single Family (1-4 Units):Site-Built,694809.0,265000.0,38.14,Standard Risk (<=80%)
5025942,FL,Orange    ,Single Family (1-4 Units):Site-Built,456250.0,365000.0,80.0,Standard Risk (<=80%)
5025985,MI,Osceola    ,Single Family (1-4 Units):Site-Built,131250.0,105000.0,80.0,Standard Risk (<=80%)
5025996,IL,Kane    ,Single Family (1-4 Units):Site-Built,531250.0,425000.0,80.0,Standard Risk (<=80%)
5026209,MI,Oakland    ,Single Family (1-4 Units):Site-Built,245099.0,135000.0,55.08,Standard Risk (<=80%)
5026213,AZ,Maricopa    ,Single Family (1-4 Units):Site-Built,295609.0,175000.0,59.2,Standard Risk (<=80%)
5026310,MT,Carbon    ,Single Family (1-4 Units):Site-Built,398868.0,155000.0,38.86,Standard Risk (<=80%)
5026343,MA,Middlesex    ,Single Family (1-4 Units):Site-Built,693375.0,405000.0,58.41,Standard Risk (<=80%)
5026384,CO,El Paso   ,Single Family (1-4 Units):Site-Built,573336.0,335000.0,58.43,Standard Risk (<=80%)
5026409,GA,Cobb    ,Single Family (1-4 Units):Site-Built,634607.0,545000.0,85.88,High Risk (>80%)
5026539,WA,King    ,Single Family (1-4 Units):Site-Built,991650.0,475000.0,47.9,Standard Risk (<=80%)
5026544,OR,Deschutes    ,Single Family (1-4 Units):Site-Built,922734.0,455000.0,49.31,Standard Risk (<=80%)
5026619,SC,Richland    ,Single Family (1-4 Units):Site-Built,91800.0,75000.0,81.7,High Risk (>80%)
5026687,CA,Merced    ,Single Family (1-4 Units):Site-Built,331799.0,245000.0,73.84,Standard Risk (<=80%)
5026756,NY,Queens    ,Single Family (1-4 Units):Site-Built,735295.0,625000.0,85.0,High Risk (>80%)
5026909,RI,Providence    ,Single Family (1-4 Units):Site-Built,310016.0,195000.0,62.9,Standard Risk (<=80%)
5027057,VA,Loudoun    ,Single Family (1-4 Units):Site-Built,647437.0,615000.0,94.99,High Risk (>80%)
5027065,OH,Darke    ,Single Family (1-4 Units):Site-Built,220000.0,165000.0,75.0,Standard Risk (<=80%)
5027147,CA,Orange    ,Single Family (1-4 Units):Site-Built,556250.0,445000.0,80.0,Standard Risk (<=80%)
5027211,CA,Los Angeles   ,Single Family (1-4 Units):Site-Built,730111.0,435000.0,59.58,Standard Risk (<=80%)
5027317,FL,Lee    ,Single Family (1-4 Units):Site-Built,283506.0,275000.0,97.0,High Risk (>80%)
5027349,NJ,Monmouth    ,Single Family (1-4 Units):Site-Built,291667.0,245000.0,84.0,High Risk (>80%)
5027439,TX,Harris    ,Single Family (1-4 Units):Site-Built,464094.0,285000.0,61.41,Standard Risk (<=80%)
5027470,CT,New Haven   ,Single Family (1-4 Units):Site-Built,255050.0,125000.0,49.01,Standard Risk (<=80%)
5027552,CA,Modoc    ,Single Family (1-4 Units):Site-Built,169164.0,105000.0,62.07,Standard Risk (<=80%)
5027557,NY,Essex    ,Single Family (1-4 Units):Site-Built,272566.0,215000.0,78.88,Standard Risk (<=80%)
5027573,TX,Collin    ,Single Family (1-4 Units):Site-Built,1672293.0,545000.0,32.59,Standard Risk (<=80%)
5027591,MA,Barnstable    ,Single Family (1-4 Units):Site-Built,754238.0,445000.0,59.0,Standard Risk (<=80%)
5027595,MI,Macomb    ,Single Family (1-4 Units):Site-Built,401640.0,245000.0,61.0,Standard Risk (<=80%)
5027630,GA,Fulton    ,Single Family (1-4 Units):Site-Built,431035.0,215000.0,49.88,Standard Risk (<=80%)
5027633,TN,Rutherford    ,Single Family (1-4 Units):Site-Built,281250.0,225000.0,80.0,Standard Risk (<=80%)
5027671,MN,Dakota    ,Single Family (1-4 Units):Site-Built,353026.0,245000.0,69.4,Standard Risk (<=80%)
5027686,TX,Travis    ,Single Family (1-4 Units):Site-Built,241667.0,145000.0,60.0,Standard Risk (<=80%)
5027768,NC,Chatham    ,Single Family (1-4 Units):Site-Built,654561.0,465000.0,71.04,Standard Risk (<=80%)
5027804,TX,Williamson    ,Single Family (1-4 Units):Site-Built,498339.0,315000.0,63.21,Standard Risk (<=80%)
5027868,GA,Floyd    ,Single Family (1-4 Units):Site-Built,189902.0,85000.0,44.76,Standard Risk (<=80%)
5027902,MN,Hennepin    ,Single Family (1-4 Units):Site-Built,243687.0,165000.0,67.71,Standard Risk (<=80%)
5027987,WA,Clark    ,Single Family (1-4 Units):Site-Built,497119.0,345000.0,69.4,Standard Risk (<=80%)
5028009,CA,Santa Clara   ,Single Family (1-4 Units):Site-Built,1387932.0,805000.0,58.0,Standard Risk (<=80%)
5028049,IL,Cook    ,Single Family (1-4 Units):Site-Built,433794.0,305000.0,70.31,Standard Risk (<=80%)
5028097,CA,San Diego   ,Single Family (1-4 Units):Site-Built,977048.0,315000.0,32.24,Standard Risk (<=80%)
5028201,WY,Laramie    ,Single Family (1-4 Units):Site-Built,218750.0,175000.0,80.0,Standard Risk (<=80%)
5028228,CT,Middlesex    ,Single Family (1-4 Units):Site-Built,121742.0,85000.0,69.82,Standard Risk (<=80%)
5028306,IL,DuPage    ,Single Family (1-4 Units):Site-Built,316177.0,215000.0,68.0,Standard Risk (<=80%)
5028334,CA,Los Angeles   ,Single Family (1-4 Units):Site-Built,1383726.0,335000.0,24.21,Standard Risk (<=80%)
5028487,NY,Queens    ,Single Family (1-4 Units):Site-Built,1255330.0,265000.0,21.11,Standard Risk (<=80%)
5028492,AZ,Mohave    ,Single Family (1-4 Units):Site-Built,170103.0,85000.0,49.97,Standard Risk (<=80%)
5028504,CA,San Diego   ,Single Family (1-4 Units):Site-Built,651447.0,545000.0,83.66,High Risk (>80%)
5028505,NV,Clark    ,Single Family (1-4 Units):Site-Built,384058.0,265000.0,69.0,Standard Risk (<=80%)
5028524,MI,Oakland    ,Single Family (1-4 Units):Site-Built,951613.0,295000.0,31.0,Standard Risk (<=80%)
5028533,CA,El Dorado   ,Single Family (1-4 Units):Site-Built,635225.0,365000.0,57.46,Standard Risk (<=80%)
5028544,LA,Bossier Parish   ,Single Family (1-4 Units):Site-Built,477999.0,365000.0,76.36,Standard Risk (<=80%)
5028590,CA,San Bernardino   ,Single Family (1-4 Units):Site-Built,575689.0,305000.0,52.98,Standard Risk (<=80%)
5028603,AL,Calhoun    ,Single Family (1-4 Units):Site-Built,175000.0,105000.0,60.0,Standard Risk (<=80%)
5028692,NM,Bernalillo    ,Single Family (1-4 Units):Site-Built,251365.0,175000.0,69.62,Standard Risk (<=80%)
5028719,FL,Palm Beach   ,Single Family (1-4 Units):Site-Built,400326.0,295000.0,73.69,Standard Risk (<=80%)
5028850,CO,Jefferson    ,Single Family (1-4 Units):Site-Built,512500.0,205000.0,40.0,Standard Risk (<=80%)
5028996,NM,Sandoval    ,Single Family (1-4 Units):Site-Built,246667.0,185000.0,75.0,Standard Risk (<=80%)
5029029,NV,Lyon    ,Single Family (1-4 Units):Site-Built,597209.0,415000.0,69.49,Standard Risk (<=80%)
5029073,NY,Steuben    ,Single Family (1-4 Units):Site-Built,150000.0,135000.0,90.0,High Risk (>80%)
5029085,MA,Middlesex    ,Single Family (1-4 Units):Site-Built,581250.0,465000.0,80.0,Standard Risk (<=80%)
5029192,FL,Pinellas    ,Single Family (1-4 Units):Site-Built,323183.0,225000.0,69.62,Standard Risk (<=80%)
5029226,OH,Champaign    ,Single Family (1-4 Units):Site-Built,142106.0,135000.0,95.0,High Risk (>80%)
5029349,NY,Monroe    ,Single Family (1-4 Units):Site-Built,166667.0,125000.0,75.0,Standard Risk (<=80%)
5029377,MD,Montgomery    ,Single Family (1-4 Units):Site-Built,401361.0,295000.0,73.5,Standard Risk (<=80%)
5029424,NH,Hillsborough    ,Single Family (1-4 Units):Site-Built,358696.0,165000.0,46.0,Standard Risk (<=80%)
5029528,PA,Lancaster    ,Single Family (1-4 Units):Site-Built,340548.0,225000.0,66.07,Standard Risk (<=80%)
5029561,OH,Cuyahoga    ,Single Family (1-4 Units):Site-Built,142858.0,105000.0,73.5,Standard Risk (<=80%)
5029583,FL,Miami-Dade,Single Family (1-4 Units):Site-Built,769682.0,525000.0,68.21,Standard Risk (<=80%)
5029591,TN,Hamilton    ,Single Family (1-4 Units):Site-Built,160609.0,95000.0,59.15,Standard Risk (<=80%)
5029605,MA,Middlesex    ,Single Family (1-4 Units):Site-Built,605154.0,465000.0,76.84,Standard Risk (<=80%)
5029646,AZ,Yuma    ,Single Family (1-4 Units):Site-Built,225000.0,135000.0,60.0,Standard Risk (<=80%)
5029749,CA,San Diego   ,Single Family (1-4 Units):Site-Built,873334.0,655000.0,75.0,Standard Risk (<=80%)
5029959,TN,Shelby    ,Single Family (1-4 Units):Site-Built,224619.0,125000.0,55.65,Standard Risk (<=80%)
5029998,TN,Franklin    ,Single Family (1-4 Units):Site-Built,217621.0,165000.0,75.82,Standard Risk (<=80%)
5030045,MS,Tishomingo    ,Single Family (1-4 Units):Site-Built,221032.0,165000.0,74.65,Standard Risk (<=80%)
5030052,TX,Johnson    ,Single Family (1-4 Units):Site-Built,300000.0,165000.0,55.0,Standard Risk (<=80%)
5030073,WA,Clallam    ,Single Family (1-4 Units):Site-Built,416983.0,165000.0,39.57,Standard Risk (<=80%)
5030173,CA,Placer    ,Single Family (1-4 Units):Site-Built,630426.0,305000.0,48.38,Standard Risk (<=80%)
5030182,FL,Leon    ,Single Family (1-4 Units):Site-Built,236052.0,165000.0,69.9,Standard Risk (<=80%)
5030303,IL,DeKalb    ,Single Family (1-4 Units):Site-Built,300931.0,165000.0,54.83,Standard Risk (<=80%)
5030307,OH,Ashland    ,Single Family (1-4 Units):Site-Built,231309.0,155000.0,67.01,Standard Risk (<=80%)
5030316,MO,Callaway    ,Single Family (1-4 Units):Site-Built,464353.0,325000.0,69.99,Standard Risk (<=80%)
5030323,MI,Wayne    ,Single Family (1-4 Units):Site-Built,211587.0,145000.0,68.53,Standard Risk (<=80%)
5030394,ID,Lincoln    ,Single Family (1-4 Units):Site-Built,346535.0,105000.0,30.3,Standard Risk (<=80%)
5030406,WI,Dane    ,Single Family (1-4 Units):Site-Built,308220.0,225000.0,73.0,Standard Risk (<=80%)
5030452,NC,Mecklenburg    ,Single Family (1-4 Units):Site-Built,399567.0,295000.0,73.83,Standard Risk (<=80%)
5030656,SC,Lancaster    ,Single Family (1-4 Units):Site-Built,368200.0,245000.0,66.54,Standard Risk (<=80%)
5030740,NJ,Gloucester    ,Single Family (1-4 Units):Site-Built,286765.0,195000.0,68.0,Standard Risk (<=80%)
5030861,GA,Upson    ,Single Family (1-4 Units):Site-Built,256250.0,205000.0,80.0,Standard Risk (<=80%)
5031067,FL,Charlotte    ,Single Family (1-4 Units):Site-Built,214286.0,165000.0,77.0,Standard Risk (<=80%)
5031160,CA,Contra Costa   ,Single Family (1-4 Units):Site-Built,531250.0,425000.0,80.0,Standard Risk (<=80%)
5031196,NJ,Sussex    ,Single Family (1-4 Units):Site-Built,556250.0,445000.0,80.0,Standard Risk (<=80%)
5031293,OH,Hancock    ,Single Family (1-4 Units):Site-Built,450000.0,405000.0,90.0,High Risk (>80%)
5031298,FL,Duval    ,Single Family (1-4 Units):Site-Built,206667.0,155000.0,75.0,Standard Risk (<=80%)
5031303,WV,Monongalia    ,Single Family (1-4 Units):Site-Built,465839.0,135000.0,28.98,Standard Risk (<=80%)
5031331,MO,Jackson    ,Single Family (1-4 Units):Site-Built,380000.0,285000.0,75.0,Standard Risk (<=80%)
5031475,TX,El Paso   ,Single Family (1-4 Units):Site-Built,406250.0,325000.0,80.0,Standard Risk (<=80%)
5031602,KY,Bell    ,Single Family (1-4 Units):Site-Built,149485.0,145000.0,97.0,High Risk (>80%)
5031709,TX,Tarrant    ,Single Family (1-4 Units):Site-Built,232599.0,135000.0,58.04,Standard Risk (<=80%)
5031740,NC,Craven    ,Single Family (1-4 Units):Site-Built,140000.0,105000.0,75.0,Standard Risk (<=80%)
5031751,CA,Riverside    ,Single Family (1-4 Units):Site-Built,381250.0,305000.0,80.0,Standard Risk (<=80%)
5031762,GA,Forsyth    ,Single Family (1-4 Units):Site-Built,575000.0,345000.0,60.0,Standard Risk (<=80%)
5031796,KY,Boone    ,Single Family (1-4 Units):Site-Built,372983.0,275000.0,73.73,Standard Risk (<=80%)
5031849,NY,Suffolk    ,Single Family (1-4 Units):Site-Built,498675.0,395000.0,79.21,Standard Risk (<=80%)
5031919,GA,Fulton    ,Single Family (1-4 Units):Site-Built,383334.0,345000.0,90.0,High Risk (>80%)
5031932,FL,Broward    ,Single Family (1-4 Units):Site-Built,591328.0,225000.0,38.05,Standard Risk (<=80%)
5032102,FL,Miami-Dade,Single Family (1-4 Units):Site-Built,455358.0,255000.0,56.0,Standard Risk (<=80%)
5032136,OH,Summit    ,Single Family (1-4 Units):Site-Built,239180.0,105000.0,43.9,Standard Risk (<=80%)
5032170,AZ,Maricopa    ,Single Family (1-4 Units):Site-Built,391277.0,305000.0,77.95,Standard Risk (<=80%)
5032174,VA,Prince William   ,Single Family (1-4 Units):Site-Built,577187.0,295000.0,51.11,Standard Risk (<=80%)
5032253,KS,Johnson    ,Single Family (1-4 Units):Site-Built,268422.0,255000.0,95.0,High Risk (>80%)
5032365,AZ,Mohave    ,Single Family (1-4 Units):Site-Built,423876.0,245000.0,57.8,Standard Risk (<=80%)
5032366,NC,Wake    ,Single Family (1-4 Units):Site-Built,410723.0,285000.0,69.39,Standard Risk (<=80%)
5032451,MN,Cass    ,Single Family (1-4 Units):Site-Built,426566.0,325000.0,76.19,Standard Risk (<=80%)
5032480,IN,Tippecanoe    ,Single Family (1-4 Units):Site-Built,372223.0,335000.0,90.0,High Risk (>80%)
5032744,CA,Los Angeles   ,Single Family (1-4 Units):Site-Built,576620.0,365000.0,63.3,Standard Risk (<=80%)
5032751,VA,Prince William   ,Single Family (1-4 Units):Site-Built,371849.0,205000.0,55.13,Standard Risk (<=80%)
5032831,SC,Dorchester    ,Single Family (1-4 Units):Site-Built,536638.0,405000.0,75.47,Standard Risk (<=80%)
5032973,LA,Jefferson Parish   ,Single Family (1-4 Units):Site-Built,546485.0,415000.0,75.94,Standard Risk (<=80%)
5032979,MI,Macomb    ,Single Family (1-4 Units):Site-Built,256508.0,135000.0,52.63,Standard Risk (<=80%)
5033006,MA,Essex    ,Single Family (1-4 Units):Site-Built,475000.0,285000.0,60.0,Standard Risk (<=80%)
5033034,CA,San Bernardino   ,Single Family (1-4 Units):Site-Built,437515.0,195000.0,44.57,Standard Risk (<=80%)
5033044,IL,Kendall    ,Single Family (1-4 Units):Site-Built,254066.0,75000.0,29.52,Standard Risk (<=80%)
5033129,FL,Palm Beach   ,Single Family (1-4 Units):Site-Built,284135.0,185000.0,65.11,Standard Risk (<=80%)
5033373,PA,York    ,Single Family (1-4 Units):Site-Built,138889.0,125000.0,90.0,High Risk (>80%)
5033405,CA,Contra Costa   ,Single Family (1-4 Units):Site-Built,990242.0,345000.0,34.84,Standard Risk (<=80%)
5033445,OR,Washington    ,Single Family (1-4 Units):Site-Built,264956.0,225000.0,84.92,High Risk (>80%)
5033457,GA,Forsyth    ,Single Family (1-4 Units):Site-Built,457318.0,315000.0,68.88,Standard Risk (<=80%)
5033480,CA,Merced    ,Single Family (1-4 Units):Site-Built,278462.0,215000.0,77.21,Standard Risk (<=80%)
5033586,TX,Collin    ,Single Family (1-4 Units):Site-Built,472223.0,425000.0,90.0,High Risk (>80%)
5033606,CO,Broomfield,Single Family (1-4 Units):Site-Built,1174419.0,505000.0,43.0,Standard Risk (<=80%)
5033609,IL,DeKalb    ,Single Family (1-4 Units):Site-Built,118557.0,115000.0,97.0,High Risk (>80%)
5033650,WA,Whatcom    ,Single Family (1-4 Units):Site-Built,553334.0,415000.0,75.0,Standard Risk (<=80%)
5033662,OH,Summit    ,Single Family (1-4 Units):Site-Built,162449.0,95000.0,58.48,Standard Risk (<=80%)
5033759,NC,Gaston    ,Single Family (1-4 Units):Site-Built,376180.0,295000.0,78.42,Standard Risk (<=80%)
5033842,MI,Oakland    ,Single Family (1-4 Units):Site-Built,171709.0,105000.0,61.15,Standard Risk (<=80%)
5033883,NC,Wake    ,Single Family (1-4 Units):Site-Built,245954.0,155000.0,63.02,Standard Risk (<=80%)
5033975,IN,Marion    ,Single Family (1-4 Units):Site-Built,491968.0,245000.0,49.8,Standard Risk (<=80%)
5034010,AL,Madison    ,Single Family (1-4 Units):Site-Built,95127.0,65000.0,68.33,Standard Risk (<=80%)
5034072,WI,Jefferson    ,Single Family (1-4 Units):Site-Built,242898.0,165000.0,67.93,Standard Risk (<=80%)
5034119,MT,Missoula    ,Single Family (1-4 Units):Site-Built,460931.0,105000.0,22.78,Standard Risk (<=80%)
5034154,NC,Granville    ,Single Family (1-4 Units):Site-Built,285566.0,165000.0,57.78,Standard Risk (<=80%)
5034165,NE,Dodge    ,Single Family (1-4 Units):Site-Built,182540.0,115000.0,63.0,Standard Risk (<=80%)
5034244,CA,Solano    ,Single Family (1-4 Units):Site-Built,406759.0,325000.0,79.9,Standard Risk (<=80%)
5034333,AL,Madison    ,Single Family (1-4 Units):Site-Built,324562.0,185000.0,57.0,Standard Risk (<=80%)
5034372,MI,Oakland    ,Single Family (1-4 Units):Site-Built,578572.0,405000.0,70.0,Standard Risk (<=80%)
5034479,CA,Riverside    ,Single Family (1-4 Units):Site-Built,610071.0,355000.0,58.19,Standard Risk (<=80%)
5034522,MD,Anne Arundel   ,Single Family (1-4 Units):Site-Built,295430.0,265000.0,89.7,High Risk (>80%)
5034539,FL,Brevard    ,Single Family (1-4 Units):Site-Built,206667.0,155000.0,75.0,Standard Risk (<=80%)
5034669,TX,Collin    ,Single Family (1-4 Units):Site-Built,374126.0,155000.0,41.43,Standard Risk (<=80%)
5034684,TX,Tarrant    ,Single Family (1-4 Units):Site-Built,408932.0,315000.0,77.03,Standard Risk (<=80%)
5034740,MI,Oakland    ,Single Family (1-4 Units):Site-Built,180413.0,175000.0,97.0,High Risk (>80%)
5034769,VA,Orange    ,Single Family (1-4 Units):Site-Built,321521.0,225000.0,69.98,Standard Risk (<=80%)
5034910,SC,Greenville    ,Single Family (1-4 Units):Site-Built,299402.0,235000.0,78.49,Standard Risk (<=80%)
5034982,VA,Roanoke    ,Single Family (1-4 Units):Site-Built,408879.0,245000.0,59.92,Standard Risk (<=80%)
5035056,NM,Bernalillo    ,Single Family (1-4 Units):Site-Built,325521.0,225000.0,69.12,Standard Risk (<=80%)
5035124,WI,Waukesha    ,Single Family (1-4 Units):Site-Built,613953.0,455000.0,74.11,Standard Risk (<=80%)
5035126,NJ,Middlesex    ,Single Family (1-4 Units):Site-Built,656250.0,525000.0,80.0,Standard Risk (<=80%)
5035264,CO,Boulder    ,Single Family (1-4 Units):Site-Built,1526807.0,655000.0,42.9,Standard Risk (<=80%)
5035283,MN,Anoka    ,Single Family (1-4 Units):Site-Built,821230.0,735000.0,89.5,High Risk (>80%)
5035302,VA,Norfolk city   ,Single Family (1-4 Units):Site-Built,328877.0,305000.0,92.74,High Risk (>80%)
5035362,MN,St. Louis   ,Single Family (1-4 Units):Site-Built,239314.0,145000.0,60.59,Standard Risk (<=80%)
5035375,CO,Jefferson    ,Single Family (1-4 Units):Site-Built,1124185.0,665000.0,59.15,Standard Risk (<=80%)
5035384,FL,Martin    ,Single Family (1-4 Units):Site-Built,310263.0,195000.0,62.85,Standard Risk (<=80%)
5035446,FL,Pasco    ,Single Family (1-4 Units):Site-Built,289161.0,175000.0,60.52,Standard Risk (<=80%)
5035464,NJ,Warren    ,Single Family (1-4 Units):Site-Built,427632.0,325000.0,76.0,Standard Risk (<=80%)
5035755,TX,Collin    ,Single Family (1-4 Units):Site-Built,415032.0,275000.0,66.26,Standard Risk (<=80%)
5035772,TX,Tarrant    ,Single Family (1-4 Units):Site-Built,427231.0,305000.0,71.39,Standard Risk (<=80%)
5035858,NM,Sierra    ,Single Family (1-4 Units):Site-Built,220000.0,165000.0,75.0,Standard Risk (<=80%)
5035938,WA,Snohomish    ,Single Family (1-4 Units):Site-Built,627487.0,205000.0,32.67,Standard Risk (<=80%)
5035994,NY,Saratoga    ,Single Family (1-4 Units):Site-Built,351255.0,245000.0,69.75,Standard Risk (<=80%)
5036061,TX,Dallas    ,Single Family (1-4 Units):Site-Built,258334.0,155000.0,60.0,Standard Risk (<=80%)
5036081,GA,DeKalb    ,Single Family (1-4 Units):Site-Built,286998.0,115000.0,40.07,Standard Risk (<=80%)
5036121,WA,King    ,Single Family (1-4 Units):Site-Built,1182693.0,615000.0,52.0,Standard Risk (<=80%)
5036241,IL,Cook    ,Single Family (1-4 Units):Site-Built,493750.0,395000.0,80.0,Standard Risk (<=80%)
5036301,CA,Marin    ,Single Family (1-4 Units):Site-Built,1241072.0,695000.0,56.0,Standard Risk (<=80%)
5036310,CA,Sacramento    ,Single Family (1-4 Units):Site-Built,606250.0,485000.0,80.0,Standard Risk (<=80%)
5036320,CT,Hartford    ,Single Family (1-4 Units):Site-Built,292858.0,205000.0,70.0,Standard Risk (<=80%)
5036323,CO,Douglas    ,Single Family (1-4 Units):Site-Built,450970.0,235000.0,52.11,Standard Risk (<=80%)
5036490,CA,El Dorado   ,Single Family (1-4 Units):Site-Built,407046.0,275000.0,67.56,Standard Risk (<=80%)
5036532,MI,Wayne    ,Single Family (1-4 Units):Site-Built,188395.0,75000.0,39.81,Standard Risk (<=80%)
5036537,CT,New Haven   ,Single Family (1-4 Units):Site-Built,218477.0,175000.0,80.1,High Risk (>80%)
5036545,WA,Snohomish    ,Single Family (1-4 Units):Site-Built,617648.0,525000.0,85.0,High Risk (>80%)
5036606,SC,Greenville    ,Single Family (1-4 Units):Site-Built,222191.0,155000.0,69.76,Standard Risk (<=80%)
5036633,CA,Los Angeles   ,Single Family (1-4 Units):Site-Built,598215.0,335000.0,56.0,Standard Risk (<=80%)
5036662,WA,Spokane    ,Single Family (1-4 Units):Site-Built,378572.0,265000.0,70.0,Standard Risk (<=80%)
5036684,NY,Orange    ,Single Family (1-4 Units):Site-Built,331643.0,255000.0,76.89,Standard Risk (<=80%)
5036739,NH,Rockingham    ,Single Family (1-4 Units):Site-Built,692696.0,275000.0,39.7,Standard Risk (<=80%)
5036880,NY,Monroe    ,Single Family (1-4 Units):Site-Built,154412.0,105000.0,68.0,Standard Risk (<=80%)
5037000,MI,Calhoun    ,Single Family (1-4 Units):Site-Built,217163.0,165000.0,75.98,Standard Risk (<=80%)
5037009,VA,Fairfax    ,Single Family (1-4 Units):Site-Built,783798.0,625000.0,79.74,Standard Risk (<=80%)
5037018,NV,Clark    ,Single Family (1-4 Units):Site-Built,280980.0,195000.0,69.4,Standard Risk (<=80%)
5037078,CA,Ventura    ,Single Family (1-4 Units):Site-Built,568532.0,185000.0,32.54,Standard Risk (<=80%)
5037097,CO,Park    ,Single Family (1-4 Units):Site-Built,435823.0,255000.0,58.51,Standard Risk (<=80%)
5037171,IL,Cook    ,Single Family (1-4 Units):Site-Built,268750.0,215000.0,80.0,Standard Risk (<=80%)
5037288,NY,Fulton    ,Single Family (1-4 Units):Site-Built,310009.0,175000.0,56.45,Standard Risk (<=80%)
5037374,TX,Orange    ,Single Family (1-4 Units):Site-Built,246384.0,155000.0,62.91,Standard Risk (<=80%)
5037434,IL,Cook    ,Single Family (1-4 Units):Site-Built,381250.0,305000.0,80.0,Standard Risk (<=80%)
5037532,CA,Orange    ,Single Family (1-4 Units):Site-Built,1403969.0,375000.0,26.71,Standard Risk (<=80%)
5037540,MD,Baltimore    ,Single Family (1-4 Units):Site-Built,762150.0,505000.0,66.26,Standard Risk (<=80%)
5037590,VA,Arlington    ,Single Family (1-4 Units):Site-Built,680059.0,325000.0,47.79,Standard Risk (<=80%)
5024023,MA,Essex    ,Single Family (1-4 Units):Site-Built,556749.0,415000.0,74.54,Standard Risk (<=80%)
5024073,PA,Chester    ,Single Family (1-4 Units):Site-Built,314103.0,245000.0,78.0,Standard Risk (<=80%)
5024274,NC,Harnett    ,Single Family (1-4 Units):Site-Built,201507.0,115000.0,57.07,Standard Risk (<=80%)
5024527,CA,Los Angeles   ,Single Family (1-4 Units):Site-Built,894763.0,545000.0,60.91,Standard Risk (<=80%)
5024543,IA,Jefferson    ,Single Family (1-4 Units):Site-Built,190722.0,185000.0,97.0,High Risk (>80%)
5024578,MI,Wayne    ,Single Family (1-4 Units):Site-Built,138889.0,125000.0,90.0,High Risk (>80%)
5024587,FL,Sarasota    ,Single Family (1-4 Units):Site-Built,334487.0,145000.0,43.35,Standard Risk (<=80%)
5024782,OH,Greene    ,Single Family (1-4 Units):Site-Built,262500.0,105000.0,40.0,Standard Risk (<=80%)
5024828,MA,Essex    ,Single Family (1-4 Units):Site-Built,425000.0,255000.0,60.0,Standard Risk (<=80%)
5024863,CO,Arapahoe    ,Single Family (1-4 Units):Site-Built,219663.0,185000.0,84.22,High Risk (>80%)
5025010,ME,Cumberland    ,Single Family (1-4 Units):Site-Built,435715.0,305000.0,70.0,Standard Risk (<=80%)
5025086,MO,Lafayette    ,Single Family (1-4 Units):Site-Built,476563.0,305000.0,64.0,Standard Risk (<=80%)
5025133,FL,Pasco    ,Single Family (1-4 Units):Site-Built,262821.0,205000.0,78.0,Standard Risk (<=80%)
5025173,CA,Alameda    ,Single Family (1-4 Units):Site-Built,660106.0,275000.0,41.66,Standard Risk (<=80%)
5025193,OR,Baker    ,Single Family (1-4 Units):Site-Built,273585.0,145000.0,53.0,Standard Risk (<=80%)
5025258,MS,Rankin    ,Single Family (1-4 Units):Site-Built,143750.0,115000.0,80.0,Standard Risk (<=80%)
5025277,CA,Fresno    ,Single Family (1-4 Units):Site-Built,705040.0,305000.0,43.26,Standard Risk (<=80%)
5025383,MI,Oakland    ,Single Family (1-4 Units):Site-Built,256250.0,205000.0,80.0,Standard Risk (<=80%)
5025447,TX,Galveston    ,Single Family (1-4 Units):Site-Built,446188.0,165000.0,36.98,Standard Risk (<=80%)
5025521,PA,Philadelphia    ,Single Family (1-4 Units):Site-Built,232524.0,155000.0,66.66,Standard Risk (<=80%)
5025544,MA,Barnstable    ,Single Family (1-4 Units):Site-Built,342631.0,285000.0,83.18,High Risk (>80%)
5025580,CA,Mendocino    ,Single Family (1-4 Units):Site-Built,485437.0,325000.0,66.95,Standard Risk (<=80%)
5025614,SC,Anderson    ,Single Family (1-4 Units):Site-Built,432594.0,275000.0,63.57,Standard Risk (<=80%)
5025683,MD,Carroll    ,Single Family (1-4 Units):Site-Built,235715.0,165000.0,70.0,Standard Risk (<=80%)
5025768,NV,Washoe    ,Single Family (1-4 Units):Site-Built,330509.0,195000.0,59.0,Standard Risk (<=80%)
5025774,MA,Middlesex    ,Single Family (1-4 Units):Site-Built,462825.0,155000.0,33.49,Standard Risk (<=80%)
5025807,IL,Franklin    ,Single Family (1-4 Units):Site-Built,243750.0,195000.0,80.0,Standard Risk (<=80%)
5025851,AR,Benton    ,Single Family (1-4 Units):Site-Built,406250.0,325000.0,80.0,Standard Risk (<=80%)
5025900,VA,Pittsylvania    ,Single Family (1-4 Units):Site-Built,140181.0,95000.0,67.77,Standard Risk (<=80%)
5025935,CA,Sacramento    ,Single Family (1-4 Units):Site-Built,550015.0,375000.0,68.18,Standard Risk (<=80%)
5025978,ME,York    ,Single Family (1-4 Units):Site-Built,312381.0,245000.0,78.43,Standard Risk (<=80%)
5026064,TN,Knox    ,Single Family (1-4 Units):Site-Built,311504.0,215000.0,69.02,Standard Risk (<=80%)
5026154,NY,Orange    ,Single Family (1-4 Units):Site-Built,505556.0,455000.0,90.0,High Risk (>80%)
5026160,NC,Wake    ,Single Family (1-4 Units):Site-Built,333171.0,205000.0,61.53,Standard Risk (<=80%)
5026184,WA,Kitsap    ,Single Family (1-4 Units):Site-Built,284553.0,245000.0,86.1,High Risk (>80%)
5026255,GA,Catoosa    ,Single Family (1-4 Units):Site-Built,347223.0,185000.0,53.28,Standard Risk (<=80%)
5026261,IL,Woodford    ,Single Family (1-4 Units):Site-Built,181160.0,125000.0,69.0,Standard Risk (<=80%)
5026270,MI,Ogemaw    ,Single Family (1-4 Units):Site-Built,220294.0,165000.0,74.9,Standard Risk (<=80%)
5026299,MA,Essex    ,Single Family (1-4 Units):Site-Built,470645.0,295000.0,62.68,Standard Risk (<=80%)
5026324,GA,Bibb    ,Single Family (1-4 Units):Site-Built,184244.0,145000.0,78.7,Standard Risk (<=80%)
5026325,TX,Tarrant    ,Single Family (1-4 Units):Site-Built,256945.0,185000.0,72.0,Standard Risk (<=80%)
5026389,AZ,Maricopa    ,Single Family (1-4 Units):Site-Built,563158.0,535000.0,95.0,High Risk (>80%)
5026439,CA,San Diego   ,Single Family (1-4 Units):Site-Built,448718.0,175000.0,39.0,Standard Risk (<=80%)
5026516,NC,Watauga    ,Single Family (1-4 Units):Site-Built,994163.0,545000.0,54.82,Standard Risk (<=80%)
5026530,PA,Wayne    ,Single Family (1-4 Units):Site-Built,177967.0,105000.0,59.0,Standard Risk (<=80%)
5026648,WA,Clark    ,Single Family (1-4 Units):Site-Built,425181.0,335000.0,78.79,Standard Risk (<=80%)
5026663,IN,Porter    ,Single Family (1-4 Units):Site-Built,205926.0,155000.0,75.27,Standard Risk (<=80%)
5026668,MO,Jackson    ,Single Family (1-4 Units):Site-Built,226898.0,165000.0,72.72,Standard Risk (<=80%)
5026781,WA,Island    ,Single Family (1-4 Units):Site-Built,298188.0,125000.0,41.92,Standard Risk (<=80%)
5026936,CO,Douglas    ,Single Family (1-4 Units):Site-Built,816000.0,255000.0,31.25,Standard Risk (<=80%)
5026980,KS,Crawford    ,Single Family (1-4 Units):Site-Built,406250.0,325000.0,80.0,Standard Risk (<=80%)
5027028,OR,Marion    ,Single Family (1-4 Units):Site-Built,373016.0,235000.0,63.0,Standard Risk (<=80%)
5027041,CA,Los Angeles   ,Single Family (1-4 Units):Site-Built,923920.0,725000.0,78.47,Standard Risk (<=80%)
5027078,FL,Broward    ,Single Family (1-4 Units):Site-Built,385417.0,185000.0,48.0,Standard Risk (<=80%)
5027122,CA,Santa Clara   ,Single Family (1-4 Units):Site-Built,591648.0,255000.0,43.1,Standard Risk (<=80%)
5027256,CA,San Joaquin   ,Single Family (1-4 Units):Site-Built,287546.0,175000.0,60.86,Standard Risk (<=80%)
5027415,VA,Chesterfield    ,Single Family (1-4 Units):Site-Built,307143.0,215000.0,70.0,Standard Risk (<=80%)
5027497,PA,Philadelphia    ,Single Family (1-4 Units):Site-Built,313836.0,235000.0,74.88,Standard Risk (<=80%)
5027500,CA,Riverside    ,Single Family (1-4 Units):Site-Built,538870.0,305000.0,56.6,Standard Risk (<=80%)
5027565,WA,Snohomish    ,Single Family (1-4 Units):Site-Built,525976.0,325000.0,61.79,Standard Risk (<=80%)
5027618,NY,Columbia    ,Single Family (1-4 Units):Site-Built,205647.0,185000.0,89.96,High Risk (>80%)
5027741,NC,Mecklenburg    ,Single Family (1-4 Units):Site-Built,347582.0,235000.0,67.61,Standard Risk (<=80%)
5027814,TX,Galveston    ,Single Family (1-4 Units):Site-Built,248717.0,155000.0,62.32,Standard Risk (<=80%)
5027851,TX,Bexar    ,Single Family (1-4 Units):Site-Built,446667.0,335000.0,75.0,Standard Risk (<=80%)
5027955,NV,Clark    ,Single Family (1-4 Units):Site-Built,267380.0,145000.0,54.23,Standard Risk (<=80%)
5028001,SC,York    ,Single Family (1-4 Units):Site-Built,226316.0,215000.0,95.0,High Risk (>80%)
5028181,KY,Jefferson    ,Single Family (1-4 Units):Site-Built,398634.0,245000.0,61.46,Standard Risk (<=80%)
5028187,GA,Gwinnett    ,Single Family (1-4 Units):Site-Built,356250.0,285000.0,80.0,Standard Risk (<=80%)
5028252,CT,New Haven   ,Single Family (1-4 Units):Site-Built,533640.0,395000.0,74.02,Standard Risk (<=80%)
5028286,WA,Grays Harbor   ,Single Family (1-4 Units):Site-Built,275007.0,215000.0,78.18,Standard Risk (<=80%)
5028311,CO,Jefferson    ,Single Family (1-4 Units):Site-Built,544934.0,285000.0,52.3,Standard Risk (<=80%)
5028352,MN,Washington    ,Single Family (1-4 Units):Site-Built,489474.0,465000.0,95.0,High Risk (>80%)
5028424,CA,Santa Clara   ,Single Family (1-4 Units):Site-Built,1391727.0,545000.0,39.16,Standard Risk (<=80%)
5028529,CT,Hartford    ,Single Family (1-4 Units):Site-Built,300018.0,175000.0,58.33,Standard Risk (<=80%)
5028555,NC,Cumberland    ,Single Family (1-4 Units):Site-Built,298846.0,145000.0,48.52,Standard Risk (<=80%)
5028625,AZ,Maricopa    ,Single Family (1-4 Units):Site-Built,456740.0,265000.0,58.02,Standard Risk (<=80%)
5028632,PA,Tioga    ,Single Family (1-4 Units):Site-Built,107634.0,65000.0,60.39,Standard Risk (<=80%)
5028679,MI,Macomb    ,Single Family (1-4 Units):Site-Built,328084.0,225000.0,68.58,Standard Risk (<=80%)
5028733,KS,Sedgwick    ,Single Family (1-4 Units):Site-Built,97015.0,65000.0,67.0,Standard Risk (<=80%)
5028741,CO,Adams    ,Single Family (1-4 Units):Site-Built,495150.0,245000.0,49.48,Standard Risk (<=80%)
5028743,SC,Horry    ,Single Family (1-4 Units):Site-Built,315352.0,235000.0,74.52,Standard Risk (<=80%)
5028752,CA,Orange    ,Single Family (1-4 Units):Site-Built,741956.0,475000.0,64.02,Standard Risk (<=80%)
5028847,TX,Denton    ,Single Family (1-4 Units):Site-Built,371092.0,305000.0,82.19,High Risk (>80%)
5028892,MD,Howard    ,Single Family (1-4 Units):Site-Built,240260.0,185000.0,77.0,Standard Risk (<=80%)
5028917,NY,Monroe    ,Single Family (1-4 Units):Site-Built,321429.0,225000.0,70.0,Standard Risk (<=80%)
5029008,AL,Montgomery    ,Single Family (1-4 Units):Site-Built,435715.0,305000.0,70.0,Standard Risk (<=80%)
5029037,CA,Orange    ,Single Family (1-4 Units):Site-Built,974781.0,545000.0,55.91,Standard Risk (<=80%)
5029136,CO,Douglas    ,Single Family (1-4 Units):Site-Built,180000.0,135000.0,75.0,Standard Risk (<=80%)
5029190,KS,Republic    ,Single Family (1-4 Units):Site-Built,156250.0,125000.0,80.0,Standard Risk (<=80%)
5029205,MD,Montgomery    ,Single Family (1-4 Units):Site-Built,553400.0,385000.0,69.57,Standard Risk (<=80%)
5029259,WA,Snohomish    ,Single Family (1-4 Units):Site-Built,706897.0,615000.0,87.0,High Risk (>80%)
5029420,NJ,Camden    ,Single Family (1-4 Units):Site-Built,272344.0,245000.0,89.96,High Risk (>80%)
5029472,CA,Sacramento    ,Single Family (1-4 Units):Site-Built,673334.0,505000.0,75.0,Standard Risk (<=80%)
5029696,AZ,Maricopa    ,Single Family (1-4 Units):Site-Built,381250.0,305000.0,80.0,Standard Risk (<=80%)
5029697,TX,Collin    ,Single Family (1-4 Units):Site-Built,545006.0,485000.0,88.99,High Risk (>80%)
5029701,AR,Clay    ,Single Family (1-4 Units):Site-Built,162505.0,95000.0,58.46,Standard Risk (<=80%)
5029879,NC,Cabarrus    ,Single Family (1-4 Units):Site-Built,531250.0,425000.0,80.0,Standard Risk (<=80%)
5029882,IL,Cook    ,Single Family (1-4 Units):Site-Built,443752.0,185000.0,41.69,Standard Risk (<=80%)
5029894,WA,Snohomish    ,Single Family (1-4 Units):Site-Built,405733.0,235000.0,57.92,Standard Risk (<=80%)
5030178,TX,Parker    ,Single Family (1-4 Units):Site-Built,559786.0,375000.0,66.99,Standard Risk (<=80%)
5030200,DE,Sussex    ,Single Family (1-4 Units):Site-Built,421507.0,225000.0,53.38,Standard Risk (<=80%)
5030234,TN,Davidson    ,Single Family (1-4 Units):Site-Built,400069.0,235000.0,58.74,Standard Risk (<=80%)
5030242,IN,Spencer    ,Single Family (1-4 Units):Site-Built,218750.0,175000.0,80.0,Standard Risk (<=80%)
5030263,OH,Franklin    ,Single Family (1-4 Units):Site-Built,242182.0,175000.0,72.26,Standard Risk (<=80%)
5030326,MD,Prince George   ,Single Family (1-4 Units):Site-Built,304562.0,235000.0,77.16,Standard Risk (<=80%)
5030373,CA,Yolo    ,Single Family (1-4 Units):Site-Built,318472.0,95000.0,29.83,Standard Risk (<=80%)
5030506,CA,Orange    ,Single Family (1-4 Units):Site-Built,1203853.0,825000.0,68.53,Standard Risk (<=80%)
5030532,UT,Utah    ,Single Family (1-4 Units):Site-Built,658649.0,345000.0,52.38,Standard Risk (<=80%)
5030542,CA,Solano    ,Single Family (1-4 Units):Site-Built,605883.0,515000.0,85.0,High Risk (>80%)
5030584,CA,San Francisco   ,Single Family (1-4 Units):Site-Built,982017.0,415000.0,42.26,Standard Risk (<=80%)
5030599,IN,Grant    ,Single Family (1-4 Units):Site-Built,163298.0,105000.0,64.3,Standard Risk (<=80%)
5030722,NJ,Monmouth    ,Single Family (1-4 Units):Site-Built,376467.0,215000.0,57.11,Standard Risk (<=80%)
5030748,TX,Collin    ,Single Family (1-4 Units):Site-Built,343317.0,235000.0,68.45,Standard Risk (<=80%)
5030762,VA,Fauquier    ,Single Family (1-4 Units):Site-Built,504005.0,365000.0,72.42,Standard Risk (<=80%)
5030800,FL,Polk    ,Single Family (1-4 Units):Site-Built,321429.0,225000.0,70.0,Standard Risk (<=80%)
5030892,NH,Strafford    ,Single Family (1-4 Units):Site-Built,436821.0,205000.0,46.93,Standard Risk (<=80%)
5031029,WV,Berkeley    ,Single Family (1-4 Units):Site-Built,251005.0,175000.0,69.72,Standard Risk (<=80%)
5031062,CA,San Francisco   ,Single Family (1-4 Units):Site-Built,2003024.0,1325000.0,66.15,Standard Risk (<=80%)
5031082,CA,San Diego   ,Single Family (1-4 Units):Site-Built,661112.0,595000.0,90.0,High Risk (>80%)
5031122,VA,Spotsylvania    ,Single Family (1-4 Units):Site-Built,244187.0,105000.0,43.0,Standard Risk (<=80%)
5031206,OH,Franklin    ,Single Family (1-4 Units):Site-Built,235715.0,165000.0,70.0,Standard Risk (<=80%)
5031391,CA,Monterey    ,Single Family (1-4 Units):Site-Built,795103.0,565000.0,71.06,Standard Risk (<=80%)
5031397,WA,Snohomish    ,Single Family (1-4 Units):Site-Built,901786.0,505000.0,56.0,Standard Risk (<=80%)
5031468,NC,Durham    ,Single Family (1-4 Units):Site-Built,512346.0,415000.0,81.0,High Risk (>80%)
5031520,MI,Washtenaw    ,Single Family (1-4 Units):Site-Built,295730.0,205000.0,69.32,Standard Risk (<=80%)
5031545,VA,Fairfax    ,Single Family (1-4 Units):Site-Built,585306.0,235000.0,40.15,Standard Risk (<=80%)
5031663,CA,Contra Costa   ,Single Family (1-4 Units):Site-Built,947917.0,455000.0,48.0,Standard Risk (<=80%)
5031694,MA,Barnstable    ,Single Family (1-4 Units):Site-Built,776683.0,465000.0,59.87,Standard Risk (<=80%)
5031699,GA,Columbia    ,Single Family (1-4 Units):Site-Built,259992.0,175000.0,67.31,Standard Risk (<=80%)
5031777,TX,Comal    ,Single Family (1-4 Units):Site-Built,401969.0,245000.0,60.95,Standard Risk (<=80%)
5031840,SC,Georgetown    ,Single Family (1-4 Units):Site-Built,406977.0,175000.0,43.0,Standard Risk (<=80%)
5031867,WA,King    ,Single Family (1-4 Units):Site-Built,831372.0,565000.0,67.96,Standard Risk (<=80%)
5031883,GA,Bibb    ,Single Family (1-4 Units):Site-Built,141792.0,95000.0,67.0,Standard Risk (<=80%)
5031903,KS,Sedgwick    ,Single Family (1-4 Units):Site-Built,108248.0,105000.0,97.0,High Risk (>80%)
5032055,GA,Columbia    ,Single Family (1-4 Units):Site-Built,250000.0,125000.0,50.0,Standard Risk (<=80%)
5032163,NY,Kings    ,Single Family (1-4 Units):Site-Built,639706.0,435000.0,68.0,Standard Risk (<=80%)
5032322,WA,Grant    ,Single Family (1-4 Units):Site-Built,283506.0,275000.0,97.0,High Risk (>80%)
5032381,CA,Orange    ,Single Family (1-4 Units):Site-Built,648937.0,305000.0,47.0,Standard Risk (<=80%)
5032394,MI,Macomb    ,Single Family (1-4 Units):Site-Built,201755.0,115000.0,57.0,Standard Risk (<=80%)
5032460,CA,Placer    ,Single Family (1-4 Units):Site-Built,993157.0,595000.0,59.91,Standard Risk (<=80%)
5032488,TX,Comal    ,Single Family (1-4 Units):Site-Built,311388.0,175000.0,56.2,Standard Risk (<=80%)
5032514,TX,Nueces    ,Single Family (1-4 Units):Site-Built,343750.0,275000.0,80.0,Standard Risk (<=80%)
5032537,CA,San Diego   ,Single Family (1-4 Units):Site-Built,447369.0,425000.0,95.0,High Risk (>80%)
5032624,NM,Eddy    ,Single Family (1-4 Units):Site-Built,432439.0,385000.0,89.03,High Risk (>80%)
5032704,TX,Tarrant    ,Single Family (1-4 Units):Site-Built,293230.0,165000.0,56.27,Standard Risk (<=80%)
5032763,WY,Natrona    ,Single Family (1-4 Units):Site-Built,218750.0,175000.0,80.0,Standard Risk (<=80%)
5032801,FL,Miami-Dade,Single Family (1-4 Units):Site-Built,580925.0,215000.0,37.01,Standard Risk (<=80%)
5032862,VA,Page    ,Single Family (1-4 Units):Site-Built,455358.0,255000.0,56.0,Standard Risk (<=80%)
5032865,CA,Los Angeles   ,Single Family (1-4 Units):Site-Built,850000.0,595000.0,70.0,Standard Risk (<=80%)
5032905,NJ,Bergen    ,Single Family (1-4 Units):Site-Built,481250.0,385000.0,80.0,Standard Risk (<=80%)
5033007,TX,Cameron    ,Single Family (1-4 Units):Site-Built,173643.0,95000.0,54.71,Standard Risk (<=80%)
5033026,OR,Marion    ,Single Family (1-4 Units):Site-Built,262317.0,205000.0,78.15,Standard Risk (<=80%)
5033054,FL,Miami-Dade,Single Family (1-4 Units):Site-Built,434487.0,255000.0,58.69,Standard Risk (<=80%)
5033184,TX,Hays    ,Single Family (1-4 Units):Site-Built,242675.0,135000.0,55.63,Standard Risk (<=80%)
5033206,CA,Alameda    ,Single Family (1-4 Units):Site-Built,543873.0,375000.0,68.95,Standard Risk (<=80%)
5033231,MI,Wayne    ,Single Family (1-4 Units):Site-Built,427351.0,345000.0,80.73,High Risk (>80%)
5033243,CA,Sacramento    ,Single Family (1-4 Units):Site-Built,408334.0,245000.0,60.0,Standard Risk (<=80%)
5033265,GA,Banks    ,Single Family (1-4 Units):Site-Built,201493.0,135000.0,67.0,Standard Risk (<=80%)
5033317,IN,Allen    ,Single Family (1-4 Units):Site-Built,215036.0,125000.0,58.13,Standard Risk (<=80%)
5033321,CA,Sacramento    ,Single Family (1-4 Units):Site-Built,883164.0,545000.0,61.71,Standard Risk (<=80%)
5033374,NJ,Mercer    ,Single Family (1-4 Units):Site-Built,216401.0,95000.0,43.9,Standard Risk (<=80%)
5033376,IN,Hendricks    ,Single Family (1-4 Units):Site-Built,243750.0,195000.0,80.0,Standard Risk (<=80%)
5033426,UT,Washington    ,Single Family (1-4 Units):Site-Built,431250.0,345000.0,80.0,Standard Risk (<=80%)
5033468,AL,Dallas    ,Single Family (1-4 Units):Site-Built,168750.0,135000.0,80.0,Standard Risk (<=80%)
5033474,CA,Santa Clara   ,Single Family (1-4 Units):Site-Built,989111.0,545000.0,55.1,Standard Risk (<=80%)
5033491,PA,Allegheny    ,Single Family (1-4 Units):Site-Built,369178.0,275000.0,74.49,Standard Risk (<=80%)
5033508,MI,Wayne    ,Single Family (1-4 Units):Site-Built,453769.0,345000.0,76.03,Standard Risk (<=80%)
5033543,NJ,Hudson    ,Single Family (1-4 Units):Site-Built,139869.0,115000.0,82.22,High Risk (>80%)
5033641,FL,Sarasota    ,Single Family (1-4 Units):Site-Built,320925.0,125000.0,38.95,Standard Risk (<=80%)
5033685,CO,Douglas    ,Single Family (1-4 Units):Site-Built,658216.0,405000.0,61.53,Standard Risk (<=80%)
5033784,TX,Brazoria    ,Single Family (1-4 Units):Site-Built,427599.0,295000.0,68.99,Standard Risk (<=80%)
5033888,CA,Alameda    ,Single Family (1-4 Units):Site-Built,886364.0,585000.0,66.0,Standard Risk (<=80%)
5033944,CA,Alameda    ,Single Family (1-4 Units):Site-Built,1654661.0,735000.0,44.42,Standard Risk (<=80%)
5033955,OH,Wood    ,Single Family (1-4 Units):Site-Built,184211.0,175000.0,95.0,High Risk (>80%)
5033965,CA,San Bernardino   ,Single Family (1-4 Units):Site-Built,573962.0,395000.0,68.82,Standard Risk (<=80%)
5033967,WI,Price    ,Single Family (1-4 Units):Site-Built,106898.0,95000.0,88.87,High Risk (>80%)
5033980,UT,Utah    ,Single Family (1-4 Units):Site-Built,286667.0,215000.0,75.0,Standard Risk (<=80%)
5033985,MA,Plymouth    ,Single Family (1-4 Units):Site-Built,434028.0,75000.0,17.28,Standard Risk (<=80%)
5034042,NH,Sullivan    ,Single Family (1-4 Units):Site-Built,138889.0,125000.0,90.0,High Risk (>80%)
5034106,CA,Marin    ,Single Family (1-4 Units):Site-Built,915581.0,295000.0,32.22,Standard Risk (<=80%)
5034358,MT,Hill    ,Single Family (1-4 Units):Site-Built,243750.0,195000.0,80.0,Standard Risk (<=80%)
5034410,NV,Clark    ,Single Family (1-4 Units):Site-Built,506945.0,365000.0,72.0,Standard Risk (<=80%)
5034428,NH,Merrimack    ,Single Family (1-4 Units):Site-Built,243903.0,145000.0,59.45,Standard Risk (<=80%)
5034572,GA,Bryan    ,Single Family (1-4 Units):Site-Built,197602.0,145000.0,73.38,Standard Risk (<=80%)
5034580,CA,Riverside    ,Single Family (1-4 Units):Site-Built,832697.0,545000.0,65.45,Standard Risk (<=80%)
5034615,NC,Pitt    ,Single Family (1-4 Units):Site-Built,306250.0,245000.0,80.0,Standard Risk (<=80%)
5034619,TX,Bexar    ,Single Family (1-4 Units):Site-Built,407683.0,225000.0,55.19,Standard Risk (<=80%)
5034635,MA,Worcester    ,Single Family (1-4 Units):Site-Built,392308.0,255000.0,65.0,Standard Risk (<=80%)
5034641,DE,New Castle   ,Single Family (1-4 Units):Site-Built,656250.0,315000.0,48.0,Standard Risk (<=80%)
5034648,MD,Anne Arundel   ,Single Family (1-4 Units):Site-Built,756411.0,295000.0,39.0,Standard Risk (<=80%)
5034657,FL,Sumter    ,Single Family (1-4 Units):Site-Built,377010.0,265000.0,70.29,Standard Risk (<=80%)
5034706,FL,Walton    ,Single Family (1-4 Units):Site-Built,1262255.0,515000.0,40.8,Standard Risk (<=80%)
5034791,MI,Oakland    ,Single Family (1-4 Units):Site-Built,261045.0,195000.0,74.7,Standard Risk (<=80%)
5034803,NC,Guilford    ,Single Family (1-4 Units):Site-Built,198338.0,105000.0,52.94,Standard Risk (<=80%)
5034872,ID,Ada    ,Single Family (1-4 Units):Site-Built,387718.0,125000.0,32.24,Standard Risk (<=80%)
5034898,NV,Clark    ,Single Family (1-4 Units):Site-Built,423077.0,275000.0,65.0,Standard Risk (<=80%)
5034902,WA,Pierce    ,Single Family (1-4 Units):Site-Built,412790.0,315000.0,76.31,Standard Risk (<=80%)
5035048,FL,Hillsborough    ,Single Family (1-4 Units):Site-Built,326087.0,225000.0,69.0,Standard Risk (<=80%)
5035063,TN,Blount    ,Single Family (1-4 Units):Site-Built,216515.0,145000.0,66.97,Standard Risk (<=80%)
5035076,GA,Clayton    ,Single Family (1-4 Units):Site-Built,288964.0,155000.0,53.64,Standard Risk (<=80%)
5035117,PA,Lackawanna    ,Single Family (1-4 Units):Site-Built,165715.0,145000.0,87.5,High Risk (>80%)
5035156,CA,Santa Clara   ,Single Family (1-4 Units):Site-Built,1462109.0,355000.0,24.28,Standard Risk (<=80%)
5035233,CA,San Diego   ,Single Family (1-4 Units):Site-Built,992858.0,695000.0,70.0,Standard Risk (<=80%)
5035250,CA,Los Angeles   ,Single Family (1-4 Units):Site-Built,679950.0,215000.0,31.62,Standard Risk (<=80%)
5035331,GA,Fulton    ,Single Family (1-4 Units):Site-Built,521787.0,285000.0,54.62,Standard Risk (<=80%)
5035341,TN,Sumner    ,Single Family (1-4 Units):Site-Built,249350.0,115000.0,46.12,Standard Risk (<=80%)
5035373,FL,Lee    ,Single Family (1-4 Units):Site-Built,340046.0,255000.0,74.99,Standard Risk (<=80%)
5035401,CA,Los Angeles   ,Single Family (1-4 Units):Site-Built,909614.0,475000.0,52.22,Standard Risk (<=80%)
5035428,NJ,Warren    ,Single Family (1-4 Units):Site-Built,456250.0,365000.0,80.0,Standard Risk (<=80%)
5035490,CA,Contra Costa   ,Single Family (1-4 Units):Site-Built,1531250.0,735000.0,48.0,Standard Risk (<=80%)
5035517,CA,Alameda    ,Single Family (1-4 Units):Site-Built,681250.0,545000.0,80.0,Standard Risk (<=80%)
5035543,NY,Oneida    ,Single Family (1-4 Units):Site-Built,171233.0,125000.0,73.0,Standard Risk (<=80%)
5035572,IN,Hamilton    ,Single Family (1-4 Units):Site-Built,225553.0,155000.0,68.72,Standard Risk (<=80%)
5035589,NV,Clark    ,Single Family (1-4 Units):Site-Built,379787.0,245000.0,64.51,Standard Risk (<=80%)
5035595,TX,Dallas    ,Single Family (1-4 Units):Site-Built,300000.0,225000.0,75.0,Standard Risk (<=80%)
5035677,WI,Bayfield    ,Single Family (1-4 Units):Site-Built,338670.0,275000.0,81.2,High Risk (>80%)
5035686,IA,Polk    ,Single Family (1-4 Units):Site-Built,85459.0,65000.0,76.06,Standard Risk (<=80%)
5035692,MO,St. Louis   ,Single Family (1-4 Units):Site-Built,750000.0,435000.0,58.0,Standard Risk (<=80%)
5035711,CA,Orange    ,Single Family (1-4 Units):Site-Built,843750.0,405000.0,48.0,Standard Risk (<=80%)
5035718,CA,Orange    ,Single Family (1-4 Units):Site-Built,1365137.0,455000.0,33.33,Standard Risk (<=80%)
5035754,OR,Clackamas    ,Single Family (1-4 Units):Site-Built,491380.0,285000.0,58.0,Standard Risk (<=80%)
5035843,CA,Sacramento    ,Single Family (1-4 Units):Site-Built,375000.0,225000.0,60.0,Standard Risk (<=80%)
5035967,OR,Linn    ,Single Family (1-4 Units):Site-Built,482223.0,335000.0,69.47,Standard Risk (<=80%)
5036177,GA,Camden    ,Single Family (1-4 Units):Site-Built,287500.0,115000.0,40.0,Standard Risk (<=80%)
5036277,VA,Hanover    ,Single Family (1-4 Units):Site-Built,392308.0,255000.0,65.0,Standard Risk (<=80%)
5036457,CA,Santa Barbara   ,Single Family (1-4 Units):Site-Built,501176.0,405000.0,80.81,High Risk (>80%)
5036503,CA,San Diego   ,Single Family (1-4 Units):Site-Built,419208.0,165000.0,39.36,Standard Risk (<=80%)
5036580,MN,Hennepin    ,Single Family (1-4 Units):Site-Built,1057495.0,705000.0,66.67,Standard Risk (<=80%)
5036721,CO,Denver    ,Single Family (1-4 Units):Site-Built,362069.0,105000.0,29.0,Standard Risk (<=80%)
5036819,NM,Sandoval    ,Single Family (1-4 Units):Site-Built,165017.0,75000.0,45.45,Standard Risk (<=80%)
5036871,VA,Alexandria city   ,Single Family (1-4 Units):Site-Built,303922.0,155000.0,51.0,Standard Risk (<=80%)
5036939,MI,Jackson    ,Single Family (1-4 Units):Site-Built,194265.0,105000.0,54.05,Standard Risk (<=80%)
5036953,KY,Oldham    ,Single Family (1-4 Units):Site-Built,298211.0,105000.0,35.21,Standard Risk (<=80%)
5036972,CA,Los Angeles   ,Single Family (1-4 Units):Site-Built,721429.0,505000.0,70.0,Standard Risk (<=80%)
5037022,TX,Collin    ,Single Family (1-4 Units):Site-Built,368750.0,295000.0,80.0,Standard Risk (<=80%)
5037123,OH,Franklin    ,Single Family (1-4 Units):Site-Built,557949.0,285000.0,51.08,Standard Risk (<=80%)
5037137,NC,Wake    ,Single Family (1-4 Units):Site-Built,585863.0,305000.0,52.06,Standard Risk (<=80%)
5037235,NC,Wake    ,Single Family (1-4 Units):Site-Built,399058.0,305000.0,76.43,Standard Risk (<=80%)
5037280,WA,Kitsap    ,Single Family (1-4 Units):Site-Built,593272.0,395000.0,66.58,Standard Risk (<=80%)
5037475,FL,Lake    ,Single Family (1-4 Units):Site-Built,293804.0,165000.0,56.16,Standard Risk (<=80%)
5024031,AL,Limestone    ,Single Family (1-4 Units):Site-Built,495222.0,285000.0,57.55,Standard Risk (<=80%)
5024033,TX,Bexar    ,Single Family (1-4 Units):Site-Built,143247.0,105000.0,73.3,Standard Risk (<=80%)
5024045,TN,Williamson    ,Single Family (1-4 Units):Site-Built,462173.0,325000.0,70.32,Standard Risk (<=80%)
5024159,CA,San Diego   ,Single Family (1-4 Units):Site-Built,529234.0,315000.0,59.52,Standard Risk (<=80%)
5024175,WA,Snohomish    ,Single Family (1-4 Units):Site-Built,567203.0,395000.0,69.64,Standard Risk (<=80%)
5024229,OH,Warren    ,Single Family (1-4 Units):Site-Built,212329.0,155000.0,73.0,Standard Risk (<=80%)
5024272,AZ,Maricopa    ,Single Family (1-4 Units):Site-Built,340029.0,215000.0,63.23,Standard Risk (<=80%)
5024276,NC,Moore    ,Single Family (1-4 Units):Site-Built,358334.0,215000.0,60.0,Standard Risk (<=80%)
5024305,GA,Gordon    ,Single Family (1-4 Units):Site-Built,692171.0,465000.0,67.18,Standard Risk (<=80%)
5024358,NM,Curry    ,Single Family (1-4 Units):Site-Built,408355.0,305000.0,74.69,Standard Risk (<=80%)
5024524,WA,Thurston    ,Single Family (1-4 Units):Site-Built,411237.0,325000.0,79.03,Standard Risk (<=80%)
5024571,ID,Ada    ,Single Family (1-4 Units):Site-Built,410814.0,155000.0,37.73,Standard Risk (<=80%)
5024582,WI,Jefferson    ,Single Family (1-4 Units):Site-Built,415255.0,245000.0,59.0,Standard Risk (<=80%)
5024642,CT,New Haven   ,Single Family (1-4 Units):Site-Built,781250.0,625000.0,80.0,Standard Risk (<=80%)
5024662,FL,Polk    ,Single Family (1-4 Units):Site-Built,210014.0,125000.0,59.52,Standard Risk (<=80%)
5024729,CA,Ventura    ,Single Family (1-4 Units):Site-Built,858491.0,455000.0,53.0,Standard Risk (<=80%)
5024802,KY,Jefferson    ,Single Family (1-4 Units):Site-Built,981971.0,305000.0,31.06,Standard Risk (<=80%)
5024865,CA,Contra Costa   ,Single Family (1-4 Units):Site-Built,590278.0,425000.0,72.0,Standard Risk (<=80%)
5024922,NC,Catawba    ,Single Family (1-4 Units):Site-Built,150555.0,95000.0,63.1,Standard Risk (<=80%)
5024930,MD,Montgomery    ,Single Family (1-4 Units):Site-Built,727942.0,495000.0,68.0,Standard Risk (<=80%)
5025016,IL,Kane    ,Single Family (1-4 Units):Site-Built,360932.0,245000.0,67.88,Standard Risk (<=80%)
5025211,FL,Alachua    ,Single Family (1-4 Units):Site-Built,158349.0,125000.0,78.94,Standard Risk (<=80%)
5025287,MD,Frederick    ,Single Family (1-4 Units):Site-Built,358555.0,245000.0,68.33,Standard Risk (<=80%)
5025312,GA,Fulton    ,Single Family (1-4 Units):Site-Built,350561.0,175000.0,49.92,Standard Risk (<=80%)
5025354,CA,Santa Clara   ,Single Family (1-4 Units):Site-Built,666818.0,295000.0,44.24,Standard Risk (<=80%)
5025415,CA,San Francisco   ,Single Family (1-4 Units):Site-Built,2065218.0,475000.0,23.0,Standard Risk (<=80%)
5025421,CA,Sacramento    ,Single Family (1-4 Units):Site-Built,469799.0,315000.0,67.05,Standard Risk (<=80%)
5025628,TX,Bexar    ,Single Family (1-4 Units):Site-Built,268750.0,215000.0,80.0,Standard Risk (<=80%)
5025772,CA,Riverside    ,Single Family (1-4 Units):Site-Built,689772.0,205000.0,29.72,Standard Risk (<=80%)
5025825,TX,Galveston    ,Single Family (1-4 Units):Site-Built,281548.0,195000.0,69.26,Standard Risk (<=80%)
5025860,MI,Washtenaw    ,Single Family (1-4 Units):Site-Built,268750.0,215000.0,80.0,Standard Risk (<=80%)
5025913,IL,Cook    ,Single Family (1-4 Units):Site-Built,427276.0,245000.0,57.34,Standard Risk (<=80%)
5025992,MI,Macomb    ,Single Family (1-4 Units):Site-Built,131250.0,105000.0,80.0,Standard Risk (<=80%)
5025999,FL,Polk    ,Single Family (1-4 Units):Site-Built,197675.0,85000.0,43.0,Standard Risk (<=80%)
5026129,OK,Oklahoma    ,Single Family (1-4 Units):Site-Built,168889.0,95000.0,56.25,Standard Risk (<=80%)
5026165,PA,Allegheny    ,Single Family (1-4 Units):Site-Built,170121.0,165000.0,96.99,High Risk (>80%)
5026240,MI,Muskegon    ,Single Family (1-4 Units):Site-Built,172458.0,135000.0,78.28,Standard Risk (<=80%)
5026283,LA,Caddo Parish   ,Single Family (1-4 Units):Site-Built,193750.0,155000.0,80.0,Standard Risk (<=80%)
5026429,SC,Beaufort    ,Single Family (1-4 Units):Site-Built,345497.0,285000.0,82.49,High Risk (>80%)
5026463,TN,Davidson    ,Single Family (1-4 Units):Site-Built,310959.0,145000.0,46.63,Standard Risk (<=80%)
5026466,TX,Collin    ,Single Family (1-4 Units):Site-Built,665953.0,435000.0,65.32,Standard Risk (<=80%)
5026517,MO,Platte    ,Single Family (1-4 Units):Site-Built,643750.0,515000.0,80.0,Standard Risk (<=80%)
5026573,FL,Pinellas    ,Single Family (1-4 Units):Site-Built,270192.0,185000.0,68.47,Standard Risk (<=80%)
5026643,CA,Los Angeles   ,Single Family (1-4 Units):Site-Built,800137.0,235000.0,29.37,Standard Risk (<=80%)
5026734,GA,Gwinnett    ,Single Family (1-4 Units):Site-Built,185814.0,115000.0,61.89,Standard Risk (<=80%)
5026784,GA,Henry    ,Single Family (1-4 Units):Site-Built,597644.0,355000.0,59.4,Standard Risk (<=80%)
5026793,MN,Washington    ,Single Family (1-4 Units):Site-Built,202313.0,105000.0,51.9,Standard Risk (<=80%)
5026825,CO,Mesa    ,Single Family (1-4 Units):Site-Built,284261.0,95000.0,33.42,Standard Risk (<=80%)
5026864,MA,Worcester    ,Single Family (1-4 Units):Site-Built,431250.0,345000.0,80.0,Standard Risk (<=80%)
5026869,ID,Kootenai    ,Single Family (1-4 Units):Site-Built,758929.0,425000.0,56.0,Standard Risk (<=80%)
5026893,MI,Monroe    ,Single Family (1-4 Units):Site-Built,321053.0,305000.0,95.0,High Risk (>80%)
5026914,CA,Alameda    ,Single Family (1-4 Units):Site-Built,990741.0,535000.0,54.0,Standard Risk (<=80%)
5027069,TX,El Paso   ,Single Family (1-4 Units):Site-Built,162541.0,65000.0,39.99,Standard Risk (<=80%)
5027109,FL,Miami-Dade,Single Family (1-4 Units):Site-Built,856855.0,255000.0,29.76,Standard Risk (<=80%)
5027143,TN,Fayette    ,Single Family (1-4 Units):Site-Built,181250.0,145000.0,80.0,Standard Risk (<=80%)
5027155,TX,Limestone    ,Single Family (1-4 Units):Site-Built,197252.0,155000.0,78.58,Standard Risk (<=80%)
5027190,CA,Sacramento    ,Single Family (1-4 Units):Site-Built,701993.0,465000.0,66.24,Standard Risk (<=80%)
5027196,MD,Charles    ,Single Family (1-4 Units):Site-Built,350585.0,315000.0,89.85,High Risk (>80%)
5027215,OR,Benton    ,Single Family (1-4 Units):Site-Built,305060.0,205000.0,67.2,Standard Risk (<=80%)
5027260,PA,Bucks    ,Single Family (1-4 Units):Site-Built,271930.0,155000.0,57.0,Standard Risk (<=80%)
5027265,CO,Arapahoe    ,Single Family (1-4 Units):Site-Built,722565.0,505000.0,69.89,Standard Risk (<=80%)
5027345,IA,Scott    ,Single Family (1-4 Units):Site-Built,121429.0,85000.0,70.0,Standard Risk (<=80%)
5027412,CA,Los Angeles   ,Single Family (1-4 Units):Site-Built,640788.0,345000.0,53.84,Standard Risk (<=80%)
5027477,IL,Cook    ,Single Family (1-4 Units):Site-Built,275368.0,165000.0,59.92,Standard Risk (<=80%)
5027542,NY,Suffolk    ,Single Family (1-4 Units):Site-Built,565574.0,345000.0,61.0,Standard Risk (<=80%)
5027560,WA,Clark    ,Single Family (1-4 Units):Site-Built,993970.0,445000.0,44.77,Standard Risk (<=80%)
5027605,MA,Plymouth    ,Single Family (1-4 Units):Site-Built,459061.0,305000.0,66.44,Standard Risk (<=80%)
5027609,CA,Orange    ,Single Family (1-4 Units):Site-Built,1200000.0,675000.0,56.25,Standard Risk (<=80%)
5027646,NC,Johnston    ,Single Family (1-4 Units):Site-Built,385039.0,245000.0,63.63,Standard Risk (<=80%)
5027667,NV,Clark    ,Single Family (1-4 Units):Site-Built,452316.0,295000.0,65.22,Standard Risk (<=80%)
5027807,MI,Wayne    ,Single Family (1-4 Units):Site-Built,238462.0,155000.0,65.0,Standard Risk (<=80%)
5027812,WV,Berkeley    ,Single Family (1-4 Units):Site-Built,331250.0,265000.0,80.0,Standard Risk (<=80%)
5027898,CA,Los Angeles   ,Single Family (1-4 Units):Site-Built,545015.0,405000.0,74.31,Standard Risk (<=80%)
5027951,NY,Westchester    ,Single Family (1-4 Units):Site-Built,681250.0,545000.0,80.0,Standard Risk (<=80%)
5027979,OR,Linn    ,Single Family (1-4 Units):Site-Built,350048.0,185000.0,52.85,Standard Risk (<=80%)
5028031,NV,Storey    ,Single Family (1-4 Units):Site-Built,338889.0,305000.0,90.0,High Risk (>80%)
5028043,VA,Augusta    ,Single Family (1-4 Units):Site-Built,261031.0,155000.0,59.38,Standard Risk (<=80%)
5028080,FL,Seminole    ,Single Family (1-4 Units):Site-Built,429146.0,235000.0,54.76,Standard Risk (<=80%)
5028182,TX,Brazoria    ,Single Family (1-4 Units):Site-Built,649438.0,485000.0,74.68,Standard Risk (<=80%)
5028210,AZ,Pinal    ,Single Family (1-4 Units):Site-Built,507143.0,355000.0,70.0,Standard Risk (<=80%)
5028318,CA,Santa Clara   ,Single Family (1-4 Units):Site-Built,609196.0,265000.0,43.5,Standard Risk (<=80%)
5028322,TX,Bexar    ,Single Family (1-4 Units):Site-Built,234564.0,185000.0,78.87,Standard Risk (<=80%)
5028355,FL,Hillsborough    ,Single Family (1-4 Units):Site-Built,225095.0,155000.0,68.86,Standard Risk (<=80%)
5028367,TX,Montgomery    ,Single Family (1-4 Units):Site-Built,218750.0,175000.0,80.0,Standard Risk (<=80%)
5028403,NY,Oswego    ,Single Family (1-4 Units):Site-Built,237545.0,195000.0,82.09,High Risk (>80%)
5028415,WI,Outagamie    ,Single Family (1-4 Units):Site-Built,155173.0,135000.0,87.0,High Risk (>80%)
5028457,NJ,Camden    ,Single Family (1-4 Units):Site-Built,180990.0,135000.0,74.59,Standard Risk (<=80%)
5028502,MD,Prince George   ,Single Family (1-4 Units):Site-Built,719358.0,385000.0,53.52,Standard Risk (<=80%)
5028557,TX,Harris    ,Single Family (1-4 Units):Site-Built,682705.0,105000.0,15.38,Standard Risk (<=80%)
5028588,NJ,Essex    ,Single Family (1-4 Units):Site-Built,570213.0,335000.0,58.75,Standard Risk (<=80%)
5028629,MI,Washtenaw    ,Single Family (1-4 Units):Site-Built,310631.0,135000.0,43.46,Standard Risk (<=80%)
5028650,FL,Manatee    ,Single Family (1-4 Units):Site-Built,177771.0,115000.0,64.69,Standard Risk (<=80%)
5028687,CA,Riverside    ,Single Family (1-4 Units):Site-Built,535002.0,295000.0,55.14,Standard Risk (<=80%)
5028690,NJ,Ocean    ,Single Family (1-4 Units):Site-Built,375000.0,195000.0,52.0,Standard Risk (<=80%)
5028786,MN,Dakota    ,Single Family (1-4 Units):Site-Built,220339.0,65000.0,29.5,Standard Risk (<=80%)
5028830,TX,Harris    ,Single Family (1-4 Units):Site-Built,168919.0,125000.0,74.0,Standard Risk (<=80%)
5028916,NJ,Bergen    ,Single Family (1-4 Units):Site-Built,895633.0,605000.0,67.55,Standard Risk (<=80%)
5028969,GA,Gwinnett    ,Single Family (1-4 Units):Site-Built,301471.0,205000.0,68.0,Standard Risk (<=80%)
5029012,WA,Island    ,Single Family (1-4 Units):Site-Built,493750.0,395000.0,80.0,Standard Risk (<=80%)
5029023,PA,Montgomery    ,Single Family (1-4 Units):Site-Built,287038.0,155000.0,54.0,Standard Risk (<=80%)
5029031,CA,Alameda    ,Single Family (1-4 Units):Site-Built,797158.0,415000.0,52.06,Standard Risk (<=80%)
5029056,NC,Cleveland    ,Single Family (1-4 Units):Site-Built,281250.0,225000.0,80.0,Standard Risk (<=80%)
5029103,CA,Santa Clara   ,Single Family (1-4 Units):Site-Built,1003735.0,215000.0,21.42,Standard Risk (<=80%)
5029168,TX,Harris    ,Single Family (1-4 Units):Site-Built,161539.0,105000.0,65.0,Standard Risk (<=80%)
5029264,NH,Rockingham    ,Single Family (1-4 Units):Site-Built,264286.0,185000.0,70.0,Standard Risk (<=80%)
5029346,IL,Cook    ,Single Family (1-4 Units):Site-Built,421640.0,325000.0,77.08,Standard Risk (<=80%)
5029448,SC,Charleston    ,Single Family (1-4 Units):Site-Built,584746.0,345000.0,59.0,Standard Risk (<=80%)
5029617,WA,Pierce    ,Single Family (1-4 Units):Site-Built,472548.0,105000.0,22.22,Standard Risk (<=80%)
5029627,PA,Allegheny    ,Single Family (1-4 Units):Site-Built,337838.0,125000.0,37.0,Standard Risk (<=80%)
5029784,AZ,Maricopa    ,Single Family (1-4 Units):Site-Built,310000.0,155000.0,50.0,Standard Risk (<=80%)
5029862,NY,Erie    ,Single Family (1-4 Units):Site-Built,225171.0,185000.0,82.16,High Risk (>80%)
5029909,MO,Miller    ,Single Family (1-4 Units):Site-Built,208563.0,95000.0,45.55,Standard Risk (<=80%)
5029937,TX,Dallas    ,Single Family (1-4 Units):Site-Built,377391.0,225000.0,59.62,Standard Risk (<=80%)
5029993,FL,Orange    ,Single Family (1-4 Units):Site-Built,253624.0,175000.0,69.0,Standard Risk (<=80%)
5030036,MI,Ingham    ,Single Family (1-4 Units):Site-Built,627336.0,235000.0,37.46,Standard Risk (<=80%)
5030078,CA,San Diego   ,Single Family (1-4 Units):Site-Built,405264.0,385000.0,95.0,High Risk (>80%)
5030130,CA,Kings    ,Single Family (1-4 Units):Site-Built,243951.0,125000.0,51.24,Standard Risk (<=80%)
5030134,MA,Worcester    ,Single Family (1-4 Units):Site-Built,206250.0,165000.0,80.0,Standard Risk (<=80%)
5030159,OR,Marion    ,Single Family (1-4 Units):Site-Built,287107.0,165000.0,57.47,Standard Risk (<=80%)
5030162,SC,Beaufort    ,Single Family (1-4 Units):Site-Built,363158.0,345000.0,95.0,High Risk (>80%)
5030276,OH,Hamilton    ,Single Family (1-4 Units):Site-Built,199528.0,135000.0,67.66,Standard Risk (<=80%)
5030347,GA,Richmond    ,Single Family (1-4 Units):Site-Built,287038.0,155000.0,54.0,Standard Risk (<=80%)
5030364,NC,Iredell    ,Single Family (1-4 Units):Site-Built,84835.0,65000.0,76.62,Standard Risk (<=80%)
5030417,PA,Delaware    ,Single Family (1-4 Units):Site-Built,351311.0,185000.0,52.66,Standard Risk (<=80%)
5030568,FL,Sumter    ,Single Family (1-4 Units):Site-Built,230023.0,135000.0,58.69,Standard Risk (<=80%)
5030614,VA,Lee    ,Single Family (1-4 Units):Site-Built,135773.0,95000.0,69.97,Standard Risk (<=80%)
5030696,FL,Pinellas    ,Single Family (1-4 Units):Site-Built,208487.0,85000.0,40.77,Standard Risk (<=80%)
5030727,OH,Lorain    ,Single Family (1-4 Units):Site-Built,474138.0,275000.0,58.0,Standard Risk (<=80%)
5030731,NJ,Ocean    ,Single Family (1-4 Units):Site-Built,792683.0,325000.0,41.0,Standard Risk (<=80%)
5030802,FL,Okaloosa    ,Single Family (1-4 Units):Site-Built,229509.0,105000.0,45.75,Standard Risk (<=80%)
5030826,KS,Wyandotte    ,Single Family (1-4 Units):Site-Built,143750.0,115000.0,80.0,Standard Risk (<=80%)
5030844,KS,Cowley    ,Single Family (1-4 Units):Site-Built,205264.0,195000.0,95.0,High Risk (>80%)
5031084,SC,Chester    ,Single Family (1-4 Units):Site-Built,255475.0,105000.0,41.1,Standard Risk (<=80%)
5031125,KY,Henderson    ,Single Family (1-4 Units):Site-Built,404693.0,345000.0,85.25,High Risk (>80%)
5031151,IN,Howard    ,Single Family (1-4 Units):Site-Built,165017.0,115000.0,69.69,Standard Risk (<=80%)
5031156,AZ,Pinal    ,Single Family (1-4 Units):Site-Built,327645.0,215000.0,65.62,Standard Risk (<=80%)
5031175,MN,Dakota    ,Single Family (1-4 Units):Site-Built,345589.0,235000.0,68.0,Standard Risk (<=80%)
5031325,CA,Solano    ,Single Family (1-4 Units):Site-Built,606383.0,285000.0,47.0,Standard Risk (<=80%)
5031353,CA,El Dorado   ,Single Family (1-4 Units):Site-Built,2835062.0,1405000.0,49.56,Standard Risk (<=80%)
5031414,TX,Denton    ,Single Family (1-4 Units):Site-Built,434963.0,315000.0,72.42,Standard Risk (<=80%)
5031456,MO,St. Louis   ,Single Family (1-4 Units):Site-Built,681704.0,405000.0,59.41,Standard Risk (<=80%)
5031465,VA,Suffolk city   ,Single Family (1-4 Units):Site-Built,331471.0,255000.0,76.93,Standard Risk (<=80%)
5031484,FL,Indian River   ,Single Family (1-4 Units):Site-Built,442822.0,285000.0,64.36,Standard Risk (<=80%)
5031492,PA,Clearfield    ,Single Family (1-4 Units):Site-Built,156250.0,125000.0,80.0,Standard Risk (<=80%)
5031536,PA,York    ,Single Family (1-4 Units):Site-Built,301351.0,125000.0,41.48,Standard Risk (<=80%)
5031554,IN,Franklin    ,Single Family (1-4 Units):Site-Built,162812.0,145000.0,89.06,High Risk (>80%)
5031555,OR,Yamhill    ,Single Family (1-4 Units):Site-Built,511602.0,355000.0,69.39,Standard Risk (<=80%)
5031623,FL,Broward    ,Single Family (1-4 Units):Site-Built,433588.0,205000.0,47.28,Standard Risk (<=80%)
5031649,CA,Monterey    ,Single Family (1-4 Units):Site-Built,1414162.0,715000.0,50.56,Standard Risk (<=80%)
5031684,MD,Prince George   ,Single Family (1-4 Units):Site-Built,452836.0,325000.0,71.77,Standard Risk (<=80%)
5031715,IA,Polk    ,Single Family (1-4 Units):Site-Built,331780.0,185000.0,55.76,Standard Risk (<=80%)
5031843,KY,Woodford    ,Single Family (1-4 Units):Site-Built,343277.0,145000.0,42.24,Standard Risk (<=80%)
5031915,AZ,Pima    ,Single Family (1-4 Units):Site-Built,216183.0,105000.0,48.57,Standard Risk (<=80%)
5031938,PA,Centre    ,Single Family (1-4 Units):Site-Built,256250.0,205000.0,80.0,Standard Risk (<=80%)
5031961,FL,Seminole    ,Single Family (1-4 Units):Site-Built,295007.0,205000.0,69.49,Standard Risk (<=80%)
5031988,CA,Stanislaus    ,Single Family (1-4 Units):Site-Built,405173.0,235000.0,58.0,Standard Risk (<=80%)
5032093,FL,Leon    ,Single Family (1-4 Units):Site-Built,756250.0,605000.0,80.0,Standard Risk (<=80%)
5032107,ME,Cumberland    ,Single Family (1-4 Units):Site-Built,211648.0,145000.0,68.51,Standard Risk (<=80%)
5032156,TX,Montgomery    ,Single Family (1-4 Units):Site-Built,293750.0,235000.0,80.0,Standard Risk (<=80%)
5032172,MO,Greene    ,Single Family (1-4 Units):Site-Built,258334.0,155000.0,60.0,Standard Risk (<=80%)
5032326,MA,Norfolk    ,Single Family (1-4 Units):Site-Built,569996.0,375000.0,65.79,Standard Risk (<=80%)
5032337,FL,Lee    ,Single Family (1-4 Units):Site-Built,372060.0,155000.0,41.66,Standard Risk (<=80%)
5032358,TX,Collin    ,Single Family (1-4 Units):Site-Built,407524.0,325000.0,79.75,Standard Risk (<=80%)
5032464,CA,Riverside    ,Single Family (1-4 Units):Site-Built,742188.0,475000.0,64.0,Standard Risk (<=80%)
5032505,CA,Los Angeles   ,Single Family (1-4 Units):Site-Built,761944.0,555000.0,72.84,Standard Risk (<=80%)
5032565,NV,Clark    ,Single Family (1-4 Units):Site-Built,1097827.0,505000.0,46.0,Standard Risk (<=80%)
5032629,CA,Orange    ,Single Family (1-4 Units):Site-Built,858864.0,485000.0,56.47,Standard Risk (<=80%)
5032757,IL,Cook    ,Single Family (1-4 Units):Site-Built,429578.0,305000.0,71.0,Standard Risk (<=80%)
5032863,CA,Los Angeles   ,Single Family (1-4 Units):Site-Built,500000.0,375000.0,75.0,Standard Risk (<=80%)
5033018,TX,Harris    ,Single Family (1-4 Units):Site-Built,281250.0,225000.0,80.0,Standard Risk (<=80%)
5033045,CA,Los Angeles   ,Single Family (1-4 Units):Site-Built,969388.0,475000.0,49.0,Standard Risk (<=80%)
5033155,OH,Marion    ,Single Family (1-4 Units):Site-Built,253624.0,175000.0,69.0,Standard Risk (<=80%)
5033229,CA,Sonoma    ,Single Family (1-4 Units):Site-Built,683674.0,335000.0,49.0,Standard Risk (<=80%)
5033239,GA,Muscogee    ,Single Family (1-4 Units):Site-Built,99063.0,75000.0,75.71,Standard Risk (<=80%)
5033249,NY,Otsego    ,Single Family (1-4 Units):Site-Built,281250.0,225000.0,80.0,Standard Risk (<=80%)
5033360,NJ,Camden    ,Single Family (1-4 Units):Site-Built,161017.0,95000.0,59.0,Standard Risk (<=80%)
5033409,AZ,Maricopa    ,Single Family (1-4 Units):Site-Built,768657.0,515000.0,67.0,Standard Risk (<=80%)
5033437,IN,Tippecanoe    ,Single Family (1-4 Units):Site-Built,378990.0,285000.0,75.2,Standard Risk (<=80%)
5033487,CT,Fairfield    ,Single Family (1-4 Units):Site-Built,558607.0,295000.0,52.81,Standard Risk (<=80%)
5033503,NJ,Ocean    ,Single Family (1-4 Units):Site-Built,550027.0,315000.0,57.27,Standard Risk (<=80%)
5033548,MD,Anne Arundel   ,Single Family (1-4 Units):Site-Built,791140.0,625000.0,79.0,Standard Risk (<=80%)
5033791,CA,San Bernardino   ,Single Family (1-4 Units):Site-Built,273443.0,205000.0,74.97,Standard Risk (<=80%)
5033830,VA,Prince William   ,Single Family (1-4 Units):Site-Built,717214.0,525000.0,73.2,Standard Risk (<=80%)
5033901,CA,Ventura    ,Single Family (1-4 Units):Site-Built,642674.0,375000.0,58.35,Standard Risk (<=80%)
5034028,TX,Ellis    ,Single Family (1-4 Units):Site-Built,433334.0,325000.0,75.0,Standard Risk (<=80%)
5034062,TN,Rutherford    ,Single Family (1-4 Units):Site-Built,280601.0,185000.0,65.93,Standard Risk (<=80%)
5034063,FL,Duval    ,Single Family (1-4 Units):Site-Built,442138.0,345000.0,78.03,Standard Risk (<=80%)
5034088,CA,San Diego   ,Single Family (1-4 Units):Site-Built,851603.0,505000.0,59.3,Standard Risk (<=80%)
5034092,OR,Multnomah    ,Single Family (1-4 Units):Site-Built,376435.0,315000.0,83.68,High Risk (>80%)
5034209,TN,Davidson    ,Single Family (1-4 Units):Site-Built,435430.0,205000.0,47.08,Standard Risk (<=80%)
5034330,GA,Baldwin    ,Single Family (1-4 Units):Site-Built,142315.0,135000.0,94.86,High Risk (>80%)
5034356,AR,Benton    ,Single Family (1-4 Units):Site-Built,456041.0,305000.0,66.88,Standard Risk (<=80%)
5034365,SC,Greenville    ,Single Family (1-4 Units):Site-Built,261380.0,205000.0,78.43,Standard Risk (<=80%)
5034374,GA,Forsyth    ,Single Family (1-4 Units):Site-Built,282228.0,185000.0,65.55,Standard Risk (<=80%)
5034378,KY,Floyd    ,Single Family (1-4 Units):Site-Built,136450.0,115000.0,84.28,High Risk (>80%)
5034398,CA,Los Angeles   ,Single Family (1-4 Units):Site-Built,986598.0,265000.0,26.86,Standard Risk (<=80%)
5034418,AZ,Maricopa    ,Single Family (1-4 Units):Site-Built,330006.0,195000.0,59.09,Standard Risk (<=80%)
5034436,CT,New Haven   ,Single Family (1-4 Units):Site-Built,608334.0,365000.0,60.0,Standard Risk (<=80%)
5034455,TX,Angelina    ,Single Family (1-4 Units):Site-Built,375223.0,295000.0,78.62,Standard Risk (<=80%)
5034471,FL,Marion    ,Single Family (1-4 Units):Site-Built,278948.0,265000.0,95.0,High Risk (>80%)
5034484,WA,Thurston    ,Single Family (1-4 Units):Site-Built,407717.0,205000.0,50.28,Standard Risk (<=80%)
5034502,GA,Haralson    ,Single Family (1-4 Units):Site-Built,269231.0,175000.0,65.0,Standard Risk (<=80%)
5034527,MO,Greene    ,Single Family (1-4 Units):Site-Built,207026.0,155000.0,74.87,Standard Risk (<=80%)
5034739,CA,Sacramento    ,Single Family (1-4 Units):Site-Built,584398.0,215000.0,36.79,Standard Risk (<=80%)
5034785,NE,Lancaster    ,Single Family (1-4 Units):Site-Built,198928.0,115000.0,57.81,Standard Risk (<=80%)
5034909,FL,Hillsborough    ,Single Family (1-4 Units):Site-Built,355671.0,345000.0,97.0,High Risk (>80%)
5034931,AL,Limestone    ,Single Family (1-4 Units):Site-Built,193750.0,155000.0,80.0,Standard Risk (<=80%)
5034973,AZ,Pima    ,Single Family (1-4 Units):Site-Built,208980.0,155000.0,74.17,Standard Risk (<=80%)
5034985,MI,Oakland    ,Single Family (1-4 Units):Site-Built,268750.0,215000.0,80.0,Standard Risk (<=80%)
5035074,NC,Cabarrus    ,Single Family (1-4 Units):Site-Built,279262.0,115000.0,41.18,Standard Risk (<=80%)
5035109,FL,Pasco    ,Single Family (1-4 Units):Site-Built,346374.0,255000.0,73.62,Standard Risk (<=80%)
5035142,MS,Madison    ,Single Family (1-4 Units):Site-Built,291726.0,165000.0,56.56,Standard Risk (<=80%)
5035192,OH,Lake    ,Single Family (1-4 Units):Site-Built,268750.0,215000.0,80.0,Standard Risk (<=80%)
5035219,CA,Santa Cruz   ,Single Family (1-4 Units):Site-Built,1472223.0,265000.0,18.0,Standard Risk (<=80%)
5035338,CA,Santa Clara   ,Single Family (1-4 Units):Site-Built,1842363.0,755000.0,40.98,Standard Risk (<=80%)
5035469,NJ,Monmouth    ,Single Family (1-4 Units):Site-Built,723511.0,465000.0,64.27,Standard Risk (<=80%)
5035540,TN,Williamson    ,Single Family (1-4 Units):Site-Built,1129859.0,375000.0,33.19,Standard Risk (<=80%)
5035644,CA,Monterey    ,Single Family (1-4 Units):Site-Built,647369.0,615000.0,95.0,High Risk (>80%)
5035798,TN,Montgomery    ,Single Family (1-4 Units):Site-Built,245756.0,165000.0,67.14,Standard Risk (<=80%)
5035821,MA,Plymouth    ,Single Family (1-4 Units):Site-Built,443766.0,305000.0,68.73,Standard Risk (<=80%)
5035878,NC,Edgecombe    ,Single Family (1-4 Units):Site-Built,196814.0,105000.0,53.35,Standard Risk (<=80%)
5035898,CO,Douglas    ,Single Family (1-4 Units):Site-Built,681250.0,545000.0,80.0,Standard Risk (<=80%)
5035909,MO,Camden    ,Single Family (1-4 Units):Site-Built,143750.0,115000.0,80.0,Standard Risk (<=80%)
5035959,NC,Craven    ,Single Family (1-4 Units):Site-Built,94445.0,85000.0,90.0,High Risk (>80%)
5035991,CA,Santa Clara   ,Single Family (1-4 Units):Site-Built,793334.0,595000.0,75.0,Standard Risk (<=80%)
5036006,TX,Collin    ,Single Family (1-4 Units):Site-Built,301048.0,115000.0,38.2,Standard Risk (<=80%)
5036104,CO,Douglas    ,Single Family (1-4 Units):Site-Built,825000.0,495000.0,60.0,Standard Risk (<=80%)
5036112,CA,Santa Clara   ,Single Family (1-4 Units):Site-Built,966667.0,435000.0,45.0,Standard Risk (<=80%)
5036328,MI,Monroe    ,Single Family (1-4 Units):Site-Built,168011.0,125000.0,74.4,Standard Risk (<=80%)
5036365,KS,Harper    ,Single Family (1-4 Units):Site-Built,118750.0,95000.0,80.0,Standard Risk (<=80%)
5036522,CA,Orange    ,Single Family (1-4 Units):Site-Built,635715.0,445000.0,70.0,Standard Risk (<=80%)
5036593,AL,Madison    ,Single Family (1-4 Units):Site-Built,400000.0,75000.0,18.75,Standard Risk (<=80%)
5036607,IN,Porter    ,Single Family (1-4 Units):Site-Built,224763.0,175000.0,77.86,Standard Risk (<=80%)
5036643,FL,Palm Beach   ,Single Family (1-4 Units):Site-Built,265152.0,175000.0,66.0,Standard Risk (<=80%)
5036716,MD,Anne Arundel   ,Single Family (1-4 Units):Site-Built,540021.0,365000.0,67.59,Standard Risk (<=80%)
5036744,OK,Woods    ,Single Family (1-4 Units):Site-Built,206877.0,145000.0,70.09,Standard Risk (<=80%)
5036786,TX,Harris    ,Single Family (1-4 Units):Site-Built,282522.0,225000.0,79.64,Standard Risk (<=80%)
5036818,VA,Frederick    ,Single Family (1-4 Units):Site-Built,474684.0,375000.0,79.0,Standard Risk (<=80%)
5036875,NY,Monroe    ,Single Family (1-4 Units):Site-Built,304426.0,205000.0,67.34,Standard Risk (<=80%)
5036962,CA,Fresno    ,Single Family (1-4 Units):Site-Built,285084.0,155000.0,54.37,Standard Risk (<=80%)
5037046,OR,Washington    ,Single Family (1-4 Units):Site-Built,717640.0,535000.0,74.55,Standard Risk (<=80%)
5037069,NJ,Burlington    ,Single Family (1-4 Units):Site-Built,250977.0,225000.0,89.65,High Risk (>80%)
5037102,CA,Fresno    ,Single Family (1-4 Units):Site-Built,263637.0,145000.0,55.0,Standard Risk (<=80%)
5037119,AZ,Pima    ,Single Family (1-4 Units):Site-Built,250000.0,165000.0,66.0,Standard Risk (<=80%)
5037173,CA,Riverside    ,Single Family (1-4 Units):Site-Built,585785.0,225000.0,38.41,Standard Risk (<=80%)
5037257,CA,San Joaquin   ,Single Family (1-4 Units):Site-Built,411724.0,295000.0,71.65,Standard Risk (<=80%)
5037336,FL,Hillsborough    ,Single Family (1-4 Units):Site-Built,469832.0,285000.0,60.66,Standard Risk (<=80%)
5037362,AL,Clay    ,Single Family (1-4 Units):Site-Built,186929.0,135000.0,72.22,Standard Risk (<=80%)
5037389,IL,Cook    ,Single Family (1-4 Units):Site-Built,215278.0,155000.0,72.0,Standard Risk (<=80%)
5037405,GA,Worth    ,Single Family (1-4 Units):Site-Built,181680.0,95000.0,52.29,Standard Risk (<=80%)
5037478,FL,Pinellas    ,Single Family (1-4 Units):Site-Built,209460.0,155000.0,74.0,Standard Risk (<=80%)
5037575,SC,Spartanburg    ,Single Family (1-4 Units):Site-Built,474026.0,365000.0,77.0,Standard Risk (<=80%)
5037620,CA,Orange    ,Single Family (1-4 Units):Site-Built,991832.0,595000.0,59.99,Standard Risk (<=80%)
5037623,MD,Anne Arundel   ,Single Family (1-4 Units):Site-Built,625000.0,425000.0,68.0,Standard Risk (<=80%)
5024423,FL,Sarasota    ,Single Family (1-4 Units):Site-Built,193750.0,155000.0,80.0,Standard Risk (<=80%)
5024537,NJ,Burlington    ,Single Family (1-4 Units):Site-Built,255006.0,135000.0,52.94,Standard Risk (<=80%)
5024626,CA,Alameda    ,Single Family (1-4 Units):Site-Built,723639.0,105000.0,14.51,Standard Risk (<=80%)
5025131,CA,Orange    ,Single Family (1-4 Units):Site-Built,742757.0,505000.0,67.99,Standard Risk (<=80%)
5025676,TX,Tarrant    ,Single Family (1-4 Units):Site-Built,194445.0,105000.0,54.0,Standard Risk (<=80%)
5025747,NV,Washoe    ,Single Family (1-4 Units):Site-Built,461297.0,205000.0,44.44,Standard Risk (<=80%)
5026427,NV,Washoe    ,Single Family (1-4 Units):Site-Built,494341.0,345000.0,69.79,Standard Risk (<=80%)
5026589,MA,Middlesex    ,Single Family (1-4 Units):Site-Built,506043.0,335000.0,66.2,Standard Risk (<=80%)
5026946,NV,Clark    ,Single Family (1-4 Units):Site-Built,384357.0,285000.0,74.15,Standard Risk (<=80%)
5027187,TX,Comal    ,Single Family (1-4 Units):Site-Built,229019.0,155000.0,67.68,Standard Risk (<=80%)
5027875,MI,Oakland    ,Single Family (1-4 Units):Site-Built,411393.0,325000.0,79.0,Standard Risk (<=80%)
5028121,CA,Sacramento    ,Single Family (1-4 Units):Site-Built,412267.0,285000.0,69.13,Standard Risk (<=80%)
5028930,NE,Douglas    ,Single Family (1-4 Units):Site-Built,231482.0,125000.0,54.0,Standard Risk (<=80%)
5028946,MI,Macomb    ,Single Family (1-4 Units):Site-Built,409070.0,175000.0,42.78,Standard Risk (<=80%)
5029185,OK,Tulsa    ,Single Family (1-4 Units):Site-Built,167001.0,125000.0,74.85,Standard Risk (<=80%)
5029684,MD,Prince George   ,Single Family (1-4 Units):Site-Built,351015.0,135000.0,38.46,Standard Risk (<=80%)
5029798,NH,Rockingham    ,Single Family (1-4 Units):Site-Built,286111.0,165000.0,57.67,Standard Risk (<=80%)
5029945,FL,St. Johns   ,Single Family (1-4 Units):Site-Built,801471.0,545000.0,68.0,Standard Risk (<=80%)
5030069,GA,Fulton    ,Single Family (1-4 Units):Site-Built,331579.0,315000.0,95.0,High Risk (>80%)
5030237,AZ,Maricopa    ,Single Family (1-4 Units):Site-Built,418442.0,275000.0,65.72,Standard Risk (<=80%)
5030470,GA,Houston    ,Single Family (1-4 Units):Site-Built,278836.0,205000.0,73.52,Standard Risk (<=80%)
5030476,PA,Cumberland    ,Single Family (1-4 Units):Site-Built,297469.0,235000.0,79.0,Standard Risk (<=80%)
5030632,CO,Denver    ,Single Family (1-4 Units):Site-Built,854546.0,235000.0,27.5,Standard Risk (<=80%)
5030639,CA,Stanislaus    ,Single Family (1-4 Units):Site-Built,606250.0,485000.0,80.0,Standard Risk (<=80%)
5030768,FL,Orange    ,Single Family (1-4 Units):Site-Built,295219.0,205000.0,69.44,Standard Risk (<=80%)
5031405,WY,Teton    ,Single Family (1-4 Units):Site-Built,972223.0,175000.0,18.0,Standard Risk (<=80%)
5031451,IL,DuPage    ,Single Family (1-4 Units):Site-Built,700000.0,525000.0,75.0,Standard Risk (<=80%)
5031474,CA,San Diego   ,Single Family (1-4 Units):Site-Built,550000.0,385000.0,70.0,Standard Risk (<=80%)
5032249,TX,Dallas    ,Single Family (1-4 Units):Site-Built,200225.0,125000.0,62.43,Standard Risk (<=80%)
5032340,NY,Erie    ,Single Family (1-4 Units):Site-Built,211256.0,125000.0,59.17,Standard Risk (<=80%)
5032397,MD,Montgomery    ,Single Family (1-4 Units):Site-Built,511064.0,425000.0,83.16,High Risk (>80%)
5032573,NC,Onslow    ,Single Family (1-4 Units):Site-Built,143189.0,105000.0,73.33,Standard Risk (<=80%)
5032909,CA,Alameda    ,Single Family (1-4 Units):Site-Built,805137.0,395000.0,49.06,Standard Risk (<=80%)
5032956,OH,Summit    ,Single Family (1-4 Units):Site-Built,210019.0,135000.0,64.28,Standard Risk (<=80%)
5033205,PA,Chester    ,Single Family (1-4 Units):Site-Built,293750.0,235000.0,80.0,Standard Risk (<=80%)
5033331,PA,Montgomery    ,Single Family (1-4 Units):Site-Built,298781.0,245000.0,82.0,High Risk (>80%)
5033362,NJ,Bergen    ,Single Family (1-4 Units):Site-Built,668698.0,505000.0,75.52,Standard Risk (<=80%)
5033399,MA,Norfolk    ,Single Family (1-4 Units):Site-Built,340000.0,255000.0,75.0,Standard Risk (<=80%)
5033551,FL,Broward    ,Single Family (1-4 Units):Site-Built,172223.0,155000.0,90.0,High Risk (>80%)
5033816,CA,Los Angeles   ,Single Family (1-4 Units):Site-Built,842406.0,325000.0,38.58,Standard Risk (<=80%)
5033904,CA,Riverside    ,Single Family (1-4 Units):Site-Built,439224.0,215000.0,48.95,Standard Risk (<=80%)
5033970,WV,Preston    ,Single Family (1-4 Units):Site-Built,352488.0,265000.0,75.18,Standard Risk (<=80%)
5034587,DE,New Castle   ,Single Family (1-4 Units):Site-Built,143844.0,75000.0,52.14,Standard Risk (<=80%)
5034646,NY,Cayuga    ,Single Family (1-4 Units):Site-Built,442106.0,315000.0,71.25,Standard Risk (<=80%)
5035099,CA,San Joaquin   ,Single Family (1-4 Units):Site-Built,946970.0,625000.0,66.0,Standard Risk (<=80%)
5035235,CA,Los Angeles   ,Single Family (1-4 Units):Site-Built,1107968.0,705000.0,63.63,Standard Risk (<=80%)
5035812,IN,Hamilton    ,Single Family (1-4 Units):Site-Built,465017.0,325000.0,69.89,Standard Risk (<=80%)
5035888,IN,Allen    ,Single Family (1-4 Units):Site-Built,108424.0,65000.0,59.95,Standard Risk (<=80%)
5035971,MI,St. Clair   ,Single Family (1-4 Units):Site-Built,441541.0,125000.0,28.31,Standard Risk (<=80%)
5036132,PA,Bucks    ,Single Family (1-4 Units):Site-Built,365896.0,215000.0,58.76,Standard Risk (<=80%)
5036157,MI,Lenawee    ,Single Family (1-4 Units):Site-Built,278731.0,195000.0,69.96,Standard Risk (<=80%)
5036507,VA,Smyth    ,Single Family (1-4 Units):Site-Built,133741.0,105000.0,78.51,Standard Risk (<=80%)
5036518,NJ,Monmouth    ,Single Family (1-4 Units):Site-Built,725807.0,225000.0,31.0,Standard Risk (<=80%)
5036630,MI,Oakland    ,Single Family (1-4 Units):Site-Built,250738.0,85000.0,33.9,Standard Risk (<=80%)
5036782,FL,Pinellas    ,Single Family (1-4 Units):Site-Built,193549.0,135000.0,69.75,Standard Risk (<=80%)
5037418,TX,Williamson    ,Single Family (1-4 Units):Site-Built,331250.0,265000.0,80.0,Standard Risk (<=80%)
5024025,MA,Hampden    ,Single Family (1-4 Units):Site-Built,391667.0,235000.0,60.0,Standard Risk (<=80%)
5024110,LA,Tangipahoa Parish   ,Single Family (1-4 Units):Site-Built,200166.0,145000.0,72.44,Standard Risk (<=80%)
5024135,IN,Hamilton    ,Single Family (1-4 Units):Site-Built,235715.0,165000.0,70.0,Standard Risk (<=80%)
5024143,NV,Clark    ,Single Family (1-4 Units):Site-Built,412597.0,245000.0,59.38,Standard Risk (<=80%)
5024146,CT,New Haven   ,Single Family (1-4 Units):Site-Built,304055.0,225000.0,74.0,Standard Risk (<=80%)
5024188,TX,Collin    ,Single Family (1-4 Units):Site-Built,313334.0,235000.0,75.0,Standard Risk (<=80%)
5024375,IL,Cook    ,Single Family (1-4 Units):Site-Built,225000.0,135000.0,60.0,Standard Risk (<=80%)
5024379,CA,Los Angeles   ,Single Family (1-4 Units):Site-Built,910002.0,545000.0,59.89,Standard Risk (<=80%)
5024389,NH,Grafton    ,Single Family (1-4 Units):Site-Built,163158.0,155000.0,95.0,High Risk (>80%)
5024487,AR,Saline    ,Single Family (1-4 Units):Site-Built,314103.0,245000.0,78.0,Standard Risk (<=80%)
5024533,NY,Suffolk    ,Single Family (1-4 Units):Site-Built,550989.0,315000.0,57.17,Standard Risk (<=80%)
5024738,CO,Douglas    ,Single Family (1-4 Units):Site-Built,574379.0,395000.0,68.77,Standard Risk (<=80%)
5024768,WI,Price    ,Single Family (1-4 Units):Site-Built,181250.0,145000.0,80.0,Standard Risk (<=80%)
5024899,KY,Oldham    ,Single Family (1-4 Units):Site-Built,323369.0,225000.0,69.58,Standard Risk (<=80%)
5024909,CA,San Diego   ,Single Family (1-4 Units):Site-Built,737377.0,625000.0,84.76,High Risk (>80%)
5024937,MD,Harford    ,Single Family (1-4 Units):Site-Built,457895.0,435000.0,95.0,High Risk (>80%)
5024978,FL,Miami-Dade,Single Family (1-4 Units):Site-Built,443578.0,375000.0,84.54,High Risk (>80%)
5025082,FL,Pinellas    ,Single Family (1-4 Units):Site-Built,335052.0,325000.0,97.0,High Risk (>80%)
5025145,TN,Knox    ,Single Family (1-4 Units):Site-Built,218750.0,175000.0,80.0,Standard Risk (<=80%)
5025155,FL,Hillsborough    ,Single Family (1-4 Units):Site-Built,312955.0,215000.0,68.7,Standard Risk (<=80%)
5025177,CA,San Francisco   ,Single Family (1-4 Units):Site-Built,1677232.0,635000.0,37.86,Standard Risk (<=80%)
5025390,KS,Sedgwick    ,Single Family (1-4 Units):Site-Built,158553.0,85000.0,53.61,Standard Risk (<=80%)
5025514,LA,St. James Parish  ,Single Family (1-4 Units):Site-Built,497954.0,365000.0,73.3,Standard Risk (<=80%)
5025640,TN,Rutherford    ,Single Family (1-4 Units):Site-Built,314696.0,215000.0,68.32,Standard Risk (<=80%)
5025660,NY,Westchester    ,Single Family (1-4 Units):Site-Built,681250.0,545000.0,80.0,Standard Risk (<=80%)
5025730,FL,Hillsborough    ,Single Family (1-4 Units):Site-Built,860600.0,505000.0,58.68,Standard Risk (<=80%)
5025805,MI,Manistee    ,Single Family (1-4 Units):Site-Built,335698.0,265000.0,78.94,Standard Risk (<=80%)
5025954,SC,Greenville    ,Single Family (1-4 Units):Site-Built,247369.0,235000.0,95.0,High Risk (>80%)
5026103,VA,Salem city   ,Single Family (1-4 Units):Site-Built,212821.0,165000.0,77.53,Standard Risk (<=80%)
5026125,MD,Prince George   ,Single Family (1-4 Units):Site-Built,543750.0,435000.0,80.0,Standard Risk (<=80%)
5026200,CA,San Diego   ,Single Family (1-4 Units):Site-Built,518310.0,385000.0,74.28,Standard Risk (<=80%)
5026223,ID,Ada    ,Single Family (1-4 Units):Site-Built,760750.0,345000.0,45.35,Standard Risk (<=80%)
5026268,OH,Warren    ,Single Family (1-4 Units):Site-Built,516394.0,315000.0,61.0,Standard Risk (<=80%)
5026312,TN,Rutherford    ,Single Family (1-4 Units):Site-Built,386859.0,345000.0,89.18,High Risk (>80%)
5026317,NC,Mecklenburg    ,Single Family (1-4 Units):Site-Built,216418.0,145000.0,67.0,Standard Risk (<=80%)
5026351,TN,Davidson    ,Single Family (1-4 Units):Site-Built,342593.0,185000.0,54.0,Standard Risk (<=80%)
5026392,CA,Los Angeles   ,Single Family (1-4 Units):Site-Built,980000.0,735000.0,75.0,Standard Risk (<=80%)
5026582,MD,Montgomery    ,Single Family (1-4 Units):Site-Built,743932.0,95000.0,12.77,Standard Risk (<=80%)
5026596,MD,Montgomery    ,Single Family (1-4 Units):Site-Built,498362.0,365000.0,73.24,Standard Risk (<=80%)
5026639,CT,New Haven   ,Single Family (1-4 Units):Site-Built,561225.0,275000.0,49.0,Standard Risk (<=80%)
5026723,MA,Middlesex    ,Single Family (1-4 Units):Site-Built,350015.0,235000.0,67.14,Standard Risk (<=80%)
5026752,PA,Clarion    ,Single Family (1-4 Units):Site-Built,301278.0,125000.0,41.49,Standard Risk (<=80%)
5026758,CA,Riverside    ,Single Family (1-4 Units):Site-Built,205264.0,195000.0,95.0,High Risk (>80%)
5026777,NC,Orange    ,Single Family (1-4 Units):Site-Built,239320.0,135000.0,56.41,Standard Risk (<=80%)
5026833,CA,San Bernardino   ,Single Family (1-4 Units):Site-Built,268492.0,155000.0,57.73,Standard Risk (<=80%)
5026952,NJ,Union    ,Single Family (1-4 Units):Site-Built,405264.0,385000.0,95.0,High Risk (>80%)
5026968,DE,Kent    ,Single Family (1-4 Units):Site-Built,229977.0,145000.0,63.05,Standard Risk (<=80%)
5027000,IL,Lake    ,Single Family (1-4 Units):Site-Built,117566.0,85000.0,72.3,Standard Risk (<=80%)
5027014,NV,Clark    ,Single Family (1-4 Units):Site-Built,287500.0,115000.0,40.0,Standard Risk (<=80%)
5027029,OH,Franklin    ,Single Family (1-4 Units):Site-Built,381373.0,285000.0,74.73,Standard Risk (<=80%)
5027195,VA,Virginia Beach city  ,Single Family (1-4 Units):Site-Built,221366.0,155000.0,70.02,Standard Risk (<=80%)
5027251,CA,Los Angeles   ,Single Family (1-4 Units):Site-Built,1011715.0,285000.0,28.17,Standard Risk (<=80%)
5027373,NC,Alexander    ,Single Family (1-4 Units):Site-Built,519786.0,155000.0,29.82,Standard Risk (<=80%)
5027378,TX,Galveston    ,Single Family (1-4 Units):Site-Built,260000.0,195000.0,75.0,Standard Risk (<=80%)
5027462,CA,Los Angeles   ,Single Family (1-4 Units):Site-Built,755548.0,395000.0,52.28,Standard Risk (<=80%)
5027524,CA,San Mateo   ,Single Family (1-4 Units):Site-Built,3037098.0,745000.0,24.53,Standard Risk (<=80%)
5027712,MD,Anne Arundel   ,Single Family (1-4 Units):Site-Built,292865.0,165000.0,56.34,Standard Risk (<=80%)
5027782,IA,Union    ,Single Family (1-4 Units):Site-Built,379482.0,145000.0,38.21,Standard Risk (<=80%)
5027818,AZ,Pima    ,Single Family (1-4 Units):Site-Built,449935.0,275000.0,61.12,Standard Risk (<=80%)
5027893,IN,Tippecanoe    ,Single Family (1-4 Units):Site-Built,300000.0,225000.0,75.0,Standard Risk (<=80%)
5027945,LA,Jefferson Parish   ,Single Family (1-4 Units):Site-Built,155638.0,135000.0,86.74,High Risk (>80%)
5028057,MI,Macomb    ,Single Family (1-4 Units):Site-Built,129505.0,115000.0,88.8,High Risk (>80%)
5028090,TN,Bradley    ,Single Family (1-4 Units):Site-Built,368750.0,295000.0,80.0,Standard Risk (<=80%)
5028099,TX,Bexar    ,Single Family (1-4 Units):Site-Built,256250.0,205000.0,80.0,Standard Risk (<=80%)
5028156,TX,Moore    ,Single Family (1-4 Units):Site-Built,202798.0,145000.0,71.5,Standard Risk (<=80%)
5028219,PA,Montgomery    ,Single Family (1-4 Units):Site-Built,984049.0,475000.0,48.27,Standard Risk (<=80%)
5028364,PA,York    ,Single Family (1-4 Units):Site-Built,300000.0,285000.0,95.0,High Risk (>80%)
5028641,NC,Haywood    ,Single Family (1-4 Units):Site-Built,291132.0,195000.0,66.98,Standard Risk (<=80%)
5028657,MI,Emmet    ,Single Family (1-4 Units):Site-Built,351549.0,285000.0,81.07,High Risk (>80%)
5028745,AZ,Maricopa    ,Single Family (1-4 Units):Site-Built,250000.0,165000.0,66.0,Standard Risk (<=80%)
5029043,AR,Faulkner    ,Single Family (1-4 Units):Site-Built,443787.0,285000.0,64.22,Standard Risk (<=80%)
5029060,MI,Grand Traverse   ,Single Family (1-4 Units):Site-Built,307901.0,205000.0,66.58,Standard Risk (<=80%)
5029130,NY,Nassau    ,Single Family (1-4 Units):Site-Built,481250.0,385000.0,80.0,Standard Risk (<=80%)
5029208,CA,Alameda    ,Single Family (1-4 Units):Site-Built,756074.0,305000.0,40.34,Standard Risk (<=80%)
5029385,VA,Frederick    ,Single Family (1-4 Units):Site-Built,406667.0,305000.0,75.0,Standard Risk (<=80%)
5029406,PA,Bucks    ,Single Family (1-4 Units):Site-Built,425926.0,115000.0,27.0,Standard Risk (<=80%)
5029446,CA,Orange    ,Single Family (1-4 Units):Site-Built,693173.0,265000.0,38.23,Standard Risk (<=80%)
5029480,KY,Montgomery    ,Single Family (1-4 Units):Site-Built,291045.0,195000.0,67.0,Standard Risk (<=80%)
5029540,NY,Ulster    ,Single Family (1-4 Units):Site-Built,163158.0,155000.0,95.0,High Risk (>80%)
5029569,KY,Fayette    ,Single Family (1-4 Units):Site-Built,205264.0,195000.0,95.0,High Risk (>80%)
5029603,PA,Lehigh    ,Single Family (1-4 Units):Site-Built,239374.0,165000.0,68.93,Standard Risk (<=80%)
5029651,CA,Sacramento    ,Single Family (1-4 Units):Site-Built,420000.0,315000.0,75.0,Standard Risk (<=80%)
5029692,AZ,Yavapai    ,Single Family (1-4 Units):Site-Built,490120.0,315000.0,64.27,Standard Risk (<=80%)
5029708,CA,Marin    ,Single Family (1-4 Units):Site-Built,830588.0,605000.0,72.84,Standard Risk (<=80%)
5029721,NJ,Middlesex    ,Single Family (1-4 Units):Site-Built,691740.0,515000.0,74.45,Standard Risk (<=80%)
5029735,AL,Colbert    ,Single Family (1-4 Units):Site-Built,157516.0,105000.0,66.66,Standard Risk (<=80%)
5029768,NC,Durham    ,Single Family (1-4 Units):Site-Built,375803.0,205000.0,54.55,Standard Risk (<=80%)
5029883,TN,Dickson    ,Single Family (1-4 Units):Site-Built,329342.0,165000.0,50.1,Standard Risk (<=80%)
5029889,FL,Citrus    ,Single Family (1-4 Units):Site-Built,155102.0,135000.0,87.04,High Risk (>80%)
5029929,CA,Nevada    ,Single Family (1-4 Units):Site-Built,702438.0,415000.0,59.08,Standard Risk (<=80%)
5029980,NC,Orange    ,Single Family (1-4 Units):Site-Built,256098.0,105000.0,41.0,Standard Risk (<=80%)
5029994,CA,San Mateo   ,Single Family (1-4 Units):Site-Built,1166594.0,535000.0,45.86,Standard Risk (<=80%)
5030015,CA,Placer    ,Single Family (1-4 Units):Site-Built,622741.0,465000.0,74.67,Standard Risk (<=80%)
5030112,FL,Orange    ,Single Family (1-4 Units):Site-Built,394118.0,335000.0,85.0,High Risk (>80%)
5030114,IL,Will    ,Single Family (1-4 Units):Site-Built,237310.0,115000.0,48.46,Standard Risk (<=80%)
5030129,CA,Los Angeles   ,Single Family (1-4 Units):Site-Built,887697.0,215000.0,24.22,Standard Risk (<=80%)
5030145,NY,Putnam    ,Single Family (1-4 Units):Site-Built,357633.0,235000.0,65.71,Standard Risk (<=80%)
5030184,CA,Los Angeles   ,Single Family (1-4 Units):Site-Built,669390.0,295000.0,44.07,Standard Risk (<=80%)
5030208,CA,San Bernardino   ,Single Family (1-4 Units):Site-Built,737631.0,325000.0,44.06,Standard Risk (<=80%)
5030217,TX,Harris    ,Single Family (1-4 Units):Site-Built,766322.0,385000.0,50.24,Standard Risk (<=80%)
5030356,OH,Lorain    ,Single Family (1-4 Units):Site-Built,118750.0,95000.0,80.0,Standard Risk (<=80%)
5030365,MI,Oakland    ,Single Family (1-4 Units):Site-Built,283531.0,115000.0,40.56,Standard Risk (<=80%)
5030382,AR,Garland    ,Single Family (1-4 Units):Site-Built,198413.0,125000.0,63.0,Standard Risk (<=80%)
5030431,NJ,Burlington    ,Single Family (1-4 Units):Site-Built,269916.0,185000.0,68.54,Standard Risk (<=80%)
5030495,TX,Gillespie    ,Single Family (1-4 Units):Site-Built,300000.0,195000.0,65.0,Standard Risk (<=80%)
5030500,MI,Kent    ,Single Family (1-4 Units):Site-Built,256579.0,195000.0,76.0,Standard Risk (<=80%)
5030524,CA,Contra Costa   ,Single Family (1-4 Units):Site-Built,994527.0,745000.0,74.91,Standard Risk (<=80%)
5030566,NC,Rowan    ,Single Family (1-4 Units):Site-Built,241667.0,145000.0,60.0,Standard Risk (<=80%)
5030628,NY,Erie    ,Single Family (1-4 Units):Site-Built,996016.0,275000.0,27.61,Standard Risk (<=80%)
5030644,CA,Yuba    ,Single Family (1-4 Units):Site-Built,256098.0,105000.0,41.0,Standard Risk (<=80%)
5030646,TN,Davidson    ,Single Family (1-4 Units):Site-Built,195114.0,115000.0,58.94,Standard Risk (<=80%)
5030651,AZ,Maricopa    ,Single Family (1-4 Units):Site-Built,799794.0,155000.0,19.38,Standard Risk (<=80%)
5030660,CA,Los Angeles   ,Single Family (1-4 Units):Site-Built,801205.0,665000.0,83.0,High Risk (>80%)
5030662,MS,Pearl River   ,Single Family (1-4 Units):Site-Built,173685.0,165000.0,95.0,High Risk (>80%)
5030666,PA,Butler    ,Single Family (1-4 Units):Site-Built,506250.0,405000.0,80.0,Standard Risk (<=80%)
5030682,FL,Miami-Dade,Single Family (1-4 Units):Site-Built,738096.0,465000.0,63.0,Standard Risk (<=80%)
5030857,TX,Collin    ,Single Family (1-4 Units):Site-Built,566374.0,445000.0,78.57,Standard Risk (<=80%)
5030901,CA,Santa Clara   ,Single Family (1-4 Units):Site-Built,992958.0,705000.0,71.0,Standard Risk (<=80%)
5030945,TX,Washington    ,Single Family (1-4 Units):Site-Built,681250.0,545000.0,80.0,Standard Risk (<=80%)
5031010,GA,Coweta    ,Single Family (1-4 Units):Site-Built,293329.0,175000.0,59.66,Standard Risk (<=80%)
5031025,GA,Effingham    ,Single Family (1-4 Units):Site-Built,237206.0,165000.0,69.56,Standard Risk (<=80%)
5031040,CA,Placer    ,Single Family (1-4 Units):Site-Built,621351.0,415000.0,66.79,Standard Risk (<=80%)
5031108,CA,Santa Clara   ,Single Family (1-4 Units):Site-Built,922593.0,205000.0,22.22,Standard Risk (<=80%)
5031249,CA,Santa Clara   ,Single Family (1-4 Units):Site-Built,982143.0,495000.0,50.4,Standard Risk (<=80%)
5031316,TX,Brazos    ,Single Family (1-4 Units):Site-Built,143750.0,115000.0,80.0,Standard Risk (<=80%)
5031324,CA,Los Angeles   ,Single Family (1-4 Units):Site-Built,343384.0,205000.0,59.7,Standard Risk (<=80%)
5031327,MA,Suffolk    ,Single Family (1-4 Units):Site-Built,598733.0,255000.0,42.59,Standard Risk (<=80%)
5031333,CT,Fairfield    ,Single Family (1-4 Units):Site-Built,323991.0,215000.0,66.36,Standard Risk (<=80%)
5031381,CA,Alameda    ,Single Family (1-4 Units):Site-Built,1089286.0,305000.0,28.0,Standard Risk (<=80%)
5031387,WY,Lincoln    ,Single Family (1-4 Units):Site-Built,629195.0,375000.0,59.6,Standard Risk (<=80%)
5031412,PA,Montgomery    ,Single Family (1-4 Units):Site-Built,358334.0,215000.0,60.0,Standard Risk (<=80%)
5031421,CO,Jefferson    ,Single Family (1-4 Units):Site-Built,905599.0,495000.0,54.66,Standard Risk (<=80%)
5031529,FL,Brevard    ,Single Family (1-4 Units):Site-Built,395523.0,265000.0,67.0,Standard Risk (<=80%)
5031563,MI,Oakland    ,Single Family (1-4 Units):Site-Built,331704.0,285000.0,85.92,High Risk (>80%)
5031686,IN,Porter    ,Single Family (1-4 Units):Site-Built,177456.0,125000.0,70.44,Standard Risk (<=80%)
5031900,CA,Marin    ,Single Family (1-4 Units):Site-Built,1697265.0,955000.0,56.27,Standard Risk (<=80%)
5031936,MI,Macomb    ,Single Family (1-4 Units):Site-Built,243184.0,165000.0,67.85,Standard Risk (<=80%)
5031942,FL,Charlotte    ,Single Family (1-4 Units):Site-Built,315169.0,155000.0,49.18,Standard Risk (<=80%)
5032020,NJ,Monmouth    ,Single Family (1-4 Units):Site-Built,520981.0,185000.0,35.51,Standard Risk (<=80%)
5032053,GA,DeKalb    ,Single Family (1-4 Units):Site-Built,346636.0,205000.0,59.14,Standard Risk (<=80%)
5032083,UT,Weber    ,Single Family (1-4 Units):Site-Built,244811.0,125000.0,51.06,Standard Risk (<=80%)
5032111,NM,Bernalillo    ,Single Family (1-4 Units):Site-Built,258334.0,155000.0,60.0,Standard Risk (<=80%)
5032171,CA,Alameda    ,Single Family (1-4 Units):Site-Built,1714987.0,895000.0,52.19,Standard Risk (<=80%)
5032242,MD,Carroll    ,Single Family (1-4 Units):Site-Built,526667.0,395000.0,75.0,Standard Risk (<=80%)
5032250,TN,Dickson    ,Single Family (1-4 Units):Site-Built,460252.0,275000.0,59.75,Standard Risk (<=80%)
5032287,NM,Bernalillo    ,Single Family (1-4 Units):Site-Built,182138.0,135000.0,74.12,Standard Risk (<=80%)
5032402,NC,McDowell    ,Single Family (1-4 Units):Site-Built,205087.0,125000.0,60.95,Standard Risk (<=80%)
5032519,UT,Salt Lake   ,Single Family (1-4 Units):Site-Built,656250.0,525000.0,80.0,Standard Risk (<=80%)
5032613,CA,San Diego   ,Single Family (1-4 Units):Site-Built,340044.0,125000.0,36.76,Standard Risk (<=80%)
5032656,GA,Cobb    ,Single Family (1-4 Units):Site-Built,505508.0,335000.0,66.27,Standard Risk (<=80%)
5032681,MN,Mille Lacs   ,Single Family (1-4 Units):Site-Built,206250.0,165000.0,80.0,Standard Risk (<=80%)
5032683,KS,Johnson    ,Single Family (1-4 Units):Site-Built,464685.0,225000.0,48.42,Standard Risk (<=80%)
5032742,CA,San Francisco   ,Single Family (1-4 Units):Site-Built,1279070.0,825000.0,64.5,Standard Risk (<=80%)
5032748,TX,Collin    ,Single Family (1-4 Units):Site-Built,496032.0,325000.0,65.52,Standard Risk (<=80%)
5032826,CA,Orange    ,Single Family (1-4 Units):Site-Built,909091.0,135000.0,14.85,Standard Risk (<=80%)
5032842,CA,Solano    ,Single Family (1-4 Units):Site-Built,755135.0,375000.0,49.66,Standard Risk (<=80%)
5032918,LA,Terrebonne Parish   ,Single Family (1-4 Units):Site-Built,171648.0,85000.0,49.52,Standard Risk (<=80%)
5032953,FL,Leon    ,Single Family (1-4 Units):Site-Built,113334.0,85000.0,75.0,Standard Risk (<=80%)
5032982,NM,Valencia    ,Single Family (1-4 Units):Site-Built,292899.0,205000.0,69.99,Standard Risk (<=80%)
5032994,FL,Marion    ,Single Family (1-4 Units):Site-Built,363925.0,115000.0,31.6,Standard Risk (<=80%)
5033062,WA,Stevens    ,Single Family (1-4 Units):Site-Built,331250.0,265000.0,80.0,Standard Risk (<=80%)
5033076,CA,Alameda    ,Single Family (1-4 Units):Site-Built,942830.0,785000.0,83.26,High Risk (>80%)
5033105,OH,Miami    ,Single Family (1-4 Units):Site-Built,152415.0,95000.0,62.33,Standard Risk (<=80%)
5033188,CA,Los Angeles   ,Single Family (1-4 Units):Site-Built,726667.0,545000.0,75.0,Standard Risk (<=80%)
5033192,ME,Cumberland    ,Single Family (1-4 Units):Site-Built,357143.0,175000.0,49.0,Standard Risk (<=80%)
5033247,PA,Philadelphia    ,Single Family (1-4 Units):Site-Built,429488.0,335000.0,78.0,Standard Risk (<=80%)
5033269,OH,Cuyahoga    ,Single Family (1-4 Units):Site-Built,260068.0,155000.0,59.6,Standard Risk (<=80%)
5033288,VA,Loudoun    ,Single Family (1-4 Units):Site-Built,505891.0,365000.0,72.15,Standard Risk (<=80%)
5033292,DE,Kent    ,Single Family (1-4 Units):Site-Built,222191.0,155000.0,69.76,Standard Risk (<=80%)
5033329,GA,Fannin    ,Single Family (1-4 Units):Site-Built,606250.0,485000.0,80.0,Standard Risk (<=80%)
5033348,MI,Oakland    ,Single Family (1-4 Units):Site-Built,494223.0,355000.0,71.83,Standard Risk (<=80%)
5033412,CA,Fresno    ,Single Family (1-4 Units):Site-Built,296158.0,205000.0,69.22,Standard Risk (<=80%)
5033422,FL,Sarasota    ,Single Family (1-4 Units):Site-Built,301609.0,225000.0,74.6,Standard Risk (<=80%)
5033450,CA,Los Angeles   ,Single Family (1-4 Units):Site-Built,543385.0,315000.0,57.97,Standard Risk (<=80%)
5033498,VA,Bedford    ,Single Family (1-4 Units):Site-Built,265614.0,185000.0,69.65,Standard Risk (<=80%)
5033507,MA,Worcester    ,Single Family (1-4 Units):Site-Built,187075.0,165000.0,88.2,High Risk (>80%)
5033510,CA,Los Angeles   ,Single Family (1-4 Units):Site-Built,600044.0,275000.0,45.83,Standard Risk (<=80%)
5033566,TX,Comal    ,Single Family (1-4 Units):Site-Built,178378.0,115000.0,64.47,Standard Risk (<=80%)
5033655,TX,Collin    ,Single Family (1-4 Units):Site-Built,432996.0,295000.0,68.13,Standard Risk (<=80%)
5033733,MD,Carroll    ,Single Family (1-4 Units):Site-Built,384283.0,355000.0,92.38,High Risk (>80%)
5033802,WA,King    ,Single Family (1-4 Units):Site-Built,905406.0,335000.0,37.0,Standard Risk (<=80%)
5033818,NY,Kings    ,Single Family (1-4 Units):Site-Built,694445.0,625000.0,90.0,High Risk (>80%)
5033819,MI,Oakland    ,Single Family (1-4 Units):Site-Built,383334.0,345000.0,90.0,High Risk (>80%)
5033856,WA,King    ,Single Family (1-4 Units):Site-Built,893443.0,545000.0,61.0,Standard Risk (<=80%)
5034066,CA,Alameda    ,Single Family (1-4 Units):Site-Built,1203023.0,605000.0,50.29,Standard Risk (<=80%)
5034067,NJ,Union    ,Single Family (1-4 Units):Site-Built,629412.0,535000.0,85.0,High Risk (>80%)
5034107,FL,Sarasota    ,Single Family (1-4 Units):Site-Built,448530.0,305000.0,68.0,Standard Risk (<=80%)
5034173,MN,Hennepin    ,Single Family (1-4 Units):Site-Built,494708.0,215000.0,43.46,Standard Risk (<=80%)
5034237,AL,Limestone    ,Single Family (1-4 Units):Site-Built,258931.0,245000.0,94.62,High Risk (>80%)
5034279,MI,Gladwin    ,Single Family (1-4 Units):Site-Built,150000.0,135000.0,90.0,High Risk (>80%)
5034303,CA,San Bernardino   ,Single Family (1-4 Units):Site-Built,408412.0,235000.0,57.54,Standard Risk (<=80%)
5034448,TN,Shelby    ,Single Family (1-4 Units):Site-Built,325397.0,205000.0,63.0,Standard Risk (<=80%)
5034458,NY,Erie    ,Single Family (1-4 Units):Site-Built,306250.0,245000.0,80.0,Standard Risk (<=80%)
5034567,VA,Fairfax    ,Single Family (1-4 Units):Site-Built,991667.0,595000.0,60.0,Standard Risk (<=80%)
5034577,IA,Polk    ,Single Family (1-4 Units):Site-Built,268545.0,185000.0,68.89,Standard Risk (<=80%)
5034591,CA,Santa Clara   ,Single Family (1-4 Units):Site-Built,989584.0,475000.0,48.0,Standard Risk (<=80%)
5034602,WV,Raleigh    ,Single Family (1-4 Units):Site-Built,111765.0,95000.0,85.0,High Risk (>80%)
5034614,NC,Dare    ,Single Family (1-4 Units):Site-Built,348215.0,195000.0,56.0,Standard Risk (<=80%)
5034625,GA,Cobb    ,Single Family (1-4 Units):Site-Built,431035.0,125000.0,29.0,Standard Risk (<=80%)
5034627,OH,Lake    ,Single Family (1-4 Units):Site-Built,307531.0,205000.0,66.66,Standard Risk (<=80%)
5034680,CA,Sacramento    ,Single Family (1-4 Units):Site-Built,430000.0,215000.0,50.0,Standard Risk (<=80%)
5034689,NJ,Bergen    ,Single Family (1-4 Units):Site-Built,434344.0,215000.0,49.5,Standard Risk (<=80%)
5034702,MI,Wayne    ,Single Family (1-4 Units):Site-Built,158349.0,125000.0,78.94,Standard Risk (<=80%)
5034726,NJ,Mercer    ,Single Family (1-4 Units):Site-Built,429412.0,365000.0,85.0,High Risk (>80%)
5034748,CA,Riverside    ,Single Family (1-4 Units):Site-Built,643750.0,515000.0,80.0,Standard Risk (<=80%)
5034777,IL,Cook    ,Single Family (1-4 Units):Site-Built,261580.0,205000.0,78.37,Standard Risk (<=80%)
5034781,NY,Putnam    ,Single Family (1-4 Units):Site-Built,381250.0,305000.0,80.0,Standard Risk (<=80%)
5034832,CO,Jefferson    ,Single Family (1-4 Units):Site-Built,347458.0,205000.0,59.0,Standard Risk (<=80%)
5034885,MI,Washtenaw    ,Single Family (1-4 Units):Site-Built,171796.0,115000.0,66.94,Standard Risk (<=80%)
5034956,MA,Worcester    ,Single Family (1-4 Units):Site-Built,322886.0,205000.0,63.49,Standard Risk (<=80%)
5034959,CA,Santa Cruz   ,Single Family (1-4 Units):Site-Built,1371505.0,515000.0,37.55,Standard Risk (<=80%)
5035038,WI,Polk    ,Single Family (1-4 Units):Site-Built,591944.0,385000.0,65.04,Standard Risk (<=80%)
5035045,MI,Grand Traverse   ,Single Family (1-4 Units):Site-Built,252578.0,245000.0,97.0,High Risk (>80%)
5035205,CA,Contra Costa   ,Single Family (1-4 Units):Site-Built,971787.0,465000.0,47.85,Standard Risk (<=80%)
5035243,WA,King    ,Single Family (1-4 Units):Site-Built,573395.0,175000.0,30.52,Standard Risk (<=80%)
5035407,WA,Pierce    ,Single Family (1-4 Units):Site-Built,784483.0,455000.0,58.0,Standard Risk (<=80%)
5035411,WA,Clark    ,Single Family (1-4 Units):Site-Built,443764.0,275000.0,61.97,Standard Risk (<=80%)
5035493,OR,Deschutes    ,Single Family (1-4 Units):Site-Built,720339.0,425000.0,59.0,Standard Risk (<=80%)
5035522,CA,Los Angeles   ,Single Family (1-4 Units):Site-Built,1642858.0,345000.0,21.0,Standard Risk (<=80%)
5035579,TX,Upshur    ,Single Family (1-4 Units):Site-Built,231250.0,185000.0,80.0,Standard Risk (<=80%)
5035606,CA,Alameda    ,Single Family (1-4 Units):Site-Built,705264.0,335000.0,47.5,Standard Risk (<=80%)
5035673,CA,Kern    ,Single Family (1-4 Units):Site-Built,194737.0,185000.0,95.0,High Risk (>80%)
5035747,MT,Yellowstone    ,Single Family (1-4 Units):Site-Built,301725.0,175000.0,58.0,Standard Risk (<=80%)
5035761,SC,Richland    ,Single Family (1-4 Units):Site-Built,215841.0,115000.0,53.28,Standard Risk (<=80%)
5035767,CA,Nevada    ,Single Family (1-4 Units):Site-Built,556439.0,245000.0,44.03,Standard Risk (<=80%)
5035777,IN,Elkhart    ,Single Family (1-4 Units):Site-Built,197629.0,125000.0,63.25,Standard Risk (<=80%)
5035788,FL,Sumter    ,Single Family (1-4 Units):Site-Built,281250.0,225000.0,80.0,Standard Risk (<=80%)
5035792,TX,Montgomery    ,Single Family (1-4 Units):Site-Built,396616.0,225000.0,56.73,Standard Risk (<=80%)
5035807,CA,Riverside    ,Single Family (1-4 Units):Site-Built,368750.0,295000.0,80.0,Standard Risk (<=80%)
5035849,TX,Midland    ,Single Family (1-4 Units):Site-Built,320957.0,255000.0,79.45,Standard Risk (<=80%)
5035885,CA,San Bernardino   ,Single Family (1-4 Units):Site-Built,375000.0,165000.0,44.0,Standard Risk (<=80%)
5035901,MA,Middlesex    ,Single Family (1-4 Units):Site-Built,608055.0,305000.0,50.16,Standard Risk (<=80%)
5035918,MD,Prince George   ,Single Family (1-4 Units):Site-Built,341667.0,205000.0,60.0,Standard Risk (<=80%)
5036008,OH,Trumbull    ,Single Family (1-4 Units):Site-Built,254030.0,145000.0,57.08,Standard Risk (<=80%)
5036015,NJ,Mercer    ,Single Family (1-4 Units):Site-Built,303381.0,105000.0,34.61,Standard Risk (<=80%)
5036033,TX,Tarrant    ,Single Family (1-4 Units):Site-Built,264938.0,235000.0,88.7,High Risk (>80%)
5036067,MI,Macomb    ,Single Family (1-4 Units):Site-Built,550512.0,285000.0,51.77,Standard Risk (<=80%)
5036257,PA,Lehigh    ,Single Family (1-4 Units):Site-Built,458334.0,275000.0,60.0,Standard Risk (<=80%)
5036282,PA,Bucks    ,Single Family (1-4 Units):Site-Built,506250.0,405000.0,80.0,Standard Risk (<=80%)
5036483,MA,Worcester    ,Single Family (1-4 Units):Site-Built,874958.0,515000.0,58.86,Standard Risk (<=80%)
5036527,KY,Fayette    ,Single Family (1-4 Units):Site-Built,318966.0,185000.0,58.0,Standard Risk (<=80%)
5036659,NJ,Ocean    ,Single Family (1-4 Units):Site-Built,424278.0,295000.0,69.53,Standard Risk (<=80%)
5036660,CA,Riverside    ,Single Family (1-4 Units):Site-Built,593348.0,355000.0,59.83,Standard Risk (<=80%)
5036700,PA,York    ,Single Family (1-4 Units):Site-Built,108248.0,105000.0,97.0,High Risk (>80%)
5036746,MS,DeSoto    ,Single Family (1-4 Units):Site-Built,240000.0,135000.0,56.25,Standard Risk (<=80%)
5036757,CA,Los Angeles   ,Single Family (1-4 Units):Site-Built,408334.0,245000.0,60.0,Standard Risk (<=80%)
5036797,CA,Sacramento    ,Single Family (1-4 Units):Site-Built,1404708.0,185000.0,13.17,Standard Risk (<=80%)
5036800,ND,Cass    ,Single Family (1-4 Units):Site-Built,345570.0,305000.0,88.26,High Risk (>80%)
5036854,KY,Marion    ,Single Family (1-4 Units):Site-Built,217182.0,135000.0,62.16,Standard Risk (<=80%)
5036894,AZ,Maricopa    ,Single Family (1-4 Units):Site-Built,512500.0,205000.0,40.0,Standard Risk (<=80%)
5037079,LA,St. Tammany Parish  ,Single Family (1-4 Units):Site-Built,201501.0,145000.0,71.96,Standard Risk (<=80%)
5037089,NV,Clark    ,Single Family (1-4 Units):Site-Built,455606.0,215000.0,47.19,Standard Risk (<=80%)
5037139,MO,St. Louis   ,Single Family (1-4 Units):Site-Built,381945.0,275000.0,72.0,Standard Risk (<=80%)
5037159,IN,Morgan    ,Single Family (1-4 Units):Site-Built,220589.0,75000.0,34.0,Standard Risk (<=80%)
5037177,SC,Pickens    ,Single Family (1-4 Units):Site-Built,185021.0,125000.0,67.56,Standard Risk (<=80%)
5037247,GA,Richmond    ,Single Family (1-4 Units):Site-Built,192940.0,135000.0,69.97,Standard Risk (<=80%)
5037291,MN,Wright    ,Single Family (1-4 Units):Site-Built,167118.0,105000.0,62.83,Standard Risk (<=80%)
5037400,CA,Los Angeles   ,Single Family (1-4 Units):Site-Built,758698.0,205000.0,27.02,Standard Risk (<=80%)
5037500,CA,Riverside    ,Single Family (1-4 Units):Site-Built,608696.0,245000.0,40.25,Standard Risk (<=80%)
5037566,MI,Oakland    ,Single Family (1-4 Units):Site-Built,236340.0,125000.0,52.89,Standard Risk (<=80%)
5037617,CA,Nevada    ,Single Family (1-4 Units):Site-Built,2237275.0,545000.0,24.36,Standard Risk (<=80%)
5037624,CT,New London   ,Single Family (1-4 Units):Site-Built,255050.0,125000.0,49.01,Standard Risk (<=80%)
5024842,CA,San Bernardino   ,Single Family (1-4 Units):Site-Built,311977.0,205000.0,65.71,Standard Risk (<=80%)
5025068,MI,Wayne    ,Single Family (1-4 Units):Site-Built,168237.0,125000.0,74.3,Standard Risk (<=80%)
5025343,NC,Onslow    ,Single Family (1-4 Units):Site-Built,195008.0,125000.0,64.1,Standard Risk (<=80%)
5025386,NY,Wyoming    ,Single Family (1-4 Units):Site-Built,207143.0,145000.0,70.0,Standard Risk (<=80%)
5025414,WY,Fremont    ,Single Family (1-4 Units):Site-Built,418018.0,245000.0,58.61,Standard Risk (<=80%)
5025486,MI,Kent    ,Single Family (1-4 Units):Site-Built,478510.0,285000.0,59.56,Standard Risk (<=80%)
5026246,IN,Shelby    ,Single Family (1-4 Units):Site-Built,156344.0,105000.0,67.16,Standard Risk (<=80%)
5026696,WA,Pierce    ,Single Family (1-4 Units):Site-Built,456250.0,365000.0,80.0,Standard Risk (<=80%)
5026727,NY,Clinton    ,Single Family (1-4 Units):Site-Built,194737.0,185000.0,95.0,High Risk (>80%)
5027037,CA,Los Angeles   ,Single Family (1-4 Units):Site-Built,1309436.0,705000.0,53.84,Standard Risk (<=80%)
5027305,MI,Kent    ,Single Family (1-4 Units):Site-Built,206250.0,165000.0,80.0,Standard Risk (<=80%)
5027342,VA,Chesterfield    ,Single Family (1-4 Units):Site-Built,386041.0,125000.0,32.38,Standard Risk (<=80%)
5027364,IN,Elkhart    ,Single Family (1-4 Units):Site-Built,121671.0,95000.0,78.08,Standard Risk (<=80%)
5027578,NJ,Sussex    ,Single Family (1-4 Units):Site-Built,304124.0,295000.0,97.0,High Risk (>80%)
5027832,RI,Bristol    ,Single Family (1-4 Units):Site-Built,410034.0,255000.0,62.19,Standard Risk (<=80%)
5027860,CA,Fresno    ,Single Family (1-4 Units):Site-Built,375000.0,225000.0,60.0,Standard Risk (<=80%)
5027998,NC,New Hanover   ,Single Family (1-4 Units):Site-Built,225849.0,155000.0,68.63,Standard Risk (<=80%)
5028189,TX,Denton    ,Single Family (1-4 Units):Site-Built,500491.0,255000.0,50.95,Standard Risk (<=80%)
5028485,CA,San Diego   ,Single Family (1-4 Units):Site-Built,587500.0,235000.0,40.0,Standard Risk (<=80%)
5028774,UT,Weber    ,Single Family (1-4 Units):Site-Built,310020.0,125000.0,40.32,Standard Risk (<=80%)
5029146,CA,Santa Clara   ,Single Family (1-4 Units):Site-Built,770640.0,505000.0,65.53,Standard Risk (<=80%)
5029222,TN,Knox    ,Single Family (1-4 Units):Site-Built,117766.0,105000.0,89.16,High Risk (>80%)
5029737,MO,Lafayette    ,Single Family (1-4 Units):Site-Built,175030.0,75000.0,42.85,Standard Risk (<=80%)
5029918,LA,Avoyelles Parish   ,Single Family (1-4 Units):Site-Built,193750.0,155000.0,80.0,Standard Risk (<=80%)
5030038,NM,Sandoval    ,Single Family (1-4 Units):Site-Built,232143.0,65000.0,28.0,Standard Risk (<=80%)
5030595,MI,Oakland    ,Single Family (1-4 Units):Site-Built,338889.0,305000.0,90.0,High Risk (>80%)
5030830,CA,Orange    ,Single Family (1-4 Units):Site-Built,1012718.0,215000.0,21.23,Standard Risk (<=80%)
5030982,DE,Kent    ,Single Family (1-4 Units):Site-Built,361843.0,275000.0,76.0,Standard Risk (<=80%)
5031112,TX,Potter    ,Single Family (1-4 Units):Site-Built,180045.0,155000.0,86.09,High Risk (>80%)
5031257,GA,Camden    ,Single Family (1-4 Units):Site-Built,438882.0,135000.0,30.76,Standard Risk (<=80%)
5031262,FL,Charlotte    ,Single Family (1-4 Units):Site-Built,471154.0,245000.0,52.0,Standard Risk (<=80%)
5031288,CA,Los Angeles   ,Single Family (1-4 Units):Site-Built,563807.0,205000.0,36.36,Standard Risk (<=80%)
5031320,IL,Boone    ,Single Family (1-4 Units):Site-Built,126866.0,85000.0,67.0,Standard Risk (<=80%)
5032139,CT,Litchfield    ,Single Family (1-4 Units):Site-Built,257895.0,245000.0,95.0,High Risk (>80%)
5032203,AL,Jefferson    ,Single Family (1-4 Units):Site-Built,257156.0,115000.0,44.72,Standard Risk (<=80%)
5032441,GA,Gwinnett    ,Single Family (1-4 Units):Site-Built,426707.0,255000.0,59.76,Standard Risk (<=80%)
5032677,OH,Summit    ,Single Family (1-4 Units):Site-Built,298073.0,215000.0,72.13,Standard Risk (<=80%)
5032893,FL,Palm Beach   ,Single Family (1-4 Units):Site-Built,521882.0,415000.0,79.52,Standard Risk (<=80%)
5033234,PA,Bucks    ,Single Family (1-4 Units):Site-Built,658334.0,395000.0,60.0,Standard Risk (<=80%)
5033994,MA,Middlesex    ,Single Family (1-4 Units):Site-Built,908130.0,515000.0,56.71,Standard Risk (<=80%)
5034583,CA,Los Angeles   ,Single Family (1-4 Units):Site-Built,683847.0,475000.0,69.46,Standard Risk (<=80%)
5034621,WI,Dane    ,Single Family (1-4 Units):Site-Built,210000.0,105000.0,50.0,Standard Risk (<=80%)
5034939,PA,Luzerne    ,Single Family (1-4 Units):Site-Built,214286.0,75000.0,35.0,Standard Risk (<=80%)
5035208,TX,Harris    ,Single Family (1-4 Units):Site-Built,322666.0,245000.0,75.93,Standard Risk (<=80%)
5035347,VA,Louisa    ,Single Family (1-4 Units):Site-Built,335189.0,265000.0,79.06,Standard Risk (<=80%)
5035457,WA,Pierce    ,Single Family (1-4 Units):Site-Built,667515.0,525000.0,78.65,Standard Risk (<=80%)
5036174,NY,Orange    ,Single Family (1-4 Units):Site-Built,693958.0,495000.0,71.33,Standard Risk (<=80%)
5036206,CA,Santa Clara   ,Single Family (1-4 Units):Site-Built,3627059.0,815000.0,22.47,Standard Risk (<=80%)
5036462,NY,Nassau    ,Single Family (1-4 Units):Site-Built,565790.0,215000.0,38.0,Standard Risk (<=80%)
5036526,GA,Richmond    ,Single Family (1-4 Units):Site-Built,327368.0,225000.0,68.73,Standard Risk (<=80%)
5036718,GA,Fulton    ,Single Family (1-4 Units):Site-Built,238889.0,215000.0,90.0,High Risk (>80%)
5036887,MI,Emmet    ,Single Family (1-4 Units):Site-Built,300018.0,175000.0,58.33,Standard Risk (<=80%)
5036916,CA,San Diego   ,Single Family (1-4 Units):Site-Built,946442.0,645000.0,68.15,Standard Risk (<=80%)
5037252,FL,Hillsborough    ,Single Family (1-4 Units):Site-Built,281250.0,225000.0,80.0,Standard Risk (<=80%)
5037264,OH,Perry    ,Single Family (1-4 Units):Site-Built,255344.0,135000.0,52.87,Standard Risk (<=80%)
5037367,GA,Forsyth    ,Single Family (1-4 Units):Site-Built,376337.0,285000.0,75.73,Standard Risk (<=80%)
5024054,SC,Aiken    ,Single Family (1-4 Units):Site-Built,201915.0,135000.0,66.86,Standard Risk (<=80%)
5024243,AL,Madison    ,Single Family (1-4 Units):Site-Built,456250.0,365000.0,80.0,Standard Risk (<=80%)
5024282,MD,Queen Anne   ,Single Family (1-4 Units):Site-Built,250000.0,175000.0,70.0,Standard Risk (<=80%)
5024325,FL,Lee    ,Single Family (1-4 Units):Site-Built,179857.0,145000.0,80.62,High Risk (>80%)
5024340,RI,Providence    ,Single Family (1-4 Units):Site-Built,724720.0,645000.0,89.0,High Risk (>80%)
5024369,FL,Pasco    ,Single Family (1-4 Units):Site-Built,166003.0,75000.0,45.18,Standard Risk (<=80%)
5024416,NJ,Sussex    ,Single Family (1-4 Units):Site-Built,310795.0,205000.0,65.96,Standard Risk (<=80%)
5024418,CA,Alameda    ,Single Family (1-4 Units):Site-Built,1408816.0,815000.0,57.85,Standard Risk (<=80%)
5024441,NJ,Passaic    ,Single Family (1-4 Units):Site-Built,447194.0,235000.0,52.55,Standard Risk (<=80%)
5024477,ME,Cumberland    ,Single Family (1-4 Units):Site-Built,307143.0,215000.0,70.0,Standard Risk (<=80%)
5024506,WA,Chelan    ,Single Family (1-4 Units):Site-Built,249644.0,175000.0,70.1,Standard Risk (<=80%)
5024516,TX,Smith    ,Single Family (1-4 Units):Site-Built,217947.0,145000.0,66.53,Standard Risk (<=80%)
5024521,IN,St. Joseph   ,Single Family (1-4 Units):Site-Built,167853.0,125000.0,74.47,Standard Risk (<=80%)
5024636,NC,Cabarrus    ,Single Family (1-4 Units):Site-Built,220000.0,165000.0,75.0,Standard Risk (<=80%)
5024664,NJ,Ocean    ,Single Family (1-4 Units):Site-Built,486432.0,285000.0,58.59,Standard Risk (<=80%)
5024679,NC,Hoke    ,Single Family (1-4 Units):Site-Built,198114.0,105000.0,53.0,Standard Risk (<=80%)
5024711,OR,Lane    ,Single Family (1-4 Units):Site-Built,277182.0,155000.0,55.92,Standard Risk (<=80%)
5024746,CO,Archuleta    ,Single Family (1-4 Units):Site-Built,850118.0,325000.0,38.23,Standard Risk (<=80%)
5024749,TX,Denton    ,Single Family (1-4 Units):Site-Built,358768.0,205000.0,57.14,Standard Risk (<=80%)
5024785,GA,Cobb    ,Single Family (1-4 Units):Site-Built,406250.0,325000.0,80.0,Standard Risk (<=80%)
5024823,NJ,Ocean    ,Single Family (1-4 Units):Site-Built,1186275.0,605000.0,51.0,Standard Risk (<=80%)
5024839,NV,Clark    ,Single Family (1-4 Units):Site-Built,582232.0,405000.0,69.56,Standard Risk (<=80%)
5024876,KY,Jefferson    ,Single Family (1-4 Units):Site-Built,260000.0,195000.0,75.0,Standard Risk (<=80%)
5024885,MN,Hennepin    ,Single Family (1-4 Units):Site-Built,281250.0,225000.0,80.0,Standard Risk (<=80%)
5024992,MD,Prince George   ,Single Family (1-4 Units):Site-Built,494680.0,265000.0,53.57,Standard Risk (<=80%)
5025135,MA,Middlesex    ,Single Family (1-4 Units):Site-Built,803447.0,345000.0,42.94,Standard Risk (<=80%)
5025150,UT,Salt Lake   ,Single Family (1-4 Units):Site-Built,808334.0,485000.0,60.0,Standard Risk (<=80%)
5025269,MO,Taney    ,Single Family (1-4 Units):Site-Built,137808.0,115000.0,83.45,High Risk (>80%)
5025488,CA,San Mateo   ,Single Family (1-4 Units):Site-Built,1002539.0,395000.0,39.4,Standard Risk (<=80%)
5025513,AL,Mobile    ,Single Family (1-4 Units):Site-Built,233334.0,175000.0,75.0,Standard Risk (<=80%)
5025582,CA,Sacramento    ,Single Family (1-4 Units):Site-Built,955415.0,225000.0,23.55,Standard Risk (<=80%)
5025583,MA,Middlesex    ,Single Family (1-4 Units):Site-Built,478948.0,455000.0,95.0,High Risk (>80%)
5025619,CA,Ventura    ,Single Family (1-4 Units):Site-Built,930770.0,605000.0,65.0,Standard Risk (<=80%)
5025656,DE,Sussex    ,Single Family (1-4 Units):Site-Built,366667.0,275000.0,75.0,Standard Risk (<=80%)
5025696,AL,Lauderdale    ,Single Family (1-4 Units):Site-Built,128866.0,125000.0,97.0,High Risk (>80%)
5025727,GA,Forsyth    ,Single Family (1-4 Units):Site-Built,488236.0,415000.0,85.0,High Risk (>80%)
5025728,CA,Santa Clara   ,Single Family (1-4 Units):Site-Built,631250.0,505000.0,80.0,Standard Risk (<=80%)
5025796,WI,Manitowoc    ,Single Family (1-4 Units):Site-Built,84982.0,55000.0,64.72,Standard Risk (<=80%)
5025833,MI,Oakland    ,Single Family (1-4 Units):Site-Built,583621.0,305000.0,52.26,Standard Risk (<=80%)
5025843,TX,McLennan    ,Single Family (1-4 Units):Site-Built,283314.0,145000.0,51.18,Standard Risk (<=80%)
5025873,MI,Genesee    ,Single Family (1-4 Units):Site-Built,254213.0,175000.0,68.84,Standard Risk (<=80%)
5026023,GA,Barrow    ,Single Family (1-4 Units):Site-Built,262182.0,205000.0,78.19,Standard Risk (<=80%)
5026028,MD,Baltimore city   ,Single Family (1-4 Units):Site-Built,435715.0,305000.0,70.0,Standard Risk (<=80%)
5026059,MA,Suffolk    ,Single Family (1-4 Units):Site-Built,307860.0,85000.0,27.61,Standard Risk (<=80%)
5026112,NE,Saunders    ,Single Family (1-4 Units):Site-Built,128435.0,115000.0,89.54,High Risk (>80%)
5026124,CA,Fresno    ,Single Family (1-4 Units):Site-Built,291667.0,175000.0,60.0,Standard Risk (<=80%)
5026192,IL,Iroquois    ,Single Family (1-4 Units):Site-Built,269152.0,195000.0,72.45,Standard Risk (<=80%)
5026235,MD,Baltimore    ,Single Family (1-4 Units):Site-Built,346845.0,255000.0,73.52,Standard Risk (<=80%)
5026338,NC,Iredell    ,Single Family (1-4 Units):Site-Built,245763.0,145000.0,59.0,Standard Risk (<=80%)
5026395,FL,Miami-Dade,Single Family (1-4 Units):Site-Built,383334.0,345000.0,90.0,High Risk (>80%)
5026511,FL,Palm Beach   ,Single Family (1-4 Units):Site-Built,812500.0,585000.0,72.0,Standard Risk (<=80%)
5026633,FL,Volusia    ,Single Family (1-4 Units):Site-Built,245011.0,205000.0,83.67,High Risk (>80%)
5026731,TX,Travis    ,Single Family (1-4 Units):Site-Built,316940.0,145000.0,45.75,Standard Risk (<=80%)
5026787,IN,La Porte   ,Single Family (1-4 Units):Site-Built,195024.0,145000.0,74.35,Standard Risk (<=80%)
5026801,CA,Marin    ,Single Family (1-4 Units):Site-Built,994973.0,475000.0,47.74,Standard Risk (<=80%)
5026845,AZ,Maricopa    ,Single Family (1-4 Units):Site-Built,372567.0,245000.0,65.76,Standard Risk (<=80%)
5026899,PA,Philadelphia    ,Single Family (1-4 Units):Site-Built,205264.0,195000.0,95.0,High Risk (>80%)
5026948,NM,Otero    ,Single Family (1-4 Units):Site-Built,281749.0,205000.0,72.76,Standard Risk (<=80%)
5027005,NJ,Monmouth    ,Single Family (1-4 Units):Site-Built,784884.0,135000.0,17.2,Standard Risk (<=80%)
5027019,IL,Cook    ,Single Family (1-4 Units):Site-Built,950162.0,265000.0,27.89,Standard Risk (<=80%)
5027034,MD,Prince George   ,Single Family (1-4 Units):Site-Built,331579.0,315000.0,95.0,High Risk (>80%)
5027052,GA,Whitfield    ,Single Family (1-4 Units):Site-Built,246836.0,195000.0,79.0,Standard Risk (<=80%)
5027132,CO,Pueblo    ,Single Family (1-4 Units):Site-Built,547242.0,245000.0,44.77,Standard Risk (<=80%)
5027159,PA,Philadelphia    ,Single Family (1-4 Units):Site-Built,412668.0,215000.0,52.1,Standard Risk (<=80%)
5027292,MI,Menominee    ,Single Family (1-4 Units):Site-Built,403302.0,215000.0,53.31,Standard Risk (<=80%)
5027295,FL,Hillsborough    ,Single Family (1-4 Units):Site-Built,265032.0,175000.0,66.03,Standard Risk (<=80%)
5027398,TX,Tarrant    ,Single Family (1-4 Units):Site-Built,324676.0,275000.0,84.7,High Risk (>80%)
5027424,TX,Tarrant    ,Single Family (1-4 Units):Site-Built,258633.0,185000.0,71.53,Standard Risk (<=80%)
5027432,TX,Bell    ,Single Family (1-4 Units):Site-Built,271341.0,185000.0,68.18,Standard Risk (<=80%)
5027483,NY,Oneida    ,Single Family (1-4 Units):Site-Built,175000.0,105000.0,60.0,Standard Risk (<=80%)
5027514,CA,Los Angeles   ,Single Family (1-4 Units):Site-Built,1806043.0,825000.0,45.68,Standard Risk (<=80%)
5027728,CA,Orange    ,Single Family (1-4 Units):Site-Built,988583.0,355000.0,35.91,Standard Risk (<=80%)
5027745,GA,Johnson    ,Single Family (1-4 Units):Site-Built,187244.0,155000.0,82.78,High Risk (>80%)
5027755,CA,San Bernardino   ,Single Family (1-4 Units):Site-Built,384211.0,365000.0,95.0,High Risk (>80%)
5027778,CA,Madera    ,Single Family (1-4 Units):Site-Built,526667.0,395000.0,75.0,Standard Risk (<=80%)
5027828,CA,San Diego   ,Single Family (1-4 Units):Site-Built,447726.0,185000.0,41.32,Standard Risk (<=80%)
5027970,TN,Shelby    ,Single Family (1-4 Units):Site-Built,276316.0,105000.0,38.0,Standard Risk (<=80%)
5028018,KY,Jefferson    ,Single Family (1-4 Units):Site-Built,153062.0,75000.0,49.0,Standard Risk (<=80%)
5028026,CT,Fairfield    ,Single Family (1-4 Units):Site-Built,745193.0,465000.0,62.4,Standard Risk (<=80%)
5028033,CA,San Joaquin   ,Single Family (1-4 Units):Site-Built,318828.0,285000.0,89.39,High Risk (>80%)
5028034,CA,Santa Barbara   ,Single Family (1-4 Units):Site-Built,479119.0,335000.0,69.92,Standard Risk (<=80%)
5028079,IL,Cook    ,Single Family (1-4 Units):Site-Built,365980.0,355000.0,97.0,High Risk (>80%)
5028173,NY,Suffolk    ,Single Family (1-4 Units):Site-Built,498988.0,345000.0,69.14,Standard Risk (<=80%)
5028291,CA,Alameda    ,Single Family (1-4 Units):Site-Built,622255.0,255000.0,40.98,Standard Risk (<=80%)
5028359,TX,Dallas    ,Single Family (1-4 Units):Site-Built,1160433.0,515000.0,44.38,Standard Risk (<=80%)
5028373,TX,Gaines    ,Single Family (1-4 Units):Site-Built,122736.0,105000.0,85.55,High Risk (>80%)
5028432,GA,Clarke    ,Single Family (1-4 Units):Site-Built,245455.0,135000.0,55.0,Standard Risk (<=80%)
5028447,FL,Orange    ,Single Family (1-4 Units):Site-Built,381250.0,305000.0,80.0,Standard Risk (<=80%)
5028449,CA,Sacramento    ,Single Family (1-4 Units):Site-Built,431035.0,125000.0,29.0,Standard Risk (<=80%)
5028473,IL,Stephenson    ,Single Family (1-4 Units):Site-Built,144068.0,85000.0,59.0,Standard Risk (<=80%)
5028522,NV,Washoe    ,Single Family (1-4 Units):Site-Built,510527.0,485000.0,95.0,High Risk (>80%)
5028535,CO,El Paso   ,Single Family (1-4 Units):Site-Built,306062.0,205000.0,66.98,Standard Risk (<=80%)
5028546,FL,Highlands    ,Single Family (1-4 Units):Site-Built,202899.0,175000.0,86.25,High Risk (>80%)
5028552,CA,San Bernardino   ,Single Family (1-4 Units):Site-Built,290457.0,245000.0,84.35,High Risk (>80%)
5028556,CA,Los Angeles   ,Single Family (1-4 Units):Site-Built,750154.0,245000.0,32.66,Standard Risk (<=80%)
5028597,CA,Los Angeles   ,Single Family (1-4 Units):Site-Built,976498.0,295000.0,30.21,Standard Risk (<=80%)
5028598,NC,Durham    ,Single Family (1-4 Units):Site-Built,242909.0,155000.0,63.81,Standard Risk (<=80%)
5028600,NC,Davidson    ,Single Family (1-4 Units):Site-Built,196814.0,105000.0,53.35,Standard Risk (<=80%)
5028615,NJ,Monmouth    ,Single Family (1-4 Units):Site-Built,300000.0,135000.0,45.0,Standard Risk (<=80%)
5028677,MI,Oakland    ,Single Family (1-4 Units):Site-Built,366667.0,275000.0,75.0,Standard Risk (<=80%)
5028724,UT,Salt Lake   ,Single Family (1-4 Units):Site-Built,998371.0,245000.0,24.54,Standard Risk (<=80%)
5028837,FL,Broward    ,Single Family (1-4 Units):Site-Built,356759.0,265000.0,74.28,Standard Risk (<=80%)
5028890,GA,Emanuel    ,Single Family (1-4 Units):Site-Built,233334.0,175000.0,75.0,Standard Risk (<=80%)
5028908,CA,San Diego   ,Single Family (1-4 Units):Site-Built,575066.0,375000.0,65.21,Standard Risk (<=80%)
5028948,UT,Salt Lake   ,Single Family (1-4 Units):Site-Built,402191.0,235000.0,58.43,Standard Risk (<=80%)
5028972,UT,Salt Lake   ,Single Family (1-4 Units):Site-Built,372957.0,235000.0,63.01,Standard Risk (<=80%)
5029001,TX,Harris    ,Single Family (1-4 Units):Site-Built,324743.0,315000.0,97.0,High Risk (>80%)
5029004,NH,Hillsborough    ,Single Family (1-4 Units):Site-Built,264968.0,235000.0,88.69,High Risk (>80%)
5029019,WA,King    ,Single Family (1-4 Units):Site-Built,427627.0,265000.0,61.97,Standard Risk (<=80%)
5029042,PA,Erie    ,Single Family (1-4 Units):Site-Built,256250.0,205000.0,80.0,Standard Risk (<=80%)
5029051,IA,Polk    ,Single Family (1-4 Units):Site-Built,197196.0,135000.0,68.46,Standard Risk (<=80%)
5029110,TX,Tarrant    ,Single Family (1-4 Units):Site-Built,324562.0,185000.0,57.0,Standard Risk (<=80%)
5029214,MS,Neshoba    ,Single Family (1-4 Units):Site-Built,222191.0,155000.0,69.76,Standard Risk (<=80%)
5029235,TX,Tarrant    ,Single Family (1-4 Units):Site-Built,367648.0,125000.0,34.0,Standard Risk (<=80%)
5029242,SC,York    ,Single Family (1-4 Units):Site-Built,343764.0,245000.0,71.27,Standard Risk (<=80%)
5029392,NY,Westchester    ,Single Family (1-4 Units):Site-Built,654301.0,515000.0,78.71,Standard Risk (<=80%)
5029498,FL,Palm Beach   ,Single Family (1-4 Units):Site-Built,457408.0,385000.0,84.17,High Risk (>80%)
5029519,CA,Orange    ,Single Family (1-4 Units):Site-Built,958715.0,555000.0,57.89,Standard Risk (<=80%)
5029612,CA,Riverside    ,Single Family (1-4 Units):Site-Built,433824.0,295000.0,68.0,Standard Risk (<=80%)
5029628,VA,Powhatan    ,Single Family (1-4 Units):Site-Built,391667.0,235000.0,60.0,Standard Risk (<=80%)
5029639,NY,Rockland    ,Single Family (1-4 Units):Site-Built,999132.0,575000.0,57.55,Standard Risk (<=80%)
5029670,AZ,Yavapai    ,Single Family (1-4 Units):Site-Built,309313.0,185000.0,59.81,Standard Risk (<=80%)
5029713,FL,Lee    ,Single Family (1-4 Units):Site-Built,457318.0,225000.0,49.2,Standard Risk (<=80%)
5029773,AZ,Maricopa    ,Single Family (1-4 Units):Site-Built,353449.0,205000.0,58.0,Standard Risk (<=80%)
5029845,IN,Hendricks    ,Single Family (1-4 Units):Site-Built,363158.0,345000.0,95.0,High Risk (>80%)
5029869,IN,Lake    ,Single Family (1-4 Units):Site-Built,140000.0,105000.0,75.0,Standard Risk (<=80%)
5029873,CA,Santa Clara   ,Single Family (1-4 Units):Site-Built,1225417.0,405000.0,33.05,Standard Risk (<=80%)
5029964,CA,San Joaquin   ,Single Family (1-4 Units):Site-Built,641667.0,385000.0,60.0,Standard Risk (<=80%)
5030109,SC,Lexington    ,Single Family (1-4 Units):Site-Built,262712.0,155000.0,59.0,Standard Risk (<=80%)
5030131,VA,Chesapeake city   ,Single Family (1-4 Units):Site-Built,243750.0,195000.0,80.0,Standard Risk (<=80%)
5030191,IN,Vanderburgh    ,Single Family (1-4 Units):Site-Built,175546.0,115000.0,65.51,Standard Risk (<=80%)
5030264,FL,Lee    ,Single Family (1-4 Units):Site-Built,697369.0,265000.0,38.0,Standard Risk (<=80%)
5030285,MD,Anne Arundel   ,Single Family (1-4 Units):Site-Built,734849.0,485000.0,66.0,Standard Risk (<=80%)
5030290,CA,Contra Costa   ,Single Family (1-4 Units):Site-Built,671932.0,485000.0,72.18,Standard Risk (<=80%)
5030305,CT,New Haven   ,Single Family (1-4 Units):Site-Built,293177.0,165000.0,56.28,Standard Risk (<=80%)
5030357,TX,Milam    ,Single Family (1-4 Units):Site-Built,294118.0,245000.0,83.3,High Risk (>80%)
5030377,IL,Cook    ,Single Family (1-4 Units):Site-Built,347354.0,275000.0,79.17,Standard Risk (<=80%)
5030384,ID,Kootenai    ,Single Family (1-4 Units):Site-Built,422344.0,155000.0,36.7,Standard Risk (<=80%)
5030433,AZ,Maricopa    ,Single Family (1-4 Units):Site-Built,358397.0,245000.0,68.36,Standard Risk (<=80%)
5030445,ID,Bingham    ,Single Family (1-4 Units):Site-Built,691824.0,275000.0,39.75,Standard Risk (<=80%)
5030448,TN,Rutherford    ,Single Family (1-4 Units):Site-Built,245484.0,125000.0,50.92,Standard Risk (<=80%)
5030597,NV,Washoe    ,Single Family (1-4 Units):Site-Built,396486.0,185000.0,46.66,Standard Risk (<=80%)
5030605,FL,Palm Beach   ,Single Family (1-4 Units):Site-Built,218750.0,105000.0,48.0,Standard Risk (<=80%)
5030621,AZ,Maricopa    ,Single Family (1-4 Units):Site-Built,500000.0,155000.0,31.0,Standard Risk (<=80%)
5030657,AZ,Maricopa    ,Single Family (1-4 Units):Site-Built,444931.0,305000.0,68.55,Standard Risk (<=80%)
5030673,NJ,Morris    ,Single Family (1-4 Units):Site-Built,593867.0,335000.0,56.41,Standard Risk (<=80%)
5030706,MS,Lafayette    ,Single Family (1-4 Units):Site-Built,315025.0,195000.0,61.9,Standard Risk (<=80%)
5030787,FL,Broward    ,Single Family (1-4 Units):Site-Built,277616.0,95000.0,34.22,Standard Risk (<=80%)
5030794,CA,Santa Clara   ,Single Family (1-4 Units):Site-Built,982340.0,445000.0,45.3,Standard Risk (<=80%)
5030840,CA,Riverside    ,Single Family (1-4 Units):Site-Built,1458439.0,865000.0,59.31,Standard Risk (<=80%)
5030876,NC,Clay    ,Single Family (1-4 Units):Site-Built,458227.0,215000.0,46.92,Standard Risk (<=80%)
5030925,NE,Douglas    ,Single Family (1-4 Units):Site-Built,169643.0,95000.0,56.0,Standard Risk (<=80%)
5031001,TX,Dallas    ,Single Family (1-4 Units):Site-Built,1301280.0,295000.0,22.67,Standard Risk (<=80%)
5031106,FL,Seminole    ,Single Family (1-4 Units):Site-Built,385417.0,185000.0,48.0,Standard Risk (<=80%)
5031199,CT,New Haven   ,Single Family (1-4 Units):Site-Built,442308.0,115000.0,26.0,Standard Risk (<=80%)
5031233,WA,Snohomish    ,Single Family (1-4 Units):Site-Built,891305.0,615000.0,69.0,Standard Risk (<=80%)
5031252,CA,Orange    ,Single Family (1-4 Units):Site-Built,745785.0,345000.0,46.26,Standard Risk (<=80%)
5031377,WA,Thurston    ,Single Family (1-4 Units):Site-Built,590489.0,185000.0,31.33,Standard Risk (<=80%)
5031440,OH,Cuyahoga    ,Single Family (1-4 Units):Site-Built,606457.0,325000.0,53.59,Standard Risk (<=80%)
5031462,MI,Wayne    ,Single Family (1-4 Units):Site-Built,180578.0,135000.0,74.76,Standard Risk (<=80%)
5031653,UT,Salt Lake   ,Single Family (1-4 Units):Site-Built,291368.0,215000.0,73.79,Standard Risk (<=80%)
5031671,TN,Washington    ,Single Family (1-4 Units):Site-Built,131579.0,125000.0,95.0,High Risk (>80%)
5031712,WA,King    ,Single Family (1-4 Units):Site-Built,1375000.0,715000.0,52.0,Standard Risk (<=80%)
5031790,CA,Ventura    ,Single Family (1-4 Units):Site-Built,818750.0,655000.0,80.0,Standard Risk (<=80%)
5031822,SC,York    ,Single Family (1-4 Units):Site-Built,295021.0,125000.0,42.37,Standard Risk (<=80%)
5031858,OR,Jackson    ,Single Family (1-4 Units):Site-Built,421429.0,295000.0,70.0,Standard Risk (<=80%)
5031879,OR,Lane    ,Single Family (1-4 Units):Site-Built,381851.0,255000.0,66.78,Standard Risk (<=80%)
5031927,GA,Oconee    ,Single Family (1-4 Units):Site-Built,403818.0,275000.0,68.1,Standard Risk (<=80%)
5031973,AZ,Maricopa    ,Single Family (1-4 Units):Site-Built,452912.0,315000.0,69.55,Standard Risk (<=80%)
5032023,MA,Hampshire    ,Single Family (1-4 Units):Site-Built,446632.0,295000.0,66.05,Standard Risk (<=80%)
5032025,KS,Johnson    ,Single Family (1-4 Units):Site-Built,346055.0,175000.0,50.57,Standard Risk (<=80%)
5032045,PA,Bucks    ,Single Family (1-4 Units):Site-Built,475000.0,285000.0,60.0,Standard Risk (<=80%)
5032068,GA,DeKalb    ,Single Family (1-4 Units):Site-Built,433334.0,325000.0,75.0,Standard Risk (<=80%)
5032100,CA,Riverside    ,Single Family (1-4 Units):Site-Built,636493.0,495000.0,77.77,Standard Risk (<=80%)
5032154,VA,Chesapeake city   ,Single Family (1-4 Units):Site-Built,286586.0,235000.0,82.0,High Risk (>80%)
5032390,CA,Orange    ,Single Family (1-4 Units):Site-Built,993976.0,825000.0,83.0,High Risk (>80%)
5032404,WI,Pepin    ,Single Family (1-4 Units):Site-Built,198881.0,135000.0,67.88,Standard Risk (<=80%)
5032424,IN,Kosciusko    ,Single Family (1-4 Units):Site-Built,350000.0,245000.0,70.0,Standard Risk (<=80%)
5032447,CT,Hartford    ,Single Family (1-4 Units):Site-Built,748703.0,505000.0,67.45,Standard Risk (<=80%)
5032490,TX,Collin    ,Single Family (1-4 Units):Site-Built,403944.0,295000.0,73.03,Standard Risk (<=80%)
5032532,NJ,Cape May   ,Single Family (1-4 Units):Site-Built,296071.0,165000.0,55.73,Standard Risk (<=80%)
5032562,VA,Spotsylvania    ,Single Family (1-4 Units):Site-Built,396292.0,265000.0,66.87,Standard Risk (<=80%)
5032668,MI,Oakland    ,Single Family (1-4 Units):Site-Built,321429.0,225000.0,70.0,Standard Risk (<=80%)
5032848,CA,San Diego   ,Single Family (1-4 Units):Site-Built,831250.0,665000.0,80.0,Standard Risk (<=80%)
5032858,MI,Genesee    ,Single Family (1-4 Units):Site-Built,394737.0,75000.0,19.0,Standard Risk (<=80%)
5032886,AL,Monroe    ,Single Family (1-4 Units):Site-Built,165849.0,125000.0,75.37,Standard Risk (<=80%)
5032950,TX,Fort Bend   ,Single Family (1-4 Units):Site-Built,418376.0,255000.0,60.95,Standard Risk (<=80%)
5033223,CA,Riverside    ,Single Family (1-4 Units):Site-Built,567417.0,295000.0,51.99,Standard Risk (<=80%)
5033297,CA,Los Angeles   ,Single Family (1-4 Units):Site-Built,574608.0,315000.0,54.82,Standard Risk (<=80%)
5033303,FL,Palm Beach   ,Single Family (1-4 Units):Site-Built,583493.0,275000.0,47.13,Standard Risk (<=80%)
5033439,GA,DeKalb    ,Single Family (1-4 Units):Site-Built,218750.0,175000.0,80.0,Standard Risk (<=80%)
5033515,NV,Clark    ,Single Family (1-4 Units):Site-Built,527398.0,385000.0,73.0,Standard Risk (<=80%)
5033575,CA,Fresno    ,Single Family (1-4 Units):Site-Built,324138.0,235000.0,72.5,Standard Risk (<=80%)
5033626,MD,Anne Arundel   ,Single Family (1-4 Units):Site-Built,377581.0,225000.0,59.59,Standard Risk (<=80%)
5033629,CA,Madera    ,Single Family (1-4 Units):Site-Built,369529.0,195000.0,52.77,Standard Risk (<=80%)
5033640,KY,Graves    ,Single Family (1-4 Units):Site-Built,176649.0,105000.0,59.44,Standard Risk (<=80%)
5033649,ID,Latah    ,Single Family (1-4 Units):Site-Built,408377.0,195000.0,47.75,Standard Risk (<=80%)
5033708,MI,Oakland    ,Single Family (1-4 Units):Site-Built,260294.0,165000.0,63.39,Standard Risk (<=80%)
5033712,CA,Ventura    ,Single Family (1-4 Units):Site-Built,735295.0,105000.0,14.28,Standard Risk (<=80%)
5033741,FL,Lake    ,Single Family (1-4 Units):Site-Built,260185.0,175000.0,67.26,Standard Risk (<=80%)
5033764,NC,Forsyth    ,Single Family (1-4 Units):Site-Built,325546.0,255000.0,78.33,Standard Risk (<=80%)
5033868,VA,Prince William   ,Single Family (1-4 Units):Site-Built,435002.0,345000.0,79.31,Standard Risk (<=80%)
5033909,SC,Horry    ,Single Family (1-4 Units):Site-Built,169118.0,115000.0,68.0,Standard Risk (<=80%)
5033926,TX,Travis    ,Single Family (1-4 Units):Site-Built,253738.0,185000.0,72.91,Standard Risk (<=80%)
5033963,VA,Prince Edward   ,Single Family (1-4 Units):Site-Built,233681.0,155000.0,66.33,Standard Risk (<=80%)
5033983,WA,Clark    ,Single Family (1-4 Units):Site-Built,552274.0,215000.0,38.93,Standard Risk (<=80%)
5034002,OH,Brown    ,Single Family (1-4 Units):Site-Built,250000.0,115000.0,46.0,Standard Risk (<=80%)
5034026,GA,McIntosh    ,Single Family (1-4 Units):Site-Built,195653.0,135000.0,69.0,Standard Risk (<=80%)
5034122,NC,Durham    ,Single Family (1-4 Units):Site-Built,256250.0,205000.0,80.0,Standard Risk (<=80%)
5034168,CA,Los Angeles   ,Single Family (1-4 Units):Site-Built,708334.0,425000.0,60.0,Standard Risk (<=80%)
5034178,NC,Greene    ,Single Family (1-4 Units):Site-Built,111330.0,85000.0,76.35,Standard Risk (<=80%)
5034182,CA,Los Angeles   ,Single Family (1-4 Units):Site-Built,660831.0,385000.0,58.26,Standard Risk (<=80%)
5034206,CA,Fresno    ,Single Family (1-4 Units):Site-Built,351652.0,215000.0,61.14,Standard Risk (<=80%)
5034226,CA,Los Angeles   ,Single Family (1-4 Units):Site-Built,1505475.0,825000.0,54.8,Standard Risk (<=80%)
5034245,PA,Chester    ,Single Family (1-4 Units):Site-Built,891667.0,535000.0,60.0,Standard Risk (<=80%)
5034265,CA,Riverside    ,Single Family (1-4 Units):Site-Built,486902.0,355000.0,72.91,Standard Risk (<=80%)
5034285,NC,Forsyth    ,Single Family (1-4 Units):Site-Built,170018.0,115000.0,67.64,Standard Risk (<=80%)
5034329,IN,Tippecanoe    ,Single Family (1-4 Units):Site-Built,193750.0,155000.0,80.0,Standard Risk (<=80%)
5034349,GA,Forsyth    ,Single Family (1-4 Units):Site-Built,642858.0,405000.0,63.0,Standard Risk (<=80%)
5034370,NE,Douglas    ,Single Family (1-4 Units):Site-Built,325804.0,225000.0,69.06,Standard Risk (<=80%)
5034431,CA,Los Angeles   ,Single Family (1-4 Units):Site-Built,771841.0,455000.0,58.95,Standard Risk (<=80%)
5034515,NV,Washoe    ,Single Family (1-4 Units):Site-Built,416079.0,295000.0,70.9,Standard Risk (<=80%)
5034628,TX,Collin    ,Single Family (1-4 Units):Site-Built,405264.0,385000.0,95.0,High Risk (>80%)
5034710,MI,Wayne    ,Single Family (1-4 Units):Site-Built,224514.0,135000.0,60.13,Standard Risk (<=80%)
5034736,SC,Beaufort    ,Single Family (1-4 Units):Site-Built,375878.0,225000.0,59.86,Standard Risk (<=80%)
5034819,CA,San Bernardino   ,Single Family (1-4 Units):Site-Built,501356.0,185000.0,36.9,Standard Risk (<=80%)
5034836,CO,Jefferson    ,Single Family (1-4 Units):Site-Built,397094.0,235000.0,59.18,Standard Risk (<=80%)
5034848,CA,Ventura    ,Single Family (1-4 Units):Site-Built,519004.0,325000.0,62.62,Standard Risk (<=80%)
5034860,OH,Licking    ,Single Family (1-4 Units):Site-Built,522853.0,445000.0,85.11,High Risk (>80%)
5034888,SC,Beaufort    ,Single Family (1-4 Units):Site-Built,150000.0,135000.0,90.0,High Risk (>80%)
5034915,TX,Harris    ,Single Family (1-4 Units):Site-Built,197687.0,135000.0,68.29,Standard Risk (<=80%)
5034937,CA,Los Angeles   ,Single Family (1-4 Units):Site-Built,867763.0,565000.0,65.11,Standard Risk (<=80%)
5035033,SC,Spartanburg    ,Single Family (1-4 Units):Site-Built,236274.0,105000.0,44.44,Standard Risk (<=80%)
5035112,OH,Greene    ,Single Family (1-4 Units):Site-Built,115005.0,85000.0,73.91,Standard Risk (<=80%)
5035153,AZ,Maricopa    ,Single Family (1-4 Units):Site-Built,1018774.0,655000.0,64.29,Standard Risk (<=80%)
5035218,CA,Orange    ,Single Family (1-4 Units):Site-Built,848746.0,335000.0,39.47,Standard Risk (<=80%)
5035265,IN,Whitley    ,Single Family (1-4 Units):Site-Built,232279.0,135000.0,58.12,Standard Risk (<=80%)
5035275,CA,Los Angeles   ,Single Family (1-4 Units):Site-Built,702399.0,325000.0,46.27,Standard Risk (<=80%)
5035328,CA,Santa Clara   ,Single Family (1-4 Units):Site-Built,1863898.0,745000.0,39.97,Standard Risk (<=80%)
5035359,WA,King    ,Single Family (1-4 Units):Site-Built,359713.0,215000.0,59.77,Standard Risk (<=80%)
5035528,CO,Larimer    ,Single Family (1-4 Units):Site-Built,547298.0,405000.0,74.0,Standard Risk (<=80%)
5035613,MI,Livingston    ,Single Family (1-4 Units):Site-Built,497093.0,265000.0,53.31,Standard Risk (<=80%)
5035621,CA,Orange    ,Single Family (1-4 Units):Site-Built,589935.0,245000.0,41.53,Standard Risk (<=80%)
5035658,CA,Placer    ,Single Family (1-4 Units):Site-Built,558058.0,285000.0,51.07,Standard Risk (<=80%)
5035690,MD,Prince George   ,Single Family (1-4 Units):Site-Built,644757.0,565000.0,87.63,High Risk (>80%)
5035694,CA,El Dorado   ,Single Family (1-4 Units):Site-Built,802457.0,405000.0,50.47,Standard Risk (<=80%)
5035702,AR,Grant    ,Single Family (1-4 Units):Site-Built,478948.0,455000.0,95.0,High Risk (>80%)
5035819,CA,Sacramento    ,Single Family (1-4 Units):Site-Built,368750.0,295000.0,80.0,Standard Risk (<=80%)
5035830,IN,Hamilton    ,Single Family (1-4 Units):Site-Built,296083.0,195000.0,65.86,Standard Risk (<=80%)
5035927,MI,Oakland    ,Single Family (1-4 Units):Site-Built,575009.0,335000.0,58.26,Standard Risk (<=80%)
5036057,NY,Suffolk    ,Single Family (1-4 Units):Site-Built,511616.0,185000.0,36.16,Standard Risk (<=80%)
5036075,FL,Citrus    ,Single Family (1-4 Units):Site-Built,522923.0,365000.0,69.8,Standard Risk (<=80%)
5036087,MI,Oakland    ,Single Family (1-4 Units):Site-Built,443750.0,355000.0,80.0,Standard Risk (<=80%)
5036147,NY,Richmond    ,Single Family (1-4 Units):Site-Built,617839.0,275000.0,44.51,Standard Risk (<=80%)
5036419,CA,Santa Clara   ,Single Family (1-4 Units):Site-Built,999640.0,555000.0,55.52,Standard Risk (<=80%)
5036423,MI,Oakland    ,Single Family (1-4 Units):Site-Built,282609.0,195000.0,69.0,Standard Risk (<=80%)
5036427,MT,Gallatin    ,Single Family (1-4 Units):Site-Built,507869.0,355000.0,69.9,Standard Risk (<=80%)
5036447,GA,Henry    ,Single Family (1-4 Units):Site-Built,340910.0,225000.0,66.0,Standard Risk (<=80%)
5036471,TX,Harris    ,Single Family (1-4 Units):Site-Built,217742.0,135000.0,62.0,Standard Risk (<=80%)
5036631,FL,Pinellas    ,Single Family (1-4 Units):Site-Built,545049.0,415000.0,76.14,Standard Risk (<=80%)
5036703,NH,Hillsborough    ,Single Family (1-4 Units):Site-Built,215012.0,165000.0,76.74,Standard Risk (<=80%)
5036749,TX,Nueces    ,Single Family (1-4 Units):Site-Built,223904.0,145000.0,64.76,Standard Risk (<=80%)
5036792,MD,Worcester    ,Single Family (1-4 Units):Site-Built,341247.0,115000.0,33.7,Standard Risk (<=80%)
5036926,CA,Orange    ,Single Family (1-4 Units):Site-Built,660010.0,575000.0,87.12,High Risk (>80%)
5037002,GA,Gilmer    ,Single Family (1-4 Units):Site-Built,363158.0,345000.0,95.0,High Risk (>80%)
5037072,NC,Brunswick    ,Single Family (1-4 Units):Site-Built,506250.0,405000.0,80.0,Standard Risk (<=80%)
5037163,TX,Harris    ,Single Family (1-4 Units):Site-Built,1032609.0,475000.0,46.0,Standard Risk (<=80%)
5037223,IL,McHenry    ,Single Family (1-4 Units):Site-Built,409091.0,225000.0,55.0,Standard Risk (<=80%)
5037289,CA,Riverside    ,Single Family (1-4 Units):Site-Built,868750.0,695000.0,80.0,Standard Risk (<=80%)
5037294,MD,Prince George   ,Single Family (1-4 Units):Site-Built,561057.0,255000.0,45.45,Standard Risk (<=80%)
5037304,FL,Osceola    ,Single Family (1-4 Units):Site-Built,278847.0,145000.0,52.0,Standard Risk (<=80%)
5037320,IL,Cook    ,Single Family (1-4 Units):Site-Built,628379.0,465000.0,74.0,Standard Risk (<=80%)
5037351,CA,San Bernardino   ,Single Family (1-4 Units):Site-Built,324562.0,185000.0,57.0,Standard Risk (<=80%)
5037358,CA,Santa Clara   ,Single Family (1-4 Units):Site-Built,990927.0,415000.0,41.88,Standard Risk (<=80%)
5037384,MO,Jackson    ,Single Family (1-4 Units):Site-Built,243750.0,195000.0,80.0,Standard Risk (<=80%)
5037410,CA,Alameda    ,Single Family (1-4 Units):Site-Built,1218347.0,765000.0,62.79,Standard Risk (<=80%)
5037447,UT,Davis    ,Single Family (1-4 Units):Site-Built,879033.0,545000.0,62.0,Standard Risk (<=80%)
5037460,PA,Washington    ,Single Family (1-4 Units):Site-Built,181250.0,145000.0,80.0,Standard Risk (<=80%)
5037493,CA,Santa Barbara   ,Single Family (1-4 Units):Site-Built,1546611.0,365000.0,23.6,Standard Risk (<=80%)
5037511,NC,Catawba    ,Single Family (1-4 Units):Site-Built,331579.0,315000.0,95.0,High Risk (>80%)
5037547,OH,Butler    ,Single Family (1-4 Units):Site-Built,383040.0,215000.0,56.13,Standard Risk (<=80%)
5037587,CA,San Diego   ,Single Family (1-4 Units):Site-Built,1353334.0,1015000.0,75.0,Standard Risk (<=80%)
5024092,SC,Berkeley    ,Single Family (1-4 Units):Site-Built,256250.0,205000.0,80.0,Standard Risk (<=80%)
5024238,IN,Lake    ,Single Family (1-4 Units):Site-Built,461297.0,205000.0,44.44,Standard Risk (<=80%)
5024352,MD,Baltimore city   ,Single Family (1-4 Units):Site-Built,500000.0,365000.0,73.0,Standard Risk (<=80%)
5024605,MO,Ozark    ,Single Family (1-4 Units):Site-Built,176016.0,75000.0,42.61,Standard Risk (<=80%)
5024947,PA,Pike    ,Single Family (1-4 Units):Site-Built,224638.0,155000.0,69.0,Standard Risk (<=80%)
5025063,AR,Garland    ,Single Family (1-4 Units):Site-Built,245727.0,115000.0,46.8,Standard Risk (<=80%)
5025274,IN,Jackson    ,Single Family (1-4 Units):Site-Built,188566.0,125000.0,66.29,Standard Risk (<=80%)
5025363,TN,Wilson    ,Single Family (1-4 Units):Site-Built,237408.0,115000.0,48.44,Standard Risk (<=80%)
5025847,CA,Sacramento    ,Single Family (1-4 Units):Site-Built,495952.0,245000.0,49.4,Standard Risk (<=80%)
5025909,MD,St. Mary   ,Single Family (1-4 Units):Site-Built,328830.0,275000.0,83.63,High Risk (>80%)
5026095,CO,Boulder    ,Single Family (1-4 Units):Site-Built,365749.0,255000.0,69.72,Standard Risk (<=80%)
5026216,ID,Idaho    ,Single Family (1-4 Units):Site-Built,618642.0,225000.0,36.37,Standard Risk (<=80%)
5026650,CA,Los Angeles   ,Single Family (1-4 Units):Site-Built,445545.0,225000.0,50.5,Standard Risk (<=80%)
5027044,CA,Sacramento    ,Single Family (1-4 Units):Site-Built,616656.0,545000.0,88.38,High Risk (>80%)
5027383,TX,Collin    ,Single Family (1-4 Units):Site-Built,561225.0,275000.0,49.0,Standard Risk (<=80%)
5027454,TN,Rutherford    ,Single Family (1-4 Units):Site-Built,329864.0,225000.0,68.21,Standard Risk (<=80%)
5027508,CT,New London   ,Single Family (1-4 Units):Site-Built,281250.0,225000.0,80.0,Standard Risk (<=80%)
5027808,WA,Snohomish    ,Single Family (1-4 Units):Site-Built,590910.0,325000.0,55.0,Standard Risk (<=80%)
5028103,PA,Carbon    ,Single Family (1-4 Units):Site-Built,192036.0,95000.0,49.47,Standard Risk (<=80%)
5028207,NC,Dare    ,Single Family (1-4 Units):Site-Built,605770.0,315000.0,52.0,Standard Risk (<=80%)
5028801,WA,Lewis    ,Single Family (1-4 Units):Site-Built,482685.0,315000.0,65.26,Standard Risk (<=80%)
5028985,WA,Snohomish    ,Single Family (1-4 Units):Site-Built,703364.0,345000.0,49.05,Standard Risk (<=80%)
5029022,NC,McDowell    ,Single Family (1-4 Units):Site-Built,377117.0,265000.0,70.27,Standard Risk (<=80%)
5029094,NJ,Monmouth    ,Single Family (1-4 Units):Site-Built,266415.0,155000.0,58.18,Standard Risk (<=80%)
5029114,MI,Wayne    ,Single Family (1-4 Units):Site-Built,156250.0,125000.0,80.0,Standard Risk (<=80%)
5029126,NV,Clark    ,Single Family (1-4 Units):Site-Built,337838.0,265000.0,78.44,Standard Risk (<=80%)
5029206,CT,Hartford    ,Single Family (1-4 Units):Site-Built,578432.0,295000.0,51.0,Standard Risk (<=80%)
5029475,IL,Kane    ,Single Family (1-4 Units):Site-Built,480770.0,375000.0,78.0,Standard Risk (<=80%)
5029482,CA,San Diego   ,Single Family (1-4 Units):Site-Built,513844.0,425000.0,82.71,High Risk (>80%)
5029504,FL,Lee    ,Single Family (1-4 Units):Site-Built,232529.0,185000.0,79.56,Standard Risk (<=80%)
5029584,FL,Duval    ,Single Family (1-4 Units):Site-Built,213535.0,65000.0,30.44,Standard Risk (<=80%)
5030047,SD,Union    ,Single Family (1-4 Units):Site-Built,283784.0,105000.0,37.0,Standard Risk (<=80%)
5030105,CA,San Diego   ,Single Family (1-4 Units):Site-Built,944378.0,545000.0,57.71,Standard Risk (<=80%)
5030118,AZ,Pima    ,Single Family (1-4 Units):Site-Built,281250.0,225000.0,80.0,Standard Risk (<=80%)
5030392,AL,Lauderdale    ,Single Family (1-4 Units):Site-Built,487013.0,285000.0,58.52,Standard Risk (<=80%)
5030424,PA,Blair    ,Single Family (1-4 Units):Site-Built,234352.0,155000.0,66.14,Standard Risk (<=80%)
5030428,CA,Santa Clara   ,Single Family (1-4 Units):Site-Built,805657.0,245000.0,30.41,Standard Risk (<=80%)
5030515,TX,Tarrant    ,Single Family (1-4 Units):Site-Built,449595.0,355000.0,78.96,Standard Risk (<=80%)
5030607,CA,Orange    ,Single Family (1-4 Units):Site-Built,1981250.0,1585000.0,80.0,Standard Risk (<=80%)
5031272,AZ,Maricopa    ,Single Family (1-4 Units):Site-Built,255351.0,105000.0,41.12,Standard Risk (<=80%)
5031283,FL,Polk    ,Single Family (1-4 Units):Site-Built,198939.0,75000.0,37.7,Standard Risk (<=80%)
5031581,TX,Bexar    ,Single Family (1-4 Units):Site-Built,343750.0,275000.0,80.0,Standard Risk (<=80%)
5031667,GA,Barrow    ,Single Family (1-4 Units):Site-Built,274057.0,135000.0,49.26,Standard Risk (<=80%)
5031730,TN,Smith    ,Single Family (1-4 Units):Site-Built,407774.0,235000.0,57.63,Standard Risk (<=80%)
5032077,TN,Shelby    ,Single Family (1-4 Units):Site-Built,464286.0,325000.0,70.0,Standard Risk (<=80%)
5032179,IL,DuPage    ,Single Family (1-4 Units):Site-Built,207597.0,135000.0,65.03,Standard Risk (<=80%)
5032196,MD,Anne Arundel   ,Single Family (1-4 Units):Site-Built,286667.0,215000.0,75.0,Standard Risk (<=80%)
5033151,OH,Butler    ,Single Family (1-4 Units):Site-Built,231250.0,185000.0,80.0,Standard Risk (<=80%)
5033197,MD,Baltimore city   ,Single Family (1-4 Units):Site-Built,261471.0,155000.0,59.28,Standard Risk (<=80%)
5033253,CA,Placer    ,Single Family (1-4 Units):Site-Built,651676.0,455000.0,69.82,Standard Risk (<=80%)
5033352,CA,Orange    ,Single Family (1-4 Units):Site-Built,802031.0,395000.0,49.25,Standard Risk (<=80%)
5033389,AR,Benton    ,Single Family (1-4 Units):Site-Built,352632.0,335000.0,95.0,High Risk (>80%)
5033483,CA,Placer    ,Single Family (1-4 Units):Site-Built,531250.0,425000.0,80.0,Standard Risk (<=80%)
5033555,MD,Montgomery    ,Single Family (1-4 Units):Site-Built,745964.0,365000.0,48.93,Standard Risk (<=80%)
5033677,PA,Lehigh    ,Single Family (1-4 Units):Site-Built,575413.0,425000.0,73.86,Standard Risk (<=80%)
5033857,CA,Kern    ,Single Family (1-4 Units):Site-Built,481491.0,385000.0,79.96,Standard Risk (<=80%)
5034193,CA,Sacramento    ,Single Family (1-4 Units):Site-Built,229412.0,195000.0,85.0,High Risk (>80%)
5034314,WA,Okanogan    ,Single Family (1-4 Units):Site-Built,115152.0,95000.0,82.5,High Risk (>80%)
5034514,MD,Montgomery    ,Single Family (1-4 Units):Site-Built,364449.0,155000.0,42.53,Standard Risk (<=80%)
5034553,CO,Douglas    ,Single Family (1-4 Units):Site-Built,664761.0,465000.0,69.95,Standard Risk (<=80%)
5035214,CT,New Haven   ,Single Family (1-4 Units):Site-Built,194916.0,115000.0,59.0,Standard Risk (<=80%)
5035365,MN,Ramsey    ,Single Family (1-4 Units):Site-Built,359893.0,215000.0,59.74,Standard Risk (<=80%)
5035504,NY,Westchester    ,Single Family (1-4 Units):Site-Built,839564.0,685000.0,81.59,High Risk (>80%)
5035567,CA,San Diego   ,Single Family (1-4 Units):Site-Built,1108334.0,665000.0,60.0,Standard Risk (<=80%)
5035629,FL,Charlotte    ,Single Family (1-4 Units):Site-Built,268885.0,215000.0,79.96,Standard Risk (<=80%)
5035847,CA,Los Angeles   ,Single Family (1-4 Units):Site-Built,369853.0,185000.0,50.02,Standard Risk (<=80%)
5036146,CA,Los Angeles   ,Single Family (1-4 Units):Site-Built,690705.0,295000.0,42.71,Standard Risk (<=80%)
5037092,GA,Gwinnett    ,Single Family (1-4 Units):Site-Built,292752.0,145000.0,49.53,Standard Risk (<=80%)
5037451,NC,Mecklenburg    ,Single Family (1-4 Units):Site-Built,513079.0,255000.0,49.7,Standard Risk (<=80%)
5037612,CA,Los Angeles   ,Single Family (1-4 Units):Site-Built,991148.0,515000.0,51.96,Standard Risk (<=80%)
5024051,TX,Collin    ,Single Family (1-4 Units):Site-Built,548246.0,375000.0,68.4,Standard Risk (<=80%)
5024087,VT,Addison    ,Single Family (1-4 Units):Site-Built,268422.0,255000.0,95.0,High Risk (>80%)
5024114,TX,Collin    ,Single Family (1-4 Units):Site-Built,273626.0,205000.0,74.92,Standard Risk (<=80%)
5024215,NC,Forsyth    ,Single Family (1-4 Units):Site-Built,175000.0,105000.0,60.0,Standard Risk (<=80%)
5024289,CO,Montezuma    ,Single Family (1-4 Units):Site-Built,409664.0,195000.0,47.6,Standard Risk (<=80%)
5024311,CA,Stanislaus    ,Single Family (1-4 Units):Site-Built,360029.0,205000.0,56.94,Standard Risk (<=80%)
5024396,FL,St. Lucie   ,Single Family (1-4 Units):Site-Built,256787.0,105000.0,40.89,Standard Risk (<=80%)
5024632,TX,Bexar    ,Single Family (1-4 Units):Site-Built,150000.0,75000.0,50.0,Standard Risk (<=80%)
5024753,DE,New Castle   ,Single Family (1-4 Units):Site-Built,267242.0,155000.0,58.0,Standard Risk (<=80%)
5024777,WA,Yakima    ,Single Family (1-4 Units):Site-Built,253094.0,135000.0,53.34,Standard Risk (<=80%)
5024805,MO,Clay    ,Single Family (1-4 Units):Site-Built,250000.0,125000.0,50.0,Standard Risk (<=80%)
5024959,PA,Montgomery    ,Single Family (1-4 Units):Site-Built,166667.0,125000.0,75.0,Standard Risk (<=80%)
5024983,CA,Orange    ,Single Family (1-4 Units):Site-Built,902639.0,585000.0,64.81,Standard Risk (<=80%)
5025043,NY,Erie    ,Single Family (1-4 Units):Site-Built,150056.0,95000.0,63.31,Standard Risk (<=80%)
5025048,MS,DeSoto    ,Single Family (1-4 Units):Site-Built,500000.0,125000.0,25.0,Standard Risk (<=80%)
5025051,VA,Virginia Beach city  ,Single Family (1-4 Units):Site-Built,426316.0,405000.0,95.0,High Risk (>80%)
5025160,GA,Cobb    ,Single Family (1-4 Units):Site-Built,261185.0,195000.0,74.66,Standard Risk (<=80%)
5025184,CA,San Diego   ,Single Family (1-4 Units):Site-Built,607009.0,485000.0,79.9,Standard Risk (<=80%)
5025558,NY,Kings    ,Single Family (1-4 Units):Site-Built,1123692.0,655000.0,58.29,Standard Risk (<=80%)
5025572,TX,Harris    ,Single Family (1-4 Units):Site-Built,331250.0,265000.0,80.0,Standard Risk (<=80%)
5025703,MI,Oakland    ,Single Family (1-4 Units):Site-Built,300000.0,285000.0,95.0,High Risk (>80%)
5025706,MT,Gallatin    ,Single Family (1-4 Units):Site-Built,589331.0,95000.0,16.12,Standard Risk (<=80%)
5025714,LA,Orleans Parish   ,Single Family (1-4 Units):Site-Built,180165.0,105000.0,58.28,Standard Risk (<=80%)
5025723,FL,Hillsborough    ,Single Family (1-4 Units):Site-Built,358334.0,215000.0,60.0,Standard Risk (<=80%)
5025755,MI,Macomb    ,Single Family (1-4 Units):Site-Built,193439.0,125000.0,64.62,Standard Risk (<=80%)
5025782,MI,Wayne    ,Single Family (1-4 Units):Site-Built,155507.0,85000.0,54.66,Standard Risk (<=80%)
5025834,UT,Weber    ,Single Family (1-4 Units):Site-Built,372569.0,295000.0,79.18,Standard Risk (<=80%)
5025848,NV,Lyon    ,Single Family (1-4 Units):Site-Built,380068.0,225000.0,59.2,Standard Risk (<=80%)
5026079,NC,Wake    ,Single Family (1-4 Units):Site-Built,559524.0,235000.0,42.0,Standard Risk (<=80%)
5026143,OK,Oklahoma    ,Single Family (1-4 Units):Site-Built,381356.0,225000.0,59.0,Standard Risk (<=80%)
5026149,RI,Providence    ,Single Family (1-4 Units):Site-Built,202003.0,115000.0,56.93,Standard Risk (<=80%)
5026163,TX,Harris    ,Single Family (1-4 Units):Site-Built,759627.0,505000.0,66.48,Standard Risk (<=80%)
5026171,AR,Carroll    ,Single Family (1-4 Units):Site-Built,361306.0,155000.0,42.9,Standard Risk (<=80%)
5026187,NC,Watauga    ,Single Family (1-4 Units):Site-Built,495050.0,345000.0,69.69,Standard Risk (<=80%)
5026196,MI,Oakland    ,Single Family (1-4 Units):Site-Built,510461.0,305000.0,59.75,Standard Risk (<=80%)
5026345,WA,Pierce    ,Single Family (1-4 Units):Site-Built,906250.0,725000.0,80.0,Standard Risk (<=80%)
5026346,TX,Brazoria    ,Single Family (1-4 Units):Site-Built,175703.0,105000.0,59.76,Standard Risk (<=80%)
5026366,MD,Prince George   ,Single Family (1-4 Units):Site-Built,500000.0,265000.0,53.0,Standard Risk (<=80%)
5026449,GA,Forsyth    ,Single Family (1-4 Units):Site-Built,698276.0,405000.0,58.0,Standard Risk (<=80%)
5026472,MD,Calvert    ,Single Family (1-4 Units):Site-Built,339498.0,235000.0,69.22,Standard Risk (<=80%)
5026485,AR,Pulaski    ,Single Family (1-4 Units):Site-Built,178572.0,125000.0,70.0,Standard Risk (<=80%)
5026506,TX,Travis    ,Single Family (1-4 Units):Site-Built,425559.0,335000.0,78.72,Standard Risk (<=80%)
5026546,CA,Sacramento    ,Single Family (1-4 Units):Site-Built,491667.0,295000.0,60.0,Standard Risk (<=80%)
5026595,FL,Seminole    ,Single Family (1-4 Units):Site-Built,134820.0,75000.0,55.63,Standard Risk (<=80%)
5026622,CA,Los Angeles   ,Single Family (1-4 Units):Site-Built,1752022.0,715000.0,40.81,Standard Risk (<=80%)
5026712,WA,Benton    ,Single Family (1-4 Units):Site-Built,525849.0,355000.0,67.51,Standard Risk (<=80%)
5026819,TX,Dallas    ,Single Family (1-4 Units):Site-Built,692355.0,345000.0,49.83,Standard Risk (<=80%)
5026887,TN,Knox    ,Single Family (1-4 Units):Site-Built,310527.0,295000.0,95.0,High Risk (>80%)
5026967,FL,Orange    ,Single Family (1-4 Units):Site-Built,237677.0,135000.0,56.8,Standard Risk (<=80%)
5027026,OR,Washington    ,Single Family (1-4 Units):Site-Built,490061.0,355000.0,72.44,Standard Risk (<=80%)
5027074,AZ,Maricopa    ,Single Family (1-4 Units):Site-Built,282241.0,195000.0,69.09,Standard Risk (<=80%)
5027093,GA,Union    ,Single Family (1-4 Units):Site-Built,312500.0,175000.0,56.0,Standard Risk (<=80%)
5027110,TX,Lamb    ,Single Family (1-4 Units):Site-Built,170104.0,165000.0,97.0,High Risk (>80%)
5027126,VA,Prince William   ,Single Family (1-4 Units):Site-Built,446667.0,335000.0,75.0,Standard Risk (<=80%)
5027207,CA,San Joaquin   ,Single Family (1-4 Units):Site-Built,850455.0,505000.0,59.38,Standard Risk (<=80%)
5027235,TX,Dallas    ,Single Family (1-4 Units):Site-Built,455224.0,305000.0,67.0,Standard Risk (<=80%)
5027259,TN,Rutherford    ,Single Family (1-4 Units):Site-Built,364407.0,215000.0,59.0,Standard Risk (<=80%)
5027441,CO,Larimer    ,Single Family (1-4 Units):Site-Built,758117.0,425000.0,56.06,Standard Risk (<=80%)
5027587,UT,Davis    ,Single Family (1-4 Units):Site-Built,275012.0,185000.0,67.27,Standard Risk (<=80%)
5027596,WA,Pierce    ,Single Family (1-4 Units):Site-Built,389306.0,265000.0,68.07,Standard Risk (<=80%)
5027635,CA,San Mateo   ,Single Family (1-4 Units):Site-Built,1500000.0,405000.0,27.0,Standard Risk (<=80%)
5027672,NV,Clark    ,Single Family (1-4 Units):Site-Built,348090.0,195000.0,56.02,Standard Risk (<=80%)
5027683,CA,Sacramento    ,Single Family (1-4 Units):Site-Built,406250.0,325000.0,80.0,Standard Risk (<=80%)
5027720,IL,Kane    ,Single Family (1-4 Units):Site-Built,263621.0,135000.0,51.21,Standard Risk (<=80%)
5027773,FL,Pinellas    ,Single Family (1-4 Units):Site-Built,242969.0,165000.0,67.91,Standard Risk (<=80%)
5027827,NC,Carteret    ,Single Family (1-4 Units):Site-Built,387059.0,195000.0,50.38,Standard Risk (<=80%)
5027967,FL,Broward    ,Single Family (1-4 Units):Site-Built,882979.0,415000.0,47.0,Standard Risk (<=80%)
5027985,CA,Los Angeles   ,Single Family (1-4 Units):Site-Built,983223.0,545000.0,55.43,Standard Risk (<=80%)
5027999,WA,Kitsap    ,Single Family (1-4 Units):Site-Built,782173.0,265000.0,33.88,Standard Risk (<=80%)
5028138,WA,Thurston    ,Single Family (1-4 Units):Site-Built,552186.0,355000.0,64.29,Standard Risk (<=80%)
5028157,CA,San Diego   ,Single Family (1-4 Units):Site-Built,2158161.0,685000.0,31.74,Standard Risk (<=80%)
5028222,WA,Snohomish    ,Single Family (1-4 Units):Site-Built,418750.0,335000.0,80.0,Standard Risk (<=80%)
5028264,MI,Allegan    ,Single Family (1-4 Units):Site-Built,161539.0,105000.0,65.0,Standard Risk (<=80%)
5028378,NV,Washoe    ,Single Family (1-4 Units):Site-Built,431250.0,345000.0,80.0,Standard Risk (<=80%)
5028412,CA,Contra Costa   ,Single Family (1-4 Units):Site-Built,481787.0,205000.0,42.55,Standard Risk (<=80%)
5028515,AZ,Maricopa    ,Single Family (1-4 Units):Site-Built,302735.0,155000.0,51.2,Standard Risk (<=80%)
5028543,NJ,Gloucester    ,Single Family (1-4 Units):Site-Built,360760.0,285000.0,79.0,Standard Risk (<=80%)
5028581,TN,Williamson    ,Single Family (1-4 Units):Site-Built,711813.0,555000.0,77.97,Standard Risk (<=80%)
5028693,MI,St. Clair   ,Single Family (1-4 Units):Site-Built,233194.0,205000.0,87.91,High Risk (>80%)
5028750,FL,Brevard    ,Single Family (1-4 Units):Site-Built,179968.0,145000.0,80.57,High Risk (>80%)
5028880,AZ,Mohave    ,Single Family (1-4 Units):Site-Built,397004.0,265000.0,66.75,Standard Risk (<=80%)
5029083,MO,Jefferson    ,Single Family (1-4 Units):Site-Built,342779.0,225000.0,65.64,Standard Risk (<=80%)
5029123,NY,Clinton    ,Single Family (1-4 Units):Site-Built,406910.0,245000.0,60.21,Standard Risk (<=80%)
5029143,TX,Tarrant    ,Single Family (1-4 Units):Site-Built,127689.0,95000.0,74.4,Standard Risk (<=80%)
5029413,TX,Harris    ,Single Family (1-4 Units):Site-Built,281250.0,225000.0,80.0,Standard Risk (<=80%)
5029544,TX,Kaufman    ,Single Family (1-4 Units):Site-Built,308220.0,225000.0,73.0,Standard Risk (<=80%)
5029596,MI,Wayne    ,Single Family (1-4 Units):Site-Built,180772.0,135000.0,74.68,Standard Risk (<=80%)
5029763,NY,Orange    ,Single Family (1-4 Units):Site-Built,358334.0,215000.0,60.0,Standard Risk (<=80%)
5029792,IL,Cook    ,Single Family (1-4 Units):Site-Built,582034.0,265000.0,45.53,Standard Risk (<=80%)
5029809,NV,Churchill    ,Single Family (1-4 Units):Site-Built,384495.0,245000.0,63.72,Standard Risk (<=80%)
5029860,TN,Maury    ,Single Family (1-4 Units):Site-Built,296490.0,125000.0,42.16,Standard Risk (<=80%)
5029906,GA,Putnam    ,Single Family (1-4 Units):Site-Built,207693.0,135000.0,65.0,Standard Risk (<=80%)
5029925,CA,Sonoma    ,Single Family (1-4 Units):Site-Built,948489.0,615000.0,64.84,Standard Risk (<=80%)
5029950,GA,Cobb    ,Single Family (1-4 Units):Site-Built,278572.0,195000.0,70.0,Standard Risk (<=80%)
5029960,CA,Stanislaus    ,Single Family (1-4 Units):Site-Built,593750.0,475000.0,80.0,Standard Risk (<=80%)
5030079,CA,Los Angeles   ,Single Family (1-4 Units):Site-Built,546816.0,285000.0,52.12,Standard Risk (<=80%)
5030091,CA,Riverside    ,Single Family (1-4 Units):Site-Built,523387.0,395000.0,75.47,Standard Risk (<=80%)
5030123,LA,Jefferson Parish   ,Single Family (1-4 Units):Site-Built,376381.0,225000.0,59.78,Standard Risk (<=80%)
5030125,MA,Norfolk    ,Single Family (1-4 Units):Site-Built,620585.0,325000.0,52.37,Standard Risk (<=80%)
5030140,GA,Cherokee    ,Single Family (1-4 Units):Site-Built,268750.0,215000.0,80.0,Standard Risk (<=80%)
5030238,MI,Oakland    ,Single Family (1-4 Units):Site-Built,368750.0,295000.0,80.0,Standard Risk (<=80%)
5030548,NJ,Somerset    ,Single Family (1-4 Units):Site-Built,563949.0,545000.0,96.64,High Risk (>80%)
5030677,VA,Prince William   ,Single Family (1-4 Units):Site-Built,647436.0,505000.0,78.0,Standard Risk (<=80%)
5030685,CA,Orange    ,Single Family (1-4 Units):Site-Built,880078.0,455000.0,51.7,Standard Risk (<=80%)
5030744,GA,Harris    ,Single Family (1-4 Units):Site-Built,342422.0,265000.0,77.39,Standard Risk (<=80%)
5030780,OH,Hamilton    ,Single Family (1-4 Units):Site-Built,356250.0,285000.0,80.0,Standard Risk (<=80%)
5030867,HI,Hawaii    ,Single Family (1-4 Units):Site-Built,473187.0,255000.0,53.89,Standard Risk (<=80%)
5030911,GA,Richmond    ,Single Family (1-4 Units):Site-Built,186275.0,95000.0,51.0,Standard Risk (<=80%)
5030930,CA,Tulare    ,Single Family (1-4 Units):Site-Built,300000.0,165000.0,55.0,Standard Risk (<=80%)
5031003,MS,Hinds    ,Single Family (1-4 Units):Site-Built,408334.0,245000.0,60.0,Standard Risk (<=80%)
5031015,MA,Essex    ,Single Family (1-4 Units):Site-Built,713334.0,535000.0,75.0,Standard Risk (<=80%)
5031164,NH,Merrimack    ,Single Family (1-4 Units):Site-Built,156250.0,125000.0,80.0,Standard Risk (<=80%)
5031235,NY,Onondaga    ,Single Family (1-4 Units):Site-Built,242417.0,195000.0,80.44,High Risk (>80%)
5031266,VA,Alexandria city   ,Single Family (1-4 Units):Site-Built,422706.0,315000.0,74.52,Standard Risk (<=80%)
5031338,MO,Johnson    ,Single Family (1-4 Units):Site-Built,230935.0,215000.0,93.1,High Risk (>80%)
5031418,TX,Collin    ,Single Family (1-4 Units):Site-Built,461112.0,415000.0,90.0,High Risk (>80%)
5031573,MI,Macomb    ,Single Family (1-4 Units):Site-Built,275353.0,205000.0,74.45,Standard Risk (<=80%)
5031675,MI,Oakland    ,Single Family (1-4 Units):Site-Built,130754.0,75000.0,57.36,Standard Risk (<=80%)
5031721,VA,Isle of Wight  ,Single Family (1-4 Units):Site-Built,227778.0,205000.0,90.0,High Risk (>80%)
5031800,CT,Fairfield    ,Single Family (1-4 Units):Site-Built,352632.0,335000.0,95.0,High Risk (>80%)
5031810,CA,El Dorado   ,Single Family (1-4 Units):Site-Built,447083.0,305000.0,68.22,Standard Risk (<=80%)
5031821,TX,Navarro    ,Single Family (1-4 Units):Site-Built,191871.0,135000.0,70.36,Standard Risk (<=80%)
5031896,MN,Washington    ,Single Family (1-4 Units):Site-Built,472548.0,105000.0,22.22,Standard Risk (<=80%)
5031970,FL,Pasco    ,Single Family (1-4 Units):Site-Built,238312.0,105000.0,44.06,Standard Risk (<=80%)
5032065,IL,Cook    ,Single Family (1-4 Units):Site-Built,378572.0,265000.0,70.0,Standard Risk (<=80%)
5032116,NY,Bronx    ,Single Family (1-4 Units):Site-Built,741667.0,445000.0,60.0,Standard Risk (<=80%)
5032143,MI,Washtenaw    ,Single Family (1-4 Units):Site-Built,444417.0,355000.0,79.88,Standard Risk (<=80%)
5032159,FL,Palm Beach   ,Single Family (1-4 Units):Site-Built,396883.0,275000.0,69.29,Standard Risk (<=80%)
5032218,VA,Fairfax    ,Single Family (1-4 Units):Site-Built,384050.0,235000.0,61.19,Standard Risk (<=80%)
5032236,KS,Atchison    ,Single Family (1-4 Units):Site-Built,289474.0,275000.0,95.0,High Risk (>80%)
5032264,CA,San Joaquin   ,Single Family (1-4 Units):Site-Built,541667.0,325000.0,60.0,Standard Risk (<=80%)
5032282,NC,Brunswick    ,Single Family (1-4 Units):Site-Built,272223.0,245000.0,90.0,High Risk (>80%)
5032585,TX,Wichita    ,Single Family (1-4 Units):Site-Built,257895.0,245000.0,95.0,High Risk (>80%)
5032643,HI,Honolulu    ,Single Family (1-4 Units):Site-Built,346962.0,185000.0,53.32,Standard Risk (<=80%)
5032647,OH,Montgomery    ,Single Family (1-4 Units):Site-Built,245001.0,185000.0,75.51,Standard Risk (<=80%)
5032654,NJ,Essex    ,Single Family (1-4 Units):Site-Built,867547.0,355000.0,40.92,Standard Risk (<=80%)
5032686,MA,Hampden    ,Single Family (1-4 Units):Site-Built,293109.0,205000.0,69.94,Standard Risk (<=80%)
5032830,CA,San Joaquin   ,Single Family (1-4 Units):Site-Built,838462.0,545000.0,65.0,Standard Risk (<=80%)
5032925,PA,Lancaster    ,Single Family (1-4 Units):Site-Built,482337.0,355000.0,73.6,Standard Risk (<=80%)
5033009,MD,Baltimore city   ,Single Family (1-4 Units):Site-Built,153357.0,135000.0,88.03,High Risk (>80%)
5033091,KS,Pottawatomie    ,Single Family (1-4 Units):Site-Built,358254.0,265000.0,73.97,Standard Risk (<=80%)
5033096,FL,Brevard    ,Single Family (1-4 Units):Site-Built,420348.0,295000.0,70.18,Standard Risk (<=80%)
5033143,VA,Winchester city   ,Single Family (1-4 Units):Site-Built,350000.0,245000.0,70.0,Standard Risk (<=80%)
5033170,CA,San Diego   ,Single Family (1-4 Units):Site-Built,831793.0,405000.0,48.69,Standard Risk (<=80%)
5033216,ID,Boundary    ,Single Family (1-4 Units):Site-Built,433334.0,325000.0,75.0,Standard Risk (<=80%)
5033224,CA,Contra Costa   ,Single Family (1-4 Units):Site-Built,624661.0,345000.0,55.23,Standard Risk (<=80%)
5033363,NC,Mecklenburg    ,Single Family (1-4 Units):Site-Built,176323.0,105000.0,59.55,Standard Risk (<=80%)
5033367,FL,Sarasota    ,Single Family (1-4 Units):Site-Built,456250.0,365000.0,80.0,Standard Risk (<=80%)
5033477,CA,Alameda    ,Single Family (1-4 Units):Site-Built,1804636.0,545000.0,30.2,Standard Risk (<=80%)
5033589,LA,Tangipahoa Parish   ,Single Family (1-4 Units):Site-Built,152391.0,95000.0,62.34,Standard Risk (<=80%)
5033639,GA,Fulton    ,Single Family (1-4 Units):Site-Built,240016.0,125000.0,52.08,Standard Risk (<=80%)
5033643,HI,Honolulu    ,Single Family (1-4 Units):Site-Built,921898.0,445000.0,48.27,Standard Risk (<=80%)
5033680,CA,Ventura    ,Single Family (1-4 Units):Site-Built,625180.0,435000.0,69.58,Standard Risk (<=80%)
5033703,WA,Jefferson    ,Single Family (1-4 Units):Site-Built,539216.0,275000.0,51.0,Standard Risk (<=80%)
5033709,OR,Marion    ,Single Family (1-4 Units):Site-Built,250562.0,145000.0,57.87,Standard Risk (<=80%)
5033720,CA,Fresno    ,Single Family (1-4 Units):Site-Built,252216.0,185000.0,73.35,Standard Risk (<=80%)
5033808,KS,Cowley    ,Single Family (1-4 Units):Site-Built,177066.0,105000.0,59.3,Standard Risk (<=80%)
5033991,MD,Baltimore    ,Single Family (1-4 Units):Site-Built,246667.0,185000.0,75.0,Standard Risk (<=80%)
5034117,WA,Thurston    ,Single Family (1-4 Units):Site-Built,371071.0,275000.0,74.11,Standard Risk (<=80%)
5034127,NJ,Middlesex    ,Single Family (1-4 Units):Site-Built,425573.0,225000.0,52.87,Standard Risk (<=80%)
5034160,FL,Charlotte    ,Single Family (1-4 Units):Site-Built,168000.0,105000.0,62.5,Standard Risk (<=80%)
5034239,VA,Alexandria city   ,Single Family (1-4 Units):Site-Built,637097.0,395000.0,62.0,Standard Risk (<=80%)
5034259,NY,Monroe    ,Single Family (1-4 Units):Site-Built,191667.0,115000.0,60.0,Standard Risk (<=80%)
5034264,SC,Anderson    ,Single Family (1-4 Units):Site-Built,93391.0,65000.0,69.6,Standard Risk (<=80%)
5034334,GA,Cobb    ,Single Family (1-4 Units):Site-Built,403106.0,135000.0,33.49,Standard Risk (<=80%)
5034386,OH,Franklin    ,Single Family (1-4 Units):Site-Built,250000.0,125000.0,50.0,Standard Risk (<=80%)
5034422,NC,Union    ,Single Family (1-4 Units):Site-Built,401930.0,225000.0,55.98,Standard Risk (<=80%)
5034445,MI,Wayne    ,Single Family (1-4 Units):Site-Built,209064.0,155000.0,74.14,Standard Risk (<=80%)
5034661,PA,Lancaster    ,Single Family (1-4 Units):Site-Built,273334.0,205000.0,75.0,Standard Risk (<=80%)
5034668,FL,Pinellas    ,Single Family (1-4 Units):Site-Built,338889.0,305000.0,90.0,High Risk (>80%)
5034737,NY,Niagara    ,Single Family (1-4 Units):Site-Built,389697.0,295000.0,75.7,Standard Risk (<=80%)
5034744,FL,Duval    ,Single Family (1-4 Units):Site-Built,530000.0,265000.0,50.0,Standard Risk (<=80%)
5034762,MI,Macomb    ,Single Family (1-4 Units):Site-Built,237890.0,165000.0,69.36,Standard Risk (<=80%)
5034795,OR,Marion    ,Single Family (1-4 Units):Site-Built,743768.0,355000.0,47.73,Standard Risk (<=80%)
5034850,FL,Broward    ,Single Family (1-4 Units):Site-Built,364286.0,255000.0,70.0,Standard Risk (<=80%)
5034881,MD,Montgomery    ,Single Family (1-4 Units):Site-Built,546498.0,305000.0,55.81,Standard Risk (<=80%)
5034893,CT,Litchfield    ,Single Family (1-4 Units):Site-Built,168919.0,125000.0,74.0,Standard Risk (<=80%)
5034922,GA,Fannin    ,Single Family (1-4 Units):Site-Built,350048.0,185000.0,52.85,Standard Risk (<=80%)
5034934,CO,El Paso   ,Single Family (1-4 Units):Site-Built,408334.0,245000.0,60.0,Standard Risk (<=80%)
5034986,TX,Montgomery    ,Single Family (1-4 Units):Site-Built,398438.0,255000.0,64.0,Standard Risk (<=80%)
5035053,CA,Orange    ,Single Family (1-4 Units):Site-Built,708334.0,425000.0,60.0,Standard Risk (<=80%)
5035069,MI,Wayne    ,Single Family (1-4 Units):Site-Built,212082.0,145000.0,68.37,Standard Risk (<=80%)
5035097,CA,Santa Clara   ,Single Family (1-4 Units):Site-Built,961112.0,865000.0,90.0,High Risk (>80%)
5035190,IN,Dearborn    ,Single Family (1-4 Units):Site-Built,225226.0,155000.0,68.82,Standard Risk (<=80%)
5035200,CA,Riverside    ,Single Family (1-4 Units):Site-Built,368750.0,295000.0,80.0,Standard Risk (<=80%)
5035229,NJ,Middlesex    ,Single Family (1-4 Units):Site-Built,354303.0,245000.0,69.15,Standard Risk (<=80%)
5035369,NY,Queens    ,Single Family (1-4 Units):Site-Built,680342.0,335000.0,49.24,Standard Risk (<=80%)
5035405,MT,Cascade    ,Single Family (1-4 Units):Site-Built,342697.0,305000.0,89.0,High Risk (>80%)
5035512,PA,Delaware    ,Single Family (1-4 Units):Site-Built,704957.0,475000.0,67.38,Standard Risk (<=80%)
5035537,OH,Lawrence    ,Single Family (1-4 Units):Site-Built,156250.0,125000.0,80.0,Standard Risk (<=80%)
5035564,KY,Scott    ,Single Family (1-4 Units):Site-Built,201924.0,105000.0,52.0,Standard Risk (<=80%)
5035598,ID,Canyon    ,Single Family (1-4 Units):Site-Built,247525.0,165000.0,66.66,Standard Risk (<=80%)
5035599,CA,Los Angeles   ,Single Family (1-4 Units):Site-Built,550087.0,285000.0,51.81,Standard Risk (<=80%)
5035721,AZ,Yavapai    ,Single Family (1-4 Units):Site-Built,647728.0,285000.0,44.0,Standard Risk (<=80%)
5035782,NH,Rockingham    ,Single Family (1-4 Units):Site-Built,493654.0,105000.0,21.27,Standard Risk (<=80%)
5035823,TX,Cameron    ,Single Family (1-4 Units):Site-Built,245312.0,225000.0,91.72,High Risk (>80%)
5035827,MD,Carroll    ,Single Family (1-4 Units):Site-Built,650007.0,515000.0,79.23,Standard Risk (<=80%)
5035854,VA,Fairfax    ,Single Family (1-4 Units):Site-Built,542973.0,175000.0,32.23,Standard Risk (<=80%)
5036016,CA,Sacramento    ,Single Family (1-4 Units):Site-Built,593334.0,445000.0,75.0,Standard Risk (<=80%)
5036210,MD,Talbot    ,Single Family (1-4 Units):Site-Built,590278.0,425000.0,72.0,Standard Risk (<=80%)
5036262,CA,Contra Costa   ,Single Family (1-4 Units):Site-Built,2012821.0,785000.0,39.0,Standard Risk (<=80%)
5036302,TX,Dallas    ,Single Family (1-4 Units):Site-Built,231224.0,145000.0,62.71,Standard Risk (<=80%)
5036374,CA,San Bernardino   ,Single Family (1-4 Units):Site-Built,393750.0,315000.0,80.0,Standard Risk (<=80%)
5036411,CA,Alameda    ,Single Family (1-4 Units):Site-Built,992962.0,395000.0,39.78,Standard Risk (<=80%)
5036416,NC,Wake    ,Single Family (1-4 Units):Site-Built,352632.0,335000.0,95.0,High Risk (>80%)
5036425,TX,Denton    ,Single Family (1-4 Units):Site-Built,510766.0,325000.0,63.63,Standard Risk (<=80%)
5036466,CO,Denver    ,Single Family (1-4 Units):Site-Built,1546212.0,1105000.0,71.46,Standard Risk (<=80%)
5036600,CA,San Diego   ,Single Family (1-4 Units):Site-Built,984797.0,285000.0,28.94,Standard Risk (<=80%)
5036610,WA,Pierce    ,Single Family (1-4 Units):Site-Built,494708.0,215000.0,43.46,Standard Risk (<=80%)
5036614,NH,Hillsborough    ,Single Family (1-4 Units):Site-Built,334056.0,185000.0,55.38,Standard Risk (<=80%)
5036741,VA,Suffolk city   ,Single Family (1-4 Units):Site-Built,500000.0,335000.0,67.0,Standard Risk (<=80%)
5036756,MN,Anoka    ,Single Family (1-4 Units):Site-Built,193334.0,145000.0,75.0,Standard Risk (<=80%)
5036777,MN,Sherburne    ,Single Family (1-4 Units):Site-Built,204053.0,145000.0,71.06,Standard Risk (<=80%)
5036861,MI,Macomb    ,Single Family (1-4 Units):Site-Built,139176.0,135000.0,97.0,High Risk (>80%)
5036995,VA,Suffolk city   ,Single Family (1-4 Units):Site-Built,324619.0,185000.0,56.99,Standard Risk (<=80%)
5037059,OH,Lake    ,Single Family (1-4 Units):Site-Built,275298.0,185000.0,67.2,Standard Risk (<=80%)
5037062,MT,Yellowstone    ,Single Family (1-4 Units):Site-Built,293815.0,285000.0,97.0,High Risk (>80%)
5037147,AZ,Maricopa    ,Single Family (1-4 Units):Site-Built,242269.0,235000.0,97.0,High Risk (>80%)
5037203,MD,Anne Arundel   ,Single Family (1-4 Units):Site-Built,423171.0,225000.0,53.17,Standard Risk (<=80%)
5037266,MN,Washington    ,Single Family (1-4 Units):Site-Built,500000.0,265000.0,53.0,Standard Risk (<=80%)
5037272,CA,Los Angeles   ,Single Family (1-4 Units):Site-Built,450181.0,75000.0,16.66,Standard Risk (<=80%)
5037328,CA,Santa Clara   ,Single Family (1-4 Units):Site-Built,776637.0,605000.0,77.9,Standard Risk (<=80%)
5037350,AZ,Maricopa    ,Single Family (1-4 Units):Site-Built,421429.0,295000.0,70.0,Standard Risk (<=80%)
5037522,AR,Pulaski    ,Single Family (1-4 Units):Site-Built,103506.0,75000.0,72.46,Standard Risk (<=80%)
5037556,NV,Clark    ,Single Family (1-4 Units):Site-Built,409131.0,285000.0,69.66,Standard Risk (<=80%)
5037576,CA,Orange    ,Single Family (1-4 Units):Site-Built,889706.0,605000.0,68.0,Standard Risk (<=80%)
5037641,FL,Miami-Dade,Single Family (1-4 Units):Site-Built,400818.0,255000.0,63.62,Standard Risk (<=80%)
5037646,AR,Sebastian    ,Single Family (1-4 Units):Site-Built,146538.0,95000.0,64.83,Standard Risk (<=80%)
5024193,AZ,Maricopa    ,Single Family (1-4 Units):Site-Built,721429.0,505000.0,70.0,Standard Risk (<=80%)
5024331,CA,Los Angeles   ,Single Family (1-4 Units):Site-Built,1181250.0,945000.0,80.0,Standard Risk (<=80%)
5024849,CA,San Diego   ,Single Family (1-4 Units):Site-Built,867782.0,275000.0,31.69,Standard Risk (<=80%)
5024911,CA,Alameda    ,Single Family (1-4 Units):Site-Built,728257.0,525000.0,72.09,Standard Risk (<=80%)
5025154,KS,Seward    ,Single Family (1-4 Units):Site-Built,156869.0,115000.0,73.31,Standard Risk (<=80%)
5025303,AZ,Maricopa    ,Single Family (1-4 Units):Site-Built,368750.0,295000.0,80.0,Standard Risk (<=80%)
5025636,CT,Middlesex    ,Single Family (1-4 Units):Site-Built,393032.0,185000.0,47.07,Standard Risk (<=80%)
5025946,WV,Raleigh    ,Single Family (1-4 Units):Site-Built,117214.0,105000.0,89.58,High Risk (>80%)
5025953,FL,Polk    ,Single Family (1-4 Units):Site-Built,473334.0,355000.0,75.0,Standard Risk (<=80%)
5026232,NV,Clark    ,Single Family (1-4 Units):Site-Built,230159.0,145000.0,63.0,Standard Risk (<=80%)
5026266,IN,Grant    ,Single Family (1-4 Units):Site-Built,270076.0,75000.0,27.77,Standard Risk (<=80%)
5026492,MD,Prince George   ,Single Family (1-4 Units):Site-Built,335427.0,235000.0,70.06,Standard Risk (<=80%)
5026568,VA,Loudoun    ,Single Family (1-4 Units):Site-Built,651538.0,445000.0,68.3,Standard Risk (<=80%)
5026868,GA,Coweta    ,Single Family (1-4 Units):Site-Built,256250.0,205000.0,80.0,Standard Risk (<=80%)
5027230,TX,Harris    ,Single Family (1-4 Units):Site-Built,247366.0,115000.0,46.49,Standard Risk (<=80%)
5027456,OH,Lucas    ,Single Family (1-4 Units):Site-Built,142702.0,105000.0,73.58,Standard Risk (<=80%)
5027813,NY,Nassau    ,Single Family (1-4 Units):Site-Built,550000.0,385000.0,70.0,Standard Risk (<=80%)
5027859,TX,Harris    ,Single Family (1-4 Units):Site-Built,227778.0,205000.0,90.0,High Risk (>80%)
5028139,CA,Santa Clara   ,Single Family (1-4 Units):Site-Built,937500.0,375000.0,40.0,Standard Risk (<=80%)
5029115,AL,Jackson    ,Single Family (1-4 Units):Site-Built,321751.0,225000.0,69.93,Standard Risk (<=80%)
5029247,MD,Prince George   ,Single Family (1-4 Units):Site-Built,379747.0,255000.0,67.15,Standard Risk (<=80%)
5029252,TX,Travis    ,Single Family (1-4 Units):Site-Built,439357.0,355000.0,80.8,High Risk (>80%)
5029339,CA,San Joaquin   ,Single Family (1-4 Units):Site-Built,404173.0,155000.0,38.35,Standard Risk (<=80%)
5029517,TN,Davidson    ,Single Family (1-4 Units):Site-Built,788114.0,305000.0,38.7,Standard Risk (<=80%)
5029607,FL,Palm Beach   ,Single Family (1-4 Units):Site-Built,432867.0,275000.0,63.53,Standard Risk (<=80%)
5029838,CA,San Diego   ,Single Family (1-4 Units):Site-Built,731250.0,585000.0,80.0,Standard Risk (<=80%)
5030181,AZ,Maricopa    ,Single Family (1-4 Units):Site-Built,447126.0,315000.0,70.45,Standard Risk (<=80%)
5030272,CA,Kern    ,Single Family (1-4 Units):Site-Built,249054.0,125000.0,50.19,Standard Risk (<=80%)
5030318,GA,Cherokee    ,Single Family (1-4 Units):Site-Built,286019.0,215000.0,75.17,Standard Risk (<=80%)
5030456,MA,Essex    ,Single Family (1-4 Units):Site-Built,460869.0,275000.0,59.67,Standard Risk (<=80%)
5030946,MD,Anne Arundel   ,Single Family (1-4 Units):Site-Built,508334.0,305000.0,60.0,Standard Risk (<=80%)
5031510,MD,Frederick    ,Single Family (1-4 Units):Site-Built,348485.0,115000.0,33.0,Standard Risk (<=80%)
5031819,AK,Anchorage Borough   ,Single Family (1-4 Units):Site-Built,443574.0,215000.0,48.47,Standard Risk (<=80%)
5032091,CA,Los Angeles   ,Single Family (1-4 Units):Site-Built,741786.0,605000.0,81.56,High Risk (>80%)
5032146,CA,San Francisco   ,Single Family (1-4 Units):Site-Built,1207166.0,775000.0,64.2,Standard Risk (<=80%)
5032521,TX,Anderson    ,Single Family (1-4 Units):Site-Built,117778.0,85000.0,72.17,Standard Risk (<=80%)
5032576,MD,Garrett    ,Single Family (1-4 Units):Site-Built,192373.0,115000.0,59.78,Standard Risk (<=80%)
5032756,NY,Nassau    ,Single Family (1-4 Units):Site-Built,538990.0,385000.0,71.43,Standard Risk (<=80%)
5032895,CA,Orange    ,Single Family (1-4 Units):Site-Built,690407.0,285000.0,41.28,Standard Risk (<=80%)
5033767,VA,Franklin    ,Single Family (1-4 Units):Site-Built,156250.0,125000.0,80.0,Standard Risk (<=80%)
5034345,OR,Multnomah    ,Single Family (1-4 Units):Site-Built,984375.0,315000.0,32.0,Standard Risk (<=80%)
5034444,PA,Northumberland    ,Single Family (1-4 Units):Site-Built,282937.0,195000.0,68.92,Standard Risk (<=80%)
5034653,ME,Oxford    ,Single Family (1-4 Units):Site-Built,304879.0,125000.0,41.0,Standard Risk (<=80%)
5034806,IL,DuPage    ,Single Family (1-4 Units):Site-Built,333171.0,205000.0,61.53,Standard Risk (<=80%)
5035220,CA,Los Angeles   ,Single Family (1-4 Units):Site-Built,1094158.0,545000.0,49.81,Standard Risk (<=80%)
5035226,CA,Alameda    ,Single Family (1-4 Units):Site-Built,856250.0,685000.0,80.0,Standard Risk (<=80%)
5035441,IL,Kane    ,Single Family (1-4 Units):Site-Built,320016.0,165000.0,51.56,Standard Risk (<=80%)
5036246,TX,Bexar    ,Single Family (1-4 Units):Site-Built,243056.0,175000.0,72.0,Standard Risk (<=80%)
5036395,OR,Marion    ,Single Family (1-4 Units):Site-Built,296611.0,175000.0,59.0,Standard Risk (<=80%)
5037047,TX,Dallas    ,Single Family (1-4 Units):Site-Built,346154.0,315000.0,91.0,High Risk (>80%)
5037552,CA,San Joaquin   ,Single Family (1-4 Units):Site-Built,447107.0,265000.0,59.27,Standard Risk (<=80%)
5024060,CA,Santa Clara   ,Single Family (1-4 Units):Site-Built,817308.0,255000.0,31.2,Standard Risk (<=80%)
5024095,OR,Crook    ,Single Family (1-4 Units):Site-Built,407895.0,155000.0,38.0,Standard Risk (<=80%)
5024104,WA,Pierce    ,Single Family (1-4 Units):Site-Built,516313.0,345000.0,66.82,Standard Risk (<=80%)
5024232,AL,Shelby    ,Single Family (1-4 Units):Site-Built,314426.0,245000.0,77.92,Standard Risk (<=80%)
5024236,MI,Ingham    ,Single Family (1-4 Units):Site-Built,118750.0,95000.0,80.0,Standard Risk (<=80%)
5024292,GA,Walton    ,Single Family (1-4 Units):Site-Built,300015.0,205000.0,68.33,Standard Risk (<=80%)
5024306,TX,Tarrant    ,Single Family (1-4 Units):Site-Built,431250.0,345000.0,80.0,Standard Risk (<=80%)
5024328,CA,Orange    ,Single Family (1-4 Units):Site-Built,744148.0,445000.0,59.8,Standard Risk (<=80%)
5024395,CO,Clear Creek   ,Single Family (1-4 Units):Site-Built,576924.0,75000.0,13.0,Standard Risk (<=80%)
5024405,MD,Anne Arundel   ,Single Family (1-4 Units):Site-Built,525757.0,445000.0,84.64,High Risk (>80%)
5024410,FL,Polk    ,Single Family (1-4 Units):Site-Built,396425.0,275000.0,69.37,Standard Risk (<=80%)
5024428,TX,Webb    ,Single Family (1-4 Units):Site-Built,221005.0,125000.0,56.56,Standard Risk (<=80%)
5024437,MA,Middlesex    ,Single Family (1-4 Units):Site-Built,725837.0,395000.0,54.42,Standard Risk (<=80%)
5024448,CA,San Bernardino   ,Single Family (1-4 Units):Site-Built,504446.0,295000.0,58.48,Standard Risk (<=80%)
5024467,UT,Utah    ,Single Family (1-4 Units):Site-Built,620088.0,355000.0,57.25,Standard Risk (<=80%)
5024491,DC,District of Columbia  ,Single Family (1-4 Units):Site-Built,605621.0,125000.0,20.64,Standard Risk (<=80%)
5024618,CA,Orange    ,Single Family (1-4 Units):Site-Built,747786.0,515000.0,68.87,Standard Risk (<=80%)
5024660,DE,New Castle   ,Single Family (1-4 Units):Site-Built,436843.0,415000.0,95.0,High Risk (>80%)
5024681,NJ,Hudson    ,Single Family (1-4 Units):Site-Built,331250.0,265000.0,80.0,Standard Risk (<=80%)
5024693,AZ,Maricopa    ,Single Family (1-4 Units):Site-Built,256375.0,185000.0,72.16,Standard Risk (<=80%)
5024728,CA,Orange    ,Single Family (1-4 Units):Site-Built,1000972.0,515000.0,51.45,Standard Risk (<=80%)
5024810,CA,Ventura    ,Single Family (1-4 Units):Site-Built,507143.0,355000.0,70.0,Standard Risk (<=80%)
5024818,OR,Washington    ,Single Family (1-4 Units):Site-Built,443367.0,265000.0,59.77,Standard Risk (<=80%)
5024860,NJ,Middlesex    ,Single Family (1-4 Units):Site-Built,506250.0,405000.0,80.0,Standard Risk (<=80%)
5024888,IL,Lake    ,Single Family (1-4 Units):Site-Built,267858.0,75000.0,28.0,Standard Risk (<=80%)
5024993,CA,San Mateo   ,Single Family (1-4 Units):Site-Built,807664.0,215000.0,26.62,Standard Risk (<=80%)
5025005,MI,Oakland    ,Single Family (1-4 Units):Site-Built,258334.0,155000.0,60.0,Standard Risk (<=80%)
5025020,WV,Cabell    ,Single Family (1-4 Units):Site-Built,154412.0,105000.0,68.0,Standard Risk (<=80%)
5025025,CA,Orange    ,Single Family (1-4 Units):Site-Built,795621.0,545000.0,68.5,Standard Risk (<=80%)
5025103,CA,San Bernardino   ,Single Family (1-4 Units):Site-Built,572223.0,515000.0,90.0,High Risk (>80%)
5025245,IL,Winnebago    ,Single Family (1-4 Units):Site-Built,271238.0,235000.0,86.64,High Risk (>80%)
5025283,GA,Chattooga    ,Single Family (1-4 Units):Site-Built,439689.0,265000.0,60.27,Standard Risk (<=80%)
5025317,AZ,Maricopa    ,Single Family (1-4 Units):Site-Built,371504.0,255000.0,68.64,Standard Risk (<=80%)
5025349,WA,Pierce    ,Single Family (1-4 Units):Site-Built,464353.0,325000.0,69.99,Standard Risk (<=80%)
5025371,MN,Hennepin    ,Single Family (1-4 Units):Site-Built,201493.0,135000.0,67.0,Standard Risk (<=80%)
5025399,CA,Riverside    ,Single Family (1-4 Units):Site-Built,830034.0,545000.0,65.66,Standard Risk (<=80%)
5025405,UT,Uintah    ,Single Family (1-4 Units):Site-Built,198718.0,155000.0,78.0,Standard Risk (<=80%)
5025417,MS,Rankin    ,Single Family (1-4 Units):Site-Built,153334.0,115000.0,75.0,Standard Risk (<=80%)
5025435,MI,Jackson    ,Single Family (1-4 Units):Site-Built,181250.0,145000.0,80.0,Standard Risk (<=80%)
5025533,NH,Hillsborough    ,Single Family (1-4 Units):Site-Built,595589.0,405000.0,68.0,Standard Risk (<=80%)
5025561,NV,Clark    ,Single Family (1-4 Units):Site-Built,311054.0,215000.0,69.12,Standard Risk (<=80%)
5025590,TX,Williamson    ,Single Family (1-4 Units):Site-Built,556250.0,445000.0,80.0,Standard Risk (<=80%)
5025592,MD,Anne Arundel   ,Single Family (1-4 Units):Site-Built,256250.0,205000.0,80.0,Standard Risk (<=80%)
5025623,CA,Los Angeles   ,Single Family (1-4 Units):Site-Built,764286.0,535000.0,70.0,Standard Risk (<=80%)
5025634,CA,Orange    ,Single Family (1-4 Units):Site-Built,992754.0,685000.0,69.0,Standard Risk (<=80%)
5025667,FL,Polk    ,Single Family (1-4 Units):Site-Built,252162.0,175000.0,69.4,Standard Risk (<=80%)
5025671,CA,San Bernardino   ,Single Family (1-4 Units):Site-Built,753279.0,425000.0,56.42,Standard Risk (<=80%)
5025740,CA,Los Angeles   ,Single Family (1-4 Units):Site-Built,630041.0,375000.0,59.52,Standard Risk (<=80%)
5025752,FL,Broward    ,Single Family (1-4 Units):Site-Built,397227.0,275000.0,69.23,Standard Risk (<=80%)
5025816,NC,Mecklenburg    ,Single Family (1-4 Units):Site-Built,450000.0,225000.0,50.0,Standard Risk (<=80%)
5025840,KY,Edmonson    ,Single Family (1-4 Units):Site-Built,110737.0,105000.0,94.82,High Risk (>80%)
5025965,PA,Juniata    ,Single Family (1-4 Units):Site-Built,160298.0,125000.0,77.98,Standard Risk (<=80%)
5025973,IL,Will    ,Single Family (1-4 Units):Site-Built,330004.0,185000.0,56.06,Standard Risk (<=80%)
5026039,TX,Lubbock    ,Single Family (1-4 Units):Site-Built,340580.0,235000.0,69.0,Standard Risk (<=80%)
5026042,WI,Racine    ,Single Family (1-4 Units):Site-Built,302084.0,145000.0,48.0,Standard Risk (<=80%)
5026048,WA,Clark    ,Single Family (1-4 Units):Site-Built,690644.0,265000.0,38.37,Standard Risk (<=80%)
5026056,CA,Santa Clara   ,Single Family (1-4 Units):Site-Built,989011.0,495000.0,50.05,Standard Risk (<=80%)
5026117,FL,Orange    ,Single Family (1-4 Units):Site-Built,300032.0,285000.0,94.99,High Risk (>80%)
5026134,VA,Richmond city   ,Single Family (1-4 Units):Site-Built,181250.0,145000.0,80.0,Standard Risk (<=80%)
5026135,MI,Saginaw    ,Single Family (1-4 Units):Site-Built,218750.0,175000.0,80.0,Standard Risk (<=80%)
5026228,FL,Orange    ,Single Family (1-4 Units):Site-Built,262309.0,195000.0,74.34,Standard Risk (<=80%)
5026467,CA,Shasta    ,Single Family (1-4 Units):Site-Built,368158.0,345000.0,93.71,High Risk (>80%)
5026480,HI,Hawaii    ,Single Family (1-4 Units):Site-Built,787500.0,315000.0,40.0,Standard Risk (<=80%)
5026496,IL,Winnebago    ,Single Family (1-4 Units):Site-Built,156250.0,125000.0,80.0,Standard Risk (<=80%)
5026527,WI,Dane    ,Single Family (1-4 Units):Site-Built,297243.0,235000.0,79.06,Standard Risk (<=80%)
5026605,CA,Santa Clara   ,Single Family (1-4 Units):Site-Built,996056.0,505000.0,50.7,Standard Risk (<=80%)
5026620,GA,Fulton    ,Single Family (1-4 Units):Site-Built,192858.0,135000.0,70.0,Standard Risk (<=80%)
5026693,TX,Randall    ,Single Family (1-4 Units):Site-Built,302635.0,255000.0,84.26,High Risk (>80%)
5026803,MD,Baltimore city   ,Single Family (1-4 Units):Site-Built,175880.0,105000.0,59.7,Standard Risk (<=80%)
5026822,WA,Clark    ,Single Family (1-4 Units):Site-Built,634153.0,485000.0,76.48,Standard Risk (<=80%)
5026900,SC,Lancaster    ,Single Family (1-4 Units):Site-Built,378734.0,265000.0,69.97,Standard Risk (<=80%)
5027086,CA,Los Angeles   ,Single Family (1-4 Units):Site-Built,1556250.0,1245000.0,80.0,Standard Risk (<=80%)
5027087,FL,Hillsborough    ,Single Family (1-4 Units):Site-Built,378626.0,265000.0,69.99,Standard Risk (<=80%)
5027091,TX,Smith    ,Single Family (1-4 Units):Site-Built,235271.0,115000.0,48.88,Standard Risk (<=80%)
5027133,FL,Palm Beach   ,Single Family (1-4 Units):Site-Built,445273.0,275000.0,61.76,Standard Risk (<=80%)
5027134,CO,Arapahoe    ,Single Family (1-4 Units):Site-Built,451707.0,405000.0,89.66,High Risk (>80%)
5027176,MT,Fallon    ,Single Family (1-4 Units):Site-Built,416667.0,375000.0,90.0,High Risk (>80%)
5027183,TX,Brazoria    ,Single Family (1-4 Units):Site-Built,206090.0,155000.0,75.21,Standard Risk (<=80%)
5027243,CA,Orange    ,Single Family (1-4 Units):Site-Built,900000.0,405000.0,45.0,Standard Risk (<=80%)
5027287,TX,Galveston    ,Single Family (1-4 Units):Site-Built,345912.0,275000.0,79.5,Standard Risk (<=80%)
5027306,MD,Prince George   ,Single Family (1-4 Units):Site-Built,780103.0,425000.0,54.48,Standard Risk (<=80%)
5027376,CO,Douglas    ,Single Family (1-4 Units):Site-Built,477948.0,285000.0,59.63,Standard Risk (<=80%)
5027426,FL,Sarasota    ,Single Family (1-4 Units):Site-Built,336207.0,195000.0,58.0,Standard Risk (<=80%)
5027445,NC,Johnston    ,Single Family (1-4 Units):Site-Built,232034.0,175000.0,75.42,Standard Risk (<=80%)
5027492,CO,Denver    ,Single Family (1-4 Units):Site-Built,580000.0,435000.0,75.0,Standard Risk (<=80%)
5027504,TN,Davidson    ,Single Family (1-4 Units):Site-Built,275018.0,155000.0,56.36,Standard Risk (<=80%)
5027511,MO,St. Louis   ,Single Family (1-4 Units):Site-Built,418750.0,335000.0,80.0,Standard Risk (<=80%)
5027530,FL,Lake    ,Single Family (1-4 Units):Site-Built,354167.0,255000.0,72.0,Standard Risk (<=80%)
5027540,TX,Nueces    ,Single Family (1-4 Units):Site-Built,168620.0,95000.0,56.34,Standard Risk (<=80%)
5027704,IN,Elkhart    ,Single Family (1-4 Units):Site-Built,209456.0,105000.0,50.13,Standard Risk (<=80%)
5027760,NY,Suffolk    ,Single Family (1-4 Units):Site-Built,575093.0,435000.0,75.64,Standard Risk (<=80%)
5027763,OH,Franklin    ,Single Family (1-4 Units):Site-Built,194136.0,145000.0,74.69,Standard Risk (<=80%)
5027792,OH,Fayette    ,Single Family (1-4 Units):Site-Built,167437.0,145000.0,86.6,High Risk (>80%)
5027841,PA,Luzerne    ,Single Family (1-4 Units):Site-Built,210000.0,105000.0,50.0,Standard Risk (<=80%)
5027909,CA,Orange    ,Single Family (1-4 Units):Site-Built,984043.0,925000.0,94.0,High Risk (>80%)
5027936,CA,Sacramento    ,Single Family (1-4 Units):Site-Built,397227.0,275000.0,69.23,Standard Risk (<=80%)
5028004,TN,Sumner    ,Single Family (1-4 Units):Site-Built,325035.0,235000.0,72.3,Standard Risk (<=80%)
5028070,MI,Macomb    ,Single Family (1-4 Units):Site-Built,106250.0,85000.0,80.0,Standard Risk (<=80%)
5028088,GA,Glynn    ,Single Family (1-4 Units):Site-Built,211865.0,125000.0,59.0,Standard Risk (<=80%)
5028147,PA,Montgomery    ,Single Family (1-4 Units):Site-Built,510000.0,255000.0,50.0,Standard Risk (<=80%)
5028175,PA,Lehigh    ,Single Family (1-4 Units):Site-Built,321613.0,225000.0,69.96,Standard Risk (<=80%)
5028186,CA,San Diego   ,Single Family (1-4 Units):Site-Built,535602.0,425000.0,79.35,Standard Risk (<=80%)
5028200,PA,Allegheny    ,Single Family (1-4 Units):Site-Built,192723.0,125000.0,64.86,Standard Risk (<=80%)
5028332,NC,Wake    ,Single Family (1-4 Units):Site-Built,321506.0,135000.0,41.99,Standard Risk (<=80%)
5028394,MI,Oakland    ,Single Family (1-4 Units):Site-Built,396224.0,235000.0,59.31,Standard Risk (<=80%)
5028405,AL,Baldwin    ,Single Family (1-4 Units):Site-Built,150000.0,135000.0,90.0,High Risk (>80%)
5028452,CA,Sacramento    ,Single Family (1-4 Units):Site-Built,391836.0,215000.0,54.87,Standard Risk (<=80%)
5028480,CA,Santa Clara   ,Single Family (1-4 Units):Site-Built,844331.0,595000.0,70.47,Standard Risk (<=80%)
5028496,CA,Santa Clara   ,Single Family (1-4 Units):Site-Built,1008558.0,495000.0,49.08,Standard Risk (<=80%)
5028662,AZ,Maricopa    ,Single Family (1-4 Units):Site-Built,447416.0,425000.0,94.99,High Risk (>80%)
5028763,TX,Galveston    ,Single Family (1-4 Units):Site-Built,683334.0,615000.0,90.0,High Risk (>80%)
5028819,MD,Montgomery    ,Single Family (1-4 Units):Site-Built,702658.0,505000.0,71.87,Standard Risk (<=80%)
5028855,MI,Ingham    ,Single Family (1-4 Units):Site-Built,373337.0,275000.0,73.66,Standard Risk (<=80%)
5028897,CA,San Diego   ,Single Family (1-4 Units):Site-Built,483461.0,285000.0,58.95,Standard Risk (<=80%)
5028901,NV,Clark    ,Single Family (1-4 Units):Site-Built,702795.0,415000.0,59.05,Standard Risk (<=80%)
5028956,NC,Rutherford    ,Single Family (1-4 Units):Site-Built,203253.0,135000.0,66.42,Standard Risk (<=80%)
5028980,NC,Mecklenburg    ,Single Family (1-4 Units):Site-Built,408027.0,305000.0,74.75,Standard Risk (<=80%)
5029065,MA,Middlesex    ,Single Family (1-4 Units):Site-Built,711005.0,325000.0,45.71,Standard Risk (<=80%)
5029132,FL,Leon    ,Single Family (1-4 Units):Site-Built,268750.0,215000.0,80.0,Standard Risk (<=80%)
5029256,GA,Fulton    ,Single Family (1-4 Units):Site-Built,353642.0,285000.0,80.59,High Risk (>80%)
5029398,CA,Orange    ,Single Family (1-4 Units):Site-Built,726667.0,545000.0,75.0,Standard Risk (<=80%)
5029417,VA,Stafford    ,Single Family (1-4 Units):Site-Built,407118.0,135000.0,33.16,Standard Risk (<=80%)
5029433,CA,Los Angeles   ,Single Family (1-4 Units):Site-Built,917212.0,575000.0,62.69,Standard Risk (<=80%)
5029440,AR,Searcy    ,Single Family (1-4 Units):Site-Built,99389.0,65000.0,65.4,Standard Risk (<=80%)
5029493,CO,Douglas    ,Single Family (1-4 Units):Site-Built,616889.0,385000.0,62.41,Standard Risk (<=80%)
5029564,IN,Porter    ,Single Family (1-4 Units):Site-Built,322785.0,255000.0,79.0,Standard Risk (<=80%)
5029633,NC,Currituck    ,Single Family (1-4 Units):Site-Built,423077.0,275000.0,65.0,Standard Risk (<=80%)
5029683,TN,Robertson    ,Single Family (1-4 Units):Site-Built,488269.0,385000.0,78.85,Standard Risk (<=80%)
5029733,WA,King    ,Single Family (1-4 Units):Site-Built,461046.0,345000.0,74.83,Standard Risk (<=80%)
5029777,MD,Talbot    ,Single Family (1-4 Units):Site-Built,422408.0,325000.0,76.94,Standard Risk (<=80%)
5029787,AZ,Pima    ,Single Family (1-4 Units):Site-Built,335295.0,285000.0,85.0,High Risk (>80%)
5029831,TX,Tarrant    ,Single Family (1-4 Units):Site-Built,170013.0,105000.0,61.76,Standard Risk (<=80%)
5030087,NY,Kings    ,Single Family (1-4 Units):Site-Built,677647.0,395000.0,58.29,Standard Risk (<=80%)
5030194,CA,San Joaquin   ,Single Family (1-4 Units):Site-Built,524036.0,375000.0,71.56,Standard Risk (<=80%)
5030215,PA,Lancaster    ,Single Family (1-4 Units):Site-Built,195264.0,155000.0,79.38,Standard Risk (<=80%)
5030250,GA,Forsyth    ,Single Family (1-4 Units):Site-Built,381809.0,225000.0,58.93,Standard Risk (<=80%)
5030286,NC,Cherokee    ,Single Family (1-4 Units):Site-Built,196851.0,115000.0,58.42,Standard Risk (<=80%)
5030293,CA,Riverside    ,Single Family (1-4 Units):Site-Built,376764.0,275000.0,72.99,Standard Risk (<=80%)
5030310,VA,Mecklenburg    ,Single Family (1-4 Units):Site-Built,151126.0,135000.0,89.33,High Risk (>80%)
5030389,CA,Los Angeles   ,Single Family (1-4 Units):Site-Built,844962.0,545000.0,64.5,Standard Risk (<=80%)
5030572,OK,Logan    ,Single Family (1-4 Units):Site-Built,468724.0,275000.0,58.67,Standard Risk (<=80%)
5030609,CA,Los Angeles   ,Single Family (1-4 Units):Site-Built,666244.0,315000.0,47.28,Standard Risk (<=80%)
5030734,PA,Mercer    ,Single Family (1-4 Units):Site-Built,232524.0,155000.0,66.66,Standard Risk (<=80%)
5030838,GA,DeKalb    ,Single Family (1-4 Units):Site-Built,345071.0,245000.0,71.0,Standard Risk (<=80%)
5030873,UT,Salt Lake   ,Single Family (1-4 Units):Site-Built,755581.0,545000.0,72.13,Standard Risk (<=80%)
5030941,CA,Los Angeles   ,Single Family (1-4 Units):Site-Built,812904.0,315000.0,38.75,Standard Risk (<=80%)
5030980,OH,Montgomery    ,Single Family (1-4 Units):Site-Built,199506.0,105000.0,52.63,Standard Risk (<=80%)
5031008,OR,Yamhill    ,Single Family (1-4 Units):Site-Built,757340.0,485000.0,64.04,Standard Risk (<=80%)
5031050,CA,Santa Clara   ,Single Family (1-4 Units):Site-Built,1089948.0,515000.0,47.25,Standard Risk (<=80%)
5031078,NJ,Gloucester    ,Single Family (1-4 Units):Site-Built,256250.0,205000.0,80.0,Standard Risk (<=80%)
5031147,NY,Albany    ,Single Family (1-4 Units):Site-Built,169355.0,105000.0,62.0,Standard Risk (<=80%)
5031210,OR,Deschutes    ,Single Family (1-4 Units):Site-Built,1210910.0,515000.0,42.53,Standard Risk (<=80%)
5031240,OH,Ashtabula    ,Single Family (1-4 Units):Site-Built,150445.0,115000.0,76.44,Standard Risk (<=80%)
5031289,CA,Los Angeles   ,Single Family (1-4 Units):Site-Built,610558.0,325000.0,53.23,Standard Risk (<=80%)
5031311,NC,Mecklenburg    ,Single Family (1-4 Units):Site-Built,560058.0,235000.0,41.96,Standard Risk (<=80%)
5031323,VA,Caroline    ,Single Family (1-4 Units):Site-Built,277778.0,125000.0,45.0,Standard Risk (<=80%)
5031363,PA,Montgomery    ,Single Family (1-4 Units):Site-Built,534803.0,335000.0,62.64,Standard Risk (<=80%)
5031366,NY,Kings    ,Single Family (1-4 Units):Site-Built,1542102.0,945000.0,61.28,Standard Risk (<=80%)
5031372,FL,Pinellas    ,Single Family (1-4 Units):Site-Built,664698.0,495000.0,74.47,Standard Risk (<=80%)
5031572,CO,El Paso   ,Single Family (1-4 Units):Site-Built,474138.0,275000.0,58.0,Standard Risk (<=80%)
5031591,GA,Coweta    ,Single Family (1-4 Units):Site-Built,325088.0,205000.0,63.06,Standard Risk (<=80%)
5031618,CA,Yolo    ,Single Family (1-4 Units):Site-Built,911435.0,495000.0,54.31,Standard Risk (<=80%)
5031705,VT,Rutland    ,Single Family (1-4 Units):Site-Built,166667.0,125000.0,75.0,Standard Risk (<=80%)
5031719,CO,Boulder    ,Single Family (1-4 Units):Site-Built,535295.0,455000.0,85.0,High Risk (>80%)
5031755,LA,Orleans Parish   ,Single Family (1-4 Units):Site-Built,184013.0,125000.0,67.93,Standard Risk (<=80%)
5031758,ID,Canyon    ,Single Family (1-4 Units):Site-Built,348455.0,275000.0,78.92,Standard Risk (<=80%)
5031868,CA,Alameda    ,Single Family (1-4 Units):Site-Built,415114.0,245000.0,59.02,Standard Risk (<=80%)
5031954,NJ,Atlantic    ,Single Family (1-4 Units):Site-Built,269986.0,205000.0,75.93,Standard Risk (<=80%)
5032027,CO,Denver    ,Single Family (1-4 Units):Site-Built,810028.0,475000.0,58.64,Standard Risk (<=80%)
5032226,MD,Howard    ,Single Family (1-4 Units):Site-Built,914524.0,505000.0,55.22,Standard Risk (<=80%)
5032298,MI,Wayne    ,Single Family (1-4 Units):Site-Built,275046.0,165000.0,59.99,Standard Risk (<=80%)
5032333,CA,San Francisco   ,Single Family (1-4 Units):Site-Built,1001619.0,495000.0,49.42,Standard Risk (<=80%)
5032355,NJ,Monmouth    ,Single Family (1-4 Units):Site-Built,594026.0,525000.0,88.38,High Risk (>80%)
5032386,NY,Niagara    ,Single Family (1-4 Units):Site-Built,225291.0,155000.0,68.8,Standard Risk (<=80%)
5032407,MN,Kanabec    ,Single Family (1-4 Units):Site-Built,210567.0,165000.0,78.36,Standard Risk (<=80%)
5032557,TX,Kendall    ,Single Family (1-4 Units):Site-Built,913826.0,665000.0,72.77,Standard Risk (<=80%)
5032627,OH,Portage    ,Single Family (1-4 Units):Site-Built,310527.0,295000.0,95.0,High Risk (>80%)
5032672,MA,Essex    ,Single Family (1-4 Units):Site-Built,568750.0,455000.0,80.0,Standard Risk (<=80%)
5032678,UT,Utah    ,Single Family (1-4 Units):Site-Built,319739.0,225000.0,70.37,Standard Risk (<=80%)
5032684,VT,Windsor    ,Single Family (1-4 Units):Site-Built,358768.0,205000.0,57.14,Standard Risk (<=80%)
5032877,UT,Salt Lake   ,Single Family (1-4 Units):Site-Built,353536.0,105000.0,29.7,Standard Risk (<=80%)
5032922,CA,San Francisco   ,Single Family (1-4 Units):Site-Built,1550655.0,225000.0,14.51,Standard Risk (<=80%)
5032962,HI,Hawaii    ,Single Family (1-4 Units):Site-Built,955814.0,305000.0,31.91,Standard Risk (<=80%)
5032974,CA,San Diego   ,Single Family (1-4 Units):Site-Built,789050.0,245000.0,31.05,Standard Risk (<=80%)
5033079,PA,Dauphin    ,Single Family (1-4 Units):Site-Built,140000.0,105000.0,75.0,Standard Risk (<=80%)
5033082,FL,Brevard    ,Single Family (1-4 Units):Site-Built,762500.0,305000.0,40.0,Standard Risk (<=80%)
5033088,MI,Manistee    ,Single Family (1-4 Units):Site-Built,158824.0,135000.0,85.0,High Risk (>80%)
5033106,CA,Orange    ,Single Family (1-4 Units):Site-Built,911765.0,465000.0,51.0,Standard Risk (<=80%)
5033238,NY,Suffolk    ,Single Family (1-4 Units):Site-Built,506250.0,405000.0,80.0,Standard Risk (<=80%)
5033254,TX,Fayette    ,Single Family (1-4 Units):Site-Built,156250.0,125000.0,80.0,Standard Risk (<=80%)
5033282,IA,Mahaska    ,Single Family (1-4 Units):Site-Built,289474.0,275000.0,95.0,High Risk (>80%)
5033324,OR,Columbia    ,Single Family (1-4 Units):Site-Built,371854.0,195000.0,52.44,Standard Risk (<=80%)
5033340,MT,Gallatin    ,Single Family (1-4 Units):Site-Built,329160.0,255000.0,77.47,Standard Risk (<=80%)
5033416,PA,Philadelphia    ,Single Family (1-4 Units):Site-Built,478572.0,335000.0,70.0,Standard Risk (<=80%)
5033428,ME,York    ,Single Family (1-4 Units):Site-Built,389846.0,215000.0,55.15,Standard Risk (<=80%)
5033446,CO,Denver    ,Single Family (1-4 Units):Site-Built,765020.0,545000.0,71.24,Standard Risk (<=80%)
5033502,CA,Los Angeles   ,Single Family (1-4 Units):Site-Built,610802.0,285000.0,46.66,Standard Risk (<=80%)
5033512,GA,Fulton    ,Single Family (1-4 Units):Site-Built,147059.0,75000.0,51.0,Standard Risk (<=80%)
5033528,CA,Orange    ,Single Family (1-4 Units):Site-Built,993577.0,495000.0,49.82,Standard Risk (<=80%)
5033538,IL,Cook    ,Single Family (1-4 Units):Site-Built,378025.0,225000.0,59.52,Standard Risk (<=80%)
5033576,FL,Broward    ,Single Family (1-4 Units):Site-Built,297817.0,135000.0,45.33,Standard Risk (<=80%)
5033579,NJ,Middlesex    ,Single Family (1-4 Units):Site-Built,420000.0,315000.0,75.0,Standard Risk (<=80%)
5033614,NC,Robeson    ,Single Family (1-4 Units):Site-Built,106008.0,75000.0,70.75,Standard Risk (<=80%)
5033618,DE,New Castle   ,Single Family (1-4 Units):Site-Built,206250.0,165000.0,80.0,Standard Risk (<=80%)
5033811,GA,Morgan    ,Single Family (1-4 Units):Site-Built,444241.0,145000.0,32.64,Standard Risk (<=80%)
5033845,AL,Baldwin    ,Single Family (1-4 Units):Site-Built,166667.0,155000.0,93.0,High Risk (>80%)
5033851,VA,Loudoun    ,Single Family (1-4 Units):Site-Built,688852.0,325000.0,47.18,Standard Risk (<=80%)
5033913,IL,Madison    ,Single Family (1-4 Units):Site-Built,122022.0,85000.0,69.66,Standard Risk (<=80%)
5034019,IL,McLean    ,Single Family (1-4 Units):Site-Built,139391.0,135000.0,96.85,High Risk (>80%)
5034037,HI,Hawaii    ,Single Family (1-4 Units):Site-Built,331579.0,315000.0,95.0,High Risk (>80%)
5034101,CA,Alameda    ,Single Family (1-4 Units):Site-Built,641257.0,535000.0,83.43,High Risk (>80%)
5034144,FL,St. Johns   ,Single Family (1-4 Units):Site-Built,326667.0,245000.0,75.0,Standard Risk (<=80%)
5034315,CA,Alameda    ,Single Family (1-4 Units):Site-Built,775642.0,605000.0,78.0,Standard Risk (<=80%)
5034633,MI,Bay    ,Single Family (1-4 Units):Site-Built,331250.0,265000.0,80.0,Standard Risk (<=80%)
5034667,GA,Lowndes    ,Single Family (1-4 Units):Site-Built,253974.0,155000.0,61.03,Standard Risk (<=80%)
5034780,GA,Cobb    ,Single Family (1-4 Units):Site-Built,282213.0,175000.0,62.01,Standard Risk (<=80%)
5034817,CA,Sacramento    ,Single Family (1-4 Units):Site-Built,672481.0,455000.0,67.66,Standard Risk (<=80%)
5034845,CA,Contra Costa   ,Single Family (1-4 Units):Site-Built,605883.0,515000.0,85.0,High Risk (>80%)
5034869,IN,Marion    ,Single Family (1-4 Units):Site-Built,319608.0,215000.0,67.27,Standard Risk (<=80%)
5034906,AL,Covington    ,Single Family (1-4 Units):Site-Built,195946.0,145000.0,74.0,Standard Risk (<=80%)
5034968,PA,Northampton    ,Single Family (1-4 Units):Site-Built,293277.0,205000.0,69.9,Standard Risk (<=80%)
5035028,LA,Jefferson Parish   ,Single Family (1-4 Units):Site-Built,258334.0,155000.0,60.0,Standard Risk (<=80%)
5035149,NC,Stanly    ,Single Family (1-4 Units):Site-Built,387652.0,275000.0,70.94,Standard Risk (<=80%)
5035170,ID,Ada    ,Single Family (1-4 Units):Site-Built,898007.0,545000.0,60.69,Standard Risk (<=80%)
5035189,AZ,Maricopa    ,Single Family (1-4 Units):Site-Built,283569.0,185000.0,65.24,Standard Risk (<=80%)
5035312,CA,Los Angeles   ,Single Family (1-4 Units):Site-Built,977612.0,655000.0,67.0,Standard Risk (<=80%)
5035357,VA,Dinwiddie    ,Single Family (1-4 Units):Site-Built,323835.0,275000.0,84.92,High Risk (>80%)
5035391,TX,Tarrant    ,Single Family (1-4 Units):Site-Built,290422.0,275000.0,94.69,High Risk (>80%)
5035410,NY,Kings    ,Single Family (1-4 Units):Site-Built,536765.0,365000.0,68.0,Standard Risk (<=80%)
5035430,IL,Cook    ,Single Family (1-4 Units):Site-Built,331375.0,265000.0,79.97,Standard Risk (<=80%)
5035486,PA,Huntingdon    ,Single Family (1-4 Units):Site-Built,141892.0,105000.0,74.0,Standard Risk (<=80%)
5035735,NY,Suffolk    ,Single Family (1-4 Units):Site-Built,478572.0,335000.0,70.0,Standard Risk (<=80%)
5035786,IN,Monroe    ,Single Family (1-4 Units):Site-Built,184730.0,105000.0,56.84,Standard Risk (<=80%)
5035916,IL,Champaign    ,Single Family (1-4 Units):Site-Built,145012.0,75000.0,51.72,Standard Risk (<=80%)
5036024,NY,Ulster    ,Single Family (1-4 Units):Site-Built,467392.0,215000.0,46.0,Standard Risk (<=80%)
5036055,CA,Sacramento    ,Single Family (1-4 Units):Site-Built,744445.0,335000.0,45.0,Standard Risk (<=80%)
5036129,OH,Montgomery    ,Single Family (1-4 Units):Site-Built,673914.0,465000.0,69.0,Standard Risk (<=80%)
5036150,AZ,Pinal    ,Single Family (1-4 Units):Site-Built,547872.0,305000.0,55.67,Standard Risk (<=80%)
5036163,IN,Warrick    ,Single Family (1-4 Units):Site-Built,208873.0,105000.0,50.27,Standard Risk (<=80%)
5036170,MO,St. Louis   ,Single Family (1-4 Units):Site-Built,182276.0,145000.0,79.55,Standard Risk (<=80%)
5036180,AZ,Pima    ,Single Family (1-4 Units):Site-Built,159209.0,95000.0,59.67,Standard Risk (<=80%)
5036265,NH,Strafford    ,Single Family (1-4 Units):Site-Built,651786.0,365000.0,56.0,Standard Risk (<=80%)
5036349,FL,Manatee    ,Single Family (1-4 Units):Site-Built,392852.0,255000.0,64.91,Standard Risk (<=80%)
5036382,TX,El Paso   ,Single Family (1-4 Units):Site-Built,182355.0,105000.0,57.58,Standard Risk (<=80%)
5036529,CA,Sacramento    ,Single Family (1-4 Units):Site-Built,606250.0,485000.0,80.0,Standard Risk (<=80%)
5036549,WV,Jefferson    ,Single Family (1-4 Units):Site-Built,313954.0,135000.0,43.0,Standard Risk (<=80%)
5036571,GA,Gwinnett    ,Single Family (1-4 Units):Site-Built,258334.0,155000.0,60.0,Standard Risk (<=80%)
5036665,IL,Kane    ,Single Family (1-4 Units):Site-Built,179289.0,125000.0,69.72,Standard Risk (<=80%)
5036669,TX,Medina    ,Single Family (1-4 Units):Site-Built,449212.0,245000.0,54.54,Standard Risk (<=80%)
5036674,FL,Lee    ,Single Family (1-4 Units):Site-Built,226316.0,215000.0,95.0,High Risk (>80%)
5036712,CA,Orange    ,Single Family (1-4 Units):Site-Built,853965.0,545000.0,63.82,Standard Risk (<=80%)
5036736,FL,Volusia    ,Single Family (1-4 Units):Site-Built,245960.0,175000.0,71.15,Standard Risk (<=80%)
5036760,MI,Wayne    ,Single Family (1-4 Units):Site-Built,225000.0,135000.0,60.0,Standard Risk (<=80%)
5036769,OH,Butler    ,Single Family (1-4 Units):Site-Built,138889.0,125000.0,90.0,High Risk (>80%)
5036808,FL,Lake    ,Single Family (1-4 Units):Site-Built,391667.0,235000.0,60.0,Standard Risk (<=80%)
5036824,MA,Bristol    ,Single Family (1-4 Units):Site-Built,389420.0,265000.0,68.05,Standard Risk (<=80%)
5036828,GA,Clayton    ,Single Family (1-4 Units):Site-Built,227949.0,115000.0,50.45,Standard Risk (<=80%)
5036858,CA,San Diego   ,Single Family (1-4 Units):Site-Built,888929.0,505000.0,56.81,Standard Risk (<=80%)
5036908,NC,Durham    ,Single Family (1-4 Units):Site-Built,283987.0,155000.0,54.58,Standard Risk (<=80%)
5037052,CA,Alameda    ,Single Family (1-4 Units):Site-Built,708367.0,265000.0,37.41,Standard Risk (<=80%)
5037110,WI,Fond du Lac  ,Single Family (1-4 Units):Site-Built,278847.0,145000.0,52.0,Standard Risk (<=80%)
5037111,CA,Contra Costa   ,Single Family (1-4 Units):Site-Built,673041.0,535000.0,79.49,Standard Risk (<=80%)
5037130,FL,Hillsborough    ,Single Family (1-4 Units):Site-Built,366072.0,205000.0,56.0,Standard Risk (<=80%)
5037211,OH,Stark    ,Single Family (1-4 Units):Site-Built,211341.0,205000.0,97.0,High Risk (>80%)
5037330,TX,Tarrant    ,Single Family (1-4 Units):Site-Built,317781.0,205000.0,64.51,Standard Risk (<=80%)
5037415,WA,Cowlitz    ,Single Family (1-4 Units):Site-Built,358382.0,155000.0,43.25,Standard Risk (<=80%)
5037421,MI,Wayne    ,Single Family (1-4 Units):Site-Built,199229.0,155000.0,77.8,Standard Risk (<=80%)
5037444,MA,Barnstable    ,Single Family (1-4 Units):Site-Built,246479.0,175000.0,71.0,Standard Risk (<=80%)
5037503,TX,Tarrant    ,Single Family (1-4 Units):Site-Built,241667.0,145000.0,60.0,Standard Risk (<=80%)
5024427,NH,Merrimack    ,Single Family (1-4 Units):Site-Built,349651.0,75000.0,21.45,Standard Risk (<=80%)
5024503,AL,Shelby    ,Single Family (1-4 Units):Site-Built,206250.0,165000.0,80.0,Standard Risk (<=80%)
5024510,WI,Pierce    ,Single Family (1-4 Units):Site-Built,175297.0,65000.0,37.08,Standard Risk (<=80%)
5024887,NJ,Atlantic    ,Single Family (1-4 Units):Site-Built,281250.0,225000.0,80.0,Standard Risk (<=80%)
5024915,UT,Utah    ,Single Family (1-4 Units):Site-Built,430933.0,365000.0,84.7,High Risk (>80%)
5025095,CT,Hartford    ,Single Family (1-4 Units):Site-Built,238889.0,215000.0,90.0,High Risk (>80%)
5025114,TX,Hood    ,Single Family (1-4 Units):Site-Built,111725.0,85000.0,76.08,Standard Risk (<=80%)
5025250,NY,Richmond    ,Single Family (1-4 Units):Site-Built,706098.0,425000.0,60.19,Standard Risk (<=80%)
5025756,SC,Horry    ,Single Family (1-4 Units):Site-Built,222998.0,115000.0,51.57,Standard Risk (<=80%)
5025931,TX,Hays    ,Single Family (1-4 Units):Site-Built,220888.0,125000.0,56.59,Standard Risk (<=80%)
5026328,NJ,Camden    ,Single Family (1-4 Units):Site-Built,239235.0,165000.0,68.97,Standard Risk (<=80%)
5026591,NC,Wake    ,Single Family (1-4 Units):Site-Built,301725.0,175000.0,58.0,Standard Risk (<=80%)
5026811,TX,Harris    ,Single Family (1-4 Units):Site-Built,268750.0,215000.0,80.0,Standard Risk (<=80%)
5027135,CA,Los Angeles   ,Single Family (1-4 Units):Site-Built,890347.0,285000.0,32.01,Standard Risk (<=80%)
5028328,CA,San Diego   ,Single Family (1-4 Units):Site-Built,1272682.0,505000.0,39.68,Standard Risk (<=80%)
5028459,NC,Richmond    ,Single Family (1-4 Units):Site-Built,232143.0,195000.0,84.0,High Risk (>80%)
5028518,FL,Monroe    ,Single Family (1-4 Units):Site-Built,767011.0,505000.0,65.84,Standard Risk (<=80%)
5028913,PA,Centre    ,Single Family (1-4 Units):Site-Built,291667.0,175000.0,60.0,Standard Risk (<=80%)
5029730,NC,Wake    ,Single Family (1-4 Units):Site-Built,251005.0,125000.0,49.8,Standard Risk (<=80%)
5030023,MA,Plymouth    ,Single Family (1-4 Units):Site-Built,844183.0,415000.0,49.16,Standard Risk (<=80%)
5030480,MS,Hancock    ,Single Family (1-4 Units):Site-Built,166306.0,115000.0,69.15,Standard Risk (<=80%)
5031347,CA,Sacramento    ,Single Family (1-4 Units):Site-Built,593676.0,475000.0,80.01,High Risk (>80%)
5031838,FL,Polk    ,Single Family (1-4 Units):Site-Built,199614.0,155000.0,77.65,Standard Risk (<=80%)
5031845,MD,Anne Arundel   ,Single Family (1-4 Units):Site-Built,600033.0,365000.0,60.83,Standard Risk (<=80%)
5032036,CA,Los Angeles   ,Single Family (1-4 Units):Site-Built,613840.0,385000.0,62.72,Standard Risk (<=80%)
5032541,TX,Caldwell    ,Single Family (1-4 Units):Site-Built,203910.0,145000.0,71.11,Standard Risk (<=80%)
5032807,FL,Citrus    ,Single Family (1-4 Units):Site-Built,202038.0,115000.0,56.92,Standard Risk (<=80%)
5033307,MI,Macomb    ,Single Family (1-4 Units):Site-Built,138006.0,115000.0,83.33,High Risk (>80%)
5033559,FL,Brevard    ,Single Family (1-4 Units):Site-Built,178623.0,125000.0,69.98,Standard Risk (<=80%)
5033710,HI,Honolulu    ,Single Family (1-4 Units):Site-Built,708872.0,505000.0,71.24,Standard Risk (<=80%)
5034403,SC,Horry    ,Single Family (1-4 Units):Site-Built,193750.0,155000.0,80.0,Standard Risk (<=80%)
5035024,MN,Ramsey    ,Single Family (1-4 Units):Site-Built,274252.0,175000.0,63.81,Standard Risk (<=80%)
5035502,MI,Macomb    ,Single Family (1-4 Units):Site-Built,697341.0,485000.0,69.55,Standard Risk (<=80%)
5035524,NJ,Essex    ,Single Family (1-4 Units):Site-Built,401409.0,285000.0,71.0,Standard Risk (<=80%)
5036604,CO,Boulder    ,Single Family (1-4 Units):Site-Built,803551.0,335000.0,41.69,Standard Risk (<=80%)
5036930,KY,Scott    ,Single Family (1-4 Units):Site-Built,233334.0,175000.0,75.0,Standard Risk (<=80%)
5036991,AZ,Maricopa    ,Single Family (1-4 Units):Site-Built,564877.0,505000.0,89.4,High Risk (>80%)
5037401,CA,Contra Costa   ,Single Family (1-4 Units):Site-Built,606663.0,275000.0,45.33,Standard Risk (<=80%)
5024065,VA,Henrico    ,Single Family (1-4 Units):Site-Built,356250.0,285000.0,80.0,Standard Risk (<=80%)
5024099,PA,Montgomery    ,Single Family (1-4 Units):Site-Built,482880.0,385000.0,79.73,Standard Risk (<=80%)
5024173,AZ,Maricopa    ,Single Family (1-4 Units):Site-Built,839231.0,695000.0,82.81,High Risk (>80%)
5024179,OR,Washington    ,Single Family (1-4 Units):Site-Built,658731.0,415000.0,63.0,Standard Risk (<=80%)
5024185,NC,Harnett    ,Single Family (1-4 Units):Site-Built,184211.0,175000.0,95.0,High Risk (>80%)
5024203,PA,Montgomery    ,Single Family (1-4 Units):Site-Built,372189.0,235000.0,63.14,Standard Risk (<=80%)
5024211,VA,Henrico    ,Single Family (1-4 Units):Site-Built,399405.0,295000.0,73.86,Standard Risk (<=80%)
5024223,OH,Fairfield    ,Single Family (1-4 Units):Site-Built,653847.0,425000.0,65.0,Standard Risk (<=80%)
5024316,MI,Wayne    ,Single Family (1-4 Units):Site-Built,199262.0,135000.0,67.75,Standard Risk (<=80%)
5024602,MN,Hennepin    ,Single Family (1-4 Units):Site-Built,303700.0,165000.0,54.33,Standard Risk (<=80%)
5024629,CA,Riverside    ,Single Family (1-4 Units):Site-Built,1209678.0,375000.0,31.0,Standard Risk (<=80%)
5024652,AL,Mobile    ,Single Family (1-4 Units):Site-Built,356250.0,285000.0,80.0,Standard Risk (<=80%)
5024684,RI,Bristol    ,Single Family (1-4 Units):Site-Built,406667.0,305000.0,75.0,Standard Risk (<=80%)
5024719,TX,Collin    ,Single Family (1-4 Units):Site-Built,449725.0,335000.0,74.49,Standard Risk (<=80%)
5024797,CO,Denver    ,Single Family (1-4 Units):Site-Built,500000.0,165000.0,33.0,Standard Risk (<=80%)
5024817,NV,Churchill    ,Single Family (1-4 Units):Site-Built,434051.0,335000.0,77.18,Standard Risk (<=80%)
5024874,ID,Canyon    ,Single Family (1-4 Units):Site-Built,379983.0,265000.0,69.74,Standard Risk (<=80%)
5024952,FL,Hernando    ,Single Family (1-4 Units):Site-Built,213236.0,145000.0,68.0,Standard Risk (<=80%)
5024957,NY,Schenectady    ,Single Family (1-4 Units):Site-Built,280738.0,195000.0,69.46,Standard Risk (<=80%)
5024986,CA,Los Angeles   ,Single Family (1-4 Units):Site-Built,759463.0,305000.0,40.16,Standard Risk (<=80%)
5025052,CA,Alameda    ,Single Family (1-4 Units):Site-Built,1058915.0,825000.0,77.91,Standard Risk (<=80%)
5025251,FL,Seminole    ,Single Family (1-4 Units):Site-Built,343750.0,275000.0,80.0,Standard Risk (<=80%)
5025441,CA,Sacramento    ,Single Family (1-4 Units):Site-Built,505736.0,485000.0,95.9,High Risk (>80%)
5025463,NJ,Ocean    ,Single Family (1-4 Units):Site-Built,214286.0,105000.0,49.0,Standard Risk (<=80%)
5025478,SC,Lexington    ,Single Family (1-4 Units):Site-Built,770640.0,505000.0,65.53,Standard Risk (<=80%)
5025493,WV,Marshall    ,Single Family (1-4 Units):Site-Built,161713.0,105000.0,64.93,Standard Risk (<=80%)
5025539,FL,Seminole    ,Single Family (1-4 Units):Site-Built,795273.0,545000.0,68.53,Standard Risk (<=80%)
5025554,MI,Macomb    ,Single Family (1-4 Units):Site-Built,139176.0,135000.0,97.0,High Risk (>80%)
5025596,VA,Nelson    ,Single Family (1-4 Units):Site-Built,170104.0,165000.0,97.0,High Risk (>80%)
5025632,NC,Henderson    ,Single Family (1-4 Units):Site-Built,581250.0,465000.0,80.0,Standard Risk (<=80%)
5025743,NC,Wake    ,Single Family (1-4 Units):Site-Built,336039.0,265000.0,78.86,Standard Risk (<=80%)
5025744,CA,Los Angeles   ,Single Family (1-4 Units):Site-Built,453746.0,335000.0,73.83,Standard Risk (<=80%)
5025748,CA,Los Angeles   ,Single Family (1-4 Units):Site-Built,601741.0,325000.0,54.01,Standard Risk (<=80%)
5025775,GA,Laurens    ,Single Family (1-4 Units):Site-Built,193559.0,125000.0,64.58,Standard Risk (<=80%)
5025835,OH,Marion    ,Single Family (1-4 Units):Site-Built,178030.0,135000.0,75.83,Standard Risk (<=80%)
5026119,CA,Tulare    ,Single Family (1-4 Units):Site-Built,421329.0,305000.0,72.39,Standard Risk (<=80%)
5026126,CA,Alameda    ,Single Family (1-4 Units):Site-Built,2001456.0,825000.0,41.22,Standard Risk (<=80%)
5026148,NJ,Ocean    ,Single Family (1-4 Units):Site-Built,525048.0,305000.0,58.09,Standard Risk (<=80%)
5026290,UT,Piute    ,Single Family (1-4 Units):Site-Built,517544.0,295000.0,57.0,Standard Risk (<=80%)
5026339,CA,El Dorado   ,Single Family (1-4 Units):Site-Built,600036.0,335000.0,55.83,Standard Risk (<=80%)
5026501,OR,Clackamas    ,Single Family (1-4 Units):Site-Built,407143.0,285000.0,70.0,Standard Risk (<=80%)
5026572,FL,Levy    ,Single Family (1-4 Units):Site-Built,416573.0,185000.0,44.41,Standard Risk (<=80%)
5026675,MN,Ramsey    ,Single Family (1-4 Units):Site-Built,390625.0,275000.0,70.4,Standard Risk (<=80%)
5026679,PA,Blair    ,Single Family (1-4 Units):Site-Built,242269.0,235000.0,97.0,High Risk (>80%)
5026690,TX,Montgomery    ,Single Family (1-4 Units):Site-Built,405341.0,255000.0,62.91,Standard Risk (<=80%)
5026704,AL,Montgomery    ,Single Family (1-4 Units):Site-Built,223638.0,165000.0,73.78,Standard Risk (<=80%)
5026839,CA,Sacramento    ,Single Family (1-4 Units):Site-Built,510000.0,255000.0,50.0,Standard Risk (<=80%)
5026862,HI,Honolulu    ,Single Family (1-4 Units):Site-Built,333970.0,245000.0,73.36,Standard Risk (<=80%)
5026882,NY,Westchester    ,Single Family (1-4 Units):Site-Built,418033.0,255000.0,61.0,Standard Risk (<=80%)
5026949,CA,Santa Clara   ,Single Family (1-4 Units):Site-Built,717536.0,205000.0,28.57,Standard Risk (<=80%)
5026988,FL,Pasco    ,Single Family (1-4 Units):Site-Built,293418.0,185000.0,63.05,Standard Risk (<=80%)
5027016,NC,Gaston    ,Single Family (1-4 Units):Site-Built,226902.0,125000.0,55.09,Standard Risk (<=80%)
5027088,CA,Alameda    ,Single Family (1-4 Units):Site-Built,906520.0,705000.0,77.77,Standard Risk (<=80%)
5027286,AL,Cullman    ,Single Family (1-4 Units):Site-Built,207143.0,145000.0,70.0,Standard Risk (<=80%)
5027293,MD,Garrett    ,Single Family (1-4 Units):Site-Built,338889.0,305000.0,90.0,High Risk (>80%)
5027333,WA,King    ,Single Family (1-4 Units):Site-Built,596331.0,325000.0,54.5,Standard Risk (<=80%)
5027374,CA,Los Angeles   ,Single Family (1-4 Units):Site-Built,905757.0,815000.0,89.98,High Risk (>80%)
5027385,AZ,Maricopa    ,Single Family (1-4 Units):Site-Built,268492.0,155000.0,57.73,Standard Risk (<=80%)
5027431,CA,Orange    ,Single Family (1-4 Units):Site-Built,973637.0,325000.0,33.38,Standard Risk (<=80%)
5027457,WA,King    ,Single Family (1-4 Units):Site-Built,712963.0,385000.0,54.0,Standard Risk (<=80%)
5027528,MD,Prince George   ,Single Family (1-4 Units):Site-Built,446106.0,185000.0,41.47,Standard Risk (<=80%)
5027623,NC,New Hanover   ,Single Family (1-4 Units):Site-Built,248656.0,185000.0,74.4,Standard Risk (<=80%)
5027624,WA,King    ,Single Family (1-4 Units):Site-Built,609414.0,325000.0,53.33,Standard Risk (<=80%)
5027658,IL,Cook    ,Single Family (1-4 Units):Site-Built,443001.0,375000.0,84.65,High Risk (>80%)
5027725,MI,Livingston    ,Single Family (1-4 Units):Site-Built,422414.0,245000.0,58.0,Standard Risk (<=80%)
5027865,VA,Fauquier    ,Single Family (1-4 Units):Site-Built,294445.0,265000.0,90.0,High Risk (>80%)
5027986,PA,Pike    ,Single Family (1-4 Units):Site-Built,164306.0,145000.0,88.25,High Risk (>80%)
5028042,MO,Barry    ,Single Family (1-4 Units):Site-Built,210000.0,105000.0,50.0,Standard Risk (<=80%)
5028077,IN,Porter    ,Single Family (1-4 Units):Site-Built,159812.0,115000.0,71.96,Standard Risk (<=80%)
5028153,MI,Oakland    ,Single Family (1-4 Units):Site-Built,361353.0,325000.0,89.94,High Risk (>80%)
5028193,CA,Stanislaus    ,Single Family (1-4 Units):Site-Built,527994.0,265000.0,50.19,Standard Risk (<=80%)
5028197,CA,San Diego   ,Single Family (1-4 Units):Site-Built,757853.0,415000.0,54.76,Standard Risk (<=80%)
5028248,FL,Broward    ,Single Family (1-4 Units):Site-Built,418750.0,335000.0,80.0,Standard Risk (<=80%)
5028261,WA,Spokane    ,Single Family (1-4 Units):Site-Built,750000.0,555000.0,74.0,Standard Risk (<=80%)
5028281,GA,Cobb    ,Single Family (1-4 Units):Site-Built,215415.0,135000.0,62.67,Standard Risk (<=80%)
5028379,NJ,Bergen    ,Single Family (1-4 Units):Site-Built,410659.0,225000.0,54.79,Standard Risk (<=80%)
5028408,MD,Montgomery    ,Single Family (1-4 Units):Site-Built,500000.0,475000.0,95.0,High Risk (>80%)
5028418,MI,Jackson    ,Single Family (1-4 Units):Site-Built,147059.0,125000.0,85.0,High Risk (>80%)
5028442,CO,Douglas    ,Single Family (1-4 Units):Site-Built,507519.0,405000.0,79.8,Standard Risk (<=80%)
5028532,NJ,Morris    ,Single Family (1-4 Units):Site-Built,611374.0,415000.0,67.88,Standard Risk (<=80%)
5028551,MN,Dakota    ,Single Family (1-4 Units):Site-Built,302093.0,205000.0,67.86,Standard Risk (<=80%)
5028568,CA,Alameda    ,Single Family (1-4 Units):Site-Built,1700068.0,755000.0,44.41,Standard Risk (<=80%)
5028599,CA,Riverside    ,Single Family (1-4 Units):Site-Built,458802.0,245000.0,53.4,Standard Risk (<=80%)
5028664,CO,Douglas    ,Single Family (1-4 Units):Site-Built,486646.0,215000.0,44.18,Standard Risk (<=80%)
5028731,CA,San Joaquin   ,Single Family (1-4 Units):Site-Built,406131.0,265000.0,65.25,Standard Risk (<=80%)
5028870,NJ,Somerset    ,Single Family (1-4 Units):Site-Built,634766.0,325000.0,51.2,Standard Risk (<=80%)
5028871,NC,Johnston    ,Single Family (1-4 Units):Site-Built,406856.0,235000.0,57.76,Standard Risk (<=80%)
5028883,VA,Prince William   ,Single Family (1-4 Units):Site-Built,415718.0,365000.0,87.8,High Risk (>80%)
5028886,PA,York    ,Single Family (1-4 Units):Site-Built,286995.0,205000.0,71.43,Standard Risk (<=80%)
5028922,MA,Middlesex    ,Single Family (1-4 Units):Site-Built,708334.0,425000.0,60.0,Standard Risk (<=80%)
5029033,VA,Arlington    ,Single Family (1-4 Units):Site-Built,710143.0,355000.0,49.99,Standard Risk (<=80%)
5029158,CA,Riverside    ,Single Family (1-4 Units):Site-Built,522649.0,345000.0,66.01,Standard Risk (<=80%)
5029160,KY,Hart    ,Single Family (1-4 Units):Site-Built,184526.0,145000.0,78.58,Standard Risk (<=80%)
5029164,ID,Teton    ,Single Family (1-4 Units):Site-Built,736364.0,405000.0,55.0,Standard Risk (<=80%)
5029181,CO,Arapahoe    ,Single Family (1-4 Units):Site-Built,618750.0,495000.0,80.0,Standard Risk (<=80%)
5029197,NJ,Middlesex    ,Single Family (1-4 Units):Site-Built,407143.0,285000.0,70.0,Standard Risk (<=80%)
5029209,CA,Riverside    ,Single Family (1-4 Units):Site-Built,432752.0,315000.0,72.79,Standard Risk (<=80%)
5029274,MI,Macomb    ,Single Family (1-4 Units):Site-Built,251149.0,175000.0,69.68,Standard Risk (<=80%)
5029280,MD,Worcester    ,Single Family (1-4 Units):Site-Built,754027.0,515000.0,68.3,Standard Risk (<=80%)
5029328,AZ,Pima    ,Single Family (1-4 Units):Site-Built,325647.0,185000.0,56.81,Standard Risk (<=80%)
5029352,WA,San Juan   ,Single Family (1-4 Units):Site-Built,804253.0,295000.0,36.68,Standard Risk (<=80%)
5029452,NC,Johnston    ,Single Family (1-4 Units):Site-Built,222247.0,205000.0,92.24,High Risk (>80%)
5029462,AZ,Maricopa    ,Single Family (1-4 Units):Site-Built,448076.0,255000.0,56.91,Standard Risk (<=80%)
5029502,FL,Palm Beach   ,Single Family (1-4 Units):Site-Built,526468.0,365000.0,69.33,Standard Risk (<=80%)
5029618,TN,Sumner    ,Single Family (1-4 Units):Site-Built,218210.0,145000.0,66.45,Standard Risk (<=80%)
5029664,AK,Matanuska-Susitna Borough   ,Single Family (1-4 Units):Site-Built,265560.0,195000.0,73.43,Standard Risk (<=80%)
5029667,IA,Pottawattamie    ,Single Family (1-4 Units):Site-Built,389727.0,305000.0,78.26,Standard Risk (<=80%)
5029681,CA,Orange    ,Single Family (1-4 Units):Site-Built,1405102.0,975000.0,69.39,Standard Risk (<=80%)
5029744,NJ,Hudson    ,Single Family (1-4 Units):Site-Built,490634.0,275000.0,56.05,Standard Risk (<=80%)
5029751,TX,Collin    ,Single Family (1-4 Units):Site-Built,313334.0,235000.0,75.0,Standard Risk (<=80%)
5029753,MI,Oakland    ,Single Family (1-4 Units):Site-Built,336122.0,225000.0,66.94,Standard Risk (<=80%)
5029813,MN,Hennepin    ,Single Family (1-4 Units):Site-Built,1035058.0,615000.0,59.42,Standard Risk (<=80%)
5029859,OH,Seneca    ,Single Family (1-4 Units):Site-Built,373418.0,295000.0,79.0,Standard Risk (<=80%)
5029863,NC,Buncombe    ,Single Family (1-4 Units):Site-Built,500000.0,475000.0,95.0,High Risk (>80%)
5029901,TN,Maury    ,Single Family (1-4 Units):Site-Built,250000.0,175000.0,70.0,Standard Risk (<=80%)
5029921,KS,Sedgwick    ,Single Family (1-4 Units):Site-Built,293750.0,235000.0,80.0,Standard Risk (<=80%)
5029932,NY,Nassau    ,Single Family (1-4 Units):Site-Built,546678.0,325000.0,59.45,Standard Risk (<=80%)
5030006,FL,Osceola    ,Single Family (1-4 Units):Site-Built,320285.0,225000.0,70.25,Standard Risk (<=80%)
5030018,PA,Cumberland    ,Single Family (1-4 Units):Site-Built,213289.0,165000.0,77.36,Standard Risk (<=80%)
5030072,SC,Horry    ,Single Family (1-4 Units):Site-Built,282642.0,205000.0,72.53,Standard Risk (<=80%)
5030175,NY,Saratoga    ,Single Family (1-4 Units):Site-Built,307936.0,175000.0,56.83,Standard Risk (<=80%)
5030196,CA,Fresno    ,Single Family (1-4 Units):Site-Built,401997.0,145000.0,36.07,Standard Risk (<=80%)
5030248,CA,Orange    ,Single Family (1-4 Units):Site-Built,684932.0,435000.0,63.51,Standard Risk (<=80%)
5030256,CA,Merced    ,Single Family (1-4 Units):Site-Built,425213.0,255000.0,59.97,Standard Risk (<=80%)
5030336,NJ,Ocean    ,Single Family (1-4 Units):Site-Built,421875.0,135000.0,32.0,Standard Risk (<=80%)
5030461,CA,Santa Clara   ,Single Family (1-4 Units):Site-Built,1184783.0,545000.0,46.0,Standard Risk (<=80%)
5030618,TX,Collin    ,Single Family (1-4 Units):Site-Built,420169.0,285000.0,67.83,Standard Risk (<=80%)
5030680,KY,Oldham    ,Single Family (1-4 Units):Site-Built,335715.0,235000.0,70.0,Standard Risk (<=80%)
5030763,CA,Alameda    ,Single Family (1-4 Units):Site-Built,944297.0,495000.0,52.42,Standard Risk (<=80%)
5030816,AZ,Maricopa    ,Single Family (1-4 Units):Site-Built,456289.0,345000.0,75.61,Standard Risk (<=80%)
5030970,MI,Oakland    ,Single Family (1-4 Units):Site-Built,206250.0,165000.0,80.0,Standard Risk (<=80%)
5030997,CA,Los Angeles   ,Single Family (1-4 Units):Site-Built,436843.0,415000.0,95.0,High Risk (>80%)
5031060,AZ,Maricopa    ,Single Family (1-4 Units):Site-Built,275021.0,205000.0,74.54,Standard Risk (<=80%)
5031128,WV,Clay    ,Single Family (1-4 Units):Site-Built,154032.0,115000.0,74.66,Standard Risk (<=80%)
5031348,MI,Macomb    ,Single Family (1-4 Units):Site-Built,210145.0,145000.0,69.0,Standard Risk (<=80%)
5031467,GA,Murray    ,Single Family (1-4 Units):Site-Built,228436.0,125000.0,54.72,Standard Risk (<=80%)
5031586,MN,Hennepin    ,Single Family (1-4 Units):Site-Built,244141.0,125000.0,51.2,Standard Risk (<=80%)
5031641,MI,Wayne    ,Single Family (1-4 Units):Site-Built,463708.0,375000.0,80.87,High Risk (>80%)
5031692,FL,Brevard    ,Single Family (1-4 Units):Site-Built,256945.0,185000.0,72.0,Standard Risk (<=80%)
5031693,SC,Greenville    ,Single Family (1-4 Units):Site-Built,600927.0,415000.0,69.06,Standard Risk (<=80%)
5031725,WA,King    ,Single Family (1-4 Units):Site-Built,655473.0,445000.0,67.89,Standard Risk (<=80%)
5031749,CA,Los Angeles   ,Single Family (1-4 Units):Site-Built,1323150.0,615000.0,46.48,Standard Risk (<=80%)
5031885,GA,Fulton    ,Single Family (1-4 Units):Site-Built,220589.0,75000.0,34.0,Standard Risk (<=80%)
5031957,VA,Alexandria city   ,Single Family (1-4 Units):Site-Built,790566.0,305000.0,38.58,Standard Risk (<=80%)
5031984,MI,Ingham    ,Single Family (1-4 Units):Site-Built,195008.0,125000.0,64.1,Standard Risk (<=80%)
5032121,CA,Riverside    ,Single Family (1-4 Units):Site-Built,838983.0,755000.0,89.99,High Risk (>80%)
5032138,WA,Whatcom    ,Single Family (1-4 Units):Site-Built,301205.0,185000.0,61.42,Standard Risk (<=80%)
5032149,CA,Los Angeles   ,Single Family (1-4 Units):Site-Built,594828.0,345000.0,58.0,Standard Risk (<=80%)
5032207,GA,Cobb    ,Single Family (1-4 Units):Site-Built,368750.0,295000.0,80.0,Standard Risk (<=80%)
5032301,VA,Fairfax    ,Single Family (1-4 Units):Site-Built,898257.0,505000.0,56.22,Standard Risk (<=80%)
5032311,TX,Tarrant    ,Single Family (1-4 Units):Site-Built,383117.0,295000.0,77.0,Standard Risk (<=80%)
5032336,CA,San Bernardino   ,Single Family (1-4 Units):Site-Built,564286.0,395000.0,70.0,Standard Risk (<=80%)
5032351,TX,Waller    ,Single Family (1-4 Units):Site-Built,414856.0,105000.0,25.31,Standard Risk (<=80%)
5032417,NY,Chautauqua    ,Single Family (1-4 Units):Site-Built,152632.0,145000.0,95.0,High Risk (>80%)
5032479,MD,Prince George   ,Single Family (1-4 Units):Site-Built,603374.0,415000.0,68.78,Standard Risk (<=80%)
5032509,AZ,Pima    ,Single Family (1-4 Units):Site-Built,253334.0,95000.0,37.5,Standard Risk (<=80%)
5032525,FL,Orange    ,Single Family (1-4 Units):Site-Built,347458.0,205000.0,59.0,Standard Risk (<=80%)
5032546,TX,Brazoria    ,Single Family (1-4 Units):Site-Built,238837.0,115000.0,48.15,Standard Risk (<=80%)
5032564,ID,Twin Falls   ,Single Family (1-4 Units):Site-Built,251230.0,235000.0,93.54,High Risk (>80%)
5032568,AZ,Maricopa    ,Single Family (1-4 Units):Site-Built,341366.0,255000.0,74.7,Standard Risk (<=80%)
5032570,FL,Hillsborough    ,Single Family (1-4 Units):Site-Built,344150.0,175000.0,50.85,Standard Risk (<=80%)
5032590,NC,Mecklenburg    ,Single Family (1-4 Units):Site-Built,207143.0,145000.0,70.0,Standard Risk (<=80%)
5032719,CA,Napa    ,Single Family (1-4 Units):Site-Built,555152.0,305000.0,54.94,Standard Risk (<=80%)
5032771,CA,San Diego   ,Single Family (1-4 Units):Site-Built,709170.0,495000.0,69.8,Standard Risk (<=80%)
5032783,WA,Pierce    ,Single Family (1-4 Units):Site-Built,498420.0,205000.0,41.13,Standard Risk (<=80%)
5032837,OH,Lucas    ,Single Family (1-4 Units):Site-Built,210938.0,135000.0,64.0,Standard Risk (<=80%)
5032844,OH,Franklin    ,Single Family (1-4 Units):Site-Built,161112.0,145000.0,90.0,High Risk (>80%)
5032853,CA,Los Angeles   ,Single Family (1-4 Units):Site-Built,833789.0,305000.0,36.58,Standard Risk (<=80%)
5032873,CA,Solano    ,Single Family (1-4 Units):Site-Built,618750.0,495000.0,80.0,Standard Risk (<=80%)
5032935,TX,Fort Bend   ,Single Family (1-4 Units):Site-Built,193334.0,145000.0,75.0,Standard Risk (<=80%)
5033147,RI,Providence    ,Single Family (1-4 Units):Site-Built,540000.0,405000.0,75.0,Standard Risk (<=80%)
5033263,MA,Worcester    ,Single Family (1-4 Units):Site-Built,494528.0,375000.0,75.83,Standard Risk (<=80%)
5033273,UT,Tooele    ,Single Family (1-4 Units):Site-Built,556250.0,445000.0,80.0,Standard Risk (<=80%)
5033357,WV,Wood    ,Single Family (1-4 Units):Site-Built,113379.0,65000.0,57.33,Standard Risk (<=80%)
5033386,NY,Richmond    ,Single Family (1-4 Units):Site-Built,482397.0,285000.0,59.08,Standard Risk (<=80%)
5033410,TX,Travis    ,Single Family (1-4 Units):Site-Built,353659.0,145000.0,41.0,Standard Risk (<=80%)
5033461,MT,Gallatin    ,Single Family (1-4 Units):Site-Built,719851.0,425000.0,59.04,Standard Risk (<=80%)
5033485,MO,Jefferson    ,Single Family (1-4 Units):Site-Built,206250.0,165000.0,80.0,Standard Risk (<=80%)
5033523,IN,Lake    ,Single Family (1-4 Units):Site-Built,237950.0,195000.0,81.95,High Risk (>80%)
5033582,FL,Lee    ,Single Family (1-4 Units):Site-Built,325000.0,195000.0,60.0,Standard Risk (<=80%)
5033595,NC,Johnston    ,Single Family (1-4 Units):Site-Built,227592.0,65000.0,28.56,Standard Risk (<=80%)
5033645,UT,Salt Lake   ,Single Family (1-4 Units):Site-Built,985664.0,605000.0,61.38,Standard Risk (<=80%)
5033670,CA,Stanislaus    ,Single Family (1-4 Units):Site-Built,436954.0,315000.0,72.09,Standard Risk (<=80%)
5033690,NV,Clark    ,Single Family (1-4 Units):Site-Built,184211.0,175000.0,95.0,High Risk (>80%)
5033693,CO,Denver    ,Single Family (1-4 Units):Site-Built,526667.0,395000.0,75.0,Standard Risk (<=80%)
5033746,OR,Deschutes    ,Single Family (1-4 Units):Site-Built,447719.0,155000.0,34.62,Standard Risk (<=80%)
5033824,PA,Crawford    ,Single Family (1-4 Units):Site-Built,266598.0,155000.0,58.14,Standard Risk (<=80%)
5033931,TX,Nueces    ,Single Family (1-4 Units):Site-Built,325000.0,195000.0,60.0,Standard Risk (<=80%)
5033950,MI,Macomb    ,Single Family (1-4 Units):Site-Built,394737.0,225000.0,57.0,Standard Risk (<=80%)
5034014,IL,Cook    ,Single Family (1-4 Units):Site-Built,276924.0,225000.0,81.25,High Risk (>80%)
5034158,CA,Marin    ,Single Family (1-4 Units):Site-Built,983524.0,585000.0,59.48,Standard Risk (<=80%)
5034183,CA,Stanislaus    ,Single Family (1-4 Units):Site-Built,457291.0,265000.0,57.95,Standard Risk (<=80%)
5034281,NC,Guilford    ,Single Family (1-4 Units):Site-Built,568750.0,455000.0,80.0,Standard Risk (<=80%)
5034324,NC,Franklin    ,Single Family (1-4 Units):Site-Built,227440.0,155000.0,68.15,Standard Risk (<=80%)
5034433,OH,Mahoning    ,Single Family (1-4 Units):Site-Built,142165.0,85000.0,59.79,Standard Risk (<=80%)
5034509,GA,Fayette    ,Single Family (1-4 Units):Site-Built,506250.0,405000.0,80.0,Standard Risk (<=80%)
5034594,CA,Riverside    ,Single Family (1-4 Units):Site-Built,793479.0,365000.0,46.0,Standard Risk (<=80%)
5034610,MA,Norfolk    ,Single Family (1-4 Units):Site-Built,1007463.0,675000.0,67.0,Standard Risk (<=80%)
5034654,DE,Sussex    ,Single Family (1-4 Units):Site-Built,706897.0,205000.0,29.0,Standard Risk (<=80%)
5034759,MA,Essex    ,Single Family (1-4 Units):Site-Built,610520.0,195000.0,31.94,Standard Risk (<=80%)
5034829,NC,Mecklenburg    ,Single Family (1-4 Units):Site-Built,858597.0,405000.0,47.17,Standard Risk (<=80%)
5034867,ID,Canyon    ,Single Family (1-4 Units):Site-Built,845463.0,395000.0,46.72,Standard Risk (<=80%)
5034918,CA,Los Angeles   ,Single Family (1-4 Units):Site-Built,906250.0,725000.0,80.0,Standard Risk (<=80%)
5034988,NY,Suffolk    ,Single Family (1-4 Units):Site-Built,551471.0,375000.0,68.0,Standard Risk (<=80%)
5035014,CA,Solano    ,Single Family (1-4 Units):Site-Built,604478.0,405000.0,67.0,Standard Risk (<=80%)
5035043,NH,Grafton    ,Single Family (1-4 Units):Site-Built,261112.0,235000.0,90.0,High Risk (>80%)
5035104,FL,Lake    ,Single Family (1-4 Units):Site-Built,242860.0,125000.0,51.47,Standard Risk (<=80%)
5035106,OH,Hamilton    ,Single Family (1-4 Units):Site-Built,226316.0,215000.0,95.0,High Risk (>80%)
5035174,OR,Jefferson    ,Single Family (1-4 Units):Site-Built,526445.0,215000.0,40.84,Standard Risk (<=80%)
5035201,WA,Kitsap    ,Single Family (1-4 Units):Site-Built,404762.0,255000.0,63.0,Standard Risk (<=80%)
5035203,SC,Charleston    ,Single Family (1-4 Units):Site-Built,676219.0,505000.0,74.68,Standard Risk (<=80%)
5035240,NJ,Sussex    ,Single Family (1-4 Units):Site-Built,436843.0,415000.0,95.0,High Risk (>80%)
5035270,CA,San Bernardino   ,Single Family (1-4 Units):Site-Built,413154.0,245000.0,59.3,Standard Risk (<=80%)
5035306,NJ,Middlesex    ,Single Family (1-4 Units):Site-Built,722973.0,535000.0,74.0,Standard Risk (<=80%)
5035352,NC,Johnston    ,Single Family (1-4 Units):Site-Built,227273.0,125000.0,55.0,Standard Risk (<=80%)
5035358,VT,Chittenden    ,Single Family (1-4 Units):Site-Built,220000.0,165000.0,75.0,Standard Risk (<=80%)
5035482,DE,New Castle   ,Single Family (1-4 Units):Site-Built,174899.0,125000.0,71.47,Standard Risk (<=80%)
5035548,FL,Broward    ,Single Family (1-4 Units):Site-Built,178572.0,125000.0,70.0,Standard Risk (<=80%)
5035625,NV,Clark    ,Single Family (1-4 Units):Site-Built,393750.0,315000.0,80.0,Standard Risk (<=80%)
5035640,MA,Dukes    ,Single Family (1-4 Units):Site-Built,993875.0,795000.0,79.99,Standard Risk (<=80%)
5035662,IL,Cook    ,Single Family (1-4 Units):Site-Built,212963.0,115000.0,54.0,Standard Risk (<=80%)
5035698,TN,Hamilton    ,Single Family (1-4 Units):Site-Built,385139.0,85000.0,22.07,Standard Risk (<=80%)
5035868,NC,Mecklenburg    ,Single Family (1-4 Units):Site-Built,389790.0,255000.0,65.42,Standard Risk (<=80%)
5035978,LA,St. Landry Parish  ,Single Family (1-4 Units):Site-Built,665607.0,335000.0,50.33,Standard Risk (<=80%)
5036002,MI,Ingham    ,Single Family (1-4 Units):Site-Built,100699.0,75000.0,74.48,Standard Risk (<=80%)
5036003,FL,Miami-Dade,Single Family (1-4 Units):Site-Built,631250.0,505000.0,80.0,Standard Risk (<=80%)
5036053,SC,Richland    ,Single Family (1-4 Units):Site-Built,256250.0,205000.0,80.0,Standard Risk (<=80%)
5036097,PA,Chester    ,Single Family (1-4 Units):Site-Built,380038.0,265000.0,69.73,Standard Risk (<=80%)
5036099,CA,San Diego   ,Single Family (1-4 Units):Site-Built,900124.0,365000.0,40.55,Standard Risk (<=80%)
5036117,CA,Los Angeles   ,Single Family (1-4 Units):Site-Built,465073.0,245000.0,52.68,Standard Risk (<=80%)
5036141,MO,Jackson    ,Single Family (1-4 Units):Site-Built,293897.0,235000.0,79.96,Standard Risk (<=80%)
5036184,CA,Marin    ,Single Family (1-4 Units):Site-Built,900117.0,465000.0,51.66,Standard Risk (<=80%)
5036230,NC,Rowan    ,Single Family (1-4 Units):Site-Built,151369.0,125000.0,82.58,High Risk (>80%)
5036236,NJ,Middlesex    ,Single Family (1-4 Units):Site-Built,365150.0,215000.0,58.88,Standard Risk (<=80%)
5036255,AZ,Yavapai    ,Single Family (1-4 Units):Site-Built,291862.0,175000.0,59.96,Standard Risk (<=80%)
5036339,CA,Los Angeles   ,Single Family (1-4 Units):Site-Built,911765.0,155000.0,17.0,Standard Risk (<=80%)
5036368,OR,Lane    ,Single Family (1-4 Units):Site-Built,359343.0,175000.0,48.7,Standard Risk (<=80%)
5036385,FL,Orange    ,Single Family (1-4 Units):Site-Built,289474.0,275000.0,95.0,High Risk (>80%)
5036413,VA,Floyd    ,Single Family (1-4 Units):Site-Built,563292.0,445000.0,79.0,Standard Risk (<=80%)
5036544,OR,Lane    ,Single Family (1-4 Units):Site-Built,334076.0,225000.0,67.35,Standard Risk (<=80%)
5036639,TX,Ellis    ,Single Family (1-4 Units):Site-Built,254717.0,135000.0,53.0,Standard Risk (<=80%)
5036726,OH,Logan    ,Single Family (1-4 Units):Site-Built,139814.0,105000.0,75.1,Standard Risk (<=80%)
5036731,IL,DuPage    ,Single Family (1-4 Units):Site-Built,282609.0,195000.0,69.0,Standard Risk (<=80%)
5036752,TX,Bell    ,Single Family (1-4 Units):Site-Built,281250.0,225000.0,80.0,Standard Risk (<=80%)
5036774,CA,Alameda    ,Single Family (1-4 Units):Site-Built,980688.0,325000.0,33.14,Standard Risk (<=80%)
5036917,FL,Lake    ,Single Family (1-4 Units):Site-Built,481250.0,385000.0,80.0,Standard Risk (<=80%)
5036921,FL,Lee    ,Single Family (1-4 Units):Site-Built,217949.0,85000.0,39.0,Standard Risk (<=80%)
5037010,WI,Waukesha    ,Single Family (1-4 Units):Site-Built,447921.0,335000.0,74.79,Standard Risk (<=80%)
5037033,NJ,Morris    ,Single Family (1-4 Units):Site-Built,615790.0,585000.0,95.0,High Risk (>80%)
5037037,CA,Riverside    ,Single Family (1-4 Units):Site-Built,319211.0,165000.0,51.69,Standard Risk (<=80%)
5037166,MD,Calvert    ,Single Family (1-4 Units):Site-Built,296248.0,135000.0,45.57,Standard Risk (<=80%)
5037185,PA,Erie    ,Single Family (1-4 Units):Site-Built,157233.0,125000.0,79.5,Standard Risk (<=80%)
5037249,SC,Georgetown    ,Single Family (1-4 Units):Site-Built,156250.0,125000.0,80.0,Standard Risk (<=80%)
5037265,OR,Columbia    ,Single Family (1-4 Units):Site-Built,353449.0,205000.0,58.0,Standard Risk (<=80%)
5037439,CA,Contra Costa   ,Single Family (1-4 Units):Site-Built,1062500.0,765000.0,72.0,Standard Risk (<=80%)
5037440,AZ,Maricopa    ,Single Family (1-4 Units):Site-Built,542106.0,515000.0,95.0,High Risk (>80%)
5037498,WI,Milwaukee    ,Single Family (1-4 Units):Site-Built,218750.0,175000.0,80.0,Standard Risk (<=80%)
5037550,OH,Warren    ,Single Family (1-4 Units):Site-Built,362380.0,215000.0,59.33,Standard Risk (<=80%)
