loan_id,annual_income,recurring_monthly_debt,principal_interest_pmt,median_fico_score,occupancy_type,dti_ratio,fico_tier
5021367,108000.0,4230.0,2816.78,620.0,Primary residence,78.3,Fair
5021373,89000.0,3635.0,585.95,620.0,Primary residence,56.91,Fair
5021380,142000.0,5325.0,853.6899999999999,620.0,Investment property,52.21,Fair
5021427,32000.0,1120.0,559.68,620.0,Primary residence,62.99,Fair
5021446,122000.0,3864.0,2075.19,620.0,Primary residence,58.42,Fair
5021441,111000.0,3978.0,846.37,620.0,Primary residence,52.16,Fair
5021451,69000.0,2128.0,861.04,620.0,Primary residence,51.98,Fair
5021464,59000.0,1770.0,997.91,620.0,Primary residence,56.3,Fair
5021480,89000.0,3338.0,1469.35,621.0,Primary residence,64.82,Fair
5021496,149000.0,5464.0,1853.26,621.0,Primary residence,58.93,Fair
5021503,115000.0,4217.0,1323.06,621.0,Primary residence,57.81,Fair
5021509,112000.0,3920.0,903.04,621.0,Primary residence,51.68,Fair
5021523,113000.0,1413.0,903.76,621.0,Primary residence,24.6,Fair
5021532,330000.0,3575.0,1893.99,621.0,Primary residence,19.89,Fair
5021581,19000.0,618.0,441.02,621.0,Primary residence,66.89,Fair
5021598,24000.0,960.0,595.16,621.0,Primary residence,77.76,Fair
5021612,63000.0,2153.0,956.5699999999999,621.0,Primary residence,59.23,Fair
5022641,82000.0,1845.0,1107.52,622.0,Primary residence,43.21,Fair
5022654,65000.0,2221.0,997.91,622.0,Primary residence,59.43,Fair
5021853,38000.0,1394.0,875.97,622.0,Primary residence,71.68,Fair
5022235,113000.0,3673.0,970.3199999999999,622.0,Primary residence,49.31,Fair
5023160,260000.0,6934.0,1124.19,622.0,Investment property,37.19,Fair
5021973,52000.0,1907.0,1040.4,622.0,Primary residence,68.02,Fair
5023211,139000.0,5445.0,3156.6400000000003,623.0,Primary residence,74.26,Fair
5023240,52000.0,1777.0,774.55,623.0,Primary residence,58.88,Fair
5023303,118000.0,3639.0,834.99,623.0,Primary residence,45.5,Fair
5022088,194000.0,6790.0,3124.96,623.0,Primary residence,61.33,Fair
5022201,52000.0,1820.0,727.42,623.0,Primary residence,58.79,Fair
5022474,34000.0,1077.0,477.42,623.0,Primary residence,54.86,Fair
5022121,38000.0,1267.0,753.3,623.0,Primary residence,63.8,Fair
5022501,73000.0,1278.0,693.04,624.0,Primary residence,32.4,Fair
5023361,163000.0,2853.0,1931.44,624.0,Primary residence,35.22,Fair
5021792,24000.0,520.0,310.43,624.0,Primary residence,41.52,Fair
5022738,250000.0,7500.0,1445.95,624.0,Second residence,42.94,Fair
5021705,201000.0,6365.0,3532.3300000000004,624.0,Primary residence,59.09,Fair
5021745,107000.0,3032.0,1221.01,624.0,Primary residence,47.7,Fair
5022330,232000.0,6187.0,3419.21,624.0,Primary residence,49.69,Fair
5022811,130000.0,4225.0,1113.05,624.0,Primary residence,49.27,Fair
5021733,80000.0,1734.0,895.06,625.0,Primary residence,39.44,Fair
5021841,44000.0,1724.0,575.51,625.0,Primary residence,62.71,Fair
5022021,249000.0,6848.0,2190.4300000000003,625.0,Primary residence,43.56,Fair
5022231,138000.0,4255.0,2924.7700000000004,625.0,Primary residence,62.43,Fair
5022353,160000.0,4134.0,1186.51,625.0,Investment property,39.9,Fair
5022892,68000.0,2210.0,1174.98,626.0,Primary residence,59.73,Fair
5023167,59000.0,1770.0,886.63,626.0,Primary residence,54.03,Fair
5023479,71000.0,2308.0,1241.76,626.0,Primary residence,60.0,Fair
5022398,151000.0,4530.0,1963.21,626.0,Primary residence,51.6,Fair
5023149,390000.0,12350.0,4367.110000000001,626.0,Investment property,51.44,Fair
5023154,124000.0,3824.0,2563.1200000000003,626.0,Primary residence,61.81,Fair
5023489,67000.0,2513.0,1055.45,627.0,Primary residence,63.91,Fair
5021772,168000.0,6160.0,1469.35,627.0,Primary residence,54.5,Fair
5021882,65000.0,2113.0,1007.42,627.0,Primary residence,57.61,Fair
5022863,131000.0,5022.0,3000.7900000000004,627.0,Primary residence,73.49,Fair
5023519,62000.0,2015.0,1096.84,627.0,Primary residence,60.23,Fair
5023290,133000.0,1663.0,1310.37,627.0,Primary residence,26.83,Fair
5021823,107000.0,3300.0,683.33,627.0,Primary residence,44.67,Fair
5022658,81000.0,3173.0,1386.57,627.0,Primary residence,67.55,Fair
5022663,206000.0,1717.0,933.17,627.0,Primary residence,15.44,Fair
5023419,52000.0,1560.0,1144.26,628.0,Primary residence,62.41,Fair
5022912,90000.0,3150.0,1113.05,628.0,Second residence,56.84,Fair
5023076,122000.0,4677.0,2297.15,628.0,Primary residence,68.6,Fair
5023276,104000.0,3987.0,1934.72,628.0,Primary residence,68.33,Fair
5023401,140000.0,3850.0,1552.1299999999999,628.0,Primary residence,46.3,Fair
5022024,97000.0,2345.0,286.56,628.0,Primary residence,32.56,Fair
5022445,119000.0,3174.0,1323.76,628.0,Primary residence,45.36,Fair
5022764,143000.0,2860.0,1886.72,628.0,Primary residence,39.83,Fair
5022827,157000.0,1832.0,1286.67,628.0,Primary residence,23.84,Fair
5022722,94000.0,3134.0,2143.76,628.0,Primary residence,67.38,Fair
5022824,42000.0,1260.0,735.04,629.0,Primary residence,57.0,Fair
5023253,120000.0,1300.0,1144.26,629.0,Primary residence,24.44,Fair
5023370,99000.0,3630.0,1584.22,630.0,Primary residence,63.2,Fair
5021673,180000.0,5550.0,4221.1900000000005,630.0,Primary residence,65.14,Fair
5021939,136000.0,4420.0,2560.13,630.0,Primary residence,61.59,Fair
5022459,245000.0,3471.0,1491.07,630.0,Primary residence,24.3,Fair
5022535,104000.0,3120.0,972.67,630.0,Primary residence,47.22,Fair
5022556,81000.0,2768.0,1079.37,630.0,Primary residence,57.0,Fair
5021713,83000.0,2836.0,903.04,631.0,Primary residence,54.06,Fair
5021815,110000.0,1834.0,1974.06,631.0,Primary residence,41.54,Fair
5021951,197000.0,3284.0,981.76,631.0,Primary residence,25.98,Fair
5022001,162000.0,4050.0,1388.0,631.0,Primary residence,40.28,Fair
5022165,104000.0,3120.0,1508.67,631.0,Primary residence,53.41,Fair
5022190,77000.0,2375.0,957.18,631.0,Primary residence,51.93,Fair
5022591,194000.0,6629.0,2809.8500000000004,631.0,Primary residence,58.38,Fair
5023171,109000.0,2998.0,2041.62,631.0,Primary residence,55.48,Fair
5022113,14000.0,572.0,278.25,631.0,Primary residence,72.88,Fair
5022318,52000.0,1560.0,1239.06,631.0,Primary residence,64.59,Fair
5022596,215000.0,3225.0,2151.3,632.0,Primary residence,30.01,Fair
5022597,130000.0,2600.0,1197.06,632.0,Primary residence,35.05,Fair
5022608,70000.0,2625.0,753.52,632.0,Primary residence,57.92,Fair
5022775,102000.0,4080.0,1974.39,632.0,Primary residence,71.23,Fair
5022898,107000.0,3924.0,2298.94,632.0,Primary residence,69.79,Fair
5023046,56000.0,934.0,590.6,632.0,Primary residence,32.67,Fair
5023114,134000.0,5807.0,2541.1200000000003,632.0,Second residence,74.76,Fair
5023315,166000.0,4565.0,3014.11,632.0,Primary residence,54.79,Fair
5023324,126000.0,4095.0,1616.06,632.0,Primary residence,54.39,Fair
5022408,44000.0,1540.0,1059.28,632.0,Primary residence,70.89,Fair
5022615,128000.0,4694.0,2600.0400000000004,632.0,Primary residence,68.38,Fair
5023521,183000.0,4880.0,1696.78,632.0,Primary residence,43.13,Fair
5023530,85000.0,2550.0,945.05,633.0,Primary residence,49.34,Fair
5023543,96000.0,3440.0,1154.33,633.0,Primary residence,57.43,Fair
5023559,55000.0,2063.0,1138.23,633.0,Primary residence,69.85,Fair
5023562,140000.0,4900.0,991.93,633.0,Primary residence,50.5,Fair
5023582,120000.0,3500.0,1136.93,633.0,Primary residence,46.37,Fair
5023606,64000.0,1334.0,925.41,633.0,Primary residence,42.36,Fair
5023623,166000.0,5810.0,1186.51,633.0,Investment property,50.58,Fair
5023629,300000.0,5500.0,1367.2,633.0,Primary residence,27.47,Fair
5023649,181000.0,4525.0,2362.19,633.0,Primary residence,45.66,Fair
5023752,195000.0,4875.0,1983.01,633.0,Primary residence,42.2,Fair
5023771,58000.0,1644.0,585.13,634.0,Primary residence,46.12,Fair
5023797,241000.0,9038.0,947.85,634.0,Investment property,49.72,Fair
5023800,230000.0,2875.0,1449.07,634.0,Primary residence,22.56,Fair
5023812,65000.0,2059.0,929.33,634.0,Investment property,55.17,Fair
5023840,82000.0,2392.0,1138.23,634.0,Primary residence,51.66,Fair
5023844,131000.0,4149.0,2166.1200000000003,634.0,Primary residence,57.85,Fair
5023848,88000.0,2714.0,777.04,634.0,Primary residence,47.61,Fair
5023865,68000.0,2324.0,930.88,634.0,Primary residence,57.44,Fair
5023940,127000.0,3599.0,947.85,634.0,Investment property,42.96,Fair
5023961,90000.0,1575.0,1164.15,634.0,Primary residence,36.52,Fair
5023998,85000.0,2267.0,794.26,635.0,Primary residence,43.22,Fair
5024009,52000.0,954.0,577.1,635.0,Primary residence,35.33,Fair
5021398,244000.0,8134.0,3166.2000000000003,635.0,Primary residence,55.57,Fair
5021433,73000.0,2251.0,1283.02,635.0,Primary residence,58.09,Fair
5021450,255000.0,9350.0,2667.19,635.0,Second residence,56.55,Fair
5021461,58000.0,2272.0,861.04,635.0,Primary residence,64.82,Fair
5021472,64000.0,2454.0,1141.74,635.0,Primary residence,67.42,Fair
5021475,89000.0,2225.0,682.43,635.0,Primary residence,39.2,Fair
5021476,84000.0,2800.0,1556.04,635.0,Primary residence,62.23,Fair
5021494,114000.0,2660.0,1201.56,635.0,Second residence,40.65,Fair
5021506,67000.0,2625.0,1827.08,635.0,Primary residence,79.74,Fair
5021518,107000.0,1338.0,967.13,635.0,Primary residence,25.85,Fair
5021534,111000.0,2683.0,1038.64,635.0,Primary residence,40.23,Fair
5021537,159000.0,5035.0,2293.7900000000004,635.0,Primary residence,55.31,Fair
5021539,234000.0,3705.0,1316.07,635.0,Primary residence,25.75,Fair
5021576,95000.0,2930.0,916.79,636.0,Primary residence,48.59,Fair
5021597,103000.0,3777.0,1106.78,636.0,Primary residence,56.9,Fair
5021657,100000.0,2000.0,1283.02,636.0,Primary residence,39.4,Fair
5021670,162000.0,4860.0,3177.82,636.0,Primary residence,59.54,Fair
5021675,160000.0,3067.0,1994.27,636.0,Primary residence,37.96,Fair
5021693,166000.0,5810.0,1155.06,636.0,Primary residence,50.35,Fair
5021715,63000.0,2468.0,682.43,636.0,Primary residence,60.01,Fair
5021800,35000.0,671.0,462.9,636.0,Primary residence,38.88,Fair
5021812,399000.0,4988.0,2048.8100000000004,636.0,Primary residence,21.16,Fair
5021862,140000.0,3734.0,1520.96,636.0,Primary residence,45.04,Fair
5021871,126000.0,2520.0,1201.56,636.0,Primary residence,35.44,Fair
5021894,43000.0,1541.0,1340.42,637.0,Primary residence,80.41,Fair
5021907,121000.0,2420.0,796.9399999999999,637.0,Second residence,31.9,Fair
5021921,127000.0,3810.0,2090.2000000000003,637.0,Primary residence,55.75,Fair
5021929,48000.0,1320.0,455.74,637.0,Primary residence,44.39,Fair
5021938,69000.0,1840.0,945.05,637.0,Primary residence,48.44,Fair
5021990,127000.0,2329.0,1206.67,637.0,Primary residence,33.41,Fair
5022040,127000.0,4445.0,613.8199999999999,637.0,Primary residence,47.8,Fair
5022047,107000.0,4280.0,2335.9,637.0,Primary residence,74.2,Fair
5022050,384000.0,3520.0,2752.4500000000003,637.0,Primary residence,19.6,Fair
5022122,55000.0,505.0,519.7,637.0,Primary residence,22.36,Fair
5022141,140000.0,4550.0,2712.7000000000003,637.0,Primary residence,62.25,Fair
5022196,215000.0,2150.0,2079.25,638.0,Primary residence,23.61,Fair
5022218,188000.0,2664.0,1388.0,638.0,Primary residence,25.86,Fair
5022238,44000.0,807.0,300.09,638.0,Primary residence,30.19,Fair
5022243,118000.0,1475.0,1062.06,638.0,Primary residence,25.8,Fair
5022273,275000.0,5042.0,1768.57,638.0,Primary residence,29.72,Fair
5022275,103000.0,3262.0,1036.02,638.0,Primary residence,50.07,Fair
5022281,97000.0,2910.0,1391.23,638.0,Primary residence,53.21,Fair
5022293,113000.0,4426.0,2261.09,638.0,Primary residence,71.01,Fair
5022297,208000.0,5200.0,1575.07,638.0,Primary residence,39.09,Fair
5022301,137000.0,4681.0,1960.5,638.0,Primary residence,58.17,Fair
5022307,371000.0,10203.0,867.14,638.0,Investment property,35.81,Fair
5022315,39000.0,1398.0,848.5,639.0,Primary residence,69.12,Fair
5022323,98000.0,1634.0,759.56,639.0,Primary residence,29.31,Fair
5022342,140000.0,3734.0,2564.69,639.0,Primary residence,53.99,Fair
5022362,48000.0,1520.0,1280.4,639.0,Primary residence,70.01,Fair
5022388,182000.0,5460.0,1468.35,639.0,Primary residence,45.68,Fair
5022405,80000.0,1867.0,519.7,639.0,Primary residence,35.8,Fair
5022411,130000.0,4767.0,1281.06,639.0,Primary residence,55.83,Fair
5022439,88000.0,2347.0,768.89,639.0,Primary residence,42.49,Fair
5022454,37000.0,1388.0,551.08,639.0,Primary residence,62.89,Fair
5022479,30000.0,1075.0,629.35,639.0,Primary residence,68.17,Fair
5022485,31000.0,1266.0,682.9399999999999,639.0,Primary residence,75.44,Fair
5022493,82000.0,2597.0,1606.81,639.0,Primary residence,61.52,Fair
5022533,64000.0,2560.0,1454.27,639.0,Primary residence,75.27,Fair
5022563,112000.0,2427.0,1281.06,639.0,Primary residence,39.73,Fair
5022611,117000.0,2048.0,1014.06,639.0,Primary residence,31.41,Fair
5022621,59000.0,984.0,847.93,639.0,Primary residence,37.26,Fair
5022682,57000.0,1900.0,987.05,640.0,Primary residence,60.78,Fair
5022687,120000.0,4900.0,903.04,640.0,Primary residence,58.03,Fair
5022721,86000.0,2724.0,1364.49,640.0,Primary residence,57.05,Fair
5022728,94000.0,3447.0,1280.4,640.0,Primary residence,60.35,Fair
5022758,172000.0,4014.0,1829.66,640.0,Primary residence,40.77,Fair
5022786,162000.0,2700.0,1197.06,640.0,Primary residence,28.87,Fair
5022833,93000.0,3720.0,911.99,640.0,Primary residence,59.77,Fair
5022871,77000.0,2182.0,1376.01,640.0,Primary residence,55.45,Fair
5022882,39000.0,1203.0,525.03,640.0,Primary residence,53.17,Fair
5022904,90000.0,2625.0,987.05,640.0,Primary residence,48.16,Fair
5022915,80000.0,2734.0,1106.78,640.0,Primary residence,57.61,Fair
5022925,57000.0,1093.0,783.55,640.0,Primary residence,39.51,Fair
5022951,62000.0,1602.0,567.03,640.0,Primary residence,41.98,Fair
5022965,63000.0,2468.0,1644.5,640.0,Primary residence,78.33,Fair
5022978,123000.0,2870.0,933.17,640.0,Investment property,37.1,Fair
5023101,108000.0,2700.0,991.93,640.0,Primary residence,41.02,Fair
5023121,57000.0,1948.0,957.18,640.0,Primary residence,61.16,Fair
5023130,69000.0,1725.0,735.81,641.0,Primary residence,42.8,Fair
5023157,143000.0,2503.0,875.89,641.0,Primary residence,28.35,Fair
5023188,161000.0,6440.0,1960.2,641.0,Primary residence,62.61,Fair
5023227,107000.0,3745.0,2065.07,641.0,Second residence,65.16,Fair
5023272,415000.0,4496.0,629.35,641.0,Primary residence,14.82,Fair
5023318,325000.0,3792.0,2798.5800000000004,641.0,Primary residence,24.33,Fair
5023389,241000.0,5423.0,3054.9300000000003,641.0,Primary residence,42.21,Fair
5023391,163000.0,3260.0,2113.98,641.0,Primary residence,39.56,Fair
5023409,81000.0,1350.0,889.89,641.0,Primary residence,33.18,Fair
5023429,454000.0,7567.0,3301.9900000000002,641.0,Primary residence,28.73,Fair
5023458,55000.0,1513.0,956.45,641.0,Primary residence,53.88,Fair
5023477,97000.0,1213.0,566.74,641.0,Primary residence,22.02,Fair
5023544,79000.0,2831.0,2105.05,641.0,Primary residence,74.98,Fair
5023547,158000.0,5794.0,1911.09,641.0,Primary residence,58.52,Fair
5023596,104000.0,3380.0,1427.96,641.0,Primary residence,55.48,Fair
5023615,114000.0,3610.0,1113.05,641.0,Primary residence,49.72,Fair
5023660,71000.0,2426.0,839.03,641.0,Primary residence,55.18,Fair
5023681,42000.0,1645.0,1431.34,642.0,Primary residence,87.9,Fair
5023684,79000.0,2502.0,716.16,642.0,Primary residence,48.88,Fair
5023760,77000.0,2375.0,1262.4,642.0,Primary residence,56.69,Fair
5023762,60000.0,2050.0,650.52,642.0,Primary residence,54.01,Fair
5023809,76000.0,1900.0,987.05,642.0,Primary residence,45.59,Fair
5023813,110000.0,1834.0,1405.8,642.0,Primary residence,35.34,Fair
5023831,63000.0,1995.0,1113.05,642.0,Primary residence,59.2,Fair
5023928,27000.0,698.0,448.63,642.0,Primary residence,50.96,Fair
5023955,71000.0,1420.0,972.67,642.0,Primary residence,40.44,Fair
5023956,271000.0,3162.0,2344.53,642.0,Primary residence,24.38,Fair
5023964,100000.0,1917.0,1510.74,642.0,Primary residence,41.13,Fair
5021369,362000.0,5732.0,1365.06,643.0,Primary residence,23.53,Fair
5021405,65000.0,2005.0,738.52,643.0,Primary residence,50.65,Fair
5021409,125000.0,4792.0,2274.5800000000004,643.0,Primary residence,67.84,Fair
5021418,72000.0,1620.0,507.81,643.0,Primary residence,35.46,Fair
5021420,289000.0,8189.0,2260.5600000000004,643.0,Investment property,43.39,Fair
5021437,36000.0,1410.0,775.37,643.0,Primary residence,72.85,Fair
5021511,175000.0,6125.0,3867.63,643.0,Primary residence,68.52,Fair
5021625,91000.0,3261.0,1393.49,643.0,Primary residence,61.38,Fair
5021631,83000.0,2075.0,1285.57,643.0,Primary residence,48.59,Fair
5021642,90000.0,3525.0,946.63,643.0,Primary residence,59.62,Fair
5021662,141000.0,4230.0,1504.39,643.0,Primary residence,48.8,Fair
5021688,70000.0,584.0,629.77,643.0,Primary residence,20.81,Fair
5021709,104000.0,1907.0,1221.01,643.0,Primary residence,36.09,Fair
5021722,183000.0,7473.0,2255.76,643.0,Primary residence,63.8,Fair
5021836,31000.0,775.0,242.48,643.0,Primary residence,39.39,Fair
5021915,331000.0,3310.0,3053.32,643.0,Primary residence,23.07,Fair
5021949,70000.0,2859.0,1432.24,643.0,Primary residence,73.56,Fair
5021961,167000.0,3897.0,2121.1000000000004,644.0,Primary residence,43.24,Fair
5021965,75000.0,2938.0,1385.25,644.0,Primary residence,69.17,Fair
5021998,67000.0,1731.0,931.28,644.0,Primary residence,47.68,Fair
5022038,299000.0,6977.0,2728.44,644.0,Primary residence,38.95,Fair
5022045,135000.0,2588.0,2090.2000000000003,644.0,Primary residence,41.58,Fair
5022054,66000.0,2035.0,475.99,644.0,Primary residence,45.65,Fair
5022114,194000.0,4850.0,1071.05,644.0,Primary residence,36.63,Fair
5022133,132000.0,2750.0,1829.86,644.0,Primary residence,41.64,Fair
5022142,160000.0,6267.0,1869.09,644.0,Primary residence,61.02,Fair
5022145,24000.0,840.0,590.6,644.0,Primary residence,71.53,Fair
5022277,127000.0,4657.0,796.9399999999999,644.0,Primary residence,51.53,Fair
5022285,105000.0,2888.0,969.25,644.0,Primary residence,44.08,Fair
5022308,45000.0,1500.0,639.25,644.0,Primary residence,57.05,Fair
5022316,61000.0,1475.0,525.03,644.0,Primary residence,39.34,Fair
5022332,54000.0,1755.0,976.12,644.0,Primary residence,60.69,Fair
5022355,161000.0,6575.0,2255.76,645.0,Primary residence,65.82,Fair
5022402,136000.0,3400.0,1055.45,645.0,Primary residence,39.31,Fair
5022472,226000.0,3390.0,1701.08,645.0,Primary residence,27.03,Fair
5022481,46000.0,1840.0,585.95,645.0,Primary residence,63.29,Fair
5022490,42000.0,1260.0,759.56,645.0,Primary residence,57.7,Fair
5022498,82000.0,2050.0,1470.82,645.0,Primary residence,51.52,Fair
5022526,92000.0,3450.0,817.33,645.0,Primary residence,55.66,Fair
5022558,142000.0,1775.0,1365.06,645.0,Primary residence,26.54,Fair
5022583,67000.0,1955.0,1601.96,645.0,Primary residence,63.71,Fair
5022590,428000.0,5350.0,2365.4700000000003,645.0,Primary residence,21.63,Fair
5022617,31000.0,1189.0,693.04,645.0,Primary residence,72.85,Fair
5022622,27000.0,675.0,434.59999999999997,645.0,Primary residence,49.32,Fair
5022633,80000.0,2534.0,651.03,645.0,Primary residence,47.78,Fair
5022666,47000.0,980.0,600.55,645.0,Primary residence,40.35,Fair
5022678,471000.0,12168.0,2206.69,645.0,Primary residence,36.62,Fair
5022694,49000.0,1715.0,600.16,646.0,Primary residence,56.7,Fair
5022703,36000.0,1260.0,625.79,646.0,Primary residence,62.86,Fair
5022711,140000.0,1750.0,903.04,646.0,Primary residence,22.74,Fair
5022731,36000.0,900.0,369.42,646.0,Primary residence,42.31,Fair
5022743,32000.0,1094.0,499.14,646.0,Primary residence,59.74,Fair
5022768,132000.0,1430.0,1711.62,646.0,Primary residence,28.56,Fair
5022772,150000.0,2375.0,846.37,646.0,Primary residence,25.77,Fair
5022790,69000.0,1208.0,783.55,646.0,Primary residence,34.64,Fair
5022796,43000.0,1649.0,1199.05,646.0,Primary residence,79.48,Fair
5022848,50000.0,1000.0,771.5,646.0,Primary residence,42.52,Fair
5022893,85000.0,2125.0,1405.22,646.0,Primary residence,49.84,Fair
5022896,139000.0,1970.0,1418.18,646.0,Primary residence,29.25,Fair
5022938,75000.0,2250.0,1004.0699999999999,646.0,Primary residence,52.07,Fair
5022961,83000.0,2490.0,1308.89,646.0,Primary residence,54.92,Fair
5023012,117000.0,4388.0,1239.06,647.0,Second residence,57.71,Fair
5023020,175000.0,5688.0,2884.03,647.0,Second residence,58.78,Fair
5023036,125000.0,3334.0,712.79,647.0,Primary residence,38.85,Fair
5023044,120000.0,4200.0,1464.71,647.0,Primary residence,56.65,Fair
5023066,55000.0,1100.0,672.06,647.0,Primary residence,38.66,Fair
5023097,61000.0,1576.0,1260.43,647.0,Primary residence,55.8,Fair
5023104,93000.0,2248.0,840.02,647.0,Primary residence,39.85,Fair
5023107,163000.0,4483.0,2445.2000000000003,647.0,Primary residence,51.01,Fair
5023175,74000.0,3022.0,2157.6800000000003,647.0,Primary residence,83.99,Fair
5023180,108000.0,1800.0,846.37,647.0,Primary residence,29.4,Fair
5023187,33000.0,633.0,581.55,647.0,Primary residence,44.17,Fair
5023190,131000.0,3603.0,997.91,647.0,Primary residence,42.15,Fair
5023283,163000.0,4755.0,1303.79,647.0,Primary residence,44.6,Fair
5023293,31000.0,1189.0,759.56,647.0,Primary residence,75.43,Fair
5023329,190000.0,2850.0,1596.45,647.0,Primary residence,28.08,Fair
5023374,251000.0,2301.0,1066.69,647.0,Primary residence,16.1,Fair
5023387,30000.0,1075.0,441.02,648.0,Primary residence,60.64,Fair
5023395,120000.0,2100.0,902.64,648.0,Primary residence,30.03,Fair
5023423,428000.0,9274.0,1168.27,648.0,Investment property,29.28,Fair
5023433,229000.0,7634.0,1911.09,648.0,Primary residence,50.02,Fair
5023444,360000.0,9900.0,3414.69,648.0,Primary residence,44.38,Fair
5023454,73000.0,1643.0,667.71,648.0,Primary residence,37.98,Fair
5023468,127000.0,4234.0,991.93,648.0,Primary residence,49.38,Fair
5023493,104000.0,867.0,1096.97,648.0,Primary residence,22.66,Fair
5023499,,,1236.99,648.0,Primary residence,,Fair
5023506,138000.0,2415.0,1898.96,648.0,Primary residence,37.51,Fair
5023523,119000.0,2182.0,1117.17,648.0,Primary residence,33.27,Fair
5023566,90000.0,3450.0,2012.78,648.0,Primary residence,72.84,Fair
5023621,29000.0,1185.0,357.02,648.0,Primary residence,63.81,Fair
5023627,214000.0,4637.0,1974.85,648.0,Primary residence,37.08,Fair
5023635,45000.0,1125.0,632.78,648.0,Primary residence,46.87,Fair
5023637,56000.0,1680.0,931.28,649.0,Primary residence,55.96,Fair
5023663,78000.0,2730.0,1533.07,649.0,Primary residence,65.59,Fair
5023669,167000.0,6124.0,3049.4300000000003,649.0,Primary residence,65.92,Fair
5023678,46000.0,1610.0,1113.05,649.0,Primary residence,71.04,Fair
5023709,104000.0,1127.0,1107.52,649.0,Primary residence,25.78,Fair
5023720,121000.0,3328.0,1519.8,649.0,Primary residence,48.08,Fair
5023723,23000.0,729.0,512.22,649.0,Primary residence,64.76,Fair
5023748,79000.0,2239.0,1038.64,649.0,Primary residence,49.79,Fair
5023774,45000.0,1388.0,724.33,649.0,Primary residence,56.33,Fair
5023805,96000.0,3920.0,2959.4,649.0,Primary residence,85.99,Fair
5023808,65000.0,1463.0,686.56,649.0,Primary residence,39.68,Fair
5023817,45000.0,1538.0,956.45,649.0,Primary residence,66.52,Fair
5023856,144000.0,2760.0,1584.02,649.0,Primary residence,36.2,Fair
5023860,151000.0,4782.0,778.64,649.0,Second residence,44.19,Fair
5023872,109000.0,3815.0,1352.22,649.0,Primary residence,56.89,Fair
5023876,92000.0,1687.0,1012.05,649.0,Primary residence,35.21,Fair
5023894,79000.0,2305.0,1088.37,649.0,Primary residence,51.54,Fair
5023913,72000.0,2820.0,1944.05,649.0,Primary residence,79.4,Fair
5023917,282000.0,5405.0,3661.96,649.0,Primary residence,38.58,Fair
5023946,230000.0,3834.0,861.04,650.0,Second residence,24.5,Fair
5023950,182000.0,5157.0,2887.92,650.0,Primary residence,53.04,Fair
5023971,79000.0,2370.0,897.31,650.0,Primary residence,49.63,Fair
5024003,160000.0,6267.0,1711.05,650.0,Investment property,59.84,Fair
5021364,147000.0,5145.0,1627.62,650.0,Investment property,55.29,Fair
5021381,22000.0,495.0,2644.3500000000004,650.0,Investment property,171.24,Fair
5021400,135000.0,3263.0,1316.06,650.0,Primary residence,40.7,Fair
5021412,61000.0,2390.0,707.29,650.0,Primary residence,60.93,Fair
5021422,91000.0,3565.0,1860.81,650.0,Primary residence,71.55,Fair
5021455,120000.0,3800.0,1323.8,650.0,Investment property,51.24,Fair
5021465,43000.0,1577.0,492.15999999999997,650.0,Primary residence,57.74,Fair
5021488,145000.0,5075.0,1759.08,650.0,Primary residence,56.56,Fair
5021493,88000.0,1614.0,1123.76,650.0,Primary residence,37.33,Fair
5021516,263000.0,6137.0,2346.09,650.0,Primary residence,38.71,Fair
5021558,119000.0,3967.0,1844.64,650.0,Primary residence,58.6,Fair
5021573,116000.0,3964.0,1759.08,650.0,Primary residence,59.2,Fair
5021586,176000.0,5867.0,1407.07,650.0,Primary residence,49.6,Fair
5021603,229000.0,3245.0,1994.27,650.0,Primary residence,27.45,Fair
5021636,104000.0,1820.0,1328.68,650.0,Primary residence,36.33,Fair
5021679,131000.0,4585.0,2402.67,650.0,Primary residence,64.01,Fair
5021708,81000.0,1823.0,846.37,650.0,Primary residence,39.55,Fair
5021720,42000.0,1505.0,637.67,650.0,Primary residence,61.22,Fair
5021727,116000.0,1644.0,961.35,650.0,Primary residence,26.95,Fair
5021749,98000.0,3757.0,1217.7,650.0,Primary residence,60.91,Fair
5021758,109000.0,2090.0,1239.06,651.0,Primary residence,36.65,Fair
5021763,92000.0,2760.0,1340.28,651.0,Primary residence,53.48,Fair
5021768,33000.0,1320.0,637.67,651.0,Primary residence,71.19,Fair
5021777,65000.0,2167.0,1071.05,651.0,Primary residence,59.78,Fair
5021832,45000.0,1538.0,438.23,651.0,Primary residence,52.7,Fair
5021835,79000.0,2568.0,1113.97,651.0,Primary residence,55.93,Fair
5021848,70000.0,2334.0,1004.0699999999999,651.0,Primary residence,57.22,Fair
5021854,68000.0,1927.0,735.04,651.0,Primary residence,46.98,Fair
5021857,290000.0,5800.0,2600.0400000000004,651.0,Primary residence,34.76,Fair
5021887,190000.0,6175.0,1869.09,651.0,Primary residence,50.8,Fair
5021891,103000.0,3605.0,1945.87,651.0,Primary residence,64.67,Fair
5021899,104000.0,3034.0,514.9,651.0,Primary residence,40.95,Fair
5021902,42000.0,700.0,470.13,651.0,Primary residence,33.43,Fair
5021933,126000.0,3990.0,1801.23,651.0,Primary residence,55.15,Fair
5021946,105000.0,3325.0,1616.58,652.0,Primary residence,56.48,Fair
5021955,252000.0,7140.0,542.54,652.0,Investment property,36.58,Fair
5022003,77000.0,1155.0,765.22,652.0,Primary residence,29.93,Fair
5022069,38000.0,1204.0,357.02,652.0,Primary residence,49.3,Fair
5022081,175000.0,6125.0,3196.21,652.0,Primary residence,63.92,Fair
5022112,191000.0,6845.0,1931.44,652.0,Primary residence,55.14,Fair
5022118,93000.0,3100.0,1731.06,652.0,Primary residence,62.34,Fair
5022146,129000.0,2795.0,1323.06,652.0,Primary residence,38.31,Fair
5022151,151000.0,4530.0,841.16,652.0,Primary residence,42.68,Fair
5022154,250000.0,2292.0,2079.3500000000004,652.0,Primary residence,20.98,Fair
5022161,404000.0,13130.0,2268.19,652.0,Investment property,45.74,Fair
5022171,68000.0,2097.0,1080.1,652.0,Primary residence,56.07,Fair
5022176,99000.0,3300.0,2148.46,652.0,Primary residence,66.04,Fair
5022209,180000.0,4200.0,1994.27,652.0,Primary residence,41.3,Fair
5022211,176000.0,6014.0,2648.13,652.0,Primary residence,59.06,Fair
5022222,83000.0,3113.0,1748.93,652.0,Primary residence,70.29,Fair
5022226,69000.0,2185.0,987.78,652.0,Primary residence,55.18,Fair
5022244,157000.0,4449.0,1407.07,652.0,Primary residence,44.76,Fair
5022251,85000.0,2409.0,1108.9,652.0,Investment property,49.66,Fair
5022264,165000.0,4538.0,2785.78,652.0,Primary residence,53.26,Fair
5022295,149000.0,4843.0,2563.1200000000003,652.0,Primary residence,59.65,Fair
5022327,356000.0,5637.0,3171.1400000000003,652.0,Primary residence,29.69,Fair
5022337,43000.0,825.0,468.40999999999997,652.0,Primary residence,36.1,Fair
5022340,63000.0,2258.0,712.79,653.0,Primary residence,56.59,Fair
5022379,70000.0,1984.0,807.11,653.0,Primary residence,47.85,Fair
5022391,141000.0,4818.0,3439.4700000000003,653.0,Primary residence,70.28,Fair
5022420,117000.0,2925.0,1523.18,653.0,Primary residence,45.62,Fair
5022428,61000.0,1119.0,1071.05,653.0,Primary residence,43.08,Fair
5022434,73000.0,2738.0,1243.62,653.0,Primary residence,65.45,Fair
5022442,45000.0,1538.0,698.68,653.0,Primary residence,59.64,Fair
5022475,96000.0,3280.0,997.91,653.0,Primary residence,53.47,Fair
5022484,116000.0,4350.0,1469.35,653.0,Primary residence,60.2,Fair
5022518,77000.0,1540.0,1071.05,653.0,Primary residence,40.69,Fair
5022529,40000.0,1300.0,567.03,653.0,Primary residence,56.01,Fair
5022540,113000.0,4144.0,1994.27,653.0,Primary residence,65.19,Fair
5022554,74000.0,2344.0,1038.64,653.0,Primary residence,54.85,Fair
5022638,500000.0,17500.0,5815.31,653.0,Investment property,55.96,Fair
5022697,48000.0,1200.0,903.04,653.0,Primary residence,52.58,Fair
5022704,70000.0,2509.0,1184.8799999999999,653.0,Primary residence,63.32,Fair
5022725,60000.0,2050.0,1111.8,653.0,Primary residence,63.24,Fair
5022802,73000.0,1400.0,1106.78,653.0,Primary residence,41.21,Fair
5022829,105000.0,2100.0,746.18,653.0,Primary residence,32.53,Fair
5022841,50000.0,2209.0,752.63,653.0,Primary residence,71.08,Fair
5022874,77000.0,1797.0,585.95,653.0,Primary residence,37.14,Fair
5022902,73000.0,2860.0,1668.51,653.0,Primary residence,74.44,Fair
5022924,132000.0,4620.0,861.04,653.0,Primary residence,49.83,Fair
5022935,109000.0,1545.0,632.14,653.0,Primary residence,23.97,Fair
5022943,79000.0,1646.0,933.17,653.0,Primary residence,39.18,Fair
5022994,159000.0,5433.0,2131.59,654.0,Primary residence,57.09,Fair
5023031,103000.0,1374.0,710.93,654.0,Primary residence,24.29,Fair
5023071,45000.0,1838.0,1303.79,654.0,Primary residence,83.78,Fair
5023093,69000.0,2243.0,1262.4,654.0,Primary residence,60.96,Fair
5023142,50000.0,1375.0,641.55,654.0,Primary residence,48.4,Fair
5023159,90000.0,2850.0,945.05,654.0,Investment property,50.6,Fair
5023207,41000.0,1640.0,1049.46,654.0,Primary residence,78.72,Fair
5023221,95000.0,3563.0,1063.3799999999999,654.0,Primary residence,58.44,Fair
5023223,196000.0,6044.0,2606.19,654.0,Primary residence,52.96,Fair
5023247,88000.0,2494.0,1014.06,654.0,Primary residence,47.84,Fair
5023274,57000.0,2328.0,374.73,654.0,Primary residence,56.9,Fair
5023291,97000.0,3315.0,1309.97,654.0,Primary residence,57.22,Fair
5023342,97000.0,3476.0,403.96999999999997,654.0,Primary residence,48.0,Fair
5023356,145000.0,2780.0,1179.62,654.0,Primary residence,32.77,Fair
5023366,95000.0,792.0,962.64,654.0,Primary residence,22.16,Fair
5023367,81000.0,1755.0,807.11,654.0,Primary residence,37.96,Fair
5023384,62000.0,879.0,686.56,654.0,Primary residence,30.3,Fair
5023403,81000.0,1890.0,1388.0,654.0,Primary residence,48.56,Fair
5023464,74000.0,1789.0,399.02,654.0,Primary residence,35.48,Fair
5023553,50000.0,2000.0,997.91,654.0,Primary residence,71.95,Fair
5023591,102000.0,3060.0,1124.19,654.0,Primary residence,49.23,Fair
5023598,82000.0,2324.0,1471.19,654.0,Primary residence,55.54,Fair
5023633,260000.0,6284.0,2379.9300000000003,654.0,Primary residence,39.99,Fair
5023653,73000.0,2373.0,1197.06,654.0,Primary residence,58.69,Fair
5023655,42000.0,910.0,738.52,654.0,Primary residence,47.1,Fair
5023665,47000.0,1058.0,475.99,655.0,Primary residence,39.17,Fair
5023712,106000.0,1237.0,676.16,655.0,Primary residence,21.66,Fair
5023719,139000.0,3823.0,2499.11,655.0,Primary residence,54.58,Fair
5023726,249000.0,4150.0,2642.6200000000003,655.0,Primary residence,32.74,Fair
5023730,134000.0,4244.0,3097.6600000000003,655.0,Primary residence,65.75,Fair
5023735,51000.0,1530.0,575.51,655.0,Primary residence,49.54,Fair
5023827,107000.0,2140.0,777.04,655.0,Primary residence,32.71,Fair
5023870,45000.0,1163.0,698.68,655.0,Primary residence,49.64,Fair
5023884,41000.0,1367.0,534.08,655.0,Primary residence,55.64,Fair
5023897,198000.0,3960.0,2007.42,655.0,Primary residence,36.17,Fair
5023906,60000.0,1350.0,427.68,655.0,Primary residence,35.55,Fair
5023960,67000.0,2457.0,693.04,655.0,Primary residence,56.42,Fair
5023975,94000.0,2820.0,1096.97,655.0,Primary residence,50.0,Fair
5023989,125000.0,3959.0,957.34,655.0,Investment property,47.2,Fair
5024019,116000.0,3770.0,3049.4300000000003,655.0,Primary residence,70.55,Fair
5021371,127000.0,4869.0,1096.84,655.0,Second residence,56.37,Fair
5021372,110000.0,2934.0,1300.53,655.0,Primary residence,46.19,Fair
5021374,85000.0,1842.0,651.03,655.0,Primary residence,35.2,Fair
5021376,117000.0,3023.0,889.77,655.0,Primary residence,40.13,Fair
5021384,143000.0,2622.0,1536.57,655.0,Primary residence,34.9,Fair
5021416,96000.0,3440.0,2541.1200000000003,655.0,Primary residence,74.76,Fair
5021431,68000.0,1757.0,848.5,655.0,Primary residence,45.98,Fair
5021444,81000.0,2430.0,1310.37,656.0,Primary residence,55.41,Fair
5021468,45000.0,750.0,418.82,656.0,Primary residence,31.17,Fair
5021484,103000.0,2919.0,1088.37,656.0,Primary residence,46.69,Fair
5021492,55000.0,1788.0,1102.1299999999999,656.0,Primary residence,63.06,Fair
5021505,103000.0,2661.0,1340.42,656.0,Primary residence,46.62,Fair
5021540,44000.0,770.0,551.08,656.0,Primary residence,36.03,Fair
5021554,80000.0,2200.0,698.68,656.0,Primary residence,43.48,Fair
5021561,346000.0,14129.0,3592.98,656.0,Investment property,61.46,Fair
5021568,45000.0,788.0,989.92,656.0,Investment property,47.41,Fair
5021606,62000.0,2222.0,903.76,656.0,Primary residence,60.5,Fair
5021621,173000.0,3749.0,2471.3100000000004,656.0,Primary residence,43.15,Fair
5021630,46000.0,1534.0,639.25,656.0,Primary residence,56.69,Fair
5021638,97000.0,3557.0,815.59,656.0,Investment property,54.09,Fair
5021652,104000.0,3120.0,1928.89,656.0,Primary residence,58.26,Fair
5021663,178000.0,1780.0,1723.21,656.0,Primary residence,23.62,Fair
5021676,77000.0,1155.0,549.87,656.0,Primary residence,26.57,Fair
5021702,103000.0,3863.0,2322.07,656.0,Primary residence,72.06,Fair
5021737,238000.0,5554.0,2007.42,656.0,Primary residence,38.12,Fair
5021740,149000.0,4222.0,2541.1200000000003,656.0,Primary residence,54.47,Fair
5021754,97000.0,2021.0,1243.62,656.0,Primary residence,40.39,Fair
5021827,129000.0,3870.0,2063.9900000000002,656.0,Primary residence,55.2,Fair
5021852,70000.0,2859.0,916.45,656.0,Primary residence,64.72,Fair
5021874,102000.0,3230.0,1405.22,656.0,Primary residence,54.53,Fair
5021881,183000.0,4728.0,2692.42,657.0,Primary residence,48.66,Fair
5021888,65000.0,2492.0,914.05,657.0,Primary residence,62.88,Fair
5021923,18000.0,555.0,291.03999999999996,657.0,Primary residence,56.4,Fair
5021983,150000.0,3125.0,1759.08,657.0,Primary residence,39.07,Fair
5021987,88000.0,3374.0,2278.67,657.0,Primary residence,77.08,Fair
5022011,144000.0,3000.0,2445.2000000000003,657.0,Primary residence,45.38,Fair
5022012,275000.0,7334.0,1613.8,657.0,Investment property,39.04,Fair
5022015,72000.0,2400.0,1123.96,657.0,Primary residence,58.73,Fair
5022063,93000.0,3333.0,1888.04,657.0,Primary residence,67.37,Fair
5022071,48000.0,1440.0,575.51,657.0,Primary residence,50.39,Fair
5022079,57000.0,855.0,374.73,657.0,Primary residence,25.89,Fair
5022093,100000.0,2834.0,1285.57,657.0,Primary residence,49.43,Fair
5022094,76000.0,2154.0,1303.16,657.0,Primary residence,54.59,Fair
5022099,94000.0,2742.0,1593.52,657.0,Primary residence,55.35,Fair
5022130,92000.0,2990.0,972.67,657.0,Primary residence,51.69,Fair
5022131,146000.0,5110.0,957.18,657.0,Second residence,49.87,Fair
5022138,115000.0,2396.0,926.61,657.0,Primary residence,34.67,Fair
5022157,155000.0,6200.0,2121.8700000000003,657.0,Primary residence,64.43,Fair
5022217,144000.0,4800.0,1012.33,657.0,Investment property,48.44,Fair
5022349,28000.0,864.0,479.96,657.0,Primary residence,57.6,Fair
5022423,162000.0,4050.0,1323.06,657.0,Primary residence,39.8,Fair
5022462,61000.0,1525.0,1113.05,657.0,Primary residence,51.9,Fair
5022494,62000.0,2532.0,741.77,658.0,Primary residence,63.36,Fair
5022521,54000.0,2205.0,1029.05,658.0,Primary residence,71.87,Fair
5022548,67000.0,1843.0,1174.64,658.0,Primary residence,54.05,Fair
5022568,55000.0,1513.0,242.48,658.0,Primary residence,38.3,Fair
5022573,146000.0,3772.0,1812.11,658.0,Primary residence,45.9,Fair
5022578,243000.0,8910.0,2975.7900000000004,658.0,Primary residence,58.7,Fair
5022604,148000.0,2344.0,821.59,658.0,Primary residence,25.67,Fair
5022625,129000.0,3010.0,1286.26,658.0,Primary residence,39.97,Fair
5022643,40000.0,1400.0,374.73,658.0,Primary residence,53.24,Fair
5022644,145000.0,3867.0,1593.52,658.0,Primary residence,45.19,Fair
5022671,91000.0,3337.0,1685.11,658.0,Primary residence,66.23,Fair
5022701,60000.0,1800.0,889.77,658.0,Primary residence,53.8,Fair
5022714,76000.0,2344.0,1256.45,658.0,Primary residence,56.85,Fair
5022753,78000.0,2925.0,1758.02,658.0,Primary residence,72.05,Fair
5022770,85000.0,1488.0,696.04,658.0,Primary residence,30.83,Fair
5022777,105000.0,2800.0,1533.07,658.0,Primary residence,49.52,Fair
5022856,154000.0,3209.0,1077.81,658.0,Primary residence,33.4,Fair
5022875,83000.0,2629.0,1320.91,658.0,Primary residence,57.11,Fair
5022948,60000.0,1800.0,1266.6299999999999,658.0,Primary residence,61.33,Fair
5022970,107000.0,3745.0,2495.11,658.0,Primary residence,69.98,Fair
5022991,20000.0,750.0,485.9,658.0,Primary residence,74.15,Fair
5023010,64000.0,2347.0,735.04,658.0,Primary residence,57.79,Fair
5023057,131000.0,1092.0,839.03,658.0,Primary residence,17.69,Fair
5023062,131000.0,1856.0,506.99,658.0,Primary residence,21.65,Fair
5023084,37000.0,1295.0,777.04,658.0,Primary residence,67.2,Fair
5023111,224000.0,2800.0,997.91,659.0,Primary residence,20.35,Fair
5023117,181000.0,4978.0,1931.44,659.0,Primary residence,45.81,Fair
5023148,85000.0,2338.0,1313.87,659.0,Primary residence,51.56,Fair
5023191,104000.0,2947.0,1592.78,659.0,Primary residence,52.38,Fair
5023199,120000.0,3200.0,1644.5,659.0,Primary residence,48.45,Fair
5023206,120000.0,3600.0,1953.09,659.0,Primary residence,55.53,Fair
5023243,278000.0,8109.0,2985.23,659.0,Primary residence,47.89,Fair
5023255,107000.0,2319.0,1469.35,659.0,Primary residence,42.49,Fair
5023415,109000.0,1908.0,1508.67,659.0,Primary residence,37.61,Fair
5023438,211000.0,2110.0,957.18,659.0,Primary residence,17.44,Fair
5023517,158000.0,2370.0,1285.57,659.0,Primary residence,27.76,Fair
5023524,36000.0,1440.0,590.6,659.0,Primary residence,67.69,Fair
5023534,77000.0,1412.0,692.6,659.0,Primary residence,32.8,Fair
5023540,238000.0,3967.0,1308.89,659.0,Primary residence,26.6,Fair
5023602,65000.0,1734.0,1236.54,659.0,Primary residence,54.84,Fair
5023610,121000.0,3832.0,2480.7000000000003,659.0,Primary residence,62.61,Fair
5023696,58000.0,1740.0,1164.46,659.0,Primary residence,60.09,Fair
5023757,104000.0,3900.0,962.64,659.0,Primary residence,56.11,Fair
5023792,28000.0,654.0,441.02,659.0,Primary residence,46.93,Fair
5023902,138000.0,5290.0,2289.11,659.0,Second residence,65.91,Fair
5023919,359000.0,8975.0,2285.86,659.0,Investment property,37.64,Fair
5023935,113000.0,4144.0,1593.52,659.0,Primary residence,60.93,Fair
5023967,125000.0,1771.0,683.8199999999999,659.0,Primary residence,23.57,Fair
5023992,67000.0,1843.0,999.53,660.0,Investment property,50.91,Fair
5024017,235000.0,3917.0,2816.78,660.0,Primary residence,34.39,Fair
5021519,115000.0,2971.0,2708.59,660.0,Primary residence,59.27,Fair
5021526,110000.0,3759.0,761.77,660.0,Primary residence,49.32,Fair
5021530,95000.0,1742.0,710.93,660.0,Primary residence,30.98,Fair
5021542,66000.0,1925.0,1432.79,660.0,Primary residence,61.05,Fair
5021545,41000.0,1572.0,595.16,660.0,Primary residence,63.43,Fair
5021555,59000.0,1967.0,1418.81,660.0,Primary residence,68.86,Fair
5021591,105000.0,3500.0,2365.4700000000003,660.0,Primary residence,67.03,Fair
5021617,96000.0,3120.0,2096.0200000000004,660.0,Primary residence,65.2,Fair
5021667,214000.0,2854.0,2289.11,660.0,Investment property,28.84,Fair
5021684,70000.0,2334.0,1323.8,660.0,Primary residence,62.71,Fair
5021697,84000.0,1610.0,1096.97,660.0,Primary residence,38.67,Fair
5021803,63000.0,2310.0,629.11,660.0,Primary residence,55.98,Fair
5021808,221000.0,7735.0,3197.3700000000003,660.0,Primary residence,59.36,Fair
5021910,89000.0,2003.0,819.04,660.0,Primary residence,38.05,Fair
5021920,248000.0,5787.0,2803.3700000000003,660.0,Primary residence,41.57,Fair
5021944,125000.0,2396.0,1197.06,660.0,Primary residence,34.49,Fair
5022075,58000.0,2224.0,525.03,660.0,Primary residence,56.88,Fair
5022107,66000.0,1265.0,1071.05,660.0,Primary residence,42.47,Fair
5022185,164000.0,4374.0,1151.81,660.0,Primary residence,40.43,Fair
5022195,139000.0,5329.0,1634.91,660.0,Primary residence,60.12,Fair
5022199,198000.0,1650.0,1508.67,660.0,Primary residence,19.14,Fair
5022229,46000.0,1112.0,641.55,661.0,Primary residence,45.74,Fair
5022234,137000.0,5024.0,1323.06,661.0,Investment property,55.59,Fair
5022239,57000.0,1805.0,1096.97,661.0,Primary residence,61.09,Fair
5022246,153000.0,3953.0,2024.61,661.0,Primary residence,46.88,Fair
5022288,163000.0,3125.0,1434.79,661.0,Primary residence,33.57,Fair
5022304,56000.0,2754.0,861.04,661.0,Primary residence,77.47,Fair
5022334,390000.0,11375.0,1723.8,661.0,Primary residence,40.3,Fair
5022335,75000.0,2313.0,641.55,661.0,Primary residence,47.27,Fair
5022368,603000.0,7538.0,1088.37,661.0,Primary residence,17.17,Fair
5022396,65000.0,2384.0,917.87,661.0,Primary residence,60.96,Fair
5022414,75000.0,1375.0,956.45,661.0,Primary residence,37.3,Fair
5022421,123000.0,3588.0,2125.05,661.0,Primary residence,55.74,Fair
5022507,48000.0,1920.0,1044.9,661.0,Primary residence,74.12,Fair
5022514,173000.0,4037.0,2667.8700000000003,661.0,Primary residence,46.51,Fair
5022549,90000.0,3600.0,2778.5,661.0,Primary residence,85.05,Fair
5022584,50000.0,1542.0,1091.59,661.0,Primary residence,63.21,Fair
5022601,43000.0,1290.0,682.9399999999999,661.0,Primary residence,55.06,Fair
5022677,151000.0,5411.0,1353.95,661.0,Second residence,53.76,Fair
5022692,150000.0,5000.0,3969.1800000000003,662.0,Primary residence,71.75,Fair
5022719,96000.0,2720.0,1221.01,662.0,Primary residence,49.26,Fair
5022733,95000.0,3088.0,1030.62,662.0,Primary residence,52.02,Fair
5022748,63000.0,1733.0,906.15,662.0,Primary residence,50.27,Fair
5022797,75000.0,2375.0,1262.4,662.0,Primary residence,58.2,Fair
5022809,162000.0,5805.0,1071.05,662.0,Primary residence,50.93,Fair
5022819,96000.0,3760.0,997.91,662.0,Primary residence,59.47,Fair
5022832,43000.0,860.0,586.78,662.0,Primary residence,40.38,Fair
5022868,25000.0,875.0,368.93,662.0,Primary residence,59.71,Fair
5022887,43000.0,1255.0,831.76,662.0,Primary residence,58.24,Fair
5022911,48000.0,1640.0,957.34,662.0,Primary residence,64.93,Fair
5022926,64000.0,2240.0,987.05,662.0,Primary residence,60.51,Fair
5022931,189000.0,2835.0,2255.82,662.0,Primary residence,32.32,Fair
5022954,81000.0,3308.0,1113.05,662.0,Second residence,65.5,Fair
5022955,41000.0,1640.0,1066.69,662.0,Primary residence,79.22,Fair
5022980,67000.0,2569.0,783.55,662.0,Primary residence,60.05,Fair
5022986,54000.0,1620.0,976.5699999999999,662.0,Primary residence,57.7,Fair
5023018,211000.0,5979.0,1388.7,662.0,Primary residence,41.9,Fair
5023025,88000.0,3447.0,1601.96,662.0,Primary residence,68.85,Fair
5023064,89000.0,1706.0,590.6,662.0,Primary residence,30.97,Fair
5023072,247000.0,4323.0,3188.17,662.0,Primary residence,36.49,Fair
5023079,1338000.0,20070.0,608.86,662.0,Investment property,18.55,Fair
5023090,107000.0,4013.0,2191.11,662.0,Primary residence,69.58,Fair
5023196,39000.0,1430.0,682.9399999999999,662.0,Primary residence,65.01,Fair
5023216,183000.0,5185.0,1096.84,662.0,Primary residence,41.19,Fair
5023224,42000.0,770.0,507.81,662.0,Primary residence,36.51,Fair
5023231,101000.0,3535.0,1785.08,662.0,Primary residence,63.21,Fair
5023234,54000.0,1980.0,802.96,662.0,Primary residence,61.84,Fair
5023249,240000.0,5600.0,1096.84,663.0,Second residence,33.48,Fair
5023259,106000.0,2032.0,947.85,663.0,Primary residence,33.73,Fair
5023261,115000.0,2588.0,1159.62,663.0,Primary residence,39.11,Fair
5023308,161000.0,4160.0,2150.65,663.0,Primary residence,47.04,Fair
5023313,79000.0,2568.0,1340.28,663.0,Primary residence,59.37,Fair
5023330,40000.0,1200.0,475.99,663.0,Primary residence,50.28,Fair
5023347,81000.0,1958.0,434.59999999999997,663.0,Primary residence,35.45,Fair
5023352,139000.0,4518.0,1243.62,663.0,Primary residence,49.74,Fair
5023358,104000.0,3987.0,2625.1200000000003,663.0,Primary residence,76.29,Fair
5023377,245000.0,7963.0,4821.95,663.0,Primary residence,62.62,Fair
5023411,121000.0,2925.0,1617.08,663.0,Primary residence,45.05,Fair
5023417,72000.0,2460.0,722.81,663.0,Primary residence,53.05,Fair
5023462,162000.0,3645.0,1823.6,663.0,Primary residence,40.51,Fair
5023469,107000.0,2230.0,1328.68,663.0,Primary residence,39.91,Fair
5023496,250000.0,5625.0,1812.52,663.0,Primary residence,35.7,Fair
5023507,59000.0,1082.0,861.04,663.0,Primary residence,39.52,Fair
5023570,66000.0,1100.0,722.81,663.0,Primary residence,33.14,Fair
5023579,72000.0,2940.0,1071.05,663.0,Primary residence,66.85,Fair
5023581,195000.0,1950.0,1877.25,663.0,Primary residence,23.55,Fair
5023587,66000.0,2145.0,724.33,663.0,Primary residence,52.17,Fair
5023644,225000.0,3188.0,989.11,663.0,Primary residence,22.28,Fair
5023692,310000.0,5684.0,1858.12,663.0,Primary residence,29.2,Fair
5023705,134000.0,4802.0,2512.61,663.0,Primary residence,65.5,Fair
5023717,82000.0,1162.0,542.54,664.0,Primary residence,24.94,Fair
5023782,653000.0,7619.0,1280.4,664.0,Primary residence,16.35,Fair
5023787,216000.0,5400.0,1844.64,664.0,Primary residence,40.25,Fair
5023835,50000.0,1292.0,712.79,664.0,Primary residence,48.11,Fair
5023882,125000.0,4271.0,1924.64,664.0,Primary residence,59.48,Fair
5023883,121000.0,4840.0,3367.38,664.0,Primary residence,81.4,Fair
5023920,82000.0,2597.0,2255.82,664.0,Primary residence,71.02,Fair
5021391,37000.0,1172.0,368.93,664.0,Primary residence,49.98,Fair
5021406,91000.0,1745.0,710.93,664.0,Primary residence,32.39,Fair
5021456,120000.0,3800.0,2016.18,664.0,Primary residence,58.16,Fair
5021499,212000.0,5300.0,3040.4500000000003,664.0,Primary residence,47.21,Fair
5021515,34000.0,1077.0,875.72,664.0,Primary residence,68.92,Fair
5021550,274000.0,8905.0,2932.69,664.0,Primary residence,51.84,Fair
5021562,38000.0,1457.0,662.26,664.0,Primary residence,66.92,Fair
5021566,90000.0,1950.0,1256.4,664.0,Primary residence,42.75,Fair
5021610,45000.0,1650.0,933.17,664.0,Primary residence,68.88,Fair
5021665,232000.0,9474.0,2191.11,664.0,Primary residence,60.34,Fair
5021725,57000.0,1425.0,834.99,664.0,Primary residence,47.58,Fair
5021731,127000.0,4234.0,2798.5800000000004,664.0,Primary residence,66.45,Fair
5021742,120000.0,3900.0,1516.79,664.0,Primary residence,54.17,Fair
5021782,79000.0,2634.0,1940.69,664.0,Primary residence,69.49,Fair
5021796,47000.0,823.0,418.82,664.0,Primary residence,31.71,Fair
5021804,112000.0,2800.0,1168.27,664.0,Primary residence,42.52,Fair
5021819,99000.0,2558.0,1883.25,664.0,Primary residence,53.83,Fair
5021866,31000.0,1060.0,517.38,664.0,Primary residence,61.06,Fair
5021879,386000.0,8685.0,1211.91,664.0,Primary residence,30.77,Fair
5021912,86000.0,1147.0,418.82,665.0,Primary residence,21.85,Fair
5021950,87000.0,2828.0,1499.93,665.0,Primary residence,59.7,Fair
5021957,130000.0,5200.0,1723.21,665.0,Primary residence,63.91,Fair
5021970,103000.0,3090.0,1470.82,665.0,Primary residence,53.14,Fair
5021974,115000.0,2684.0,1204.68,665.0,Primary residence,40.58,Fair
5022028,76000.0,2280.0,1575.07,665.0,Primary residence,60.87,Fair
5022033,96000.0,2480.0,765.72,665.0,Primary residence,40.57,Fair
5022058,114000.0,3895.0,2200.48,665.0,Primary residence,64.16,Fair
5022181,74000.0,2899.0,929.33,665.0,Investment property,62.08,Fair
5022189,63000.0,2363.0,802.96,665.0,Primary residence,60.3,Fair
5022256,139000.0,4750.0,1486.18,665.0,Investment property,53.84,Fair
5022283,156000.0,4680.0,1671.02,665.0,Primary residence,48.85,Fair
5022296,124000.0,4340.0,1931.44,665.0,Primary residence,60.69,Fair
5022347,173000.0,6055.0,2274.5800000000004,665.0,Primary residence,57.78,Fair
5022357,115000.0,959.0,1117.17,665.0,Primary residence,21.66,Fair
5022374,84000.0,3290.0,911.08,665.0,Investment property,60.02,Fair
5022383,64000.0,1067.0,829.33,665.0,Primary residence,35.56,Fair
5022418,79000.0,2436.0,819.04,665.0,Primary residence,49.44,Fair
5022448,53000.0,2032.0,1431.34,665.0,Primary residence,78.42,Fair
5022450,99000.0,3053.0,2150.65,665.0,Primary residence,63.07,Fair
5022456,71000.0,1480.0,817.33,665.0,Primary residence,38.83,Fair
5022502,56000.0,2707.0,286.56,665.0,Primary residence,64.15,Fair
5022538,90000.0,2925.0,1212.36,665.0,Primary residence,55.16,Fair
5022544,180000.0,3150.0,1497.41,665.0,Primary residence,30.98,Fair
5022557,92000.0,3757.0,2830.7900000000004,665.0,Primary residence,85.93,Fair
5022582,88000.0,1174.0,902.64,665.0,Primary residence,28.32,Fair
5022629,53000.0,2165.0,1575.07,665.0,Primary residence,84.68,Fair
5022672,146000.0,4502.0,3434.6200000000003,665.0,Primary residence,65.23,Fair
5022709,173000.0,5623.0,1124.19,665.0,Investment property,46.8,Fair
5022742,48000.0,1000.0,698.68,665.0,Primary residence,42.47,Fair
5022762,153000.0,2168.0,712.79,665.0,Primary residence,22.59,Fair
5022781,683000.0,8538.0,1653.22,665.0,Investment property,17.91,Fair
5022794,108000.0,2430.0,741.4399999999999,665.0,Primary residence,35.24,Fair
5022807,73000.0,1582.0,1147.72,665.0,Primary residence,44.87,Fair
5022816,56000.0,1774.0,901.75,665.0,Primary residence,57.34,Fair
5022823,174000.0,5220.0,3465.1600000000003,665.0,Primary residence,59.9,Fair
5022834,142000.0,2722.0,972.67,665.0,Primary residence,31.22,Fair
5022838,149000.0,4719.0,2347.73,665.0,Primary residence,56.91,Fair
5022847,109000.0,2635.0,1497.41,666.0,Primary residence,45.49,Fair
5022858,209000.0,7490.0,1455.71,666.0,Primary residence,51.36,Fair
5022879,97000.0,809.0,910.31,666.0,Primary residence,21.27,Fair
5022907,161000.0,4160.0,2079.1000000000004,666.0,Primary residence,46.5,Fair
5022914,64000.0,2507.0,957.18,666.0,Primary residence,64.95,Fair
5022919,57000.0,1853.0,897.27,666.0,Primary residence,57.9,Fair
5022958,142000.0,1302.0,1293.84,666.0,Primary residence,21.94,Fair
5022960,88000.0,3227.0,1364.49,666.0,Primary residence,62.61,Fair
5022997,224000.0,5227.0,1391.24,666.0,Primary residence,35.45,Fair
5023001,47000.0,1802.0,735.04,666.0,Investment property,64.78,Fair
5023050,219000.0,3285.0,1783.45,666.0,Primary residence,27.77,Fair
5023060,120000.0,4900.0,1575.07,666.0,Primary residence,64.75,Fair
5023126,117000.0,3315.0,1386.57,666.0,Primary residence,48.22,Fair
5023164,58000.0,967.0,868.96,666.0,Primary residence,37.99,Fair
5023205,51000.0,1743.0,609.03,666.0,Primary residence,55.34,Fair
5023238,36000.0,1050.0,412.33,666.0,Primary residence,48.74,Fair
5023250,91000.0,2579.0,1147.72,666.0,Primary residence,49.14,Fair
5023260,90000.0,3375.0,1184.64,666.0,Primary residence,60.8,Fair
5023265,156000.0,1430.0,1079.37,666.0,Primary residence,19.3,Fair
5023280,72000.0,2700.0,1239.06,666.0,Primary residence,65.65,Fair
5023287,90000.0,2175.0,903.04,666.0,Primary residence,41.04,Fair
5023319,67000.0,1843.0,1222.37,666.0,Primary residence,54.9,Fair
5023333,159000.0,4770.0,903.76,666.0,Primary residence,42.82,Fair
5023338,85000.0,2550.0,1469.35,666.0,Primary residence,56.74,Fair
5023360,137000.0,2626.0,1405.22,666.0,Primary residence,35.31,Fair
5023375,22000.0,899.0,727.42,666.0,Primary residence,88.71,Fair
5023404,192000.0,4800.0,2493.01,666.0,Second residence,45.58,Fair
5023418,105000.0,4813.0,1487.55,666.0,Primary residence,72.01,Fair
5023442,74000.0,1234.0,440.09999999999997,666.0,Primary residence,27.15,Fair
5023449,56000.0,887.0,525.03,666.0,Primary residence,30.26,Fair
5023484,57000.0,1995.0,946.63,666.0,Primary residence,61.93,Fair
5023486,31000.0,1189.0,839.03,666.0,Primary residence,78.5,Fair
5023503,133000.0,2328.0,1853.26,667.0,Primary residence,37.73,Fair
5023515,78000.0,2080.0,567.03,667.0,Primary residence,40.72,Fair
5023516,132000.0,1320.0,956.45,667.0,Primary residence,20.7,Fair
5023525,47000.0,823.0,532.31,667.0,Primary residence,34.6,Fair
5023526,91000.0,3489.0,2172.98,667.0,Primary residence,74.66,Fair
5023551,140000.0,4200.0,1740.23,667.0,Primary residence,50.92,Fair
5023554,314000.0,7589.0,2973.1200000000003,667.0,Primary residence,40.36,Fair
5023565,119000.0,4066.0,455.74,667.0,Second residence,45.6,Fair
5023574,95000.0,3246.0,861.98,667.0,Primary residence,51.89,Fair
5023580,210000.0,5600.0,2856.8300000000004,667.0,Primary residence,48.32,Fair
5023619,93000.0,3720.0,1524.68,667.0,Primary residence,67.67,Fair
5023622,29000.0,943.0,693.04,667.0,Primary residence,67.7,Fair
5023708,265000.0,9496.0,2414.3,667.0,Primary residence,53.93,Fair
5023718,189000.0,3308.0,2876.6200000000003,667.0,Primary residence,39.27,Fair
5023745,227000.0,4919.0,621.84,667.0,Primary residence,29.29,Fair
5023753,29000.0,1040.0,948.1,667.0,Primary residence,82.27,Fair
5023766,27000.0,1058.0,735.04,667.0,Primary residence,79.69,Fair
5023777,73000.0,1825.0,848.5,667.0,Primary residence,43.95,Fair
5023822,30000.0,1150.0,641.55,667.0,Primary residence,71.66,Fair
5023843,145000.0,2538.0,1608.87,667.0,Primary residence,34.32,Fair
5023851,216000.0,4500.0,1866.2,667.0,Primary residence,35.37,Fair
5023854,52000.0,1907.0,889.77,667.0,Primary residence,64.54,Fair
5023879,36000.0,1290.0,346.26,667.0,Primary residence,54.54,Fair
5023880,125000.0,2292.0,1474.06,667.0,Primary residence,36.15,Fair
5023912,73000.0,1217.0,847.93,667.0,Primary residence,33.94,Fair
5023924,97000.0,2183.0,1155.06,667.0,Primary residence,41.3,Fair
5023942,41000.0,1572.0,648.81,667.0,Primary residence,65.0,Fair
5023958,48000.0,1960.0,724.33,667.0,Primary residence,67.11,Fair
5023976,225000.0,5625.0,3828.59,667.0,Primary residence,50.42,Fair
5024008,195000.0,5850.0,2273.09,667.0,Primary residence,49.99,Fair
5021389,130000.0,3142.0,2086.4500000000003,667.0,Primary residence,48.26,Fair
5021394,105000.0,2975.0,1193.59,667.0,Primary residence,47.64,Fair
5021467,110000.0,3484.0,1300.53,667.0,Primary residence,52.19,Fair
5021487,334000.0,10577.0,2864.6600000000003,667.0,Primary residence,48.29,Fair
5021592,23000.0,729.0,362.46,667.0,Primary residence,56.95,Fair
5021613,92000.0,3757.0,1743.08,667.0,Primary residence,71.74,Fair
5021647,56000.0,2287.0,1634.91,667.0,Primary residence,84.04,Fair
5021651,43000.0,1577.0,1120.1,667.0,Primary residence,75.27,Fair
5021664,50000.0,1500.0,1129.83,668.0,Primary residence,63.12,Fair
5021719,72000.0,1560.0,738.77,668.0,Primary residence,38.31,Fair
5021753,110000.0,2659.0,1433.46,668.0,Primary residence,44.65,Fair
5021787,63000.0,2415.0,1771.79,668.0,Primary residence,79.75,Fair
5021844,82000.0,752.0,735.04,668.0,Primary residence,21.76,Fair
5021847,108000.0,2520.0,1029.05,668.0,Primary residence,39.43,Fair
5021886,95000.0,2930.0,2011.83,668.0,Primary residence,62.42,Fair
5021925,281000.0,8430.0,3808.8100000000004,668.0,Primary residence,52.27,Fair
5021930,144000.0,2160.0,902.64,668.0,Primary residence,25.52,Fair
5021979,39000.0,1008.0,576.81,668.0,Primary residence,48.76,Fair
5021994,226000.0,8664.0,2627.9,668.0,Investment property,59.96,Fair
5022007,126000.0,2205.0,1699.1,668.0,Primary residence,37.18,Fair
5022017,65000.0,705.0,455.74,668.0,Primary residence,21.43,Fair
5022066,195000.0,6013.0,1785.08,668.0,Primary residence,47.99,Fair
5022084,149000.0,3725.0,1757.83,668.0,Investment property,44.16,Fair
5022102,121000.0,3630.0,759.56,668.0,Primary residence,43.53,Fair
5022103,136000.0,5100.0,2649.2700000000004,668.0,Primary residence,68.38,Fair
5022125,55000.0,1650.0,1078.87,668.0,Primary residence,59.54,Fair
5022166,85000.0,2480.0,455.74,668.0,Primary residence,41.45,Fair
5022206,73000.0,2920.0,2289.11,668.0,Primary residence,85.63,Fair
5022212,75000.0,1750.0,580.36,668.0,Primary residence,37.29,Fair
5022259,83000.0,1660.0,441.02,668.0,Primary residence,30.38,Fair
5022269,45000.0,1350.0,759.56,668.0,Primary residence,56.25,Fair
5022311,62000.0,2480.0,1014.06,668.0,Primary residence,67.63,Fair
5022352,26000.0,780.0,315.02,668.0,Primary residence,50.54,Fair
5022363,130000.0,2492.0,2016.18,668.0,Primary residence,41.61,Fair
5022372,111000.0,3978.0,1302.52,668.0,Primary residence,57.09,Fair
5022422,158000.0,1975.0,956.45,668.0,Second residence,22.26,Fair
5022432,117000.0,2633.0,1221.01,668.0,Primary residence,39.53,Fair
5022467,243000.0,6683.0,1449.07,668.0,Primary residence,40.16,Fair
5022468,101000.0,2273.0,1667.34,668.0,Primary residence,46.82,Fair
5022509,76000.0,2724.0,772.14,669.0,Primary residence,55.2,Fair
5022565,79000.0,2963.0,631.33,669.0,Primary residence,54.6,Fair
5022566,49000.0,1838.0,455.74,669.0,Primary residence,56.17,Fair
5022586,129000.0,4945.0,682.9399999999999,669.0,Primary residence,52.35,Fair
5022649,75000.0,2938.0,1757.83,669.0,Primary residence,75.13,Fair
5022791,206000.0,3434.0,1491.07,669.0,Primary residence,28.69,Fair
5022846,85000.0,1913.0,491.36,669.0,Primary residence,33.94,Fair
5022853,80000.0,1667.0,831.76,669.0,Primary residence,37.48,Fair
5022891,87000.0,2103.0,961.35,669.0,Primary residence,42.27,Fair
5022903,35000.0,788.0,499.14,669.0,Primary residence,44.13,Fair
5022930,61000.0,2339.0,1454.98,669.0,Primary residence,74.64,Fair
5022941,125000.0,3125.0,976.5699999999999,669.0,Primary residence,39.38,Fair
5022975,95000.0,3484.0,1671.02,669.0,Primary residence,65.12,Fair
5022981,63000.0,1628.0,777.04,669.0,Primary residence,45.81,Fair
5023006,151000.0,2265.0,1572.87,669.0,Primary residence,30.5,Fair
5023008,178000.0,7269.0,1744.64,669.0,Primary residence,60.77,Fair
5023014,97000.0,2021.0,807.11,669.0,Primary residence,34.99,Fair
5023026,36000.0,690.0,558.77,669.0,Primary residence,41.63,Fair
5023038,148000.0,1234.0,1221.01,669.0,Primary residence,19.91,Fair
5023039,37000.0,1110.0,470.13,669.0,Primary residence,51.25,Fair
5023052,84000.0,2940.0,637.67,669.0,Second residence,51.11,Fair
5023086,158000.0,2897.0,1036.02,669.0,Second residence,29.87,Fair
5023100,134000.0,4579.0,1612.85,669.0,Primary residence,55.45,Fair
5023132,35000.0,1109.0,609.03,669.0,Primary residence,58.9,Fair
5023137,120000.0,4100.0,1785.08,669.0,Primary residence,58.85,Fair
5023138,65000.0,3196.0,753.52,669.0,Primary residence,72.91,Fair
5023144,122000.0,3965.0,1300.53,669.0,Primary residence,51.79,Fair
5023153,145000.0,4350.0,1476.87,669.0,Primary residence,48.22,Fair
5023185,331000.0,8275.0,2949.01,669.0,Primary residence,40.69,Fair
5023201,43000.0,1613.0,901.75,669.0,Primary residence,70.18,Fair
5023254,66000.0,2475.0,903.04,669.0,Investment property,61.42,Fair
5023270,47000.0,1645.0,917.87,669.0,Primary residence,65.43,Fair
5023298,200000.0,6500.0,3171.2200000000003,669.0,Primary residence,58.03,Fair
5023372,110000.0,3392.0,1563.7,669.0,Primary residence,54.06,Fair
5023380,286000.0,7389.0,2051.21,669.0,Primary residence,39.61,Fair
5023381,78000.0,2860.0,1765.46,669.0,Primary residence,71.16,Fair
5023385,349000.0,4945.0,1815.87,669.0,Primary residence,23.25,Fair
5023396,103000.0,3520.0,1198.99,670.0,Investment property,54.98,Good
5023427,69000.0,2588.0,1475.2,670.0,Primary residence,70.66,Good
5023474,154000.0,2439.0,987.05,670.0,Primary residence,26.7,Good
5023491,135000.0,1125.0,1217.7,670.0,Primary residence,20.82,Good
5023509,230000.0,5367.0,3278.8300000000004,670.0,Primary residence,45.11,Good
5023512,64000.0,2240.0,1281.06,670.0,Primary residence,66.02,Good
5023536,22000.0,899.0,522.88,670.0,Investment property,77.56,Good
5023541,71000.0,2604.0,1164.46,670.0,Primary residence,63.69,Good
5023641,95000.0,2375.0,434.59999999999997,670.0,Primary residence,35.49,Good
5023674,72000.0,2460.0,1741.53,670.0,Primary residence,70.03,Good
5023686,35000.0,1459.0,581.13,670.0,Primary residence,69.95,Good
5023689,163000.0,2853.0,1484.14,670.0,Primary residence,31.93,Good
5023700,76000.0,1330.0,933.17,670.0,Primary residence,35.73,Good
5023707,83000.0,1868.0,509.14,670.0,Primary residence,34.37,Good
5023740,67000.0,2401.0,1652.74,670.0,Primary residence,72.6,Good
5023746,124000.0,5064.0,2644.3500000000004,670.0,Investment property,74.6,Good
5023818,90000.0,2850.0,1676.3,670.0,Primary residence,60.35,Good
5023887,504000.0,5880.0,5152.45,670.0,Primary residence,26.27,Good
5023890,40000.0,1500.0,735.04,670.0,Primary residence,67.05,Good
5023910,52000.0,2080.0,903.04,670.0,Primary residence,68.84,Good
5023933,57000.0,1235.0,491.36,670.0,Primary residence,36.34,Good
5023974,36000.0,1230.0,577.1,670.0,Primary residence,60.24,Good
5023980,245000.0,6534.0,2495.3300000000004,670.0,Primary residence,44.23,Good
5023984,75000.0,1438.0,1014.06,670.0,Primary residence,39.23,Good
5023993,52000.0,1734.0,351.82,670.0,Primary residence,48.13,Good
5024001,161000.0,6038.0,1777.45,670.0,Primary residence,58.25,Good
5024012,222000.0,1850.0,762.23,670.0,Primary residence,14.12,Good
5024022,54000.0,2115.0,1242.29,670.0,Primary residence,74.61,Good
5024026,50000.0,1667.0,1089.53,670.0,Primary residence,66.16,Good
5024032,145000.0,3625.0,948.1,670.0,Primary residence,37.85,Good
5024078,71000.0,2545.0,1138.23,671.0,Primary residence,62.25,Good
5024202,119000.0,3769.0,1031.3799999999999,671.0,Primary residence,48.41,Good
5024304,200000.0,4500.0,1252.58,671.0,Investment property,34.52,Good
5024323,121000.0,3530.0,1155.06,671.0,Primary residence,46.46,Good
5024413,58000.0,2127.0,1427.96,671.0,Primary residence,73.55,Good
5024463,46000.0,1687.0,848.5,671.0,Primary residence,66.14,Good
5024473,120000.0,4100.0,2843.53,671.0,Primary residence,69.44,Good
5024494,61000.0,1983.0,1316.07,671.0,Primary residence,64.9,Good
5024657,26000.0,607.0,368.93,671.0,Primary residence,45.04,Good
5024716,96000.0,1840.0,1262.4,671.0,Primary residence,38.78,Good
5024734,251000.0,4602.0,3304.6000000000004,671.0,Primary residence,37.8,Good
5024750,88000.0,3227.0,1630.24,671.0,Primary residence,66.24,Good
5024906,114000.0,3325.0,1627.62,671.0,Primary residence,52.13,Good
5024940,98000.0,3594.0,1239.06,671.0,Primary residence,59.18,Good
5024973,69000.0,1783.0,807.11,671.0,Primary residence,45.05,Good
5025032,120000.0,3300.0,2114.3500000000004,671.0,Primary residence,54.14,Good
5025140,160000.0,6134.0,1232.71,671.0,Primary residence,55.25,Good
5025168,132000.0,3300.0,1432.79,671.0,Primary residence,43.03,Good
5025220,280000.0,10967.0,861.04,671.0,Investment property,50.69,Good
5025292,47000.0,1724.0,1430.62,671.0,Primary residence,80.54,Good
5025334,47000.0,1058.0,665.74,671.0,Primary residence,44.01,Good
5025348,60000.0,2300.0,1071.04,671.0,Primary residence,67.42,Good
5025452,213000.0,7455.0,1723.8,671.0,Primary residence,51.71,Good
5025473,59000.0,2360.0,686.56,671.0,Primary residence,61.96,Good
5025536,80000.0,1467.0,847.73,671.0,Primary residence,34.72,Good
5025566,51000.0,1020.0,475.99,671.0,Primary residence,35.2,Good
5025610,53000.0,1546.0,699.28,671.0,Primary residence,50.84,Good
5025665,175000.0,5980.0,1701.08,671.0,Primary residence,52.67,Good
5025705,67000.0,1564.0,693.04,671.0,Primary residence,40.42,Good
5025793,122000.0,3050.0,1798.76,671.0,Primary residence,47.69,Good
5025795,69000.0,1323.0,629.35,671.0,Primary residence,33.95,Good
5025849,128000.0,3094.0,2121.1000000000004,671.0,Primary residence,48.89,Good
5025926,127000.0,3387.0,1445.95,671.0,Primary residence,45.67,Good
5025940,90000.0,3675.0,1262.4,671.0,Primary residence,65.83,Good
5025969,42000.0,1365.0,567.03,671.0,Primary residence,55.2,Good
5026011,154000.0,2567.0,2297.15,671.0,Primary residence,37.9,Good
5026070,106000.0,4152.0,1432.79,671.0,Primary residence,63.22,Good
5026088,115000.0,1917.0,674.09,671.0,Primary residence,27.04,Good
5026179,105000.0,2625.0,848.5,671.0,Primary residence,39.7,Good
5026190,41000.0,1675.0,483.03,671.0,Primary residence,63.16,Good
5026199,59000.0,2410.0,541.52,671.0,Primary residence,60.03,Good
5026306,27000.0,878.0,604.45,672.0,Primary residence,65.89,Good
5026333,62000.0,1292.0,1064.25,672.0,Primary residence,45.6,Good
5026335,48000.0,840.0,455.74,672.0,Primary residence,32.39,Good
5026360,43000.0,1398.0,730.8,672.0,Primary residence,59.41,Good
5026400,18000.0,600.0,418.82,672.0,Primary residence,67.92,Good
5026401,61000.0,1525.0,710.93,672.0,Primary residence,43.99,Good
5026435,162000.0,4995.0,2667.19,672.0,Primary residence,56.76,Good
5026551,86000.0,3082.0,2106.44,672.0,Primary residence,72.4,Good
5026627,38000.0,1457.0,1286.26,672.0,Primary residence,86.63,Good
5026669,156000.0,3510.0,2358.59,672.0,Primary residence,45.14,Good
5026709,75000.0,2750.0,1394.98,672.0,Primary residence,66.32,Good
5026780,70000.0,2334.0,765.72,672.0,Primary residence,53.14,Good
5026901,123000.0,3690.0,2138.3700000000003,672.0,Primary residence,56.86,Good
5026981,109000.0,3634.0,1365.06,672.0,Primary residence,55.04,Good
5027013,66000.0,2310.0,1313.87,672.0,Primary residence,65.89,Good
5027141,29000.0,1040.0,861.04,672.0,Primary residence,78.66,Good
5027170,175000.0,6125.0,1523.18,672.0,Investment property,52.44,Good
5027173,,,1088.37,672.0,Second residence,,Good
5027179,80000.0,1667.0,1176.3,672.0,Primary residence,42.65,Good
5027354,226000.0,9229.0,1827.08,672.0,Primary residence,58.7,Good
5027355,89000.0,3486.0,1701.08,672.0,Primary residence,69.94,Good
5027394,60000.0,1950.0,637.67,672.0,Primary residence,51.75,Good
5027427,41000.0,1470.0,1230.87,672.0,Primary residence,79.05,Good
5027449,31000.0,801.0,683.33,672.0,Primary residence,57.46,Good
5027737,72000.0,2340.0,1221.01,672.0,Primary residence,59.35,Good
5027867,80000.0,2067.0,990.21,672.0,Primary residence,45.86,Good
5027878,18000.0,585.0,385.43,672.0,Primary residence,64.7,Good
5027923,167000.0,3619.0,1455.71,672.0,Primary residence,36.46,Good
5028037,31000.0,1240.0,558.77,672.0,Primary residence,69.63,Good
5028062,89000.0,3635.0,1256.45,672.0,Primary residence,65.95,Good
5028117,78000.0,1755.0,1089.53,672.0,Primary residence,43.76,Good
5028198,95000.0,3246.0,1006.47,672.0,Primary residence,53.72,Good
5028251,132000.0,3740.0,2190.4300000000003,672.0,Primary residence,53.91,Good
5028276,97000.0,2183.0,325.53,672.0,Primary residence,31.03,Good
5028333,106000.0,2650.0,1667.34,672.0,Primary residence,48.88,Good
5028437,127000.0,4975.0,1958.06,672.0,Primary residence,65.51,Good
5028508,99000.0,2558.0,1212.36,672.0,Primary residence,45.7,Good
5028538,234000.0,3315.0,990.21,672.0,Primary residence,22.08,Good
5028573,35000.0,1255.0,777.75,672.0,Primary residence,69.69,Good
5028576,168000.0,6720.0,716.16,672.0,Second residence,53.12,Good
5028637,901000.0,10512.0,4698.97,672.0,Primary residence,20.26,Good
5028683,237000.0,9085.0,2255.76,672.0,Primary residence,57.42,Good
5028790,98000.0,4002.0,1461.25,672.0,Investment property,66.9,Good
5028815,23000.0,1112.0,735.04,672.0,Primary residence,96.37,Good
5028903,78000.0,2275.0,1497.16,672.0,Primary residence,58.03,Good
5028975,68000.0,2154.0,735.04,673.0,Primary residence,50.98,Good
5029069,98000.0,1307.0,751.9399999999999,673.0,Primary residence,25.21,Good
5029134,216000.0,6120.0,3225.84,673.0,Primary residence,51.92,Good
5029178,345000.0,6325.0,1344.62,673.0,Investment property,26.68,Good
5029199,51000.0,1530.0,861.04,673.0,Primary residence,56.26,Good
5029204,73000.0,2008.0,724.33,673.0,Primary residence,44.92,Good
5029227,193000.0,4343.0,3036.9700000000003,673.0,Primary residence,45.89,Good
5029288,197000.0,7224.0,2097.6400000000003,673.0,Second residence,56.78,Good
5029296,130000.0,4767.0,1995.09,673.0,Primary residence,62.42,Good
5029370,120000.0,4200.0,2876.6200000000003,673.0,Primary residence,70.77,Good
5029381,102000.0,2550.0,1919.78,673.0,Primary residence,52.59,Good
5029419,100000.0,3000.0,1559.51,673.0,Primary residence,54.71,Good
5029467,300000.0,9250.0,3563.5400000000004,673.0,Primary residence,51.25,Good
5029548,68000.0,2154.0,1559.1,673.0,Primary residence,65.53,Good
5029574,132000.0,2530.0,2202.7000000000003,673.0,Primary residence,43.02,Good
5029656,196000.0,3267.0,2219.8300000000004,673.0,Primary residence,33.59,Good
5029689,61000.0,1830.0,1124.19,673.0,Primary residence,58.12,Good
5029717,410000.0,13667.0,2822.1200000000003,673.0,Investment property,48.26,Good
5029791,139000.0,3360.0,1174.64,673.0,Primary residence,39.15,Good
5029796,230000.0,6134.0,4478.9400000000005,673.0,Primary residence,55.37,Good
5029931,848000.0,8480.0,2504.9500000000003,673.0,Primary residence,15.54,Good
5029955,58000.0,1112.0,651.03,673.0,Primary residence,36.48,Good
5029991,71000.0,2781.0,2171.6600000000003,673.0,Primary residence,83.71,Good
5030093,46000.0,1879.0,1262.4,673.0,Primary residence,81.95,Good
5030110,59000.0,1377.0,470.13,673.0,Primary residence,37.57,Good
5030171,40000.0,1500.0,506.99,673.0,Primary residence,60.21,Good
5030187,130000.0,5309.0,3360.2900000000004,673.0,Primary residence,80.02,Good
5030245,77000.0,2631.0,1873.64,673.0,Primary residence,70.2,Good
5030260,84000.0,1680.0,683.33,673.0,Primary residence,33.76,Good
5030380,137000.0,4339.0,2114.96,673.0,Primary residence,56.53,Good
5030387,250000.0,6042.0,2122.51,673.0,Primary residence,39.19,Good
5030679,240000.0,7200.0,3692.6000000000004,673.0,Primary residence,54.46,Good
5030689,187000.0,5455.0,1667.34,673.0,Primary residence,45.7,Good
5030692,61000.0,1068.0,393.21,673.0,Primary residence,28.75,Good
5030759,90000.0,1350.0,834.99,673.0,Primary residence,29.13,Good
5030783,120000.0,4900.0,3553.9,674.0,Primary residence,84.54,Good
5030832,48000.0,1520.0,368.93,674.0,Primary residence,47.22,Good
5030871,150000.0,4875.0,3290.5200000000004,674.0,Primary residence,65.32,Good
5030883,140000.0,5367.0,1388.0,674.0,Primary residence,57.9,Good
5030897,132000.0,4620.0,1869.09,674.0,Investment property,58.99,Good
5030939,82000.0,2802.0,1648.52,674.0,Primary residence,65.13,Good
5030975,74000.0,3207.0,2407.6000000000004,674.0,Primary residence,91.05,Good
5031024,57000.0,2280.0,1665.73,674.0,Primary residence,83.07,Good
5031046,161000.0,4830.0,1380.27,674.0,Primary residence,46.29,Good
5031089,114000.0,2090.0,848.5,674.0,Primary residence,30.93,Good
5031140,241000.0,4419.0,2386.59,674.0,Primary residence,33.89,Good
5031221,155000.0,3359.0,1066.69,674.0,Primary residence,34.26,Good
5031223,175000.0,5688.0,3726.8300000000004,674.0,Primary residence,64.56,Good
5031340,205000.0,6834.0,2402.67,674.0,Primary residence,54.07,Good
5031369,68000.0,1247.0,771.5,674.0,Primary residence,35.62,Good
5031429,44000.0,1577.0,807.11,674.0,Primary residence,65.02,Good
5031472,49000.0,2369.0,998.16,674.0,Primary residence,82.46,Good
5031541,21000.0,753.0,304.0,674.0,Primary residence,60.4,Good
5031576,108000.0,4230.0,2278.67,674.0,Investment property,72.32,Good
5031616,140000.0,4317.0,2179.1000000000004,674.0,Primary residence,55.68,Good
5031651,167000.0,5010.0,3025.8100000000004,674.0,Primary residence,57.74,Good
5031659,36000.0,1320.0,819.04,674.0,Primary residence,71.3,Good
5031704,135000.0,5063.0,1281.06,675.0,Primary residence,56.39,Good
5031743,188000.0,5170.0,3080.67,675.0,Primary residence,52.66,Good
5031771,325000.0,7313.0,3380.6000000000004,675.0,Primary residence,39.48,Good
5031847,92000.0,2377.0,1239.06,675.0,Primary residence,47.17,Good
5031873,43000.0,1541.0,704.79,675.0,Primary residence,62.67,Good
5031889,22000.0,825.0,462.9,675.0,Primary residence,70.25,Good
5031976,47000.0,1254.0,771.5,675.0,Primary residence,51.71,Good
5031998,92000.0,3374.0,1829.86,675.0,Primary residence,67.88,Good
5032005,137000.0,4910.0,3443.1600000000003,675.0,Primary residence,73.17,Good
5032046,234000.0,5070.0,4452.41,675.0,Primary residence,48.83,Good
5032073,27000.0,1103.0,981.23,675.0,Primary residence,92.63,Good
5032074,120000.0,3500.0,1779.39,675.0,Primary residence,52.79,Good
5032152,152000.0,4687.0,1449.07,675.0,Primary residence,48.44,Good
5032166,54000.0,1485.0,755.22,675.0,Primary residence,49.78,Good
5032199,47000.0,980.0,710.93,675.0,Primary residence,43.17,Good
5032223,59000.0,1279.0,672.06,675.0,Primary residence,39.68,Good
5032304,63000.0,1575.0,704.76,675.0,Primary residence,43.42,Good
5032334,96000.0,3200.0,1649.6,675.0,Primary residence,60.62,Good
5032412,168000.0,6580.0,2162.5600000000004,675.0,Primary residence,62.45,Good
5032422,306000.0,3825.0,1242.29,675.0,Primary residence,19.87,Good
5032456,88000.0,2640.0,914.05,675.0,Primary residence,48.46,Good
5032469,47000.0,1920.0,672.75,675.0,Primary residence,66.2,Good
5032549,103000.0,3348.0,1475.2,675.0,Primary residence,56.19,Good
5032711,63000.0,1785.0,738.52,675.0,Primary residence,48.07,Good
5032724,48000.0,1440.0,1231.0,675.0,Primary residence,66.77,Good
5032733,166000.0,1937.0,1575.07,675.0,Primary residence,25.39,Good
5032737,131000.0,3603.0,1608.87,675.0,Primary residence,47.74,Good
5032759,45000.0,1575.0,651.03,675.0,Primary residence,59.36,Good
5032784,99000.0,4043.0,1132.25,675.0,Primary residence,62.73,Good
5032803,40000.0,1200.0,964.08,676.0,Primary residence,64.92,Good
5032821,115000.0,4217.0,1743.08,676.0,Primary residence,62.19,Good
5032834,525000.0,10063.0,2430.5,676.0,Primary residence,28.56,Good
5033198,99000.0,3218.0,2835.23,676.0,Primary residence,73.37,Good
5033277,146000.0,4745.0,1851.46,676.0,Primary residence,54.22,Good
5033337,108000.0,1890.0,680.66,676.0,Primary residence,28.56,Good
5033398,75000.0,2500.0,1829.66,676.0,Primary residence,69.27,Good
5033433,534000.0,20025.0,2852.69,676.0,Investment property,51.41,Good
5033472,67000.0,2457.0,753.52,676.0,Primary residence,57.5,Good
5033715,97000.0,3234.0,2037.09,676.0,Primary residence,65.21,Good
5033753,66000.0,1760.0,622.0699999999999,676.0,Primary residence,43.31,Good
5033769,62000.0,2170.0,771.5,676.0,Primary residence,56.93,Good
5033837,157000.0,6150.0,2871.5200000000004,676.0,Primary residence,68.95,Good
5033866,109000.0,4088.0,1696.78,676.0,Primary residence,63.69,Good
5033929,121000.0,4538.0,1903.68,676.0,Primary residence,63.88,Good
5034134,157000.0,6411.0,1591.12,676.0,Investment property,61.16,Good
5034138,164000.0,4784.0,1168.27,676.0,Primary residence,43.55,Good
5034250,109000.0,2180.0,933.17,676.0,Primary residence,34.27,Good
5034307,90000.0,2850.0,1510.25,676.0,Primary residence,58.14,Good
5034337,155000.0,3230.0,807.11,676.0,Primary residence,31.26,Good
5034438,61000.0,1780.0,575.51,676.0,Primary residence,46.34,Good
5034451,210000.0,8400.0,1445.95,676.0,Primary residence,56.26,Good
5034465,123000.0,2870.0,1303.16,676.0,Primary residence,40.71,Good
5034466,38000.0,1140.0,575.51,676.0,Primary residence,54.17,Good
5034519,239000.0,7170.0,2378.7400000000002,676.0,Primary residence,47.94,Good
5034535,59000.0,2360.0,978.29,676.0,Primary residence,67.9,Good
5034662,43000.0,1362.0,942.97,676.0,Primary residence,64.32,Good
5034855,199000.0,2820.0,1601.96,676.0,Primary residence,26.67,Good
5034877,33000.0,1183.0,541.05,676.0,Primary residence,62.69,Good
5034925,295000.0,6884.0,1515.98,676.0,Primary residence,34.17,Good
5035005,41000.0,1367.0,1107.52,676.0,Primary residence,72.42,Good
5035009,53000.0,1590.0,970.3199999999999,676.0,Primary residence,57.97,Good
5035160,130000.0,3684.0,819.65,676.0,Primary residence,41.57,Good
5035169,134000.0,1229.0,802.96,676.0,Primary residence,18.2,Good
5035260,86000.0,2795.0,846.34,676.0,Primary residence,50.81,Good
5035294,48000.0,1640.0,848.5,677.0,Primary residence,62.21,Good
5035465,103000.0,3520.0,1096.84,677.0,Primary residence,53.79,Good
5035466,58000.0,1015.0,455.74,677.0,Primary residence,30.43,Good
5035473,316000.0,2897.0,2894.51,677.0,Primary residence,21.99,Good
5035479,138000.0,4140.0,1160.83,677.0,Primary residence,46.09,Good
5035668,170000.0,5667.0,4054.4300000000003,677.0,Primary residence,68.62,Good
5035729,153000.0,3188.0,1994.27,677.0,Primary residence,40.65,Good
5035739,205000.0,3930.0,2307.92,677.0,Primary residence,36.51,Good
5035742,113000.0,2637.0,1079.37,677.0,Primary residence,39.47,Good
5035765,42000.0,945.0,549.87,677.0,Primary residence,42.71,Good
5035838,134000.0,3350.0,2086.4500000000003,677.0,Primary residence,48.68,Good
5035945,200000.0,3667.0,2415.11,677.0,Primary residence,36.49,Good
5036044,159000.0,4638.0,1976.81,677.0,Primary residence,49.92,Good
5036085,95000.0,2850.0,1455.71,677.0,Primary residence,54.39,Good
5036137,98000.0,2532.0,1407.07,677.0,Primary residence,48.23,Good
5036201,55000.0,1375.0,649.23,677.0,Primary residence,44.17,Good
5036325,152000.0,5447.0,1400.05,677.0,Primary residence,54.06,Good
5036386,78000.0,3185.0,987.05,677.0,Primary residence,64.19,Good
5036405,93000.0,1783.0,1192.29,677.0,Primary residence,38.39,Good
5036512,90000.0,1800.0,580.36,677.0,Primary residence,31.74,Good
5036540,111000.0,3885.0,773.4,677.0,Investment property,50.36,Good
5036624,124000.0,2997.0,1559.1,677.0,Primary residence,44.09,Good
5036692,162000.0,4320.0,1352.22,677.0,Primary residence,42.02,Good
5036789,148000.0,5304.0,2335.9,677.0,Investment property,61.95,Good
5036885,95000.0,1980.0,605.17,677.0,Primary residence,32.65,Good
5036935,115000.0,1438.0,509.14,677.0,Primary residence,20.32,Good
5036941,197000.0,8045.0,945.05,677.0,Investment property,54.76,Good
5036951,153000.0,2805.0,1212.36,677.0,Investment property,31.51,Good
5036958,69000.0,2473.0,718.17,677.0,Primary residence,55.5,Good
5037026,70000.0,2800.0,777.04,677.0,Primary residence,61.32,Good
5037067,178000.0,5637.0,3967.17,677.0,Primary residence,64.75,Good
5037077,78000.0,2015.0,715.6,677.0,Primary residence,42.01,Good
5037083,75000.0,2063.0,1410.61,677.0,Primary residence,55.58,Good
5037088,56000.0,1914.0,769.92,677.0,Primary residence,57.51,Good
5037091,51000.0,2040.0,933.17,677.0,Investment property,69.96,Good
5037149,107000.0,1338.0,945.05,677.0,Primary residence,25.6,Good
5037176,129000.0,3010.0,1701.08,677.0,Primary residence,43.82,Good
5037299,64000.0,1707.0,1281.06,677.0,Primary residence,56.03,Good
5037450,60000.0,2450.0,765.22,677.0,Primary residence,64.3,Good
5037486,86000.0,1577.0,1593.52,677.0,Primary residence,44.24,Good
5037519,41000.0,1367.0,759.52,678.0,Primary residence,62.24,Good
5037525,91000.0,3716.0,1347.97,678.0,Primary residence,66.78,Good
5037603,102000.0,3910.0,1929.65,678.0,Primary residence,68.7,Good
5037604,126000.0,3255.0,861.04,678.0,Primary residence,39.2,Good
5037629,35000.0,788.0,506.99,678.0,Primary residence,44.4,Good
5024123,110000.0,3484.0,2520.0400000000004,678.0,Primary residence,65.5,Good
5024330,107000.0,3300.0,901.75,678.0,Primary residence,47.12,Good
5024341,36000.0,960.0,710.93,678.0,Primary residence,55.7,Good
5024406,150000.0,2375.0,1405.22,678.0,Primary residence,30.24,Good
5024621,324000.0,4320.0,1938.15,678.0,Primary residence,23.18,Good
5024852,78000.0,2340.0,713.95,678.0,Second residence,46.98,Good
5024856,133000.0,2882.0,1743.08,678.0,Primary residence,41.73,Good
5024880,144000.0,4080.0,2871.5200000000004,678.0,Primary residence,57.93,Good
5025041,211000.0,1935.0,1364.49,678.0,Primary residence,18.76,Good
5025090,126000.0,3255.0,2190.4300000000003,678.0,Primary residence,51.86,Good
5025227,82000.0,3144.0,2214.8500000000004,678.0,Primary residence,78.42,Good
5025332,200000.0,7334.0,3465.1600000000003,678.0,Primary residence,64.79,Good
5025404,72000.0,2340.0,1281.06,678.0,Primary residence,60.35,Good
5025440,101000.0,1768.0,1405.0,678.0,Primary residence,37.7,Good
5025501,11000.0,413.0,261.4,678.0,Primary residence,73.57,Good
5025504,130000.0,1084.0,957.18,678.0,Primary residence,18.84,Good
5025658,52000.0,1604.0,848.5,678.0,Primary residence,56.6,Good
5025722,187000.0,7480.0,1533.07,678.0,Primary residence,57.84,Good
5026074,86000.0,3154.0,1869.09,678.0,Primary residence,70.09,Good
5026156,46000.0,1610.0,683.33,678.0,Primary residence,59.83,Good
5026363,240000.0,5600.0,1316.07,678.0,Second residence,34.58,Good
5026436,46000.0,1419.0,875.89,678.0,Primary residence,59.87,Good
5026476,54000.0,1710.0,932.09,678.0,Primary residence,58.71,Good
5026534,123000.0,3383.0,1649.6,678.0,Primary residence,49.1,Good
5026654,96000.0,2000.0,568.35,678.0,Primary residence,32.1,Good
5026927,120000.0,4800.0,1055.45,678.0,Primary residence,58.55,Good
5027055,151000.0,4153.0,2687.7000000000003,678.0,Primary residence,54.36,Good
5027150,16000.0,640.0,357.02,678.0,Primary residence,74.78,Good
5027246,73000.0,1460.0,892.53,678.0,Primary residence,38.67,Good
5027402,126000.0,2730.0,1405.8,678.0,Primary residence,39.39,Good
5027579,43000.0,1577.0,1239.06,678.0,Primary residence,78.59,Good
5027848,319000.0,10900.0,2841.7400000000002,679.0,Investment property,51.69,Good
5027918,324000.0,3780.0,2157.69,679.0,Primary residence,21.99,Good
5027995,43000.0,1075.0,434.59999999999997,679.0,Primary residence,42.13,Good
5028104,120000.0,4200.0,2471.6400000000003,679.0,Primary residence,66.72,Good
5028112,51000.0,1488.0,672.06,679.0,Primary residence,50.82,Good
5028636,135000.0,2700.0,1239.06,679.0,Primary residence,35.01,Good
5028736,68000.0,2607.0,1385.25,679.0,Primary residence,70.45,Good
5028862,34000.0,1559.0,950.3199999999999,679.0,Primary residence,88.56,Good
5028926,154000.0,3594.0,1320.29,679.0,Investment property,38.29,Good
5028994,84000.0,770.0,549.87,679.0,Primary residence,18.86,Good
5029098,105000.0,2625.0,1591.12,679.0,Primary residence,48.18,Good
5029318,127000.0,1905.0,976.5699999999999,679.0,Investment property,27.23,Good
5029506,400000.0,12667.0,3681.1600000000003,679.0,Primary residence,49.04,Good
5029510,83000.0,2975.0,2138.3700000000003,679.0,Primary residence,73.93,Good
5029522,125000.0,2396.0,1608.87,679.0,Primary residence,38.45,Good
5029526,104000.0,3034.0,1120.1,679.0,Primary residence,47.93,Good
5029864,37000.0,1265.0,916.45,679.0,Primary residence,70.75,Good
5030151,93000.0,2403.0,1754.86,679.0,Primary residence,53.65,Good
5030324,75000.0,2500.0,1759.08,679.0,Primary residence,68.15,Good
5030388,162000.0,4050.0,2260.5600000000004,679.0,Primary residence,46.74,Good
5030508,118000.0,3934.0,2125.05,679.0,Primary residence,61.62,Good
5030553,92000.0,2990.0,997.91,679.0,Primary residence,52.02,Good
5030561,31000.0,1085.0,682.9399999999999,679.0,Primary residence,68.44,Good
5030749,114000.0,3230.0,2460.71,679.0,Primary residence,59.9,Good
5030761,49000.0,1348.0,551.08,679.0,Primary residence,46.51,Good
5031030,65000.0,1842.0,693.04,679.0,Primary residence,46.8,Good
5031306,35000.0,1371.0,931.28,679.0,Primary residence,78.94,Good
5031524,191000.0,6367.0,2967.65,679.0,Primary residence,58.65,Good
5031535,179000.0,5370.0,1004.0699999999999,679.0,Primary residence,42.73,Good
5031550,97000.0,2587.0,1478.6299999999999,679.0,Primary residence,50.3,Good
5031804,102000.0,2890.0,903.04,679.0,Primary residence,44.62,Good
5031876,45000.0,1125.0,848.5,679.0,Primary residence,52.63,Good
5032208,89000.0,3560.0,1519.98,679.0,Primary residence,68.49,Good
5032257,184000.0,6440.0,2492.7700000000004,679.0,Primary residence,58.26,Good
5032277,754000.0,13824.0,3019.8700000000003,679.0,Investment property,26.81,Good
5032367,64000.0,1440.0,386.95,679.0,Primary residence,34.26,Good
5032657,57000.0,2090.0,1022.52,679.0,Primary residence,65.53,Good
5032715,76000.0,2977.0,1757.83,679.0,Primary residence,74.76,Good
5032802,115000.0,1534.0,882.59,679.0,Primary residence,25.22,Good
5033072,123000.0,4613.0,1617.08,679.0,Primary residence,60.78,Good
5033101,119000.0,2083.0,1364.08,680.0,Primary residence,34.76,Good
5033160,267000.0,9568.0,1845.86,680.0,Investment property,51.3,Good
5033918,31000.0,853.0,525.03,680.0,Primary residence,53.34,Good
5034199,162000.0,4185.0,2255.76,680.0,Primary residence,47.71,Good
5034442,16000.0,480.0,325.53,680.0,Primary residence,60.41,Good
5034784,69000.0,2530.0,759.56,680.0,Primary residence,57.21,Good
5034878,87000.0,1668.0,448.63,680.0,Primary residence,29.19,Good
5035246,28000.0,934.0,335.81,680.0,Primary residence,54.42,Good
5035286,117000.0,2925.0,1217.09,680.0,Primary residence,42.48,Good
5035298,96000.0,2480.0,819.04,680.0,Primary residence,41.24,Good
5035309,302000.0,12332.0,1106.78,680.0,Primary residence,53.4,Good
5035346,73000.0,2008.0,1475.2,680.0,Primary residence,57.26,Good
5035419,95000.0,3167.0,1464.71,680.0,Second residence,58.51,Good
5035429,325000.0,3792.0,1903.68,680.0,Primary residence,21.03,Good
5035497,93000.0,3023.0,1758.12,680.0,Primary residence,61.69,Good
5035649,66000.0,2695.0,693.04,680.0,Primary residence,61.6,Good
5035863,88000.0,3007.0,1787.72,680.0,Primary residence,65.38,Good
5035893,20000.0,617.0,380.58,680.0,Primary residence,59.85,Good
5035936,49000.0,1756.0,956.45,680.0,Primary residence,66.43,Good
5036031,140000.0,4434.0,1934.72,680.0,Primary residence,54.59,Good
5036063,155000.0,5684.0,3414.69,680.0,Primary residence,70.44,Good
5036218,230000.0,5175.0,1386.57,680.0,Second residence,34.23,Good
5036225,234000.0,5655.0,1953.09,680.0,Primary residence,39.02,Good
5036494,153000.0,5738.0,3966.1200000000003,680.0,Primary residence,76.11,Good
5036609,41000.0,1299.0,1059.28,680.0,Primary residence,69.02,Good
5036618,126000.0,5145.0,2090.2000000000003,680.0,Primary residence,68.91,Good
5036847,111000.0,925.0,947.85,680.0,Primary residence,20.25,Good
5036979,161000.0,3220.0,1649.6,680.0,Primary residence,36.3,Good
5037013,79000.0,2700.0,1454.01,680.0,Primary residence,63.1,Good
5037100,75000.0,2750.0,1019.98,680.0,Primary residence,60.32,Good
5037150,76000.0,2787.0,976.5699999999999,680.0,Primary residence,59.42,Good
5037558,167000.0,1670.0,956.86,680.0,Primary residence,18.88,Good
5037614,39000.0,1560.0,920.5699999999999,680.0,Primary residence,76.33,Good
5024081,64000.0,1547.0,513.89,680.0,Primary residence,38.64,Good
5024107,54000.0,1530.0,889.89,680.0,Primary residence,53.78,Good
5024124,,,558.77,680.0,Second residence,,Good
5024129,29000.0,484.0,325.53,680.0,Primary residence,33.5,Good
5024180,115000.0,4313.0,1410.61,680.0,Primary residence,59.72,Good
5024195,84000.0,1610.0,848.5,680.0,Primary residence,35.12,Good
5024198,96000.0,3360.0,1497.16,680.0,Primary residence,60.71,Good
5024207,87000.0,1523.0,1102.1299999999999,681.0,Primary residence,36.21,Good
5024302,78000.0,1625.0,777.04,681.0,Primary residence,36.95,Good
5024320,79000.0,1844.0,571.74,681.0,Primary residence,36.69,Good
5024361,154000.0,3722.0,2079.3500000000004,681.0,Primary residence,45.21,Good
5024540,64000.0,1174.0,600.16,681.0,Primary residence,33.27,Good
5024557,48000.0,1920.0,1232.71,681.0,Primary residence,78.82,Good
5024597,70000.0,1867.0,875.89,681.0,Primary residence,47.02,Good
5024640,78000.0,780.0,506.99,681.0,Primary residence,19.8,Good
5024683,89000.0,3190.0,1106.78,681.0,Primary residence,57.93,Good
5024695,39000.0,1495.0,325.53,681.0,Primary residence,56.02,Good
5024741,64000.0,2027.0,1303.79,681.0,Primary residence,62.45,Good
5024757,128000.0,3200.0,1186.37,681.0,Primary residence,41.12,Good
5024794,87000.0,3118.0,693.04,681.0,Investment property,52.57,Good
5024837,170000.0,5242.0,2993.7200000000003,681.0,Primary residence,58.13,Good
5024950,53000.0,928.0,861.04,681.0,Primary residence,40.51,Good
5025001,77000.0,2439.0,1108.9,681.0,Primary residence,55.29,Good
5025064,365000.0,6084.0,3242.0200000000004,681.0,Primary residence,30.66,Good
5025065,33000.0,1348.0,414.53999999999996,681.0,Primary residence,64.09,Good
5025077,88000.0,2274.0,1380.3,681.0,Primary residence,49.83,Good
5025233,56000.0,1960.0,1449.69,681.0,Primary residence,73.06,Good
5025289,295000.0,10080.0,3166.3500000000004,681.0,Second residence,53.88,Good
5025300,105000.0,3150.0,1552.1299999999999,681.0,Primary residence,53.74,Good
5025339,92000.0,2760.0,1510.74,681.0,Primary residence,55.71,Good
5025397,111000.0,2128.0,1164.46,681.0,Primary residence,35.59,Good
5025426,89000.0,2225.0,1088.37,681.0,Primary residence,44.67,Good
5025444,55000.0,2200.0,462.9,681.0,Primary residence,58.1,Good
5025468,69000.0,1840.0,1078.87,681.0,Primary residence,50.76,Good
5025481,195000.0,7150.0,2975.0600000000004,681.0,Primary residence,62.31,Good
5025553,265000.0,4417.0,2255.82,681.0,Primary residence,30.22,Good
5025568,168000.0,6020.0,1186.51,681.0,Primary residence,51.48,Good
5025576,62000.0,1550.0,483.03,681.0,Primary residence,39.35,Good
5025585,26000.0,932.0,559.68,681.0,Primary residence,68.85,Good
5025607,130000.0,4659.0,2190.4300000000003,681.0,Primary residence,63.23,Good
5025642,69000.0,2128.0,738.77,681.0,Primary residence,49.86,Good
5025666,21000.0,770.0,434.59999999999997,681.0,Primary residence,68.83,Good
5025709,54000.0,1935.0,1527.41,681.0,Primary residence,76.94,Good
5025712,106000.0,3180.0,945.05,681.0,Primary residence,46.7,Good
5025719,131000.0,3275.0,2059.15,681.0,Primary residence,48.86,Good
5025762,63000.0,2573.0,1273.52,681.0,Primary residence,73.27,Good
5025897,127000.0,4340.0,2105.05,681.0,Primary residence,60.9,Good
5025901,131000.0,2948.0,1242.12,682.0,Primary residence,38.38,Good
5025921,76000.0,2344.0,1385.25,682.0,Primary residence,58.88,Good
5025930,263000.0,2192.0,1853.26,682.0,Primary residence,18.46,Good
5025971,36000.0,1290.0,462.9,682.0,Primary residence,58.43,Good
5026036,133000.0,2439.0,1976.81,682.0,Primary residence,39.84,Good
5026161,66000.0,2695.0,1036.02,682.0,Primary residence,67.84,Good
5026230,69000.0,1208.0,674.09,682.0,Primary residence,32.73,Good
5026251,78000.0,2015.0,783.55,682.0,Primary residence,43.05,Good
5026302,199000.0,3483.0,903.76,682.0,Primary residence,26.45,Good
5026321,50000.0,1917.0,1113.05,682.0,Primary residence,72.72,Good
5026357,34000.0,709.0,393.21,682.0,Primary residence,38.9,Good
5026373,72000.0,2940.0,2463.53,682.0,Primary residence,90.06,Good
5026404,41000.0,1538.0,1168.27,682.0,Primary residence,79.21,Good
5026422,195000.0,3900.0,1584.22,682.0,Primary residence,33.75,Good
5026556,78000.0,2860.0,2321.2000000000003,682.0,Primary residence,79.71,Good
5026575,118000.0,2164.0,735.04,682.0,Primary residence,29.48,Good
5026577,114000.0,3705.0,1876.17,682.0,Primary residence,58.75,Good
5026608,90000.0,2025.0,759.56,682.0,Primary residence,37.13,Good
5026635,48000.0,1960.0,1367.2,682.0,Primary residence,83.18,Good
5026701,108000.0,3780.0,525.09,682.0,Primary residence,47.83,Good
5026722,147000.0,6003.0,2993.7200000000003,682.0,Primary residence,73.44,Good
5026785,97000.0,2183.0,1489.98,682.0,Primary residence,45.44,Good
5026890,100000.0,3917.0,2289.11,682.0,Primary residence,74.47,Good
5027007,46000.0,1687.0,819.04,682.0,Primary residence,65.37,Good
5027060,56000.0,1914.0,1365.61,682.0,Primary residence,70.28,Good
5027160,35000.0,1167.0,831.76,682.0,Primary residence,68.53,Good
5027360,264000.0,10560.0,2433.5400000000004,682.0,Primary residence,59.06,Good
5027366,76000.0,2280.0,1071.05,682.0,Primary residence,52.91,Good
5027568,48000.0,1320.0,631.33,682.0,Primary residence,48.78,Good
5027626,109000.0,2362.0,817.33,682.0,Primary residence,35.0,Good
5027661,171000.0,4560.0,1992.08,682.0,Primary residence,45.98,Good
5027696,136000.0,3627.0,2755.36,682.0,Primary residence,56.31,Good
5027714,121000.0,2420.0,1699.1,682.0,Primary residence,40.85,Good
5027724,107000.0,3478.0,1407.07,682.0,Investment property,54.79,Good
5027787,320000.0,6667.0,2689.76,682.0,Primary residence,35.09,Good
5027837,59000.0,1475.0,918.62,682.0,Primary residence,48.68,Good
5027888,180000.0,3750.0,1344.62,682.0,Primary residence,33.96,Good
5027915,130000.0,4117.0,1323.76,682.0,Primary residence,50.22,Good
5027931,249000.0,3943.0,1299.42,682.0,Primary residence,25.26,Good
5027948,154000.0,2824.0,1364.08,682.0,Primary residence,32.63,Good
5027990,135000.0,1238.0,987.78,683.0,Primary residence,19.78,Good
5028155,56000.0,1774.0,682.9399999999999,683.0,Primary residence,52.65,Good
5028299,172000.0,5160.0,1356.95,683.0,Primary residence,45.47,Good
5028344,213000.0,2308.0,1869.09,683.0,Primary residence,23.53,Good
5028382,124000.0,3100.0,1031.3799999999999,683.0,Primary residence,39.98,Good
5028446,75000.0,2938.0,1080.1,683.0,Primary residence,64.29,Good
5028608,140000.0,4084.0,1078.87,683.0,Primary residence,44.25,Good
5028747,91000.0,2275.0,506.99,683.0,Primary residence,36.69,Good
5028754,47000.0,1920.0,1242.29,683.0,Primary residence,80.74,Good
5028810,87000.0,2393.0,1031.3799999999999,683.0,Primary residence,47.23,Good
5028867,48000.0,1200.0,595.16,683.0,Primary residence,44.88,Good
5028915,68000.0,2494.0,889.77,683.0,Primary residence,59.71,Good
5028962,117000.0,2438.0,1193.59,683.0,Primary residence,37.25,Good
5029020,254000.0,2329.0,1893.99,683.0,Primary residence,19.95,Good
5029100,56000.0,1587.0,653.97,683.0,Primary residence,48.02,Good
5029107,72000.0,2940.0,1055.45,683.0,Primary residence,66.59,Good
5029117,36000.0,900.0,683.33,683.0,Primary residence,52.78,Good
5029122,92000.0,2760.0,1417.34,683.0,Primary residence,54.49,Good
5029263,221000.0,4420.0,2669.67,683.0,Primary residence,38.5,Good
5029283,96000.0,3040.0,1154.33,683.0,Primary residence,52.43,Good
5029333,265000.0,5963.0,1912.0,683.0,Second residence,35.66,Good
5029372,97000.0,1617.0,956.45,683.0,Primary residence,31.84,Good
5029394,255000.0,8713.0,1591.12,683.0,Primary residence,48.49,Good
5029434,155000.0,6200.0,2841.7400000000002,683.0,Primary residence,70.0,Good
5029541,112000.0,3640.0,1320.29,683.0,Primary residence,53.15,Good
5029551,73000.0,1217.0,1197.06,683.0,Primary residence,39.68,Good
5029619,180000.0,4650.0,2742.1400000000003,683.0,Investment property,49.28,Good
5029829,75000.0,1500.0,856.72,683.0,Primary residence,37.71,Good
5029835,45000.0,1538.0,1182.91,683.0,Primary residence,72.56,Good
5029940,49000.0,1715.0,651.03,683.0,Primary residence,57.94,Good
5029969,65000.0,1680.0,1236.99,683.0,Primary residence,53.85,Good
5029974,190000.0,3167.0,1577.37,683.0,Primary residence,29.96,Good
5029989,79000.0,2370.0,1029.05,683.0,Primary residence,51.63,Good
5030080,107000.0,2675.0,1800.47,683.0,Primary residence,50.19,Good
5030095,68000.0,2777.0,525.03,683.0,Primary residence,58.27,Good
5030099,94000.0,2429.0,1107.52,683.0,Primary residence,45.15,Good
5030132,62000.0,775.0,651.03,683.0,Primary residence,27.6,Good
5030146,68000.0,3174.0,1510.74,683.0,Primary residence,82.67,Good
5030333,38000.0,1330.0,374.73,683.0,Primary residence,53.83,Good
5030401,144000.0,4560.0,1325.28,683.0,Primary residence,49.04,Good
5030449,87000.0,2393.0,2088.7700000000004,683.0,Primary residence,61.82,Good
5030451,48000.0,1480.0,794.26,683.0,Primary residence,56.86,Good
5030499,94000.0,3055.0,1345.18,683.0,Primary residence,56.17,Good
5030591,108000.0,3510.0,2627.1400000000003,683.0,Primary residence,68.19,Good
5030634,42000.0,1190.0,477.42,683.0,Primary residence,47.64,Good
5030701,172000.0,7024.0,3372.5600000000004,683.0,Primary residence,72.53,Good
5030776,27000.0,675.0,351.82,684.0,Primary residence,45.64,Good
5030953,76000.0,697.0,672.06,684.0,Primary residence,21.62,Good
5031133,46000.0,1419.0,981.76,684.0,Primary residence,62.63,Good
5031172,75000.0,1063.0,558.77,684.0,Primary residence,25.95,Good
5031275,141000.0,4230.0,1602.24,684.0,Primary residence,49.64,Good
5031358,750000.0,11875.0,3075.1800000000003,684.0,Primary residence,23.92,Good
5031502,72000.0,2940.0,1679.03,684.0,Investment property,76.98,Good
5031624,29000.0,1281.0,747.71,684.0,Primary residence,83.95,Good
5031661,83000.0,1384.0,507.81,684.0,Primary residence,27.35,Good
5031691,166000.0,5672.0,3006.1000000000004,684.0,Primary residence,62.73,Good
5031698,107000.0,4191.0,765.72,684.0,Investment property,55.59,Good
5031818,88000.0,1394.0,964.84,684.0,Primary residence,32.17,Good
5031947,157000.0,6150.0,931.28,684.0,Primary residence,54.12,Good
5031951,100000.0,3500.0,1062.06,684.0,Primary residence,54.74,Good
5031966,128000.0,4694.0,1463.8,684.0,Primary residence,57.73,Good
5031993,281000.0,6323.0,3531.8,684.0,Primary residence,42.08,Good
5032060,65000.0,2167.0,1113.05,684.0,Primary residence,60.55,Good
5032062,118000.0,1967.0,1340.42,684.0,Primary residence,33.63,Good
5032097,117000.0,1365.0,710.93,684.0,Primary residence,21.29,Good
5032125,74000.0,2775.0,1758.12,684.0,Primary residence,73.51,Good
5032140,60000.0,2050.0,368.93,684.0,Primary residence,48.38,Good
5032182,343000.0,4860.0,3787.46,684.0,Primary residence,30.25,Good
5032240,104000.0,4247.0,1464.71,684.0,Primary residence,65.9,Good
5032267,53000.0,1944.0,1228.58,684.0,Primary residence,71.83,Good
5032293,95000.0,2059.0,949.79,684.0,Primary residence,38.01,Good
5032299,70000.0,1050.0,507.81,684.0,Primary residence,26.71,Good
5032345,54000.0,1215.0,672.75,684.0,Primary residence,41.95,Good
5032377,79000.0,2436.0,1364.08,684.0,Primary residence,57.72,Good
5032445,86000.0,3297.0,1584.22,684.0,Primary residence,68.11,Good
5032481,145000.0,4471.0,1841.86,684.0,Primary residence,52.24,Good
5032518,109000.0,3725.0,941.8199999999999,684.0,Primary residence,51.38,Good
5032663,150000.0,6000.0,683.33,684.0,Primary residence,53.47,Good
5032682,123000.0,4100.0,1757.83,684.0,Primary residence,57.15,Good
5032809,75000.0,2563.0,929.33,684.0,Primary residence,55.88,Good
5032944,124000.0,4340.0,2005.9,684.0,Primary residence,61.41,Good
5032949,92000.0,1994.0,1572.33,684.0,Primary residence,46.52,Good
5032958,66000.0,1870.0,945.05,684.0,Primary residence,51.18,Good
5033003,47000.0,1802.0,1071.05,684.0,Primary residence,73.35,Good
5033029,210000.0,5775.0,2541.3,684.0,Primary residence,47.52,Good
5033112,178000.0,3857.0,1976.81,684.0,Primary residence,39.33,Good
5033119,128000.0,1067.0,683.33,684.0,Primary residence,16.41,Good
5033141,75000.0,1375.0,1226.94,684.0,Primary residence,41.63,Good
5033195,56000.0,2007.0,1193.59,685.0,Primary residence,68.58,Good
5033251,256000.0,3414.0,1813.95,685.0,Primary residence,24.51,Good
5033264,60000.0,650.0,622.0699999999999,685.0,Primary residence,25.44,Good
5033452,62000.0,827.0,414.53999999999996,685.0,Primary residence,24.03,Good
5033493,73000.0,1886.0,933.17,685.0,Primary residence,46.34,Good
5033563,113000.0,1413.0,946.63,685.0,Primary residence,25.06,Good
5033635,43000.0,1147.0,802.96,685.0,Primary residence,54.42,Good
5033672,30000.0,1100.0,651.03,685.0,Primary residence,70.04,Good
5033850,90000.0,3450.0,1740.37,685.0,Primary residence,69.2,Good
5033855,133000.0,3325.0,1445.95,685.0,Primary residence,43.05,Good
5033948,48000.0,1840.0,682.9399999999999,685.0,Primary residence,63.07,Good
5034055,157000.0,4580.0,2000.62,685.0,Primary residence,50.3,Good
5034060,93000.0,3720.0,1407.07,685.0,Primary residence,66.16,Good
5034135,28000.0,980.0,682.9399999999999,685.0,Primary residence,71.27,Good
5034149,123000.0,3178.0,1812.11,685.0,Primary residence,48.68,Good
5034217,134000.0,3462.0,651.03,685.0,Second residence,36.83,Good
5034233,77000.0,2760.0,918.62,685.0,Primary residence,57.33,Good
5034270,187000.0,4675.0,3244.0200000000004,685.0,Primary residence,50.82,Good
5034289,106000.0,3004.0,875.72,685.0,Primary residence,43.92,Good
5034295,129000.0,3333.0,1952.18,685.0,Primary residence,49.16,Good
5034391,118000.0,4720.0,1113.05,685.0,Primary residence,59.32,Good
5034463,77000.0,1797.0,947.85,685.0,Primary residence,42.78,Good
5034474,142000.0,5444.0,683.33,685.0,Primary residence,51.78,Good
5034513,47000.0,1802.0,590.6,685.0,Primary residence,61.09,Good
5034516,394000.0,4269.0,3498.82,685.0,Primary residence,23.66,Good
5034545,84000.0,2100.0,1236.99,685.0,Primary residence,47.67,Good
5034697,109000.0,3725.0,1717.69,685.0,Primary residence,59.92,Good
5034774,91000.0,2730.0,1877.25,685.0,Primary residence,60.75,Good
5034798,65000.0,1625.0,1019.98,685.0,Primary residence,48.83,Good
5034865,135000.0,3713.0,2255.76,685.0,Primary residence,53.06,Good
5034951,75000.0,3063.0,2534.9300000000003,685.0,Primary residence,89.57,Good
5034990,127000.0,4551.0,2534.9300000000003,685.0,Primary residence,66.95,Good
5034999,36000.0,1200.0,490.3,685.0,Primary residence,56.34,Good
5035006,132000.0,2750.0,1430.62,685.0,Primary residence,38.01,Good
5035095,188000.0,6424.0,1364.49,685.0,Primary residence,49.71,Good
5035122,62000.0,2119.0,689.13,685.0,Primary residence,54.35,Good
5035179,147000.0,3308.0,903.04,685.0,Primary residence,34.38,Good
5035261,168000.0,2800.0,1800.47,685.0,Primary residence,32.86,Good
5035266,163000.0,1630.0,1079.37,685.0,Primary residence,19.95,Good
5035290,141000.0,5640.0,1434.79,685.0,Primary residence,60.21,Good
5035396,75000.0,2250.0,794.26,685.0,Primary residence,48.71,Good
5035423,77000.0,1733.0,483.03,685.0,Primary residence,34.54,Good
5035454,95000.0,1505.0,590.6,685.0,Primary residence,26.47,Good
5035508,182000.0,5460.0,1391.59,685.0,Primary residence,45.18,Good
5035519,150000.0,4375.0,1759.08,685.0,Primary residence,49.07,Good
5035672,87000.0,1958.0,580.51,685.0,Primary residence,35.01,Good
5035757,79000.0,2370.0,987.05,685.0,Primary residence,50.99,Good
5035902,49000.0,1225.0,771.5,685.0,Primary residence,48.89,Good
5035908,206000.0,5494.0,2644.3500000000004,685.0,Primary residence,47.41,Good
5035954,75000.0,2938.0,1197.06,686.0,Primary residence,66.16,Good
5035998,248000.0,8060.0,1410.61,686.0,Investment property,45.83,Good
5036079,143000.0,4767.0,1627.62,686.0,Second residence,53.66,Good
5036122,119000.0,4066.0,1242.29,686.0,Primary residence,53.53,Good
5036158,19000.0,602.0,434.59999999999997,686.0,Primary residence,65.47,Good
5036233,82000.0,1435.0,1340.28,686.0,Primary residence,40.61,Good
5036250,130000.0,1192.0,1071.05,686.0,Primary residence,20.89,Good
5036296,211000.0,3869.0,2268.19,686.0,Primary residence,34.9,Good
5036305,55000.0,1605.0,455.74,686.0,Primary residence,44.96,Good
5036315,178000.0,3264.0,1262.4,686.0,Primary residence,30.52,Good
5036335,104000.0,3554.0,1994.27,686.0,Primary residence,64.02,Good
5036379,38000.0,1299.0,738.52,686.0,Primary residence,64.34,Good
5036399,61000.0,2491.0,889.89,686.0,Primary residence,66.51,Good
5036435,303000.0,7828.0,1559.51,686.0,Primary residence,37.18,Good
5036440,118000.0,2950.0,1405.8,686.0,Primary residence,44.3,Good
5036468,73000.0,1886.0,861.04,686.0,Primary residence,45.16,Good
5036554,127000.0,4022.0,3370.42,686.0,Primary residence,69.85,Good
5036655,107000.0,3389.0,2179.1000000000004,686.0,Primary residence,62.45,Good
5036673,100000.0,3750.0,1613.8,686.0,Primary residence,64.37,Good
5036679,122000.0,3660.0,1631.28,686.0,Primary residence,52.05,Good
5036691,90000.0,3600.0,2499.11,686.0,Primary residence,81.32,Good
5036862,65000.0,1734.0,653.97,686.0,Primary residence,44.09,Good
5036949,371000.0,9894.0,2065.07,686.0,Investment property,38.68,Good
5036975,69000.0,1438.0,834.99,686.0,Primary residence,39.53,Good
5037038,60000.0,1850.0,1572.87,686.0,Primary residence,68.46,Good
5037155,131000.0,4585.0,1675.78,686.0,Primary residence,57.35,Good
5037189,161000.0,2818.0,1364.08,686.0,Primary residence,31.17,Good
5037208,82000.0,2460.0,848.5,686.0,Primary residence,48.42,Good
5037218,74000.0,2590.0,1388.0,686.0,Primary residence,64.51,Good
5037239,152000.0,4814.0,1052.19,686.0,Primary residence,46.31,Good
5037306,75000.0,2688.0,727.42,686.0,Primary residence,54.65,Good
5037391,88000.0,1760.0,507.81,686.0,Primary residence,30.92,Good
5037398,60000.0,2050.0,841.16,686.0,Primary residence,57.82,Good
5037490,131000.0,2402.0,595.16,686.0,Primary residence,27.45,Good
5037551,108000.0,2340.0,1168.27,686.0,Primary residence,38.98,Good
5037571,27000.0,945.0,310.43,686.0,Primary residence,55.8,Good
5037634,86000.0,2724.0,1497.41,686.0,Primary residence,58.9,Good
5024196,51000.0,1955.0,987.05,686.0,Primary residence,69.22,Good
5024253,75000.0,1750.0,1323.06,686.0,Primary residence,49.17,Good
5024303,73000.0,2738.0,914.05,686.0,Primary residence,60.03,Good
5024468,46000.0,1419.0,1089.53,686.0,Primary residence,65.44,Good
5024531,478000.0,13145.0,2045.23,686.0,Primary residence,38.13,Good
5024758,37000.0,1049.0,578.45,686.0,Primary residence,52.78,Good
5024766,78000.0,2860.0,1552.1299999999999,687.0,Primary residence,67.88,Good
5024808,170000.0,4109.0,1405.8,687.0,Primary residence,38.93,Good
5024898,109000.0,2998.0,1394.98,687.0,Primary residence,48.36,Good
5025307,196000.0,4410.0,2157.69,687.0,Primary residence,40.21,Good
5025381,95000.0,2375.0,1256.32,687.0,Primary residence,45.87,Good
5025412,100000.0,3667.0,875.97,687.0,Primary residence,54.52,Good
5025518,203000.0,4906.0,3213.55,687.0,Primary residence,48.0,Good
5025527,109000.0,3270.0,1962.94,687.0,Primary residence,57.61,Good
5025537,53000.0,1900.0,769.24,687.0,Primary residence,60.44,Good
5025564,123000.0,2460.0,2163.1000000000004,687.0,Primary residence,45.1,Good
5025769,102000.0,2805.0,1175.93,687.0,Primary residence,46.83,Good
5025787,233000.0,5631.0,998.16,687.0,Investment property,34.14,Good
5025885,50000.0,1334.0,651.03,687.0,Primary residence,47.64,Good
5025890,23000.0,920.0,368.93,687.0,Primary residence,67.25,Good
5026470,126000.0,1260.0,1121.46,687.0,Primary residence,22.68,Good
5026493,48000.0,1800.0,945.05,687.0,Primary residence,68.63,Good
5026814,367000.0,3976.0,525.03,687.0,Second residence,14.72,Good
5026849,165000.0,6188.0,1076.94,687.0,Investment property,52.84,Good
5026883,190000.0,5859.0,1080.1,687.0,Investment property,43.83,Good
5027105,151000.0,1259.0,1794.24,687.0,Primary residence,24.26,Good
5027119,57000.0,2280.0,1730.42,687.0,Primary residence,84.43,Good
5027324,118000.0,2164.0,1520.96,687.0,Primary residence,37.47,Good
5027336,93000.0,2713.0,1869.09,687.0,Investment property,59.12,Good
5027407,46000.0,1534.0,718.6,687.0,Primary residence,58.76,Good
5028074,56000.0,2054.0,575.51,687.0,Primary residence,56.35,Good
5028144,48000.0,1680.0,925.41,687.0,Primary residence,65.14,Good
5028303,123000.0,4100.0,3372.5600000000004,687.0,Primary residence,72.9,Good
5028361,91000.0,2579.0,1155.06,687.0,Primary residence,49.24,Good
5028547,81000.0,2430.0,1405.22,687.0,Primary residence,56.82,Good
5028651,76000.0,2660.0,1107.52,687.0,Primary residence,59.49,Good
5028702,93000.0,3023.0,1077.81,687.0,Primary residence,52.91,Good
5028716,115000.0,2971.0,1303.16,687.0,Primary residence,44.6,Good
5028856,33000.0,1183.0,662.7,687.0,Primary residence,67.12,Good
5029025,93000.0,2713.0,1376.01,688.0,Primary residence,52.76,Good
5029173,79000.0,3226.0,1980.45,688.0,Primary residence,79.09,Good
5029231,263000.0,3507.0,2364.36,688.0,Primary residence,26.79,Good
5029285,92000.0,3680.0,1345.03,688.0,Primary residence,65.54,Good
5029308,147000.0,2695.0,1323.06,688.0,Primary residence,32.8,Good
5029362,63000.0,1103.0,418.82,688.0,Primary residence,28.99,Good
5029457,87000.0,2683.0,1523.18,688.0,Primary residence,58.02,Good
5029523,89000.0,2003.0,956.45,688.0,Primary residence,39.9,Good
5029536,87000.0,3190.0,1356.01,688.0,Primary residence,62.7,Good
5029582,1223000.0,19365.0,6129.99,688.0,Second residence,25.02,Good
5029597,123000.0,2050.0,1388.0,688.0,Primary residence,33.54,Good
5030022,82000.0,2802.0,1407.07,688.0,Primary residence,61.6,Good
5030399,212000.0,5830.0,2346.09,688.0,Primary residence,46.28,Good
5030496,121000.0,3832.0,1701.26,688.0,Primary residence,54.88,Good
5030935,140000.0,5134.0,3482.4900000000002,688.0,Primary residence,73.86,Good
5030956,73000.0,1886.0,1827.08,688.0,Primary residence,61.04,Good
5030965,116000.0,2417.0,1507.05,688.0,Primary residence,40.59,Good
5031073,44000.0,1577.0,623.96,688.0,Primary residence,60.03,Good
5031137,97000.0,1455.0,819.04,688.0,Primary residence,28.13,Good
5031202,67000.0,1675.0,688.64,688.0,Primary residence,42.33,Good
5031216,94000.0,2429.0,1209.64,688.0,Primary residence,46.45,Good
5031287,130000.0,3142.0,1009.26,688.0,Primary residence,38.32,Good
5032070,59000.0,2016.0,903.04,688.0,Primary residence,59.37,Good
5032244,142000.0,4024.0,1676.3,688.0,Primary residence,48.17,Good
5032436,64000.0,1920.0,1111.46,688.0,Primary residence,56.84,Good
5032476,98000.0,3104.0,1540.81,688.0,Primary residence,56.88,Good
5032608,268000.0,6030.0,3370.4500000000003,688.0,Primary residence,42.09,Good
5032633,88000.0,2127.0,1124.19,688.0,Primary residence,44.33,Good
5032722,128000.0,3734.0,2288.8100000000004,688.0,Investment property,56.46,Good
5033031,140000.0,1400.0,1256.45,688.0,Primary residence,22.77,Good
5033211,106000.0,3357.0,1212.36,688.0,Primary residence,51.73,Good
5033283,102000.0,1020.0,724.33,688.0,Primary residence,20.52,Good
5033442,45000.0,1613.0,751.9399999999999,688.0,Primary residence,63.07,Good
5033779,70000.0,1750.0,987.05,688.0,Primary residence,46.92,Good
5033885,49000.0,1430.0,916.45,688.0,Primary residence,57.46,Good
5033947,28000.0,840.0,585.95,688.0,Primary residence,61.11,Good
5033958,53000.0,1723.0,1473.65,688.0,Primary residence,72.38,Good
5034125,92000.0,2147.0,1031.3799999999999,688.0,Primary residence,41.46,Good
5034500,41000.0,855.0,724.33,688.0,Primary residence,46.22,Good
5034501,465000.0,11625.0,6974.2300000000005,688.0,Primary residence,48.0,Good
5034506,42000.0,1400.0,1038.77,688.0,Primary residence,69.68,Good
5034599,55000.0,1880.0,819.04,688.0,Primary residence,58.89,Good
5034923,86000.0,2724.0,859.67,689.0,Investment property,50.0,Good
5034946,216000.0,3780.0,1785.08,689.0,Primary residence,30.92,Good
5035225,174000.0,4350.0,2011.83,689.0,Primary residence,43.87,Good
5035580,30000.0,1050.0,693.04,689.0,Primary residence,69.72,Good
5035637,132000.0,1320.0,1242.29,689.0,Primary residence,23.29,Good
5035707,155000.0,2713.0,1759.08,689.0,Primary residence,34.62,Good
5035724,65000.0,2655.0,777.04,689.0,Primary residence,63.36,Good
5035964,74000.0,2405.0,943.64,689.0,Primary residence,54.3,Good
5036448,179000.0,5370.0,483.03,689.0,Primary residence,39.24,Good
5036450,130000.0,3250.0,1771.79,689.0,Primary residence,46.35,Good
5036479,95000.0,2613.0,1491.07,689.0,Primary residence,51.84,Good
5036499,162000.0,4050.0,2280.7000000000003,689.0,Primary residence,46.89,Good
5036613,127000.0,3705.0,639.25,689.0,Primary residence,41.05,Good
5036621,129000.0,1075.0,672.75,689.0,Primary residence,16.26,Good
5036648,130000.0,3250.0,2227.8,689.0,Primary residence,50.56,Good
5036688,81000.0,2700.0,1281.06,689.0,Primary residence,58.98,Good
5036695,52000.0,1690.0,1239.06,689.0,Primary residence,67.59,Good
5036765,78000.0,2990.0,1634.11,689.0,Primary residence,71.14,Good
5037004,153000.0,1785.0,1572.87,689.0,Primary residence,26.34,Good
5037180,185000.0,3700.0,1540.81,689.0,Primary residence,33.99,Good
5037243,73000.0,2981.0,1912.99,689.0,Primary residence,80.45,Good
5037370,124000.0,4547.0,1520.96,689.0,Primary residence,58.72,Good
5037371,97000.0,1698.0,425.36,689.0,Primary residence,26.27,Good
5037462,62000.0,2274.0,802.96,689.0,Primary residence,59.55,Good
5024041,103000.0,3777.0,931.28,689.0,Primary residence,54.85,Good
5024117,636000.0,19080.0,2238.59,689.0,Primary residence,40.22,Good
5024257,53000.0,1723.0,724.33,689.0,Primary residence,55.41,Good
5024265,94000.0,2272.0,1012.05,689.0,Primary residence,41.92,Good
5024267,132000.0,3520.0,2172.98,689.0,Primary residence,51.75,Good
5024345,204000.0,7140.0,1545.2,689.0,Primary residence,51.09,Good
5024420,23000.0,326.0,722.81,689.0,Investment property,54.72,Good
5024432,105000.0,3150.0,418.82,689.0,Investment property,40.79,Good
5024443,69000.0,1840.0,861.04,689.0,Primary residence,46.97,Good
5024500,390000.0,11700.0,4582.22,689.0,Primary residence,50.1,Good
5024509,162000.0,4185.0,2708.59,689.0,Primary residence,51.06,Good
5024529,28000.0,910.0,484.76,689.0,Primary residence,59.78,Good
5024550,73000.0,1400.0,847.93,689.0,Primary residence,36.95,Good
5024579,100000.0,2500.0,1634.91,689.0,Primary residence,49.62,Good
5024593,63000.0,2258.0,790.1899999999999,689.0,Primary residence,58.06,Good
5024704,100000.0,2417.0,585.95,689.0,Primary residence,36.04,Good
5024708,70000.0,1225.0,839.03,689.0,Primary residence,35.38,Good
5024727,55000.0,1742.0,427.68,689.0,Primary residence,47.34,Good
5024736,122000.0,3254.0,1078.87,689.0,Primary residence,42.62,Good
5024770,203000.0,2200.0,1348.45,689.0,Primary residence,20.98,Good
5024789,100000.0,2750.0,1443.1299999999999,690.0,Primary residence,50.32,Good
5024857,225000.0,2063.0,631.33,690.0,Primary residence,14.37,Good
5024879,61000.0,1424.0,576.81,690.0,Primary residence,39.36,Good
5024882,105000.0,3413.0,1365.06,690.0,Primary residence,54.61,Good
5024917,164000.0,5057.0,609.03,690.0,Second residence,41.46,Good
5024929,48000.0,1280.0,483.03,690.0,Primary residence,44.08,Good
5025092,116000.0,2224.0,1069.56,690.0,Primary residence,34.07,Good
5025118,70000.0,2742.0,1928.89,690.0,Primary residence,80.07,Good
5025282,132000.0,1650.0,1524.78,690.0,Primary residence,28.86,Good
5025359,98000.0,3512.0,1134.24,690.0,Primary residence,56.89,Good
5025392,92000.0,3067.0,1410.3799999999999,690.0,Investment property,58.4,Good
5025420,69000.0,2818.0,735.04,690.0,Primary residence,61.79,Good
5025429,268000.0,6700.0,2558.36,690.0,Primary residence,41.46,Good
5025455,279000.0,9300.0,5440.030000000001,690.0,Primary residence,63.4,Good
5025459,50000.0,1292.0,551.08,690.0,Primary residence,44.23,Good
5025469,55000.0,1971.0,1193.59,690.0,Primary residence,69.05,Good
5025538,170000.0,5242.0,1617.08,690.0,Primary residence,48.42,Good
5025546,77000.0,2054.0,846.37,690.0,Primary residence,45.2,Good
5025551,108000.0,4230.0,1815.87,690.0,Primary residence,67.18,Good
5025620,66000.0,1265.0,595.16,690.0,Primary residence,33.82,Good
5025651,71000.0,2781.0,1031.3799999999999,690.0,Primary residence,64.43,Good
5025791,117000.0,3023.0,1785.08,690.0,Primary residence,49.31,Good
5025799,240000.0,6000.0,2076.32,690.0,Primary residence,40.38,Good
5025871,337000.0,4213.0,2190.4300000000003,690.0,Primary residence,22.8,Good
5025925,87000.0,2248.0,1071.05,690.0,Primary residence,45.78,Good
5025951,124000.0,5064.0,2408.88,690.0,Primary residence,72.32,Good
5025957,96000.0,3520.0,973.28,690.0,Primary residence,56.17,Good
5025987,108000.0,1800.0,580.36,690.0,Primary residence,26.45,Good
5026007,115000.0,4217.0,2541.1200000000003,690.0,Primary residence,70.52,Good
5026008,65000.0,2275.0,991.93,690.0,Primary residence,60.31,Good
5026089,72000.0,2160.0,659.29,690.0,Primary residence,46.99,Good
5026099,92000.0,3144.0,672.75,690.0,Primary residence,49.78,Good
5026107,152000.0,6207.0,1281.06,690.0,Primary residence,59.12,Good
5026207,42000.0,1190.0,683.33,690.0,Primary residence,53.52,Good
5026229,52000.0,1474.0,903.04,690.0,Primary residence,54.85,Good
5026252,184000.0,3987.0,1644.5,690.0,Primary residence,36.73,Good
5026260,103000.0,2919.0,1012.05,690.0,Primary residence,45.8,Good
5026370,148000.0,3454.0,1668.51,690.0,Primary residence,41.53,Good
5026376,68000.0,680.0,565.6,691.0,Primary residence,21.98,Good
5026446,181000.0,6939.0,1934.72,691.0,Primary residence,58.83,Good
5026459,114000.0,3800.0,1298.9,691.0,Primary residence,53.67,Good
5026699,96000.0,2800.0,1348.45,691.0,Primary residence,51.86,Good
5026717,50000.0,1334.0,499.14,691.0,Primary residence,44.0,Good
5026741,72000.0,2460.0,619.54,691.0,Primary residence,51.33,Good
5026873,78000.0,1755.0,551.08,691.0,Primary residence,35.48,Good
5026898,75000.0,2500.0,906.15,691.0,Primary residence,54.5,Good
5026904,123000.0,3998.0,2555.4700000000003,691.0,Primary residence,63.94,Good
5026919,98000.0,2777.0,1445.95,691.0,Primary residence,51.71,Good
5026931,79000.0,1712.0,277.73,691.0,Primary residence,30.22,Good
5026941,117000.0,2048.0,1049.46,691.0,Primary residence,31.77,Good
5027010,42000.0,1540.0,639.25,691.0,Primary residence,62.26,Good
5027099,150000.0,6000.0,2138.1600000000003,691.0,Primary residence,65.11,Good
5027164,73000.0,2920.0,1263.1299999999999,691.0,Primary residence,68.76,Good
5027165,98000.0,3920.0,2172.98,691.0,Primary residence,74.61,Good
5027244,184000.0,5520.0,3498.82,691.0,Primary residence,58.82,Good
5027270,95000.0,3325.0,1113.05,691.0,Primary residence,56.06,Good
5027297,91000.0,2730.0,2059.15,691.0,Primary residence,63.15,Good
5027312,215000.0,5734.0,517.38,691.0,Second residence,34.89,Good
5027451,177000.0,4130.0,1209.64,691.0,Primary residence,36.2,Good
5027479,135000.0,5400.0,1934.72,691.0,Investment property,65.2,Good
5027709,41000.0,1675.0,920.62,691.0,Primary residence,75.97,Good
5027715,54000.0,1440.0,499.14,691.0,Primary residence,43.09,Good
5027774,70000.0,2859.0,1690.33,691.0,Primary residence,77.99,Good
5027793,260000.0,9100.0,807.93,691.0,Investment property,45.73,Good
5027838,41000.0,1470.0,672.75,691.0,Primary residence,62.71,Good
5027942,91000.0,910.0,856.72,691.0,Primary residence,23.3,Good
5027974,93000.0,2403.0,1083.86,691.0,Primary residence,44.99,Good
5028067,291000.0,3395.0,2036.4,691.0,Primary residence,22.4,Good
5028108,188000.0,5014.0,761.77,691.0,Primary residence,36.87,Good
5028148,31000.0,1189.0,441.02,691.0,Primary residence,63.1,Good
5028162,336000.0,8400.0,2785.82,691.0,Primary residence,39.95,Good
5028184,89000.0,3635.0,1953.09,691.0,Primary residence,75.35,Good
5028202,77000.0,2310.0,1510.74,691.0,Primary residence,59.54,Good
5028325,113000.0,3673.0,2692.3500000000004,691.0,Primary residence,67.6,Good
5028341,61000.0,712.0,542.54,691.0,Primary residence,24.68,Good
5028351,119000.0,2083.0,1382.67,691.0,Primary residence,34.95,Good
5028372,59000.0,2115.0,1242.29,691.0,Primary residence,68.28,Good
5028388,116000.0,4737.0,2194.53,691.0,Primary residence,71.71,Good
5028561,130000.0,2600.0,1659.08,691.0,Primary residence,39.31,Good
5028594,55000.0,550.0,531.45,691.0,Primary residence,23.6,Good
5028617,43000.0,1290.0,903.76,691.0,Primary residence,61.22,Good
5028648,118000.0,3147.0,1659.08,691.0,Primary residence,48.88,Good
5028704,72000.0,2940.0,1617.08,691.0,Primary residence,75.95,Good
5028766,31000.0,930.0,462.9,691.0,Primary residence,53.92,Good
5028793,118000.0,3835.0,1348.45,691.0,Primary residence,52.71,Good
5028823,59000.0,1525.0,1029.05,692.0,Primary residence,51.95,Good
5028860,91000.0,1820.0,261.4,692.0,Primary residence,27.45,Good
5028912,76000.0,2280.0,1262.4,692.0,Primary residence,55.93,Good
5029149,79000.0,2436.0,1303.79,692.0,Primary residence,56.81,Good
5029293,57000.0,1710.0,575.51,692.0,Primary residence,48.12,Good
5029317,,,633.09,692.0,Primary residence,,Good
5029326,62000.0,2429.0,1201.56,692.0,Primary residence,70.27,Good
5029411,92000.0,1917.0,1019.98,692.0,Primary residence,38.31,Good
5029453,46000.0,422.0,525.03,692.0,Primary residence,24.71,Good
5029488,61000.0,2491.0,558.77,692.0,Primary residence,60.0,Good
5029489,159000.0,6095.0,3095.71,692.0,Primary residence,69.36,Good
5029571,24000.0,980.0,648.81,692.0,Primary residence,81.44,Good
5029587,451000.0,16913.0,1256.89,692.0,Second residence,48.35,Good
5029675,70000.0,2159.0,1067.0,692.0,Primary residence,55.3,Good
5029676,86000.0,1720.0,1080.1,692.0,Primary residence,39.07,Good
5029782,87000.0,2973.0,1394.98,692.0,Primary residence,60.25,Good
5029805,58000.0,1305.0,777.04,692.0,Primary residence,43.08,Good
5029896,172000.0,2724.0,1199.05,692.0,Primary residence,27.37,Good
5029986,80000.0,2467.0,1273.12,692.0,Primary residence,56.1,Good
5030003,84000.0,2240.0,1316.07,692.0,Primary residence,50.8,Good
5030028,95000.0,2534.0,1508.67,692.0,Primary residence,51.07,Good
5030064,59000.0,2115.0,1168.97,692.0,Primary residence,66.79,Good
5030210,173000.0,4037.0,2202.28,692.0,Primary residence,43.28,Good
5030227,202000.0,6734.0,1942.03,692.0,Primary residence,51.54,Good
5030292,205000.0,5125.0,2504.11,692.0,Primary residence,44.66,Good
5030351,88000.0,3080.0,947.85,692.0,Investment property,54.93,Good
5030361,156000.0,3900.0,1591.12,692.0,Investment property,42.24,Good
5030409,80000.0,3267.0,1800.47,692.0,Primary residence,76.01,Good
5030413,185000.0,7246.0,5423.04,692.0,Primary residence,82.18,Good
5030465,136000.0,3174.0,861.04,692.0,Primary residence,35.6,Good
5030468,51000.0,1615.0,643.34,692.0,Primary residence,53.14,Good
5030538,60000.0,1450.0,856.1,692.0,Primary residence,46.12,Good
5030667,75000.0,2313.0,1626.86,692.0,Primary residence,63.04,Good
5030812,161000.0,4830.0,875.72,692.0,Primary residence,42.53,Good
5030851,75000.0,2688.0,1893.86,692.0,Primary residence,73.31,Good
5030864,43000.0,1290.0,558.77,692.0,Primary residence,51.59,Good
5030917,72000.0,2640.0,1386.57,692.0,Primary residence,67.11,Good
5030950,66000.0,1705.0,1364.08,692.0,Primary residence,55.8,Good
5030992,51000.0,1403.0,710.93,692.0,Primary residence,49.74,Good
5031096,137000.0,3654.0,828.54,692.0,Primary residence,39.26,Good
5031145,45000.0,1050.0,342.11,692.0,Primary residence,37.12,Good
5031179,107000.0,2497.0,933.17,692.0,Primary residence,38.47,Good
5031228,123000.0,4920.0,1686.55,692.0,Primary residence,64.45,Good
5031269,67000.0,2569.0,1376.01,692.0,Primary residence,70.66,Good
5031278,52000.0,1344.0,991.93,692.0,Primary residence,53.91,Good
5031395,58000.0,1740.0,1069.08,692.0,Primary residence,58.12,Good
5031424,51000.0,1275.0,659.29,693.0,Primary residence,45.51,Good
5031427,114000.0,4275.0,2608.46,693.0,Primary residence,72.46,Good
5031431,62000.0,2170.0,933.17,693.0,Primary residence,60.06,Good
5031479,37000.0,1295.0,972.67,693.0,Primary residence,73.55,Good
5031532,132000.0,3960.0,1365.06,693.0,Primary residence,48.41,Good
5031558,132000.0,3960.0,1575.07,693.0,Primary residence,50.32,Good
5031567,58000.0,1837.0,765.72,693.0,Primary residence,53.85,Good
5031568,109000.0,2090.0,1155.06,693.0,Primary residence,35.73,Good
5031583,59000.0,1918.0,1242.29,693.0,Primary residence,64.28,Good
5031629,114000.0,3135.0,1231.29,693.0,Primary residence,45.96,Good
5031662,140000.0,3500.0,1332.49,693.0,Primary residence,41.42,Good
5031716,74000.0,2590.0,1527.41,693.0,Primary residence,66.77,Good
5031786,92000.0,2837.0,1454.01,693.0,Primary residence,55.97,Good
5031870,85000.0,3046.0,1031.3799999999999,693.0,Primary residence,57.56,Good
5031907,52000.0,1864.0,1491.07,693.0,Primary residence,77.42,Good
5031922,129000.0,3548.0,1323.8,693.0,Investment property,45.32,Good
5032000,106000.0,3180.0,1812.52,693.0,Primary residence,56.52,Good
5032016,89000.0,2225.0,1174.98,693.0,Primary residence,45.84,Good
5032194,92000.0,3680.0,1659.08,693.0,Primary residence,69.64,Good
5032318,74000.0,2899.0,1138.23,693.0,Primary residence,65.47,Good
5032374,38000.0,919.0,513.89,693.0,Primary residence,45.25,Good
5032409,138000.0,4255.0,1668.51,693.0,Primary residence,51.51,Good
5032428,332000.0,8024.0,2575.34,693.0,Primary residence,38.31,Good
5032461,233000.0,6214.0,2138.1600000000003,693.0,Investment property,43.02,Good
5032621,100000.0,3500.0,896.6,693.0,Primary residence,52.76,Good
5032669,78000.0,1820.0,611.17,693.0,Primary residence,37.4,Good
5032688,146000.0,3894.0,1593.52,693.0,Primary residence,45.1,Good
5032822,67000.0,2457.0,1252.17,693.0,Primary residence,66.43,Good
5032915,221000.0,2210.0,2307.92,693.0,Primary residence,24.53,Good
5032939,65000.0,1680.0,1014.06,693.0,Primary residence,49.74,Good
5032969,96000.0,2480.0,1230.87,693.0,Primary residence,46.39,Good
5032972,121000.0,4034.0,1474.06,693.0,Primary residence,54.63,Good
5032983,43000.0,1613.0,735.04,693.0,Primary residence,65.53,Good
5032987,79000.0,2239.0,1066.75,693.0,Primary residence,50.21,Good
5033008,790000.0,11192.0,2742.1400000000003,693.0,Primary residence,21.17,Good
5033038,86000.0,1649.0,831.76,693.0,Primary residence,34.62,Good
5033049,121000.0,4840.0,2079.1000000000004,693.0,Primary residence,68.62,Good
5033135,56000.0,2240.0,1924.64,693.0,Primary residence,89.24,Good
5033175,84000.0,2100.0,1690.33,693.0,Primary residence,54.15,Good
5033217,69000.0,2185.0,1687.69,693.0,Primary residence,67.35,Good
5033298,84000.0,2870.0,1323.06,693.0,Primary residence,59.9,Good
5033304,78000.0,1690.0,931.28,694.0,Primary residence,40.33,Good
5033335,33000.0,1265.0,759.56,694.0,Primary residence,73.62,Good
5033371,104000.0,5114.0,1527.41,694.0,Primary residence,76.63,Good
5033420,104000.0,2600.0,1507.09,694.0,Primary residence,47.39,Good
5033495,54000.0,1800.0,674.09,694.0,Primary residence,54.98,Good
5033546,131000.0,4149.0,828.3199999999999,694.0,Investment property,45.59,Good
5033599,107000.0,4013.0,1256.45,694.0,Investment property,59.1,Good
5033634,197000.0,3940.0,2121.1000000000004,694.0,Primary residence,36.92,Good
5033797,60000.0,2050.0,785.5,694.0,Primary residence,56.71,Good
5033862,77000.0,1220.0,753.86,694.0,Primary residence,30.76,Good
5033923,76000.0,2914.0,712.79,694.0,Primary residence,57.27,Good
5034040,90000.0,3075.0,1166.18,694.0,Primary residence,56.55,Good
5034045,47000.0,940.0,330.65,694.0,Primary residence,32.44,Good
5034181,76000.0,2787.0,2328.59,694.0,Primary residence,80.77,Good
5034228,35000.0,1342.0,651.13,694.0,Primary residence,68.34,Good
5034254,50000.0,1875.0,639.25,694.0,Primary residence,60.34,Good
5034269,125000.0,5105.0,1730.42,694.0,Primary residence,65.62,Good
5034272,88000.0,2860.0,483.03,694.0,Primary residence,45.59,Good
5034306,121000.0,4437.0,424.25,694.0,Investment property,48.21,Good
5034435,65000.0,2384.0,807.11,694.0,Primary residence,58.91,Good
5034489,133000.0,4434.0,1340.42,694.0,Primary residence,52.1,Good
5034531,79000.0,1646.0,425.36,694.0,Primary residence,31.46,Good
5034605,59000.0,2164.0,1142.21,694.0,Primary residence,67.24,Good
5034720,75000.0,2563.0,1532.15,694.0,Primary residence,65.52,Good
5034807,91000.0,2806.0,1627.62,694.0,Primary residence,58.47,Good
5034822,131000.0,4913.0,1375.44,694.0,Primary residence,57.6,Good
5034824,56000.0,2147.0,424.25,694.0,Primary residence,55.1,Good
5034870,93000.0,3720.0,1533.07,694.0,Primary residence,67.78,Good
5034942,27000.0,990.0,427.68,694.0,Primary residence,63.01,Good
5034963,171000.0,5843.0,2452.28,694.0,Investment property,58.21,Good
5034995,159000.0,6493.0,1798.54,694.0,Primary residence,62.58,Good
5035030,107000.0,3656.0,2411.15,694.0,Primary residence,68.04,Good
5035133,294000.0,5390.0,2104.07,694.0,Primary residence,30.59,Good
5035167,57000.0,2328.0,1160.83,694.0,Primary residence,73.45,Good
5035185,64000.0,1707.0,1113.05,694.0,Primary residence,52.88,Good
5035314,136000.0,3854.0,1007.76,694.0,Investment property,42.9,Good
5035317,303000.0,10858.0,6842.91,694.0,Primary residence,70.1,Good
5035379,86000.0,3010.0,1812.52,694.0,Primary residence,67.29,Good
5035450,302000.0,4027.0,2407.44,694.0,Primary residence,25.57,Good
5035456,80000.0,2067.0,637.67,694.0,Primary residence,40.57,Good
5035555,,,1281.06,694.0,Primary residence,,Good
5035661,64000.0,2027.0,710.93,694.0,Primary residence,51.34,Good
5035682,112000.0,3920.0,976.5699999999999,694.0,Primary residence,52.46,Good
5035708,97000.0,2830.0,1176.3,694.0,Primary residence,49.56,Good
5035730,83000.0,2905.0,1437.7,694.0,Primary residence,62.79,Good
5035740,132000.0,2200.0,1204.68,695.0,Primary residence,30.95,Good
5035781,88000.0,1834.0,954.16,695.0,Primary residence,38.02,Good
5035817,60000.0,1500.0,889.77,695.0,Primary residence,47.8,Good
5035848,125000.0,3438.0,2028.48,695.0,Primary residence,52.48,Good
5035881,342000.0,4275.0,1365.06,695.0,Second residence,19.79,Good
5036070,181000.0,1961.0,1882.24,695.0,Primary residence,25.48,Good
5036193,106000.0,2650.0,1575.07,695.0,Primary residence,47.83,Good
5036220,77000.0,1412.0,1168.27,695.0,Primary residence,40.21,Good
5036254,289000.0,5540.0,1960.03,695.0,Primary residence,31.14,Good
5036267,132000.0,4180.0,1565.04,695.0,Primary residence,52.23,Good
5036285,212000.0,7774.0,2024.16,695.0,Primary residence,55.46,Good
5036391,40000.0,1267.0,903.76,695.0,Primary residence,65.12,Good
5036409,260000.0,5417.0,2463.07,695.0,Primary residence,36.37,Good
5036426,39000.0,1593.0,694.0,695.0,Primary residence,70.37,Good
5036566,72000.0,1260.0,931.28,695.0,Primary residence,36.52,Good
5036583,66000.0,2640.0,1388.0,695.0,Investment property,73.24,Good
5036629,190000.0,5225.0,3524.92,695.0,Primary residence,55.26,Good
5036652,75000.0,3000.0,1154.33,695.0,Primary residence,66.47,Good
5036690,45000.0,1350.0,441.02,695.0,Primary residence,47.76,Good
5036842,50000.0,1625.0,619.54,695.0,Primary residence,53.87,Good
5036892,178000.0,4302.0,1658.83,695.0,Primary residence,40.19,Good
5036910,109000.0,2090.0,1440.93,695.0,Primary residence,38.87,Good
5036954,80000.0,1734.0,834.99,695.0,Primary residence,38.53,Good
5037056,163000.0,2853.0,1906.89,695.0,Primary residence,35.04,Good
5037233,85000.0,3400.0,1853.26,695.0,Primary residence,74.16,Good
5037334,90000.0,3675.0,931.28,695.0,Primary residence,61.42,Good
5037345,31000.0,1008.0,861.04,695.0,Primary residence,72.35,Good
5037355,43000.0,1147.0,987.05,695.0,Primary residence,59.55,Good
5037377,68000.0,2437.0,1703.29,695.0,Primary residence,73.06,Good
5037399,91000.0,2806.0,1334.09,695.0,Primary residence,54.59,Good
5037425,384000.0,9600.0,2289.11,695.0,Primary residence,37.15,Good
5037457,215000.0,6271.0,2718.4500000000003,695.0,Primary residence,50.17,Good
5037471,83000.0,2698.0,1994.89,695.0,Primary residence,67.85,Good
5037481,172000.0,4157.0,1960.03,695.0,Primary residence,42.68,Good
5037527,41000.0,786.0,609.03,695.0,Primary residence,40.83,Good
5024333,208000.0,6240.0,1455.71,695.0,Primary residence,44.4,Good
5024360,58000.0,2224.0,600.16,695.0,Primary residence,58.43,Good
5024434,109000.0,1726.0,692.6,695.0,Primary residence,26.63,Good
5024646,52000.0,1907.0,765.72,695.0,Primary residence,61.68,Good
5024870,138000.0,4945.0,2049.9900000000002,695.0,Investment property,60.83,Good
5025049,102000.0,3825.0,1120.1,695.0,Primary residence,58.18,Good
5025297,132000.0,3630.0,1163.0,695.0,Primary residence,43.57,Good
5025310,97000.0,3153.0,682.9399999999999,695.0,Primary residence,47.45,Good
5025382,289000.0,4095.0,2289.11,695.0,Primary residence,26.51,Good
5025510,89000.0,2819.0,1595.74,695.0,Primary residence,59.52,Good
5025679,65000.0,2655.0,946.63,695.0,Primary residence,66.49,Good
5026018,85000.0,2550.0,1168.27,696.0,Primary residence,52.49,Good
5026274,146000.0,5232.0,3381.59,696.0,Primary residence,70.8,Good
5026316,73000.0,791.0,629.35,696.0,Primary residence,23.35,Good
5026450,145000.0,4350.0,2121.1000000000004,696.0,Primary residence,53.55,Good
5026454,74000.0,2590.0,1079.37,696.0,Primary residence,59.5,Good
5026519,115000.0,3450.0,2256.0,696.0,Primary residence,59.54,Good
5026682,194000.0,4689.0,815.59,696.0,Primary residence,34.05,Good
5026739,62000.0,2170.0,590.6,696.0,Primary residence,53.43,Good
5026933,123000.0,3178.0,1653.22,696.0,Primary residence,47.13,Good
5026959,82000.0,2119.0,1106.78,696.0,Primary residence,47.21,Good
5027219,72000.0,2580.0,1759.08,696.0,Primary residence,72.32,Good
5027341,117000.0,2730.0,773.4,696.0,Primary residence,35.93,Good
5027389,126000.0,3780.0,2441.5200000000004,696.0,Primary residence,59.25,Good
5027549,77000.0,2695.0,957.18,696.0,Primary residence,56.92,Good
5027751,150000.0,2625.0,1939.35,696.0,Primary residence,36.51,Good
5028166,35000.0,1255.0,759.56,696.0,Primary residence,69.07,Good
5028233,50000.0,1250.0,651.03,696.0,Primary residence,45.62,Good
5028256,166000.0,4980.0,3093.4900000000002,696.0,Primary residence,58.36,Good
5028384,88000.0,3520.0,1788.5,696.0,Primary residence,72.39,Good
5028567,53000.0,2032.0,1160.83,696.0,Primary residence,72.29,Good
5028646,123000.0,3485.0,1155.06,696.0,Primary residence,45.27,Good
5028669,60000.0,1050.0,1067.0,696.0,Primary residence,42.34,Good
5028835,139000.0,3591.0,2793.84,696.0,Primary residence,55.12,Good
5028851,113000.0,4144.0,2247.1000000000004,696.0,Primary residence,67.87,Good
5028911,115000.0,4217.0,1325.28,696.0,Primary residence,57.83,Good
5029131,71000.0,2663.0,1960.5,696.0,Primary residence,78.14,Good
5029218,288000.0,6480.0,2081.4500000000003,696.0,Primary residence,35.67,Good
5029302,40000.0,1534.0,991.93,696.0,Primary residence,75.78,Good
5029305,71000.0,2900.0,672.06,696.0,Primary residence,60.37,Good
5029329,33000.0,853.0,453.45,696.0,Primary residence,47.51,Good
5029726,463000.0,6945.0,1150.19,696.0,Primary residence,20.98,Good
5029739,102000.0,3825.0,1743.37,696.0,Primary residence,65.51,Good
5030229,26000.0,889.0,441.02,696.0,Primary residence,61.39,Good
5030302,165000.0,5363.0,2407.13,696.0,Primary residence,56.51,Good
5030490,179000.0,4028.0,2022.25,696.0,Primary residence,40.56,Good
5030503,145000.0,2417.0,1281.06,696.0,Primary residence,30.6,Good
5030841,61000.0,1627.0,649.23,696.0,Primary residence,44.78,Good
5030846,70000.0,1634.0,875.89,696.0,Primary residence,43.03,Good
5030933,84000.0,2800.0,1462.83,696.0,Primary residence,60.9,Good
5030960,149000.0,4098.0,771.91,696.0,Primary residence,39.22,Good
5030969,129000.0,4623.0,2379.9300000000003,696.0,Primary residence,65.14,Good
5031055,104000.0,3554.0,1432.79,696.0,Primary residence,57.54,Good
5031093,126000.0,1680.0,412.33,696.0,Primary residence,19.93,Good
5031117,56000.0,1074.0,705.84,696.0,Primary residence,38.14,Good
5031335,111000.0,3978.0,1163.67,696.0,Primary residence,55.59,Good
5031407,115000.0,3067.0,1055.45,696.0,Primary residence,43.02,Good
5031457,261000.0,6743.0,1445.95,696.0,Primary residence,37.65,Good
5031826,28000.0,724.0,567.03,697.0,Primary residence,55.33,Good
5032010,45000.0,1575.0,378.62,697.0,Primary residence,52.1,Good
5032134,120000.0,4000.0,1778.74,697.0,Primary residence,57.79,Good
5032454,92000.0,2377.0,657.75,697.0,Primary residence,39.58,Good
5032502,197000.0,3284.0,2539.09,697.0,Primary residence,35.47,Good
5032736,22000.0,770.0,455.74,697.0,Primary residence,66.86,Good
5032882,166000.0,4427.0,2418.8300000000004,697.0,Primary residence,49.49,Good
5033032,1165000.0,9709.0,903.76,697.0,Investment property,10.93,Good
5033402,89000.0,1558.0,641.55,697.0,Primary residence,29.66,Good
5033729,56000.0,1914.0,793.23,697.0,Primary residence,58.01,Good
5033738,261000.0,3263.0,1879.91,697.0,Primary residence,23.65,Good
5034213,248000.0,2274.0,1893.99,697.0,Primary residence,20.17,Good
5034507,247000.0,5146.0,1784.36,697.0,Investment property,33.67,Good
5034693,61000.0,2491.0,418.82,697.0,Primary residence,57.24,Good
5034753,68000.0,2154.0,772.14,697.0,Primary residence,51.64,Good
5034840,118000.0,3835.0,2289.11,697.0,Primary residence,62.28,Good
5034899,36000.0,1200.0,886.63,697.0,Primary residence,69.55,Good
5035001,80000.0,2667.0,1608.87,697.0,Primary residence,64.14,Good
5035082,48000.0,1720.0,1365.06,697.0,Primary residence,77.13,Good
5035641,183000.0,5338.0,1286.89,697.0,Primary residence,43.44,Good
5035984,46000.0,1572.0,854.1,697.0,Primary residence,63.29,Good
5036011,289000.0,7466.0,1559.1,697.0,Primary residence,37.47,Good
5036098,111000.0,3330.0,791.65,697.0,Investment property,44.56,Good
5036280,124000.0,3720.0,2247.1000000000004,697.0,Primary residence,57.75,Good
5036295,126000.0,1995.0,1184.8799999999999,697.0,Primary residence,30.28,Good
5036576,63000.0,1575.0,960.89,697.0,Primary residence,48.3,Good
5036612,108000.0,2430.0,1405.22,697.0,Primary residence,42.61,Good
5036853,75000.0,2813.0,1995.09,697.0,Primary residence,76.93,Good
5036944,61000.0,2135.0,1726.53,697.0,Primary residence,75.96,Good
5037114,87000.0,1885.0,846.34,697.0,Primary residence,37.67,Good
5037127,123000.0,3280.0,1794.07,697.0,Primary residence,49.5,Good
5037193,42000.0,1645.0,428.96999999999997,697.0,Primary residence,59.26,Good
5037313,73000.0,2373.0,1320.2,697.0,Primary residence,60.71,Good
5024047,192000.0,7360.0,3207.7400000000002,697.0,Primary residence,66.05,Good
5024069,167000.0,4175.0,710.78,697.0,Investment property,35.11,Good
5024102,123000.0,4510.0,595.16,697.0,Primary residence,49.81,Good
5024121,210000.0,4200.0,1575.07,697.0,Primary residence,33.0,Good
5024286,52000.0,1084.0,483.03,697.0,Primary residence,36.16,Good
5024298,18000.0,720.0,483.03,697.0,Primary residence,80.2,Good
5024334,102000.0,3060.0,629.11,697.0,Primary residence,43.4,Good
5024335,105000.0,3763.0,2197.67,697.0,Primary residence,68.12,Good
5024350,176000.0,6747.0,2255.82,697.0,Primary residence,61.38,Good
5024372,62000.0,1292.0,945.05,697.0,Primary residence,43.3,Good
5024536,53000.0,1811.0,1440.93,697.0,Primary residence,73.63,Good
5024548,170000.0,5950.0,2755.36,697.0,Primary residence,61.45,Good
5024552,110000.0,2475.0,1469.35,697.0,Primary residence,43.03,Good
5024815,173000.0,2884.0,1575.07,697.0,Primary residence,30.93,Good
5024960,72000.0,2580.0,1071.05,697.0,Primary residence,60.85,Good
5024963,145000.0,2538.0,1523.41,697.0,Primary residence,33.61,Good
5025012,91000.0,3565.0,2440.1800000000003,697.0,Investment property,79.19,Good
5025058,73000.0,2677.0,1690.33,697.0,Primary residence,71.79,Good
5025072,82000.0,2870.0,1096.43,697.0,Primary residence,58.05,Good
5025100,105000.0,3325.0,1953.09,697.0,Primary residence,60.32,Good
5025106,131000.0,4804.0,2289.11,697.0,Primary residence,64.98,Good
5025109,42000.0,1470.0,875.72,697.0,Primary residence,67.02,Good
5025126,313000.0,11999.0,3658.1600000000003,698.0,Investment property,60.03,Good
5025162,68000.0,2380.0,1367.2,698.0,Primary residence,66.13,Good
5025189,136000.0,2947.0,1353.95,698.0,Primary residence,37.95,Good
5025198,123000.0,3075.0,939.7,698.0,Primary residence,39.17,Good
5025199,59000.0,1082.0,1155.06,698.0,Primary residence,45.5,Good
5025209,136000.0,3060.0,1798.12,698.0,Primary residence,42.87,Good
5025302,68000.0,2040.0,1265.71,698.0,Primary residence,58.34,Good
5025328,180000.0,2550.0,1731.06,698.0,Primary residence,28.54,Good
5025432,178000.0,4302.0,1323.06,698.0,Primary residence,37.92,Good
5025451,68000.0,2607.0,1546.3,698.0,Primary residence,73.29,Good
5025496,131000.0,5350.0,1812.52,698.0,Primary residence,65.61,Good
5025507,110000.0,3300.0,1445.95,698.0,Primary residence,51.77,Good
5025758,90000.0,2400.0,1007.84,698.0,Primary residence,45.44,Good
5025808,137000.0,4795.0,1432.79,698.0,Primary residence,54.55,Good
5025859,242000.0,4235.0,2278.67,698.0,Primary residence,32.3,Good
5025876,91000.0,2806.0,916.45,698.0,Primary residence,49.09,Good
5025893,210000.0,7350.0,2457.11,698.0,Primary residence,56.04,Good
5025933,89000.0,2893.0,1164.46,698.0,Primary residence,54.71,Good
5025963,51000.0,1870.0,609.03,698.0,Primary residence,58.33,Good
5026000,46000.0,1840.0,1066.75,698.0,Primary residence,75.83,Good
5026002,155000.0,3100.0,1623.14,698.0,Primary residence,36.57,Good
5026043,30000.0,1075.0,367.69,698.0,Primary residence,57.71,Good
5026083,52000.0,2124.0,778.64,698.0,Primary residence,66.98,Good
5026093,149000.0,1490.0,1598.8799999999999,698.0,Primary residence,24.88,Good
5026140,167000.0,5289.0,1860.2,698.0,Primary residence,51.37,Good
5026170,82000.0,2460.0,1928.89,698.0,Primary residence,64.23,Good
5026178,207000.0,5003.0,903.76,698.0,Primary residence,34.24,Good
5026191,78000.0,2210.0,1347.97,698.0,Primary residence,54.74,Good
5026220,29000.0,1064.0,780.67,698.0,Primary residence,76.33,Good
5026318,38000.0,1362.0,898.3,698.0,Primary residence,71.38,Good
5026347,26000.0,997.0,357.02,698.0,Primary residence,62.49,Good
5026381,123000.0,2255.0,933.17,698.0,Primary residence,31.1,Good
5026441,64000.0,1654.0,974.29,698.0,Primary residence,49.28,Good
5026524,181000.0,5430.0,3087.1400000000003,698.0,Primary residence,56.47,Good
5026574,61000.0,1983.0,1455.71,698.0,Primary residence,67.65,Good
5026616,154000.0,2695.0,1077.81,698.0,Primary residence,29.4,Good
5026665,89000.0,2670.0,1785.08,698.0,Primary residence,60.07,Good
5026672,86000.0,1720.0,682.9399999999999,698.0,Primary residence,33.53,Good
5026719,39000.0,1203.0,802.96,698.0,Primary residence,61.72,Good
5026808,92000.0,1917.0,920.62,698.0,Primary residence,37.01,Good
5026971,226000.0,3955.0,1731.06,698.0,Primary residence,30.19,Good
5026974,29000.0,991.0,712.79,698.0,Primary residence,70.5,Good
5026979,122000.0,2644.0,1256.45,698.0,Primary residence,38.37,Good
5026984,112000.0,2240.0,1236.99,698.0,Primary residence,37.25,Good
5026995,82000.0,3280.0,2289.11,698.0,Primary residence,81.5,Good
5027023,98000.0,2042.0,999.53,698.0,Primary residence,37.24,Good
5027103,126000.0,1470.0,1113.01,698.0,Primary residence,24.6,Good
5027125,48000.0,1760.0,1071.05,698.0,Primary residence,70.78,Good
5027200,65000.0,2221.0,1454.01,698.0,Primary residence,67.85,Good
5027205,51000.0,1530.0,620.71,699.0,Primary residence,50.6,Good
5027222,123000.0,2050.0,626.64,699.0,Primary residence,26.11,Good
5027240,112000.0,2240.0,1449.07,699.0,Primary residence,39.53,Good
5027284,97000.0,2830.0,1052.19,699.0,Primary residence,48.03,Good
5027302,112000.0,2334.0,903.04,699.0,Primary residence,34.68,Good
5027467,35000.0,1225.0,710.93,699.0,Primary residence,66.37,Good
5027517,350000.0,12250.0,2226.3300000000004,699.0,Investment property,49.63,Good
5027522,65000.0,2275.0,931.28,699.0,Primary residence,59.19,Good
5027601,96000.0,3280.0,946.63,699.0,Primary residence,52.83,Good
5027642,105000.0,1838.0,1113.05,699.0,Primary residence,33.73,Good
5027690,60000.0,2000.0,1326.51,699.0,Primary residence,66.53,Good
5027853,130000.0,1734.0,1270.0,699.0,Primary residence,27.73,Good
5027892,194000.0,3880.0,2114.96,699.0,Primary residence,37.08,Good
5027926,61000.0,2339.0,846.37,699.0,Primary residence,62.66,Good
5028051,31000.0,1137.0,735.04,699.0,Primary residence,72.47,Good
5028085,64000.0,2080.0,637.67,699.0,Primary residence,50.96,Good
5028116,323000.0,8883.0,3040.2000000000003,699.0,Primary residence,44.3,Good
5028133,247000.0,5970.0,1906.89,699.0,Primary residence,38.27,Good
5028169,212000.0,8480.0,3478.84,699.0,Primary residence,67.69,Good
5028214,31000.0,1266.0,595.16,699.0,Primary residence,72.04,Good
5028243,230000.0,2875.0,961.35,699.0,Primary residence,20.02,Good
5028269,77000.0,3080.0,1879.37,699.0,Primary residence,77.29,Good
5028338,157000.0,3010.0,1367.2,699.0,Primary residence,33.46,Good
5028339,242000.0,6655.0,1163.0,699.0,Second residence,38.77,Good
5028374,127000.0,2964.0,2061.65,699.0,Primary residence,47.49,Good
5028389,137000.0,2855.0,1469.35,699.0,Primary residence,37.88,Good
5028409,91000.0,1593.0,1443.1,699.0,Investment property,40.04,Good
5028513,239000.0,4382.0,3236.61,699.0,Primary residence,38.25,Good
5028595,130000.0,2384.0,1934.67,699.0,Primary residence,39.86,Good
5028614,70000.0,1284.0,693.04,699.0,Primary residence,33.89,Good
5028621,155000.0,3617.0,1242.29,699.0,Primary residence,37.62,Good
5028698,153000.0,3315.0,1405.8,699.0,Primary residence,37.03,Good
5028712,197000.0,7880.0,2669.67,699.0,Primary residence,64.26,Good
5028727,54000.0,1935.0,838.4399999999999,699.0,Primary residence,61.63,Good
5028729,78000.0,1950.0,861.04,699.0,Primary residence,43.25,Good
5028771,83000.0,2975.0,1013.49,699.0,Primary residence,57.66,Good
5028831,110000.0,2475.0,1596.45,699.0,Primary residence,44.42,Good
5028842,69000.0,1783.0,1096.84,699.0,Primary residence,50.08,Good
5028876,75000.0,1813.0,1174.64,699.0,Primary residence,47.8,Good
5028918,46000.0,1457.0,750.22,699.0,Primary residence,57.58,Good
5028939,100000.0,4084.0,1464.47,699.0,Primary residence,66.58,Good
5028953,61000.0,1373.0,738.29,699.0,Primary residence,41.53,Good
5028982,47000.0,1606.0,765.72,699.0,Primary residence,60.55,Good
5029000,49000.0,1838.0,1265.71,699.0,Primary residence,76.01,Good
5029154,65000.0,2275.0,1370.58,699.0,Primary residence,67.3,Good
5029269,69000.0,1495.0,742.12,699.0,Primary residence,38.91,Good
5029276,238000.0,6942.0,1190.0,699.0,Primary residence,41.0,Good
5029323,55000.0,2063.0,1283.02,699.0,Primary residence,73.0,Good
5029334,139000.0,5097.0,1589.48,699.0,Primary residence,57.73,Good
5029389,77000.0,2375.0,759.56,699.0,Primary residence,48.85,Good
5029425,271000.0,2936.0,1565.04,699.0,Primary residence,19.93,Good
5029447,135000.0,3038.0,815.59,699.0,Primary residence,34.25,Good
5029512,233000.0,2330.0,2300.88,699.0,Primary residence,23.85,Good
5029539,170000.0,4250.0,1894.95,699.0,Primary residence,43.38,Good
5029581,47000.0,1528.0,768.89,699.0,Primary residence,58.64,Good
5029598,74000.0,2220.0,846.37,699.0,Primary residence,49.72,Good
5029624,114000.0,4370.0,1841.86,699.0,Primary residence,65.39,Good
5029712,69000.0,1668.0,730.37,699.0,Primary residence,41.71,Good
5029757,33000.0,1128.0,693.04,699.0,Primary residence,66.22,Good
5029825,64000.0,2294.0,1168.27,700.0,Primary residence,64.92,Good
5029833,134000.0,4132.0,2007.42,700.0,Primary residence,54.98,Good
5029887,308000.0,9497.0,1407.07,700.0,Investment property,42.48,Good
5029952,180000.0,5100.0,3450.55,700.0,Primary residence,57.0,Good
5030075,152000.0,4434.0,2420.4300000000003,700.0,Primary residence,54.11,Good
5030102,100000.0,1750.0,1380.27,700.0,Primary residence,37.56,Good
5030106,99000.0,3383.0,1696.78,700.0,Primary residence,61.57,Good
5030167,39000.0,1495.0,961.35,700.0,Primary residence,75.58,Good
5030170,155000.0,2971.0,2178.0200000000004,700.0,Primary residence,39.86,Good
5030232,272000.0,10200.0,1841.86,700.0,Primary residence,53.13,Good
5030295,141000.0,4230.0,1980.11,700.0,Primary residence,52.85,Good
5030362,111000.0,3978.0,1575.26,700.0,Primary residence,60.04,Good
5030438,26000.0,932.0,549.87,700.0,Primary residence,68.39,Good
5030442,160000.0,3067.0,1731.06,700.0,Primary residence,35.99,Good
5030520,81000.0,2025.0,991.93,700.0,Primary residence,44.7,Good
5030525,137000.0,3425.0,2229.1000000000004,700.0,Primary residence,49.52,Good
5030528,55000.0,1650.0,1096.84,700.0,Primary residence,59.93,Good
5030556,151000.0,3020.0,2104.15,700.0,Primary residence,40.72,Good
5030579,155000.0,2713.0,1743.08,700.0,Primary residence,34.5,Good
5030625,,,1096.84,700.0,Primary residence,,Good
5030710,94000.0,3839.0,1242.29,700.0,Primary residence,64.87,Good
5030715,177000.0,5605.0,1506.32,700.0,Primary residence,48.21,Good
5030738,102000.0,3060.0,2182.2400000000002,700.0,Primary residence,61.67,Good
5030752,41000.0,1470.0,1117.17,700.0,Primary residence,75.72,Good
5030756,84000.0,1610.0,848.5,700.0,Primary residence,35.12,Good
5030773,92000.0,2837.0,1299.04,700.0,Primary residence,53.95,Good
5030799,118000.0,4130.0,2037.22,700.0,Investment property,62.72,Good
5030808,206000.0,3949.0,3367.38,700.0,Primary residence,42.62,Good
5030836,72000.0,2040.0,1155.06,700.0,Primary residence,53.25,Good
5030881,52000.0,1300.0,483.03,700.0,Primary residence,41.15,Good
5030888,56000.0,1820.0,753.52,700.0,Primary residence,55.15,Good
5030922,285000.0,4988.0,987.05,700.0,Investment property,25.16,Good
5031018,42000.0,1260.0,585.95,700.0,Primary residence,52.74,Good
5031088,52000.0,2037.0,1080.1,700.0,Primary residence,71.93,Good
5031103,66000.0,1320.0,575.51,700.0,Primary residence,34.46,Good
5031184,148000.0,2590.0,1469.35,700.0,Primary residence,32.91,Good
5031230,149000.0,5091.0,1710.85,700.0,Primary residence,54.78,Good
5031284,33000.0,1238.0,551.08,700.0,Primary residence,65.06,Good
5031364,39000.0,1073.0,651.03,700.0,Primary residence,53.05,Good
5031430,139000.0,5213.0,3537.36,700.0,Primary residence,75.54,Good
5031444,104000.0,3900.0,2162.5600000000004,700.0,Primary residence,69.95,Good
5031449,66000.0,2365.0,1174.98,700.0,Primary residence,64.36,Good
5031497,121000.0,2622.0,717.1,700.0,Primary residence,33.12,Good
5031525,105000.0,2450.0,1439.87,700.0,Primary residence,44.46,Good
5031594,122000.0,1627.0,872.75,700.0,Primary residence,24.59,Good
5031598,63000.0,1890.0,567.03,700.0,Primary residence,46.8,Good
5031607,60000.0,2200.0,1665.73,701.0,Primary residence,77.31,Good
5031612,50000.0,1584.0,641.55,701.0,Primary residence,53.41,Good
5031637,66000.0,1375.0,525.03,701.0,Primary residence,34.55,Good
5031640,201000.0,3015.0,1491.07,701.0,Primary residence,26.9,Good
5031782,147000.0,3798.0,2489.0800000000004,701.0,Primary residence,51.32,Good
5031853,97000.0,3638.0,911.08,701.0,Investment property,56.28,Good
5031863,111000.0,3053.0,972.67,701.0,Primary residence,43.52,Good
5031871,90000.0,3225.0,1824.37,701.0,Primary residence,67.32,Good
5031971,363000.0,13008.0,1592.12,701.0,Investment property,48.26,Good
5032011,120000.0,1100.0,759.56,701.0,Primary residence,18.6,Good
5032041,105000.0,3938.0,1556.04,701.0,Primary residence,62.79,Good
5032130,126000.0,3150.0,1601.96,701.0,Second residence,45.26,Good
5032183,71000.0,2604.0,1388.61,701.0,Primary residence,67.48,Good
5032188,72000.0,2520.0,1533.07,701.0,Primary residence,67.55,Good
5032256,58000.0,1644.0,641.55,701.0,Primary residence,47.29,Good
5032268,80000.0,867.0,590.6,701.0,Primary residence,21.86,Good
5032291,119000.0,4066.0,2825.46,701.0,Primary residence,69.49,Good
5032307,88000.0,2200.0,1155.06,701.0,Primary residence,45.75,Good
5032331,150000.0,5125.0,2574.5,701.0,Primary residence,61.6,Good
5032354,192000.0,7840.0,2322.07,701.0,Primary residence,63.51,Good
5032416,204000.0,10030.0,1111.46,701.0,Second residence,65.54,Good
5032496,105000.0,4113.0,1732.73,701.0,Primary residence,66.81,Good
5032526,94000.0,1959.0,1504.34,701.0,Primary residence,44.21,Good
5032580,79000.0,2897.0,839.03,701.0,Primary residence,56.75,Good
5032583,94000.0,2272.0,1239.06,701.0,Primary residence,44.82,Good
5032594,168000.0,3640.0,1031.3799999999999,701.0,Primary residence,33.37,Good
5032695,39000.0,1365.0,765.72,701.0,Primary residence,65.56,Good
5032727,50000.0,1500.0,335.81,701.0,Primary residence,44.06,Good
5032755,70000.0,2625.0,841.16,701.0,Primary residence,59.42,Good
5032767,40000.0,1467.0,672.75,701.0,Primary residence,64.19,Good
5032814,160000.0,3867.0,1879.91,701.0,Primary residence,43.1,Good
5032818,63000.0,2363.0,747.71,701.0,Primary residence,59.25,Good
5032966,200000.0,3334.0,1928.89,701.0,Second residence,31.58,Good
5032997,78000.0,2340.0,861.04,701.0,Primary residence,49.25,Good
5032999,62000.0,2170.0,399.02,701.0,Primary residence,49.72,Good
5033058,259000.0,4965.0,2421.32,701.0,Primary residence,34.22,Good
5033084,185000.0,4625.0,3242.0200000000004,701.0,Primary residence,51.03,Good
5033159,81000.0,2093.0,635.63,702.0,Primary residence,40.42,Good
5033165,135000.0,1350.0,834.99,702.0,Primary residence,19.42,Good
5033179,200000.0,4500.0,2605.4900000000002,702.0,Primary residence,42.63,Good
5033259,55000.0,2017.0,680.66,702.0,Primary residence,58.86,Good
5033382,110000.0,1834.0,1812.11,702.0,Primary residence,39.78,Good
5033415,250000.0,10209.0,3164.4300000000003,702.0,Primary residence,64.19,Good
5033557,77000.0,2567.0,1262.4,702.0,Primary residence,59.68,Good
5033570,300000.0,6750.0,2881.9700000000003,702.0,Primary residence,38.53,Good
5033605,105000.0,2450.0,1256.45,702.0,Primary residence,42.36,Good
5033657,389000.0,4215.0,1014.06,702.0,Primary residence,16.13,Good
5033743,102000.0,2805.0,1994.27,702.0,Primary residence,56.46,Good
5033750,87000.0,1885.0,861.04,702.0,Primary residence,37.88,Good
5033774,69000.0,3335.0,1193.59,702.0,Primary residence,78.76,Good
5033835,433000.0,10465.0,726.53,702.0,Investment property,31.02,Good
5033934,180000.0,6450.0,1559.51,702.0,Investment property,53.4,Good
5033957,39000.0,1398.0,427.68,702.0,Primary residence,56.17,Good
5034021,79000.0,3160.0,1095.51,702.0,Primary residence,64.64,Good
5034076,56000.0,2240.0,1763.32,702.0,Primary residence,85.79,Good
5034081,73000.0,1278.0,595.16,702.0,Primary residence,30.79,Good
5034222,86000.0,2867.0,1220.29,702.0,Primary residence,57.03,Good
5034351,313000.0,10434.0,3393.3,702.0,Primary residence,53.01,Good
5034405,103000.0,2490.0,1523.34,702.0,Primary residence,46.76,Good
5034563,123000.0,4305.0,1533.07,702.0,Investment property,56.96,Good
5034677,96000.0,2400.0,1303.79,702.0,Primary residence,46.3,Good
5034679,260000.0,7584.0,3419.21,702.0,Primary residence,50.78,Good
5034977,71000.0,2130.0,724.33,702.0,Primary residence,48.24,Good
5035019,202000.0,5892.0,1785.47,702.0,Primary residence,45.61,Good
5035138,127000.0,2858.0,1963.21,702.0,Primary residence,45.55,Good
5035141,91000.0,3337.0,1469.35,702.0,Primary residence,63.38,Good
5035158,204000.0,6120.0,1673.23,702.0,Primary residence,45.84,Good
5035180,135000.0,1688.0,834.99,702.0,Primary residence,22.43,Good
5035198,54000.0,1845.0,585.95,702.0,Primary residence,54.02,Good
5035435,124000.0,3720.0,648.81,702.0,Primary residence,42.28,Good
5035574,101000.0,1600.0,819.04,702.0,Primary residence,28.74,Good
5035609,141000.0,4583.0,3208.26,702.0,Primary residence,66.31,Good
5035663,89000.0,742.0,651.03,702.0,Primary residence,18.78,Good
5035797,213000.0,8165.0,2089.26,702.0,Investment property,57.77,Good
5035802,51000.0,1573.0,997.91,702.0,Primary residence,60.49,Good
5035805,73000.0,2981.0,1962.16,702.0,Primary residence,81.26,Good
5035837,91000.0,2200.0,1012.33,702.0,Primary residence,42.36,Good
5035923,205000.0,7517.0,2708.82,702.0,Primary residence,59.86,Good
5035940,38000.0,1362.0,682.9399999999999,702.0,Primary residence,64.58,Good
5035950,30000.0,900.0,412.33,702.0,Primary residence,52.49,Good
5035974,88000.0,1980.0,1049.46,702.0,Primary residence,41.31,Good
5035981,140000.0,2567.0,1527.41,702.0,Primary residence,35.09,Good
5035986,105000.0,2188.0,1008.3,702.0,Primary residence,36.53,Good
5036018,75000.0,2125.0,1323.8,702.0,Primary residence,55.18,Good
5036109,150000.0,3750.0,1616.06,702.0,Primary residence,42.93,Good
5036188,95000.0,2850.0,1204.92,702.0,Primary residence,51.22,Good
5036330,60000.0,1850.0,735.04,702.0,Primary residence,51.7,Good
5036345,76000.0,2344.0,672.75,702.0,Primary residence,47.63,Good
5036353,75000.0,2875.0,1676.3,702.0,Primary residence,72.82,Good
5036360,22000.0,697.0,455.74,702.0,Primary residence,62.88,Good
5036432,364000.0,3034.0,2090.2000000000003,702.0,Second residence,16.89,Good
5036443,219000.0,4380.0,2560.13,702.0,Primary residence,38.03,Good
5036455,182000.0,7432.0,1587.42,703.0,Second residence,59.47,Good
5036474,115000.0,1917.0,1630.53,703.0,Primary residence,37.02,Good
5036505,150000.0,4625.0,1966.03,703.0,Primary residence,52.73,Good
5036516,156000.0,2730.0,1800.47,703.0,Primary residence,34.85,Good
5036559,87000.0,3190.0,1186.51,703.0,Primary residence,60.37,Good
5036623,148000.0,5057.0,707.08,703.0,Investment property,46.74,Good
5036748,100000.0,1834.0,957.18,703.0,Primary residence,33.49,Good
5036815,157000.0,2617.0,1323.76,703.0,Primary residence,30.12,Good
5036817,93000.0,3720.0,1197.06,703.0,Primary residence,63.45,Good
5036829,96000.0,3440.0,1544.7,703.0,Primary residence,62.31,Good
5036843,95000.0,2850.0,1168.97,703.0,Primary residence,50.77,Good
5036899,200000.0,7167.0,1719.82,703.0,Primary residence,53.32,Good
5036989,146000.0,4989.0,1544.7,703.0,Primary residence,53.7,Good
5037134,70000.0,1984.0,1150.19,703.0,Primary residence,53.73,Good
5037214,169000.0,5915.0,4137.1900000000005,703.0,Primary residence,71.38,Good
5037254,105000.0,3938.0,1071.05,703.0,Primary residence,57.25,Good
5037261,275000.0,3667.0,2121.8700000000003,703.0,Primary residence,25.26,Good
5037281,60000.0,2150.0,978.29,703.0,Primary residence,62.57,Good
5037285,49000.0,1225.0,490.4,703.0,Primary residence,42.01,Good
5037315,38000.0,1394.0,833.17,703.0,Primary residence,70.33,Good
5037396,196000.0,4900.0,1701.08,703.0,Primary residence,40.41,Good
5037514,,,987.05,703.0,Investment property,,Good
5037544,87000.0,3263.0,1160.83,703.0,Primary residence,61.02,Good
5037583,54000.0,2115.0,549.87,703.0,Primary residence,59.22,Good
5037638,56000.0,2287.0,1701.08,703.0,Primary residence,85.46,Good
5024036,132000.0,2200.0,1400.05,703.0,Primary residence,32.73,Good
5024056,60000.0,750.0,470.13,703.0,Primary residence,24.4,Good
5024140,192000.0,6240.0,3504.96,703.0,Primary residence,60.91,Good
5024151,115000.0,3834.0,1653.22,703.0,Primary residence,57.26,Good
5024154,103000.0,3176.0,1536.57,703.0,Primary residence,54.9,Good
5024172,52000.0,1820.0,1052.19,703.0,Primary residence,66.28,Good
5024219,138000.0,2415.0,1953.09,703.0,Primary residence,37.98,Good
5024261,85000.0,2905.0,1584.22,703.0,Primary residence,63.38,Good
5024482,81000.0,2093.0,1285.11,703.0,Primary residence,50.05,Good
5024489,117000.0,3218.0,1168.27,703.0,Primary residence,44.99,Good
5024574,285000.0,9500.0,3311.2900000000004,703.0,Primary residence,53.94,Good
5024610,198000.0,4950.0,455.74,703.0,Primary residence,32.76,Good
5024651,100000.0,1667.0,777.04,703.0,Primary residence,29.33,Good
5024673,97000.0,2749.0,957.34,703.0,Primary residence,45.85,Good
5024676,134000.0,3350.0,1659.08,703.0,Primary residence,44.86,Good
5024700,120000.0,4100.0,2202.7000000000003,703.0,Primary residence,63.03,Good
5024763,100000.0,2667.0,777.04,703.0,Primary residence,41.33,Good
5024893,144000.0,2280.0,1187.67,703.0,Primary residence,28.9,Good
5024958,101000.0,3535.0,1313.87,703.0,Primary residence,57.61,Good
5024967,127000.0,3175.0,2037.09,703.0,Primary residence,49.25,Good
5025180,87000.0,3190.0,931.28,703.0,Primary residence,56.85,Good
5025229,46000.0,1840.0,1071.05,703.0,Primary residence,75.94,Good
5025240,147000.0,1225.0,735.04,703.0,Primary residence,16.0,Good
5025248,131000.0,5350.0,2909.6800000000003,703.0,Primary residence,75.66,Good
5025265,124000.0,3100.0,1019.98,704.0,Primary residence,39.87,Good
5025324,48000.0,1920.0,1280.4,704.0,Primary residence,80.01,Good
5025325,224000.0,9147.0,3532.3300000000004,704.0,Second residence,67.92,Good
5025388,132000.0,2970.0,903.04,704.0,Primary residence,35.21,Good
5025389,290000.0,2900.0,2969.48,704.0,Primary residence,24.29,Good
5025594,43000.0,1362.0,595.16,704.0,Primary residence,54.62,Good
5025609,60000.0,1300.0,629.35,704.0,Primary residence,38.59,Good
5025618,66000.0,1320.0,1113.05,704.0,Primary residence,44.24,Good
5025650,66000.0,2695.0,1596.45,704.0,Primary residence,78.03,Good
5025733,137000.0,2855.0,1262.4,704.0,Primary residence,36.06,Good
5025745,57000.0,1615.0,793.23,704.0,Primary residence,50.7,Good
5025753,111000.0,2498.0,777.04,704.0,Investment property,35.41,Good
5025764,83000.0,2905.0,987.05,704.0,Primary residence,56.27,Good
5025786,106000.0,1237.0,1029.05,704.0,Primary residence,25.65,Good
5025811,138000.0,1380.0,1071.05,704.0,Primary residence,21.31,Good
5025827,123000.0,3793.0,801.45,704.0,Investment property,44.82,Good
5025829,,,1323.8,704.0,Primary residence,,Good
5025864,152000.0,4180.0,1323.06,704.0,Primary residence,43.45,Good
5025916,57000.0,1473.0,692.11,704.0,Primary residence,45.58,Good
5025959,127000.0,4657.0,2229.1000000000004,704.0,Primary residence,65.07,Good
5026100,520000.0,17767.0,3283.7900000000004,704.0,Investment property,48.58,Good
5026145,206000.0,4464.0,2214.3700000000003,704.0,Primary residence,38.9,Good
5026166,73000.0,1095.0,419.57,704.0,Primary residence,24.9,Good
5026168,102000.0,3145.0,1150.19,704.0,Primary residence,50.53,Good
5026487,256000.0,6187.0,1883.25,704.0,Primary residence,37.83,Good
5026564,97000.0,3719.0,1486.68,704.0,Second residence,64.4,Good
5026570,78000.0,2925.0,2044.81,704.0,Primary residence,76.46,Good
5026581,73000.0,1704.0,352.07,704.0,Primary residence,33.8,Good
5026600,84000.0,3010.0,1117.17,704.0,Primary residence,58.96,Good
5026630,125000.0,3750.0,829.01,704.0,Primary residence,43.96,Good
5026750,68000.0,1700.0,972.67,704.0,Primary residence,47.16,Good
5026763,38000.0,475.0,918.62,704.0,Investment property,44.01,Good
5026768,133000.0,4212.0,2402.67,704.0,Primary residence,59.68,Good
5026772,55000.0,1055.0,738.77,704.0,Primary residence,39.14,Good
5026795,77000.0,2567.0,1155.06,704.0,Primary residence,58.01,Good
5026857,82000.0,1435.0,672.75,704.0,Primary residence,30.85,Good
5026877,205000.0,6150.0,2166.6800000000003,704.0,Primary residence,48.68,Good
5026924,240000.0,4400.0,3177.82,704.0,Primary residence,37.89,Good
5026954,66000.0,2365.0,1276.06,704.0,Primary residence,66.2,Good
5027001,37000.0,1110.0,507.81,705.0,Primary residence,52.47,Good
5027095,28000.0,1004.0,330.65,705.0,Primary residence,57.2,Good
5027115,177000.0,3688.0,2202.7000000000003,705.0,Primary residence,39.94,Good
5027121,52000.0,1517.0,716.16,705.0,Primary residence,51.53,Good
5027140,126000.0,1260.0,567.03,705.0,Primary residence,17.4,Good
5027151,134000.0,2904.0,1920.04,705.0,Primary residence,43.2,Good
5027294,132000.0,2200.0,1613.8,705.0,Primary residence,34.67,Good
5027315,58000.0,1740.0,1120.1,705.0,Primary residence,59.17,Good
5027367,69000.0,2415.0,976.5699999999999,705.0,Primary residence,58.98,Good
5027472,129000.0,1183.0,846.34,705.0,Primary residence,18.88,Good
5027488,69000.0,2530.0,1995.09,705.0,Primary residence,78.7,Good
5027534,74000.0,2282.0,1480.03,705.0,Primary residence,61.01,Good
5027584,130000.0,3684.0,2041.62,705.0,Primary residence,52.85,Good
5027632,110000.0,3392.0,991.93,705.0,Investment property,47.82,Good
5027637,174000.0,3625.0,1560.95,705.0,Primary residence,35.77,Good
5027676,171000.0,1995.0,1212.36,705.0,Primary residence,22.51,Good
5027679,83000.0,2905.0,1197.06,705.0,Primary residence,59.31,Good
5027694,159000.0,3048.0,1755.39,705.0,Primary residence,36.25,Good
5027819,160000.0,5200.0,551.08,705.0,Second residence,43.13,Good
5027823,136000.0,3854.0,507.81,705.0,Second residence,38.49,Good
5027883,71000.0,829.0,519.7,705.0,Primary residence,22.79,Good
5027937,36000.0,1170.0,724.33,705.0,Primary residence,63.14,Good
5028016,177000.0,1918.0,1196.6299999999999,705.0,Primary residence,21.12,Good
5028021,229000.0,5535.0,3276.2200000000003,705.0,Primary residence,46.17,Good
5028093,169000.0,4789.0,1432.79,705.0,Primary residence,44.18,Good
5028098,20000.0,734.0,231.01999999999998,705.0,Primary residence,57.9,Good
5028123,109000.0,3270.0,2243.1200000000003,705.0,Primary residence,60.69,Good
5028128,75000.0,2625.0,846.37,705.0,Primary residence,55.54,Good
5028223,270000.0,7650.0,4058.19,705.0,Primary residence,52.04,Good
5028238,199000.0,3815.0,2765.9500000000003,705.0,Primary residence,39.68,Good
5028274,84000.0,2380.0,1113.05,705.0,Primary residence,49.9,Good
5028287,118000.0,3934.0,2415.11,705.0,Primary residence,64.57,Good
5028315,92000.0,2990.0,1117.17,705.0,Primary residence,53.57,Good
5028391,101000.0,3115.0,1454.01,705.0,Primary residence,54.29,Good
5028398,22000.0,679.0,375.63,705.0,Primary residence,57.53,Good
5028421,46000.0,1764.0,785.4,705.0,Primary residence,66.51,Good
5028461,,,1496.42,705.0,Primary residence,,Good
5028500,70000.0,2275.0,1040.4,705.0,Primary residence,56.84,Good
5028610,67000.0,2290.0,1714.43,705.0,Primary residence,71.72,Good
5028779,130000.0,2384.0,1260.43,705.0,Primary residence,33.64,Good
5028888,136000.0,4987.0,2365.4700000000003,705.0,Primary residence,64.87,Good
5029018,172000.0,5160.0,1559.1,705.0,Primary residence,46.88,Good
5029046,16000.0,547.0,330.65,705.0,Primary residence,65.82,Good
5029089,27000.0,653.0,467.94,705.0,Primary residence,49.82,Good
5029140,183000.0,5490.0,2105.05,705.0,Primary residence,49.8,Good
5029312,96000.0,2640.0,1364.49,705.0,Primary residence,50.06,Good
5029332,52000.0,2124.0,595.16,705.0,Second residence,62.75,Good
5029365,156000.0,4290.0,1893.99,705.0,Primary residence,47.57,Good
5029486,107000.0,3210.0,730.37,705.0,Primary residence,44.19,Good
5029503,106000.0,2739.0,1484.14,705.0,Primary residence,47.81,Good
5029556,238000.0,3769.0,2803.3700000000003,706.0,Primary residence,33.14,Good
5029577,239000.0,1992.0,609.03,706.0,Primary residence,13.06,Good
5029642,91000.0,1972.0,1036.02,706.0,Primary residence,39.67,Good
5029779,337000.0,3090.0,2338.5400000000004,706.0,Primary residence,19.33,Good
5029802,73000.0,1278.0,756.46,706.0,Primary residence,33.44,Good
5029816,96000.0,3680.0,2022.25,706.0,Primary residence,71.28,Good
5029875,234000.0,3315.0,1471.19,706.0,Primary residence,24.54,Good
5029912,66000.0,2475.0,933.35,706.0,Primary residence,61.97,Good
5029915,67000.0,1340.0,735.04,706.0,Primary residence,37.16,Good
5029977,235000.0,4896.0,1953.09,706.0,Primary residence,34.97,Good
5030032,262000.0,6332.0,3019.8700000000003,706.0,Primary residence,42.83,Good
5030059,88000.0,2787.0,1403.44,706.0,Primary residence,57.14,Good
5030107,137000.0,4910.0,1697.3,706.0,Primary residence,57.87,Good
5030113,43000.0,1541.0,889.77,706.0,Primary residence,67.84,Good
5030156,218000.0,6904.0,2929.71,706.0,Primary residence,54.13,Good
5030222,111000.0,925.0,997.91,706.0,Primary residence,20.79,Good
5030281,178000.0,4154.0,1133.3,706.0,Investment property,35.64,Good
5030331,31000.0,1137.0,759.56,706.0,Primary residence,73.42,Good
5030338,41000.0,1367.0,512.22,706.0,Primary residence,55.0,Good
5030342,62000.0,1395.0,1323.8,706.0,Primary residence,52.62,Good
5030390,72000.0,2880.0,1201.56,706.0,Primary residence,68.03,Good
5030408,103000.0,2404.0,1405.8,706.0,Primary residence,44.39,Good
5030425,87000.0,1595.0,1113.05,706.0,Primary residence,37.35,Good
5030483,174000.0,4785.0,3115.9100000000003,706.0,Primary residence,54.49,Good
5030535,210000.0,7350.0,2121.1000000000004,706.0,Primary residence,54.12,Good
5030587,173000.0,3749.0,2499.11,706.0,Primary residence,43.34,Good
5030671,251000.0,2301.0,2708.59,706.0,Primary residence,23.95,Good
5030767,,,1299.42,706.0,Primary residence,,Good
5030782,143000.0,3933.0,1557.49,706.0,Primary residence,46.07,Good
5030806,46000.0,1495.0,517.38,706.0,Primary residence,52.5,Good
5030906,27000.0,878.0,542.54,706.0,Primary residence,63.14,Good
5030988,27000.0,990.0,649.23,706.0,Primary residence,72.85,Good
5031016,165000.0,4400.0,2214.3700000000003,706.0,Primary residence,48.1,Good
5031034,48000.0,1320.0,850.5699999999999,706.0,Primary residence,54.26,Good
5031057,81000.0,2768.0,1896.4,706.0,Primary residence,69.1,Good
5031071,81000.0,2903.0,1682.02,706.0,Primary residence,67.93,Good
5031101,98000.0,3430.0,1634.91,706.0,Primary residence,62.02,Good
5031155,118000.0,2950.0,1572.87,706.0,Primary residence,46.0,Good
5031212,91000.0,2579.0,1012.05,706.0,Primary residence,47.35,Good
5031385,160000.0,5200.0,1382.67,706.0,Primary residence,49.37,Good
5031436,56000.0,934.0,767.33,706.0,Primary residence,36.46,Good
5031505,868000.0,12297.0,1593.52,706.0,Primary residence,19.2,Good
5031634,85000.0,2409.0,891.01,706.0,Primary residence,46.59,Good
5031658,178000.0,6972.0,1995.09,706.0,Primary residence,60.45,Good
5031793,263000.0,4603.0,2582.4900000000002,706.0,Primary residence,32.79,Good
5031831,98000.0,2287.0,1405.8,706.0,Primary residence,45.22,Good
5031834,119000.0,4165.0,1634.91,706.0,Primary residence,58.49,Good
5031926,135000.0,3150.0,1917.11,706.0,Primary residence,45.04,Good
5031960,132000.0,5170.0,2331.11,706.0,Primary residence,68.19,Good
5031979,50000.0,1209.0,455.74,706.0,Primary residence,39.95,Good
5032080,32000.0,1174.0,683.33,706.0,Primary residence,69.65,Good
5032231,118000.0,4229.0,1486.68,706.0,Primary residence,58.13,Good
5032399,487000.0,8523.0,3663.03,706.0,Primary residence,30.03,Good
5032433,72000.0,2400.0,1019.98,706.0,Primary residence,57.0,Good
5032475,211000.0,5275.0,3553.9,706.0,Primary residence,50.21,Good
5032500,99000.0,2723.0,1222.7,707.0,Investment property,47.83,Good
5032552,50000.0,1167.0,747.71,707.0,Primary residence,45.95,Good
5032599,42000.0,1120.0,629.35,707.0,Primary residence,49.98,Good
5032661,130000.0,4550.0,1715.21,707.0,Primary residence,57.83,Good
5032708,230000.0,3450.0,1151.87,707.0,Second residence,24.01,Good
5032709,153000.0,5228.0,1714.43,707.0,Investment property,54.45,Good
5032732,94000.0,1802.0,1022.41,707.0,Primary residence,36.06,Good
5032776,46000.0,1380.0,651.03,707.0,Primary residence,52.98,Good
5032845,282000.0,5640.0,1305.39,707.0,Primary residence,29.55,Good
5032904,31000.0,1163.0,651.03,707.0,Primary residence,70.22,Good
5032908,67000.0,2736.0,1924.64,707.0,Primary residence,83.47,Good
5032930,48000.0,1400.0,710.93,707.0,Primary residence,52.77,Good
5032934,154000.0,2310.0,716.16,707.0,Primary residence,23.58,Good
5032951,50000.0,1792.0,911.99,707.0,Primary residence,64.9,Good
5032971,48000.0,1920.0,580.79,707.0,Primary residence,62.52,Good
5033021,117000.0,3900.0,933.17,707.0,Primary residence,49.57,Good
5033047,46000.0,1380.0,683.8199999999999,707.0,Primary residence,53.84,Good
5033136,67000.0,1117.0,651.03,707.0,Primary residence,31.67,Good
5033203,112000.0,2240.0,759.56,707.0,Primary residence,32.14,Good
5033284,133000.0,1330.0,682.9399999999999,707.0,Primary residence,18.16,Good
5033311,115000.0,2205.0,2269.0,707.0,Primary residence,46.69,Good
5033353,94000.0,3290.0,1924.64,707.0,Primary residence,66.57,Good
5033387,50000.0,1792.0,916.45,707.0,Primary residence,65.0,Good
5033463,62000.0,1189.0,917.86,707.0,Primary residence,40.78,Good
5033533,79000.0,3029.0,1107.52,707.0,Primary residence,62.83,Good
5033603,93000.0,3023.0,1476.87,707.0,Primary residence,58.06,Good
5033788,85000.0,2621.0,848.97,707.0,Primary residence,48.99,Good
5033806,224000.0,8400.0,4254.52,707.0,Primary residence,67.79,Good
5033878,224000.0,8960.0,2255.76,707.0,Primary residence,60.08,Good
5033949,162000.0,3780.0,945.05,707.0,Primary residence,35.0,Good
5033986,189000.0,6773.0,3554.6200000000003,707.0,Primary residence,65.57,Good
5033999,131000.0,1529.0,1069.42,707.0,Primary residence,23.8,Good
5034089,49000.0,1225.0,846.37,707.0,Primary residence,50.73,Good
5034096,55000.0,1742.0,741.4399999999999,707.0,Primary residence,54.18,Good
5034118,58000.0,2030.0,759.56,707.0,Primary residence,57.72,Good
5034143,183000.0,4880.0,1533.07,707.0,Primary residence,42.05,Good
5034186,146000.0,2677.0,1071.05,707.0,Primary residence,30.81,Good
5034268,122000.0,3660.0,1313.54,707.0,Primary residence,48.92,Good
5034293,529000.0,5731.0,2985.23,707.0,Primary residence,19.77,Good
5034342,98000.0,3512.0,2433.1400000000003,707.0,Primary residence,72.8,Good
5034454,203000.0,4399.0,1812.11,707.0,Primary residence,36.72,Good
5034492,50000.0,1792.0,683.33,707.0,Primary residence,59.41,Good
5034495,185000.0,1850.0,1975.45,707.0,Second residence,24.81,Good
5034549,85000.0,3471.0,1879.37,707.0,Primary residence,75.53,Good
5034637,56000.0,1680.0,1019.98,707.0,Primary residence,57.86,Good
5034674,101000.0,4714.0,2711.0600000000004,707.0,Primary residence,88.22,Good
5034731,84000.0,2310.0,1444.47,707.0,Primary residence,53.64,Good
5034765,73000.0,2373.0,1313.87,707.0,Primary residence,60.61,Good
5035000,49000.0,1797.0,889.89,708.0,Primary residence,65.8,Good
5035090,22000.0,807.0,641.55,708.0,Primary residence,79.01,Good
5035130,90000.0,1725.0,1163.0,708.0,Primary residence,38.51,Good
5035162,87000.0,2828.0,1223.44,708.0,Primary residence,55.88,Good
5035163,97000.0,3719.0,765.22,708.0,Primary residence,55.47,Good
5035210,91000.0,3110.0,1029.05,708.0,Investment property,54.58,Good
5035327,121000.0,1916.0,1228.58,708.0,Primary residence,31.19,Good
5035462,62000.0,2480.0,1690.28,708.0,Primary residence,80.72,Good
5035553,78000.0,2470.0,785.4,708.0,Primary residence,50.08,Good
5035594,57000.0,2090.0,1138.23,708.0,Primary residence,67.96,Good
5035617,63000.0,2730.0,1844.64,708.0,Primary residence,87.14,Good
5035630,218000.0,7630.0,2081.4500000000003,708.0,Second residence,53.46,Good
5035716,49000.0,2001.0,1140.66,708.0,Primary residence,76.94,Good
5035818,48000.0,1520.0,972.67,708.0,Primary residence,62.32,Good
5035829,246000.0,5740.0,2586.8900000000003,708.0,Primary residence,40.62,Good
5035912,120000.0,3600.0,1124.19,708.0,Primary residence,47.24,Good
5036049,80000.0,2000.0,1044.9,708.0,Primary residence,45.67,Good
5036094,125000.0,1459.0,911.99,708.0,Primary residence,22.76,Good
5036155,400000.0,12000.0,1052.19,708.0,Primary residence,39.16,Good
5036168,55000.0,1284.0,525.09,708.0,Primary residence,39.47,Good
5036196,89000.0,2448.0,1005.47,708.0,Primary residence,46.56,Good
5036244,68000.0,2097.0,1106.78,708.0,Primary residence,56.54,Good
5036290,172000.0,3154.0,724.33,708.0,Primary residence,27.06,Good
5036307,124000.0,2894.0,1174.64,708.0,Primary residence,39.37,Good
5036369,129000.0,5268.0,722.81,708.0,Investment property,55.73,Good
5036485,170000.0,4392.0,2243.13,708.0,Primary residence,46.84,Good
5036504,194000.0,6305.0,1886.47,708.0,Primary residence,50.67,Good
5036530,109000.0,3815.0,861.04,708.0,Primary residence,51.48,Good
5036561,79000.0,2305.0,712.79,708.0,Primary residence,45.84,Good
5036587,184000.0,5827.0,1542.98,708.0,Primary residence,48.07,Good
5036707,233000.0,8738.0,1071.05,708.0,Primary residence,50.52,Good
5036849,125000.0,2917.0,1988.85,708.0,Primary residence,47.1,Good
5036904,115000.0,2492.0,833.22,708.0,Primary residence,34.7,Good
5037065,134000.0,1340.0,1236.99,708.0,Primary residence,23.08,Good
5037101,213000.0,1953.0,1623.14,708.0,Primary residence,20.15,Good
5037160,91000.0,2806.0,724.33,708.0,Primary residence,46.55,Good
5037227,44000.0,1064.0,477.42,708.0,Primary residence,42.04,Good
5037237,87000.0,3553.0,1833.5,709.0,Primary residence,74.3,Good
5037287,193000.0,5630.0,2202.7000000000003,709.0,Primary residence,48.7,Good
5037456,100000.0,3667.0,1798.54,709.0,Primary residence,65.59,Good
5037618,99000.0,3713.0,1097.92,709.0,Primary residence,58.31,Good
5037636,58000.0,1982.0,903.04,709.0,Primary residence,59.69,Good
5024086,179000.0,3730.0,1838.95,709.0,Primary residence,37.33,Good
5024161,205000.0,6150.0,2986.94,709.0,Primary residence,53.48,Good
5024248,202000.0,3704.0,1900.3799999999999,709.0,Primary residence,33.29,Good
5024280,79000.0,2370.0,1031.3799999999999,709.0,Primary residence,51.67,Good
5024294,105000.0,1750.0,712.79,709.0,Primary residence,28.15,Good
5024354,40000.0,1100.0,672.75,709.0,Primary residence,53.18,Good
5024564,120000.0,1900.0,1063.3799999999999,709.0,Primary residence,29.63,Good
5024591,129000.0,5268.0,2961.13,709.0,Primary residence,76.55,Good
5024638,270000.0,4050.0,1303.79,709.0,Primary residence,23.79,Good
5024773,156000.0,2730.0,1888.04,709.0,Primary residence,35.52,Good
5024800,200000.0,6834.0,2365.4700000000003,709.0,Primary residence,55.2,Good
5024833,141000.0,3525.0,1863.5,709.0,Primary residence,45.86,Good
5025037,190000.0,4750.0,672.75,709.0,Second residence,34.25,Good
5025057,401000.0,5013.0,1777.92,709.0,Second residence,20.32,Good
5025061,105000.0,2713.0,1123.48,709.0,Primary residence,43.85,Good
5025167,139000.0,5445.0,3097.6600000000003,709.0,Primary residence,73.75,Good
5025187,68000.0,2040.0,753.52,709.0,Primary residence,49.3,Good
5025216,137000.0,4339.0,1455.71,709.0,Primary residence,50.76,Good
5025255,24000.0,860.0,455.74,709.0,Primary residence,65.79,Good
5025376,80000.0,2934.0,1197.06,709.0,Primary residence,61.97,Good
5025438,141000.0,5640.0,2007.42,709.0,Investment property,65.08,Good
5025454,53000.0,2120.0,1096.84,709.0,Primary residence,72.83,Good
5025462,93000.0,2170.0,914.05,709.0,Primary residence,39.79,Good
5025545,160000.0,2667.0,1014.06,709.0,Primary residence,27.61,Good
5025643,174000.0,4350.0,1593.52,709.0,Primary residence,40.99,Good
5025789,168000.0,6860.0,3265.1000000000004,709.0,Primary residence,72.32,Good
5025854,190000.0,6650.0,2218.5,709.0,Primary residence,56.01,Good
5025880,89000.0,2596.0,1480.03,709.0,Primary residence,54.96,Good
5025891,41000.0,1675.0,1243.62,709.0,Primary residence,85.42,Good
5025904,64000.0,1334.0,693.04,709.0,Primary residence,38.01,Good
5025982,40000.0,900.0,295.55,709.0,Primary residence,35.87,Good
5026032,49000.0,1797.0,683.33,709.0,Primary residence,60.74,Good
5026065,83000.0,1799.0,1040.4,709.0,Primary residence,41.05,Good
5026173,438000.0,10220.0,1869.09,709.0,Second residence,33.12,Good
5026243,94000.0,2899.0,1536.57,709.0,Second residence,56.62,Good
5026279,103000.0,3949.0,1929.65,709.0,Primary residence,68.49,Good
5026412,238000.0,4760.0,1608.87,709.0,Investment property,32.11,Good
5026430,144000.0,3000.0,1851.62,709.0,Primary residence,40.43,Good
5026444,156000.0,5850.0,1827.08,709.0,Primary residence,59.05,Good
5026490,178000.0,3264.0,1943.76,709.0,Primary residence,35.11,Good
5026512,46000.0,1534.0,1049.46,709.0,Primary residence,67.39,Good
5026586,103000.0,2833.0,1365.06,709.0,Primary residence,48.91,Good
5026613,170000.0,6375.0,2586.8900000000003,709.0,Primary residence,63.26,Good
5026645,78000.0,2340.0,716.16,709.0,Primary residence,47.02,Good
5026659,151000.0,4530.0,1481.64,709.0,Primary residence,47.77,Good
5026791,49000.0,1675.0,1081.86,709.0,Primary residence,67.51,Good
5026836,179000.0,5221.0,2755.36,709.0,Primary residence,53.47,Good
5026964,150000.0,2500.0,2099.5800000000004,709.0,Primary residence,36.8,Good
5026992,63000.0,1208.0,768.89,709.0,Primary residence,37.66,Good
5027049,40000.0,1500.0,649.23,709.0,Primary residence,64.48,Good
5027081,104000.0,2947.0,1405.8,710.0,Primary residence,50.22,Good
5027264,67000.0,1675.0,972.67,710.0,Primary residence,47.42,Good
5027322,20000.0,717.0,335.81,710.0,Primary residence,63.17,Good
5027328,92000.0,3757.0,2499.11,710.0,Primary residence,81.6,Good
5027346,95000.0,2850.0,933.17,710.0,Primary residence,47.79,Good
5027370,247000.0,8645.0,2415.11,710.0,Primary residence,53.73,Good
5027375,66000.0,2365.0,777.04,710.0,Primary residence,57.13,Good
5027400,215000.0,3763.0,2708.59,710.0,Primary residence,36.12,Good
5027420,88000.0,2787.0,1740.37,710.0,Primary residence,61.74,Good
5027435,48000.0,1240.0,914.05,710.0,Primary residence,53.85,Good
5027527,168000.0,5040.0,2200.4100000000003,710.0,Primary residence,51.72,Good
5027536,79000.0,2700.0,1131.1,710.0,Primary residence,58.19,Good
5027570,83000.0,2698.0,1323.06,710.0,Primary residence,58.14,Good
5027577,229000.0,3054.0,1998.71,710.0,Primary residence,26.48,Good
5027614,27000.0,990.0,759.56,710.0,Primary residence,77.76,Good
5027651,269000.0,2242.0,972.67,710.0,Primary residence,14.34,Good
5027654,33000.0,1320.0,834.99,710.0,Primary residence,78.36,Good
5027701,110000.0,3025.0,1040.4,710.0,Primary residence,44.35,Good
5027702,17000.0,624.0,517.38,710.0,Primary residence,80.57,Good
5027733,110000.0,2567.0,1055.45,710.0,Primary residence,39.52,Good
5027743,83000.0,3459.0,1071.05,710.0,Primary residence,65.49,Good
5027794,68000.0,2437.0,1014.06,710.0,Primary residence,60.9,Good
5027844,236000.0,4917.0,1239.06,710.0,Primary residence,31.3,Good
5027852,40000.0,1267.0,987.05,710.0,Primary residence,67.62,Good
5027854,78000.0,2535.0,785.85,710.0,Primary residence,51.09,Good
5027872,81000.0,3105.0,1575.07,710.0,Primary residence,69.33,Good
5027900,92000.0,3450.0,1727.6299999999999,710.0,Primary residence,67.53,Good
5027904,164000.0,1777.0,1595.74,710.0,Primary residence,24.68,Good
5027914,43000.0,1290.0,777.04,710.0,Primary residence,57.68,Good
5027959,73000.0,2251.0,875.89,710.0,Primary residence,51.4,Good
5027983,156000.0,5980.0,1410.61,710.0,Second residence,56.85,Good
5028014,208000.0,3467.0,2808.5800000000004,710.0,Primary residence,36.21,Good
5028136,221000.0,8104.0,2382.76,710.0,Primary residence,56.94,Good
5028168,194000.0,5497.0,2328.59,710.0,Primary residence,48.41,Good
5028180,150000.0,4500.0,2289.11,710.0,Primary residence,54.31,Good
5028280,27000.0,833.0,434.59999999999997,710.0,Primary residence,56.34,Good
5028302,241000.0,5624.0,1199.05,710.0,Primary residence,33.97,Good
5028469,508000.0,11854.0,1559.51,710.0,Investment property,31.69,Good
5028586,136000.0,2267.0,1217.09,710.0,Primary residence,30.74,Good
5028656,55000.0,1146.0,580.51,710.0,Primary residence,37.67,Good
5028759,136000.0,3514.0,1055.45,711.0,Primary residence,40.32,Good
5028802,61000.0,2186.0,1071.05,711.0,Primary residence,64.07,Good
5028806,119000.0,1984.0,1071.04,711.0,Primary residence,30.81,Good
5028934,128000.0,2240.0,1873.64,711.0,Primary residence,38.57,Good
5028943,203000.0,5075.0,2275.6800000000003,711.0,Primary residence,43.45,Good
5028961,268000.0,10720.0,1962.94,711.0,Second residence,56.79,Good
5028967,75000.0,1813.0,712.79,711.0,Primary residence,40.41,Good
5029058,95000.0,3167.0,1409.44,711.0,Primary residence,57.81,Good
5029078,47000.0,784.0,418.82,711.0,Primary residence,30.71,Good
5029344,204000.0,7140.0,1300.53,711.0,Investment property,49.65,Good
5029348,87000.0,3335.0,1682.02,711.0,Primary residence,69.2,Good
5029429,112000.0,4574.0,1497.16,711.0,Primary residence,65.05,Good
5029438,256000.0,8320.0,2205.1000000000004,711.0,Primary residence,49.34,Good
5029443,21000.0,403.0,812.79,711.0,Investment property,69.47,Good
5029456,128000.0,4587.0,2669.2900000000004,711.0,Primary residence,68.03,Good
5029532,145000.0,5559.0,1540.81,711.0,Investment property,58.76,Good
5029629,127000.0,2329.0,650.52,711.0,Primary residence,28.15,Good
5029705,,,790.4399999999999,711.0,Primary residence,,Good
5029758,173000.0,6344.0,1241.76,711.0,Primary residence,52.62,Good
5029821,92000.0,2530.0,1616.06,711.0,Primary residence,54.08,Good
5029840,111000.0,4440.0,1133.08,711.0,Primary residence,60.25,Good
5029854,52000.0,1647.0,693.04,711.0,Primary residence,54.0,Good
5029856,50000.0,1792.0,1038.77,711.0,Primary residence,67.94,Good
5029880,69000.0,2818.0,1668.51,711.0,Primary residence,78.03,Good
5029954,,,1888.04,711.0,Primary residence,,Good
5030011,104000.0,3467.0,2421.32,711.0,Primary residence,67.94,Good
5030041,63000.0,2468.0,1017.81,711.0,Primary residence,66.4,Good
5030057,153000.0,4973.0,3133.2200000000003,711.0,Investment property,63.58,Good
5030066,137000.0,5366.0,623.26,711.0,Investment property,52.46,Good
5030216,58000.0,1595.0,1041.39,711.0,Primary residence,54.55,Good
5030298,95000.0,3246.0,1924.64,711.0,Primary residence,65.31,Good
5030315,96000.0,3360.0,1711.62,711.0,Primary residence,63.4,Good
5030369,78000.0,2795.0,418.82,711.0,Second residence,49.44,Good
5030415,77000.0,2760.0,824.52,711.0,Primary residence,55.86,Good
5030420,74000.0,2529.0,1029.05,711.0,Primary residence,57.7,Good
5030471,74000.0,2775.0,1308.89,711.0,Primary residence,66.23,Good
5030512,66000.0,1650.0,1046.8,711.0,Primary residence,49.03,Good
5030604,345000.0,12363.0,2557.82,711.0,Investment property,51.9,Good
5030719,161000.0,4830.0,3532.3300000000004,711.0,Primary residence,62.33,Good
5030807,77000.0,1925.0,1701.08,711.0,Primary residence,56.51,Good
5030852,53000.0,1502.0,567.03,711.0,Primary residence,46.85,Good
5030916,57000.0,1283.0,357.02,711.0,Primary residence,34.53,Good
5031036,129000.0,4300.0,2181.4700000000003,711.0,Primary residence,60.29,Good
5031043,109000.0,3906.0,1919.78,711.0,Primary residence,64.14,Good
5031132,39000.0,1235.0,525.03,711.0,Primary residence,54.15,Good
5031150,81000.0,3240.0,2079.1000000000004,711.0,Primary residence,78.8,Good
5031167,130000.0,2167.0,507.81,711.0,Primary residence,24.69,Good
5031192,221000.0,8840.0,1926.74,711.0,Primary residence,58.46,Good
5031244,215000.0,3942.0,1997.36,711.0,Investment property,33.15,Good
5031402,203000.0,5245.0,3645.4100000000003,711.0,Primary residence,52.55,Good
5031488,108000.0,3780.0,1345.8799999999999,711.0,Primary residence,56.95,Good
5031515,126000.0,4725.0,1106.78,711.0,Investment property,55.54,Good
5031597,142000.0,4852.0,1515.62,711.0,Primary residence,53.81,Good
5031645,77000.0,2054.0,1078.87,711.0,Primary residence,48.82,Good
5031654,161000.0,3489.0,1572.33,711.0,Primary residence,37.72,Good
5031679,83000.0,3390.0,903.76,711.0,Primary residence,62.08,Good
5031736,63000.0,2310.0,1079.37,711.0,Primary residence,64.56,Good
5031746,43000.0,1470.0,859.67,711.0,Primary residence,65.01,Good
5031756,108000.0,3150.0,1106.78,712.0,Primary residence,47.3,Good
5031767,98000.0,2695.0,1550.1,712.0,Primary residence,51.98,Good
5031773,139000.0,3128.0,819.04,712.0,Primary residence,34.08,Good
5031803,137000.0,3882.0,1183.05,712.0,Primary residence,44.37,Good
5031807,48000.0,1560.0,735.04,712.0,Primary residence,57.38,Good
5031815,126000.0,2940.0,1247.55,712.0,Primary residence,39.88,Good
5031894,115000.0,2875.0,1701.8799999999999,712.0,Primary residence,47.76,Good
5031911,113000.0,1695.0,807.11,712.0,Primary residence,26.57,Good
5031969,129000.0,4408.0,3434.6200000000003,712.0,Primary residence,72.95,Good
5032032,43000.0,1649.0,1393.49,712.0,Primary residence,84.91,Good
5032088,123000.0,3690.0,1281.06,712.0,Primary residence,48.5,Good
5032193,53000.0,1546.0,724.33,712.0,Primary residence,51.4,Good
5032213,104000.0,4247.0,3063.96,712.0,Primary residence,84.36,Good
5032261,88000.0,1834.0,710.93,712.0,Primary residence,34.7,Good
5032325,114000.0,2660.0,903.76,712.0,Primary residence,37.51,Good
5032348,133000.0,3325.0,847.93,712.0,Primary residence,37.65,Good
5032382,471000.0,6673.0,1953.09,712.0,Primary residence,21.98,Good
5032406,77000.0,2952.0,2048.8100000000004,712.0,Primary residence,77.93,Good
5032463,115000.0,3834.0,2277.6000000000004,712.0,Primary residence,63.77,Good
5032470,33000.0,963.0,672.75,712.0,Primary residence,59.48,Good
5032495,49000.0,1879.0,1400.02,712.0,Primary residence,80.3,Good
5032604,52000.0,1734.0,1231.29,712.0,Primary residence,68.43,Good
5032638,98000.0,3267.0,947.85,712.0,Primary residence,51.61,Good
5032699,150000.0,4375.0,2097.6400000000003,712.0,Primary residence,51.78,Good
5032721,63000.0,1313.0,509.14,712.0,Primary residence,34.71,Good
5032786,34000.0,1190.0,819.04,712.0,Primary residence,70.91,Good
5032791,120000.0,3600.0,1540.81,712.0,Primary residence,51.41,Good
5032799,20000.0,600.0,462.9,712.0,Primary residence,63.77,Good
5032870,91000.0,3640.0,1827.08,712.0,Primary residence,72.09,Good
5032900,65000.0,1625.0,985.14,712.0,Primary residence,48.19,Good
5032917,169000.0,1831.0,1469.35,712.0,Primary residence,23.43,Good
5033013,353000.0,9120.0,1920.29,712.0,Primary residence,37.53,Good
5033040,82000.0,2870.0,990.21,712.0,Primary residence,56.49,Good
5033067,51000.0,1445.0,517.38,712.0,Primary residence,46.17,Good
5033099,198000.0,3960.0,2163.1000000000004,712.0,Primary residence,37.11,Good
5033110,126000.0,4620.0,2700.9700000000003,712.0,Primary residence,69.72,Good
5033130,93000.0,3565.0,1598.3799999999999,712.0,Primary residence,66.62,Good
5033212,103000.0,2575.0,1644.5,712.0,Primary residence,49.16,Good
5033219,138000.0,3910.0,1771.49,712.0,Primary residence,49.4,Good
5033314,109000.0,1090.0,727.42,712.0,Primary residence,20.01,Good
5033519,140000.0,1984.0,1049.46,712.0,Primary residence,26.0,Good
5033524,166000.0,2767.0,1863.5,712.0,Primary residence,33.47,Good
5033584,26000.0,845.0,567.03,712.0,Primary residence,65.17,Good
5033621,81000.0,2768.0,632.78,712.0,Primary residence,50.38,Good
5033688,82000.0,1367.0,868.5,712.0,Primary residence,32.71,Good
5033794,83000.0,2214.0,1384.49,712.0,Primary residence,52.03,Good
5034006,249000.0,6225.0,1241.71,712.0,Primary residence,35.98,Good
5034033,52000.0,1517.0,1012.33,712.0,Second residence,58.37,Good
5034131,95000.0,2296.0,568.35,712.0,Primary residence,36.18,Good
5034196,274000.0,2512.0,3124.96,712.0,Primary residence,24.69,Good
5034203,119000.0,3570.0,987.05,712.0,Primary residence,45.95,Good
5034236,77000.0,2182.0,1071.05,713.0,Primary residence,50.7,Good
5034311,89000.0,2893.0,1079.37,713.0,Primary residence,53.56,Good
5034312,369000.0,8303.0,451.62,713.0,Investment property,28.47,Good
5034319,114000.0,4085.0,1303.79,713.0,Primary residence,56.72,Good
5034363,58000.0,1740.0,651.03,713.0,Primary residence,49.47,Good
5034394,70000.0,1284.0,507.81,713.0,Primary residence,30.72,Good
5034413,49000.0,1348.0,651.03,713.0,Primary residence,48.96,Good
5034589,93000.0,3333.0,1653.22,713.0,Primary residence,64.34,Good
5034700,227000.0,6621.0,2094.07,713.0,Primary residence,46.07,Good
5034725,65000.0,1842.0,1303.79,713.0,Primary residence,58.08,Good
5034727,111000.0,3978.0,1591.12,713.0,Investment property,60.21,Good
5034754,44000.0,1174.0,447.46,713.0,Primary residence,44.22,Good
5034789,80000.0,2800.0,1283.02,713.0,Primary residence,61.25,Good
5034796,90000.0,2925.0,1527.41,713.0,Primary residence,59.37,Good
5034820,101000.0,3367.0,1974.85,713.0,Primary residence,63.47,Good
5034897,75000.0,2063.0,861.04,713.0,Primary residence,46.78,Good
5034907,57000.0,1853.0,777.04,713.0,Primary residence,55.37,Good
5034981,365000.0,7605.0,3633.1600000000003,713.0,Primary residence,36.95,Good
5035060,36000.0,1110.0,574.41,713.0,Primary residence,56.15,Good
5035077,,,693.04,713.0,Primary residence,,Good
5035103,98000.0,3185.0,2255.76,713.0,Primary residence,66.62,Good
5035231,179000.0,3282.0,1613.8,713.0,Primary residence,32.82,Good
5035255,19000.0,650.0,470.13,713.0,Primary residence,70.75,Good
5035267,142000.0,2840.0,1596.45,713.0,Primary residence,37.49,Good
5035334,212000.0,2827.0,1883.25,713.0,Primary residence,26.66,Good
5035397,54000.0,2025.0,1552.1299999999999,713.0,Primary residence,79.49,Good
5035427,155000.0,5038.0,1732.73,713.0,Primary residence,52.42,Good
5035532,67000.0,1452.0,1014.06,713.0,Primary residence,44.17,Good
5035560,132000.0,3410.0,2304.65,713.0,Primary residence,51.95,Good
5035584,124000.0,4134.0,2526.03,713.0,Primary residence,64.45,Good
5035633,105000.0,1225.0,833.17,713.0,Primary residence,23.52,Good
5035709,111000.0,2498.0,1613.8,713.0,Primary residence,44.45,Good
5035752,230000.0,4600.0,954.15,713.0,Second residence,28.98,Good
5035948,79000.0,2436.0,1510.74,713.0,Primary residence,59.95,Good
5036023,156000.0,5460.0,1992.44,713.0,Primary residence,57.33,Good
5036027,441000.0,4410.0,5002.02,713.0,Primary residence,25.61,Good
5036038,33000.0,1155.0,462.9,713.0,Primary residence,58.83,Good
5036091,325000.0,5417.0,987.05,713.0,Investment property,23.65,Good
5036119,66000.0,1980.0,1328.68,713.0,Primary residence,60.16,Good
5036187,53000.0,1723.0,765.22,713.0,Primary residence,56.34,Good
5036243,109000.0,3997.0,1407.07,713.0,Primary residence,59.49,Good
5036343,33000.0,1073.0,499.03,713.0,Primary residence,57.16,Good
5036352,62000.0,1809.0,738.52,714.0,Primary residence,49.31,Good
5036358,78000.0,3055.0,1975.45,714.0,Primary residence,77.39,Good
5036400,60000.0,2250.0,1019.98,714.0,Primary residence,65.4,Good
5036637,60000.0,2400.0,1236.99,714.0,Primary residence,72.74,Good
5036805,77000.0,2182.0,393.34,714.0,Primary residence,40.14,Good
5036838,61000.0,1983.0,1451.66,714.0,Primary residence,67.57,Good
5036866,76000.0,2154.0,926.76,714.0,Primary residence,48.64,Good
5036919,96000.0,2880.0,1071.04,714.0,Primary residence,49.39,Good
5036967,138000.0,4025.0,2356.48,714.0,Primary residence,55.49,Good
5036984,146000.0,5962.0,3310.9900000000002,714.0,Primary residence,76.22,Good
5037030,56000.0,1960.0,1283.02,714.0,Primary residence,69.49,Good
5037107,219000.0,4015.0,2670.4,714.0,Primary residence,36.63,Good
5037198,76000.0,2280.0,305.49,714.0,Second residence,40.82,Good
5037206,196000.0,1960.0,1924.64,714.0,Primary residence,23.78,Good
5037232,63000.0,1050.0,543.36,714.0,Primary residence,30.35,Good
5037269,21000.0,525.0,315.02,714.0,Primary residence,48.0,Good
5037278,358000.0,7160.0,5394.34,714.0,Primary residence,42.08,Good
5037296,127000.0,4128.0,1393.49,714.0,Primary residence,52.17,Good
5037403,34000.0,1247.0,886.63,714.0,Primary residence,75.3,Good
5037467,117000.0,1268.0,613.8199999999999,714.0,Primary residence,19.3,Good
5037495,76000.0,2027.0,1469.35,714.0,Primary residence,55.21,Good
5037535,136000.0,2607.0,1242.29,714.0,Primary residence,33.96,Good
5037563,92000.0,2760.0,1220.29,714.0,Primary residence,51.92,Good
5037580,105000.0,2538.0,1230.87,714.0,Primary residence,43.07,Good
5037599,351000.0,10238.0,4362.01,714.0,Primary residence,49.91,Good
5037607,61000.0,2034.0,1097.92,714.0,Primary residence,61.61,Good
5024133,73000.0,2312.0,1690.28,714.0,Primary residence,65.79,Good
5024164,77000.0,3080.0,1869.09,714.0,Primary residence,77.13,Good
5024167,60000.0,1700.0,1179.62,714.0,Investment property,57.59,Good
5024200,93000.0,1473.0,848.5,714.0,Second residence,29.95,Good
5024278,27000.0,720.0,462.9,714.0,Primary residence,52.57,Good
5024314,407000.0,5427.0,3331.0600000000004,714.0,Primary residence,25.82,Good
5024401,210000.0,4900.0,2835.23,714.0,Second residence,44.2,Good
5024453,255000.0,5525.0,2462.71,714.0,Primary residence,37.59,Good
5024454,123000.0,3178.0,2255.82,714.0,Primary residence,53.01,Good
5024459,139000.0,3939.0,1179.62,714.0,Primary residence,44.19,Good
5024472,51000.0,1530.0,1239.06,714.0,Primary residence,65.15,Good
5024497,95000.0,2613.0,1827.08,714.0,Primary residence,56.09,Good
5024502,91000.0,2655.0,1477.71,714.0,Primary residence,54.5,Good
5024584,72000.0,2520.0,1916.95,714.0,Primary residence,73.95,Good
5024644,90000.0,2175.0,1354.54,714.0,Primary residence,47.06,Good
5024895,48000.0,1400.0,759.56,714.0,Primary residence,53.99,Good
5024926,92000.0,2147.0,933.17,714.0,Primary residence,40.18,Good
5024932,54000.0,1080.0,712.79,714.0,Primary residence,39.84,Good
5024944,147000.0,3063.0,1281.06,714.0,Primary residence,35.46,Good
5024971,130000.0,3467.0,2237.26,714.0,Primary residence,52.65,Good
5024984,95000.0,2692.0,1271.18,714.0,Primary residence,50.06,Good
5024991,154000.0,2952.0,1071.05,714.0,Primary residence,31.35,Good
5025000,65000.0,2059.0,595.16,714.0,Primary residence,49.0,Good
5025079,51000.0,1190.0,746.18,714.0,Primary residence,45.56,Good
5025085,198000.0,2475.0,1568.14,714.0,Primary residence,24.5,Good
5025108,120000.0,4300.0,2541.1200000000003,714.0,Primary residence,68.41,Good
5025144,21000.0,858.0,609.03,714.0,Primary residence,83.83,Good
5025170,156000.0,4550.0,2975.0600000000004,714.0,Primary residence,57.89,Good
5025313,138000.0,2760.0,1155.06,714.0,Primary residence,34.04,Good
5025364,77000.0,1348.0,933.35,714.0,Primary residence,35.55,Good
5025409,91000.0,1441.0,724.33,714.0,Primary residence,28.55,Good
5025497,161000.0,3623.0,1575.07,714.0,Primary residence,38.74,Good
5025523,145000.0,4713.0,2402.67,714.0,Primary residence,58.89,Good
5025531,399000.0,12303.0,3051.44,714.0,Primary residence,46.18,Good
5025557,133000.0,1441.0,1029.05,715.0,Primary residence,22.29,Good
5025586,97000.0,2991.0,1236.99,715.0,Investment property,52.31,Good
5025627,100000.0,2584.0,1912.0,715.0,Primary residence,53.95,Good
5025647,60000.0,1750.0,1410.61,715.0,Primary residence,63.21,Good
5025686,213000.0,3550.0,2650.19,715.0,Primary residence,34.93,Good
5025691,53000.0,1635.0,777.75,715.0,Primary residence,54.63,Good
5025699,109000.0,3543.0,2200.4100000000003,715.0,Investment property,63.23,Good
5025736,103000.0,2833.0,819.04,715.0,Primary residence,42.55,Good
5025766,126000.0,4305.0,976.5699999999999,715.0,Second residence,50.3,Good
5025800,48000.0,1520.0,1213.03,715.0,Primary residence,68.33,Good
5025821,63000.0,1260.0,854.96,715.0,Primary residence,40.28,Good
5025898,117000.0,3218.0,1883.25,715.0,Primary residence,52.32,Good
5025902,118000.0,2557.0,1175.93,715.0,Primary residence,37.96,Good
5025912,95000.0,1900.0,1449.69,715.0,Primary residence,42.31,Good
5026015,24000.0,860.0,600.16,715.0,Primary residence,73.01,Good
5026051,128000.0,3840.0,973.28,715.0,Primary residence,45.12,Good
5026053,118000.0,3147.0,1658.83,715.0,Primary residence,48.87,Good
5026203,116000.0,3190.0,631.33,715.0,Primary residence,39.53,Good
5026212,67000.0,2290.0,1124.19,715.0,Primary residence,61.15,Good
5026286,87000.0,3480.0,1155.06,715.0,Primary residence,63.93,Good
5026294,60000.0,1200.0,291.03999999999996,715.0,Primary residence,29.82,Good
5026352,90000.0,2250.0,903.04,715.0,Primary residence,42.04,Good
5026417,57000.0,2043.0,861.04,715.0,Primary residence,61.14,Good
5026523,61000.0,2085.0,848.5,715.0,Primary residence,57.71,Good
5026559,88000.0,2934.0,1800.47,715.0,Primary residence,64.56,Good
5026567,43000.0,1398.0,427.68,715.0,Primary residence,50.95,Good
5026611,159000.0,5963.0,861.04,715.0,Investment property,51.5,Good
5026746,147000.0,4533.0,2464.2200000000003,715.0,Primary residence,57.12,Good
5026797,101000.0,1600.0,525.03,715.0,Second residence,25.25,Good
5026829,240000.0,6200.0,1496.42,715.0,Investment property,38.48,Good
5026841,37000.0,956.0,722.81,715.0,Primary residence,54.45,Good
5026853,117000.0,3803.0,1150.19,715.0,Primary residence,50.8,Good
5027111,161000.0,1342.0,1443.1299999999999,715.0,Primary residence,20.76,Good
5027127,46000.0,1610.0,609.03,715.0,Primary residence,57.89,Good
5027225,46000.0,1380.0,846.37,715.0,Primary residence,58.08,Good
5027275,79000.0,2107.0,1054.81,715.0,Primary residence,48.03,Good
5027280,64000.0,1867.0,525.03,715.0,Primary residence,44.85,Good
5027309,349000.0,10180.0,3146.73,715.0,Primary residence,45.82,Good
5027409,130000.0,4875.0,2670.4,715.0,Primary residence,69.65,Good
5027444,61000.0,1932.0,1540.81,715.0,Primary residence,68.32,Good
5027473,80000.0,2600.0,1097.92,715.0,Primary residence,55.47,Good
5027503,30000.0,825.0,525.58,715.0,Primary residence,54.02,Good
5027544,76000.0,2977.0,1300.53,715.0,Primary residence,67.54,Good
5027665,84000.0,3080.0,759.56,715.0,Primary residence,54.85,Good
5027748,120000.0,2600.0,724.33,715.0,Primary residence,33.24,Good
5027775,33000.0,1073.0,641.55,716.0,Primary residence,62.35,Good
5027799,46000.0,1227.0,325.53,716.0,Primary residence,40.5,Good
5027816,18000.0,480.0,295.55,716.0,Primary residence,51.7,Good
5027836,93000.0,1860.0,1405.22,716.0,Primary residence,42.13,Good
5027895,71000.0,2308.0,883.47,716.0,Primary residence,53.94,Good
5027901,86000.0,2652.0,1323.8,716.0,Primary residence,55.48,Good
5027964,249000.0,9130.0,1155.06,716.0,Investment property,49.57,Good
5028022,51000.0,1658.0,735.04,716.0,Primary residence,56.31,Good
5028045,120000.0,4500.0,1563.7,716.0,Investment property,60.64,Good
5028055,104000.0,3900.0,1174.98,716.0,Primary residence,58.56,Good
5028213,135000.0,2700.0,1575.07,716.0,Primary residence,38.0,Good
5028279,43000.0,359.0,426.61,716.0,Primary residence,21.92,Good
5028296,43000.0,968.0,551.08,716.0,Primary residence,42.39,Good
5028349,165000.0,4950.0,2793.13,716.0,Primary residence,56.31,Good
5028369,90000.0,2400.0,1186.51,716.0,Primary residence,47.82,Good
5028427,88000.0,2860.0,600.16,716.0,Second residence,47.18,Good
5028465,44000.0,990.0,462.9,716.0,Primary residence,39.62,Good
5028478,110000.0,3117.0,475.99,716.0,Primary residence,39.2,Good
5028562,77000.0,1476.0,771.5,716.0,Primary residence,35.03,Good
5028633,335000.0,5584.0,4225.31,716.0,Investment property,35.14,Good
5028673,118000.0,2459.0,972.67,716.0,Primary residence,34.9,Good
5028709,101000.0,3704.0,1117.17,716.0,Primary residence,57.28,Good
5028781,231000.0,3658.0,1155.06,716.0,Primary residence,25.0,Good
5028797,102000.0,935.0,1054.81,716.0,Primary residence,23.41,Good
5028827,27000.0,990.0,595.16,716.0,Primary residence,70.45,Good
5028891,102000.0,3145.0,956.45,716.0,Primary residence,48.25,Good
5028895,20000.0,650.0,374.73,716.0,Primary residence,61.48,Good
5028965,34000.0,1389.0,889.77,716.0,Primary residence,80.43,Good
5028977,118000.0,3540.0,1144.27,716.0,Primary residence,47.64,Good
5028990,60000.0,2000.0,1117.17,716.0,Primary residence,62.34,Good
5029017,34000.0,1049.0,483.03,716.0,Primary residence,54.07,Good
5029118,201000.0,7538.0,2229.4500000000003,716.0,Primary residence,58.31,Good
5029239,56000.0,2380.0,1150.19,716.0,Primary residence,75.65,Good
5029300,67000.0,1731.0,889.89,716.0,Primary residence,46.94,Good
5029345,112000.0,3080.0,1038.64,716.0,Primary residence,44.13,Good
5029357,111000.0,1943.0,1676.3,716.0,Primary residence,39.13,Good
5029402,68000.0,2437.0,1256.45,716.0,Primary residence,65.18,Good
5029637,49000.0,1348.0,1799.94,716.0,Investment property,77.09,Good
5029659,173000.0,3028.0,1427.96,716.0,Primary residence,30.91,Good
5029662,25000.0,938.0,506.99,716.0,Primary residence,69.36,Good
5029752,194000.0,4204.0,2011.83,716.0,Primary residence,38.45,Good
5029850,289000.0,4576.0,1471.19,716.0,Primary residence,25.11,Good
5029951,102000.0,3570.0,1303.16,716.0,Investment property,57.33,Good
5029985,141000.0,5758.0,3553.9,716.0,Investment property,79.25,Good
5030021,162000.0,5400.0,955.53,716.0,Investment property,47.08,Good
5030037,110000.0,917.0,987.05,716.0,Primary residence,20.77,Good
5030082,135000.0,3375.0,1659.08,717.0,Primary residence,44.75,Good
5030138,93000.0,2635.0,1439.87,717.0,Primary residence,52.58,Good
5030203,78000.0,2405.0,847.93,717.0,Primary residence,50.05,Good
5030220,63000.0,1575.0,716.16,717.0,Primary residence,43.64,Good
5030255,81000.0,2633.0,1550.1,717.0,Primary residence,61.97,Good
5030267,51000.0,1190.0,639.25,717.0,Primary residence,43.04,Good
5030345,306000.0,7650.0,2029.82,717.0,Primary residence,37.96,Good
5030486,141000.0,4348.0,1096.97,717.0,Primary residence,46.34,Good
5030547,70000.0,2859.0,1242.12,717.0,Primary residence,70.3,Good
5030574,197000.0,5910.0,2625.8900000000003,717.0,Primary residence,52.0,Good
5030792,119000.0,4165.0,1430.62,717.0,Primary residence,56.43,Good
5030821,81000.0,1485.0,559.68,717.0,Primary residence,30.29,Good
5030931,407000.0,8480.0,2118.4700000000003,717.0,Primary residence,31.25,Good
5030987,84000.0,3360.0,771.91,717.0,Primary residence,59.03,Good
5031021,55000.0,1238.0,745.27,717.0,Primary residence,43.27,Good
5031123,199000.0,4975.0,2114.96,717.0,Primary residence,42.75,Good
5031134,94000.0,2664.0,1101.7,717.0,Primary residence,48.07,Good
5031163,170000.0,5525.0,2094.07,717.0,Investment property,53.78,Good
5031189,210000.0,2450.0,693.04,717.0,Primary residence,17.96,Good
5031227,84000.0,1120.0,815.59,717.0,Primary residence,27.65,Good
5031344,78000.0,2015.0,929.33,717.0,Primary residence,45.3,Good
5031388,52000.0,867.0,575.51,717.0,Primary residence,33.29,Good
5031569,65000.0,1680.0,911.99,717.0,Primary residence,47.85,Good
5031734,,,2529.73,717.0,Primary residence,,Good
5031940,200000.0,7334.0,1520.96,717.0,Primary residence,53.13,Good
5032051,36000.0,1470.0,972.67,717.0,Primary residence,81.42,Good
5032114,100000.0,3834.0,1407.07,717.0,Primary residence,62.89,Good
5032119,150000.0,2750.0,1323.8,717.0,Primary residence,32.59,Good
5032123,128000.0,4480.0,1714.43,717.0,Primary residence,58.07,Good
5032144,71000.0,2071.0,999.53,717.0,Investment property,51.9,Good
5032272,97000.0,1617.0,626.64,717.0,Primary residence,27.76,Good
5032314,296000.0,4934.0,3337.8900000000003,717.0,Primary residence,33.53,Good
5032361,77000.0,1669.0,875.66,717.0,Primary residence,39.66,Good
5032371,118000.0,2164.0,1872.93,717.0,Primary residence,41.05,Good
5032414,194000.0,4689.0,1559.1,717.0,Primary residence,38.65,Good
5032478,167000.0,4036.0,1071.05,717.0,Primary residence,36.7,Good
5032486,66000.0,1540.0,462.9,717.0,Investment property,36.42,Good
5032530,173000.0,2307.0,1000.72,717.0,Primary residence,22.94,Good
5032618,95000.0,4434.0,819.04,717.0,Second residence,66.35,Good
5032649,98000.0,3757.0,604.45,717.0,Primary residence,53.41,Good
5032692,92000.0,1687.0,1113.05,717.0,Primary residence,36.52,Good
5032750,58000.0,2224.0,759.56,717.0,Primary residence,61.73,Good
5032781,60000.0,2350.0,949.79,717.0,Primary residence,66.0,Good
5032794,108000.0,1530.0,1049.46,717.0,Primary residence,28.66,Good
5032849,77000.0,3080.0,1966.03,717.0,Primary residence,78.64,Good
5032872,51000.0,1403.0,651.03,717.0,Primary residence,48.33,Good
5032890,154000.0,2824.0,2219.8300000000004,717.0,Primary residence,39.3,Good
5032913,56000.0,2194.0,1029.05,717.0,Primary residence,69.07,Good
5032992,95000.0,3642.0,2157.6800000000003,717.0,Primary residence,73.26,Good
5033000,128000.0,2027.0,828.3199999999999,718.0,Primary residence,26.77,Good
5033015,198000.0,4125.0,1924.64,718.0,Primary residence,36.66,Good
5033024,404000.0,6734.0,3690.0400000000004,718.0,Investment property,30.96,Good
5033114,42000.0,1715.0,925.41,718.0,Primary residence,75.44,Good
5033122,36000.0,1320.0,516.29,718.0,Primary residence,61.21,Good
5033124,82000.0,3349.0,1160.83,718.0,Primary residence,66.0,Good
5033154,61000.0,2085.0,875.72,718.0,Primary residence,58.24,Good
5033343,63000.0,1943.0,716.16,718.0,Primary residence,50.65,Good
5033377,55000.0,2017.0,1155.06,718.0,Primary residence,69.21,Good
5033388,82000.0,3144.0,1174.98,718.0,Primary residence,63.2,Good
5033394,85000.0,3330.0,1533.07,718.0,Primary residence,68.66,Good
5033594,33000.0,1045.0,599.92,718.0,Primary residence,59.82,Good
5033660,180000.0,6600.0,1323.06,718.0,Primary residence,52.82,Good
5033667,103000.0,3005.0,1340.42,718.0,Primary residence,50.63,Good
5033695,130000.0,4009.0,838.4399999999999,718.0,Primary residence,44.75,Good
5033699,129000.0,2580.0,1323.8,718.0,Investment property,36.31,Good
5033724,81000.0,1688.0,862.42,718.0,Primary residence,37.78,Good
5033730,62000.0,827.0,315.02,718.0,Primary residence,22.1,Good
5033739,65000.0,1625.0,848.5,718.0,Primary residence,45.66,Good
5033755,62000.0,1860.0,562.09,718.0,Primary residence,46.88,Good
5033771,140000.0,2100.0,1059.53,718.0,Primary residence,27.08,Good
5033795,77000.0,1348.0,957.18,718.0,Primary residence,35.92,Good
5033801,111000.0,3793.0,1197.06,718.0,Primary residence,53.95,Good
5033827,152000.0,3800.0,2090.2000000000003,718.0,Primary residence,46.5,Good
5033863,40000.0,1467.0,567.03,718.0,Primary residence,61.02,Good
5033873,116000.0,3287.0,1785.47,718.0,Primary residence,52.47,Good
5033891,69000.0,2185.0,1174.64,718.0,Primary residence,58.43,Good
5033896,191000.0,4616.0,1516.79,718.0,Primary residence,38.53,Good
5033939,151000.0,4405.0,1617.08,718.0,Primary residence,47.86,Good
5033941,172000.0,2580.0,1038.64,718.0,Primary residence,25.25,Good
5034050,21000.0,823.0,416.68,718.0,Primary residence,70.84,Good
5034071,127000.0,2540.0,1584.22,718.0,Primary residence,38.97,Good
5034086,128000.0,2027.0,886.02,718.0,Primary residence,27.31,Good
5034112,144000.0,2280.0,672.75,718.0,Primary residence,24.61,Good
5034190,172000.0,3584.0,1608.87,718.0,Primary residence,36.23,Good
5034252,78000.0,1495.0,1144.26,718.0,Primary residence,40.6,Good
5034274,128000.0,2987.0,2379.67,718.0,Primary residence,50.31,Good
5034296,83000.0,2975.0,1763.32,718.0,Primary residence,68.51,Good
5034301,121000.0,2723.0,713.89,718.0,Primary residence,34.08,Good
5034382,83000.0,1384.0,629.35,718.0,Primary residence,29.11,Good
5034426,137000.0,4910.0,4439.72,718.0,Primary residence,81.9,Good
5034544,89000.0,1780.0,1718.61,718.0,Primary residence,47.17,Good
5034558,70000.0,817.0,692.6,718.0,Primary residence,25.88,Good
5034715,245000.0,7759.0,2358.59,718.0,Investment property,49.56,Good
5034812,93000.0,3643.0,889.77,718.0,Investment property,58.49,Good
5034927,61000.0,1119.0,898.3,718.0,Primary residence,39.68,Good
5034944,119000.0,4562.0,2107.6400000000003,718.0,Primary residence,67.26,Good
5035040,40000.0,1534.0,759.56,718.0,Primary residence,68.81,Good
5035064,111000.0,3793.0,1533.07,718.0,Primary residence,57.58,Good
5035085,86000.0,2724.0,1879.37,718.0,Primary residence,64.23,Good
5035147,76000.0,1900.0,1302.52,718.0,Primary residence,50.57,Good
5035196,144000.0,4560.0,1420.07,718.0,Primary residence,49.83,Good
5035227,136000.0,2380.0,1345.03,718.0,Primary residence,32.87,Good
5035234,49000.0,1062.0,637.67,718.0,Primary residence,41.62,Good
5035280,22000.0,697.0,436.3,718.0,Primary residence,61.82,Good
5035322,252000.0,4410.0,2214.3700000000003,719.0,Primary residence,31.54,Good
5035323,157000.0,4318.0,1701.08,719.0,Primary residence,46.01,Good
5035386,87000.0,2538.0,1360.34,719.0,Primary residence,53.77,Good
5035414,152000.0,3420.0,1094.72,719.0,Primary residence,35.64,Good
5035439,46000.0,1802.0,462.9,719.0,Second residence,59.08,Good
5035474,194000.0,9862.0,5818.47,719.0,Second residence,96.99,Good
5035603,33000.0,1018.0,651.03,719.0,Primary residence,60.69,Good
5035618,35000.0,1400.0,567.03,719.0,Primary residence,67.44,Good
5035643,95000.0,3563.0,2423.4900000000002,719.0,Primary residence,75.62,Good
5035653,108000.0,3330.0,991.93,719.0,Primary residence,48.02,Good
5035700,100000.0,2750.0,1649.6,719.0,Primary residence,52.8,Good
5035835,47000.0,1254.0,441.02,719.0,Primary residence,43.28,Good
5035872,62000.0,1757.0,1231.0,719.0,Primary residence,57.83,Good
5035877,131000.0,4585.0,2172.98,719.0,Primary residence,61.91,Good
5035907,100000.0,3334.0,1701.8799999999999,719.0,Primary residence,60.43,Good
5035931,61000.0,1881.0,1262.4,719.0,Primary residence,61.84,Good
5036043,,,900.27,719.0,Primary residence,,Good
5036123,48000.0,1920.0,735.04,719.0,Primary residence,66.38,Good
5036127,40000.0,1200.0,631.33,719.0,Primary residence,54.94,Good
5036136,83000.0,3182.0,2105.05,719.0,Primary residence,76.44,Good
5036214,131000.0,5022.0,1516.79,719.0,Primary residence,59.9,Good
5036272,43000.0,1505.0,374.73,719.0,Primary residence,52.46,Good
5036289,69000.0,1725.0,889.77,719.0,Primary residence,45.47,Good
5036449,101000.0,3620.0,1703.92,719.0,Primary residence,63.25,Good
5036500,75000.0,2875.0,1160.83,719.0,Primary residence,64.57,Good
5036590,148000.0,3084.0,2236.0600000000004,719.0,Primary residence,43.14,Good
5036596,100000.0,1667.0,815.59,719.0,Primary residence,29.79,Good
5036626,211000.0,2286.0,945.05,719.0,Primary residence,18.38,Good
5036677,125000.0,1250.0,1230.73,719.0,Primary residence,23.82,Good
5036680,291000.0,9700.0,3171.2200000000003,719.0,Second residence,53.08,Good
5036702,120000.0,1800.0,759.56,719.0,Primary residence,25.6,Good
5036810,92000.0,2530.0,1323.8,719.0,Primary residence,50.27,Good
5036833,55000.0,1788.0,875.72,719.0,Primary residence,58.12,Good
5036913,137000.0,5595.0,1314.67,719.0,Primary residence,60.52,Good
5037043,53000.0,2165.0,1596.45,719.0,Primary residence,85.16,Good
5037071,220000.0,7334.0,2270.4100000000003,719.0,Investment property,52.39,Good
5037144,156000.0,5590.0,2079.1000000000004,719.0,Primary residence,58.99,Good
5037274,337000.0,5055.0,3075.36,719.0,Primary residence,28.95,Good
5037310,185000.0,3084.0,1546.3,719.0,Primary residence,30.03,Good
5037324,59000.0,640.0,506.99,719.0,Primary residence,23.33,Good
5037340,126000.0,1575.0,649.23,719.0,Primary residence,21.18,Good
5037382,105000.0,4288.0,2138.3700000000003,719.0,Primary residence,73.44,Good
5037429,75000.0,2375.0,926.76,719.0,Primary residence,52.83,Good
5037507,275000.0,7563.0,2499.11,719.0,Primary residence,43.91,Good
5037594,175000.0,2771.0,1155.95,720.0,Primary residence,26.93,Good
5037621,125000.0,1355.0,1013.49,720.0,Primary residence,22.74,Good
5024227,81000.0,2498.0,1079.37,720.0,Primary residence,53.0,Good
5024364,199000.0,5473.0,1883.25,720.0,Second residence,44.36,Good
5024382,27000.0,945.0,509.14,720.0,Primary residence,64.63,Good
5024384,78000.0,1235.0,848.73,720.0,Primary residence,32.06,Good
5024385,126000.0,1260.0,1283.02,720.0,Primary residence,24.22,Good
5024393,1466000.0,12217.0,6502.64,720.0,Investment property,15.32,Good
5024486,156000.0,4290.0,3040.4500000000003,720.0,Primary residence,56.39,Good
5024512,36000.0,1020.0,710.93,720.0,Primary residence,57.7,Good
5024559,71000.0,1835.0,581.13,720.0,Primary residence,40.84,Good
5024568,57000.0,1663.0,662.26,720.0,Primary residence,48.95,Good
5024615,80000.0,3000.0,1917.73,720.0,Primary residence,73.77,Good
5024617,121000.0,2219.0,1124.19,720.0,Primary residence,33.16,Good
5024668,268000.0,5807.0,1134.4,720.0,Primary residence,31.08,Good
5024689,80000.0,2400.0,829.01,720.0,Primary residence,48.44,Good
5024724,148000.0,5427.0,2457.11,720.0,Primary residence,63.93,Good
5024845,84000.0,3430.0,1141.56,720.0,Primary residence,65.31,Good
5024902,95000.0,1188.0,609.03,720.0,Primary residence,22.7,Good
5024995,109000.0,3361.0,2193.8100000000004,720.0,Primary residence,61.15,Good
5025029,60000.0,1500.0,399.02,720.0,Primary residence,37.98,Good
5025122,307000.0,7675.0,3036.9700000000003,720.0,Primary residence,41.87,Good
5025201,105000.0,2800.0,1155.06,720.0,Primary residence,45.2,Good
5025204,198000.0,4455.0,2072.9900000000002,720.0,Primary residence,39.56,Good
5025224,85000.0,3471.0,1893.99,720.0,Primary residence,75.74,Good
5025225,129000.0,4193.0,1593.52,720.0,Primary residence,53.83,Good
5025235,155000.0,3359.0,2059.6600000000003,720.0,Primary residence,41.95,Good
5025261,65000.0,2005.0,649.23,720.0,Primary residence,49.0,Good
5025320,31000.0,1266.0,901.75,720.0,Primary residence,83.91,Good
5025367,416000.0,12134.0,7429.530000000001,720.0,Primary residence,56.43,Good
5025413,99000.0,1815.0,1029.05,720.0,Primary residence,34.47,Good
5025445,181000.0,3017.0,1364.49,720.0,Primary residence,29.05,Good
5025511,175000.0,4230.0,2247.1000000000004,720.0,Primary residence,44.41,Good
5025598,166000.0,3182.0,1071.05,720.0,Primary residence,30.74,Good
5025602,96000.0,3280.0,724.33,720.0,Primary residence,50.05,Good
5025778,68000.0,2210.0,604.45,720.0,Primary residence,49.67,Good
5025869,245000.0,8167.0,3911.3700000000003,720.0,Primary residence,59.16,Good
5025878,60000.0,1500.0,1079.37,720.0,Primary residence,51.59,Good
5025942,123000.0,3178.0,1584.22,720.0,Primary residence,46.46,Good
5025985,65000.0,1300.0,470.13,720.0,Primary residence,32.68,Good
5025996,205000.0,7517.0,2925.6400000000003,720.0,Primary residence,61.13,Good
5026209,42000.0,1120.0,558.77,720.0,Primary residence,47.96,Good
5026213,78000.0,1625.0,712.79,720.0,Primary residence,35.97,Good
5026310,42000.0,1260.0,662.26,720.0,Primary residence,54.92,Good
5026343,111000.0,3608.0,1649.6,720.0,Primary residence,56.84,Good
5026384,90000.0,3450.0,1320.91,720.0,Primary residence,63.61,Good
5026409,175000.0,5250.0,2289.11,720.0,Primary residence,51.7,Good
5026539,78000.0,3185.0,1934.72,721.0,Primary residence,78.76,Good
5026544,105000.0,3238.0,1853.26,721.0,Primary residence,58.19,Good
5026619,43000.0,932.0,516.29,721.0,Primary residence,40.42,Good
5026687,91000.0,3034.0,1055.4,721.0,Investment property,53.93,Good
5026756,91000.0,3185.0,2625.1200000000003,721.0,Primary residence,76.62,Good
5026909,84000.0,2520.0,914.02,721.0,Primary residence,49.06,Good
5027057,124000.0,3720.0,2504.9500000000003,721.0,Primary residence,60.24,Good
5027065,32000.0,1307.0,911.99,721.0,Primary residence,83.21,Good
5027147,120000.0,3400.0,1812.52,721.0,Primary residence,52.13,Good
5027211,76000.0,2344.0,1743.37,721.0,Primary residence,64.54,Good
5027317,83000.0,2698.0,1193.59,721.0,Primary residence,56.26,Good
5027349,99000.0,2640.0,1325.28,721.0,Primary residence,48.06,Good
5027439,81000.0,2903.0,1236.99,721.0,Primary residence,61.33,Good
5027470,52000.0,2037.0,846.34,721.0,Primary residence,66.54,Good
5027552,71000.0,2722.0,920.62,721.0,Primary residence,61.57,Good
5027557,67000.0,2178.0,1188.35,721.0,Primary residence,60.29,Good
5027573,360000.0,9600.0,3626.4500000000003,721.0,Primary residence,44.09,Good
5027591,191000.0,4457.0,1901.32,721.0,Second residence,39.95,Good
5027595,124000.0,3617.0,1325.28,721.0,Primary residence,47.83,Good
5027630,66000.0,2090.0,1176.16,721.0,Primary residence,59.38,Good
5027633,117000.0,2925.0,1217.09,721.0,Primary residence,42.48,Good
5027671,59000.0,1918.0,1063.3799999999999,721.0,Primary residence,60.64,Good
5027686,96000.0,2880.0,659.29,721.0,Primary residence,44.24,Good
5027768,156000.0,4680.0,1953.09,721.0,Primary residence,51.02,Good
5027804,119000.0,2975.0,1345.8799999999999,721.0,Primary residence,43.57,Good
5027868,61000.0,1373.0,392.43,721.0,Investment property,34.73,Good
5027902,53000.0,1502.0,682.9399999999999,721.0,Primary residence,49.47,Good
5027987,80000.0,4000.0,1382.67,721.0,Primary residence,80.74,Good
5028009,175000.0,5396.0,3278.8300000000004,721.0,Primary residence,59.48,Good
5028049,188000.0,1724.0,2065.07,721.0,Primary residence,24.19,Good
5028097,63000.0,2205.0,1283.02,721.0,Primary residence,66.44,Good
5028201,143000.0,2980.0,989.92,721.0,Investment property,33.31,Good
5028228,68000.0,794.0,392.43,721.0,Primary residence,20.94,Good
5028306,108000.0,2700.0,1234.52,721.0,Primary residence,43.72,Good
5028334,113000.0,3390.0,2282.5600000000004,721.0,Primary residence,60.24,Good
5028487,176000.0,4400.0,1096.84,721.0,Primary residence,37.48,Good
5028492,23000.0,652.0,465.0,721.0,Primary residence,58.28,Good
5028504,109000.0,3452.0,2255.76,721.0,Primary residence,62.84,Good
5028505,85000.0,2550.0,1113.05,721.0,Primary residence,51.71,Good
5028524,175000.0,3792.0,1912.0,721.0,Primary residence,39.11,Good
5028533,128000.0,3307.0,1533.07,721.0,Primary residence,45.38,Good
5028544,134000.0,3909.0,1510.74,721.0,Primary residence,48.53,Good
5028590,154000.0,2310.0,1594.54,721.0,Primary residence,30.42,Good
5028603,45000.0,750.0,561.59,721.0,Primary residence,34.98,Good
5028692,129000.0,2688.0,759.56,721.0,Primary residence,32.07,Good
5028719,207000.0,4830.0,1997.36,721.0,Primary residence,39.58,Good
5028850,58000.0,1499.0,848.5,721.0,Primary residence,48.57,Good
5028996,197000.0,7224.0,802.96,721.0,Investment property,48.9,Good
5029029,124000.0,3927.0,1773.15,721.0,Primary residence,55.16,Good
5029073,80000.0,2400.0,746.18,721.0,Primary residence,47.19,Good
5029085,153000.0,2550.0,1863.6,722.0,Primary residence,34.62,Good
5029192,91000.0,2655.0,1230.87,722.0,Primary residence,51.24,Good
5029226,48000.0,960.0,567.03,722.0,Primary residence,38.18,Good
5029349,41000.0,1230.0,534.08,722.0,Primary residence,51.63,Good
5029377,58000.0,2175.0,1276.21,722.0,Primary residence,71.4,Good
5029424,41000.0,1504.0,682.9399999999999,722.0,Primary residence,64.01,Good
5029528,72000.0,2520.0,1497.16,722.0,Primary residence,66.95,Good
5029561,27000.0,900.0,455.74,722.0,Primary residence,60.26,Good
5029583,114000.0,4275.0,2247.38,722.0,Primary residence,68.66,Good
5029591,21000.0,683.0,399.02,722.0,Primary residence,61.83,Good
5029605,120000.0,4700.0,2018.25,722.0,Primary residence,67.18,Good
5029646,36000.0,810.0,606.23,722.0,Primary residence,47.21,Good
5029749,166000.0,4289.0,2751.13,722.0,Primary residence,50.89,Good
5029959,47000.0,1880.0,683.8199999999999,722.0,Primary residence,65.46,Good
5029998,76000.0,2660.0,1059.28,722.0,Primary residence,58.73,Good
5030045,69000.0,1783.0,1078.87,722.0,Primary residence,49.77,Good
5030052,127000.0,1270.0,882.5,722.0,Primary residence,20.34,Good
5030073,75000.0,2688.0,1533.9,722.0,Primary residence,67.55,Good
5030173,304000.0,6080.0,1232.71,722.0,Primary residence,28.87,Good
5030182,50000.0,1750.0,706.3199999999999,722.0,Primary residence,58.95,Good
5030303,101000.0,1936.0,682.9399999999999,722.0,Primary residence,31.12,Good
5030307,118000.0,3344.0,1458.15,722.0,Primary residence,48.84,Good
5030316,124000.0,3307.0,1365.06,722.0,Primary residence,45.21,Good
5030323,53000.0,1590.0,639.25,722.0,Primary residence,50.47,Good
5030394,38000.0,1552.0,462.9,722.0,Primary residence,63.63,Good
5030406,97000.0,1698.0,976.5699999999999,722.0,Primary residence,33.09,Good
5030452,83000.0,3182.0,1221.01,722.0,Primary residence,63.66,Good
5030656,104000.0,3900.0,1014.06,722.0,Primary residence,56.7,Good
5030740,91000.0,2048.0,819.04,722.0,Primary residence,37.81,Good
5030861,76000.0,2407.0,1133.08,722.0,Primary residence,55.9,Good
5031067,104000.0,2514.0,672.06,722.0,Primary residence,36.76,Good
5031160,132000.0,3080.0,1703.29,722.0,Primary residence,43.48,Good
5031196,145000.0,4713.0,1904.92,722.0,Primary residence,54.77,Good
5031293,164000.0,3280.0,1676.3,722.0,Primary residence,36.27,Good
5031298,67000.0,2680.0,672.75,722.0,Second residence,60.05,Good
5031303,60000.0,2300.0,567.03,722.0,Primary residence,57.34,Good
5031331,156000.0,5460.0,1236.99,722.0,Investment property,51.52,Good
5031475,146000.0,3894.0,2200.48,722.0,Primary residence,50.09,Good
5031602,40000.0,1000.0,609.03,722.0,Primary residence,48.27,Good
5031709,48000.0,1760.0,641.6,722.0,Primary residence,60.04,Good
5031740,155000.0,5684.0,722.81,722.0,Investment property,49.6,Good
5031751,132000.0,3740.0,1281.06,722.0,Primary residence,45.65,Good
5031762,123000.0,2255.0,1803.66,722.0,Primary residence,39.6,Good
5031796,53000.0,1811.0,1155.06,722.0,Primary residence,67.16,Good
5031849,269000.0,9864.0,3148.9500000000003,722.0,Primary residence,58.05,Good
5031919,141000.0,1998.0,1316.29,722.0,Primary residence,28.21,Good
5031932,56000.0,1960.0,1497.16,722.0,Primary residence,74.08,Good
5032102,163000.0,5162.0,1348.45,722.0,Primary residence,47.93,Good
5032136,47000.0,1920.0,987.78,722.0,Primary residence,74.24,Good
5032170,84000.0,3080.0,1344.62,722.0,Primary residence,63.21,Good
5032174,159000.0,4903.0,1997.36,722.0,Investment property,52.08,Good
5032253,70000.0,1750.0,1055.45,723.0,Primary residence,48.09,Good
5032365,71000.0,2249.0,1029.05,723.0,Primary residence,55.4,Good
5032366,228000.0,5510.0,1179.62,723.0,Primary residence,35.21,Good
5032451,120000.0,2400.0,1323.76,723.0,Primary residence,37.24,Good
5032480,130000.0,4334.0,1386.57,723.0,Primary residence,52.81,Good
5032744,53000.0,1855.0,1439.2,723.0,Primary residence,74.59,Good
5032751,78000.0,2015.0,1084.05,723.0,Primary residence,47.68,Good
5032831,148000.0,5304.0,1701.08,723.0,Primary residence,56.8,Good
5032973,167000.0,4732.0,1743.08,723.0,Primary residence,46.53,Good
5032979,45000.0,1800.0,946.05,723.0,Primary residence,73.23,Good
5033006,128000.0,3734.0,1896.4,723.0,Primary residence,52.79,Good
5033034,155000.0,5167.0,1320.29,723.0,Investment property,50.22,Good
5033044,100000.0,2084.0,713.95,723.0,Primary residence,33.58,Good
5033129,77000.0,2695.0,1252.58,723.0,Primary residence,61.52,Good
5033373,28000.0,1074.0,534.08,723.0,Primary residence,68.92,Good
5033405,177000.0,5310.0,1866.2,723.0,Primary residence,48.65,Good
5033445,99000.0,2310.0,931.28,723.0,Primary residence,39.29,Good
5033457,165000.0,2475.0,2041.62,723.0,Primary residence,32.85,Good
5033480,59000.0,2360.0,889.89,723.0,Primary residence,66.1,Good
5033586,101000.0,3283.0,1759.08,723.0,Primary residence,59.91,Good
5033606,276000.0,6900.0,2056.9100000000003,723.0,Primary residence,38.94,Good
5033609,33000.0,1210.0,468.40999999999997,723.0,Primary residence,61.03,Good
5033650,306000.0,8415.0,1717.69,723.0,Investment property,39.74,Good
5033662,62000.0,1550.0,525.09,723.0,Primary residence,40.16,Good
5033759,83000.0,2145.0,1257.04,723.0,Primary residence,49.19,Good
5033842,31000.0,750.0,462.9,723.0,Primary residence,46.95,Good
5033883,29000.0,798.0,651.03,723.0,Primary residence,59.96,Good
5033975,76000.0,2407.0,997.91,723.0,Primary residence,53.76,Good
5034010,157000.0,3664.0,678.54,723.0,Primary residence,33.19,Good
5034072,57000.0,1948.0,902.64,723.0,Primary residence,60.01,Good
5034119,92000.0,1610.0,686.56,723.0,Primary residence,29.96,Good
5034154,106000.0,1325.0,693.04,723.0,Primary residence,22.85,Good
5034165,38000.0,1140.0,629.11,723.0,Primary residence,55.87,Good
5034244,100000.0,2834.0,1758.02,723.0,Primary residence,55.1,Good
5034333,75000.0,2625.0,1209.64,723.0,Primary residence,61.35,Good
5034372,228000.0,4560.0,1649.6,723.0,Primary residence,32.68,Good
5034479,66000.0,2365.0,1422.75,723.0,Primary residence,68.87,Good
5034522,53000.0,1811.0,1132.25,723.0,Primary residence,66.64,Good
5034539,252000.0,6510.0,683.33,723.0,Investment property,34.25,Good
5034669,186000.0,5580.0,683.33,723.0,Investment property,40.41,Good
5034684,106000.0,4240.0,2151.3,723.0,Primary residence,72.35,Good
5034740,50000.0,1667.0,783.55,723.0,Primary residence,58.81,Good
5034769,40000.0,1300.0,945.05,723.0,Primary residence,67.35,Good
5034910,93000.0,1550.0,1036.02,723.0,Primary residence,33.37,Good
5034982,67000.0,2122.0,1014.06,723.0,Primary residence,56.17,Good
5035056,67000.0,1340.0,991.93,723.0,Primary residence,41.77,Good
5035124,147000.0,3675.0,1853.26,723.0,Primary residence,45.13,Good
5035126,112000.0,3547.0,2070.0800000000004,723.0,Primary residence,60.18,Good
5035264,225000.0,4313.0,2711.0600000000004,723.0,Primary residence,37.46,Good
5035283,330000.0,6050.0,3042.1800000000003,724.0,Primary residence,33.06,Good
5035302,104000.0,2860.0,1242.29,724.0,Primary residence,47.33,Good
5035362,84000.0,2660.0,973.28,724.0,Primary residence,51.9,Good
5035375,269000.0,4484.0,2793.13,724.0,Primary residence,32.46,Good
5035384,64000.0,2187.0,781.51,724.0,Primary residence,55.66,Good
5035446,40000.0,1267.0,967.26,724.0,Primary residence,67.03,Good
5035464,165000.0,3025.0,2590.9100000000003,724.0,Primary residence,40.84,Good
5035755,154000.0,3979.0,1120.1,724.0,Primary residence,39.73,Good
5035772,144000.0,5040.0,1323.8,724.0,Primary residence,53.03,Good
5035858,129000.0,3655.0,716.16,724.0,Second residence,40.66,Good
5035938,152000.0,2407.0,1340.42,724.0,Primary residence,29.58,Good
5035994,56000.0,2054.0,1029.05,724.0,Primary residence,66.07,Good
5036061,268000.0,4690.0,896.33,724.0,Primary residence,25.01,Good
5036081,104000.0,1647.0,765.22,724.0,Primary residence,27.83,Good
5036121,459000.0,8033.0,2464.76,724.0,Investment property,27.45,Good
5036241,119000.0,3670.0,1608.87,724.0,Primary residence,53.23,Good
5036301,133000.0,5431.0,3802.01,724.0,Primary residence,83.31,Good
5036310,373000.0,7771.0,2007.42,724.0,Primary residence,31.46,Good
5036320,287000.0,4784.0,946.43,724.0,Investment property,23.96,Good
5036323,108000.0,2700.0,1052.19,724.0,Primary residence,41.69,Good
5036490,160000.0,2800.0,1138.23,724.0,Primary residence,29.54,Good
5036532,70000.0,1925.0,433.71,724.0,Investment property,40.44,Good
5036537,68000.0,2040.0,771.5,724.0,Primary residence,49.61,Good
5036545,134000.0,3574.0,2172.98,724.0,Primary residence,51.47,Good
5036606,52000.0,1430.0,672.75,724.0,Primary residence,48.53,Good
5036633,109000.0,2998.0,1711.59,724.0,Primary residence,51.85,Good
5036662,125000.0,3230.0,1168.27,724.0,Primary residence,42.22,Good
5036684,96000.0,3280.0,1711.62,724.0,Primary residence,62.4,Good
5036739,41000.0,1606.0,1155.06,724.0,Primary residence,80.81,Good
5036880,67000.0,1508.0,574.41,724.0,Primary residence,37.3,Good
5037000,122000.0,2542.0,693.04,724.0,Primary residence,31.82,Good
5037009,111000.0,3608.0,2625.1200000000003,724.0,Primary residence,67.39,Good
5037018,41000.0,1401.0,846.37,724.0,Primary residence,65.78,Good
5037078,155000.0,1680.0,753.52,724.0,Primary residence,18.84,Good
5037097,59000.0,2311.0,1038.64,724.0,Primary residence,68.13,Good
5037171,71000.0,2900.0,889.89,724.0,Primary residence,64.05,Good
5037288,149000.0,4967.0,690.03,724.0,Second residence,45.56,Good
5037374,147000.0,3553.0,1058.58,725.0,Primary residence,37.65,Good
5037434,76000.0,3357.0,1222.37,725.0,Primary residence,72.31,Good
5037532,264000.0,5500.0,2430.5,725.0,Primary residence,36.05,Good
5037540,170000.0,6659.0,2041.03,725.0,Primary residence,61.41,Good
5037590,411000.0,7193.0,1365.06,725.0,Investment property,24.99,Good
5024023,154000.0,3594.0,1690.33,725.0,Primary residence,41.18,Good
5024073,67000.0,2625.0,1029.05,725.0,Primary residence,65.45,Good
5024274,107000.0,1605.0,483.03,725.0,Primary residence,23.42,Good
5024527,221000.0,8472.0,5066.49,725.0,Primary residence,73.51,Good
5024543,47000.0,1254.0,815.59,725.0,Primary residence,52.84,Good
5024578,87000.0,3045.0,542.54,725.0,Second residence,49.48,Good
5024587,114000.0,2375.0,964.84,725.0,Primary residence,35.16,Good
5024782,45000.0,1350.0,455.74,725.0,Primary residence,48.15,Good
5024828,65000.0,2005.0,1124.19,725.0,Primary residence,57.77,Good
5024863,65000.0,2384.0,765.72,725.0,Primary residence,58.15,Good
5025010,143000.0,4171.0,1668.51,725.0,Primary residence,49.0,Good
5025086,176000.0,4400.0,2011.83,725.0,Primary residence,43.72,Good
5025133,55000.0,2155.0,848.5,725.0,Primary residence,65.53,Good
5025173,132000.0,5390.0,1878.12,725.0,Investment property,66.07,Good
5025193,34000.0,992.0,609.03,725.0,Primary residence,56.51,Good
5025258,63000.0,2153.0,785.4,725.0,Primary residence,55.97,Good
5025277,152000.0,5827.0,1242.29,725.0,Primary residence,55.81,Good
5025383,,,861.04,725.0,Primary residence,,Good
5025447,132000.0,2970.0,1117.17,725.0,Primary residence,37.16,Good
5025521,63000.0,1208.0,641.55,725.0,Primary residence,35.23,Good
5025544,60000.0,1700.0,1217.7,725.0,Primary residence,58.35,Good
5025580,101000.0,3030.0,1365.06,725.0,Primary residence,52.22,Good
5025614,57000.0,1710.0,1138.23,725.0,Primary residence,59.96,Good
5025683,69000.0,1783.0,727.42,725.0,Primary residence,43.66,Good
5025768,48000.0,1680.0,819.04,725.0,Primary residence,62.48,Good
5025774,178000.0,1632.0,1031.3799999999999,725.0,Primary residence,17.96,Good
5025807,121000.0,4034.0,1320.29,725.0,Primary residence,53.1,Good
5025851,158000.0,3950.0,1410.61,725.0,Primary residence,40.71,Good
5025900,58000.0,919.0,474.21,725.0,Primary residence,28.83,Good
5025935,61000.0,2034.0,1627.62,725.0,Primary residence,72.03,Good
5025978,114000.0,2660.0,997.91,725.0,Primary residence,38.5,Good
5026064,139000.0,2896.0,1405.8,725.0,Primary residence,37.14,Good
5026154,150000.0,4625.0,1853.26,725.0,Primary residence,51.83,Good
5026160,53000.0,2120.0,1352.22,725.0,Primary residence,78.62,Good
5026184,98000.0,2777.0,1029.05,725.0,Primary residence,46.6,Good
5026255,60000.0,2050.0,765.72,725.0,Primary residence,56.31,Good
5026261,107000.0,3032.0,683.8199999999999,725.0,Primary residence,41.67,Good
5026270,78000.0,2925.0,716.16,725.0,Primary residence,56.02,Good
5026299,140000.0,1867.0,1280.4,725.0,Primary residence,26.98,Good
5026324,71000.0,2545.0,964.84,725.0,Primary residence,59.32,Good
5026325,81000.0,2768.0,777.04,726.0,Primary residence,52.52,Good
5026389,108000.0,4050.0,2144.15,726.0,Primary residence,68.82,Good
5026439,149000.0,1242.0,735.04,726.0,Primary residence,15.92,Good
5026516,343000.0,13149.0,3690.0400000000004,726.0,Second residence,58.91,Good
5026530,51000.0,808.0,455.74,726.0,Primary residence,29.74,Good
5026648,82000.0,2939.0,1386.57,726.0,Primary residence,63.3,Good
5026663,118000.0,1377.0,683.33,726.0,Primary residence,20.95,Good
5026668,166000.0,2214.0,682.9399999999999,726.0,Primary residence,20.94,Good
5026781,60000.0,800.0,542.54,726.0,Primary residence,26.85,Good
5026936,607000.0,8094.0,2356.48,726.0,Primary residence,20.66,Good
5026980,105000.0,4813.0,1503.95,726.0,Primary residence,72.19,Good
5027028,63000.0,2100.0,1591.12,726.0,Primary residence,70.31,Good
5027041,113000.0,3955.0,3045.1400000000003,726.0,Primary residence,74.34,Good
5027078,92000.0,1917.0,1012.05,726.0,Primary residence,38.21,Good
5027122,208000.0,7107.0,1106.78,726.0,Investment property,47.39,Good
5027256,136000.0,1814.0,724.33,726.0,Primary residence,22.4,Good
5027415,64000.0,1920.0,903.04,726.0,Primary residence,52.93,Good
5027497,102000.0,1530.0,1081.61,726.0,Primary residence,30.72,Good
5027500,109000.0,2816.0,1344.62,726.0,Primary residence,45.8,Good
5027565,59000.0,1574.0,1345.18,726.0,Primary residence,59.37,Good
5027618,130000.0,3250.0,1209.64,726.0,Primary residence,41.17,Good
5027741,48000.0,1840.0,987.05,726.0,Primary residence,70.68,Good
5027814,63000.0,2100.0,726.53,726.0,Primary residence,53.84,Good
5027851,150000.0,3875.0,1916.03,726.0,Primary residence,46.33,Good
5027955,90000.0,2550.0,973.28,726.0,Primary residence,46.98,Good
5028001,52000.0,1820.0,903.04,726.0,Primary residence,62.84,Good
5028181,158000.0,2239.0,1029.05,726.0,Primary residence,24.82,Good
5028187,90000.0,1350.0,1160.83,726.0,Primary residence,33.48,Good
5028252,175000.0,5396.0,1659.08,726.0,Primary residence,48.38,Good
5028286,37000.0,1295.0,933.17,726.0,Primary residence,72.26,Good
5028311,65000.0,2113.0,1151.87,726.0,Primary residence,60.27,Good
5028352,89000.0,2819.0,1924.64,726.0,Primary residence,63.96,Good
5028424,144000.0,3600.0,2202.7000000000003,726.0,Primary residence,48.36,Good
5028529,112000.0,2054.0,1154.33,726.0,Primary residence,34.37,Good
5028555,147000.0,4410.0,939.8,726.0,Primary residence,43.67,Good
5028625,779000.0,11685.0,1044.9,726.0,Investment property,19.61,Good
5028632,70000.0,2159.0,367.69,726.0,Second residence,43.31,Good
5028679,38000.0,1394.0,991.93,726.0,Primary residence,75.35,Good
5028733,38000.0,1520.0,440.09999999999997,726.0,Primary residence,61.9,Good
5028741,110000.0,3025.0,2264.07,726.0,Primary residence,57.7,Good
5028743,97000.0,2183.0,1036.02,726.0,Primary residence,39.82,Good
5028752,251000.0,5230.0,2598.4900000000002,726.0,Primary residence,37.43,Good
5028847,108000.0,1800.0,1344.62,726.0,Primary residence,34.94,Good
5028892,50000.0,1709.0,815.59,726.0,Primary residence,60.59,Good
5028917,118000.0,2950.0,945.05,726.0,Primary residence,39.61,Good
5029008,86000.0,2724.0,1323.8,727.0,Primary residence,56.48,Good
5029037,148000.0,4810.0,2148.94,727.0,Primary residence,56.42,Good
5029136,164000.0,4374.0,641.6,727.0,Investment property,36.7,Good
5029190,108000.0,2340.0,525.03,727.0,Primary residence,31.83,Good
5029205,104000.0,2947.0,1617.08,727.0,Primary residence,52.66,Good
5029259,211000.0,2110.0,2566.7200000000003,727.0,Primary residence,26.6,Good
5029420,82000.0,3144.0,1616.06,727.0,Primary residence,69.66,Good
5029472,177000.0,3983.0,2090.2000000000003,727.0,Primary residence,41.17,Good
5029696,,,2011.83,727.0,Primary residence,,Good
5029697,84000.0,3080.0,1960.2,727.0,Primary residence,72.0,Good
5029701,73000.0,2008.0,899.01,727.0,Primary residence,47.79,Good
5029879,237000.0,1975.0,1566.17,727.0,Primary residence,17.93,Good
5029882,256000.0,2347.0,1241.76,727.0,Primary residence,16.82,Good
5029894,63000.0,1890.0,957.18,727.0,Primary residence,54.23,Good
5030178,190000.0,4434.0,1575.07,727.0,Primary residence,37.95,Good
5030200,48000.0,1640.0,916.45,727.0,Primary residence,63.91,Good
5030234,104000.0,3467.0,2223.8700000000003,727.0,Primary residence,65.66,Good
5030242,95000.0,1900.0,735.04,727.0,Primary residence,33.28,Good
5030263,33000.0,1073.0,759.56,727.0,Primary residence,66.64,Good
5030326,38000.0,1552.0,1036.02,727.0,Primary residence,81.73,Good
5030373,35000.0,817.0,393.21,727.0,Primary residence,41.49,Good
5030506,165000.0,6738.0,3443.1600000000003,727.0,Primary residence,74.04,Good
5030532,106000.0,2739.0,1394.37,727.0,Primary residence,46.79,Good
5030542,114000.0,3325.0,2131.59,727.0,Primary residence,57.44,Good
5030584,107000.0,2586.0,1743.08,727.0,Investment property,48.55,Good
5030599,121000.0,1715.0,831.15,727.0,Primary residence,25.25,Good
5030722,120000.0,1700.0,947.85,727.0,Primary residence,26.48,Good
5030748,68000.0,2380.0,957.18,727.0,Primary residence,58.89,Good
5030762,140000.0,4667.0,1486.68,727.0,Primary residence,52.75,Good
5030800,132000.0,4070.0,1523.41,727.0,Primary residence,50.85,Good
5030892,176000.0,3667.0,1084.05,727.0,Primary residence,32.39,Good
5031029,63000.0,2310.0,957.34,727.0,Primary residence,62.24,Good
5031062,281000.0,7025.0,5565.25,727.0,Primary residence,53.77,Good
5031082,105000.0,3500.0,2462.71,727.0,Primary residence,68.15,Good
5031122,42000.0,770.0,742.12,727.0,Primary residence,43.2,Good
5031206,87000.0,1305.0,716.16,727.0,Primary residence,27.88,Good
5031391,147000.0,4778.0,2452.28,727.0,Primary residence,59.02,Good
5031397,107000.0,3210.0,2191.86,727.0,Primary residence,60.58,Good
5031468,150000.0,3750.0,1663.22,727.0,Primary residence,43.31,Good
5031520,95000.0,2692.0,877.55,727.0,Primary residence,45.09,Good
5031545,187000.0,2650.0,1508.67,727.0,Primary residence,26.69,Good
5031663,116000.0,3867.0,2975.0600000000004,727.0,Primary residence,70.78,Good
5031694,101000.0,2525.0,1953.09,727.0,Primary residence,53.21,Good
5031699,42000.0,1680.0,1164.46,727.0,Primary residence,81.27,Good
5031777,121000.0,4740.0,1702.26,728.0,Primary residence,63.89,Good
5031840,76000.0,2090.0,1424.93,728.0,Primary residence,55.5,Good
5031867,191000.0,6526.0,2338.5400000000004,728.0,Primary residence,55.69,Good
5031883,70000.0,1692.0,632.14,728.0,Primary residence,39.84,Good
5031903,140000.0,1284.0,692.6,728.0,Primary residence,16.94,Good
5032055,55000.0,2246.0,525.03,728.0,Primary residence,60.46,Good
5032163,96000.0,3440.0,2300.2900000000004,728.0,Primary residence,71.75,Good
5032322,41000.0,1367.0,1120.1,728.0,Primary residence,72.79,Good
5032381,60000.0,2100.0,1262.4,728.0,Primary residence,67.25,Good
5032394,74000.0,2529.0,506.99,728.0,Primary residence,49.23,Good
5032460,171000.0,5558.0,2563.1200000000003,728.0,Primary residence,56.99,Good
5032488,45000.0,1125.0,809.8199999999999,728.0,Primary residence,51.6,Good
5032514,55000.0,2017.0,1147.72,728.0,Primary residence,69.05,Good
5032537,162000.0,5940.0,1785.08,728.0,Primary residence,57.22,Good
5032624,138000.0,3105.0,1819.18,728.0,Primary residence,42.82,Good
5032704,33000.0,1568.0,682.9399999999999,728.0,Primary residence,81.85,Good
5032763,59000.0,1230.0,759.56,728.0,Primary residence,40.47,Good
5032801,131000.0,2511.0,1405.8,728.0,Primary residence,35.88,Good
5032862,100000.0,2834.0,1379.37,728.0,Primary residence,50.56,Good
5032865,125000.0,4584.0,2623.1000000000004,728.0,Primary residence,69.19,Good
5032905,90000.0,3300.0,2517.36,728.0,Primary residence,77.56,Good
5033007,97000.0,2506.0,437.3,728.0,Primary residence,36.41,Good
5033026,52000.0,1040.0,861.04,728.0,Primary residence,43.87,Good
5033054,180000.0,3750.0,2004.21,728.0,Primary residence,38.36,Good
5033184,73000.0,2130.0,906.15,728.0,Primary residence,49.91,Good
5033206,180000.0,4350.0,1430.75,728.0,Primary residence,38.54,Good
5033231,70000.0,2509.0,1394.37,728.0,Primary residence,66.91,Good
5033243,75000.0,2313.0,1029.05,728.0,Primary residence,53.47,Good
5033265,50000.0,1167.0,730.26,728.0,Primary residence,45.53,Good
5033317,67000.0,1285.0,525.03,728.0,Primary residence,32.42,Good
5033321,249000.0,4565.0,2948.0600000000004,728.0,Primary residence,36.21,Good
5033374,118000.0,4622.0,637.67,728.0,Primary residence,53.49,Good
5033376,76000.0,1330.0,859.67,728.0,Primary residence,34.57,Good
5033426,104000.0,3467.0,1474.06,728.0,Primary residence,57.01,Good
5033468,38000.0,1489.0,738.52,728.0,Primary residence,70.34,Good
5033474,135000.0,4050.0,2202.7000000000003,728.0,Primary residence,55.58,Good
5033491,155000.0,6200.0,1845.86,728.0,Primary residence,62.29,Good
5033508,268000.0,5807.0,1866.2,728.0,Primary residence,34.36,Good
5033543,135000.0,2700.0,778.64,728.0,Primary residence,30.92,Good
5033641,96000.0,2400.0,831.76,728.0,Primary residence,40.4,Good
5033685,98000.0,3267.0,1701.08,728.0,Primary residence,60.83,Good
5033784,210000.0,5250.0,1997.36,728.0,Primary residence,41.41,Good
5033888,91000.0,3716.0,2499.4900000000002,729.0,Primary residence,81.96,Good
5033944,386000.0,10294.0,2758.0,729.0,Primary residence,40.58,Good
5033955,95000.0,2850.0,1215.9,729.0,Primary residence,51.36,Good
5033965,227000.0,6810.0,2535.84,729.0,Primary residence,49.41,Good
5033967,36000.0,1080.0,426.61,729.0,Primary residence,50.22,Good
5033980,69000.0,2818.0,933.17,729.0,Investment property,65.24,Good
5033985,48000.0,1800.0,701.39,729.0,Primary residence,62.53,Good
5034042,279000.0,7208.0,690.9,729.0,Second residence,33.97,Good
5034106,94000.0,2272.0,1192.29,729.0,Primary residence,44.22,Good
5034358,69000.0,2070.0,846.37,729.0,Primary residence,50.72,Good
5034410,156000.0,4680.0,1974.39,729.0,Primary residence,51.19,Good
5034428,74000.0,1234.0,590.6,729.0,Primary residence,29.59,Good
5034572,59000.0,1770.0,939.8,729.0,Primary residence,55.11,Good
5034580,131000.0,5350.0,2255.76,729.0,Primary residence,69.67,Good
5034615,109000.0,2998.0,1063.3799999999999,729.0,Primary residence,44.71,Good
5034619,121000.0,2320.0,1203.4,729.0,Primary residence,34.94,Good
5034635,167000.0,3340.0,1696.78,729.0,Primary residence,36.19,Good
5034641,183000.0,5185.0,2151.3,729.0,Primary residence,48.11,Good
5034648,122000.0,2440.0,1912.0,729.0,Primary residence,42.81,Good
5034657,157000.0,4710.0,1113.05,729.0,Primary residence,44.51,Good
5034706,1491000.0,19880.0,2097.6400000000003,729.0,Second residence,17.69,Good
5034791,,,1007.84,729.0,Primary residence,,Good
5034803,32000.0,587.0,455.74,729.0,Primary residence,39.1,Good
5034872,218000.0,8357.0,883.47,729.0,Investment property,50.86,Good
5034898,69000.0,2243.0,1212.36,729.0,Primary residence,60.09,Good
5034902,54000.0,2160.0,1314.67,729.0,Primary residence,77.21,Good
5035048,72000.0,1980.0,1093.5,729.0,Primary residence,51.23,Good
5035063,88000.0,2787.0,649.23,729.0,Primary residence,46.86,Good
5035076,46000.0,882.0,672.75,729.0,Primary residence,40.56,Good
5035117,53000.0,1679.0,600.16,729.0,Primary residence,51.6,Good
5035156,213000.0,6390.0,1540.81,729.0,Primary residence,44.68,Good
5035233,203000.0,7782.0,2993.8900000000003,729.0,Primary residence,63.7,Good
5035250,57000.0,1995.0,1430.62,729.0,Primary residence,72.12,Good
5035331,128000.0,2240.0,1847.18,729.0,Primary residence,38.32,Good
5035341,36000.0,1110.0,475.99,729.0,Primary residence,52.87,Good
5035373,51000.0,1573.0,1071.05,729.0,Primary residence,62.21,Good
5035401,133000.0,4988.0,3160.67,729.0,Primary residence,73.52,Good
5035428,114000.0,2850.0,1634.25,729.0,Primary residence,47.2,Good
5035490,162000.0,5400.0,3140.3900000000003,729.0,Primary residence,63.26,Good
5035517,110000.0,4125.0,2365.4700000000003,729.0,Primary residence,70.81,Good
5035543,52000.0,1777.0,824.52,729.0,Primary residence,60.04,Good
5035572,95000.0,1346.0,651.03,729.0,Primary residence,25.23,Good
5035589,47000.0,1841.0,1029.05,729.0,Primary residence,73.28,Good
5035595,71000.0,2900.0,999.97,729.0,Primary residence,65.91,Good
5035677,149000.0,1366.0,1013.4,730.0,Primary residence,19.16,Good
5035686,51000.0,1403.0,295.55,730.0,Primary residence,39.97,Good
5035692,157000.0,2617.0,2326.57,730.0,Primary residence,37.79,Good
5035711,94000.0,2899.0,1676.3,730.0,Primary residence,58.41,Good
5035718,102000.0,3655.0,1944.05,730.0,Primary residence,65.87,Good
5035754,73000.0,2251.0,1227.71,730.0,Primary residence,57.18,Good
5035843,51000.0,1870.0,931.28,730.0,Primary residence,65.91,Good
5035967,86000.0,2795.0,1454.01,730.0,Primary residence,59.29,Good
5036177,36000.0,1470.0,491.36,730.0,Primary residence,65.38,Good
5036277,102000.0,1870.0,1682.02,730.0,Primary residence,41.79,Good
5036457,68000.0,2607.0,1701.08,730.0,Primary residence,76.02,Good
5036503,240000.0,2800.0,688.64,730.0,Investment property,17.44,Good
5036580,127000.0,4445.0,2961.13,730.0,Primary residence,69.98,Good
5036721,127000.0,5080.0,729.54,730.0,Investment property,54.89,Good
5036819,13000.0,477.0,325.53,730.0,Primary residence,74.08,Good
5036871,61000.0,2186.0,683.33,730.0,Primary residence,56.45,Good
5036939,56000.0,1120.0,710.93,730.0,Primary residence,39.23,Good
5036953,101000.0,3872.0,704.79,730.0,Primary residence,54.38,Good
5036972,128000.0,3947.0,2107.6400000000003,730.0,Primary residence,56.76,Good
5037022,155000.0,4650.0,1980.11,730.0,Primary residence,51.33,Good
5037123,145000.0,4109.0,1197.06,730.0,Primary residence,43.91,Good
5037137,83000.0,2905.0,1594.54,730.0,Primary residence,65.05,Good
5037235,59000.0,2164.0,1281.06,730.0,Primary residence,70.07,Good
5037280,129000.0,3870.0,1596.45,730.0,Primary residence,50.85,Good
5037475,67000.0,2066.0,1570.69,730.0,Primary residence,65.13,Good
5024031,129000.0,3225.0,1197.06,730.0,Primary residence,41.14,Good
5024033,50000.0,959.0,477.42,730.0,Primary residence,34.47,Good
5024045,75000.0,1875.0,1323.76,730.0,Primary residence,51.18,Good
5024159,106000.0,3357.0,2041.62,730.0,Primary residence,61.12,Good
5024175,104000.0,2947.0,1659.08,730.0,Primary residence,53.15,Good
5024229,119000.0,3273.0,1031.3799999999999,730.0,Primary residence,43.41,Good
5024272,37000.0,1172.0,933.17,730.0,Primary residence,68.28,Good
5024276,151000.0,1636.0,1418.18,730.0,Primary residence,24.27,Good
5024305,193000.0,5630.0,3201.0,730.0,Primary residence,54.91,Good
5024358,67000.0,2122.0,1365.61,730.0,Primary residence,62.46,Good
5024524,97000.0,3072.0,1356.4,730.0,Primary residence,54.78,Good
5024571,44000.0,1394.0,1031.3799999999999,730.0,Primary residence,66.15,Good
5024582,115000.0,1534.0,1014.06,730.0,Primary residence,26.59,Good
5024642,713000.0,7725.0,2712.7000000000003,730.0,Primary residence,17.57,Good
5024662,98000.0,1062.0,839.03,730.0,Primary residence,23.28,Good
5024729,390000.0,6825.0,1735.97,730.0,Primary residence,26.34,Good
5024802,85000.0,3117.0,1303.16,730.0,Primary residence,62.4,Good
5024865,150000.0,5000.0,1759.08,731.0,Investment property,54.07,Good
5024922,46000.0,1649.0,632.14,731.0,Primary residence,59.51,Good
5024930,87000.0,3553.0,2079.1000000000004,731.0,Primary residence,77.68,Good
5025016,124000.0,4857.0,1572.87,731.0,Primary residence,62.22,Good
5025211,81000.0,1148.0,846.34,731.0,Primary residence,29.55,Good
5025287,57000.0,2043.0,1063.3799999999999,731.0,Primary residence,65.4,Good
5025312,35000.0,1313.0,735.04,731.0,Primary residence,70.22,Good
5025354,46000.0,1687.0,1125.52,731.0,Primary residence,73.37,Good
5025415,70000.0,2859.0,1934.72,731.0,Primary residence,82.18,Good
5025421,96000.0,2400.0,1303.79,731.0,Primary residence,46.3,Good
5025628,157000.0,2355.0,1468.35,731.0,Primary residence,29.22,Good
5025772,71000.0,2485.0,1340.42,731.0,Primary residence,64.65,Good
5025825,105000.0,3763.0,1042.95,731.0,Primary residence,54.93,Good
5025860,86000.0,1434.0,903.04,731.0,Primary residence,32.61,Good
5025913,51000.0,2083.0,1029.05,731.0,Primary residence,73.22,Good
5025992,71000.0,2308.0,704.79,731.0,Primary residence,50.92,Good
5025999,69000.0,575.0,575.51,731.0,Primary residence,20.01,Good
5026129,44000.0,1320.0,399.02,731.0,Primary residence,46.88,Good
5026165,64000.0,1920.0,693.04,731.0,Primary residence,48.99,Good
5026240,45000.0,1350.0,567.03,731.0,Primary residence,51.12,Good
5026283,111000.0,3238.0,1040.4,731.0,Primary residence,46.25,Good
5026429,125000.0,3125.0,1217.7,731.0,Primary residence,41.69,Good
5026463,163000.0,1495.0,534.34,731.0,Primary residence,14.94,Good
5026466,93000.0,3333.0,2248.26,731.0,Primary residence,72.02,Good
5026517,250000.0,5000.0,2785.78,731.0,Primary residence,37.37,Good
5026573,72000.0,2580.0,1209.64,731.0,Primary residence,63.16,Good
5026643,149000.0,4098.0,1508.67,731.0,Primary residence,45.15,Good
5026734,37000.0,710.0,475.99,731.0,Primary residence,38.46,Good
5026784,124000.0,3824.0,2341.6400000000003,731.0,Primary residence,59.67,Good
5026793,48000.0,840.0,441.02,731.0,Primary residence,32.03,Good
5026825,30000.0,675.0,418.82,731.0,Primary residence,43.75,Good
5026864,391000.0,3585.0,2374.94,731.0,Primary residence,18.29,Good
5026869,106000.0,3445.0,1785.08,731.0,Primary residence,59.21,Good
5026893,74000.0,2590.0,1262.4,731.0,Primary residence,62.47,Good
5026914,320000.0,9600.0,2285.86,731.0,Investment property,44.57,Good
5027069,59000.0,2410.0,447.46,731.0,Second residence,58.12,Good
5027109,202000.0,4040.0,1696.78,731.0,Primary residence,34.08,Good
5027143,63000.0,1470.0,689.13,731.0,Investment property,41.13,Good
5027155,133000.0,2550.0,967.72,731.0,Primary residence,31.74,Good
5027190,98000.0,3594.0,1893.99,731.0,Primary residence,67.2,Good
5027196,127000.0,3493.0,1303.79,732.0,Primary residence,45.32,Good
5027215,48000.0,1960.0,1316.07,732.0,Primary residence,81.9,Good
5027260,56000.0,2287.0,810.34,732.0,Primary residence,66.37,Good
5027265,194000.0,4527.0,2640.1400000000003,732.0,Primary residence,44.33,Good
5027345,46000.0,1380.0,357.02,732.0,Primary residence,45.31,Good
5027412,81000.0,2835.0,1866.2,732.0,Primary residence,69.65,Good
5027477,48000.0,1640.0,716.16,732.0,Primary residence,58.9,Good
5027542,178000.0,2077.0,1474.06,732.0,Primary residence,23.94,Good
5027560,221000.0,3131.0,1841.86,732.0,Primary residence,27.0,Good
5027605,93000.0,3333.0,1262.4,732.0,Primary residence,59.3,Good
5027609,259000.0,5180.0,2835.13,732.0,Primary residence,37.14,Good
5027646,170000.0,2409.0,1295.57,732.0,Primary residence,26.15,Good
5027667,93000.0,3798.0,1201.56,732.0,Primary residence,64.51,Good
5027807,58000.0,2079.0,672.75,732.0,Primary residence,56.93,Good
5027812,130000.0,2384.0,1168.27,732.0,Primary residence,32.79,Good
5027898,62000.0,2015.0,1676.3,732.0,Primary residence,71.44,Good
5027951,204000.0,7310.0,2328.59,732.0,Primary residence,56.7,Good
5027979,57000.0,1283.0,777.04,732.0,Primary residence,43.37,Good
5028031,106000.0,2562.0,1323.8,732.0,Second residence,43.99,Good
5028043,341000.0,7105.0,1297.82,732.0,Investment property,29.57,Good
5028080,82000.0,2665.0,1285.57,732.0,Primary residence,57.81,Good
5028182,260000.0,7800.0,3113.63,732.0,Primary residence,50.37,Good
5028210,107000.0,4102.0,1589.48,732.0,Primary residence,63.83,Good
5028318,199000.0,7131.0,2983.3100000000004,732.0,Primary residence,60.99,Good
5028322,94000.0,2272.0,1012.05,732.0,Primary residence,41.92,Good
5028355,96000.0,2080.0,672.75,732.0,Primary residence,34.41,Good
5028367,296000.0,6660.0,783.55,732.0,Investment property,30.18,Good
5028403,134000.0,4355.0,1331.76,732.0,Primary residence,50.93,Good
5028415,54000.0,900.0,567.03,732.0,Primary residence,32.6,Good
5028457,104000.0,1474.0,558.77,732.0,Primary residence,23.46,Good
5028502,120000.0,4500.0,1568.14,732.0,Primary residence,60.68,Good
5028557,168000.0,1540.0,567.98,732.0,Primary residence,15.06,Good
5028588,113000.0,4144.0,2229.1000000000004,732.0,Primary residence,67.68,Good
5028629,53000.0,1281.0,549.87,732.0,Primary residence,41.45,Good
5028650,105000.0,2013.0,475.99,732.0,Second residence,28.45,Good
5028687,65000.0,2059.0,1182.29,732.0,Primary residence,59.84,Good
5028690,86000.0,3010.0,1790.43,733.0,Primary residence,66.98,Good
5028786,28000.0,724.0,359.27,733.0,Primary residence,46.43,Good
5028830,22000.0,752.0,559.68,733.0,Primary residence,71.55,Good
5028916,281000.0,6323.0,2504.11,733.0,Primary residence,37.7,Good
5028969,35000.0,1371.0,889.77,733.0,Primary residence,77.51,Good
5029012,108000.0,3240.0,1741.39,733.0,Primary residence,55.35,Good
5029023,36000.0,1080.0,672.75,733.0,Primary residence,58.43,Good
5029031,200000.0,5000.0,3522.23,733.0,Primary residence,51.13,Good
5029056,99000.0,3548.0,1243.62,733.0,Primary residence,58.08,Good
5029103,165000.0,2613.0,1418.18,733.0,Primary residence,29.32,Good
5029168,70000.0,1634.0,470.13,733.0,Primary residence,36.07,Good
5029264,126000.0,2205.0,1209.64,733.0,Primary residence,32.52,Good
5029346,191000.0,2865.0,2106.44,733.0,Primary residence,31.23,Good
5029448,151000.0,1762.0,1405.22,733.0,Primary residence,25.17,Good
5029617,104000.0,1560.0,441.02,733.0,Primary residence,23.09,Good
5029627,34000.0,1389.0,534.08,733.0,Primary residence,67.87,Good
5029784,95000.0,1742.0,694.0,733.0,Primary residence,30.77,Good
5029862,102000.0,2125.0,879.23,733.0,Primary residence,35.34,Good
5029909,31000.0,646.0,418.82,733.0,Primary residence,41.22,Good
5029937,82000.0,3007.0,1960.03,733.0,Primary residence,72.69,Good
5029993,86000.0,932.0,925.41,733.0,Primary residence,25.92,Good
5030036,213000.0,3373.0,1536.57,733.0,Primary residence,27.66,Good
5030078,102000.0,3825.0,1697.3,733.0,Primary residence,64.97,Good
5030130,31000.0,1111.0,525.03,733.0,Primary residence,63.33,Good
5030134,159000.0,6228.0,902.64,733.0,Primary residence,53.82,Good
5030159,54000.0,1485.0,1088.37,733.0,Primary residence,57.19,Good
5030162,145000.0,4955.0,1474.06,733.0,Primary residence,53.21,Good
5030276,53000.0,1900.0,780.67,733.0,Primary residence,60.69,Good
5030347,25000.0,855.0,662.26,733.0,Primary residence,72.83,Good
5030364,31000.0,310.0,308.92,733.0,Primary residence,23.96,Good
5030417,66000.0,1155.0,777.04,733.0,Primary residence,35.13,Good
5030568,35000.0,1225.0,746.18,733.0,Primary residence,67.58,Good
5030614,69000.0,2760.0,525.09,733.0,Primary residence,57.13,Good
5030696,35000.0,1080.0,575.51,733.0,Primary residence,56.76,Good
5030727,93000.0,3720.0,1454.21,733.0,Primary residence,66.76,Good
5030731,183000.0,4728.0,1345.18,733.0,Second residence,39.82,Good
5030802,61000.0,1424.0,686.56,733.0,Primary residence,41.52,Good
5030826,38000.0,1140.0,785.4,733.0,Primary residence,60.8,Good
5030844,70000.0,2100.0,846.37,733.0,Primary residence,50.51,Good
5031084,47000.0,1371.0,704.79,733.0,Primary residence,53.0,Good
5031125,251000.0,9204.0,2315.7200000000003,733.0,Primary residence,55.07,Good
5031151,23000.0,671.0,499.14,733.0,Primary residence,61.05,Good
5031156,35000.0,1284.0,933.17,733.0,Primary residence,76.02,Good
5031175,79000.0,1778.0,1036.02,734.0,Primary residence,42.74,Good
5031325,515000.0,12875.0,1197.06,734.0,Investment property,32.79,Good
5031353,320000.0,8000.0,5901.26,734.0,Primary residence,52.13,Good
5031414,246000.0,3280.0,1348.43,734.0,Primary residence,22.58,Good
5031456,147000.0,4165.0,2141.65,734.0,Primary residence,51.48,Good
5031465,67000.0,2290.0,1106.78,734.0,Primary residence,60.84,Good
5031484,152000.0,3674.0,1575.26,734.0,Primary residence,41.44,Good
5031492,69000.0,1495.0,817.33,734.0,Primary residence,40.21,Good
5031536,33000.0,1293.0,553.84,734.0,Primary residence,67.16,Good
5031554,62000.0,1189.0,609.03,734.0,Primary residence,34.8,Good
5031555,173000.0,4325.0,1445.95,734.0,Primary residence,40.03,Good
5031623,68000.0,2664.0,848.5,734.0,Primary residence,61.99,Good
5031649,162000.0,5130.0,2507.3300000000004,734.0,Primary residence,56.57,Good
5031684,102000.0,3400.0,1323.76,734.0,Primary residence,55.57,Good
5031715,98000.0,1715.0,1187.67,734.0,Primary residence,35.54,Good
5031843,53000.0,1635.0,609.03,734.0,Primary residence,50.81,Good
5031915,60000.0,1450.0,686.56,734.0,Primary residence,42.73,Good
5031938,105000.0,3763.0,1388.0,734.0,Primary residence,58.87,Good
5031961,54000.0,1530.0,861.04,734.0,Primary residence,53.13,Good
5031988,40000.0,1400.0,987.05,734.0,Primary residence,71.61,Good
5032093,237000.0,2173.0,2504.11,734.0,Primary residence,23.68,Good
5032107,56000.0,1540.0,948.1,734.0,Primary residence,53.32,Good
5032156,95000.0,1742.0,1052.19,734.0,Primary residence,35.3,Good
5032172,61000.0,2186.0,838.4399999999999,734.0,Primary residence,59.5,Good
5032326,67000.0,2569.0,1653.22,734.0,Primary residence,75.62,Good
5032337,72000.0,2160.0,856.72,734.0,Second residence,50.28,Good
5032358,63000.0,2520.0,1388.61,734.0,Primary residence,74.45,Good
5032464,107000.0,4013.0,2061.65,734.0,Primary residence,68.13,Good
5032505,168000.0,3360.0,2297.15,734.0,Primary residence,40.41,Good
5032565,253000.0,2320.0,2090.2000000000003,734.0,Primary residence,20.92,Good
5032629,135000.0,2925.0,1975.45,734.0,Primary residence,43.56,Good
5032757,84000.0,2940.0,1323.8,734.0,Primary residence,60.91,Good
5032863,307000.0,11257.0,1575.07,734.0,Investment property,50.16,Good
5033018,405000.0,9113.0,945.05,734.0,Second residence,29.8,Good
5033045,79000.0,2700.0,1995.09,734.0,Primary residence,71.32,Good
5033155,139000.0,4170.0,1174.64,734.0,Primary residence,46.14,Good
5033229,135000.0,5400.0,1476.87,734.0,Investment property,61.13,Good
5033239,20000.0,800.0,507.81,734.0,Primary residence,78.47,Good
5033249,119000.0,3868.0,1112.52,735.0,Primary residence,50.22,Good
5033360,70000.0,1575.0,525.09,735.0,Primary residence,36.0,Good
5033409,142000.0,3787.0,2200.4100000000003,735.0,Primary residence,50.6,Good
5033437,133000.0,2882.0,1160.83,735.0,Primary residence,36.48,Good
5033487,111000.0,2220.0,1280.4,735.0,Primary residence,37.84,Good
5033503,98000.0,3022.0,2059.6600000000003,735.0,Primary residence,62.22,Good
5033548,88000.0,3447.0,2670.4,735.0,Primary residence,83.42,Good
5033791,56000.0,2007.0,834.99,735.0,Primary residence,60.9,Good
5033830,207000.0,4830.0,2314.5,735.0,Primary residence,41.42,Good
5033901,175000.0,3063.0,1552.1299999999999,735.0,Primary residence,31.65,Good
5034028,114000.0,4085.0,1410.61,735.0,Primary residence,57.85,Good
5034062,111000.0,2313.0,828.3199999999999,735.0,Primary residence,33.96,Good
5034063,116000.0,3867.0,2275.6800000000003,735.0,Primary residence,63.54,Good
5034088,174000.0,4350.0,1926.74,735.0,Primary residence,43.29,Good
5034092,72000.0,1920.0,1388.7,735.0,Primary residence,55.15,Good
5034209,158000.0,2239.0,889.77,735.0,Primary residence,23.76,Good
5034330,88000.0,2714.0,962.29,735.0,Primary residence,50.13,Good
5034356,125000.0,3125.0,2011.83,735.0,Primary residence,49.31,Good
5034365,78000.0,1625.0,834.99,735.0,Primary residence,37.85,Good
5034374,96000.0,800.0,753.52,735.0,Primary residence,19.42,Good
5034378,26000.0,1062.0,475.99,735.0,Primary residence,70.98,Good
5034398,107000.0,2854.0,1701.26,735.0,Primary residence,51.09,Good
5034418,32000.0,827.0,819.04,735.0,Primary residence,61.73,Good
5034436,287000.0,3827.0,1996.74,735.0,Primary residence,24.35,Good
5034455,172000.0,5304.0,1962.94,735.0,Primary residence,50.7,Good
5034471,88000.0,2934.0,1096.84,735.0,Primary residence,54.97,Good
5034484,181000.0,2112.0,1352.22,735.0,Primary residence,22.97,Good
5034502,55000.0,1925.0,735.04,735.0,Primary residence,58.04,Good
5034527,58000.0,1837.0,694.0,735.0,Primary residence,52.37,Good
5034739,69000.0,2070.0,1430.62,735.0,Primary residence,60.88,Good
5034785,40000.0,1200.0,771.91,735.0,Primary residence,59.16,Good
5034909,223000.0,2788.0,1497.41,735.0,Primary residence,23.06,Good
5034931,63000.0,1470.0,1058.58,735.0,Primary residence,48.16,Good
5034973,47000.0,1724.0,856.72,735.0,Primary residence,65.89,Good
5034985,156000.0,4680.0,933.17,735.0,Primary residence,43.18,Good
5035074,81000.0,2768.0,1081.86,735.0,Primary residence,57.03,Good
5035109,60000.0,2050.0,1055.45,736.0,Primary residence,62.11,Good
5035142,56000.0,2287.0,1506.65,736.0,Primary residence,81.29,Good
5035192,80000.0,1400.0,903.04,736.0,Primary residence,34.55,Good
5035219,101000.0,3283.0,1105.99,736.0,Primary residence,52.15,Good
5035338,249000.0,8093.0,3276.94,736.0,Investment property,54.79,Good
5035469,223000.0,5575.0,1924.64,736.0,Primary residence,40.36,Good
5035540,103000.0,3090.0,1515.62,736.0,Primary residence,53.66,Good
5035644,123000.0,3485.0,2649.2700000000004,736.0,Primary residence,59.85,Good
5035798,126000.0,3255.0,727.42,736.0,Primary residence,37.93,Good
5035821,117000.0,3998.0,1303.16,736.0,Primary residence,54.37,Good
5035878,107000.0,1873.0,1067.1299999999999,736.0,Primary residence,32.97,Good
5035898,126000.0,4305.0,2255.76,736.0,Primary residence,62.48,Good
5035909,154000.0,1540.0,778.64,736.0,Primary residence,18.07,Good
5035959,111000.0,3330.0,465.0,736.0,Second residence,41.03,Good
5035991,157000.0,3925.0,2384.61,736.0,Primary residence,48.23,Good
5036006,97000.0,1779.0,778.64,736.0,Primary residence,31.64,Good
5036104,129000.0,5053.0,1888.58,736.0,Primary residence,64.57,Good
5036112,146000.0,3894.0,2894.51,736.0,Primary residence,55.8,Good
5036328,73000.0,2495.0,509.14,736.0,Primary residence,49.38,Good
5036365,102000.0,3655.0,425.36,736.0,Primary residence,48.0,Good
5036522,503000.0,11737.0,1869.09,736.0,Investment property,32.46,Good
5036593,139000.0,1854.0,713.95,736.0,Primary residence,22.17,Good
5036607,79000.0,1383.0,735.04,736.0,Primary residence,32.17,Good
5036643,68000.0,2154.0,1164.46,736.0,Primary residence,58.56,Good
5036716,163000.0,3396.0,1533.07,736.0,Primary residence,36.29,Good
5036744,139000.0,2085.0,639.25,736.0,Primary residence,23.52,Good
5036786,57000.0,2090.0,1069.34,736.0,Primary residence,66.51,Good
5036818,149000.0,3477.0,1575.07,736.0,Primary residence,40.69,Good
5036875,53000.0,1855.0,848.5,736.0,Primary residence,61.21,Good
5036962,59000.0,1180.0,641.55,736.0,Primary residence,37.05,Good
5037046,97000.0,3234.0,2144.15,736.0,Primary residence,66.53,Good
5037069,60000.0,2200.0,1230.87,736.0,Primary residence,68.62,Good
5037102,87000.0,2393.0,639.25,736.0,Investment property,41.82,Good
5037119,79000.0,3095.0,761.77,736.0,Investment property,58.58,Good
5037173,82000.0,3349.0,872.75,736.0,Primary residence,61.78,Good
5037257,126000.0,1785.0,1239.06,736.0,Primary residence,28.8,Good
5037336,172000.0,5304.0,1179.62,736.0,Primary residence,45.23,Good
5037362,46000.0,1764.0,914.05,736.0,Primary residence,69.86,Good
5037389,67000.0,2010.0,672.75,736.0,Primary residence,48.05,Good
5037405,56000.0,1774.0,637.67,736.0,Primary residence,51.68,Good
5037478,38000.0,982.0,651.03,736.0,Primary residence,51.57,Good
5037575,136000.0,3174.0,1963.71,736.0,Primary residence,45.33,Good
5037620,190000.0,4434.0,2404.78,737.0,Primary residence,43.19,Good
5037623,95000.0,3088.0,1902.89,737.0,Primary residence,63.04,Good
5024423,34000.0,1389.0,651.03,737.0,Primary residence,72.0,Good
5024537,71000.0,1835.0,890.49,737.0,Primary residence,46.06,Good
5024626,68000.0,567.0,427.68,737.0,Primary residence,17.55,Good
5025131,205000.0,5809.0,1991.22,737.0,Primary residence,45.66,Good
5025676,40000.0,1400.0,492.15999999999997,737.0,Primary residence,56.76,Good
5025747,65000.0,1896.0,861.04,737.0,Primary residence,50.9,Good
5026427,92000.0,3297.0,1845.22,737.0,Primary residence,67.07,Good
5026589,203000.0,4399.0,2248.6000000000004,737.0,Primary residence,39.3,Good
5026946,104000.0,2080.0,1236.99,737.0,Primary residence,38.27,Good
5027187,62000.0,2067.0,1040.4,737.0,Primary residence,60.14,Good
5027875,98000.0,3349.0,1410.61,737.0,Primary residence,58.28,Good
5028121,87000.0,3118.0,1197.06,737.0,Primary residence,59.52,Good
5028930,38000.0,824.0,517.38,737.0,Primary residence,42.36,Good
5028946,67000.0,1787.0,840.91,737.0,Primary residence,47.07,Good
5029185,85000.0,2621.0,839.03,737.0,Primary residence,48.85,Good
5029684,107000.0,2140.0,921.99,737.0,Primary residence,34.34,Good
5029798,72000.0,1800.0,1078.87,737.0,Primary residence,47.98,Good
5029945,120000.0,4400.0,2402.67,737.0,Primary residence,68.03,Good
5030069,140000.0,5367.0,1323.06,737.0,Primary residence,57.34,Good
5030237,123000.0,3690.0,1861.95,737.0,Primary residence,54.17,Good
5030470,123000.0,3690.0,861.04,737.0,Primary residence,44.4,Good
5030476,122000.0,3864.0,1646.82,737.0,Primary residence,54.2,Good
5030632,851000.0,12765.0,1550.1,737.0,Primary residence,20.19,Good
5030639,89000.0,3115.0,2037.09,737.0,Primary residence,69.47,Good
5030768,54000.0,1665.0,883.09,737.0,Primary residence,56.62,Good
5031405,135000.0,4950.0,1606.79,737.0,Second residence,58.28,Good
5031451,609000.0,6090.0,3370.42,737.0,Primary residence,18.64,Good
5031474,89000.0,2151.0,1606.81,737.0,Primary residence,50.67,Good
5032249,55000.0,1559.0,594.08,737.0,Primary residence,46.98,Good
5032340,51000.0,2083.0,551.08,737.0,Primary residence,61.98,Good
5032397,131000.0,2293.0,1785.08,737.0,Primary residence,37.36,Good
5032573,48000.0,1840.0,455.74,737.0,Primary residence,57.39,Good
5032909,203000.0,3553.0,2628.3500000000004,737.0,Primary residence,36.54,Good
5032956,40000.0,1434.0,615.79,737.0,Primary residence,61.49,Good
5033205,78000.0,2210.0,1036.02,737.0,Primary residence,49.94,Good
5033331,77000.0,2246.0,997.91,737.0,Primary residence,50.55,Good
5033362,144000.0,5640.0,2226.3300000000004,737.0,Primary residence,65.55,Good
5033399,53000.0,2076.0,1055.45,737.0,Primary residence,70.9,Good
5033551,78000.0,3120.0,641.55,737.0,Primary residence,57.87,Good
5033816,81000.0,2498.0,1313.54,737.0,Primary residence,56.47,Good
5033904,92000.0,3374.0,1405.8,737.0,Primary residence,62.35,Good
5033970,117000.0,3510.0,1096.84,737.0,Primary residence,47.25,Good
5034587,37000.0,710.0,512.22,737.0,Primary residence,39.64,Good
5034646,197000.0,3612.0,1367.2,737.0,Primary residence,30.33,Good
5035099,212000.0,7950.0,2755.36,737.0,Primary residence,60.6,Good
5035235,155000.0,4909.0,3036.9700000000003,738.0,Investment property,61.52,Good
5035812,160000.0,1600.0,1400.02,738.0,Primary residence,22.5,Good
5035888,33000.0,798.0,447.46,738.0,Primary residence,45.29,Good
5035971,45000.0,1125.0,517.38,738.0,Primary residence,43.8,Good
5036132,135000.0,2700.0,1405.8,738.0,Primary residence,36.5,Good
5036157,65000.0,2221.0,859.67,738.0,Primary residence,56.87,Good
5036507,29000.0,508.0,455.74,738.0,Primary residence,39.88,Good
5036518,310000.0,7492.0,1471.19,738.0,Primary residence,34.7,Good
5036630,59000.0,1328.0,799.63,738.0,Primary residence,43.27,Good
5036782,29000.0,991.0,595.16,738.0,Primary residence,65.63,Good
5037418,136000.0,3740.0,1113.05,738.0,Primary residence,42.82,Good
5024025,127000.0,3175.0,1036.02,738.0,Primary residence,39.79,Good
5024110,82000.0,2734.0,793.23,738.0,Primary residence,51.62,Good
5024135,36000.0,1260.0,716.16,738.0,Primary residence,65.87,Good
5024143,123000.0,4715.0,1029.05,738.0,Primary residence,56.04,Good
5024146,112000.0,2707.0,991.93,738.0,Primary residence,39.63,Good
5024188,,,1036.02,738.0,Investment property,,Good
5024375,111000.0,3145.0,595.16,738.0,Primary residence,40.43,Good
5024379,197000.0,7880.0,2328.59,738.0,Primary residence,62.18,Good
5024389,162000.0,4590.0,631.33,738.0,Primary residence,38.68,Good
5024487,71000.0,2249.0,1029.05,738.0,Primary residence,55.4,Good
5024533,185000.0,7246.0,1323.06,738.0,Primary residence,55.58,Good
5024738,132000.0,3520.0,1634.91,738.0,Primary residence,46.86,Good
5024768,36000.0,1230.0,973.28,738.0,Primary residence,73.44,Good
5024899,104000.0,2947.0,945.05,738.0,Primary residence,44.91,Good
5024909,149000.0,5836.0,2586.8900000000003,738.0,Primary residence,67.84,Good
5024937,118000.0,3245.0,1858.6,738.0,Primary residence,51.9,Good
5024978,316000.0,10534.0,1615.41,738.0,Primary residence,46.14,Good
5025082,81000.0,3105.0,1356.4,738.0,Primary residence,66.09,Good
5025145,93000.0,3333.0,724.33,738.0,Primary residence,52.35,Good
5025155,85000.0,1488.0,1405.8,738.0,Primary residence,40.85,Good
5025177,161000.0,4294.0,2628.28,738.0,Primary residence,51.59,Good
5025390,44000.0,734.0,580.51,738.0,Primary residence,35.85,Good
5025514,150000.0,3750.0,2343.25,738.0,Primary residence,48.75,Good
5025640,143000.0,1430.0,933.17,738.0,Primary residence,19.83,Good
5025660,162000.0,6345.0,2289.11,738.0,Primary residence,63.96,Good
5025730,277000.0,3694.0,2023.91,738.0,Primary residence,24.77,Good
5025805,128000.0,2667.0,1449.69,738.0,Primary residence,38.59,Good
5025954,152000.0,3800.0,1068.5,738.0,Primary residence,38.44,Good
5026103,136000.0,3400.0,911.99,738.0,Primary residence,38.05,Good
5026125,117000.0,3998.0,1888.04,738.0,Primary residence,60.37,Good
5026200,120000.0,2700.0,1593.52,739.0,Primary residence,42.94,Good
5026223,83000.0,2698.0,1449.07,739.0,Primary residence,59.96,Good
5026268,179000.0,1940.0,1283.02,739.0,Primary residence,21.61,Good
5026312,137000.0,3083.0,1474.06,739.0,Primary residence,39.92,Good
5026317,46000.0,1342.0,651.13,739.0,Primary residence,51.99,Good
5026351,120000.0,3700.0,1187.67,739.0,Primary residence,48.88,Good
5026392,163000.0,4890.0,3087.1400000000003,739.0,Primary residence,58.73,Good
5026582,86000.0,2795.0,632.14,739.0,Primary residence,47.82,Good
5026596,137000.0,2284.0,1510.74,739.0,Primary residence,33.24,Good
5026639,356000.0,7714.0,1798.12,739.0,Primary residence,32.06,Good
5026723,102000.0,1955.0,987.05,739.0,Primary residence,34.61,Good
5026752,96000.0,800.0,690.9,739.0,Primary residence,18.64,Good
5026758,102000.0,3995.0,807.11,739.0,Primary residence,56.5,Good
5026777,97000.0,1132.0,558.77,739.0,Primary residence,20.92,Good
5026833,27000.0,900.0,672.75,739.0,Primary residence,69.9,Good
5026952,109000.0,3634.0,1593.52,739.0,Primary residence,57.55,Good
5026968,119000.0,3570.0,639.25,739.0,Primary residence,42.45,Good
5027000,40000.0,1534.0,390.3,739.0,Primary residence,57.73,Good
5027014,58000.0,629.0,483.03,739.0,Primary residence,23.01,Good
5027029,150000.0,4750.0,1179.62,739.0,Primary residence,47.44,Good
5027195,73000.0,2373.0,1013.49,739.0,Primary residence,55.67,Good
5027251,175000.0,4084.0,1863.5,739.0,Primary residence,40.78,Good
5027373,191000.0,3343.0,1031.3799999999999,739.0,Second residence,27.48,Good
5027378,125000.0,1042.0,807.11,739.0,Investment property,17.75,Good
5027462,88000.0,2714.0,1596.45,739.0,Primary residence,58.78,Good
5027524,350000.0,7292.0,3011.03,739.0,Primary residence,35.32,Good
5027712,104000.0,1994.0,1097.92,739.0,Primary residence,35.68,Good
5027782,63000.0,2468.0,1648.76,739.0,Primary residence,78.41,Good
5027818,138000.0,1265.0,1111.46,739.0,Primary residence,20.66,Good
5027893,70000.0,2392.0,976.5699999999999,739.0,Primary residence,57.75,Good
5027945,114000.0,1140.0,558.77,739.0,Primary residence,17.88,Good
5028057,26000.0,932.0,475.99,739.0,Primary residence,64.98,Good
5028090,64000.0,2240.0,1239.06,739.0,Primary residence,65.23,Good
5028099,60000.0,2000.0,1352.22,739.0,Primary residence,67.04,Good
5028156,85000.0,2125.0,838.5,739.0,Primary residence,41.84,Good
5028219,242000.0,3025.0,2454.9900000000002,739.0,Primary residence,27.17,Good
5028364,105000.0,3500.0,1256.45,739.0,Primary residence,54.36,Good
5028641,51000.0,1445.0,859.67,739.0,Primary residence,54.23,Good
5028657,66000.0,2420.0,1197.06,739.0,Primary residence,65.76,Good
5028745,61000.0,1678.0,693.04,739.0,Primary residence,46.64,Good
5029043,207000.0,5693.0,1879.91,740.0,Primary residence,43.9,Excellent
5029060,45000.0,1838.0,1388.0,740.0,Primary residence,86.03,Excellent
5029130,152000.0,4814.0,1671.02,740.0,Primary residence,51.2,Excellent
5029208,83000.0,1730.0,1183.05,740.0,Primary residence,42.12,Excellent
5029385,63000.0,2048.0,1631.28,740.0,Primary residence,70.08,Excellent
5029406,82000.0,2255.0,771.91,740.0,Primary residence,44.3,Excellent
5029446,143000.0,2860.0,1763.32,740.0,Primary residence,38.8,Excellent
5029480,82000.0,2870.0,1328.66,740.0,Primary residence,61.44,Excellent
5029540,40000.0,1367.0,672.75,740.0,Primary residence,61.19,Excellent
5029569,97000.0,3315.0,873.1,740.0,Primary residence,51.81,Excellent
5029603,126000.0,3675.0,773.4,740.0,Primary residence,42.37,Excellent
5029651,67000.0,2401.0,1410.3799999999999,740.0,Primary residence,68.26,Excellent
5029692,54000.0,1935.0,1367.2,740.0,Primary residence,73.38,Excellent
5029708,278000.0,7645.0,2464.2200000000003,740.0,Primary residence,43.64,Excellent
5029721,261000.0,10223.0,2063.9900000000002,740.0,Primary residence,56.49,Excellent
5029735,75000.0,1438.0,710.93,740.0,Primary residence,34.38,Excellent
5029768,56000.0,2054.0,903.76,740.0,Primary residence,63.38,Excellent
5029883,52000.0,2080.0,682.9399999999999,740.0,Primary residence,63.76,Excellent
5029889,43000.0,1505.0,585.95,740.0,Primary residence,58.35,Excellent
5029929,119000.0,3670.0,1717.69,740.0,Primary residence,54.33,Excellent
5029980,46000.0,1649.0,710.93,740.0,Primary residence,61.56,Excellent
5029994,216000.0,3960.0,2214.3700000000003,740.0,Primary residence,34.3,Excellent
5030015,272000.0,4987.0,2003.11,740.0,Primary residence,30.84,Excellent
5030112,99000.0,2723.0,1431.34,740.0,Primary residence,50.36,Excellent
5030114,74000.0,864.0,506.99,740.0,Primary residence,22.23,Excellent
5030129,120000.0,1700.0,1136.93,740.0,Primary residence,28.37,Excellent
5030145,157000.0,1309.0,1081.61,740.0,Primary residence,18.27,Excellent
5030184,159000.0,3975.0,1221.01,740.0,Primary residence,39.22,Excellent
5030208,93000.0,3178.0,2162.5600000000004,740.0,Primary residence,68.91,Excellent
5030217,101000.0,3620.0,1568.14,740.0,Primary residence,61.64,Excellent
5030356,35000.0,1225.0,525.09,740.0,Primary residence,60.0,Excellent
5030365,76000.0,1584.0,629.11,740.0,Primary residence,34.94,Excellent
5030382,73000.0,2069.0,824.52,740.0,Primary residence,47.56,Excellent
5030431,162000.0,2430.0,1231.0,740.0,Primary residence,27.12,Excellent
5030495,49000.0,1225.0,902.37,740.0,Primary residence,52.1,Excellent
5030500,71000.0,2308.0,859.14,740.0,Primary residence,53.53,Excellent
5030524,125000.0,5000.0,3083.57,740.0,Primary residence,77.6,Excellent
5030566,30000.0,1100.0,801.45,740.0,Primary residence,76.06,Excellent
5030628,202000.0,6229.0,1861.95,740.0,Primary residence,48.07,Excellent
5030644,89000.0,1855.0,686.56,740.0,Primary residence,34.27,Excellent
5030646,36000.0,1080.0,499.14,740.0,Primary residence,52.64,Excellent
5030651,30000.0,1075.0,696.04,740.0,Primary residence,70.84,Excellent
5030660,155000.0,4263.0,2793.13,740.0,Primary residence,54.63,Excellent
5030662,135000.0,4050.0,1097.92,740.0,Primary residence,45.76,Excellent
5030666,133000.0,2882.0,1701.08,740.0,Primary residence,41.35,Excellent
5030682,313000.0,3391.0,1658.77,741.0,Primary residence,19.36,Excellent
5030857,108000.0,2790.0,1841.86,741.0,Primary residence,51.47,Excellent
5030901,104000.0,3987.0,2961.13,741.0,Primary residence,80.17,Excellent
5030945,112000.0,4014.0,2289.11,741.0,Primary residence,67.53,Excellent
5031010,92000.0,2607.0,712.79,741.0,Primary residence,43.3,Excellent
5031025,33000.0,1100.0,672.06,741.0,Primary residence,64.44,Excellent
5031040,106000.0,3180.0,1690.33,741.0,Primary residence,55.14,Excellent
5031108,88000.0,2714.0,1364.08,741.0,Primary residence,55.61,Excellent
5031249,189000.0,4410.0,3177.82,741.0,Primary residence,48.18,Excellent
5031316,42000.0,1330.0,791.65,741.0,Primary residence,60.62,Excellent
5031324,47000.0,1724.0,861.04,741.0,Primary residence,66.0,Excellent
5031327,48000.0,1600.0,1071.05,741.0,Primary residence,66.78,Excellent
5031333,99000.0,2063.0,889.89,741.0,Primary residence,35.79,Excellent
5031381,49000.0,2001.0,1272.93,741.0,Primary residence,80.18,Excellent
5031387,146000.0,3772.0,1983.01,741.0,Primary residence,47.3,Excellent
5031412,69000.0,2358.0,889.89,741.0,Primary residence,56.49,Excellent
5031421,239000.0,5975.0,2677.59,741.0,Primary residence,43.44,Excellent
5031529,77000.0,3145.0,1150.19,741.0,Second residence,66.94,Excellent
5031563,150000.0,4750.0,1847.18,741.0,Primary residence,52.78,Excellent
5031686,52000.0,2037.0,585.91,741.0,Primary residence,60.53,Excellent
5031900,249000.0,9130.0,3952.76,741.0,Primary residence,63.05,Excellent
5031936,29000.0,1088.0,704.99,741.0,Primary residence,74.19,Excellent
5031942,31000.0,1111.0,683.33,741.0,Primary residence,69.46,Excellent
5032020,97000.0,3557.0,1730.08,741.0,Primary residence,65.41,Excellent
5032053,80000.0,2267.0,920.5699999999999,741.0,Primary residence,47.81,Excellent
5032083,47000.0,1450.0,707.08,741.0,Primary residence,55.07,Excellent
5032111,88000.0,807.0,838.4399999999999,741.0,Primary residence,22.44,Excellent
5032171,282000.0,10105.0,4007.2700000000004,741.0,Primary residence,60.05,Excellent
5032242,107000.0,2854.0,1741.39,741.0,Primary residence,51.54,Excellent
5032250,201000.0,4020.0,1765.46,741.0,Primary residence,34.54,Excellent
5032287,36000.0,1170.0,595.16,741.0,Primary residence,58.84,Excellent
5032402,74000.0,1172.0,831.76,741.0,Primary residence,32.49,Excellent
5032519,107000.0,3478.0,2172.98,741.0,Primary residence,63.38,Excellent
5032613,28000.0,1144.0,542.54,742.0,Primary residence,72.28,Excellent
5032656,191000.0,5571.0,1570.23,742.0,Primary residence,44.87,Excellent
5032681,40000.0,1300.0,761.77,742.0,Primary residence,61.85,Excellent
5032683,78000.0,2665.0,1497.16,742.0,Primary residence,64.03,Excellent
5032742,153000.0,5865.0,3524.92,742.0,Primary residence,73.65,Excellent
5032748,115000.0,4409.0,2086.4500000000003,742.0,Primary residence,67.78,Excellent
5032826,106000.0,1767.0,874.98,742.0,Primary residence,29.91,Excellent
5032842,70000.0,2509.0,1502.91,742.0,Primary residence,68.78,Excellent
5032918,76000.0,1900.0,692.11,742.0,Primary residence,40.93,Excellent
5032953,144000.0,3600.0,374.73,742.0,Investment property,33.12,Excellent
5032982,99000.0,2970.0,861.04,742.0,Primary residence,46.44,Excellent
5032994,73000.0,1825.0,483.03,742.0,Primary residence,37.94,Excellent
5033062,98000.0,3185.0,1778.74,742.0,Primary residence,60.78,Excellent
5033076,219000.0,4198.0,3407.15,742.0,Primary residence,41.67,Excellent
5033105,53000.0,1105.0,399.02,742.0,Primary residence,34.05,Excellent
5033188,117000.0,4095.0,2202.7000000000003,742.0,Primary residence,64.59,Excellent
5033192,30000.0,1175.0,898.68,742.0,Primary residence,82.95,Excellent
5033247,130000.0,3034.0,1431.34,742.0,Primary residence,41.22,Excellent
5033269,128000.0,3840.0,1510.56,742.0,Primary residence,50.16,Excellent
5033288,131000.0,3603.0,2386.59,742.0,Primary residence,54.87,Excellent
5033292,80000.0,800.0,704.76,742.0,Primary residence,22.57,Excellent
5033329,146000.0,3650.0,2105.05,742.0,Investment property,47.3,Excellent
5033348,219000.0,1825.0,1434.79,742.0,Primary residence,17.86,Excellent
5033412,50000.0,1750.0,1121.46,742.0,Primary residence,68.92,Excellent
5033422,133000.0,4545.0,1497.16,742.0,Second residence,54.52,Excellent
5033450,96000.0,1760.0,1323.06,742.0,Primary residence,38.54,Excellent
5033498,58000.0,1692.0,765.72,742.0,Primary residence,50.85,Excellent
5033507,108000.0,2250.0,1135.84,742.0,Primary residence,37.62,Excellent
5033510,59000.0,2016.0,1138.23,742.0,Primary residence,64.15,Excellent
5033566,29000.0,870.0,530.93,742.0,Primary residence,57.97,Excellent
5033655,98000.0,2940.0,1613.8,742.0,Primary residence,55.76,Excellent
5033733,123000.0,2870.0,1469.35,742.0,Primary residence,42.34,Excellent
5033802,90000.0,1950.0,1407.07,742.0,Primary residence,44.76,Excellent
5033818,179000.0,4625.0,4195.14,742.0,Primary residence,59.13,Excellent
5033819,78000.0,2925.0,2214.8500000000004,742.0,Primary residence,79.07,Excellent
5033856,247000.0,4323.0,3498.82,742.0,Primary residence,38.0,Excellent
5034066,140000.0,3850.0,2504.11,742.0,Primary residence,54.46,Excellent
5034067,159000.0,3048.0,2232.84,742.0,Primary residence,39.86,Excellent
5034107,177000.0,5900.0,1281.06,742.0,Primary residence,48.69,Excellent
5034173,123000.0,2153.0,1015.91,742.0,Primary residence,30.92,Excellent
5034237,140000.0,1284.0,1063.3799999999999,742.0,Primary residence,20.12,Excellent
5034279,,,604.45,742.0,Second residence,,Excellent
5034303,114000.0,3610.0,1041.22,742.0,Primary residence,48.96,Excellent
5034448,111000.0,3330.0,960.89,742.0,Investment property,46.39,Excellent
5034458,111000.0,3608.0,1063.3799999999999,742.0,Primary residence,50.5,Excellent
5034567,218000.0,5814.0,2423.4900000000002,742.0,Primary residence,45.34,Excellent
5034577,74000.0,1850.0,1252.58,742.0,Primary residence,50.31,Excellent
5034591,150000.0,4500.0,3024.6800000000003,743.0,Primary residence,60.2,Excellent
5034602,54000.0,630.0,393.21,743.0,Primary residence,22.74,Excellent
5034614,82000.0,889.0,819.04,743.0,Primary residence,25.0,Excellent
5034625,161000.0,5501.0,469.05,743.0,Primary residence,44.5,Excellent
5034627,103000.0,2060.0,861.04,743.0,Primary residence,34.03,Excellent
5034680,69000.0,1725.0,889.89,743.0,Primary residence,45.48,Excellent
5034689,63000.0,2520.0,903.04,743.0,Primary residence,65.2,Excellent
5034702,106000.0,1944.0,868.5,743.0,Investment property,31.84,Excellent
5034726,136000.0,4760.0,1510.74,743.0,Primary residence,55.33,Excellent
5034748,95000.0,3088.0,2200.4100000000003,743.0,Primary residence,66.8,Excellent
5034777,67000.0,1843.0,861.04,743.0,Primary residence,48.43,Excellent
5034781,131000.0,2620.0,1262.4,743.0,Primary residence,35.56,Excellent
5034832,108000.0,2520.0,1121.46,743.0,Primary residence,40.46,Excellent
5034885,52000.0,1300.0,483.03,743.0,Primary residence,41.15,Excellent
5034956,56000.0,2287.0,889.77,743.0,Primary residence,68.07,Excellent
5034959,212000.0,7420.0,2945.5400000000004,743.0,Investment property,58.67,Excellent
5035038,268000.0,7594.0,1617.08,743.0,Primary residence,41.24,Excellent
5035045,57000.0,1568.0,1063.3799999999999,743.0,Primary residence,55.4,Excellent
5035205,183000.0,3813.0,1863.6,743.0,Primary residence,37.22,Excellent
5035243,60000.0,1850.0,771.5,743.0,Primary residence,52.43,Excellent
5035407,172000.0,5304.0,2037.22,743.0,Primary residence,51.22,Excellent
5035411,83000.0,1453.0,1155.06,743.0,Primary residence,37.71,Excellent
5035493,104000.0,4247.0,1815.87,743.0,Primary residence,69.96,Excellent
5035522,79000.0,3029.0,1449.07,743.0,Primary residence,68.02,Excellent
5035579,199000.0,6965.0,1296.43,743.0,Primary residence,49.82,Excellent
5035606,105000.0,2975.0,1771.49,743.0,Primary residence,54.25,Excellent
5035673,71000.0,2426.0,1231.0,743.0,Primary residence,61.81,Excellent
5035747,78000.0,2340.0,771.5,743.0,Primary residence,47.87,Excellent
5035761,59000.0,1721.0,483.03,743.0,Primary residence,44.83,Excellent
5035767,67000.0,2234.0,1046.8,743.0,Primary residence,58.76,Excellent
5035777,64000.0,1334.0,525.03,743.0,Primary residence,34.86,Excellent
5035788,56000.0,1774.0,976.5699999999999,743.0,Primary residence,58.94,Excellent
5035792,92000.0,3757.0,1497.16,743.0,Primary residence,68.53,Excellent
5035807,257000.0,9424.0,1311.07,743.0,Investment property,50.12,Excellent
5035849,83000.0,2836.0,1021.98,743.0,Primary residence,55.78,Excellent
5035885,56000.0,2054.0,704.99,743.0,Primary residence,59.12,Excellent
5035901,160000.0,4400.0,2065.07,744.0,Investment property,48.49,Excellent
5035918,69000.0,1955.0,848.5,744.0,Primary residence,48.76,Excellent
5036008,83000.0,1453.0,981.76,744.0,Primary residence,35.2,Excellent
5036015,57000.0,1330.0,455.74,744.0,Primary residence,37.59,Excellent
5036033,52000.0,1734.0,941.8199999999999,744.0,Primary residence,61.75,Excellent
5036067,85000.0,2905.0,1179.62,744.0,Primary residence,57.67,Excellent
5036257,362000.0,3319.0,1765.46,744.0,Primary residence,16.85,Excellent
5036282,117000.0,4095.0,1841.45,744.0,Primary residence,60.89,Excellent
5036483,178000.0,3560.0,2063.9900000000002,744.0,Primary residence,37.91,Excellent
5036527,78000.0,1755.0,1220.29,744.0,Primary residence,45.77,Excellent
5036659,188000.0,1567.0,1163.19,744.0,Primary residence,17.43,Excellent
5036660,209000.0,5225.0,1434.79,744.0,Primary residence,38.24,Excellent
5036700,52000.0,1474.0,462.9,744.0,Primary residence,44.7,Excellent
5036746,122000.0,1525.0,906.15,744.0,Primary residence,23.91,Excellent
5036757,119000.0,3273.0,1340.28,744.0,Investment property,46.52,Excellent
5036797,232000.0,4640.0,1719.82,744.0,Primary residence,32.9,Excellent
5036800,58000.0,2175.0,1242.29,744.0,Primary residence,70.7,Excellent
5036854,100000.0,3167.0,921.99,744.0,Primary residence,49.07,Excellent
5036894,121000.0,1715.0,1364.08,744.0,Primary residence,30.54,Excellent
5037079,79000.0,2568.0,981.76,744.0,Primary residence,53.92,Excellent
5037089,101000.0,3030.0,1430.62,744.0,Primary residence,53.0,Excellent
5037139,88000.0,3154.0,1231.29,744.0,Primary residence,59.8,Excellent
5037159,26000.0,629.0,499.06,744.0,Primary residence,52.06,Excellent
5037177,55000.0,1146.0,542.54,744.0,Primary residence,36.84,Excellent
5037247,52000.0,1257.0,595.16,744.0,Primary residence,42.74,Excellent
5037291,67000.0,1229.0,704.79,744.0,Primary residence,34.64,Excellent
5037400,139000.0,5445.0,1917.11,744.0,Primary residence,63.56,Excellent
5037500,92000.0,2837.0,1572.87,744.0,Primary residence,57.52,Excellent
5037566,86000.0,2294.0,690.9,744.0,Primary residence,41.65,Excellent
5037617,686000.0,14292.0,2255.76,744.0,Second residence,28.95,Excellent
5037624,94000.0,2664.0,839.03,744.0,Investment property,44.72,Excellent
5024842,105000.0,4288.0,821.59,744.0,Primary residence,58.4,Excellent
5025068,63000.0,2468.0,509.14,744.0,Primary residence,56.71,Excellent
5025343,29000.0,1136.0,525.03,744.0,Primary residence,68.73,Excellent
5025386,51000.0,1913.0,629.35,744.0,Primary residence,59.82,Excellent
5025414,62000.0,2325.0,1143.22,744.0,Primary residence,67.13,Excellent
5025486,95000.0,3088.0,1863.5,744.0,Primary residence,62.55,Excellent
5026246,57000.0,855.0,434.59999999999997,744.0,Primary residence,27.15,Excellent
5026696,99000.0,2723.0,1533.07,744.0,Primary residence,51.59,Excellent
5026727,109000.0,3180.0,815.59,744.0,Primary residence,43.99,Excellent
5027037,279000.0,4883.0,2871.5200000000004,744.0,Primary residence,33.35,Excellent
5027305,59000.0,1574.0,1117.17,744.0,Primary residence,54.74,Excellent
5027342,64000.0,1440.0,831.76,744.0,Primary residence,42.6,Excellent
5027364,50000.0,2000.0,537.39,744.0,Primary residence,60.9,Excellent
5027578,80000.0,1600.0,1201.56,744.0,Primary residence,42.02,Excellent
5027832,72000.0,2100.0,1055.45,744.0,Primary residence,52.59,Excellent
5027860,51000.0,1658.0,931.28,745.0,Primary residence,60.92,Excellent
5027998,48000.0,1960.0,856.72,745.0,Primary residence,70.42,Excellent
5028189,119000.0,2777.0,1652.74,745.0,Primary residence,44.67,Excellent
5028485,134000.0,2457.0,1508.67,745.0,Primary residence,35.51,Excellent
5028774,50000.0,459.0,542.54,745.0,Primary residence,24.04,Excellent
5029146,106000.0,3357.0,2041.03,745.0,Primary residence,61.11,Excellent
5029222,39000.0,813.0,455.74,745.0,Primary residence,39.04,Excellent
5029737,99000.0,3465.0,701.39,745.0,Primary residence,50.5,Excellent
5029918,115000.0,2588.0,1031.3799999999999,745.0,Primary residence,37.77,Excellent
5030038,90000.0,1800.0,753.34,745.0,Primary residence,34.04,Excellent
5030595,,,1281.06,745.0,Primary residence,,Excellent
5030830,199000.0,8126.0,2491.8100000000004,745.0,Investment property,64.03,Excellent
5030982,125000.0,2709.0,1487.55,745.0,Primary residence,40.29,Excellent
5031112,42000.0,1155.0,829.01,745.0,Primary residence,56.69,Excellent
5031257,130000.0,2059.0,563.43,745.0,Primary residence,24.21,Excellent
5031262,145000.0,5075.0,1310.37,745.0,Primary residence,52.84,Excellent
5031288,138000.0,1725.0,1328.68,745.0,Primary residence,26.55,Excellent
5031320,49000.0,1185.0,475.51,745.0,Primary residence,40.67,Excellent
5032139,69000.0,2473.0,1029.05,745.0,Primary residence,60.91,Excellent
5032203,69000.0,1438.0,475.99,745.0,Primary residence,33.29,Excellent
5032441,138000.0,2645.0,1667.34,745.0,Primary residence,37.5,Excellent
5032677,256000.0,4480.0,1701.8799999999999,745.0,Primary residence,28.98,Excellent
5032893,246000.0,4715.0,1829.56,745.0,Primary residence,31.92,Excellent
5033234,109000.0,3815.0,1714.43,745.0,Primary residence,60.87,Excellent
5033994,381000.0,6668.0,3456.7900000000004,745.0,Primary residence,31.89,Excellent
5034583,68000.0,2607.0,1842.46,745.0,Primary residence,78.52,Excellent
5034621,41000.0,1265.0,976.12,745.0,Primary residence,65.59,Excellent
5034939,57000.0,1093.0,503.42,745.0,Primary residence,33.61,Excellent
5035208,93000.0,3023.0,1080.1,745.0,Primary residence,52.94,Excellent
5035347,95000.0,2850.0,1515.67,745.0,Primary residence,55.15,Excellent
5035457,165000.0,2750.0,2278.67,745.0,Primary residence,36.57,Excellent
5036174,228000.0,8170.0,2148.46,745.0,Primary residence,54.31,Excellent
5036206,341000.0,10230.0,2760.9500000000003,745.0,Primary residence,45.72,Excellent
5036462,73000.0,2251.0,1021.81,745.0,Primary residence,53.8,Excellent
5036526,67000.0,2513.0,945.05,745.0,Primary residence,61.94,Excellent
5036718,82000.0,2802.0,1430.62,745.0,Primary residence,61.94,Excellent
5036887,97000.0,1779.0,1192.39,745.0,Primary residence,36.76,Excellent
5036916,314000.0,7850.0,2778.5,745.0,Primary residence,40.62,Excellent
5037252,76000.0,2724.0,1243.62,745.0,Primary residence,62.65,Excellent
5037264,81000.0,2363.0,1285.11,745.0,Primary residence,54.05,Excellent
5037367,198000.0,1815.0,1975.5,745.0,Primary residence,22.97,Excellent
5024054,98000.0,3675.0,772.14,745.0,Investment property,54.45,Excellent
5024243,117000.0,3998.0,1533.07,745.0,Primary residence,56.73,Excellent
5024282,138000.0,1380.0,759.56,746.0,Primary residence,18.6,Excellent
5024325,49000.0,1797.0,609.03,746.0,Primary residence,58.92,Excellent
5024340,234000.0,8580.0,2669.67,746.0,Primary residence,57.69,Excellent
5024369,24000.0,680.0,346.26,746.0,Primary residence,51.31,Excellent
5024416,93000.0,2713.0,1364.08,746.0,Primary residence,52.61,Excellent
5024418,344000.0,3727.0,3373.3,746.0,Primary residence,24.77,Excellent
5024441,84000.0,3080.0,1550.1,746.0,Primary residence,66.14,Excellent
5024477,44000.0,1577.0,903.04,746.0,Primary residence,67.64,Excellent
5024506,48000.0,1440.0,759.56,746.0,Primary residence,54.99,Excellent
5024516,66000.0,1265.0,619.54,746.0,Primary residence,34.26,Excellent
5024521,55000.0,688.0,517.38,746.0,Primary residence,26.3,Excellent
5024636,94000.0,1567.0,773.4,746.0,Investment property,29.88,Excellent
5024664,112000.0,3080.0,1179.62,746.0,Primary residence,45.64,Excellent
5024679,58000.0,1837.0,722.81,746.0,Primary residence,52.96,Excellent
5024711,40000.0,1200.0,651.03,746.0,Primary residence,55.53,Excellent
5024746,151000.0,2895.0,2125.05,746.0,Primary residence,39.89,Excellent
5024749,119000.0,2480.0,1328.68,746.0,Primary residence,38.41,Excellent
5024785,133000.0,2993.0,1356.4,746.0,Second residence,39.24,Excellent
5024823,294000.0,10045.0,4060.8900000000003,746.0,Primary residence,57.58,Excellent
5024839,164000.0,4784.0,1701.08,746.0,Primary residence,47.45,Excellent
5024876,36000.0,1470.0,807.11,746.0,Primary residence,75.9,Excellent
5024885,85000.0,2267.0,1038.77,746.0,Primary residence,46.67,Excellent
5024992,144000.0,3360.0,1747.99,746.0,Primary residence,42.57,Excellent
5025135,224000.0,5040.0,1544.7,746.0,Investment property,35.28,Excellent
5025150,80000.0,2867.0,2138.1600000000003,746.0,Primary residence,75.08,Excellent
5025269,39000.0,1170.0,499.14,746.0,Primary residence,51.36,Excellent
5025488,143000.0,3099.0,1634.91,746.0,Primary residence,39.73,Excellent
5025513,45000.0,1688.0,759.56,746.0,Primary residence,65.27,Excellent
5025582,142000.0,4142.0,1510.25,746.0,Primary residence,47.77,Excellent
5025583,89000.0,2893.0,1853.26,746.0,Primary residence,63.99,Excellent
5025619,175000.0,5396.0,2667.19,746.0,Primary residence,55.29,Excellent
5025656,51000.0,2040.0,1155.06,746.0,Investment property,75.18,Excellent
5025696,50000.0,1875.0,525.03,746.0,Primary residence,57.6,Excellent
5025727,95000.0,3405.0,2664.2400000000002,746.0,Primary residence,76.66,Excellent
5025728,144000.0,2640.0,2056.9100000000003,746.0,Primary residence,39.14,Excellent
5025796,25000.0,667.0,242.48,746.0,Primary residence,43.66,Excellent
5025833,280000.0,3734.0,2029.48,746.0,Primary residence,24.7,Excellent
5025843,81000.0,2700.0,820.22,746.0,Primary residence,52.15,Excellent
5025873,53000.0,1811.0,735.04,746.0,Primary residence,57.65,Excellent
5026023,103000.0,3777.0,1400.05,746.0,Primary residence,60.32,Excellent
5026028,105000.0,3238.0,1281.06,746.0,Primary residence,51.65,Excellent
5026059,114000.0,4180.0,575.51,746.0,Primary residence,50.06,Excellent
5026112,97000.0,1698.0,499.14,747.0,Primary residence,27.18,Excellent
5026124,147000.0,3920.0,1195.17,747.0,Investment property,41.76,Excellent
5026192,118000.0,3639.0,807.11,747.0,Primary residence,45.21,Excellent
5026235,132000.0,4070.0,1682.02,747.0,Primary residence,52.29,Excellent
5026338,57000.0,1568.0,619.54,747.0,Primary residence,46.05,Excellent
5026395,130000.0,4550.0,1449.07,747.0,Primary residence,55.38,Excellent
5026511,252000.0,8820.0,3218.9700000000003,747.0,Primary residence,57.33,Excellent
5026633,42000.0,1295.0,848.5,747.0,Primary residence,61.24,Excellent
5026731,52000.0,1647.0,571.74,747.0,Primary residence,51.2,Excellent
5026787,60000.0,2050.0,651.13,747.0,Primary residence,54.02,Excellent
5026801,161000.0,5770.0,3078.6400000000003,747.0,Primary residence,65.95,Excellent
5026845,135000.0,1800.0,997.91,747.0,Primary residence,24.87,Excellent
5026899,44000.0,1467.0,846.37,747.0,Primary residence,63.09,Excellent
5026948,60000.0,2000.0,1084.05,747.0,Primary residence,61.68,Excellent
5027005,64000.0,1707.0,567.03,747.0,Primary residence,42.64,Excellent
5027019,216000.0,7560.0,2677.5800000000004,747.0,Primary residence,56.88,Excellent
5027034,59000.0,2262.0,1367.2,747.0,Primary residence,73.81,Excellent
5027052,54000.0,1980.0,873.1,747.0,Primary residence,63.4,Excellent
5027132,116000.0,3287.0,1310.37,747.0,Second residence,47.56,Excellent
5027159,203000.0,3045.0,2010.6299999999999,747.0,Primary residence,29.89,Excellent
5027292,32000.0,1200.0,903.04,747.0,Primary residence,78.86,Excellent
5027295,50000.0,1125.0,771.5,747.0,Primary residence,45.52,Excellent
5027398,73000.0,2677.0,1155.06,747.0,Primary residence,62.99,Excellent
5027424,67000.0,2010.0,777.04,747.0,Primary residence,49.92,Excellent
5027432,83000.0,3113.0,777.04,747.0,Primary residence,56.24,Excellent
5027483,100000.0,2917.0,735.81,747.0,Primary residence,43.83,Excellent
5027514,471000.0,11383.0,5585.83,747.0,Primary residence,43.23,Excellent
5027728,336000.0,10360.0,2424.48,747.0,Investment property,45.66,Excellent
5027745,149000.0,2980.0,683.33,747.0,Second residence,29.5,Excellent
5027755,111000.0,2498.0,1584.22,747.0,Primary residence,44.13,Excellent
5027778,112000.0,3360.0,1659.08,747.0,Primary residence,53.78,Excellent
5027828,228000.0,5700.0,841.16,748.0,Investment property,34.43,Excellent
5027970,77000.0,1091.0,448.63,748.0,Primary residence,23.99,Excellent
5028018,44000.0,844.0,346.26,748.0,Primary residence,32.46,Excellent
5028026,135000.0,4050.0,1893.99,748.0,Primary residence,52.84,Excellent
5028033,60000.0,2100.0,1142.21,748.0,Primary residence,64.84,Excellent
5028034,126000.0,4725.0,1812.11,748.0,Primary residence,62.26,Excellent
5028079,213000.0,4615.0,1565.04,748.0,Primary residence,34.82,Excellent
5028173,81000.0,3308.0,1866.2,748.0,Primary residence,76.65,Excellent
5028291,42000.0,1505.0,1055.45,748.0,Primary residence,73.16,Excellent
5028359,260000.0,9100.0,2131.59,748.0,Primary residence,51.84,Excellent
5028373,59000.0,1426.0,710.93,748.0,Primary residence,43.46,Excellent
5028432,80000.0,1800.0,705.78,748.0,Primary residence,37.59,Excellent
5028447,89000.0,3412.0,1323.8,748.0,Primary residence,63.85,Excellent
5028449,28000.0,747.0,525.03,748.0,Primary residence,54.52,Excellent
5028473,66000.0,990.0,459.78999999999996,748.0,Primary residence,26.36,Excellent
5028522,124000.0,3720.0,2037.09,748.0,Primary residence,55.71,Excellent
5028535,48000.0,1280.0,903.76,748.0,Primary residence,54.59,Excellent
5028546,74000.0,1604.0,724.33,748.0,Primary residence,37.76,Excellent
5028552,94000.0,2194.0,1014.06,748.0,Primary residence,40.95,Excellent
5028556,244000.0,6710.0,997.91,748.0,Primary residence,37.91,Excellent
5028597,47000.0,1606.0,1201.56,748.0,Primary residence,71.68,Excellent
5028598,66000.0,2090.0,694.0,748.0,Primary residence,50.62,Excellent
5028600,156000.0,2730.0,692.6,748.0,Primary residence,26.33,Excellent
5028615,88000.0,3227.0,1247.55,748.0,Primary residence,61.02,Excellent
5028677,101000.0,2778.0,1193.59,748.0,Investment property,47.19,Excellent
5028724,282000.0,3525.0,2277.6000000000004,748.0,Primary residence,24.69,Excellent
5028837,75000.0,2688.0,1794.24,748.0,Primary residence,71.72,Excellent
5028890,87000.0,2030.0,1236.86,748.0,Primary residence,45.06,Excellent
5028908,87000.0,2393.0,1552.1299999999999,748.0,Primary residence,54.42,Excellent
5028948,50000.0,1292.0,1004.0699999999999,748.0,Primary residence,55.11,Excellent
5028972,68000.0,1984.0,1508.67,748.0,Primary residence,61.64,Excellent
5029001,63000.0,2573.0,1367.2,749.0,Primary residence,75.05,Excellent
5029004,126000.0,3570.0,957.18,749.0,Primary residence,43.12,Excellent
5029019,140000.0,2450.0,1096.84,749.0,Investment property,30.4,Excellent
5029042,82000.0,3144.0,889.77,749.0,Primary residence,59.03,Excellent
5029051,121000.0,2521.0,914.05,749.0,Primary residence,34.07,Excellent
5029110,93000.0,2325.0,1144.79,749.0,Primary residence,44.77,Excellent
5029214,127000.0,4445.0,1040.4,749.0,Primary residence,51.83,Excellent
5029235,158000.0,3819.0,1428.16,749.0,Primary residence,39.85,Excellent
5029242,114000.0,1900.0,1080.1,749.0,Primary residence,31.37,Excellent
5029392,276000.0,8510.0,2163.1000000000004,749.0,Primary residence,46.4,Excellent
5029498,142000.0,2959.0,1617.08,749.0,Primary residence,38.67,Excellent
5029519,195000.0,6988.0,2297.15,749.0,Primary residence,57.14,Excellent
5029612,81000.0,2700.0,1221.01,749.0,Primary residence,58.09,Excellent
5029628,177000.0,7228.0,1660.92,749.0,Investment property,60.26,Excellent
5029639,156000.0,6240.0,2379.9300000000003,749.0,Primary residence,66.31,Excellent
5029670,41000.0,1504.0,1241.76,749.0,Primary residence,80.36,Excellent
5029713,149000.0,3477.0,1510.25,749.0,Primary residence,40.17,Excellent
5029773,52000.0,1950.0,861.04,749.0,Primary residence,64.87,Excellent
5029845,152000.0,5194.0,1474.06,749.0,Primary residence,52.64,Excellent
5029869,186000.0,6510.0,455.74,749.0,Investment property,44.94,Excellent
5029873,114000.0,3895.0,2141.65,749.0,Primary residence,63.54,Excellent
5029964,321000.0,7758.0,1711.05,749.0,Investment property,35.4,Excellent
5030109,83000.0,1660.0,1040.4,749.0,Primary residence,39.04,Excellent
5030131,71000.0,1775.0,846.37,749.0,Primary residence,44.3,Excellent
5030191,106000.0,1679.0,758.56,749.0,Primary residence,27.6,Excellent
5030264,274000.0,5252.0,1672.53,749.0,Primary residence,30.33,Excellent
5030285,275000.0,2750.0,2680.7000000000003,749.0,Primary residence,23.7,Excellent
5030290,73000.0,2981.0,1975.45,749.0,Primary residence,81.48,Excellent
5030305,64000.0,1974.0,672.06,749.0,Primary residence,49.61,Excellent
5030357,113000.0,2731.0,1340.28,749.0,Primary residence,43.23,Excellent
5030377,301000.0,3763.0,1487.55,749.0,Primary residence,20.93,Excellent
5030384,92000.0,1074.0,847.93,749.0,Primary residence,25.07,Excellent
5030433,81000.0,2093.0,1340.28,749.0,Primary residence,50.86,Excellent
5030445,105000.0,3413.0,1155.06,749.0,Primary residence,52.21,Excellent
5030448,27000.0,878.0,517.38,750.0,Primary residence,62.02,Excellent
5030597,91000.0,1290.0,840.59,750.0,Primary residence,28.1,Excellent
5030605,99000.0,2310.0,854.96,750.0,Primary residence,38.36,Excellent
5030621,65000.0,1788.0,651.03,750.0,Primary residence,45.03,Excellent
5030657,112000.0,3734.0,1994.27,750.0,Primary residence,61.37,Excellent
5030673,141000.0,3995.0,2171.25,750.0,Primary residence,52.48,Excellent
5030706,117000.0,4680.0,1308.89,750.0,Primary residence,61.42,Excellent
5030787,61000.0,1932.0,399.02,750.0,Primary residence,45.86,Excellent
5030794,322000.0,3220.0,2909.6800000000003,750.0,Primary residence,22.84,Excellent
5030840,499000.0,10812.0,3633.1600000000003,750.0,Second residence,34.74,Excellent
5030876,151000.0,3650.0,1176.16,750.0,Second residence,38.35,Excellent
5030925,46000.0,1342.0,519.7,750.0,Primary residence,48.57,Excellent
5031001,441000.0,12128.0,1997.36,750.0,Investment property,38.44,Excellent
5031106,84000.0,1610.0,1209.64,750.0,Primary residence,40.28,Excellent
5031199,46000.0,1495.0,506.99,750.0,Primary residence,52.23,Excellent
5031233,116000.0,4640.0,4128.02,750.0,Primary residence,90.7,Excellent
5031252,133000.0,3436.0,2335.9,750.0,Primary residence,52.08,Excellent
5031377,81000.0,1890.0,765.72,750.0,Primary residence,39.34,Excellent
5031440,555000.0,8325.0,2200.48,750.0,Primary residence,22.76,Excellent
5031462,44000.0,1137.0,585.95,750.0,Primary residence,46.99,Excellent
5031653,58000.0,1450.0,889.89,750.0,Primary residence,48.41,Excellent
5031671,58000.0,2127.0,525.03,750.0,Primary residence,54.87,Excellent
5031712,474000.0,17775.0,4675.1,750.0,Investment property,56.84,Excellent
5031790,209000.0,3658.0,2842.9100000000003,750.0,Primary residence,37.33,Excellent
5031822,43000.0,1111.0,831.76,750.0,Primary residence,54.22,Excellent
5031858,136000.0,4420.0,1613.8,750.0,Primary residence,53.24,Excellent
5031879,153000.0,5483.0,1071.05,750.0,Primary residence,51.4,Excellent
5031927,65000.0,2005.0,1155.06,750.0,Primary residence,58.34,Excellent
5031973,99000.0,2475.0,1323.06,750.0,Primary residence,46.04,Excellent
5032023,130000.0,3900.0,1613.8,750.0,Primary residence,50.9,Excellent
5032025,196000.0,2450.0,1154.33,750.0,Primary residence,22.07,Excellent
5032045,108000.0,3510.0,1179.62,750.0,Primary residence,52.11,Excellent
5032068,117000.0,4680.0,1345.18,750.0,Primary residence,61.8,Excellent
5032100,112000.0,4107.0,2048.8100000000004,751.0,Primary residence,65.96,Excellent
5032154,113000.0,3390.0,1271.18,751.0,Primary residence,49.5,Excellent
5032390,242000.0,9680.0,3414.69,751.0,Primary residence,64.93,Excellent
5032404,70000.0,2159.0,914.05,751.0,Primary residence,52.68,Excellent
5032424,60000.0,1350.0,1014.06,751.0,Primary residence,47.28,Excellent
5032447,180000.0,5550.0,2121.1000000000004,751.0,Primary residence,51.14,Excellent
5032490,144000.0,3360.0,1595.74,751.0,Primary residence,41.3,Excellent
5032532,106000.0,2562.0,693.04,751.0,Primary residence,36.85,Excellent
5032562,173000.0,4325.0,1150.19,751.0,Primary residence,37.98,Excellent
5032668,93000.0,2480.0,991.93,751.0,Primary residence,44.8,Excellent
5032848,142000.0,5444.0,2775.4,751.0,Primary residence,69.46,Excellent
5032858,92000.0,2684.0,507.81,751.0,Primary residence,41.63,Excellent
5032886,86000.0,1505.0,860.49,751.0,Primary residence,33.01,Excellent
5032950,76000.0,3040.0,1106.78,751.0,Primary residence,65.48,Excellent
5033223,47000.0,1841.0,1221.01,751.0,Primary residence,78.18,Excellent
5033297,60000.0,2900.0,1314.67,751.0,Primary residence,84.29,Excellent
5033303,213000.0,7278.0,1798.12,751.0,Primary residence,51.13,Excellent
5033439,43000.0,1541.0,771.5,751.0,Primary residence,64.53,Excellent
5033515,68000.0,2494.0,1617.08,751.0,Primary residence,72.55,Excellent
5033575,52000.0,1300.0,941.8199999999999,751.0,Primary residence,51.73,Excellent
5033626,74000.0,2344.0,945.05,751.0,Primary residence,53.34,Excellent
5033629,139000.0,4286.0,833.17,751.0,Investment property,44.19,Excellent
5033640,29000.0,943.0,441.02,751.0,Primary residence,57.27,Excellent
5033649,41000.0,1162.0,819.04,751.0,Primary residence,57.98,Excellent
5033708,60000.0,2350.0,693.04,751.0,Primary residence,60.86,Excellent
5033712,145000.0,1813.0,993.65,751.0,Primary residence,23.23,Excellent
5033741,45000.0,1800.0,701.36,751.0,Primary residence,66.7,Excellent
5033764,117000.0,3803.0,1089.53,751.0,Primary residence,50.18,Excellent
5033868,134000.0,4579.0,1486.18,751.0,Primary residence,54.32,Excellent
5033909,58000.0,1402.0,483.03,751.0,Primary residence,39.0,Excellent
5033926,133000.0,2993.0,841.16,751.0,Primary residence,34.59,Excellent
5033963,36000.0,1350.0,651.03,752.0,Primary residence,66.7,Excellent
5033983,95000.0,1663.0,1188.35,752.0,Primary residence,36.02,Excellent
5034002,54000.0,1845.0,506.99,752.0,Primary residence,52.27,Excellent
5034026,42000.0,1400.0,567.03,752.0,Primary residence,56.2,Excellent
5034122,128000.0,2454.0,1121.46,752.0,Primary residence,33.52,Excellent
5034168,63000.0,2520.0,1759.08,752.0,Primary residence,81.51,Excellent
5034178,34000.0,1190.0,357.02,752.0,Primary residence,54.6,Excellent
5034182,86000.0,3512.0,2059.15,752.0,Primary residence,77.74,Excellent
5034206,65000.0,2384.0,903.04,752.0,Primary residence,60.68,Excellent
5034226,278000.0,9730.0,3360.2900000000004,752.0,Primary residence,56.5,Excellent
5034245,282000.0,8460.0,2214.3700000000003,752.0,Primary residence,45.42,Excellent
5034265,150000.0,3500.0,1491.07,752.0,Primary residence,39.93,Excellent
5034285,38000.0,1045.0,483.03,752.0,Primary residence,48.25,Excellent
5034329,269000.0,5605.0,1067.74,752.0,Investment property,29.77,Excellent
5034349,135000.0,4275.0,2600.0400000000004,752.0,Primary residence,61.11,Excellent
5034370,99000.0,3713.0,945.05,752.0,Primary residence,56.46,Excellent
5034431,73000.0,2677.0,1853.26,752.0,Primary residence,74.47,Excellent
5034515,51000.0,1615.0,1221.01,752.0,Primary residence,66.73,Excellent
5034628,113000.0,3579.0,1593.52,752.0,Primary residence,54.93,Excellent
5034710,85000.0,921.0,882.71,752.0,Primary residence,25.46,Excellent
5034736,110000.0,2750.0,1378.85,752.0,Primary residence,45.04,Excellent
5034819,52000.0,1820.0,1012.05,752.0,Investment property,65.36,Excellent
5034836,50000.0,1792.0,972.67,752.0,Primary residence,66.35,Excellent
5034848,106000.0,2032.0,1365.06,752.0,Primary residence,38.46,Excellent
5034860,136000.0,4080.0,2407.13,752.0,Primary residence,57.24,Excellent
5034888,73000.0,2495.0,595.16,752.0,Second residence,50.8,Excellent
5034915,47000.0,1332.0,632.78,752.0,Primary residence,50.16,Excellent
5034937,116000.0,3964.0,2301.2900000000004,752.0,Primary residence,64.81,Excellent
5035033,42000.0,1540.0,470.13,752.0,Investment property,57.43,Excellent
5035112,32000.0,1014.0,346.21999999999997,752.0,Primary residence,51.01,Excellent
5035153,132000.0,3630.0,2711.0600000000004,753.0,Primary residence,57.65,Excellent
5035218,96000.0,1680.0,1353.95,753.0,Primary residence,37.92,Excellent
5035265,29000.0,677.0,567.03,753.0,Primary residence,51.48,Excellent
5035275,261000.0,3480.0,1718.61,753.0,Primary residence,23.9,Excellent
5035328,271000.0,5195.0,3183.11,753.0,Primary residence,37.1,Excellent
5035359,110000.0,3025.0,889.89,753.0,Primary residence,42.71,Excellent
5035528,93000.0,3643.0,2190.76,753.0,Primary residence,75.27,Excellent
5035613,47000.0,1724.0,1113.05,753.0,Primary residence,72.44,Excellent
5035621,201000.0,5528.0,1601.96,753.0,Investment property,42.57,Excellent
5035658,120000.0,3200.0,1863.5,753.0,Primary residence,50.64,Excellent
5035690,132000.0,3960.0,2373.11,753.0,Primary residence,57.57,Excellent
5035694,241000.0,5021.0,2600.0400000000004,753.0,Primary residence,37.95,Excellent
5035702,161000.0,4965.0,1974.85,753.0,Primary residence,51.73,Excellent
5035819,145000.0,1692.0,1280.4,753.0,Primary residence,24.6,Excellent
5035830,79000.0,2436.0,807.11,753.0,Primary residence,49.26,Excellent
5035927,104000.0,3640.0,1454.01,753.0,Primary residence,58.78,Excellent
5036057,151000.0,1385.0,765.72,753.0,Primary residence,17.09,Excellent
5036075,105000.0,3063.0,1584.22,753.0,Primary residence,53.11,Excellent
5036087,252000.0,7770.0,2382.84,753.0,Primary residence,48.35,Excellent
5036147,104000.0,1907.0,1487.55,753.0,Primary residence,39.17,Excellent
5036419,170000.0,5242.0,2243.1200000000003,753.0,Primary residence,52.84,Excellent
5036423,100000.0,2917.0,1103.05,753.0,Primary residence,48.24,Excellent
5036427,120000.0,3600.0,1565.04,753.0,Primary residence,51.65,Excellent
5036447,83000.0,2421.0,976.5699999999999,753.0,Primary residence,49.12,Excellent
5036471,94000.0,3839.0,567.03,753.0,Primary residence,56.25,Excellent
5036631,161000.0,4294.0,1690.33,753.0,Primary residence,44.6,Excellent
5036703,86000.0,2437.0,902.64,753.0,Primary residence,46.6,Excellent
5036749,87000.0,3118.0,973.28,753.0,Primary residence,56.43,Excellent
5036792,86000.0,1505.0,1313.91,753.0,Primary residence,39.33,Excellent
5036926,138000.0,4370.0,2267.23,753.0,Primary residence,57.72,Excellent
5037002,80000.0,2934.0,1449.07,753.0,Primary residence,65.75,Excellent
5037072,273000.0,8645.0,1869.78,753.0,Second residence,46.22,Excellent
5037163,465000.0,3875.0,2598.4900000000002,753.0,Primary residence,16.71,Excellent
5037223,88000.0,3594.0,1471.19,753.0,Primary residence,69.07,Excellent
5037289,177000.0,4573.0,2919.13,753.0,Primary residence,50.79,Excellent
5037294,173000.0,2451.0,1055.45,753.0,Primary residence,24.32,Excellent
5037304,47000.0,1528.0,964.84,754.0,Primary residence,63.65,Excellent
5037320,140000.0,3734.0,2375.78,754.0,Primary residence,52.37,Excellent
5037351,45000.0,1463.0,777.04,754.0,Primary residence,59.73,Excellent
5037358,292000.0,4380.0,1609.73,754.0,Primary residence,24.62,Excellent
5037384,92000.0,2990.0,1320.29,754.0,Primary residence,56.22,Excellent
5037410,243000.0,4253.0,3213.15,754.0,Primary residence,36.87,Excellent
5037447,300000.0,8250.0,2113.98,754.0,Primary residence,41.46,Excellent
5037460,93000.0,2558.0,801.45,754.0,Primary residence,43.35,Excellent
5037493,107000.0,2408.0,1486.68,754.0,Primary residence,43.68,Excellent
5037511,71000.0,1775.0,1221.84,754.0,Primary residence,50.65,Excellent
5037547,120000.0,4000.0,1044.44,754.0,Primary residence,50.44,Excellent
5037587,472000.0,14160.0,4474.7,754.0,Investment property,47.38,Excellent
5024092,59000.0,1377.0,889.77,754.0,Primary residence,46.1,Excellent
5024238,87000.0,3118.0,1316.07,754.0,Primary residence,61.16,Excellent
5024352,166000.0,4012.0,1510.74,754.0,Primary residence,39.92,Excellent
5024605,36000.0,1170.0,602.15,754.0,Primary residence,59.07,Excellent
5024947,31000.0,1085.0,651.03,754.0,Primary residence,67.2,Excellent
5025063,74000.0,1665.0,765.22,754.0,Primary residence,39.41,Excellent
5025274,33000.0,1265.0,534.08,754.0,Primary residence,65.42,Excellent
5025363,48000.0,1000.0,771.91,754.0,Primary residence,44.3,Excellent
5025847,142000.0,3314.0,1572.87,754.0,Primary residence,41.3,Excellent
5025909,117000.0,2925.0,1193.59,754.0,Primary residence,42.24,Excellent
5026095,249000.0,9545.0,1071.05,754.0,Investment property,51.16,Excellent
5026216,106000.0,3887.0,1523.41,754.0,Primary residence,61.25,Excellent
5026650,46000.0,1687.0,945.05,754.0,Primary residence,68.66,Excellent
5027044,199000.0,6965.0,2402.67,754.0,Second residence,56.49,Excellent
5027383,108000.0,3240.0,1193.59,754.0,Primary residence,49.26,Excellent
5027454,87000.0,1740.0,991.93,754.0,Primary residence,37.68,Excellent
5027508,218000.0,4542.0,1510.25,754.0,Primary residence,33.32,Excellent
5027808,96000.0,1680.0,1345.18,755.0,Primary residence,37.81,Excellent
5028103,59000.0,1279.0,632.14,755.0,Primary residence,38.87,Excellent
5028207,215000.0,5734.0,2059.6600000000003,755.0,Investment property,43.5,Excellent
5028801,64000.0,2560.0,1367.2,755.0,Primary residence,73.64,Excellent
5028985,90000.0,2850.0,1394.37,755.0,Primary residence,56.59,Excellent
5029022,132000.0,2310.0,1150.19,755.0,Primary residence,31.46,Excellent
5029094,91000.0,2730.0,631.33,755.0,Primary residence,44.33,Excellent
5029114,20000.0,700.0,542.54,755.0,Primary residence,74.55,Excellent
5029126,82000.0,2529.0,1623.98,755.0,Primary residence,60.78,Excellent
5029206,130000.0,4659.0,1928.89,755.0,Primary residence,60.81,Excellent
5029475,250000.0,7292.0,1502.91,755.0,Primary residence,42.22,Excellent
5029482,102000.0,3825.0,1759.08,755.0,Primary residence,65.7,Excellent
5029504,106000.0,3269.0,815.59,755.0,Primary residence,46.24,Excellent
5029584,83000.0,830.0,308.92,755.0,Primary residence,16.47,Excellent
5030047,100000.0,2417.0,987.78,755.0,Primary residence,40.86,Excellent
5030105,249000.0,4980.0,2148.94,755.0,Primary residence,34.36,Excellent
5030118,78000.0,2405.0,916.45,755.0,Primary residence,51.1,Excellent
5030392,142000.0,3905.0,1256.45,755.0,Primary residence,43.62,Excellent
5030424,108000.0,4320.0,1171.26,755.0,Primary residence,61.01,Excellent
5030428,238000.0,5950.0,1340.28,755.0,Investment property,36.76,Excellent
5030515,78000.0,2600.0,1565.04,755.0,Primary residence,64.08,Excellent
5030607,300000.0,9750.0,6772.12,755.0,Primary residence,66.09,Excellent
5031272,27000.0,855.0,441.02,755.0,Primary residence,57.6,Excellent
5031283,36000.0,630.0,507.81,755.0,Primary residence,37.93,Excellent
5031581,129000.0,4300.0,1555.58,755.0,Primary residence,54.47,Excellent
5031667,28000.0,1144.0,567.03,755.0,Primary residence,73.33,Excellent
5031730,102000.0,1955.0,957.18,755.0,Primary residence,34.26,Excellent
5032077,134000.0,3127.0,1679.73,755.0,Primary residence,43.05,Excellent
5032179,61000.0,1322.0,914.05,756.0,Primary residence,43.99,Excellent
5032196,87000.0,3480.0,947.85,756.0,Investment property,61.07,Excellent
5033151,103000.0,2146.0,1296.43,756.0,Primary residence,40.11,Excellent
5033197,62000.0,517.0,651.03,756.0,Primary residence,22.61,Excellent
5033253,155000.0,3100.0,1823.53,756.0,Primary residence,38.12,Excellent
5033352,126000.0,2835.0,1634.91,756.0,Primary residence,42.57,Excellent
5033389,92000.0,3297.0,1431.34,756.0,Primary residence,61.67,Excellent
5033483,76000.0,2090.0,1785.08,756.0,Primary residence,61.19,Excellent
5033555,136000.0,3967.0,1462.83,756.0,Primary residence,47.91,Excellent
5033677,129000.0,3763.0,1844.64,756.0,Primary residence,52.16,Excellent
5033857,150000.0,3750.0,1697.3,756.0,Primary residence,43.58,Excellent
5034193,75000.0,1563.0,819.04,756.0,Primary residence,38.11,Excellent
5034314,81000.0,1485.0,399.02,756.0,Primary residence,27.91,Excellent
5034514,68000.0,1587.0,1013.49,756.0,Primary residence,45.89,Excellent
5034553,132000.0,4730.0,2985.23,756.0,Primary residence,70.14,Excellent
5035214,55000.0,1971.0,660.33,756.0,Primary residence,57.41,Excellent
5035365,62000.0,1654.0,903.04,756.0,Primary residence,49.49,Excellent
5035504,149000.0,5836.0,2973.1200000000003,756.0,Primary residence,70.95,Excellent
5035567,148000.0,4564.0,2708.6000000000004,756.0,Primary residence,58.97,Excellent
5035629,48000.0,1840.0,933.17,756.0,Primary residence,69.33,Excellent
5035847,111000.0,2775.0,837.03,756.0,Primary residence,39.05,Excellent
5036146,252000.0,5250.0,1893.86,756.0,Primary residence,34.02,Excellent
5037092,78000.0,1820.0,956.45,756.0,Primary residence,42.71,Excellent
5037451,132000.0,1980.0,1064.25,756.0,Primary residence,27.68,Excellent
5037612,128000.0,4374.0,2030.65,756.0,Primary residence,60.04,Excellent
5024051,137000.0,4567.0,1527.41,756.0,Primary residence,53.38,Excellent
5024087,87000.0,2538.0,1106.78,756.0,Primary residence,50.27,Excellent
5024114,251000.0,6275.0,1400.05,757.0,Investment property,36.69,Excellent
5024215,33000.0,1348.0,561.59,757.0,Primary residence,69.44,Excellent
5024289,119000.0,1290.0,1275.03,757.0,Primary residence,25.87,Excellent
5024311,54000.0,1845.0,848.5,757.0,Primary residence,59.86,Excellent
5024396,72000.0,2220.0,462.9,757.0,Primary residence,44.72,Excellent
5024632,114000.0,3800.0,315.02,757.0,Primary residence,43.32,Excellent
5024753,67000.0,1787.0,1022.41,757.0,Primary residence,50.32,Excellent
5024777,101000.0,842.0,567.03,757.0,Primary residence,16.74,Excellent
5024805,52000.0,1300.0,831.76,757.0,Primary residence,49.19,Excellent
5024959,149000.0,2856.0,585.91,757.0,Investment property,27.72,Excellent
5024983,258000.0,6020.0,2382.76,757.0,Primary residence,39.08,Excellent
5025043,65000.0,1300.0,519.7,757.0,Primary residence,33.59,Excellent
5025048,110000.0,1742.0,817.33,757.0,Primary residence,27.92,Excellent
5025051,,,1492.46,757.0,Primary residence,,Excellent
5025160,74000.0,1665.0,807.11,757.0,Primary residence,40.09,Excellent
5025184,126000.0,3780.0,2007.42,757.0,Primary residence,55.12,Excellent
5025558,117000.0,4095.0,2842.9100000000003,757.0,Primary residence,71.16,Excellent
5025572,77000.0,2760.0,1259.44,757.0,Primary residence,62.64,Excellent
5025703,64000.0,1974.0,1256.45,757.0,Primary residence,60.57,Excellent
5025706,143000.0,2026.0,728.83,757.0,Primary residence,23.12,Excellent
5025714,25000.0,938.0,710.93,757.0,Primary residence,79.15,Excellent
5025723,173000.0,2595.0,889.89,757.0,Primary residence,24.17,Excellent
5025755,79000.0,1975.0,860.49,757.0,Primary residence,43.07,Excellent
5025782,59000.0,1180.0,368.93,757.0,Primary residence,31.5,Excellent
5025834,110000.0,1834.0,1239.06,757.0,Primary residence,33.52,Excellent
5025848,53000.0,1855.0,945.05,757.0,Primary residence,63.4,Excellent
5026079,119000.0,2579.0,1563.7,757.0,Primary residence,41.78,Excellent
5026143,114000.0,1520.0,931.28,757.0,Primary residence,25.8,Excellent
5026149,111000.0,2868.0,1094.72,757.0,Primary residence,42.84,Excellent
5026163,147000.0,4900.0,3242.0200000000004,758.0,Primary residence,66.47,Excellent
5026171,133000.0,1330.0,1040.4,758.0,Primary residence,21.39,Excellent
5026187,127000.0,3175.0,1544.7,758.0,Investment property,44.6,Excellent
5026196,142000.0,2604.0,1685.8,758.0,Primary residence,36.25,Excellent
5026345,617000.0,5656.0,4782.22,758.0,Second residence,20.3,Excellent
5026346,58000.0,2030.0,455.74,758.0,Primary residence,51.43,Excellent
5026366,103000.0,3434.0,1079.37,758.0,Primary residence,52.58,Excellent
5026449,123000.0,3075.0,1701.08,758.0,Primary residence,46.6,Excellent
5026472,111000.0,4163.0,1577.37,758.0,Primary residence,62.06,Excellent
5026485,108000.0,2700.0,551.08,758.0,Primary residence,36.12,Excellent
5026506,154000.0,3080.0,1476.87,758.0,Primary residence,35.51,Excellent
5026546,82000.0,2460.0,1239.06,758.0,Primary residence,54.13,Excellent
5026595,57000.0,2233.0,512.22,758.0,Primary residence,57.79,Excellent
5026622,229000.0,4771.0,2959.4,758.0,Primary residence,40.51,Excellent
5026712,179000.0,6862.0,1491.07,758.0,Primary residence,56.0,Excellent
5026819,300000.0,4250.0,2255.82,758.0,Primary residence,26.02,Excellent
5026887,85000.0,1700.0,1192.29,758.0,Primary residence,40.83,Excellent
5026967,75000.0,1938.0,567.03,758.0,Primary residence,40.08,Excellent
5027026,257000.0,7282.0,1663.97,758.0,Investment property,41.77,Excellent
5027074,111000.0,2128.0,794.26,758.0,Primary residence,31.59,Excellent
5027093,82000.0,1845.0,925.41,758.0,Primary residence,40.54,Excellent
5027110,60000.0,1550.0,716.16,758.0,Primary residence,45.32,Excellent
5027126,152000.0,4180.0,1443.1,758.0,Investment property,44.39,Excellent
5027207,169000.0,6197.0,1894.95,758.0,Primary residence,57.46,Excellent
5027235,73000.0,2616.0,1685.8,758.0,Primary residence,70.71,Excellent
5027259,127000.0,1165.0,1430.62,758.0,Primary residence,24.53,Excellent
5027441,100000.0,3084.0,1844.64,758.0,Primary residence,59.14,Excellent
5027587,41000.0,1230.0,815.59,759.0,Primary residence,59.87,Excellent
5027596,89000.0,1484.0,1464.71,759.0,Primary residence,39.76,Excellent
5027635,127000.0,4975.0,1701.08,759.0,Investment property,63.08,Excellent
5027672,134000.0,2569.0,1066.75,759.0,Primary residence,32.56,Excellent
5027683,125000.0,3021.0,1345.18,759.0,Primary residence,41.92,Excellent
5027720,64000.0,1760.0,819.29,759.0,Primary residence,48.36,Excellent
5027773,56000.0,1960.0,716.16,759.0,Primary residence,57.35,Excellent
5027827,41000.0,1675.0,819.04,759.0,Second residence,73.0,Excellent
5027967,250000.0,2500.0,1663.22,759.0,Primary residence,19.98,Excellent
5027985,103000.0,3949.0,2148.94,759.0,Primary residence,71.04,Excellent
5027999,98000.0,2695.0,1687.46,759.0,Primary residence,53.66,Excellent
5028138,116000.0,3094.0,1594.15,759.0,Primary residence,48.5,Excellent
5028157,570000.0,4750.0,3540.3500000000004,759.0,Primary residence,17.45,Excellent
5028222,88000.0,2860.0,1454.01,759.0,Primary residence,58.83,Excellent
5028264,35000.0,1430.0,1060.93,759.0,Primary residence,85.4,Excellent
5028378,51000.0,1998.0,1449.07,759.0,Primary residence,81.11,Excellent
5028412,90000.0,3600.0,889.77,759.0,Investment property,59.86,Excellent
5028515,37000.0,1326.0,672.75,759.0,Primary residence,64.82,Excellent
5028543,174000.0,5220.0,1256.45,759.0,Primary residence,44.67,Excellent
5028581,235000.0,8225.0,2331.11,759.0,Primary residence,53.9,Excellent
5028693,122000.0,2135.0,1364.08,759.0,Primary residence,34.42,Excellent
5028750,47000.0,1528.0,600.16,759.0,Primary residence,54.34,Excellent
5028880,121000.0,1614.0,1113.05,759.0,Primary residence,27.05,Excellent
5029083,82000.0,1367.0,916.45,759.0,Primary residence,33.42,Excellent
5029123,85000.0,2834.0,997.91,759.0,Primary residence,54.1,Excellent
5029143,71000.0,1243.0,451.5,759.0,Primary residence,28.64,Excellent
5029413,73000.0,2616.0,945.05,759.0,Primary residence,58.54,Excellent
5029544,58000.0,2369.0,1007.42,759.0,Primary residence,69.86,Excellent
5029596,44000.0,1724.0,549.87,759.0,Primary residence,62.01,Excellent
5029763,77000.0,1990.0,1163.0,759.0,Primary residence,49.14,Excellent
5029792,93000.0,2868.0,1464.71,759.0,Primary residence,55.91,Excellent
5029809,83000.0,1799.0,1029.05,759.0,Primary residence,40.89,Excellent
5029860,56000.0,1400.0,824.52,759.0,Primary residence,47.67,Excellent
5029906,30000.0,900.0,746.18,759.0,Primary residence,65.85,Excellent
5029925,126000.0,4515.0,2583.1200000000003,760.0,Primary residence,67.6,Excellent
5029950,39000.0,975.0,819.04,760.0,Primary residence,55.2,Excellent
5029960,111000.0,4348.0,3105.8300000000004,760.0,Primary residence,80.58,Excellent
5030079,46000.0,1879.0,1142.21,760.0,Primary residence,78.81,Excellent
5030091,244000.0,5084.0,3672.05,760.0,Primary residence,43.06,Excellent
5030123,105000.0,3763.0,1497.16,760.0,Primary residence,60.12,Excellent
5030125,182000.0,1517.0,1345.18,760.0,Primary residence,18.87,Excellent
5030140,111000.0,2313.0,903.04,760.0,Primary residence,34.77,Excellent
5030238,145000.0,2296.0,1402.02,760.0,Primary residence,30.6,Excellent
5030548,127000.0,4445.0,2365.4700000000003,760.0,Primary residence,64.35,Excellent
5030677,99000.0,3218.0,2056.9100000000003,760.0,Primary residence,63.94,Excellent
5030685,111000.0,4348.0,2433.5400000000004,760.0,Primary residence,73.31,Excellent
5030744,246000.0,7585.0,1113.05,760.0,Primary residence,42.43,Excellent
5030780,148000.0,1357.0,1236.99,760.0,Primary residence,21.03,Excellent
5030867,97000.0,2264.0,1055.45,760.0,Primary residence,41.07,Excellent
5030911,114000.0,1520.0,1101.04,760.0,Primary residence,27.59,Excellent
5030930,28000.0,1097.0,682.9399999999999,760.0,Primary residence,76.28,Excellent
5031003,205000.0,2563.0,997.91,760.0,Primary residence,20.84,Excellent
5031015,136000.0,5214.0,3467.5200000000004,760.0,Primary residence,76.6,Excellent
5031164,46000.0,1074.0,517.38,760.0,Primary residence,41.51,Excellent
5031235,151000.0,2895.0,794.26,760.0,Primary residence,29.32,Excellent
5031266,170000.0,4675.0,1283.02,760.0,Primary residence,42.06,Excellent
5031338,207000.0,2760.0,875.72,760.0,Primary residence,21.08,Excellent
5031418,96000.0,2960.0,1690.33,760.0,Primary residence,58.13,Excellent
5031573,48000.0,1400.0,883.09,760.0,Primary residence,57.08,Excellent
5031675,68000.0,1474.0,410.28999999999996,761.0,Primary residence,33.25,Excellent
5031721,48000.0,1840.0,883.09,761.0,Primary residence,68.08,Excellent
5031800,178000.0,6824.0,1364.49,761.0,Primary residence,55.2,Excellent
5031810,70000.0,2450.0,1262.4,761.0,Primary residence,63.64,Excellent
5031821,97000.0,1860.0,906.15,761.0,Primary residence,34.22,Excellent
5031896,88000.0,1320.0,742.12,761.0,Primary residence,28.12,Excellent
5031970,59000.0,2016.0,710.93,761.0,Primary residence,55.46,Excellent
5032065,125000.0,2396.0,1717.56,761.0,Primary residence,39.49,Excellent
5032116,154000.0,5390.0,1869.09,761.0,Primary residence,56.56,Excellent
5032143,172000.0,4157.0,1529.26,761.0,Primary residence,39.67,Excellent
5032159,67000.0,2736.0,1231.29,761.0,Primary residence,71.06,Excellent
5032218,42000.0,1400.0,987.05,761.0,Primary residence,68.2,Excellent
5032236,130000.0,4225.0,1193.59,761.0,Primary residence,50.02,Excellent
5032264,301000.0,11037.0,1432.79,761.0,Investment property,49.71,Excellent
5032282,62000.0,2429.0,1280.86,761.0,Primary residence,71.8,Excellent
5032585,71000.0,2604.0,1046.8,761.0,Primary residence,61.7,Excellent
5032643,39000.0,1430.0,753.52,762.0,Primary residence,67.19,Excellent
5032647,64000.0,1707.0,765.72,762.0,Primary residence,46.36,Excellent
5032654,265000.0,7288.0,2321.2000000000003,762.0,Primary residence,43.51,Excellent
5032686,70000.0,2800.0,861.04,762.0,Primary residence,62.76,Excellent
5032830,127000.0,4340.0,2202.7000000000003,762.0,Primary residence,61.82,Excellent
5032925,116000.0,3770.0,2509.05,762.0,Primary residence,64.96,Excellent
5033009,52000.0,1300.0,746.18,762.0,Primary residence,47.22,Excellent
5033091,89000.0,3115.0,1174.14,762.0,Primary residence,57.83,Excellent
5033096,205000.0,6663.0,1595.74,762.0,Second residence,48.34,Excellent
5033143,59000.0,1377.0,1055.4,762.0,Primary residence,49.47,Excellent
5033170,231000.0,4043.0,2648.13,762.0,Investment property,34.76,Excellent
5033216,93000.0,3255.0,1432.79,762.0,Primary residence,60.49,Excellent
5033224,184000.0,7207.0,1449.07,762.0,Primary residence,56.45,Excellent
5033363,28000.0,700.0,462.9,762.0,Primary residence,49.84,Excellent
5033367,225000.0,4500.0,1559.51,762.0,Primary residence,32.32,Excellent
5033477,182000.0,5460.0,3563.5400000000004,762.0,Primary residence,59.5,Excellent
5033589,101000.0,1936.0,904.34,762.0,Primary residence,33.75,Excellent
5033639,62000.0,930.0,690.9,762.0,Primary residence,31.37,Excellent
5033643,83000.0,2421.0,1869.09,762.0,Primary residence,62.03,Excellent
5033680,110000.0,3850.0,1888.04,762.0,Primary residence,62.6,Excellent
5033703,91000.0,2579.0,1155.06,762.0,Primary residence,49.24,Excellent
5033709,92000.0,2760.0,1521.73,762.0,Primary residence,55.85,Excellent
5033720,25000.0,1000.0,777.04,762.0,Primary residence,85.3,Excellent
5033808,38000.0,1362.0,462.9,762.0,Primary residence,57.63,Excellent
5033991,79000.0,1317.0,815.59,762.0,Investment property,32.39,Excellent
5034117,148000.0,5180.0,1138.23,762.0,Primary residence,51.23,Excellent
5034127,144000.0,4080.0,2091.67,762.0,Primary residence,51.43,Excellent
5034160,35000.0,730.0,470.13,762.0,Primary residence,41.15,Excellent
5034239,151000.0,4405.0,1608.87,762.0,Primary residence,47.79,Excellent
5034259,61000.0,1830.0,483.03,763.0,Primary residence,45.5,Excellent
5034264,36000.0,1350.0,295.55,763.0,Primary residence,54.85,Excellent
5034334,79000.0,856.0,567.03,763.0,Primary residence,21.62,Excellent
5034386,31000.0,905.0,517.38,763.0,Primary residence,55.06,Excellent
5034422,74000.0,1665.0,1203.4,763.0,Primary residence,46.51,Excellent
5034445,87000.0,2393.0,995.08,763.0,Primary residence,46.73,Excellent
5034661,88000.0,3080.0,917.87,763.0,Primary residence,54.52,Excellent
5034668,106000.0,4240.0,1281.06,763.0,Second residence,62.5,Excellent
5034737,104000.0,3814.0,1280.4,763.0,Primary residence,58.78,Excellent
5034744,50000.0,1459.0,1168.27,763.0,Investment property,63.05,Excellent
5034762,66000.0,1320.0,911.99,763.0,Primary residence,40.58,Excellent
5034795,163000.0,2717.0,1445.95,763.0,Primary residence,30.65,Excellent
5034850,77000.0,2760.0,1071.05,763.0,Primary residence,59.7,Excellent
5034881,161000.0,3086.0,2011.83,763.0,Primary residence,38.0,Excellent
5034893,44000.0,1577.0,542.54,763.0,Primary residence,57.81,Excellent
5034922,140000.0,4784.0,1000.72,763.0,Second residence,49.58,Excellent
5034934,47000.0,1332.0,997.91,763.0,Primary residence,59.49,Excellent
5034986,107000.0,4191.0,1682.02,763.0,Primary residence,65.87,Excellent
5035053,77000.0,3145.0,1773.75,763.0,Primary residence,76.66,Excellent
5035069,99000.0,1980.0,801.45,763.0,Primary residence,33.71,Excellent
5035097,148000.0,5674.0,3754.3700000000003,763.0,Primary residence,76.45,Excellent
5035190,29000.0,870.0,683.33,763.0,Primary residence,64.28,Excellent
5035200,122000.0,1627.0,1221.01,763.0,Primary residence,28.01,Excellent
5035229,112000.0,3734.0,1385.8799999999999,764.0,Primary residence,54.86,Excellent
5035369,194000.0,5820.0,2651.7700000000004,764.0,Primary residence,52.4,Excellent
5035405,49000.0,1675.0,1242.29,764.0,Primary residence,71.44,Excellent
5035512,293000.0,6593.0,3049.4300000000003,764.0,Primary residence,39.49,Excellent
5035537,63000.0,1995.0,568.35,764.0,Primary residence,48.83,Excellent
5035564,103000.0,1374.0,1193.93,764.0,Primary residence,29.92,Excellent
5035598,34000.0,1190.0,682.9399999999999,764.0,Primary residence,66.1,Excellent
5035599,62000.0,1860.0,1179.62,764.0,Primary residence,58.83,Excellent
5035721,41000.0,1470.0,1179.62,764.0,Primary residence,77.55,Excellent
5035782,60000.0,1450.0,427.68,764.0,Primary residence,37.55,Excellent
5035823,101000.0,4125.0,945.05,764.0,Primary residence,60.24,Excellent
5035827,235000.0,9009.0,2846.51,764.0,Primary residence,60.54,Excellent
5035854,57000.0,1425.0,735.04,764.0,Primary residence,45.47,Excellent
5036016,232000.0,5414.0,1841.86,764.0,Primary residence,37.53,Excellent
5036210,296000.0,4934.0,1844.64,764.0,Second residence,27.48,Excellent
5036262,326000.0,9509.0,4223.320000000001,764.0,Primary residence,50.55,Excellent
5036302,85000.0,1488.0,930.88,764.0,Primary residence,34.15,Excellent
5036374,198000.0,9735.0,1283.02,764.0,Second residence,66.78,Excellent
5036411,222000.0,3700.0,2605.4900000000002,764.0,Primary residence,34.08,Excellent
5036416,86000.0,2294.0,1386.57,764.0,Primary residence,51.36,Excellent
5036425,175000.0,4375.0,2162.5600000000004,764.0,Primary residence,44.83,Excellent
5036466,338000.0,6760.0,4871.47,764.0,Primary residence,41.3,Excellent
5036600,105000.0,2100.0,1489.98,764.0,Primary residence,41.03,Excellent
5036610,70000.0,1575.0,889.89,764.0,Primary residence,42.26,Excellent
5036614,62000.0,1705.0,1022.54,765.0,Primary residence,52.79,Excellent
5036741,120000.0,4600.0,1342.6,765.0,Primary residence,59.43,Excellent
5036756,50000.0,959.0,609.03,765.0,Primary residence,37.63,Excellent
5036777,48000.0,1800.0,619.54,765.0,Primary residence,60.49,Excellent
5036861,51000.0,1105.0,632.78,765.0,Primary residence,40.89,Excellent
5036995,78000.0,2275.0,753.52,765.0,Primary residence,46.59,Excellent
5037059,69000.0,2185.0,1012.05,765.0,Primary residence,55.6,Excellent
5037062,91000.0,2351.0,1197.06,765.0,Primary residence,46.79,Excellent
5037147,42000.0,1715.0,957.18,765.0,Primary residence,76.35,Excellent
5037203,86000.0,3512.0,1510.25,765.0,Investment property,70.08,Excellent
5037266,121000.0,2017.0,994.38,765.0,Primary residence,29.86,Excellent
5037272,32000.0,800.0,346.26,766.0,Primary residence,42.98,Excellent
5037328,97000.0,3557.0,2445.2000000000003,766.0,Primary residence,74.25,Excellent
5037350,147000.0,3553.0,1280.4,766.0,Primary residence,39.46,Excellent
5037522,26000.0,845.0,346.26,766.0,Primary residence,54.98,Excellent
5037556,144000.0,1800.0,1197.06,766.0,Primary residence,24.98,Excellent
5037576,165000.0,5913.0,2524.9900000000002,766.0,Primary residence,61.37,Excellent
5037641,110000.0,2934.0,1055.45,766.0,Primary residence,43.52,Excellent
5037646,65000.0,1571.0,418.82,766.0,Primary residence,36.74,Excellent
5024193,234000.0,5655.0,2090.2000000000003,766.0,Primary residence,39.72,Excellent
5024331,191000.0,6367.0,4037.6400000000003,766.0,Primary residence,65.37,Excellent
5024849,120000.0,3600.0,1222.18,766.0,Investment property,48.22,Excellent
5024911,122000.0,3965.0,2121.8700000000003,766.0,Primary residence,59.87,Excellent
5025154,67000.0,1508.0,711.63,766.0,Primary residence,39.75,Excellent
5025303,170000.0,3684.0,1320.83,766.0,Investment property,35.33,Excellent
5025636,103000.0,2661.0,1314.22,766.0,Primary residence,46.31,Excellent
5025946,93000.0,2170.0,580.36,766.0,Primary residence,35.49,Excellent
5025953,142000.0,4260.0,1540.81,766.0,Investment property,49.02,Excellent
5026232,76000.0,1584.0,981.76,766.0,Primary residence,40.51,Excellent
5026266,82000.0,2529.0,516.29,766.0,Primary residence,44.57,Excellent
5026492,85000.0,2763.0,987.05,766.0,Primary residence,52.94,Excellent
5026568,126000.0,2520.0,1841.86,766.0,Primary residence,41.54,Excellent
5026868,65000.0,1680.0,903.76,766.0,Primary residence,47.7,Excellent
5027230,125000.0,3125.0,758.56,766.0,Primary residence,37.28,Excellent
5027456,71000.0,2781.0,580.36,766.0,Primary residence,56.81,Excellent
5027813,167000.0,5289.0,1671.02,766.0,Primary residence,50.01,Excellent
5027859,157000.0,2094.0,889.77,766.0,Primary residence,22.81,Excellent
5028139,126000.0,3045.0,1552.1299999999999,766.0,Primary residence,43.78,Excellent
5029115,65000.0,1138.0,1010.38,766.0,Primary residence,39.66,Excellent
5029247,118000.0,4032.0,1129.83,766.0,Primary residence,52.49,Excellent
5029252,97000.0,2102.0,1445.95,766.0,Primary residence,43.89,Excellent
5029339,53000.0,1590.0,651.03,767.0,Primary residence,50.74,Excellent
5029517,215000.0,5913.0,1994.27,767.0,Primary residence,44.13,Excellent
5029607,92000.0,3757.0,2317.55,767.0,Primary residence,79.23,Excellent
5029838,796000.0,12604.0,2499.4900000000002,767.0,Primary residence,22.77,Excellent
5030181,54000.0,1980.0,1367.2,767.0,Primary residence,74.38,Excellent
5030272,34000.0,964.0,559.68,767.0,Investment property,53.78,Excellent
5030318,77000.0,835.0,897.31,767.0,Primary residence,27.0,Excellent
5030456,94000.0,3134.0,1487.55,767.0,Primary residence,59.0,Excellent
5030946,290000.0,3625.0,2029.48,767.0,Primary residence,23.4,Excellent
5031510,81000.0,1620.0,765.22,767.0,Primary residence,35.34,Excellent
5031819,208000.0,6934.0,1405.8,767.0,Second residence,48.11,Excellent
5032091,180000.0,4500.0,2584.94,767.0,Primary residence,47.23,Excellent
5032146,210000.0,6125.0,3207.7400000000002,767.0,Primary residence,53.33,Excellent
5032521,81000.0,1283.0,351.82,767.0,Primary residence,24.22,Excellent
5032576,91000.0,1593.0,778.64,767.0,Primary residence,31.27,Excellent
5032756,107000.0,5261.0,2106.15,767.0,Primary residence,82.62,Excellent
5032895,72000.0,2220.0,1151.87,767.0,Primary residence,56.2,Excellent
5033767,50000.0,1709.0,853.6899999999999,767.0,Primary residence,61.5,Excellent
5034345,194000.0,5174.0,2564.86,767.0,Primary residence,47.87,Excellent
5034444,49000.0,1593.0,819.04,767.0,Primary residence,59.07,Excellent
5034653,37000.0,679.0,551.08,767.0,Primary residence,39.89,Excellent
5034806,99000.0,3053.0,848.5,767.0,Second residence,47.29,Excellent
5035220,202000.0,7407.0,2255.76,767.0,Primary residence,57.4,Excellent
5035226,183000.0,4270.0,2926.76,767.0,Primary residence,47.19,Excellent
5035441,137000.0,2855.0,672.06,767.0,Investment property,30.89,Excellent
5036246,35000.0,1255.0,747.71,767.0,Primary residence,68.66,Excellent
5036395,26000.0,910.0,735.04,767.0,Primary residence,75.92,Excellent
5037047,198000.0,1650.0,1323.06,767.0,Primary residence,18.02,Excellent
5037552,97000.0,2910.0,1747.99,767.0,Primary residence,57.62,Excellent
5024060,189000.0,7718.0,1038.64,768.0,Investment property,55.6,Excellent
5024095,52000.0,1907.0,704.76,768.0,Investment property,60.27,Excellent
5024104,69000.0,2185.0,1497.41,768.0,Primary residence,64.04,Excellent
5024232,43000.0,1183.0,1014.06,768.0,Primary residence,61.31,Excellent
5024236,81000.0,1688.0,399.02,768.0,Primary residence,30.92,Excellent
5024292,52000.0,1734.0,889.77,768.0,Primary residence,60.55,Excellent
5024306,355000.0,9467.0,1973.23,768.0,Primary residence,38.67,Excellent
5024328,111000.0,3330.0,1812.52,768.0,Primary residence,55.59,Excellent
5024395,65000.0,2384.0,530.08,768.0,Primary residence,53.8,Excellent
5024405,157000.0,3402.0,1929.23,768.0,Primary residence,40.75,Excellent
5024410,109000.0,3270.0,1066.69,768.0,Primary residence,47.74,Excellent
5024428,61000.0,2034.0,612.76,768.0,Primary residence,52.07,Excellent
5024437,84000.0,2870.0,1659.08,768.0,Primary residence,64.7,Excellent
5024448,65000.0,2059.0,1201.56,768.0,Primary residence,60.19,Excellent
5024467,201000.0,2848.0,1481.61,768.0,Primary residence,25.85,Excellent
5024491,63000.0,1208.0,568.35,768.0,Investment property,33.84,Excellent
5024618,120000.0,3500.0,2337.82,768.0,Primary residence,58.38,Excellent
5024660,117000.0,4388.0,1801.23,768.0,Primary residence,63.48,Excellent
5024681,113000.0,2260.0,1113.05,768.0,Primary residence,35.82,Excellent
5024693,51000.0,935.0,777.04,768.0,Primary residence,40.28,Excellent
5024728,208000.0,3987.0,1997.61,768.0,Primary residence,34.53,Excellent
5024810,239000.0,7370.0,1491.07,768.0,Primary residence,44.49,Excellent
5024818,54000.0,1755.0,1079.37,768.0,Primary residence,62.99,Excellent
5024860,196000.0,3594.0,1676.3,768.0,Primary residence,32.27,Excellent
5024888,45000.0,1838.0,730.92,768.0,Primary residence,68.5,Excellent
5024993,108000.0,2610.0,1393.49,768.0,Primary residence,44.48,Excellent
5025005,93000.0,2093.0,641.55,768.0,Primary residence,35.28,Excellent
5025020,26000.0,910.0,455.74,768.0,Primary residence,63.03,Excellent
5025025,105000.0,3150.0,2255.76,768.0,Primary residence,61.78,Excellent
5025103,107000.0,3567.0,2131.59,768.0,Primary residence,63.91,Excellent
5025245,79000.0,2502.0,1019.98,768.0,Primary residence,53.5,Excellent
5025283,73000.0,2495.0,1490.14,769.0,Primary residence,65.51,Excellent
5025317,68000.0,2097.0,1379.37,769.0,Primary residence,61.35,Excellent
5025349,145000.0,3625.0,1432.79,769.0,Primary residence,41.86,Excellent
5025371,36000.0,1410.0,585.95,769.0,Primary residence,66.53,Excellent
5025399,190000.0,7442.0,2184.2200000000003,769.0,Primary residence,60.8,Excellent
5025405,72000.0,1800.0,672.75,769.0,Primary residence,41.21,Excellent
5025417,32000.0,1040.0,522.88,769.0,Investment property,58.61,Excellent
5025435,47000.0,1724.0,639.25,769.0,Primary residence,60.34,Excellent
5025533,167000.0,3201.0,1744.64,769.0,Primary residence,35.54,Excellent
5025561,85000.0,2692.0,1455.71,769.0,Primary residence,58.56,Excellent
5025590,145000.0,3142.0,1869.09,769.0,Primary residence,41.47,Excellent
5025592,93000.0,3488.0,917.87,769.0,Primary residence,56.85,Excellent
5025623,159000.0,5698.0,2304.65,769.0,Primary residence,60.4,Excellent
5025634,160000.0,6134.0,2926.76,769.0,Primary residence,67.96,Excellent
5025667,113000.0,2731.0,771.5,769.0,Primary residence,37.19,Excellent
5025671,145000.0,2417.0,1785.08,769.0,Primary residence,34.78,Excellent
5025740,237000.0,5333.0,2430.5,769.0,Primary residence,39.31,Excellent
5025752,91000.0,3489.0,1193.59,769.0,Primary residence,61.75,Excellent
5025816,142000.0,1775.0,1278.8799999999999,769.0,Primary residence,25.81,Excellent
5025840,73000.0,2434.0,455.74,769.0,Primary residence,47.5,Excellent
5025965,45000.0,1463.0,846.34,769.0,Primary residence,61.58,Excellent
5025973,124000.0,2377.0,753.52,769.0,Primary residence,30.3,Excellent
5026039,119000.0,3372.0,1536.57,769.0,Primary residence,49.5,Excellent
5026042,94000.0,2507.0,981.76,769.0,Primary residence,44.54,Excellent
5026048,75000.0,3000.0,1417.34,770.0,Primary residence,70.68,Excellent
5026056,154000.0,3850.0,3152.0400000000004,770.0,Primary residence,54.56,Excellent
5026117,70000.0,2509.0,1179.62,770.0,Primary residence,63.23,Excellent
5026134,95000.0,3167.0,659.29,770.0,Investment property,48.33,Excellent
5026135,145000.0,5196.0,957.34,770.0,Primary residence,50.92,Excellent
5026228,68000.0,1814.0,833.17,770.0,Primary residence,46.71,Excellent
5026467,173000.0,4037.0,1360.34,770.0,Primary residence,37.44,Excellent
5026480,152000.0,3547.0,1684.76,770.0,Investment property,41.3,Excellent
5026496,50000.0,1792.0,517.38,770.0,Primary residence,55.43,Excellent
5026527,54000.0,2025.0,987.05,770.0,Primary residence,66.93,Excellent
5026605,461000.0,8452.0,2056.9100000000003,770.0,Primary residence,27.36,Excellent
5026620,74000.0,1912.0,558.77,770.0,Primary residence,40.07,Excellent
5026693,110000.0,3392.0,1106.78,770.0,Primary residence,49.08,Excellent
5026803,54000.0,1620.0,698.68,770.0,Primary residence,51.53,Excellent
5026822,,,3061.0400000000004,770.0,Primary residence,,Excellent
5026900,65000.0,2384.0,1113.05,770.0,Primary residence,64.56,Excellent
5027086,240000.0,7400.0,5403.6900000000005,771.0,Primary residence,64.02,Excellent
5027087,112000.0,3920.0,1464.71,771.0,Primary residence,57.69,Excellent
5027091,57000.0,1995.0,475.99,771.0,Primary residence,52.02,Excellent
5027133,101000.0,2525.0,1155.06,771.0,Primary residence,43.72,Excellent
5027134,142000.0,4970.0,1730.42,771.0,Second residence,56.62,Excellent
5027176,59000.0,2164.0,1552.1299999999999,771.0,Primary residence,75.58,Excellent
5027183,61000.0,2237.0,1095.5,771.0,Primary residence,65.56,Excellent
5027243,127000.0,5080.0,1649.6,771.0,Primary residence,63.59,Excellent
5027287,147000.0,2818.0,1813.95,771.0,Primary residence,37.81,Excellent
5027306,201000.0,3518.0,1731.06,771.0,Primary residence,31.34,Excellent
5027376,70000.0,2625.0,1197.06,771.0,Primary residence,65.52,Excellent
5027426,79000.0,2897.0,1013.96,771.0,Primary residence,59.41,Excellent
5027445,76000.0,1964.0,1204.68,771.0,Primary residence,50.03,Excellent
5027492,180000.0,5850.0,2008.28,771.0,Investment property,52.39,Excellent
5027504,93000.0,1705.0,683.33,771.0,Primary residence,30.82,Excellent
5027511,,,1299.42,771.0,Primary residence,,Excellent
5027530,302000.0,10822.0,1726.53,772.0,Investment property,49.86,Excellent
5027540,37000.0,1357.0,393.21,772.0,Primary residence,56.76,Excellent
5027704,52000.0,1777.0,704.79,772.0,Primary residence,57.27,Excellent
5027760,90000.0,3600.0,1917.73,772.0,Primary residence,73.57,Excellent
5027763,89000.0,2448.0,609.03,772.0,Primary residence,41.22,Excellent
5027792,55000.0,2109.0,629.35,772.0,Primary residence,59.75,Excellent
5027841,19000.0,665.0,462.9,772.0,Primary residence,71.24,Excellent
5027909,237000.0,7505.0,3828.59,772.0,Primary residence,57.39,Excellent
5027936,132000.0,4070.0,1798.12,772.0,Primary residence,53.35,Excellent
5028004,44000.0,1320.0,1036.02,772.0,Primary residence,64.26,Excellent
5028070,,,422.86,772.0,Investment property,,Excellent
5028088,75000.0,2250.0,860.49,772.0,Primary residence,49.77,Excellent
5028147,215000.0,2688.0,1802.27,772.0,Primary residence,25.06,Excellent
5028175,101000.0,3199.0,931.28,772.0,Primary residence,49.07,Excellent
5028186,138000.0,2760.0,1773.75,772.0,Primary residence,39.42,Excellent
5028200,41000.0,1333.0,551.08,772.0,Primary residence,55.14,Excellent
5028332,63000.0,1260.0,549.87,772.0,Primary residence,34.47,Excellent
5028394,180000.0,3000.0,1577.37,772.0,Primary residence,30.52,Excellent
5028405,60000.0,2000.0,585.95,772.0,Second residence,51.72,Excellent
5028452,30000.0,1150.0,861.67,772.0,Second residence,80.47,Excellent
5028480,182000.0,4854.0,2404.78,772.0,Primary residence,47.86,Excellent
5028496,170000.0,6942.0,3208.26,772.0,Primary residence,71.65,Excellent
5028662,94000.0,2272.0,1731.06,772.0,Primary residence,51.1,Excellent
5028763,240000.0,9800.0,2266.3300000000004,773.0,Second residence,60.33,Excellent
5028819,103000.0,3176.0,2191.86,773.0,Primary residence,62.54,Excellent
5028855,118000.0,3540.0,1111.46,773.0,Primary residence,47.3,Excellent
5028897,109000.0,2090.0,1507.09,773.0,Primary residence,39.6,Excellent
5028901,94000.0,3760.0,1801.23,773.0,Primary residence,70.99,Excellent
5028956,69000.0,748.0,898.3,773.0,Primary residence,28.63,Excellent
5028980,355000.0,4438.0,1323.8,773.0,Primary residence,19.48,Excellent
5029065,97000.0,3234.0,1345.18,773.0,Primary residence,56.65,Excellent
5029132,51000.0,1445.0,889.89,773.0,Primary residence,54.94,Excellent
5029256,123000.0,3075.0,1896.4,773.0,Primary residence,48.5,Excellent
5029398,239000.0,9760.0,2402.67,773.0,Investment property,61.07,Excellent
5029417,70000.0,1575.0,1255.01,773.0,Primary residence,48.51,Excellent
5029433,104000.0,3467.0,2230.34,773.0,Primary residence,65.74,Excellent
5029440,54000.0,585.0,300.09,774.0,Primary residence,19.67,Excellent
5029493,100000.0,2834.0,1617.08,774.0,Primary residence,53.41,Excellent
5029564,63000.0,2363.0,1106.78,774.0,Primary residence,66.09,Excellent
5029633,136000.0,3060.0,1829.86,774.0,Primary residence,43.15,Excellent
5029683,168000.0,3220.0,1723.8,774.0,Primary residence,35.31,Excellent
5029733,160000.0,5867.0,1405.22,774.0,Primary residence,54.54,Excellent
5029777,268000.0,4690.0,1388.61,774.0,Primary residence,27.22,Excellent
5029787,101000.0,842.0,1217.7,774.0,Primary residence,24.47,Excellent
5029831,29000.0,1064.0,735.81,774.0,Primary residence,74.47,Excellent
5030087,72000.0,2760.0,1608.87,774.0,Primary residence,72.81,Excellent
5030194,181000.0,5129.0,1575.07,774.0,Primary residence,44.45,Excellent
5030215,48000.0,1640.0,896.33,774.0,Primary residence,63.41,Excellent
5030250,109000.0,1635.0,1176.3,774.0,Primary residence,30.95,Excellent
5030286,66000.0,2255.0,468.40999999999997,774.0,Primary residence,49.52,Excellent
5030293,42000.0,1400.0,1155.06,774.0,Primary residence,73.0,Excellent
5030310,61000.0,1170.0,595.16,775.0,Primary residence,34.72,Excellent
5030389,103000.0,2747.0,2184.2200000000003,775.0,Primary residence,57.45,Excellent
5030572,90000.0,2775.0,1120.1,775.0,Primary residence,51.93,Excellent
5030609,54000.0,1710.0,1345.8799999999999,775.0,Primary residence,67.91,Excellent
5030734,80000.0,2867.0,1058.58,775.0,Primary residence,58.88,Excellent
5030838,71000.0,2249.0,1063.3799999999999,775.0,Primary residence,55.98,Excellent
5030873,245000.0,4492.0,2255.76,775.0,Primary residence,33.05,Excellent
5030941,116000.0,3190.0,2077.7900000000004,775.0,Primary residence,54.49,Excellent
5030980,66000.0,1485.0,704.79,775.0,Primary residence,39.81,Excellent
5031008,161000.0,2818.0,2007.42,775.0,Primary residence,35.97,Excellent
5031050,153000.0,3060.0,2081.4500000000003,775.0,Primary residence,40.33,Excellent
5031078,100000.0,3084.0,1376.01,775.0,Primary residence,53.52,Excellent
5031147,53000.0,1855.0,710.93,775.0,Primary residence,58.1,Excellent
5031210,272000.0,9974.0,2131.59,775.0,Second residence,53.41,Excellent
5031240,62000.0,879.0,778.64,775.0,Primary residence,32.08,Excellent
5031289,60000.0,2250.0,1388.61,775.0,Primary residence,72.77,Excellent
5031311,104000.0,1560.0,987.05,775.0,Primary residence,29.39,Excellent
5031323,69000.0,2013.0,831.76,775.0,Primary residence,49.47,Excellent
5031363,216000.0,2160.0,1431.34,776.0,Primary residence,19.95,Excellent
5031366,240000.0,7600.0,4231.14,776.0,Primary residence,59.16,Excellent
5031372,153000.0,5610.0,2000.62,776.0,Primary residence,59.69,Excellent
5031572,41000.0,1538.0,1234.9,776.0,Primary residence,81.16,Excellent
5031591,86000.0,3297.0,861.04,776.0,Primary residence,58.02,Excellent
5031618,70000.0,2625.0,2079.1000000000004,776.0,Primary residence,80.64,Excellent
5031705,71000.0,2308.0,853.6899999999999,776.0,Primary residence,53.44,Excellent
5031719,88000.0,2494.0,1898.96,776.0,Primary residence,59.9,Excellent
5031755,51000.0,1573.0,542.54,776.0,Primary residence,49.78,Excellent
5031758,107000.0,3389.0,1845.86,776.0,Primary residence,58.71,Excellent
5031868,104000.0,2427.0,966.04,776.0,Primary residence,39.15,Excellent
5031954,57000.0,2185.0,908.3,776.0,Primary residence,65.12,Excellent
5032027,213000.0,3728.0,2569.4100000000003,776.0,Primary residence,35.48,Excellent
5032226,183000.0,5185.0,3215.71,776.0,Primary residence,55.09,Excellent
5032298,83000.0,3044.0,1146.42,776.0,Primary residence,60.58,Excellent
5032333,110000.0,3300.0,2079.1000000000004,776.0,Primary residence,58.68,Excellent
5032355,268000.0,6700.0,2205.1000000000004,776.0,Primary residence,39.87,Excellent
5032386,74000.0,1234.0,683.33,776.0,Primary residence,31.09,Excellent
5032407,55000.0,1650.0,682.9399999999999,776.0,Primary residence,50.9,Excellent
5032557,263000.0,6137.0,2793.13,776.0,Primary residence,40.75,Excellent
5032627,154000.0,4107.0,1300.53,776.0,Primary residence,42.14,Excellent
5032672,135000.0,2700.0,1911.09,776.0,Primary residence,40.99,Excellent
5032678,51000.0,1615.0,931.28,776.0,Primary residence,59.91,Excellent
5032684,77000.0,1605.0,1133.08,776.0,Primary residence,42.67,Excellent
5032877,80000.0,3267.0,735.81,776.0,Investment property,60.04,Excellent
5032922,193000.0,4825.0,1510.25,777.0,Investment property,39.39,Excellent
5032962,71000.0,1243.0,1281.06,777.0,Primary residence,42.66,Excellent
5032974,112000.0,2800.0,1280.86,777.0,Primary residence,43.72,Excellent
5033079,64000.0,587.0,470.13,777.0,Primary residence,19.82,Excellent
5033082,99000.0,2888.0,1262.4,777.0,Second residence,50.31,Excellent
5033088,48000.0,440.0,585.95,777.0,Primary residence,25.65,Excellent
5033106,173000.0,5479.0,3230.82,777.0,Investment property,60.41,Excellent
5033238,199000.0,6965.0,1744.64,777.0,Primary residence,52.52,Excellent
5033254,40000.0,1400.0,559.68,777.0,Primary residence,58.79,Excellent
5033282,77000.0,2695.0,1120.1,777.0,Primary residence,59.46,Excellent
5033324,55000.0,1375.0,794.26,777.0,Primary residence,47.33,Excellent
5033340,109000.0,2362.0,1055.45,777.0,Primary residence,37.62,Excellent
5033416,70000.0,2100.0,1523.18,778.0,Investment property,62.11,Excellent
5033428,79000.0,2173.0,903.04,778.0,Primary residence,46.72,Excellent
5033446,89000.0,2745.0,2219.8300000000004,778.0,Primary residence,66.94,Excellent
5033502,54000.0,1980.0,1197.06,778.0,Primary residence,70.6,Excellent
5033512,24000.0,700.0,356.45,778.0,Primary residence,52.82,Excellent
5033528,130000.0,4767.0,3236.61,778.0,Primary residence,73.88,Excellent
5033538,390000.0,5525.0,916.45,778.0,Second residence,19.82,Excellent
5033576,29000.0,1064.0,549.87,778.0,Primary residence,66.78,Excellent
5033579,112000.0,4200.0,1323.06,778.0,Second residence,59.18,Excellent
5033614,22000.0,660.0,351.55,778.0,Primary residence,55.18,Excellent
5033618,74000.0,2405.0,1097.92,778.0,Primary residence,56.8,Excellent
5033811,80000.0,2334.0,1640.87,778.0,Primary residence,59.62,Excellent
5033845,71000.0,2604.0,676.76,778.0,Primary residence,55.45,Excellent
5033851,186000.0,4030.0,1239.98,778.0,Primary residence,34.0,Excellent
5033913,46000.0,1649.0,465.0,778.0,Primary residence,55.15,Excellent
5034019,65000.0,1950.0,585.95,778.0,Primary residence,46.82,Excellent
5034037,95000.0,2375.0,1432.24,779.0,Primary residence,48.09,Excellent
5034101,110000.0,3667.0,2232.84,779.0,Primary residence,64.36,Excellent
5034144,250000.0,2084.0,1630.24,779.0,Second residence,17.83,Excellent
5034315,129000.0,4408.0,2606.19,779.0,Primary residence,65.25,Excellent
5034633,75000.0,2875.0,1168.27,779.0,Primary residence,64.69,Excellent
5034667,136000.0,3400.0,1040.4,779.0,Primary residence,39.18,Excellent
5034780,36000.0,1110.0,795.6899999999999,779.0,Primary residence,63.52,Excellent
5034817,84000.0,2870.0,2005.9,779.0,Primary residence,69.66,Excellent
5034845,94000.0,3290.0,2218.5,779.0,Primary residence,70.32,Excellent
5034869,45000.0,1425.0,903.04,779.0,Primary residence,62.08,Excellent
5034906,153000.0,3188.0,964.84,779.0,Primary residence,32.57,Excellent
5034968,62000.0,1602.0,1071.74,779.0,Primary residence,51.75,Excellent
5035028,70000.0,2684.0,748.64,779.0,Investment property,58.85,Excellent
5035149,120000.0,2800.0,1861.95,779.0,Primary residence,46.62,Excellent
5035170,361000.0,10830.0,2255.76,779.0,Primary residence,43.5,Excellent
5035189,80000.0,1800.0,802.96,779.0,Primary residence,39.04,Excellent
5035312,162000.0,4185.0,3014.6800000000003,779.0,Primary residence,53.33,Excellent
5035357,147000.0,4410.0,1138.23,779.0,Primary residence,45.29,Excellent
5035391,123000.0,2665.0,1504.39,779.0,Primary residence,40.68,Excellent
5035410,107000.0,3210.0,1609.1299999999999,779.0,Primary residence,54.05,Excellent
5035430,118000.0,3934.0,1433.46,780.0,Primary residence,54.58,Excellent
5035486,62000.0,2170.0,710.93,780.0,Primary residence,55.76,Excellent
5035735,104000.0,3294.0,1431.34,780.0,Primary residence,54.52,Excellent
5035786,211000.0,7737.0,499.03,780.0,Investment property,46.84,Excellent
5035916,77000.0,2118.0,315.02,780.0,Primary residence,37.92,Excellent
5036024,63000.0,1943.0,933.17,780.0,Primary residence,54.78,Excellent
5036055,75000.0,2813.0,1342.6,780.0,Primary residence,66.49,Excellent
5036129,105000.0,3938.0,2375.78,780.0,Primary residence,72.16,Excellent
5036150,62000.0,2377.0,2096.7900000000004,780.0,Primary residence,86.59,Excellent
5036163,31000.0,569.0,455.74,780.0,Primary residence,39.67,Excellent
5036170,68000.0,1700.0,981.76,780.0,Primary residence,47.33,Excellent
5036180,28000.0,677.0,399.02,780.0,Primary residence,46.12,Excellent
5036265,160000.0,4134.0,1952.18,780.0,Primary residence,45.65,Excellent
5036349,56000.0,1820.0,1394.98,780.0,Primary residence,68.89,Excellent
5036382,82000.0,2392.0,860.97,780.0,Primary residence,47.6,Excellent
5036529,166000.0,3320.0,2024.16,780.0,Primary residence,38.63,Excellent
5036549,50000.0,1584.0,576.81,780.0,Primary residence,51.86,Excellent
5036571,51000.0,1530.0,672.75,780.0,Primary residence,51.83,Excellent
5036665,31000.0,982.0,551.08,780.0,Primary residence,59.35,Excellent
5036669,104000.0,3120.0,1029.05,780.0,Primary residence,47.87,Excellent
5036674,36000.0,1440.0,918.62,781.0,Primary residence,78.62,Excellent
5036712,138000.0,4140.0,2402.67,781.0,Primary residence,56.89,Excellent
5036736,88000.0,1467.0,1123.48,781.0,Primary residence,35.32,Excellent
5036760,84000.0,1190.0,567.03,781.0,Primary residence,25.1,Excellent
5036769,48000.0,1720.0,568.35,781.0,Primary residence,57.21,Excellent
5036808,118000.0,3737.0,1285.57,781.0,Primary residence,51.08,Excellent
5036824,117000.0,3705.0,1449.69,781.0,Primary residence,52.87,Excellent
5036828,100000.0,3084.0,539.04,781.0,Investment property,43.48,Excellent
5036858,129000.0,5268.0,2041.03,781.0,Primary residence,67.99,Excellent
5036908,178000.0,5044.0,1031.3799999999999,782.0,Primary residence,40.96,Excellent
5037052,78000.0,1625.0,1132.25,782.0,Primary residence,42.42,Excellent
5037110,65000.0,2113.0,1130.91,782.0,Primary residence,59.89,Excellent
5037111,168000.0,3500.0,2214.3700000000003,782.0,Primary residence,40.82,Excellent
5037130,84000.0,2100.0,834.99,782.0,Primary residence,41.93,Excellent
5037211,49000.0,1552.0,834.99,782.0,Primary residence,58.46,Excellent
5037330,105000.0,3588.0,1388.0,782.0,Primary residence,56.87,Excellent
5037415,62000.0,1395.0,651.03,782.0,Primary residence,39.6,Excellent
5037421,51000.0,2083.0,641.55,782.0,Primary residence,64.11,Excellent
5037444,42000.0,1190.0,771.5,782.0,Primary residence,56.04,Excellent
5037503,61000.0,1678.0,639.25,782.0,Primary residence,45.59,Excellent
5024427,69000.0,1840.0,507.81,782.0,Primary residence,40.83,Excellent
5024503,70000.0,2625.0,727.42,782.0,Primary residence,57.47,Excellent
5024510,98000.0,3430.0,300.09,782.0,Investment property,45.67,Excellent
5024887,100000.0,3750.0,1497.16,782.0,Primary residence,62.97,Excellent
5024915,62000.0,2274.0,1486.68,782.0,Primary residence,72.79,Excellent
5025095,53000.0,2032.0,875.72,782.0,Primary residence,65.84,Excellent
5025114,41000.0,991.0,605.89,782.0,Primary residence,46.74,Excellent
5025250,329000.0,9870.0,2324.9700000000003,783.0,Primary residence,44.48,Excellent
5025756,26000.0,780.0,499.14,783.0,Primary residence,59.04,Excellent
5025931,34000.0,1105.0,509.14,783.0,Primary residence,56.97,Excellent
5026328,75000.0,2000.0,911.99,783.0,Primary residence,46.59,Excellent
5026591,81000.0,2025.0,1154.33,783.0,Primary residence,47.1,Excellent
5026811,84000.0,2240.0,1468.35,783.0,Primary residence,52.98,Excellent
5027135,89000.0,2151.0,1179.62,783.0,Primary residence,44.91,Excellent
5028328,272000.0,9974.0,2191.86,783.0,Investment property,53.67,Excellent
5028459,60000.0,2350.0,1066.75,783.0,Primary residence,68.34,Excellent
5028518,91000.0,3185.0,2191.86,783.0,Primary residence,70.9,Excellent
5028913,85000.0,1417.0,925.41,783.0,Primary residence,33.07,Excellent
5029730,85000.0,1134.0,683.8199999999999,783.0,Primary residence,25.66,Excellent
5030023,200000.0,3500.0,2737.4100000000003,783.0,Primary residence,37.42,Excellent
5030480,36000.0,1140.0,506.99,783.0,Primary residence,54.9,Excellent
5031347,240000.0,5000.0,1966.03,784.0,Primary residence,34.83,Excellent
5031838,77000.0,1476.0,987.0,784.0,Primary residence,38.38,Excellent
5031845,213000.0,4615.0,2407.6000000000004,784.0,Second residence,39.56,Excellent
5032036,96000.0,2880.0,1606.81,784.0,Primary residence,56.09,Excellent
5032541,37000.0,1326.0,609.03,784.0,Primary residence,62.76,Excellent
5032807,24000.0,720.0,499.14,784.0,Primary residence,60.96,Excellent
5033307,29000.0,919.0,468.40999999999997,784.0,Primary residence,57.41,Excellent
5033559,39000.0,1560.0,690.9,784.0,Primary residence,69.26,Excellent
5033710,88000.0,2860.0,2545.8100000000004,784.0,Primary residence,73.72,Excellent
5034403,104000.0,2427.0,651.03,784.0,Second residence,35.52,Excellent
5035024,125000.0,3959.0,1184.8799999999999,785.0,Primary residence,49.38,Excellent
5035502,263000.0,6137.0,2105.05,785.0,Primary residence,37.61,Excellent
5035524,83000.0,2698.0,1236.99,785.0,Primary residence,56.89,Excellent
5036604,226000.0,2072.0,1407.07,785.0,Primary residence,18.47,Excellent
5036930,272000.0,2267.0,749.13,785.0,Primary residence,13.31,Excellent
5036991,120000.0,2400.0,2090.2000000000003,785.0,Primary residence,44.9,Excellent
5037401,63000.0,2573.0,1813.95,785.0,Primary residence,83.56,Excellent
5024065,293000.0,9279.0,1256.45,785.0,Investment property,43.15,Excellent
5024099,93000.0,2713.0,1680.97,785.0,Primary residence,56.7,Excellent
5024173,140000.0,5134.0,3016.5200000000004,785.0,Primary residence,69.86,Excellent
5024179,150000.0,2500.0,2169.6200000000003,786.0,Primary residence,37.36,Excellent
5024185,40000.0,1267.0,783.55,786.0,Primary residence,61.52,Excellent
5024203,100000.0,3084.0,987.05,786.0,Primary residence,48.85,Excellent
5024211,231000.0,4043.0,1280.4,786.0,Primary residence,27.65,Excellent
5024223,140000.0,2917.0,2065.5,786.0,Primary residence,42.71,Excellent
5024316,37000.0,1573.0,576.81,786.0,Primary residence,69.72,Excellent
5024602,73000.0,1886.0,1676.91,786.0,Primary residence,58.57,Excellent
5024629,364000.0,10010.0,1360.6299999999999,786.0,Second residence,37.49,Excellent
5024652,105000.0,3238.0,1507.09,787.0,Primary residence,54.23,Excellent
5024684,212000.0,4064.0,1431.73,787.0,Primary residence,31.11,Excellent
5024719,268000.0,5807.0,1476.87,787.0,Primary residence,32.61,Excellent
5024797,109000.0,2544.0,1078.87,787.0,Primary residence,39.88,Excellent
5024817,190000.0,3167.0,1407.07,787.0,Primary residence,28.89,Excellent
5024874,122000.0,4474.0,1079.37,787.0,Primary residence,54.62,Excellent
5024952,25000.0,875.0,629.35,787.0,Primary residence,72.21,Excellent
5024957,100000.0,2834.0,1066.75,787.0,Primary residence,46.81,Excellent
5024986,69000.0,2473.0,1612.85,787.0,Primary residence,71.06,Excellent
5025052,143000.0,4648.0,3465.1600000000003,787.0,Primary residence,68.08,Excellent
5025251,52000.0,1734.0,1193.59,787.0,Primary residence,67.56,Excellent
5025441,80000.0,2734.0,1881.25,787.0,Primary residence,69.23,Excellent
5025463,45000.0,1275.0,455.74,788.0,Primary residence,46.15,Excellent
5025478,142000.0,5089.0,2121.1000000000004,788.0,Primary residence,60.93,Excellent
5025493,52000.0,1430.0,854.96,788.0,Primary residence,52.73,Excellent
5025539,394000.0,7880.0,3690.0400000000004,788.0,Second residence,35.24,Excellent
5025554,,,632.78,788.0,Primary residence,,Excellent
5025596,31000.0,1034.0,704.99,788.0,Primary residence,67.32,Excellent
5025632,162000.0,1620.0,2018.25,788.0,Primary residence,26.95,Excellent
5025743,50000.0,1834.0,1096.84,788.0,Primary residence,70.34,Excellent
5025744,115000.0,4505.0,1407.07,789.0,Primary residence,61.69,Excellent
5025748,159000.0,5433.0,2143.76,789.0,Primary residence,57.18,Excellent
5025775,108000.0,2340.0,853.6899999999999,789.0,Primary residence,35.49,Excellent
5025835,63000.0,1155.0,613.8199999999999,789.0,Primary residence,33.69,Excellent
5026119,134000.0,3574.0,1242.29,789.0,Primary residence,43.13,Excellent
5026126,327000.0,10083.0,3414.69,789.0,Primary residence,49.53,Excellent
5026148,104000.0,3900.0,1668.51,789.0,Primary residence,64.25,Excellent
5026290,121000.0,3025.0,1221.01,789.0,Primary residence,42.11,Excellent
5026339,290000.0,3867.0,2171.25,789.0,Primary residence,24.99,Excellent
5026501,66000.0,1100.0,1151.87,789.0,Primary residence,40.94,Excellent
5026572,111000.0,3330.0,777.04,789.0,Primary residence,44.4,Excellent
5026675,188000.0,6894.0,1138.23,789.0,Primary residence,51.27,Excellent
5026679,93000.0,2558.0,1036.02,789.0,Primary residence,46.37,Excellent
5026690,167000.0,4036.0,1741.53,789.0,Primary residence,41.52,Excellent
5026704,81000.0,3240.0,1097.92,789.0,Primary residence,64.27,Excellent
5026839,122000.0,2542.0,1652.74,789.0,Primary residence,41.26,Excellent
5026862,135000.0,5063.0,1046.8,789.0,Investment property,54.31,Excellent
5026882,55000.0,2246.0,1064.25,789.0,Primary residence,72.22,Excellent
5026949,67000.0,2457.0,1376.01,789.0,Primary residence,68.65,Excellent
5026988,49000.0,1920.0,851.48,789.0,Primary residence,67.87,Excellent
5027016,58000.0,1789.0,683.8199999999999,790.0,Primary residence,51.16,Excellent
5027088,123000.0,4818.0,3059.92,790.0,Primary residence,76.86,Excellent
5027286,63000.0,1890.0,629.35,790.0,Primary residence,47.99,Excellent
5027293,165000.0,1650.0,2065.07,790.0,Primary residence,27.02,Excellent
5027333,86000.0,3010.0,1559.78,790.0,Primary residence,63.76,Excellent
5027374,203000.0,4568.0,3401.4300000000003,790.0,Primary residence,47.11,Excellent
5027385,98000.0,2124.0,641.55,790.0,Primary residence,33.86,Excellent
5027431,129000.0,3333.0,1313.54,790.0,Primary residence,43.22,Excellent
5027457,315000.0,11550.0,1498.28,790.0,Investment property,49.71,Excellent
5027528,193000.0,1930.0,1252.58,790.0,Primary residence,19.79,Excellent
5027623,125000.0,3959.0,1189.66,791.0,Investment property,49.43,Excellent
5027624,161000.0,5904.0,1365.06,791.0,Primary residence,54.18,Excellent
5027658,121000.0,3429.0,1798.09,791.0,Primary residence,51.84,Excellent
5027725,82000.0,1435.0,1014.06,791.0,Primary residence,35.84,Excellent
5027865,46000.0,1380.0,1132.25,791.0,Primary residence,65.54,Excellent
5027986,96000.0,3920.0,1180.65,791.0,Second residence,63.76,Excellent
5028042,22000.0,734.0,455.74,791.0,Primary residence,64.89,Excellent
5028077,67000.0,1117.0,765.22,791.0,Primary residence,33.71,Excellent
5028153,113000.0,3014.0,2086.4500000000003,791.0,Primary residence,54.16,Excellent
5028193,128000.0,2880.0,1433.46,791.0,Primary residence,40.44,Excellent
5028197,95000.0,3325.0,2244.8500000000004,792.0,Primary residence,70.36,Excellent
5028248,103000.0,2575.0,1476.87,792.0,Primary residence,47.21,Excellent
5028261,170000.0,4109.0,2331.11,792.0,Primary residence,45.46,Excellent
5028281,32000.0,1120.0,613.8199999999999,792.0,Primary residence,65.02,Excellent
5028379,75000.0,2375.0,1238.14,792.0,Primary residence,57.81,Excellent
5028408,127000.0,2752.0,1903.68,792.0,Primary residence,43.99,Excellent
5028418,57000.0,1425.0,551.08,792.0,Primary residence,41.6,Excellent
5028442,104000.0,3294.0,1676.3,792.0,Primary residence,57.35,Excellent
5028532,132000.0,4620.0,2244.8500000000004,793.0,Primary residence,62.41,Excellent
5028551,81000.0,2160.0,861.04,793.0,Primary residence,44.76,Excellent
5028568,304000.0,8360.0,2976.9700000000003,793.0,Primary residence,44.75,Excellent
5028599,109000.0,1545.0,981.9,793.0,Primary residence,27.82,Excellent
5028664,160000.0,3734.0,1774.32,793.0,Primary residence,41.31,Excellent
5028731,85000.0,2834.0,1168.27,793.0,Primary residence,56.5,Excellent
5028870,243000.0,5468.0,3003.3500000000004,793.0,Primary residence,41.83,Excellent
5028871,80000.0,2267.0,1214.58,793.0,Primary residence,52.22,Excellent
5028883,55000.0,2017.0,1510.74,793.0,Primary residence,76.97,Excellent
5028886,272000.0,3854.0,834.99,794.0,Primary residence,20.69,Excellent
5028922,79000.0,2765.0,1785.08,794.0,Primary residence,69.12,Excellent
5029033,50000.0,2042.0,1469.35,794.0,Primary residence,84.27,Excellent
5029158,84000.0,2170.0,1449.07,794.0,Primary residence,51.7,Excellent
5029160,56000.0,2054.0,973.28,794.0,Primary residence,64.87,Excellent
5029164,99000.0,2805.0,1676.3,794.0,Primary residence,54.32,Excellent
5029181,127000.0,4869.0,2320.19,794.0,Primary residence,67.93,Excellent
5029197,143000.0,5244.0,1256.45,794.0,Primary residence,54.55,Excellent
5029209,49000.0,1920.0,1323.06,794.0,Primary residence,79.42,Excellent
5029274,65000.0,1734.0,735.04,795.0,Primary residence,45.58,Excellent
5029280,329000.0,11790.0,3456.7900000000004,795.0,Second residence,55.61,Excellent
5029328,112000.0,3827.0,1012.05,795.0,Primary residence,51.85,Excellent
5029352,75000.0,2375.0,1163.19,795.0,Primary residence,56.61,Excellent
5029452,50000.0,1625.0,861.04,795.0,Primary residence,59.66,Excellent
5029462,49000.0,1389.0,1038.64,795.0,Primary residence,59.45,Excellent
5029502,114000.0,3895.0,1584.22,795.0,Primary residence,57.68,Excellent
5029618,73000.0,1217.0,609.03,795.0,Primary residence,30.02,Excellent
5029664,80000.0,3200.0,1308.89,796.0,Primary residence,67.63,Excellent
5029667,69000.0,2760.0,2065.07,796.0,Primary residence,83.91,Excellent
5029681,227000.0,8324.0,4231.81,796.0,Primary residence,66.37,Excellent
5029744,156000.0,4680.0,1878.12,796.0,Primary residence,50.45,Excellent
5029751,149000.0,5588.0,1019.98,797.0,Investment property,53.22,Excellent
5029753,175000.0,4521.0,1497.16,797.0,Primary residence,41.27,Excellent
5029813,186000.0,5425.0,2583.1200000000003,797.0,Primary residence,51.67,Excellent
5029859,269000.0,3811.0,1893.86,797.0,Primary residence,25.45,Excellent
5029863,131000.0,3930.0,1995.09,797.0,Primary residence,54.28,Excellent
5029901,30000.0,900.0,735.04,797.0,Primary residence,65.4,Excellent
5029921,228000.0,3990.0,1019.98,797.0,Primary residence,26.37,Excellent
5029932,170000.0,4534.0,1345.18,798.0,Primary residence,41.5,Excellent
5030006,78000.0,2210.0,945.05,798.0,Primary residence,48.54,Excellent
5030018,135000.0,2250.0,1088.37,798.0,Primary residence,29.67,Excellent
5030072,118000.0,4622.0,848.5,798.0,Primary residence,55.63,Excellent
5030175,65000.0,1788.0,771.5,798.0,Primary residence,47.25,Excellent
5030196,97000.0,3315.0,1380.3,798.0,Primary residence,58.09,Excellent
5030248,128000.0,2454.0,1771.79,798.0,Primary residence,39.62,Excellent
5030256,129000.0,1720.0,1071.05,798.0,Primary residence,25.96,Excellent
5030336,44000.0,1247.0,705.78,798.0,Primary residence,53.26,Excellent
5030461,183000.0,2745.0,2255.76,799.0,Primary residence,32.79,Excellent
5030618,72000.0,2700.0,1559.1,799.0,Primary residence,70.99,Excellent
5030680,90000.0,2775.0,1523.12,799.0,Primary residence,57.31,Excellent
5030763,191000.0,7004.0,3208.26,799.0,Primary residence,64.16,Excellent
5030816,62000.0,2067.0,1449.07,800.0,Primary residence,68.05,Excellent
5030970,121000.0,3429.0,727.42,800.0,Primary residence,41.22,Excellent
5030997,169000.0,4930.0,1787.72,800.0,Primary residence,47.7,Excellent
5031060,48000.0,1560.0,861.04,800.0,Primary residence,60.53,Excellent
5031128,95000.0,1742.0,778.64,800.0,Primary residence,31.84,Excellent
5031348,71000.0,1243.0,629.35,801.0,Primary residence,31.65,Excellent
5031467,111000.0,2683.0,846.34,801.0,Primary residence,38.16,Excellent
5031586,57000.0,1853.0,860.49,801.0,Primary residence,57.13,Excellent
5031641,108000.0,2160.0,1552.1299999999999,801.0,Primary residence,41.25,Excellent
5031692,64000.0,1334.0,777.04,801.0,Primary residence,39.58,Excellent
5031693,80000.0,3134.0,2689.76,801.0,Primary residence,87.36,Excellent
5031725,102000.0,3230.0,1754.64,801.0,Primary residence,58.64,Excellent
5031749,279000.0,2325.0,2504.9500000000003,801.0,Primary residence,20.77,Excellent
5031885,85000.0,1205.0,507.81,801.0,Investment property,24.18,Excellent
5031957,156000.0,3640.0,2011.83,801.0,Investment property,43.48,Excellent
5031984,66000.0,2310.0,1147.71,802.0,Primary residence,62.87,Excellent
5032121,198000.0,6105.0,3328.4700000000003,802.0,Primary residence,57.17,Excellent
5032138,45000.0,750.0,777.04,802.0,Primary residence,40.72,Excellent
5032149,140000.0,3967.0,1405.22,802.0,Primary residence,46.05,Excellent
5032207,130000.0,3467.0,1361.94,802.0,Primary residence,44.57,Excellent
5032301,141000.0,4348.0,3273.0800000000004,802.0,Primary residence,64.86,Excellent
5032311,76000.0,2977.0,1280.4,802.0,Primary residence,67.22,Excellent
5032336,96000.0,3520.0,1701.57,802.0,Primary residence,65.27,Excellent
5032351,66000.0,1595.0,593.95,802.0,Primary residence,39.8,Excellent
5032417,126000.0,4095.0,998.16,802.0,Primary residence,48.51,Excellent
5032479,151000.0,3146.0,2761.4300000000003,803.0,Primary residence,46.95,Excellent
5032509,30000.0,775.0,632.14,803.0,Primary residence,56.29,Excellent
5032525,52000.0,2124.0,1108.9,803.0,Primary residence,74.61,Excellent
5032546,54000.0,1620.0,778.64,803.0,Primary residence,53.3,Excellent
5032564,43000.0,1290.0,972.67,803.0,Primary residence,63.14,Excellent
5032568,95000.0,2059.0,1038.64,803.0,Primary residence,39.13,Excellent
5032570,141000.0,2820.0,1836.57,804.0,Primary residence,39.63,Excellent
5032590,45000.0,1688.0,964.84,804.0,Primary residence,70.74,Excellent
5032719,131000.0,5131.0,1344.62,804.0,Investment property,59.32,Excellent
5032771,192000.0,3200.0,2048.8100000000004,804.0,Primary residence,32.81,Excellent
5032783,123000.0,2768.0,1388.0,804.0,Primary residence,40.55,Excellent
5032837,181000.0,4676.0,722.04,804.0,Primary residence,35.79,Excellent
5032844,61000.0,1627.0,629.35,804.0,Primary residence,44.39,Excellent
5032853,92000.0,2224.0,1242.29,804.0,Primary residence,45.21,Excellent
5032873,75000.0,2875.0,2079.1000000000004,804.0,Primary residence,79.27,Excellent
5032935,142000.0,5207.0,600.16,804.0,Investment property,49.07,Excellent
5033147,196000.0,4574.0,1701.08,805.0,Primary residence,38.42,Excellent
5033263,135000.0,5063.0,2407.44,805.0,Primary residence,66.4,Excellent
5033273,122000.0,3050.0,1916.95,805.0,Primary residence,48.86,Excellent
5033357,25000.0,834.0,291.03999999999996,805.0,Primary residence,54.0,Excellent
5033386,76000.0,2280.0,1197.06,806.0,Primary residence,54.9,Excellent
5033410,71000.0,1184.0,686.75,806.0,Primary residence,31.62,Excellent
5033461,112000.0,2707.0,1844.64,806.0,Primary residence,48.77,Excellent
5033485,79000.0,1975.0,727.42,806.0,Primary residence,41.05,Excellent
5033523,71000.0,1894.0,1066.75,806.0,Primary residence,50.04,Excellent
5033582,94000.0,2194.0,846.37,806.0,Primary residence,38.81,Excellent
5033595,23000.0,920.0,436.3,806.0,Primary residence,70.76,Excellent
5033645,145000.0,5921.0,2667.19,807.0,Primary residence,71.07,Excellent
5033670,160000.0,4000.0,1314.67,807.0,Primary residence,39.86,Excellent
5033690,53000.0,1767.0,759.56,808.0,Primary residence,57.21,Excellent
5033693,142000.0,5562.0,1659.08,808.0,Primary residence,61.02,Excellent
5033746,48000.0,840.0,641.55,808.0,Primary residence,37.04,Excellent
5033824,88000.0,734.0,847.93,808.0,Primary residence,21.57,Excellent
5033931,101000.0,2189.0,846.37,808.0,Primary residence,36.06,Excellent
5033950,111000.0,1943.0,945.05,809.0,Primary residence,31.22,Excellent
5034014,151000.0,3146.0,976.5699999999999,809.0,Primary residence,32.76,Excellent
5034158,130000.0,4875.0,2382.76,809.0,Primary residence,66.99,Excellent
5034183,74000.0,2405.0,1079.37,810.0,Primary residence,56.5,Excellent
5034281,646000.0,12920.0,3027.59,810.0,Primary residence,29.62,Excellent
5034324,46000.0,1150.0,641.55,810.0,Primary residence,46.74,Excellent
5034433,49000.0,1879.0,374.73,810.0,Primary residence,55.19,Excellent
5034509,143000.0,3099.0,2141.65,810.0,Primary residence,43.98,Excellent
5034594,180000.0,6000.0,1908.22,810.0,Primary residence,52.72,Excellent
5034610,199000.0,5141.0,2793.84,810.0,Primary residence,47.85,Excellent
5034654,42000.0,1680.0,755.45,811.0,Second residence,69.58,Excellent
5034759,77000.0,2631.0,873.1,811.0,Primary residence,54.61,Excellent
5034829,120000.0,4500.0,1676.3,811.0,Primary residence,61.76,Excellent
5034867,146000.0,3164.0,1608.87,812.0,Primary residence,39.23,Excellent
5034918,204000.0,5780.0,3222.11,812.0,Primary residence,52.95,Excellent
5034988,213000.0,3550.0,2473.5600000000004,812.0,Primary residence,33.94,Excellent
5035014,87000.0,2320.0,1623.14,813.0,Primary residence,54.39,Excellent
5035043,69000.0,1725.0,1004.0699999999999,814.0,Primary residence,47.46,Excellent
5035104,73000.0,1947.0,517.38,814.0,Second residence,40.51,Excellent
5035106,115000.0,2013.0,947.85,814.0,Primary residence,30.9,Excellent
5035174,,,1111.21,815.0,Primary residence,,Excellent
5035201,131000.0,3603.0,1711.62,815.0,Primary residence,48.68,Excellent
5035203,145000.0,2417.0,2121.1000000000004,815.0,Primary residence,37.56,Excellent
5035240,132000.0,3190.0,1743.08,815.0,Primary residence,44.85,Excellent
5035270,94000.0,2194.0,1014.06,815.0,Primary residence,40.95,Excellent
5035306,203000.0,6598.0,3800.57,816.0,Primary residence,61.47,Excellent
5035352,23000.0,595.0,542.54,816.0,Primary residence,59.35,Excellent
5035358,59000.0,1770.0,731.0699999999999,816.0,Primary residence,50.87,Excellent
5035482,115000.0,4505.0,875.97,816.0,Investment property,56.15,Excellent
5035548,367000.0,11010.0,568.35,816.0,Investment property,37.86,Excellent
5035625,64000.0,1974.0,1323.06,816.0,Primary residence,61.82,Excellent
5035640,255000.0,2125.0,3238.1000000000004,817.0,Primary residence,25.24,Excellent
5035662,59000.0,1475.0,1069.08,818.0,Primary residence,51.74,Excellent
5035698,56000.0,1167.0,575.51,818.0,Primary residence,37.34,Excellent
5035868,100000.0,1667.0,1667.34,819.0,Primary residence,40.01,Excellent
5035978,225000.0,3750.0,2190.4300000000003,819.0,Primary residence,31.68,Excellent
5036002,41000.0,923.0,335.81,819.0,Primary residence,36.84,Excellent
5036003,263000.0,7890.0,2090.2000000000003,819.0,Primary residence,45.54,Excellent
5036053,98000.0,3594.0,932.09,819.0,Primary residence,55.42,Excellent
5036097,177000.0,3098.0,1701.26,821.0,Primary residence,32.54,Excellent
5036099,130000.0,3359.0,1523.34,821.0,Primary residence,45.07,Excellent
5036117,45000.0,1350.0,1029.05,821.0,Primary residence,63.44,Excellent
5036141,92000.0,1994.0,957.18,821.0,Primary residence,38.49,Excellent
5036184,418000.0,9754.0,1833.5,821.0,Primary residence,33.27,Excellent
5036230,33000.0,825.0,551.08,822.0,Investment property,50.04,Excellent
5036236,98000.0,3757.0,1430.62,822.0,Primary residence,63.52,Excellent
5036255,35000.0,1021.0,735.04,822.0,Primary residence,60.21,Excellent
5036339,31000.0,1266.0,651.03,824.0,Primary residence,74.21,Excellent
5036368,127000.0,3810.0,701.36,824.0,Second residence,42.63,Excellent
5036385,52000.0,1560.0,1138.23,824.0,Primary residence,62.27,Excellent
5036413,99000.0,3630.0,1869.09,828.0,Primary residence,66.66,Excellent
5036544,58000.0,2127.0,909.37,828.0,Primary residence,62.82,Excellent
5036639,70000.0,2042.0,595.16,829.0,Primary residence,45.21,Excellent
5036726,49000.0,1511.0,448.63,831.0,Primary residence,47.99,Excellent
5036731,49000.0,1756.0,1077.81,833.0,Primary residence,69.4,Excellent
5036752,222000.0,8140.0,999.97,835.0,Investment property,49.41,Excellent
5036774,116000.0,2804.0,1345.18,837.0,Primary residence,42.92,Excellent
5036917,139000.0,3823.0,1617.08,838.0,Primary residence,46.96,Excellent
5036921,21000.0,823.0,392.43,838.0,Primary residence,69.45,Excellent
5037010,240000.0,3800.0,1386.57,838.0,Primary residence,25.93,Excellent
5037033,160000.0,5200.0,2421.32,839.0,Primary residence,57.16,Excellent
5037037,82000.0,2392.0,710.78,841.0,Primary residence,45.41,Excellent
5037166,66000.0,1650.0,746.18,841.0,Primary residence,43.57,Excellent
5037185,147000.0,3675.0,1189.92,849.0,Primary residence,39.71,Excellent
5037249,26000.0,1062.0,517.38,850.0,Primary residence,72.89,Excellent
5037265,75000.0,2250.0,1364.08,853.0,Primary residence,57.83,Excellent
5037439,194000.0,3557.0,3016.4,855.0,Primary residence,40.66,Excellent
5037440,135000.0,4500.0,2097.6400000000003,856.0,Primary residence,58.65,Excellent
5037498,85000.0,3188.0,735.04,859.0,Primary residence,55.38,Excellent
5037550,109000.0,2998.0,1111.21,886.0,Primary residence,45.24,Excellent
