loan_id,closing_date,file_in_audit,file_audit_complete,file_sent_to_custodian,file_at_custodian,audit_tat_days,custodian_tat_days
5023130,2021-04-01,2021-04-05,,,,,
5031773,2021-05-06,2021-05-10,2021-05-13,2021-05-14,,7,
5035386,2021-05-12,2021-05-14,,,,,
5029192,2021-06-12,,,,,,
5037272,2021-06-23,2021-06-28,,,,,
5036674,2021-06-26,2021-06-29,,,,,
5033335,2021-06-28,,,,,,
5030138,2021-07-05,2021-07-09,,,,,
5033452,2021-07-07,2021-07-12,2021-07-14,2021-07-15,,7,
5035109,2021-07-15,2021-07-19,,,,,
5023992,2021-07-15,,,,,,
5036358,2021-07-19,2021-07-23,,,,,
5022494,2021-07-20,2021-07-22,,,,,
5032643,2021-07-23,2021-07-27,,,,,
5030776,2021-07-26,2021-07-28,2021-08-02,2021-08-04,2021-09-17,7,46
5035229,2021-07-30,2021-08-04,2021-08-06,2021-08-09,,7,
5031803,2021-08-02,2021-08-04,2021-08-06,2021-08-09,2021-09-13,4,38
5036400,2021-08-02,2021-08-04,2021-08-06,2021-08-09,,4,
5037304,2021-08-02,2021-08-05,2021-08-09,2021-08-09,2021-09-17,7,39
5036637,2021-08-02,2021-08-06,2021-08-09,2021-08-09,,7,
5027970,2021-08-02,,,,,,
5030953,2021-08-02,,,,,,
5032479,2021-08-03,2021-08-09,2021-08-09,2021-08-11,2021-09-15,6,37
5021444,2021-08-03,2021-08-10,2021-08-16,2021-08-16,2021-09-15,13,30
5032100,2021-08-03,2021-08-12,,,,,
5033147,2021-08-04,2021-08-09,2021-08-09,2021-08-10,,5,
5033386,2021-08-05,2021-08-09,2021-08-12,2021-08-13,,7,
5024865,2021-08-05,2021-08-09,2021-08-13,,,8,
5032821,2021-08-05,2021-08-10,,,,,
5023503,2021-08-06,2021-08-09,2021-08-10,2021-08-11,,4,
5031133,2021-08-06,2021-08-09,2021-08-10,,,4,
5025627,2021-08-06,2021-08-09,2021-08-11,2021-08-12,,5,
5031984,2021-08-07,2021-08-10,2021-08-12,2021-08-13,,5,
5033493,2021-08-07,,,,,,
5027215,2021-08-09,2021-08-12,2021-08-16,2021-08-16,,7,
5029274,2021-08-09,2021-08-16,2021-08-18,2021-08-19,,9,
5033955,2021-08-09,,,,,,
5022994,2021-08-09,,,,,,
5029130,2021-08-10,2021-08-12,2021-08-16,2021-08-16,,6,
5024017,2021-08-10,2021-08-13,,,,,
5031607,2021-08-10,2021-08-16,,,,,
5027860,2021-08-10,,,,,,
5021946,2021-08-10,,,,,,
5029136,2021-08-10,,,,,,
5024078,2021-08-10,,,,,,
5029190,2021-08-10,,,,,,
5023396,2021-08-11,2021-08-16,,,,,
5032179,2021-08-11,2021-08-16,,,,,
5026163,2021-08-11,2021-08-16,,,,,
5029208,2021-08-11,2021-08-16,,,,,
5022847,2021-08-12,2021-08-16,,,,,
5035465,2021-08-12,2021-08-18,,,,,
5031807,2021-08-12,2021-08-18,,,,,
5022340,2021-08-12,2021-08-18,,,,,
5026687,2021-08-13,2021-08-16,,,,,
5022892,2021-08-14,2021-08-16,2021-08-19,,,5,
5033024,2021-08-14,2021-08-16,2021-08-18,,,4,
5023771,2021-08-14,2021-08-18,,,,,
5027998,2021-08-14,2021-08-18,,,,,
5031172,2021-08-14,2021-08-23,2021-08-24,2021-08-25,2021-08-27,10,3
5035901,2021-08-14,,,,,,
5037320,2021-08-16,2021-08-18,2021-08-20,2021-08-23,2021-08-25,4,5
5033963,2021-08-16,2021-08-20,2021-08-24,2021-08-25,2021-08-27,8,3
5026112,2021-08-16,2021-08-20,2021-08-23,2021-08-23,2021-08-25,7,2
5035362,2021-08-17,2021-08-20,2021-08-23,2021-08-23,2021-08-25,6,2
5027284,2021-08-17,2021-08-23,2021-08-24,2021-08-26,2021-08-30,7,6
5032647,2021-08-17,2021-08-23,2021-08-24,2021-08-25,2021-08-27,7,3
5024202,2021-08-18,2021-08-20,2021-08-23,2021-08-24,2021-08-26,5,3
5026171,2021-08-18,2021-08-23,2021-08-25,2021-08-26,2021-08-30,7,5
5027918,2021-08-18,2021-08-24,2021-08-26,2021-08-27,2021-08-30,8,4
5028189,2021-08-18,2021-08-24,2021-08-27,2021-08-30,,9,
5024320,2021-08-19,2021-08-23,2021-08-23,2021-08-24,2021-08-26,4,3
5029226,2021-08-19,,,2021-08-26,2021-08-30,,
5031275,2021-08-19,,,2021-08-26,2021-08-30,,
5031358,2021-08-19,,,2021-08-30,2021-09-01,,
5027081,2021-08-19,,,2021-08-30,2021-09-01,,
5029205,2021-08-20,2021-08-23,2021-08-27,2021-08-30,2021-09-01,7,5
5035414,2021-08-20,2021-08-23,2021-08-24,2021-08-26,2021-08-30,4,6
5035888,2021-08-20,2021-08-23,2021-08-26,2021-08-27,2021-08-30,6,4
5028763,2021-08-20,2021-08-24,2021-08-27,,,7,
5029833,2021-08-20,2021-08-24,2021-08-30,2021-08-31,2021-09-02,10,3
5029802,2021-08-20,2021-08-25,2021-08-30,2021-08-30,2021-09-01,10,2
5033179,2021-08-20,2021-08-25,2021-08-27,2021-08-30,2021-09-01,7,5
5028018,2021-08-20,,,2021-08-25,2021-08-27,,
5022229,2021-08-21,2021-08-23,2021-08-25,2021-08-26,2021-08-30,4,5
5033371,2021-08-21,2021-08-23,2021-08-25,2021-08-27,2021-08-30,4,5
5023387,2021-08-21,2021-08-23,2021-08-27,2021-08-30,2021-09-01,6,5
5026325,2021-08-21,2021-08-23,2021-08-31,2021-09-02,2021-09-06,10,6
5035918,2021-08-21,2021-08-24,2021-08-26,2021-08-27,2021-08-30,5,4
5033563,2021-08-21,2021-08-24,2021-08-30,2021-08-31,2021-09-02,9,3
5028299,2021-08-21,2021-08-25,2021-08-27,2021-08-30,2021-09-01,6,5
5029004,2021-08-21,2021-08-25,2021-08-27,2021-08-30,2021-09-01,6,5
5030783,2021-08-21,2021-08-25,2021-08-27,2021-08-30,2021-09-01,6,5
5027260,2021-08-21,2021-08-26,2021-08-30,2021-08-30,2021-09-01,9,2
5031347,2021-08-21,2021-08-26,2021-08-30,2021-08-31,2021-09-02,9,3
5034319,2021-08-21,2021-08-27,2021-08-31,2021-09-01,2021-09-03,10,3
5021369,2021-08-21,2021-08-30,2021-08-31,2021-09-01,2021-09-03,10,3
5030682,2021-08-23,2021-08-25,2021-08-27,2021-08-30,2021-09-01,4,5
5026446,2021-08-23,2021-08-25,2021-08-27,2021-08-30,2021-09-01,4,5
5029816,2021-08-23,2021-08-25,2021-08-27,2021-08-30,2021-09-01,4,5
5023427,2021-08-23,2021-08-25,2021-08-27,2021-08-30,2021-09-01,4,5
5026316,2021-08-23,2021-08-25,2021-08-31,2021-09-01,2021-09-03,8,3
5031363,2021-08-23,2021-08-25,2021-08-27,2021-08-30,2021-09-01,4,5
5037618,2021-08-23,2021-08-25,2021-08-27,2021-08-30,2021-09-01,4,5
5037434,2021-08-23,2021-08-25,2021-08-27,2021-08-30,2021-09-01,4,5
5033410,2021-08-23,2021-08-26,2021-08-30,2021-08-30,2021-09-01,7,2
5034923,2021-08-23,2021-08-26,2021-08-30,2021-08-30,2021-09-01,7,2
5031815,2021-08-23,2021-08-26,2021-09-02,2021-09-03,2021-09-06,10,4
5021576,2021-08-23,2021-08-27,2021-08-30,2021-08-30,2021-09-01,7,2
5032570,2021-08-23,2021-08-27,2021-08-30,2021-08-31,2021-09-02,7,3
5032834,2021-08-23,2021-08-27,2021-08-31,2021-09-02,2021-09-06,8,6
5037351,2021-08-23,2021-08-27,2021-08-30,2021-08-30,2021-09-01,7,2
5026124,2021-08-23,2021-08-30,2021-08-30,2021-08-31,2021-09-02,7,3
5028975,2021-08-23,2021-08-30,2021-08-30,2021-08-31,2021-09-02,7,3
5023515,2021-08-23,2021-08-30,2021-09-01,2021-09-03,2021-09-06,9,5
5033983,2021-08-23,2021-08-30,2021-08-31,2021-09-01,2021-09-03,8,3
5031353,2021-08-23,2021-08-30,2021-08-31,2021-09-01,2021-09-03,8,3
5033259,2021-08-23,2021-08-30,2021-09-03,2021-09-06,2021-09-08,11,5
5027121,2021-08-23,2021-08-30,2021-08-30,2021-08-31,2021-09-02,7,3
5026756,2021-08-23,2021-08-30,2021-08-31,2021-09-01,2021-09-03,8,3
5037532,2021-08-24,2021-08-26,2021-08-30,2021-08-30,2021-09-01,6,2
5035218,2021-08-24,2021-08-26,2021-08-30,2021-08-30,2021-09-01,6,2
5027995,2021-08-24,2021-08-26,2021-08-30,2021-08-30,2021-09-01,6,2
5028344,2021-08-24,2021-08-26,2021-08-30,2021-08-30,2021-09-01,6,2
5027477,2021-08-24,2021-08-26,2021-08-30,2021-08-30,2021-09-01,6,2
5031456,2021-08-24,2021-08-26,2021-08-30,2021-08-30,2021-09-01,6,2
5026459,2021-08-24,2021-08-26,2021-08-30,2021-08-30,2021-09-01,6,2
5024361,2021-08-24,2021-08-26,2021-08-30,2021-08-30,2021-09-01,6,2
5032681,2021-08-24,2021-08-26,2021-08-30,2021-08-30,2021-09-01,6,2
5037540,2021-08-24,2021-08-26,2021-08-30,2021-08-30,2021-09-01,6,2
5023419,2021-08-24,2021-08-26,2021-08-30,2021-09-01,2021-09-03,6,4
5021912,2021-08-24,2021-08-26,2021-08-30,2021-08-31,2021-09-02,6,3
5021597,2021-08-24,2021-08-26,2021-08-30,2021-08-31,2021-09-02,6,3
5022521,2021-08-24,2021-08-26,2021-08-30,2021-08-30,2021-09-01,6,2
5027016,2021-08-24,2021-08-26,2021-08-30,2021-08-30,2021-09-01,6,2
5028934,2021-08-24,2021-08-26,2021-08-30,2021-08-30,2021-09-01,6,2
5035153,2021-08-24,2021-08-26,2021-08-30,2021-08-30,2021-09-01,6,2
5033918,2021-08-24,2021-08-26,2021-08-30,2021-08-30,2021-09-01,6,2
5033420,2021-08-24,2021-08-26,2021-08-30,2021-08-30,2021-09-01,6,2
5027542,2021-08-24,2021-08-26,2021-08-30,2021-08-30,2021-09-01,6,2
5027322,2021-08-24,2021-08-26,2021-08-30,2021-08-30,2021-09-01,6,2
5031883,2021-08-24,2021-08-26,2021-08-31,2021-09-01,2021-09-03,7,3
5035971,2021-08-24,2021-08-26,2021-08-30,2021-08-30,2021-09-01,6,2
5033114,2021-08-24,2021-08-26,2021-08-31,2021-09-02,2021-09-06,7,6
5031894,2021-08-24,2021-08-26,2021-08-30,2021-08-31,2021-09-02,6,3
5036559,2021-08-24,2021-08-26,2021-08-30,2021-08-30,2021-09-01,6,2
5022509,2021-08-24,2021-08-26,2021-08-31,2021-09-02,2021-09-06,7,6
5024879,2021-08-24,2021-08-26,2021-08-30,2021-08-30,2021-09-01,6,2
5035024,2021-08-24,2021-08-26,2021-08-30,2021-08-30,2021-09-01,6,2
5027264,2021-08-24,2021-08-26,2021-08-30,2021-08-30,2021-09-01,6,2
5023516,2021-08-24,2021-08-26,2021-08-30,2021-08-30,2021-09-01,6,2
5024060,2021-08-24,2021-08-26,2021-08-30,2021-08-30,2021-09-01,6,2
5025189,2021-08-24,2021-08-26,2021-08-30,2021-08-30,2021-09-01,6,2
5024086,2021-08-24,2021-08-26,2021-08-30,2021-08-30,2021-09-01,6,2
5022858,2021-08-24,2021-08-27,2021-08-30,2021-08-30,2021-09-01,6,2
5028912,2021-08-24,2021-08-27,2021-08-30,2021-08-30,2021-09-01,6,2
5033160,2021-08-24,2021-08-27,2021-08-30,2021-08-30,2021-09-01,6,2
5035375,2021-08-24,2021-08-27,2021-08-30,2021-08-30,2021-09-01,6,2
5027412,2021-08-24,2021-08-27,2021-08-30,2021-08-30,2021-09-01,6,2
5033546,2021-08-24,2021-08-27,2021-09-01,2021-09-02,2021-09-06,8,5
5033495,2021-08-24,2021-08-27,2021-08-30,2021-08-30,2021-09-01,6,2
5025283,2021-08-24,2021-08-27,2021-08-30,2021-08-30,2021-09-01,6,2
5028690,2021-08-24,2021-08-27,2021-08-30,2021-08-30,2021-09-01,6,2
5037604,2021-08-24,2021-08-27,2021-08-30,2021-08-31,2021-09-02,6,3
5027140,2021-08-24,2021-08-27,2021-08-30,2021-08-30,2021-09-01,6,2
5022315,2021-08-24,2021-08-27,2021-08-30,2021-08-30,2021-09-01,6,2
5024304,2021-08-24,2021-08-27,2021-08-30,2021-08-30,2021-09-01,6,2
5032196,2021-08-24,2021-08-27,2021-08-30,2021-08-31,2021-09-02,6,3
5021519,2021-08-24,2021-08-27,2021-08-30,2021-08-30,2021-09-01,6,2
5030857,2021-08-24,2021-08-27,2021-08-30,2021-08-31,2021-09-02,6,3
5027530,2021-08-24,2021-08-27,2021-08-30,2021-08-31,2021-09-02,6,3
5023012,2021-08-24,2021-08-27,2021-08-30,2021-08-31,2021-09-02,6,3
5031366,2021-08-24,2021-08-27,2021-08-31,2021-09-01,2021-09-03,7,3
5029339,2021-08-24,2021-08-27,2021-08-30,2021-08-30,2021-09-01,6,2
5036455,2021-08-24,2021-08-27,2021-09-06,2021-09-06,2021-09-08,13,2
5037328,2021-08-24,2021-08-27,2021-08-30,2021-08-30,2021-09-01,6,2
5025647,2021-08-24,2021-08-27,2021-08-30,2021-09-01,2021-09-03,6,4
5027302,2021-08-24,2021-08-27,2021-08-30,2021-09-01,2021-09-03,6,4
5033672,2021-08-24,2021-08-27,2021-08-30,2021-08-30,2021-09-01,6,2
5023020,2021-08-24,2021-08-27,2021-08-30,2021-08-31,2021-09-02,6,3
5029950,2021-08-24,2021-08-27,2021-08-30,2021-08-31,2021-09-02,6,3
5031372,2021-08-24,2021-08-30,2021-08-30,2021-08-31,2021-09-02,6,3
5031427,2021-08-24,2021-08-30,2021-08-30,2021-09-01,2021-09-03,6,4
5026389,2021-08-24,2021-08-30,2021-09-01,2021-09-03,2021-09-06,8,5
5022719,2021-08-24,2021-08-30,2021-08-31,2021-09-01,2021-09-03,7,3
5031414,2021-08-24,2021-08-30,2021-08-31,2021-09-01,2021-09-03,7,3
5029308,2021-08-24,2021-08-30,2021-08-31,2021-09-03,2021-09-06,7,6
5023717,2021-08-24,2021-08-30,2021-08-30,2021-08-31,2021-09-02,6,3
5034363,2021-08-24,2021-08-30,2021-08-31,2021-09-01,2021-09-03,7,3
5032154,2021-08-24,2021-08-30,2021-08-31,2021-09-02,2021-09-06,7,6
5032922,2021-08-24,2021-08-30,2021-08-30,2021-08-31,2021-09-02,6,3
5029259,2021-08-24,2021-08-30,2021-08-31,2021-09-01,2021-09-03,7,3
5029932,2021-08-24,2021-08-30,2021-09-01,2021-09-02,2021-09-06,8,5
5029019,2021-08-24,2021-08-30,2021-08-31,2021-09-01,2021-09-03,7,3
5027265,2021-08-24,2021-08-30,2021-09-01,2021-09-02,2021-09-06,8,5
5021758,2021-08-24,2021-08-30,2021-08-30,2021-08-31,2021-09-02,6,3
5036838,2021-08-24,2021-08-30,2021-08-30,2021-08-31,2021-09-02,6,3
5034654,2021-08-24,2021-08-30,2021-08-30,2021-08-31,2021-09-02,6,3
5034394,2021-08-24,2021-08-30,2021-08-30,2021-09-01,2021-09-03,6,4
5037636,2021-08-24,2021-08-30,2021-09-01,2021-09-02,2021-09-06,8,5
5031903,2021-08-24,2021-08-30,2021-08-31,2021-09-01,2021-09-03,7,3
5024340,2021-08-24,2021-08-30,2021-09-01,2021-09-06,2021-09-08,8,7
5032366,2021-08-24,2021-08-30,2021-08-31,2021-09-01,2021-09-03,7,3
5034002,2021-08-24,2021-08-30,2021-09-06,2021-09-06,2021-09-08,13,2
5024323,2021-08-24,2021-08-30,2021-08-30,2021-08-31,2021-09-02,6,3
5032599,2021-08-24,2021-08-30,2021-09-01,2021-09-02,2021-09-06,8,5
5025250,2021-08-24,2021-08-30,2021-08-31,2021-09-01,2021-09-03,7,3
5035265,2021-08-24,2021-08-30,2021-08-31,2021-09-01,2021-09-03,7,3
5024557,2021-08-24,2021-08-30,2021-08-30,2021-09-01,2021-09-03,6,4
5037358,2021-08-24,2021-08-30,2021-09-02,2021-09-03,2021-09-06,9,4
5025325,2021-08-24,2021-08-30,2021-09-01,2021-09-06,2021-09-08,8,7
5032654,2021-08-24,2021-08-30,2021-09-01,2021-09-02,2021-09-06,8,5
5036805,2021-08-24,2021-08-30,2021-08-30,2021-09-01,2021-09-03,6,4
5021673,2021-08-24,2021-08-30,2021-08-31,2021-09-01,2021-09-03,7,3
5024540,2021-08-24,2021-08-30,2021-09-01,2021-09-02,2021-09-06,8,5
5032365,2021-08-24,2021-08-30,2021-09-03,2021-09-06,2021-09-08,10,5
5033965,2021-08-24,2021-08-30,2021-08-30,2021-09-01,2021-09-03,6,4
5033635,2021-08-24,2021-08-30,2021-09-03,2021-09-06,2021-09-08,10,5
5021955,2021-08-24,2021-08-31,2021-09-02,2021-09-03,2021-09-06,9,4
5023370,2021-08-24,2021-08-31,2021-09-02,2021-09-03,2021-09-06,9,4
5022379,2021-08-24,2021-08-31,2021-09-02,2021-09-03,2021-09-06,9,4
5021468,2021-08-24,2021-08-31,2021-09-06,2021-09-06,2021-09-08,13,2
5025198,2021-08-24,2021-09-01,2021-09-03,2021-09-06,2021-09-08,10,5
5022596,2021-08-24,2021-09-01,2021-09-06,2021-09-07,2021-09-09,13,3
5024922,2021-08-24,2021-09-01,2021-09-06,2021-09-07,2021-09-09,13,3
5027345,2021-08-24,2021-09-02,2021-09-06,2021-09-07,2021-09-09,13,3
5023489,2021-08-24,2021-09-02,2021-09-06,2021-09-06,2021-09-08,13,2
5021496,2021-08-25,2021-08-27,2021-08-30,2021-08-30,2021-09-01,5,2
5031431,2021-08-25,2021-08-27,2021-08-30,2021-08-30,2021-09-01,5,2
5032742,2021-08-25,2021-08-27,2021-08-30,2021-08-30,2021-09-01,5,2
5024652,2021-08-25,2021-08-27,2021-08-30,2021-08-30,2021-09-01,5,2
5025931,2021-08-25,2021-08-27,2021-08-30,2021-08-30,2021-09-01,5,2
5032055,2021-08-25,2021-08-27,2021-08-30,2021-08-30,2021-09-01,5,2
5028485,2021-08-25,2021-08-27,2021-08-30,2021-08-30,2021-09-01,5,2
5024179,2021-08-25,2021-08-27,2021-08-30,2021-08-30,2021-09-01,5,2
5032163,2021-08-25,2021-08-27,2021-08-30,2021-08-30,2021-09-01,5,2
5027816,2021-08-25,2021-08-27,2021-08-30,2021-08-30,2021-09-01,5,2
5025199,2021-08-25,2021-08-27,2021-08-30,2021-08-31,2021-09-02,5,3
5024640,2021-08-25,2021-08-27,2021-08-30,2021-08-31,2021-09-02,5,3
5027328,2021-08-25,2021-08-27,2021-08-30,2021-08-31,2021-09-02,5,3
5021881,2021-08-25,2021-08-27,2021-08-30,2021-08-30,2021-09-01,5,2
5034602,2021-08-25,2021-08-27,2021-08-30,2021-08-31,2021-09-02,5,3
5023259,2021-08-25,2021-08-27,2021-08-31,2021-09-01,2021-09-03,6,3
5024766,2021-08-25,2021-08-27,2021-09-01,2021-09-03,2021-09-06,7,5
5032683,2021-08-25,2021-08-27,2021-08-30,2021-08-30,2021-09-01,5,2
5029875,2021-08-25,2021-08-27,2021-08-30,2021-08-30,2021-09-01,5,2
5032751,2021-08-25,2021-08-27,2021-08-31,2021-09-02,2021-09-06,6,6
5032748,2021-08-25,2021-08-27,2021-08-30,2021-08-31,2021-09-02,5,3
5026450,2021-08-25,2021-08-27,2021-08-30,2021-08-30,2021-09-01,5,2
5033599,2021-08-25,2021-08-27,2021-08-30,2021-08-30,2021-09-01,5,2
5022234,2021-08-25,2021-08-27,2021-08-30,2021-08-30,2021-09-01,5,2
5026187,2021-08-25,2021-08-27,2021-08-30,2021-08-30,2021-09-01,5,2
5027623,2021-08-25,2021-08-27,2021-09-02,2021-09-03,2021-09-06,8,4
5035692,2021-08-25,2021-08-27,2021-08-31,2021-09-02,2021-09-06,6,6
5035868,2021-08-25,2021-08-27,2021-08-30,2021-08-31,2021-09-02,5,3
5034413,2021-08-25,2021-08-27,2021-08-31,2021-09-01,2021-09-03,6,3
5022323,2021-08-25,2021-08-27,2021-08-31,2021-09-01,2021-09-03,6,3
5026454,2021-08-25,2021-08-27,2021-08-31,2021-09-01,2021-09-03,6,3
5030203,2021-08-25,2021-08-27,2021-08-30,2021-08-30,2021-09-01,5,2
5024095,2021-08-25,2021-08-30,2021-09-01,2021-09-02,2021-09-06,7,5
5036623,2021-08-25,2021-08-30,2021-09-01,2021-09-02,2021-09-06,7,5
5037620,2021-08-25,2021-08-30,2021-09-06,2021-09-06,2021-09-08,12,2
5034101,2021-08-25,2021-08-30,2021-09-02,2021-09-06,2021-09-08,8,6
5022548,2021-08-25,2021-08-30,2021-08-31,2021-09-01,2021-09-03,6,3
5034199,2021-08-25,2021-08-30,2021-09-02,2021-09-03,2021-09-06,8,4
5022565,2021-08-25,2021-08-30,2021-09-01,2021-09-02,2021-09-06,7,5
5036008,2021-08-25,2021-08-30,2021-09-01,2021-09-03,2021-09-06,7,5
5032661,2021-08-25,2021-08-30,2021-09-01,2021-09-02,2021-09-06,7,5
5023211,2021-08-25,2021-08-30,2021-09-01,2021-09-02,2021-09-06,7,5
5037456,2021-08-25,2021-08-30,2021-08-31,2021-09-01,2021-09-03,6,3
5021950,2021-08-25,2021-08-30,2021-08-30,2021-09-01,2021-09-03,5,4
5033151,2021-08-25,2021-08-30,2021-08-30,2021-08-31,2021-09-02,5,3
5029697,2021-08-25,2021-08-30,2021-09-02,2021-09-06,2021-09-08,8,6
5028103,2021-08-25,2021-08-30,2021-08-31,2021-09-01,2021-09-03,6,3
5035439,2021-08-25,2021-08-30,2021-08-31,2021-09-01,2021-09-03,6,3
5032480,2021-08-25,2021-08-30,2021-08-31,2021-09-02,2021-09-06,6,6
5031911,2021-08-25,2021-08-30,2021-08-31,2021-09-01,2021-09-03,6,3
5035954,2021-08-25,2021-08-30,2021-08-31,2021-09-02,2021-09-06,6,6
5028207,2021-08-25,2021-08-30,2021-09-06,2021-09-06,2021-09-08,12,2
5023637,2021-08-25,2021-08-30,2021-09-06,2021-09-06,2021-09-08,12,2
5026196,2021-08-25,2021-08-30,2021-08-31,2021-09-01,2021-09-03,6,3
5028886,2021-08-25,2021-08-30,2021-09-01,2021-09-02,2021-09-06,7,5
5036132,2021-08-25,2021-08-30,2021-09-01,2021-09-02,2021-09-06,7,5
5021480,2021-08-25,2021-08-30,2021-08-31,2021-09-02,2021-09-06,6,6
5034026,2021-08-25,2021-08-30,2021-09-02,2021-09-03,2021-09-06,8,4
5024161,2021-08-25,2021-08-30,2021-08-30,2021-08-31,2021-09-02,5,3
5032451,2021-08-25,2021-08-30,2021-09-01,2021-09-02,2021-09-06,7,5
5029440,2021-08-25,2021-08-30,2021-09-01,2021-09-06,2021-09-08,7,7
5031756,2021-08-25,2021-08-30,2021-08-30,2021-08-31,2021-09-02,5,3
5030901,2021-08-25,2021-08-30,2021-09-03,2021-09-06,2021-09-08,9,5
5031465,2021-08-25,2021-08-30,2021-08-30,2021-09-01,2021-09-03,5,4
5025594,2021-08-25,2021-08-30,2021-09-03,2021-09-06,2021-09-08,9,5
5025388,2021-08-25,2021-08-30,2021-09-01,2021-09-02,2021-09-06,7,5
5027540,2021-08-25,2021-08-30,2021-09-02,2021-09-03,2021-09-06,8,4
5029420,2021-08-25,2021-08-30,2021-08-31,2021-09-01,2021-09-03,6,3
5027151,2021-08-25,2021-08-30,2021-08-30,2021-08-31,2021-09-02,5,3
5029696,2021-08-25,2021-08-30,2021-09-02,2021-09-03,2021-09-06,8,4
5024808,2021-08-25,2021-08-30,2021-09-01,2021-09-02,2021-09-06,7,5
5032744,2021-08-25,2021-08-30,2021-08-31,2021-09-01,2021-09-03,6,3
5025389,2021-08-25,2021-08-30,2021-08-31,2021-09-01,2021-09-03,6,3
5022687,2021-08-25,2021-08-30,2021-09-01,2021-09-03,2021-09-06,7,5
5026335,2021-08-25,2021-08-30,2021-08-31,2021-09-01,2021-09-03,6,3
5029912,2021-08-25,2021-08-30,2021-09-01,2021-09-06,2021-09-08,7,7
5037237,2021-08-25,2021-08-30,2021-08-31,2021-09-01,2021-09-03,6,3
5035283,2021-08-25,2021-08-30,2021-09-01,2021-09-02,2021-09-06,7,5
5022879,2021-08-25,2021-08-30,2021-09-01,2021-09-03,2021-09-06,7,5
5023157,2021-08-25,2021-08-30,2021-08-30,2021-08-31,2021-09-02,5,3
5026333,2021-08-25,2021-08-30,2021-09-01,2021-09-03,2021-09-06,7,5
5023261,2021-08-25,2021-08-30,2021-09-03,2021-09-06,2021-09-08,9,5
5035662,2021-08-25,2021-08-30,2021-09-03,2021-09-06,2021-09-08,9,5
5035384,2021-08-25,2021-08-30,2021-09-01,2021-09-02,2021-09-06,7,5
5035162,2021-08-25,2021-08-30,2021-08-30,2021-08-31,2021-09-02,5,3
5030006,2021-08-25,2021-08-30,2021-08-31,2021-09-02,2021-09-06,6,6
5032390,2021-08-25,2021-08-30,2021-08-30,2021-08-31,2021-09-02,5,3
5035466,2021-08-25,2021-08-30,2021-08-31,2021-09-01,2021-09-03,6,3
5029385,2021-08-25,2021-08-30,2021-09-01,2021-09-02,2021-09-06,7,5
5025686,2021-08-25,2021-08-30,2021-08-31,2021-09-02,2021-09-06,6,6
5026345,2021-08-25,2021-08-30,2021-09-03,2021-09-06,2021-09-08,9,5
5031853,2021-08-25,2021-08-30,2021-09-06,2021-09-06,2021-09-08,12,2
5028532,2021-08-25,2021-08-30,2021-08-30,2021-09-01,2021-09-03,5,4
5021713,2021-08-25,2021-08-30,2021-09-01,2021-09-02,2021-09-06,7,5
5025756,2021-08-25,2021-08-31,2021-09-03,2021-09-06,2021-09-08,9,5
5030945,2021-08-25,2021-08-31,2021-09-02,2021-09-03,2021-09-06,8,4
5022682,2021-08-25,2021-08-31,2021-09-02,2021-09-03,2021-09-06,8,4
5023782,2021-08-25,2021-08-31,2021-09-02,2021-09-06,2021-09-08,8,6
5029472,2021-08-25,2021-08-31,2021-09-02,2021-09-03,2021-09-06,8,4
5021484,2021-08-25,2021-08-31,2021-09-02,2021-09-03,2021-09-06,8,4
5026699,2021-08-25,2021-08-31,2021-09-02,2021-09-06,2021-09-08,8,6
5029149,2021-08-25,2021-08-31,2021-09-02,2021-09-03,2021-09-06,8,4
5030082,2021-08-25,2021-08-31,2021-09-02,2021-09-06,2021-09-08,8,6
5034037,2021-08-25,2021-08-31,2021-09-06,2021-09-06,2021-09-08,12,2
5036614,2021-08-25,2021-08-31,2021-09-02,2021-09-06,2021-09-08,8,6
5024597,2021-08-25,2021-08-31,2021-09-06,2021-09-06,2021-09-08,12,2
5037384,2021-08-25,2021-08-31,2021-09-06,2021-09-06,2021-09-08,12,2
5028382,2021-08-25,2021-08-31,2021-09-02,2021-09-03,2021-09-06,8,4
5035130,2021-08-25,2021-09-01,2021-09-06,2021-09-06,2021-09-08,12,2
5033197,2021-08-25,2021-09-01,2021-09-06,2021-09-06,2021-09-08,12,2
5024413,2021-08-25,2021-09-01,2021-09-03,2021-09-06,2021-09-08,9,5
5033850,2021-08-25,2021-09-01,2021-09-03,2021-09-06,2021-09-08,9,5
5023525,2021-08-25,2021-09-02,2021-09-06,2021-09-06,2021-09-08,12,2
5036908,2021-08-25,2021-09-03,2021-09-06,2021-09-06,2021-09-08,12,2
5029025,2021-08-25,2021-09-03,2021-09-06,2021-09-08,2021-09-10,12,4
5026519,2021-08-26,2021-08-30,2021-08-30,2021-08-31,2021-09-02,4,3
5034589,2021-08-26,2021-08-30,2021-08-30,2021-08-31,2021-09-02,4,3
5037410,2021-08-26,2021-08-30,2021-08-30,2021-08-31,2021-09-02,4,3
5035275,2021-08-26,2021-08-30,2021-08-30,2021-08-31,2021-09-02,4,3
5035225,2021-08-26,2021-08-30,2021-08-30,2021-08-31,2021-09-02,4,3
5034183,2021-08-26,2021-08-30,2021-08-30,2021-08-31,2021-09-02,4,3
5037623,2021-08-26,2021-08-30,2021-08-30,2021-08-31,2021-09-02,4,3
5023681,2021-08-26,2021-08-30,2021-08-30,2021-08-31,2021-09-02,4,3
5023551,2021-08-26,2021-08-30,2021-08-30,2021-09-02,2021-09-06,4,7
5022003,2021-08-26,2021-08-30,2021-08-30,2021-08-31,2021-09-02,4,3
5021763,2021-08-26,2021-08-30,2021-08-30,2021-09-01,2021-09-03,4,4
5036866,2021-08-26,2021-08-30,2021-08-31,2021-09-03,2021-09-06,5,6
5029960,2021-08-26,2021-08-30,2021-08-31,2021-09-01,2021-09-03,5,3
5034867,2021-08-26,2021-08-30,2021-09-02,2021-09-03,2021-09-06,7,4
5025921,2021-08-26,2021-08-30,2021-09-01,2021-09-02,2021-09-06,6,5
5032831,2021-08-26,2021-08-30,2021-09-02,2021-09-06,2021-09-08,7,6
5027346,2021-08-26,2021-08-30,2021-09-03,2021-09-06,2021-09-08,8,5
5032404,2021-08-26,2021-08-30,2021-09-02,2021-09-03,2021-09-06,7,4
5035781,2021-08-26,2021-08-30,2021-09-02,2021-09-06,2021-09-08,7,6
5034614,2021-08-26,2021-08-30,2021-08-30,2021-09-01,2021-09-03,4,4
5026192,2021-08-26,2021-08-30,2021-09-01,2021-09-02,2021-09-06,6,5
5026346,2021-08-26,2021-08-30,2021-09-01,2021-09-02,2021-09-06,6,5
5028943,2021-08-26,2021-08-30,2021-08-31,2021-09-01,2021-09-03,5,3
5028608,2021-08-26,2021-08-30,2021-09-01,2021-09-03,2021-09-06,6,5
5022733,2021-08-26,2021-08-30,2021-09-01,2021-09-06,2021-09-08,6,7
5037447,2021-08-26,2021-08-30,2021-09-01,2021-09-02,2021-09-06,6,5
5028551,2021-08-26,2021-08-30,2021-09-01,2021-09-02,2021-09-06,6,5
5035474,2021-08-26,2021-08-30,2021-08-31,2021-09-01,2021-09-03,5,3
5034442,2021-08-26,2021-08-30,2021-09-01,2021-09-03,2021-09-06,6,5
5031479,2021-08-26,2021-08-30,2021-08-30,2021-08-31,2021-09-02,4,3
5027587,2021-08-26,2021-08-30,2021-09-03,2021-09-06,2021-09-08,8,5
5037629,2021-08-26,2021-08-30,2021-09-01,2021-09-02,2021-09-06,6,5
5023526,2021-08-26,2021-08-30,2021-08-30,2021-08-31,2021-09-02,4,3
5029887,2021-08-26,2021-08-30,2021-09-03,2021-09-06,2021-09-08,8,5
5024369,2021-08-26,2021-08-30,2021-09-03,2021-09-06,2021-09-08,8,5
5024114,2021-08-26,2021-08-30,2021-08-30,2021-08-31,2021-09-02,4,3
5034946,2021-08-26,2021-08-30,2021-09-06,2021-09-06,2021-09-08,11,2
5024537,2021-08-26,2021-08-30,2021-09-01,2021-09-03,2021-09-06,6,5
5026328,2021-08-26,2021-08-30,2021-08-31,2021-09-03,2021-09-06,5,6
5027294,2021-08-26,2021-08-30,2021-09-01,2021-09-02,2021-09-06,6,5
5035210,2021-08-26,2021-08-30,2021-08-30,2021-08-31,2021-09-02,4,3
5029915,2021-08-26,2021-08-30,2021-09-03,2021-09-06,2021-09-08,8,5
5033165,2021-08-26,2021-08-30,2021-08-31,2021-09-01,2021-09-03,5,3
5035711,2021-08-26,2021-08-30,2021-08-30,2021-08-31,2021-09-02,4,3
5027517,2021-08-26,2021-08-30,2021-09-01,2021-09-06,2021-09-08,6,7
5029042,2021-08-26,2021-08-30,2021-08-31,2021-09-01,2021-09-03,5,3
5028446,2021-08-26,2021-08-30,2021-09-01,2021-09-02,2021-09-06,6,5
5030079,2021-08-26,2021-08-30,2021-08-31,2021-09-01,2021-09-03,5,3
5033967,2021-08-26,2021-08-30,2021-09-03,2021-09-06,2021-09-08,8,5
5026909,2021-08-26,2021-08-30,2021-08-31,2021-09-01,2021-09-03,5,3
5024248,2021-08-26,2021-08-30,2021-08-31,2021-09-01,2021-09-03,5,3
5030310,2021-08-26,2021-08-30,2021-08-31,2021-09-01,2021-09-03,5,3
5035502,2021-08-26,2021-08-30,2021-08-31,2021-09-03,2021-09-06,5,6
5024917,2021-08-26,2021-08-30,2021-09-02,2021-09-03,2021-09-06,7,4
5024023,2021-08-26,2021-08-30,2021-09-01,2021-09-03,2021-09-06,6,5
5021970,2021-08-26,2021-08-30,2021-09-01,2021-09-03,2021-09-06,6,5
5026717,2021-08-26,2021-08-30,2021-09-01,2021-09-06,2021-09-08,6,7
5035446,2021-08-26,2021-08-30,2021-09-03,2021-09-06,2021-09-08,8,5
5031502,2021-08-26,2021-08-30,2021-09-01,2021-09-02,2021-09-06,6,5
5023998,2021-08-26,2021-08-30,2021-08-30,2021-08-31,2021-09-02,4,3
5028104,2021-08-26,2021-08-30,2021-09-01,2021-09-02,2021-09-06,6,5
5025317,2021-08-26,2021-08-30,2021-09-01,2021-09-02,2021-09-06,6,5
5035464,2021-08-26,2021-08-30,2021-08-31,2021-09-01,2021-09-03,5,3
5036748,2021-08-26,2021-08-30,2021-09-01,2021-09-02,2021-09-06,6,5
5029293,2021-08-26,2021-08-30,2021-09-06,2021-09-06,2021-09-08,11,2
5026223,2021-08-26,2021-08-30,2021-08-31,2021-09-01,2021-09-03,5,3
5023787,2021-08-26,2021-08-30,2021-09-03,2021-09-06,2021-09-08,8,5
5024882,2021-08-26,2021-08-30,2021-08-30,2021-08-31,2021-09-02,4,3
5031826,2021-08-26,2021-08-30,2021-09-03,2021-09-06,2021-09-08,8,5
5037052,2021-08-26,2021-08-30,2021-09-01,2021-09-03,2021-09-06,6,5
5034700,2021-08-26,2021-08-30,2021-08-31,2021-09-01,2021-09-03,5,3
5024929,2021-08-26,2021-08-30,2021-09-01,2021-09-03,2021-09-06,6,5
5022694,2021-08-26,2021-08-30,2021-09-02,2021-09-06,2021-09-08,7,6
5029051,2021-08-26,2021-08-30,2021-09-06,2021-09-08,2021-09-10,11,4
5022391,2021-08-26,2021-08-30,2021-09-06,2021-09-06,2021-09-08,11,2
5035328,2021-08-26,2021-08-30,2021-09-01,2021-09-02,2021-09-06,6,5
5033360,2021-08-26,2021-08-30,2021-08-31,2021-09-01,2021-09-03,5,3
5022566,2021-08-26,2021-08-30,2021-09-01,2021-09-02,2021-09-06,6,5
5028786,2021-08-26,2021-08-30,2021-08-30,2021-09-01,2021-09-03,4,4
5027704,2021-08-26,2021-08-30,2021-09-01,2021-09-03,2021-09-06,6,5
5032826,2021-08-26,2021-08-30,2021-09-06,2021-09-06,2021-09-08,11,2
5035817,2021-08-26,2021-08-30,2021-09-02,2021-09-06,2021-09-08,7,6
5021664,2021-08-26,2021-08-30,2021-08-30,2021-08-31,2021-09-02,4,3
5023491,2021-08-26,2021-08-30,2021-08-30,2021-09-02,2021-09-06,4,7
5026235,2021-08-26,2021-08-30,2021-08-31,2021-09-01,2021-09-03,5,3
5025930,2021-08-26,2021-08-30,2021-08-30,2021-09-02,2021-09-06,4,7
5035473,2021-08-26,2021-08-30,2021-08-31,2021-09-02,2021-09-06,5,6
5031010,2021-08-26,2021-08-30,2021-09-01,2021-09-06,2021-09-08,6,7
5029493,2021-08-26,2021-08-31,2021-09-02,2021-09-06,2021-09-08,7,6
5031624,2021-08-26,2021-08-31,2021-09-02,2021-09-03,2021-09-06,7,4
5030220,2021-08-26,2021-08-31,2021-09-02,2021-09-03,2021-09-06,7,4
5021957,2021-08-26,2021-08-31,2021-09-02,2021-09-03,2021-09-06,7,4
5024123,2021-08-26,2021-08-31,2021-09-02,2021-09-03,2021-09-06,7,4
5037590,2021-08-26,2021-08-31,2021-09-02,2021-09-03,2021-09-06,7,4
5029069,2021-08-26,2021-08-31,2021-09-02,2021-09-03,2021-09-06,7,4
5025209,2021-08-26,2021-08-31,2021-09-02,2021-09-03,2021-09-06,7,4
5035163,2021-08-26,2021-08-31,2021-09-06,2021-09-06,2021-09-08,11,2
5035142,2021-08-26,2021-08-31,2021-09-06,2021-09-06,2021-09-08,11,2
5033409,2021-08-26,2021-08-31,2021-09-06,2021-09-06,2021-09-08,11,2
5032708,2021-08-26,2021-08-31,2021-09-02,2021-09-06,2021-09-08,7,6
5029825,2021-08-26,2021-08-31,2021-09-06,2021-09-06,2021-09-08,11,2
5034259,2021-08-26,2021-08-31,2021-09-02,2021-09-06,2021-09-08,7,6
5028026,2021-08-26,2021-08-31,2021-09-02,2021-09-06,2021-09-08,7,6
5024930,2021-08-26,2021-08-31,2021-09-06,2021-09-06,2021-09-08,11,2
5035359,2021-08-26,2021-09-01,2021-09-03,2021-09-06,2021-09-08,8,5
5021772,2021-08-26,2021-09-01,2021-09-06,2021-09-06,2021-09-08,11,2
5028830,2021-08-26,2021-09-01,2021-09-03,2021-09-06,2021-09-08,8,5
5027467,2021-08-26,2021-09-01,2021-09-06,2021-09-06,2021-09-08,11,2
5021405,2021-08-26,2021-09-01,2021-09-06,2021-09-06,2021-09-08,11,2
5027760,2021-08-26,2021-09-01,2021-09-03,2021-09-06,2021-09-08,8,5
5030255,2021-08-26,2021-09-01,2021-09-06,2021-09-06,2021-09-08,11,2
5021939,2021-08-26,2021-09-01,2021-09-06,2021-09-06,2021-09-08,11,2
5026048,2021-08-26,2021-09-01,2021-09-03,2021-09-07,2021-09-09,8,6
5026360,2021-08-26,2021-09-01,2021-09-03,2021-09-06,2021-09-08,8,5
5029517,2021-08-26,2021-09-01,2021-09-06,2021-09-06,2021-09-08,11,2
5024423,2021-08-26,2021-09-02,2021-09-06,2021-09-08,2021-09-10,11,4
5023474,2021-08-26,2021-09-02,2021-09-06,2021-09-06,2021-09-08,11,2
5033634,2021-08-26,2021-09-02,2021-09-06,2021-09-06,2021-09-08,11,2
5024185,2021-08-26,2021-09-02,2021-09-06,2021-09-06,2021-09-08,11,2
5033195,2021-08-26,2021-09-02,2021-09-06,2021-09-06,2021-09-08,11,2
5031704,2021-08-26,2021-09-03,2021-09-06,2021-09-06,2021-09-08,11,2
5036079,2021-08-26,2021-09-03,2021-09-06,2021-09-06,2021-09-08,11,2
5029480,2021-08-27,2021-08-30,2021-08-31,2021-09-01,2021-09-03,4,3
5028197,2021-08-27,2021-08-30,2021-08-31,2021-09-01,2021-09-03,4,3
5021815,2021-08-27,2021-08-30,2021-08-31,2021-09-01,2021-09-03,4,3
5022703,2021-08-27,2021-08-30,2021-08-31,2021-09-01,2021-09-03,4,3
5022914,2021-08-27,2021-08-30,2021-08-31,2021-09-01,2021-09-03,4,3
5033855,2021-08-27,2021-08-30,2021-08-31,2021-09-01,2021-09-03,4,3
5029317,2021-08-27,2021-08-30,2021-08-31,2021-09-01,2021-09-03,4,3
5030091,2021-08-27,2021-08-30,2021-08-31,2021-09-01,2021-09-03,4,3
5027635,2021-08-27,2021-08-30,2021-08-31,2021-09-01,2021-09-03,4,3
5022711,2021-08-27,2021-08-30,2021-08-31,2021-09-01,2021-09-03,4,3
5029540,2021-08-27,2021-08-30,2021-08-31,2021-09-03,2021-09-06,4,6
5022907,2021-08-27,2021-08-30,2021-08-31,2021-09-01,2021-09-03,4,3
5032590,2021-08-27,2021-08-30,2021-08-31,2021-09-01,2021-09-03,4,3
5032381,2021-08-27,2021-08-30,2021-08-31,2021-09-02,2021-09-06,4,6
5036122,2021-08-27,2021-08-30,2021-09-03,2021-09-06,2021-09-08,7,5
5025302,2021-08-27,2021-08-30,2021-09-06,2021-09-06,2021-09-08,10,2
5024104,2021-08-27,2021-08-30,2021-09-03,2021-09-06,2021-09-08,7,5
5022919,2021-08-27,2021-08-30,2021-09-01,2021-09-02,2021-09-06,5,5
5031969,2021-08-27,2021-08-30,2021-09-01,2021-09-02,2021-09-06,5,5
5027672,2021-08-27,2021-08-30,2021-08-31,2021-09-01,2021-09-03,4,3
5023835,2021-08-27,2021-08-30,2021-09-01,2021-09-02,2021-09-06,5,5
5035192,2021-08-27,2021-08-30,2021-09-03,2021-09-06,2021-09-08,7,5
5029977,2021-08-27,2021-08-30,2021-09-02,2021-09-03,2021-09-06,6,4
5034784,2021-08-27,2021-08-30,2021-08-31,2021-09-02,2021-09-06,4,6
5032322,2021-08-27,2021-08-30,2021-09-01,2021-09-02,2021-09-06,5,5
5036157,2021-08-27,2021-08-30,2021-09-02,2021-09-03,2021-09-06,6,4
5026873,2021-08-27,2021-08-30,2021-09-01,2021-09-02,2021-09-06,5,5
5032121,2021-08-27,2021-08-30,2021-08-31,2021-09-03,2021-09-06,4,6
5028916,2021-08-27,2021-08-30,2021-09-01,2021-09-02,2021-09-06,5,5
5027115,2021-08-27,2021-08-30,2021-09-02,2021-09-03,2021-09-06,6,4
5036741,2021-08-27,2021-08-30,2021-09-01,2021-09-02,2021-09-06,5,5
5024073,2021-08-27,2021-08-30,2021-09-01,2021-09-02,2021-09-06,5,5
5035772,2021-08-27,2021-08-30,2021-09-02,2021-09-03,2021-09-06,6,4
5029110,2021-08-27,2021-08-30,2021-09-01,2021-09-03,2021-09-06,5,5
5033980,2021-08-27,2021-08-30,2021-09-01,2021-09-02,2021-09-06,5,5
5032424,2021-08-27,2021-08-30,2021-09-06,2021-09-06,2021-09-08,10,2
5026439,2021-08-27,2021-08-30,2021-08-31,2021-09-01,2021-09-03,4,3
5029406,2021-08-27,2021-08-30,2021-08-31,2021-09-02,2021-09-06,4,6
5026739,2021-08-27,2021-08-30,2021-09-01,2021-09-06,2021-09-08,5,7
5035718,2021-08-27,2021-08-30,2021-08-31,2021-09-01,2021-09-03,4,3
5028033,2021-08-27,2021-08-30,2021-09-02,2021-09-03,2021-09-06,6,4
5028967,2021-08-27,2021-08-30,2021-09-03,2021-09-07,2021-09-09,7,6
5029326,2021-08-27,2021-08-30,2021-09-02,2021-09-03,2021-09-06,6,4
5033198,2021-08-27,2021-08-30,2021-09-03,2021-09-06,2021-09-08,7,5
5024274,2021-08-27,2021-08-30,2021-09-01,2021-09-02,2021-09-06,5,5
5025609,2021-08-27,2021-08-30,2021-08-31,2021-09-01,2021-09-03,4,3
5024683,2021-08-27,2021-08-30,2021-09-02,2021-09-03,2021-09-06,6,4
5028034,2021-08-27,2021-08-30,2021-09-03,2021-09-06,2021-09-08,7,5
5032686,2021-08-27,2021-08-31,2021-09-02,2021-09-03,2021-09-06,6,4
5026400,2021-08-27,2021-08-31,2021-09-02,2021-09-03,2021-09-06,6,4
5029446,2021-08-27,2021-08-31,2021-09-02,2021-09-03,2021-09-06,6,4
5027375,2021-08-27,2021-08-31,2021-09-02,2021-09-03,2021-09-06,6,4
5031661,2021-08-27,2021-08-31,2021-09-02,2021-09-03,2021-09-06,6,4
5031863,2021-08-27,2021-08-31,2021-09-06,2021-09-06,2021-09-08,10,2
5037460,2021-08-27,2021-08-31,2021-09-02,2021-09-03,2021-09-06,6,4
5024898,2021-08-27,2021-08-31,2021-09-02,2021-09-06,2021-09-08,6,6
5026366,2021-08-27,2021-08-31,2021-09-02,2021-09-03,2021-09-06,6,4
5034312,2021-08-27,2021-08-31,2021-09-07,2021-09-08,2021-09-10,11,3
5031591,2021-08-27,2021-08-31,2021-09-02,2021-09-03,2021-09-06,6,4
5032032,2021-08-27,2021-08-31,2021-09-03,2021-09-06,2021-09-08,7,5
5035430,2021-08-27,2021-08-31,2021-09-03,2021-09-06,2021-09-08,7,5
5026741,2021-08-27,2021-08-31,2021-09-06,2021-09-06,2021-09-08,10,2
5035755,2021-08-27,2021-08-31,2021-09-06,2021-09-06,2021-09-08,10,2
5028112,2021-08-27,2021-08-31,2021-09-03,2021-09-06,2021-09-08,7,5
5034625,2021-08-27,2021-08-31,2021-09-07,2021-09-08,2021-09-10,11,3
5022586,2021-08-27,2021-08-31,2021-09-03,2021-09-06,2021-09-08,7,5
5027596,2021-08-27,2021-08-31,2021-09-06,2021-09-07,2021-09-09,10,3
5029362,2021-08-27,2021-08-31,2021-09-02,2021-09-03,2021-09-06,6,4
5033122,2021-08-27,2021-08-31,2021-09-02,2021-09-03,2021-09-06,6,4
5024009,2021-08-27,2021-08-31,2021-09-02,2021-09-03,2021-09-06,6,4
5030032,2021-08-27,2021-09-01,2021-09-03,2021-09-06,2021-09-08,7,5
5029701,2021-08-27,2021-09-01,2021-09-06,2021-09-06,2021-09-08,10,2
5021367,2021-08-27,2021-09-01,2021-09-03,2021-09-06,2021-09-08,7,5
5025328,2021-08-27,2021-09-01,2021-09-06,2021-09-06,2021-09-08,10,2
5035528,2021-08-27,2021-09-01,2021-09-03,2021-09-06,2021-09-08,7,5
5031743,2021-08-27,2021-09-01,2021-09-06,2021-09-07,2021-09-09,10,3
5026682,2021-08-27,2021-09-01,2021-09-03,2021-09-06,2021-09-08,7,5
5027086,2021-08-27,2021-09-01,2021-09-03,2021-09-06,2021-09-08,7,5
5024684,2021-08-27,2021-09-01,2021-09-06,2021-09-07,2021-09-09,10,3
5025092,2021-08-27,2021-09-01,2021-09-06,2021-09-06,2021-09-08,10,2
5021961,2021-08-27,2021-09-01,2021-09-03,2021-09-06,2021-09-08,7,5
5034264,2021-08-27,2021-09-01,2021-09-06,2021-09-06,2021-09-08,10,2
5026268,2021-08-27,2021-09-01,2021-09-06,2021-09-08,2021-09-10,10,4
5036507,2021-08-27,2021-09-01,2021-09-06,2021-09-06,2021-09-08,10,2
5031572,2021-08-27,2021-09-01,2021-09-03,2021-09-06,2021-09-08,7,5
5031484,2021-08-27,2021-09-01,2021-09-03,2021-09-06,2021-09-08,7,5
5035327,2021-08-27,2021-09-01,2021-09-06,2021-09-06,2021-09-08,10,2
5022641,2021-08-27,2021-09-01,2021-09-03,2021-09-06,2021-09-08,7,5
5022568,2021-08-27,2021-09-02,2021-09-06,2021-09-06,2021-09-08,10,2
5024215,2021-08-27,2021-09-02,2021-09-06,2021-09-07,2021-09-09,10,3
5035306,2021-08-27,2021-09-02,2021-09-06,2021-09-06,2021-09-08,10,2
5030832,2021-08-27,2021-09-02,2021-09-06,2021-09-07,2021-09-09,10,3
5027370,2021-08-27,2021-09-02,2021-09-06,2021-09-07,2021-09-09,10,3
5031691,2021-08-27,2021-09-02,2021-09-06,2021-09-06,2021-09-08,10,2
5035479,2021-08-27,2021-09-02,2021-09-07,2021-09-08,2021-09-10,11,3
5024280,2021-08-27,2021-09-03,2021-09-06,2021-09-07,2021-09-09,10,3
5028961,2021-08-27,2021-09-03,2021-09-06,2021-09-06,2021-09-08,10,2
5029134,2021-08-27,2021-09-03,2021-09-07,2021-09-08,2021-09-10,11,3
5024382,2021-08-27,2021-09-06,2021-09-06,2021-09-07,2021-09-09,10,3
5026338,2021-08-27,2021-09-06,2021-09-06,2021-09-07,2021-09-09,10,3
5025691,2021-08-27,2021-09-06,2021-09-07,2021-09-10,2021-09-13,11,6
5028774,2021-08-27,2021-09-06,2021-09-07,2021-09-08,2021-09-10,11,3
5033645,2021-08-28,2021-08-30,2021-09-01,2021-09-02,2021-09-06,4,5
5032394,2021-08-28,2021-08-30,2021-09-01,2021-09-02,2021-09-06,4,5
5037493,2021-08-28,2021-08-30,2021-09-01,2021-09-02,2021-09-06,4,5
5029751,2021-08-28,2021-08-30,2021-09-01,2021-09-02,2021-09-06,4,5
5036070,2021-08-28,2021-08-30,2021-09-01,2021-09-02,2021-09-06,4,5
5025016,2021-08-28,2021-08-30,2021-09-01,2021-09-02,2021-09-06,4,5
5033950,2021-08-28,2021-08-30,2021-09-01,2021-09-02,2021-09-06,4,5
5022692,2021-08-28,2021-08-30,2021-09-01,2021-09-02,2021-09-06,4,5
5033437,2021-08-28,2021-08-30,2021-09-01,2021-09-02,2021-09-06,4,5
5032830,2021-08-28,2021-08-30,2021-09-01,2021-09-02,2021-09-06,4,5
5036639,2021-08-28,2021-08-30,2021-09-01,2021-09-02,2021-09-06,4,5
5035613,2021-08-28,2021-08-30,2021-09-01,2021-09-03,2021-09-06,4,5
5036919,2021-08-28,2021-08-30,2021-09-01,2021-09-03,2021-09-06,4,5
5021526,2021-08-28,2021-08-30,2021-09-01,2021-09-03,2021-09-06,4,5
5024695,2021-08-28,2021-08-30,2021-09-01,2021-09-02,2021-09-06,4,5
5027624,2021-08-28,2021-08-30,2021-09-01,2021-09-02,2021-09-06,4,5
5024527,2021-08-28,2021-08-30,2021-09-02,2021-09-06,2021-09-08,5,6
5021998,2021-08-28,2021-08-30,2021-09-02,2021-09-03,2021-09-06,5,4
5028801,2021-08-28,2021-08-30,2021-09-06,2021-09-06,2021-09-08,9,2
5032134,2021-08-28,2021-08-30,2021-09-01,2021-09-02,2021-09-06,4,5
5035848,2021-08-28,2021-08-30,2021-09-02,2021-09-06,2021-09-08,5,6
5033382,2021-08-28,2021-08-30,2021-09-06,2021-09-08,2021-09-10,9,4
5021965,2021-08-28,2021-08-30,2021-09-01,2021-09-03,2021-09-06,4,5
5026435,2021-08-28,2021-08-30,2021-09-03,2021-09-06,2021-09-08,6,5
5033124,2021-08-28,2021-08-30,2021-09-02,2021-09-03,2021-09-06,5,4
5031771,2021-08-28,2021-08-30,2021-09-01,2021-09-03,2021-09-06,4,5
5029952,2021-08-28,2021-08-30,2021-09-03,2021-09-06,2021-09-08,6,5
5035298,2021-08-28,2021-08-30,2021-09-01,2021-09-02,2021-09-06,4,5
5026401,2021-08-28,2021-08-30,2021-09-02,2021-09-03,2021-09-06,5,4
5029411,2021-08-28,2021-08-31,2021-09-02,2021-09-03,2021-09-06,5,4
5024232,2021-08-28,2021-08-31,2021-09-06,2021-09-06,2021-09-08,9,2
5032500,2021-08-28,2021-08-31,2021-09-03,2021-09-06,2021-09-08,6,5
5037350,2021-08-28,2021-08-31,2021-09-06,2021-09-06,2021-09-08,9,2
5024719,2021-08-28,2021-08-31,2021-09-02,2021-09-03,2021-09-06,5,4
5024564,2021-08-28,2021-08-31,2021-09-06,2021-09-06,2021-09-08,9,2
5031532,2021-08-28,2021-08-31,2021-09-02,2021-09-06,2021-09-08,5,6
5035603,2021-08-28,2021-08-31,2021-09-02,2021-09-03,2021-09-06,5,4
5023946,2021-08-28,2021-08-31,2021-09-02,2021-09-06,2021-09-08,5,6
5021719,2021-08-28,2021-08-31,2021-09-06,2021-09-06,2021-09-08,9,2
5025432,2021-08-28,2021-08-31,2021-09-06,2021-09-06,2021-09-08,9,2
5031871,2021-08-28,2021-08-31,2021-09-02,2021-09-03,2021-09-06,5,4
5022824,2021-08-28,2021-08-31,2021-09-02,2021-09-03,2021-09-06,5,4
5033862,2021-08-28,2021-08-31,2021-09-02,2021-09-06,2021-09-08,5,6
5025349,2021-08-28,2021-08-31,2021-09-02,2021-09-03,2021-09-06,5,4
5032709,2021-08-28,2021-08-31,2021-09-02,2021-09-03,2021-09-06,5,4
5027836,2021-08-28,2021-08-31,2021-09-02,2021-09-03,2021-09-06,5,4
5022028,2021-08-28,2021-08-31,2021-09-06,2021-09-08,2021-09-10,9,4
5024384,2021-08-28,2021-08-31,2021-09-03,2021-09-06,2021-09-08,6,5
5035286,2021-08-28,2021-08-31,2021-09-03,2021-09-06,2021-09-08,6,5
5033416,2021-08-28,2021-08-31,2021-09-02,2021-09-06,2021-09-08,5,6
5025211,2021-08-28,2021-08-31,2021-09-03,2021-09-06,2021-09-08,6,5
5024354,2021-08-28,2021-08-31,2021-09-06,2021-09-06,2021-09-08,9,2
5024385,2021-08-28,2021-09-01,2021-09-03,2021-09-06,2021-09-08,6,5
5026619,2021-08-28,2021-09-01,2021-09-06,2021-09-07,2021-09-09,9,3
5033797,2021-08-28,2021-09-01,2021-09-03,2021-09-06,2021-09-08,6,5
5030018,2021-08-28,2021-09-01,2021-09-03,2021-09-06,2021-09-08,6,5
5034627,2021-08-28,2021-09-01,2021-09-03,2021-09-06,2021-09-08,6,5
5029879,2021-08-28,2021-09-01,2021-09-03,2021-09-06,2021-09-08,6,5
5024294,2021-08-28,2021-09-01,2021-09-06,2021-09-07,2021-09-09,9,3
5032010,2021-08-28,2021-09-01,2021-09-03,2021-09-06,2021-09-08,6,5
5029457,2021-08-28,2021-09-01,2021-09-03,2021-09-06,2021-09-08,6,5
5028969,2021-08-28,2021-09-01,2021-09-06,2021-09-06,2021-09-08,9,2
5031847,2021-08-28,2021-09-01,2021-09-03,2021-09-06,2021-09-08,6,5
5035302,2021-08-28,2021-09-01,2021-09-03,2021-09-06,2021-09-08,6,5
5023395,2021-08-28,2021-09-01,2021-09-06,2021-09-06,2021-09-08,9,2
5024626,2021-08-28,2021-09-01,2021-09-06,2021-09-07,2021-09-09,9,3
5035338,2021-08-28,2021-09-01,2021-09-07,2021-09-08,2021-09-10,10,3
5035219,2021-08-28,2021-09-01,2021-09-06,2021-09-06,2021-09-08,9,2
5032447,2021-08-28,2021-09-01,2021-09-06,2021-09-07,2021-09-09,9,3
5023036,2021-08-28,2021-09-01,2021-09-06,2021-09-08,2021-09-10,9,4
5029146,2021-08-28,2021-09-01,2021-09-06,2021-09-06,2021-09-08,9,2
5027522,2021-08-28,2021-09-02,2021-09-06,2021-09-07,2021-09-09,9,3
5030389,2021-08-28,2021-09-02,2021-09-06,2021-09-06,2021-09-08,9,2
5035580,2021-08-28,2021-09-02,2021-09-06,2021-09-08,2021-09-10,9,4
5029453,2021-08-28,2021-09-02,2021-09-06,2021-09-06,2021-09-08,9,2
5022239,2021-08-28,2021-09-02,2021-09-06,2021-09-08,2021-09-10,9,4
5021398,2021-08-28,2021-09-02,2021-09-06,2021-09-08,2021-09-10,9,4
5029058,2021-08-28,2021-09-02,2021-09-06,2021-09-06,2021-09-08,9,2
5023882,2021-08-28,2021-09-03,2021-09-06,2021-09-06,2021-09-08,9,2
5035246,2021-08-28,2021-09-03,2021-09-06,2021-09-06,2021-09-08,9,2
5035369,2021-08-28,2021-09-03,2021-09-06,2021-09-06,2021-09-08,9,2
5025451,2021-08-28,2021-09-03,2021-09-06,2021-09-06,2021-09-08,9,2
5032509,2021-08-28,2021-09-03,2021-09-06,2021-09-07,2021-09-09,9,3
5032973,2021-08-28,2021-09-03,2021-09-06,2021-09-06,2021-09-08,9,2
5035486,2021-08-28,2021-09-03,2021-09-06,2021-09-07,2021-09-09,9,3
5025307,2021-08-28,2021-09-03,2021-09-06,2021-09-07,2021-09-09,9,3
5021974,2021-08-28,2021-09-03,2021-09-06,2021-09-06,2021-09-08,9,2
5024463,2021-08-28,2021-09-03,2021-09-06,2021-09-07,2021-09-09,9,3
5034725,2021-08-28,2021-09-03,2021-09-06,2021-09-09,2021-09-13,9,7
5034878,2021-08-28,2021-09-06,2021-09-08,2021-09-10,2021-09-13,11,5
5031971,2021-08-28,2021-09-06,2021-09-06,2021-09-07,2021-09-09,9,3
5035618,2021-08-28,2021-09-06,2021-09-09,2021-09-10,2021-09-13,12,4
5024797,2021-08-28,2021-09-06,2021-09-08,2021-09-09,2021-09-13,11,5
5029607,2021-08-28,2021-09-06,2021-09-13,2021-09-13,2021-09-15,16,2
5035881,2021-08-28,2021-09-06,2021-09-07,2021-09-09,2021-09-13,10,6
5025131,2021-08-28,2021-09-06,2021-09-06,2021-09-07,2021-09-09,9,3
5022748,2021-08-28,2021-09-06,2021-09-08,2021-09-13,2021-09-15,11,7
5025118,2021-08-30,2021-09-01,2021-09-03,2021-09-06,2021-09-08,4,5
5035469,2021-08-30,2021-09-01,2021-09-03,2021-09-06,2021-09-08,4,5
5036193,2021-08-30,2021-09-01,2021-09-03,2021-09-06,2021-09-08,4,5
5024817,2021-08-30,2021-09-01,2021-09-03,2021-09-06,2021-09-08,4,5
5024289,2021-08-30,2021-09-01,2021-09-03,2021-09-06,2021-09-08,4,5
5022797,2021-08-30,2021-09-01,2021-09-03,2021-09-06,2021-09-08,4,5
5037522,2021-08-30,2021-09-01,2021-09-03,2021-09-06,2021-09-08,4,5
5033154,2021-08-30,2021-09-01,2021-09-03,2021-09-06,2021-09-08,4,5
5036967,2021-08-30,2021-09-01,2021-09-03,2021-09-06,2021-09-08,4,5
5021753,2021-08-30,2021-09-01,2021-09-03,2021-09-06,2021-09-08,4,5
5033253,2021-08-30,2021-09-01,2021-09-03,2021-09-06,2021-09-08,4,5
5029523,2021-08-30,2021-09-01,2021-09-03,2021-09-06,2021-09-08,4,5
5035540,2021-08-30,2021-09-01,2021-09-03,2021-09-06,2021-09-08,4,5
5035346,2021-08-30,2021-09-01,2021-09-03,2021-09-06,2021-09-08,4,5
5031721,2021-08-30,2021-09-01,2021-09-03,2021-09-06,2021-09-08,4,5
5036015,2021-08-30,2021-09-01,2021-09-06,2021-09-06,2021-09-08,7,2
5027601,2021-08-30,2021-09-01,2021-09-06,2021-09-06,2021-09-08,7,2
5029569,2021-08-30,2021-09-01,2021-09-06,2021-09-06,2021-09-08,7,2
5023423,2021-08-30,2021-09-01,2021-09-06,2021-09-06,2021-09-08,7,2
5022721,2021-08-30,2021-09-01,2021-09-06,2021-09-06,2021-09-08,7,2
5035309,2021-08-30,2021-09-01,2021-09-06,2021-09-06,2021-09-08,7,2
5025371,2021-08-30,2021-09-01,2021-09-06,2021-09-06,2021-09-08,7,2
5024486,2021-08-30,2021-09-01,2021-09-07,2021-09-08,2021-09-10,8,3
5037110,2021-08-30,2021-09-01,2021-09-03,2021-09-06,2021-09-08,4,5
5035419,2021-08-30,2021-09-01,2021-09-03,2021-09-06,2021-09-08,4,5
5029377,2021-08-30,2021-09-01,2021-09-06,2021-09-06,2021-09-08,7,2
5024236,2021-08-30,2021-09-01,2021-09-03,2021-09-06,2021-09-08,4,5
5036033,2021-08-30,2021-09-01,2021-09-09,2021-09-10,2021-09-13,10,4
5023554,2021-08-30,2021-09-01,2021-09-03,2021-09-06,2021-09-08,4,5
5026511,2021-08-30,2021-09-01,2021-09-03,2021-09-06,2021-09-08,4,5
5026551,2021-08-30,2021-09-01,2021-09-07,2021-09-08,2021-09-10,8,3
5023565,2021-08-30,2021-09-01,2021-09-03,2021-09-06,2021-09-08,4,5
5029488,2021-08-30,2021-09-01,2021-09-03,2021-09-06,2021-09-08,4,5
5029349,2021-08-30,2021-09-01,2021-09-03,2021-09-06,2021-09-08,4,5
5022420,2021-08-30,2021-09-01,2021-09-06,2021-09-06,2021-09-08,7,2
5035729,2021-08-30,2021-09-01,2021-09-03,2021-09-06,2021-09-08,4,5
5028985,2021-08-30,2021-09-01,2021-09-06,2021-09-06,2021-09-08,7,2
5034727,2021-08-30,2021-09-01,2021-09-03,2021-09-06,2021-09-08,4,5
5023044,2021-08-30,2021-09-01,2021-09-03,2021-09-06,2021-09-08,4,5
5032088,2021-08-30,2021-09-01,2021-09-03,2021-09-06,2021-09-08,4,5
5025744,2021-08-30,2021-09-02,2021-09-06,2021-09-06,2021-09-08,7,2
5022355,2021-08-30,2021-09-02,2021-09-06,2021-09-06,2021-09-08,7,2
5032011,2021-08-30,2021-09-02,2021-09-06,2021-09-06,2021-09-08,7,2
5035643,2021-08-30,2021-09-02,2021-09-06,2021-09-06,2021-09-08,7,2
5030102,2021-08-30,2021-09-02,2021-09-06,2021-09-06,2021-09-08,7,2
5030123,2021-08-30,2021-09-02,2021-09-06,2021-09-06,2021-09-08,7,2
5035735,2021-08-30,2021-09-02,2021-09-06,2021-09-06,2021-09-08,7,2
5029737,2021-08-30,2021-09-02,2021-09-08,2021-09-09,2021-09-13,9,5
5034315,2021-08-30,2021-09-02,2021-09-06,2021-09-06,2021-09-08,7,2
5027315,2021-08-30,2021-09-02,2021-09-06,2021-09-06,2021-09-08,7,2
5036518,2021-08-30,2021-09-02,2021-09-06,2021-09-08,2021-09-10,7,4
5035553,2021-08-30,2021-09-02,2021-09-06,2021-09-08,2021-09-10,7,4
5032454,2021-08-30,2021-09-02,2021-09-06,2021-09-06,2021-09-08,7,2
5028568,2021-08-30,2021-09-02,2021-09-06,2021-09-06,2021-09-08,7,2
5029222,2021-08-30,2021-09-02,2021-09-07,2021-09-09,2021-09-13,8,6
5028736,2021-08-30,2021-09-02,2021-09-06,2021-09-06,2021-09-08,7,2
5031698,2021-08-30,2021-09-02,2021-09-07,2021-09-08,2021-09-10,8,3
5034144,2021-08-30,2021-09-02,2021-09-06,2021-09-07,2021-09-09,7,3
5028754,2021-08-30,2021-09-02,2021-09-06,2021-09-06,2021-09-08,7,2
5035621,2021-08-30,2021-09-02,2021-09-06,2021-09-07,2021-09-09,7,3
5026395,2021-08-30,2021-09-02,2021-09-06,2021-09-08,2021-09-10,7,4
5034014,2021-08-30,2021-09-02,2021-09-06,2021-09-06,2021-09-08,7,2
5026516,2021-08-30,2021-09-02,2021-09-06,2021-09-06,2021-09-08,7,2
5026312,2021-08-30,2021-09-02,2021-09-09,2021-09-13,2021-09-15,10,6
5027222,2021-08-30,2021-09-03,2021-09-08,2021-09-09,2021-09-13,9,5
5022573,2021-08-30,2021-09-03,2021-09-06,2021-09-06,2021-09-08,7,2
5029918,2021-08-30,2021-09-03,2021-09-07,2021-09-08,2021-09-10,8,3
5036158,2021-08-30,2021-09-03,2021-09-08,2021-09-10,2021-09-13,9,5
5025312,2021-08-30,2021-09-03,2021-09-06,2021-09-06,2021-09-08,7,2
5030167,2021-08-30,2021-09-03,2021-09-06,2021-09-06,2021-09-08,7,2
5036815,2021-08-30,2021-09-03,2021-09-06,2021-09-06,2021-09-08,7,2
5029489,2021-08-30,2021-09-03,2021-09-06,2021-09-06,2021-09-08,7,2
5037439,2021-08-30,2021-09-03,2021-09-06,2021-09-07,2021-09-09,7,3
5026056,2021-08-30,2021-09-03,2021-09-07,2021-09-09,2021-09-13,8,6
5035405,2021-08-30,2021-09-03,2021-09-06,2021-09-08,2021-09-10,7,4
5025618,2021-08-30,2021-09-03,2021-09-06,2021-09-08,2021-09-10,7,4
5022246,2021-08-30,2021-09-03,2021-09-06,2021-09-07,2021-09-09,7,3
5027642,2021-08-30,2021-09-03,2021-09-06,2021-09-08,2021-09-10,7,4
5024512,2021-08-30,2021-09-03,2021-09-06,2021-09-06,2021-09-08,7,2
5025287,2021-08-30,2021-09-03,2021-09-06,2021-09-07,2021-09-09,7,3
5032979,2021-08-30,2021-09-03,2021-09-06,2021-09-06,2021-09-08,7,2
5030572,2021-08-30,2021-09-03,2021-09-06,2021-09-06,2021-09-08,7,2
5036984,2021-08-30,2021-09-03,2021-09-06,2021-09-08,2021-09-10,7,4
5023883,2021-08-30,2021-09-03,2021-09-07,2021-09-08,2021-09-10,8,3
5024473,2021-08-30,2021-09-03,2021-09-06,2021-09-08,2021-09-10,7,4
5024393,2021-08-30,2021-09-06,2021-09-07,2021-09-08,2021-09-10,8,3
5031675,2021-08-30,2021-09-06,2021-09-06,2021-09-07,2021-09-09,7,3
5032925,2021-08-30,2021-09-06,2021-09-06,2021-09-08,2021-09-10,7,4
5027683,2021-08-30,2021-09-06,2021-09-07,2021-09-08,2021-09-10,8,3
5027895,2021-08-30,2021-09-06,2021-09-08,2021-09-09,2021-09-13,9,5
5028747,2021-08-30,2021-09-06,2021-09-06,2021-09-07,2021-09-09,7,3
5031873,2021-08-30,2021-09-06,2021-09-07,2021-09-08,2021-09-10,8,3
5024543,2021-08-30,2021-09-06,2021-09-06,2021-09-08,2021-09-10,7,4
5035462,2021-08-30,2021-09-06,2021-09-06,2021-09-07,2021-09-09,7,3
5028636,2021-08-30,2021-09-06,2021-09-07,2021-09-08,2021-09-10,8,3
5027057,2021-08-30,2021-09-06,2021-09-07,2021-09-08,2021-09-10,8,3
5033487,2021-08-30,2021-09-06,2021-09-07,2021-09-08,2021-09-10,8,3
5033985,2021-08-30,2021-09-06,2021-09-06,2021-09-07,2021-09-09,7,3
5035754,2021-08-30,2021-09-06,2021-09-06,2021-09-07,2021-09-09,7,3
5030075,2021-08-30,2021-09-06,2021-09-06,2021-09-07,2021-09-09,7,3
5031025,2021-08-30,2021-09-06,2021-09-10,2021-09-13,2021-09-15,11,5
5035668,2021-08-30,2021-09-06,2021-09-07,2021-09-08,2021-09-10,8,3
5023066,2021-08-30,2021-09-06,2021-09-06,2021-09-09,2021-09-13,7,7
5025496,2021-08-30,2021-09-06,2021-09-09,2021-09-10,2021-09-13,10,4
5032502,2021-08-30,2021-09-06,2021-09-09,2021-09-13,2021-09-15,10,6
5022958,2021-08-30,2021-09-06,2021-09-06,2021-09-07,2021-09-09,7,3
5036756,2021-08-30,2021-09-06,2021-09-13,2021-09-13,2021-09-15,14,2
5022033,2021-08-30,2021-09-06,2021-09-07,2021-09-08,2021-09-10,8,3
5021733,2021-08-30,2021-09-06,2021-09-08,2021-09-09,2021-09-13,9,5
5026933,2021-08-30,2021-09-06,2021-09-10,2021-09-13,2021-09-15,11,5
5032962,2021-08-30,2021-09-06,2021-09-08,2021-09-10,2021-09-13,9,5
5034055,2021-08-30,2021-09-06,2021-09-09,2021-09-10,2021-09-13,10,4
5036817,2021-08-30,2021-09-06,2021-09-06,2021-09-07,2021-09-09,7,3
5025399,2021-08-30,2021-09-06,2021-09-06,2021-09-08,2021-09-10,7,4
5032732,2021-08-30,2021-09-06,2021-09-07,2021-09-09,2021-09-13,8,6
5035653,2021-08-30,2021-09-06,2021-09-06,2021-09-07,2021-09-09,7,3
5033948,2021-08-30,2021-09-06,2021-09-08,2021-09-09,2021-09-13,9,5
5024741,2021-08-30,2021-09-06,2021-09-10,2021-09-13,2021-09-15,11,5
5030106,2021-08-30,2021-09-07,2021-09-09,2021-09-13,2021-09-15,10,6
5023308,2021-08-31,2021-09-02,2021-09-06,2021-09-06,2021-09-08,6,2
5034040,2021-08-31,2021-09-02,2021-09-06,2021-09-06,2021-09-08,6,2
5030107,2021-08-31,2021-09-02,2021-09-06,2021-09-06,2021-09-08,6,2
5032460,2021-08-31,2021-09-02,2021-09-06,2021-09-06,2021-09-08,6,2
5027400,2021-08-31,2021-09-02,2021-09-06,2021-09-06,2021-09-08,6,2
5031558,2021-08-31,2021-09-02,2021-09-06,2021-09-06,2021-09-08,6,2
5026530,2021-08-31,2021-09-02,2021-09-06,2021-09-06,2021-09-08,6,2
5030597,2021-08-31,2021-09-02,2021-09-06,2021-09-06,2021-09-08,6,2
5033415,2021-08-31,2021-09-02,2021-09-06,2021-09-06,2021-09-08,6,2
5035858,2021-08-31,2021-09-02,2021-09-06,2021-09-06,2021-09-08,6,2
5035843,2021-08-31,2021-09-02,2021-09-06,2021-09-06,2021-09-08,6,2
5026959,2021-08-31,2021-09-02,2021-09-06,2021-09-06,2021-09-08,6,2
5030059,2021-08-31,2021-09-02,2021-09-06,2021-09-06,2021-09-08,6,2
5032552,2021-08-31,2021-09-02,2021-09-06,2021-09-06,2021-09-08,6,2
5021409,2021-08-31,2021-09-02,2021-09-06,2021-09-06,2021-09-08,6,2
5027420,2021-08-31,2021-09-02,2021-09-06,2021-09-06,2021-09-08,6,2
5025265,2021-08-31,2021-09-02,2021-09-06,2021-09-06,2021-09-08,6,2
5025650,2021-08-31,2021-09-02,2021-09-06,2021-09-06,2021-09-08,6,2
5034680,2021-08-31,2021-09-02,2021-09-06,2021-09-07,2021-09-09,6,3
5021787,2021-08-31,2021-09-02,2021-09-07,2021-09-08,2021-09-10,7,3
5031800,2021-08-31,2021-09-02,2021-09-07,2021-09-09,2021-09-13,7,6
5024330,2021-08-31,2021-09-02,2021-09-07,2021-09-10,2021-09-13,7,6
5033428,2021-08-31,2021-09-02,2021-09-06,2021-09-07,2021-09-09,6,3
5025747,2021-08-31,2021-09-02,2021-09-06,2021-09-06,2021-09-08,6,2
5022402,2021-08-31,2021-09-02,2021-09-06,2021-09-06,2021-09-08,6,2
5022428,2021-08-31,2021-09-02,2021-09-06,2021-09-06,2021-09-08,6,2
5030448,2021-08-31,2021-09-02,2021-09-06,2021-09-06,2021-09-08,6,2
5021530,2021-08-31,2021-09-02,2021-09-06,2021-09-06,2021-09-08,6,2
5032845,2021-08-31,2021-09-02,2021-09-06,2021-09-06,2021-09-08,6,2
5027065,2021-08-31,2021-09-02,2021-09-07,2021-09-09,2021-09-13,7,6
5033923,2021-08-31,2021-09-02,2021-09-08,2021-09-09,2021-09-13,8,5
5032736,2021-08-31,2021-09-02,2021-09-07,2021-09-08,2021-09-10,7,3
5023188,2021-08-31,2021-09-02,2021-09-08,2021-09-09,2021-09-13,8,5
5031889,2021-08-31,2021-09-02,2021-09-06,2021-09-06,2021-09-08,6,2
5022597,2021-08-31,2021-09-02,2021-09-06,2021-09-07,2021-09-09,6,3
5037511,2021-08-31,2021-09-02,2021-09-06,2021-09-06,2021-09-08,6,2
5035998,2021-08-31,2021-09-02,2021-09-06,2021-09-07,2021-09-09,6,3
5028248,2021-08-31,2021-09-02,2021-09-06,2021-09-06,2021-09-08,6,2
5027341,2021-08-31,2021-09-02,2021-09-08,2021-09-09,2021-09-13,8,5
5022758,2021-08-31,2021-09-03,2021-09-07,2021-09-09,2021-09-13,7,6
5024874,2021-08-31,2021-09-03,2021-09-06,2021-09-06,2021-09-08,6,2
5037030,2021-08-31,2021-09-03,2021-09-08,2021-09-09,2021-09-13,8,5
5032193,2021-08-31,2021-09-03,2021-09-06,2021-09-06,2021-09-08,6,2
5023920,2021-08-31,2021-09-03,2021-09-07,2021-09-08,2021-09-10,7,3
5029597,2021-08-31,2021-09-03,2021-09-06,2021-09-06,2021-09-08,6,2
5024207,2021-08-31,2021-09-03,2021-09-06,2021-09-06,2021-09-08,6,2
5032882,2021-08-31,2021-09-03,2021-09-06,2021-09-07,2021-09-09,6,3
5033352,2021-08-31,2021-09-03,2021-09-06,2021-09-06,2021-09-08,6,2
5035700,2021-08-31,2021-09-03,2021-09-06,2021-09-08,2021-09-10,6,4
5022081,2021-08-31,2021-09-03,2021-09-06,2021-09-07,2021-09-09,6,3
5032041,2021-08-31,2021-09-03,2021-09-06,2021-09-06,2021-09-08,6,2
5032138,2021-08-31,2021-09-03,2021-09-06,2021-09-07,2021-09-09,6,3
5027367,2021-08-31,2021-09-03,2021-09-06,2021-09-07,2021-09-09,6,3
5031976,2021-08-31,2021-09-03,2021-09-07,2021-09-08,2021-09-10,7,3
5028922,2021-08-31,2021-09-03,2021-09-06,2021-09-07,2021-09-09,6,3
5029536,2021-08-31,2021-09-03,2021-09-06,2021-09-07,2021-09-09,6,3
5022809,2021-08-31,2021-09-03,2021-09-06,2021-09-06,2021-09-08,6,2
5023574,2021-08-31,2021-09-03,2021-09-06,2021-09-07,2021-09-09,6,3
5027219,2021-08-31,2021-09-03,2021-09-06,2021-09-07,2021-09-09,6,3
5031818,2021-08-31,2021-09-03,2021-09-06,2021-09-08,2021-09-10,6,4
5029012,2021-08-31,2021-09-06,2021-09-08,2021-09-09,2021-09-13,8,5
5029582,2021-08-31,2021-09-06,2021-09-07,2021-09-09,2021-09-13,7,6
5036233,2021-08-31,2021-09-06,2021-09-08,2021-09-09,2021-09-13,8,5
5027560,2021-08-31,2021-09-06,2021-09-08,2021-09-09,2021-09-13,8,5
5037198,2021-08-31,2021-09-06,2021-09-06,2021-09-07,2021-09-09,6,3
5022069,2021-08-31,2021-09-06,2021-09-07,2021-09-08,2021-09-10,7,3
5027389,2021-08-31,2021-09-06,2021-09-07,2021-09-08,2021-09-10,7,3
5031568,2021-08-31,2021-09-06,2021-09-06,2021-09-09,2021-09-13,6,7
5032213,2021-08-31,2021-09-06,2021-09-06,2021-09-07,2021-09-09,6,3
5025354,2021-08-31,2021-09-06,2021-09-08,2021-09-10,2021-09-13,8,5
5024757,2021-08-31,2021-09-06,2021-09-07,2021-09-08,2021-09-10,7,3
5026898,2021-08-31,2021-09-06,2021-09-07,2021-09-08,2021-09-10,7,3
5028759,2021-08-31,2021-09-06,2021-09-10,2021-09-13,2021-09-15,10,5
5035497,2021-08-31,2021-09-06,2021-09-08,2021-09-09,2021-09-13,8,5
5027763,2021-08-31,2021-09-06,2021-09-06,2021-09-07,2021-09-09,6,3
5036257,2021-08-31,2021-09-06,2021-09-06,2021-09-08,2021-09-10,6,4
5032490,2021-08-31,2021-09-06,2021-09-10,2021-09-13,2021-09-15,10,5
5037107,2021-08-31,2021-09-06,2021-09-06,2021-09-08,2021-09-10,6,4
5037111,2021-08-31,2021-09-06,2021-09-07,2021-09-08,2021-09-10,7,3
5027690,2021-08-31,2021-09-06,2021-09-07,2021-09-10,2021-09-13,7,6
5036067,2021-08-31,2021-09-06,2021-09-07,2021-09-08,2021-09-10,7,3
5027720,2021-08-31,2021-09-06,2021-09-06,2021-09-09,2021-09-13,6,7
5022608,2021-08-31,2021-09-06,2021-09-09,2021-09-10,2021-09-13,9,4
5029078,2021-08-31,2021-09-06,2021-09-08,2021-09-10,2021-09-13,8,5
5023663,2021-08-31,2021-09-06,2021-09-09,2021-09-10,2021-09-13,9,4
5028810,2021-08-31,2021-09-06,2021-09-07,2021-09-08,2021-09-10,7,3
5030267,2021-08-31,2021-09-06,2021-09-09,2021-09-10,2021-09-13,9,4
5022058,2021-08-31,2021-09-06,2021-09-07,2021-09-08,2021-09-10,7,3
5037594,2021-08-31,2021-09-06,2021-09-06,2021-09-07,2021-09-09,6,3
5037556,2021-08-31,2021-09-06,2021-09-07,2021-09-08,2021-09-10,7,3
5024559,2021-08-31,2021-09-06,2021-09-07,2021-09-08,2021-09-10,7,3
5024416,2021-08-31,2021-09-06,2021-09-09,2021-09-10,2021-09-13,9,4
5031567,2021-08-31,2021-09-06,2021-09-08,2021-09-09,2021-09-13,8,5
5032842,2021-08-31,2021-09-06,2021-09-13,2021-09-13,2021-09-15,13,2
5025676,2021-08-31,2021-09-06,2021-09-06,2021-09-09,2021-09-13,6,7
5022728,2021-08-31,2021-09-06,2021-09-07,2021-09-09,2021-09-13,7,6
5035786,2021-08-31,2021-09-06,2021-09-07,2021-09-09,2021-09-13,7,6
5021373,2021-08-31,2021-09-06,2021-09-08,2021-09-13,2021-09-15,8,7
5034060,2021-08-31,2021-09-07,2021-09-09,2021-09-10,2021-09-13,9,4
5032776,2021-08-31,2021-09-07,2021-09-09,2021-09-13,2021-09-15,9,6
5023950,2021-08-31,2021-09-07,2021-09-13,2021-09-13,2021-09-15,13,2
5035429,2021-08-31,2021-09-07,2021-09-13,2021-09-13,2021-09-15,13,2
5021844,2021-08-31,2021-09-07,2021-09-09,2021-09-13,2021-09-15,9,6
5033388,2021-09-01,2021-09-03,2021-09-06,2021-09-06,2021-09-08,5,2
5029603,2021-09-01,2021-09-03,2021-09-06,2021-09-06,2021-09-08,5,2
5029838,2021-09-01,2021-09-03,2021-09-06,2021-09-06,2021-09-08,5,2
5026427,2021-09-01,2021-09-03,2021-09-06,2021-09-06,2021-09-08,5,2
5027286,2021-09-01,2021-09-03,2021-09-06,2021-09-06,2021-09-08,5,2
5024494,2021-09-01,2021-09-03,2021-09-06,2021-09-06,2021-09-08,5,2
5033032,2021-09-01,2021-09-03,2021-09-06,2021-09-06,2021-09-08,5,2
5025507,2021-09-01,2021-09-03,2021-09-06,2021-09-06,2021-09-08,5,2
5035594,2021-09-01,2021-09-03,2021-09-06,2021-09-06,2021-09-08,5,2
5035994,2021-09-01,2021-09-03,2021-09-06,2021-09-06,2021-09-08,5,2
5036121,2021-09-01,2021-09-03,2021-09-06,2021-09-06,2021-09-08,5,2
5033398,2021-09-01,2021-09-03,2021-09-06,2021-09-06,2021-09-08,5,2
5036989,2021-09-01,2021-09-03,2021-09-06,2021-09-06,2021-09-08,5,2
5031870,2021-09-01,2021-09-03,2021-09-06,2021-09-06,2021-09-08,5,2
5026161,2021-09-01,2021-09-03,2021-09-06,2021-09-06,2021-09-08,5,2
5024418,2021-09-01,2021-09-03,2021-09-06,2021-09-06,2021-09-08,5,2
5028915,2021-09-01,2021-09-03,2021-09-06,2021-09-06,2021-09-08,5,2
5033337,2021-09-01,2021-09-03,2021-09-06,2021-09-06,2021-09-08,5,2
5036899,2021-09-01,2021-09-03,2021-09-06,2021-09-06,2021-09-08,5,2
5028173,2021-09-01,2021-09-03,2021-09-06,2021-09-06,2021-09-08,5,2
5029242,2021-09-01,2021-09-03,2021-09-06,2021-09-06,2021-09-08,5,2
5023509,2021-09-01,2021-09-03,2021-09-06,2021-09-06,2021-09-08,5,2
5033729,2021-09-01,2021-09-03,2021-09-06,2021-09-06,2021-09-08,5,2
5021894,2021-09-01,2021-09-03,2021-09-06,2021-09-07,2021-09-09,5,3
5034754,2021-09-01,2021-09-03,2021-09-06,2021-09-07,2021-09-09,5,3
5026449,2021-09-01,2021-09-03,2021-09-06,2021-09-07,2021-09-09,5,3
5029676,2021-09-01,2021-09-03,2021-09-06,2021-09-08,2021-09-10,5,4
5022654,2021-09-01,2021-09-03,2021-09-06,2021-09-08,2021-09-10,5,4
5023097,2021-09-01,2021-09-03,2021-09-06,2021-09-07,2021-09-09,5,3
5022334,2021-09-01,2021-09-03,2021-09-06,2021-09-06,2021-09-08,5,2
5026931,2021-09-01,2021-09-03,2021-09-06,2021-09-07,2021-09-09,5,3
5034213,2021-09-01,2021-09-03,2021-09-06,2021-09-09,2021-09-13,5,7
5031492,2021-09-01,2021-09-03,2021-09-06,2021-09-06,2021-09-08,5,2
5030178,2021-09-01,2021-09-03,2021-09-06,2021-09-07,2021-09-09,5,3
5031040,2021-09-01,2021-09-03,2021-09-06,2021-09-07,2021-09-09,5,3
5029429,2021-09-01,2021-09-03,2021-09-06,2021-09-07,2021-09-09,5,3
5024311,2021-09-01,2021-09-03,2021-09-06,2021-09-07,2021-09-09,5,3
5030486,2021-09-01,2021-09-03,2021-09-06,2021-09-07,2021-09-09,5,3
5035724,2021-09-01,2021-09-03,2021-09-06,2021-09-06,2021-09-08,5,2
5027901,2021-09-01,2021-09-03,2021-09-06,2021-09-06,2021-09-08,5,2
5024615,2021-09-01,2021-09-03,2021-09-06,2021-09-07,2021-09-09,5,3
5021882,2021-09-01,2021-09-03,2021-09-06,2021-09-06,2021-09-08,5,2
5036499,2021-09-01,2021-09-03,2021-09-06,2021-09-06,2021-09-08,5,2
5024734,2021-09-01,2021-09-03,2021-09-06,2021-09-07,2021-09-09,5,3
5033605,2021-09-01,2021-09-03,2021-09-06,2021-09-07,2021-09-09,5,3
5026351,2021-09-01,2021-09-03,2021-09-06,2021-09-07,2021-09-09,5,3
5023433,2021-09-01,2021-09-03,2021-09-06,2021-09-07,2021-09-09,5,3
5022434,2021-09-01,2021-09-03,2021-09-06,2021-09-06,2021-09-08,5,2
5024328,2021-09-01,2021-09-03,2021-09-06,2021-09-06,2021-09-08,5,2
5022181,2021-09-01,2021-09-03,2021-09-06,2021-09-06,2021-09-08,5,2
5027658,2021-09-01,2021-09-03,2021-09-06,2021-09-06,2021-09-08,5,2
5025463,2021-09-01,2021-09-03,2021-09-06,2021-09-07,2021-09-09,5,3
5035677,2021-09-01,2021-09-03,2021-09-06,2021-09-08,2021-09-10,5,4
5035707,2021-09-01,2021-09-03,2021-09-07,2021-09-08,2021-09-10,6,3
5028359,2021-09-01,2021-09-03,2021-09-07,2021-09-08,2021-09-10,6,3
5023240,2021-09-01,2021-09-03,2021-09-07,2021-09-09,2021-09-13,6,6
5037547,2021-09-01,2021-09-03,2021-09-07,2021-09-10,2021-09-13,6,6
5021542,2021-09-01,2021-09-03,2021-09-07,2021-09-08,2021-09-10,6,3
5024306,2021-09-01,2021-09-03,2021-09-08,2021-09-09,2021-09-13,7,5
5033557,2021-09-01,2021-09-03,2021-09-08,2021-09-09,2021-09-13,7,5
5024396,2021-09-01,2021-09-03,2021-09-08,2021-09-09,2021-09-13,7,5
5022501,2021-09-01,2021-09-03,2021-09-08,2021-09-09,2021-09-13,7,5
5023111,2021-09-01,2021-09-03,2021-09-09,2021-09-13,2021-09-15,8,6
5025800,2021-09-01,2021-09-03,2021-09-08,2021-09-09,2021-09-13,7,5
5021461,2021-09-01,2021-09-03,2021-09-06,2021-09-06,2021-09-08,5,2
5030982,2021-09-01,2021-09-03,2021-09-06,2021-09-06,2021-09-08,5,2
5037134,2021-09-01,2021-09-03,2021-09-06,2021-09-06,2021-09-08,5,2
5028862,2021-09-01,2021-09-03,2021-09-06,2021-09-07,2021-09-09,5,3
5036450,2021-09-01,2021-09-03,2021-09-06,2021-09-06,2021-09-08,5,2
5036630,2021-09-01,2021-09-03,2021-09-06,2021-09-06,2021-09-08,5,2
5022731,2021-09-01,2021-09-03,2021-09-06,2021-09-07,2021-09-09,5,3
5021433,2021-09-01,2021-09-03,2021-09-06,2021-09-07,2021-09-09,5,3
5022960,2021-09-01,2021-09-03,2021-09-06,2021-09-07,2021-09-09,5,3
5022832,2021-09-01,2021-09-03,2021-09-07,2021-09-08,2021-09-10,6,3
5026627,2021-09-01,2021-09-03,2021-09-06,2021-09-06,2021-09-08,5,2
5036339,2021-09-01,2021-09-03,2021-09-06,2021-09-06,2021-09-08,5,2
5033724,2021-09-01,2021-09-03,2021-09-06,2021-09-07,2021-09-09,5,3
5026919,2021-09-01,2021-09-03,2021-09-06,2021-09-08,2021-09-10,5,4
5027646,2021-09-01,2021-09-03,2021-09-06,2021-09-06,2021-09-08,5,2
5028962,2021-09-01,2021-09-03,2021-09-06,2021-09-06,2021-09-08,5,2
5028867,2021-09-01,2021-09-03,2021-09-06,2021-09-07,2021-09-09,5,3
5027472,2021-09-01,2021-09-03,2021-09-06,2021-09-06,2021-09-08,5,2
5027527,2021-09-01,2021-09-03,2021-09-06,2021-09-06,2021-09-08,5,2
5035916,2021-09-01,2021-09-03,2021-09-06,2021-09-06,2021-09-08,5,2
5022472,2021-09-01,2021-09-03,2021-09-06,2021-09-06,2021-09-08,5,2
5035649,2021-09-01,2021-09-03,2021-09-06,2021-09-06,2021-09-08,5,2
5026904,2021-09-01,2021-09-03,2021-09-06,2021-09-06,2021-09-08,5,2
5025421,2021-09-01,2021-09-03,2021-09-06,2021-09-06,2021-09-08,5,2
5027853,2021-09-01,2021-09-03,2021-09-06,2021-09-06,2021-09-08,5,2
5033277,2021-09-01,2021-09-03,2021-09-06,2021-09-06,2021-09-08,5,2
5032918,2021-09-01,2021-09-03,2021-09-06,2021-09-06,2021-09-08,5,2
5021492,2021-09-01,2021-09-03,2021-09-06,2021-09-07,2021-09-09,5,3
5027088,2021-09-01,2021-09-03,2021-09-06,2021-09-07,2021-09-09,5,3
5025745,2021-09-01,2021-09-03,2021-09-06,2021-09-06,2021-09-08,5,2
5027609,2021-09-01,2021-09-03,2021-09-06,2021-09-06,2021-09-08,5,2
5034507,2021-09-01,2021-09-03,2021-09-06,2021-09-06,2021-09-08,5,2
5021380,2021-09-01,2021-09-03,2021-09-06,2021-09-07,2021-09-09,5,3
5027147,2021-09-01,2021-09-03,2021-09-08,2021-09-09,2021-09-13,7,5
5022997,2021-09-01,2021-09-03,2021-09-06,2021-09-06,2021-09-08,5,2
5035742,2021-09-01,2021-09-03,2021-09-09,2021-09-10,2021-09-13,8,4
5027775,2021-09-01,2021-09-03,2021-09-07,2021-09-10,2021-09-13,6,6
5036282,2021-09-01,2021-09-03,2021-09-06,2021-09-06,2021-09-08,5,2
5026946,2021-09-01,2021-09-03,2021-09-06,2021-09-06,2021-09-08,5,2
5035658,2021-09-01,2021-09-03,2021-09-06,2021-09-07,2021-09-09,5,3
5031810,2021-09-01,2021-09-03,2021-09-06,2021-09-06,2021-09-08,5,2
5021406,2021-09-01,2021-09-03,2021-09-09,2021-09-13,2021-09-15,8,6
5026668,2021-09-01,2021-09-03,2021-09-06,2021-09-07,2021-09-09,5,3
5025821,2021-09-01,2021-09-03,2021-09-06,2021-09-06,2021-09-08,5,2
5034149,2021-09-01,2021-09-03,2021-09-09,2021-09-13,2021-09-15,8,6
5034386,2021-09-01,2021-09-03,2021-09-09,2021-09-10,2021-09-13,8,4
5032525,2021-09-01,2021-09-03,2021-09-07,2021-09-09,2021-09-13,6,6
5030871,2021-09-01,2021-09-03,2021-09-06,2021-09-07,2021-09-09,5,3
5035938,2021-09-01,2021-09-03,2021-09-06,2021-09-08,2021-09-10,5,4
5033006,2021-09-01,2021-09-03,2021-09-06,2021-09-07,2021-09-09,5,3
5025359,2021-09-01,2021-09-03,2021-09-06,2021-09-07,2021-09-09,5,3
5027792,2021-09-01,2021-09-06,2021-09-07,2021-09-08,2021-09-10,6,3
5023619,2021-09-01,2021-09-06,2021-09-07,2021-09-08,2021-09-10,6,3
5030621,2021-09-01,2021-09-06,2021-09-07,2021-09-08,2021-09-10,6,3
5032488,2021-09-01,2021-09-06,2021-09-06,2021-09-07,2021-09-09,5,3
5029894,2021-09-01,2021-09-06,2021-09-07,2021-09-08,2021-09-10,6,3
5023665,2021-09-01,2021-09-06,2021-09-08,2021-09-09,2021-09-13,7,5
5035644,2021-09-01,2021-09-06,2021-09-08,2021-09-09,2021-09-13,7,5
5035739,2021-09-01,2021-09-06,2021-09-08,2021-09-09,2021-09-13,7,5
5032904,2021-09-01,2021-09-06,2021-09-09,2021-09-10,2021-09-13,8,4
5035524,2021-09-01,2021-09-06,2021-09-06,2021-09-08,2021-09-10,5,4
5021418,2021-09-01,2021-09-06,2021-09-08,2021-09-09,2021-09-13,7,5
5027751,2021-09-01,2021-09-06,2021-09-08,2021-09-09,2021-09-13,7,5
5031618,2021-09-01,2021-09-06,2021-09-08,2021-09-10,2021-09-13,7,5
5036315,2021-09-01,2021-09-06,2021-09-07,2021-09-08,2021-09-10,6,3
5036296,2021-09-01,2021-09-06,2021-09-08,2021-09-09,2021-09-13,7,5
5029022,2021-09-01,2021-09-06,2021-09-07,2021-09-08,2021-09-10,6,3
5023313,2021-09-01,2021-09-06,2021-09-08,2021-09-09,2021-09-13,7,5
5033570,2021-09-01,2021-09-06,2021-09-06,2021-09-07,2021-09-09,5,3
5029424,2021-09-01,2021-09-06,2021-09-10,2021-09-13,2021-09-15,9,5
5024794,2021-09-01,2021-09-06,2021-09-06,2021-09-07,2021-09-09,5,3
5024638,2021-09-01,2021-09-06,2021-09-08,2021-09-09,2021-09-13,7,5
5021391,2021-09-01,2021-09-06,2021-09-10,2021-09-13,2021-09-15,9,5
5023175,2021-09-01,2021-09-06,2021-09-08,2021-09-09,2021-09-13,7,5
5035821,2021-09-01,2021-09-06,2021-09-06,2021-09-07,2021-09-09,5,3
5026036,2021-09-01,2021-09-06,2021-09-06,2021-09-07,2021-09-09,5,3
5037130,2021-09-01,2021-09-06,2021-09-06,2021-09-07,2021-09-09,5,3
5025733,2021-09-01,2021-09-06,2021-09-06,2021-09-07,2021-09-09,5,3
5036250,2021-09-01,2021-09-06,2021-09-06,2021-09-07,2021-09-09,5,3
5026731,2021-09-01,2021-09-06,2021-09-08,2021-09-09,2021-09-13,7,5
5021768,2021-09-01,2021-09-06,2021-09-09,2021-09-10,2021-09-13,8,4
5029020,2021-09-01,2021-09-06,2021-09-07,2021-09-08,2021-09-10,6,3
5036220,2021-09-01,2021-09-06,2021-09-06,2021-09-07,2021-09-09,5,3
5030113,2021-09-01,2021-09-06,2021-09-09,2021-09-13,2021-09-15,8,6
5023580,2021-09-01,2021-09-06,2021-09-08,2021-09-10,2021-09-13,7,5
5036285,2021-09-01,2021-09-06,2021-09-10,2021-09-13,2021-09-15,9,5
5025898,2021-09-01,2021-09-06,2021-09-08,2021-09-09,2021-09-13,7,5
5031947,2021-09-01,2021-09-06,2021-09-07,2021-09-08,2021-09-10,6,3
5026936,2021-09-01,2021-09-06,2021-09-09,2021-09-13,2021-09-15,8,6
5024716,2021-09-01,2021-09-06,2021-09-08,2021-09-09,2021-09-13,7,5
5030181,2021-09-01,2021-09-06,2021-09-13,2021-09-14,2021-09-16,12,3
5035872,2021-09-01,2021-09-06,2021-09-09,2021-09-10,2021-09-13,8,4
5035978,2021-09-01,2021-09-06,2021-09-08,2021-09-10,2021-09-13,7,5
5032514,2021-09-01,2021-09-06,2021-09-10,2021-09-13,2021-09-15,9,5
5026317,2021-09-01,2021-09-06,2021-09-09,2021-09-10,2021-09-13,8,4
5035617,2021-09-01,2021-09-06,2021-09-06,2021-09-08,2021-09-10,5,4
5025405,2021-09-01,2021-09-06,2021-09-10,2021-09-13,2021-09-15,9,5
5033251,2021-09-01,2021-09-06,2021-09-07,2021-09-08,2021-09-10,6,3
5024441,2021-09-01,2021-09-06,2021-09-13,2021-09-13,2021-09-15,12,2
5023797,2021-09-01,2021-09-06,2021-09-10,2021-09-13,2021-09-15,9,5
5026633,2021-09-01,2021-09-06,2021-09-08,2021-09-09,2021-09-13,7,5
5021472,2021-09-01,2021-09-06,2021-09-07,2021-09-09,2021-09-13,6,6
5033594,2021-09-01,2021-09-06,2021-09-07,2021-09-08,2021-09-10,6,3
5029587,2021-09-01,2021-09-06,2021-09-07,2021-09-08,2021-09-10,6,3
5034181,2021-09-01,2021-09-06,2021-09-07,2021-09-08,2021-09-10,6,3
5031629,2021-09-01,2021-09-06,2021-09-06,2021-09-08,2021-09-10,5,4
5029178,2021-09-01,2021-09-06,2021-09-07,2021-09-08,2021-09-10,6,3
5022112,2021-09-01,2021-09-06,2021-09-06,2021-09-07,2021-09-09,5,3
5028045,2021-09-01,2021-09-06,2021-09-08,2021-09-10,2021-09-13,7,5
5035352,2021-09-01,2021-09-06,2021-09-07,2021-09-08,2021-09-10,6,3
5029023,2021-09-01,2021-09-06,2021-09-09,2021-09-13,2021-09-15,8,6
5028926,2021-09-01,2021-09-06,2021-09-08,2021-09-10,2021-09-13,7,5
5031662,2021-09-01,2021-09-06,2021-09-07,2021-09-08,2021-09-10,6,3
5036335,2021-09-01,2021-09-06,2021-09-06,2021-09-07,2021-09-09,5,3
5028079,2021-09-01,2021-09-06,2021-09-06,2021-09-07,2021-09-09,5,3
5025628,2021-09-01,2021-09-06,2021-09-07,2021-09-09,2021-09-13,6,6
5024591,2021-09-01,2021-09-06,2021-09-09,2021-09-10,2021-09-13,8,4
5025912,2021-09-01,2021-09-06,2021-09-09,2021-09-10,2021-09-13,8,4
5029591,2021-09-01,2021-09-06,2021-09-06,2021-09-07,2021-09-09,5,3
5024621,2021-09-01,2021-09-06,2021-09-08,2021-09-09,2021-09-13,7,5
5031108,2021-09-01,2021-09-06,2021-09-06,2021-09-07,2021-09-09,5,3
5029438,2021-09-01,2021-09-06,2021-09-10,2021-09-13,2021-09-15,9,5
5033738,2021-09-01,2021-09-06,2021-09-07,2021-09-08,2021-09-10,6,3
5025766,2021-09-01,2021-09-06,2021-09-07,2021-09-08,2021-09-10,6,3
5024092,2021-09-01,2021-09-06,2021-09-06,2021-09-07,2021-09-09,5,3
5022791,2021-09-01,2021-09-06,2021-09-07,2021-09-08,2021-09-10,6,3
5034789,2021-09-01,2021-09-06,2021-09-08,2021-09-09,2021-09-13,7,5
5025971,2021-09-01,2021-09-06,2021-09-06,2021-09-07,2021-09-09,5,3
5023107,2021-09-01,2021-09-06,2021-09-07,2021-09-09,2021-09-13,6,6
5029583,2021-09-01,2021-09-06,2021-09-08,2021-09-09,2021-09-13,7,5
5022288,2021-09-01,2021-09-06,2021-09-08,2021-09-09,2021-09-13,7,5
5035537,2021-09-01,2021-09-06,2021-09-13,2021-09-13,2021-09-15,12,2
5023678,2021-09-01,2021-09-06,2021-09-06,2021-09-08,2021-09-10,5,4
5031716,2021-09-01,2021-09-06,2021-09-10,2021-09-13,2021-09-15,9,5
5036479,2021-09-01,2021-09-06,2021-09-06,2021-09-08,2021-09-10,5,4
5025412,2021-09-01,2021-09-06,2021-09-13,2021-09-14,2021-09-16,12,3
5036081,2021-09-01,2021-09-06,2021-09-07,2021-09-08,2021-09-10,6,3
5033091,2021-09-01,2021-09-06,2021-09-08,2021-09-09,2021-09-13,7,5
5023272,2021-09-01,2021-09-06,2021-09-06,2021-09-08,2021-09-10,5,4
5027211,2021-09-01,2021-09-06,2021-09-08,2021-09-09,2021-09-13,7,5
5033402,2021-09-01,2021-09-06,2021-09-07,2021-09-08,2021-09-10,6,3
5033377,2021-09-01,2021-09-06,2021-09-08,2021-09-09,2021-09-13,7,5
5024578,2021-09-01,2021-09-06,2021-09-09,2021-09-10,2021-09-13,8,4
5034334,2021-09-01,2021-09-06,2021-09-10,2021-09-13,2021-09-15,9,5
5030345,2021-09-01,2021-09-06,2021-09-07,2021-09-08,2021-09-10,6,3
5035863,2021-09-01,2021-09-06,2021-09-08,2021-09-09,2021-09-13,7,5
5025736,2021-09-01,2021-09-06,2021-09-06,2021-09-07,2021-09-09,5,3
5036448,2021-09-01,2021-09-06,2021-09-10,2021-09-13,2021-09-15,9,5
5033730,2021-09-01,2021-09-06,2021-09-08,2021-09-10,2021-09-13,7,5
5023117,2021-09-01,2021-09-06,2021-09-06,2021-09-07,2021-09-09,5,3
5032253,2021-09-01,2021-09-06,2021-09-08,2021-09-09,2021-09-13,7,5
5026781,2021-09-01,2021-09-06,2021-09-08,2021-09-09,2021-09-13,7,5
5029043,2021-09-01,2021-09-06,2021-09-08,2021-09-10,2021-09-13,7,5
5036777,2021-09-01,2021-09-06,2021-09-09,2021-09-10,2021-09-13,8,4
5034422,2021-09-01,2021-09-06,2021-09-08,2021-09-13,2021-09-15,7,7
5030609,2021-09-01,2021-09-06,2021-09-10,2021-09-13,2021-09-15,9,5
5037206,2021-09-01,2021-09-06,2021-09-09,2021-09-13,2021-09-15,8,6
5033657,2021-09-01,2021-09-06,2021-09-08,2021-09-09,2021-09-13,7,5
5024292,2021-09-01,2021-09-06,2021-09-13,2021-09-13,2021-09-15,12,2
5032532,2021-09-01,2021-09-06,2021-09-09,2021-09-10,2021-09-13,8,4
5023684,2021-09-01,2021-09-06,2021-09-07,2021-09-08,2021-09-10,6,3
5037587,2021-09-01,2021-09-06,2021-09-07,2021-09-08,2021-09-10,6,3
5030022,2021-09-01,2021-09-06,2021-09-07,2021-09-10,2021-09-13,6,6
5033503,2021-09-01,2021-09-06,2021-09-08,2021-09-10,2021-09-13,7,5
5033343,2021-09-01,2021-09-06,2021-09-08,2021-09-13,2021-09-15,7,7
5036829,2021-09-01,2021-09-06,2021-09-08,2021-09-09,2021-09-13,7,5
5023227,2021-09-01,2021-09-06,2021-09-09,2021-09-13,2021-09-15,8,6
5021657,2021-09-01,2021-09-06,2021-09-08,2021-09-10,2021-09-13,7,5
5031867,2021-09-01,2021-09-06,2021-09-08,2021-09-10,2021-09-13,7,5
5025282,2021-09-01,2021-09-06,2021-09-08,2021-09-13,2021-09-15,7,7
5034168,2021-09-01,2021-09-06,2021-09-06,2021-09-07,2021-09-09,5,3
5024341,2021-09-01,2021-09-06,2021-09-06,2021-09-07,2021-09-09,5,3
5022649,2021-09-01,2021-09-06,2021-09-07,2021-09-09,2021-09-13,6,6
5031583,2021-09-01,2021-09-06,2021-09-08,2021-09-13,2021-09-15,7,7
5021847,2021-09-01,2021-09-06,2021-09-08,2021-09-09,2021-09-13,7,5
5031786,2021-09-01,2021-09-06,2021-09-07,2021-09-08,2021-09-10,6,3
5032325,2021-09-01,2021-09-06,2021-09-08,2021-09-10,2021-09-13,7,5
5023104,2021-09-01,2021-09-06,2021-09-09,2021-09-13,2021-09-15,8,6
5029882,2021-09-01,2021-09-06,2021-09-08,2021-09-09,2021-09-13,7,5
5033009,2021-09-01,2021-09-06,2021-09-06,2021-09-09,2021-09-13,5,7
5032130,2021-09-01,2021-09-06,2021-09-06,2021-09-09,2021-09-13,5,7
5028022,2021-09-01,2021-09-06,2021-09-08,2021-09-09,2021-09-13,7,5
5030547,2021-09-01,2021-09-06,2021-09-07,2021-09-08,2021-09-10,6,3
5036267,2021-09-01,2021-09-06,2021-09-08,2021-09-10,2021-09-13,7,5
5036177,2021-09-01,2021-09-06,2021-09-07,2021-09-08,2021-09-10,6,3
5032934,2021-09-01,2021-09-06,2021-09-06,2021-09-09,2021-09-13,5,7
5024587,2021-09-01,2021-09-06,2021-09-10,2021-09-13,2021-09-15,9,5
5026591,2021-09-01,2021-09-06,2021-09-08,2021-09-09,2021-09-13,7,5
5029651,2021-09-01,2021-09-06,2021-09-08,2021-09-09,2021-09-13,7,5
5034122,2021-09-01,2021-09-06,2021-09-08,2021-09-13,2021-09-15,7,7
5033389,2021-09-01,2021-09-06,2021-09-08,2021-09-09,2021-09-13,7,5
5036843,2021-09-01,2021-09-06,2021-09-07,2021-09-09,2021-09-13,6,6
5032908,2021-09-01,2021-09-06,2021-09-07,2021-09-08,2021-09-10,6,3
5035835,2021-09-01,2021-09-06,2021-09-07,2021-09-08,2021-09-10,6,3
5033159,2021-09-01,2021-09-06,2021-09-07,2021-09-08,2021-09-10,6,3
5026589,2021-09-01,2021-09-06,2021-09-08,2021-09-09,2021-09-13,7,5
5033034,2021-09-01,2021-09-06,2021-09-07,2021-09-08,2021-09-10,6,3
5030605,2021-09-01,2021-09-06,2021-09-07,2021-09-09,2021-09-13,6,6
5036474,2021-09-01,2021-09-06,2021-09-08,2021-09-10,2021-09-13,7,5
5024406,2021-09-01,2021-09-06,2021-09-07,2021-09-08,2021-09-10,6,3
5022912,2021-09-01,2021-09-06,2021-09-07,2021-09-08,2021-09-10,6,3
5027964,2021-09-01,2021-09-06,2021-09-07,2021-09-08,2021-09-10,6,3
5022304,2021-09-01,2021-09-06,2021-09-08,2021-09-09,2021-09-13,7,5
5029235,2021-09-01,2021-09-06,2021-09-08,2021-09-09,2021-09-13,7,5
5033695,2021-09-01,2021-09-06,2021-09-13,2021-09-13,2021-09-15,12,2
5029571,2021-09-01,2021-09-06,2021-09-07,2021-09-08,2021-09-10,6,3
5030140,2021-09-01,2021-09-06,2021-09-08,2021-09-09,2021-09-13,7,5
5032930,2021-09-01,2021-09-06,2021-09-06,2021-09-07,2021-09-09,5,3
5026669,2021-09-01,2021-09-06,2021-09-07,2021-09-08,2021-09-10,6,3
5022819,2021-09-01,2021-09-06,2021-09-06,2021-09-07,2021-09-09,5,3
5023669,2021-09-01,2021-09-06,2021-09-08,2021-09-10,2021-09-13,7,5
5025758,2021-09-01,2021-09-06,2021-09-08,2021-09-13,2021-09-15,7,7
5029344,2021-09-01,2021-09-06,2021-09-10,2021-09-13,2021-09-15,9,5
5024617,2021-09-01,2021-09-06,2021-09-09,2021-09-10,2021-09-13,8,4
5033394,2021-09-01,2021-09-06,2021-09-08,2021-09-10,2021-09-13,7,5
5027967,2021-09-01,2021-09-06,2021-09-08,2021-09-10,2021-09-13,7,5
5029392,2021-09-01,2021-09-06,2021-09-06,2021-09-07,2021-09-09,5,3
5033548,2021-09-01,2021-09-06,2021-09-07,2021-09-08,2021-09-10,6,3
5027875,2021-09-01,2021-09-06,2021-09-06,2021-09-08,2021-09-10,5,4
5027667,2021-09-01,2021-09-06,2021-09-13,2021-09-13,2021-09-15,12,2
5027807,2021-09-01,2021-09-06,2021-09-07,2021-09-08,2021-09-10,6,3
5025381,2021-09-01,2021-09-06,2021-09-06,2021-09-07,2021-09-09,5,3
5035637,2021-09-01,2021-09-06,2021-09-08,2021-09-09,2021-09-13,7,5
5030399,2021-09-01,2021-09-06,2021-09-09,2021-09-10,2021-09-13,8,4
5027892,2021-09-01,2021-09-06,2021-09-08,2021-09-10,2021-09-13,7,5
5030125,2021-09-01,2021-09-06,2021-09-13,2021-09-14,2021-09-16,12,3
5027773,2021-09-01,2021-09-06,2021-09-08,2021-09-13,2021-09-15,7,7
5023276,2021-09-01,2021-09-06,2021-09-07,2021-09-08,2021-09-10,6,3
5028291,2021-09-01,2021-09-06,2021-09-07,2021-09-08,2021-09-10,6,3
5034135,2021-09-01,2021-09-06,2021-09-13,2021-09-13,2021-09-15,12,2
5026648,2021-09-01,2021-09-06,2021-09-06,2021-09-08,2021-09-10,5,4
5032005,2021-09-01,2021-09-06,2021-09-06,2021-09-07,2021-09-09,5,3
5029561,2021-09-01,2021-09-06,2021-09-09,2021-09-10,2021-09-13,8,4
5027293,2021-09-01,2021-09-06,2021-09-08,2021-09-13,2021-09-15,7,7
5032974,2021-09-01,2021-09-06,2021-09-10,2021-09-13,2021-09-15,9,5
5027725,2021-09-01,2021-09-06,2021-09-07,2021-09-08,2021-09-10,6,3
5027926,2021-09-01,2021-09-06,2021-09-07,2021-09-08,2021-09-10,6,3
5024657,2021-09-01,2021-09-06,2021-09-06,2021-09-07,2021-09-09,5,3
5034693,2021-09-01,2021-09-07,2021-09-09,2021-09-13,2021-09-15,8,6
5026663,2021-09-01,2021-09-07,2021-09-09,2021-09-10,2021-09-13,8,4
5025415,2021-09-01,2021-09-07,2021-09-13,2021-09-14,2021-09-16,12,3
5031998,2021-09-01,2021-09-07,2021-09-09,2021-09-13,2021-09-15,8,6
5035967,2021-09-01,2021-09-07,2021-09-10,2021-09-13,2021-09-15,9,5
5036305,2021-09-01,2021-09-07,2021-09-13,2021-09-13,2021-09-15,12,2
5030830,2021-09-01,2021-09-07,2021-09-09,2021-09-13,2021-09-15,8,6
5033699,2021-09-01,2021-09-07,2021-09-10,2021-09-13,2021-09-15,9,5
5035690,2021-09-01,2021-09-07,2021-09-10,2021-09-13,2021-09-15,9,5
5035798,2021-09-01,2021-09-07,2021-09-09,2021-09-10,2021-09-13,8,4
5030595,2021-09-01,2021-09-07,2021-09-10,2021-09-13,2021-09-15,9,5
5027087,2021-09-01,2021-09-07,2021-09-09,2021-09-10,2021-09-13,8,4
5022481,2021-09-01,2021-09-07,2021-09-09,2021-09-13,2021-09-15,8,6
5031951,2021-09-01,2021-09-07,2021-09-10,2021-09-13,2021-09-15,9,5
5024568,2021-09-01,2021-09-07,2021-09-09,2021-09-10,2021-09-13,8,4
5023076,2021-09-01,2021-09-07,2021-09-13,2021-09-13,2021-09-15,12,2
5034042,2021-09-01,2021-09-07,2021-09-09,2021-09-13,2021-09-15,8,6
5024203,2021-09-01,2021-09-07,2021-09-13,2021-09-13,2021-09-15,12,2
5035964,2021-09-01,2021-09-07,2021-09-10,2021-09-13,2021-09-15,9,5
5023031,2021-09-01,2021-09-07,2021-09-13,2021-09-14,2021-09-16,12,3
5032261,2021-09-01,2021-09-07,2021-09-09,2021-09-10,2021-09-13,8,4
5034281,2021-09-01,2021-09-07,2021-09-09,2021-09-13,2021-09-15,8,6
5030038,2021-09-01,2021-09-07,2021-09-09,2021-09-10,2021-09-13,8,4
5021886,2021-09-01,2021-09-07,2021-09-10,2021-09-13,2021-09-15,9,5
5036604,2021-09-01,2021-09-07,2021-09-13,2021-09-13,2021-09-15,12,2
5028055,2021-09-01,2021-09-07,2021-09-09,2021-09-13,2021-09-15,8,6
5029214,2021-09-01,2021-09-07,2021-09-09,2021-09-13,2021-09-15,8,6
5027827,2021-09-01,2021-09-07,2021-09-10,2021-09-13,2021-09-15,9,5
5025699,2021-09-01,2021-09-07,2021-09-10,2021-09-13,2021-09-15,9,5
5027605,2021-09-01,2021-09-07,2021-09-09,2021-09-13,2021-09-15,8,6
5026392,2021-09-01,2021-09-07,2021-09-13,2021-09-13,2021-09-15,12,2
5030272,2021-09-01,2021-09-07,2021-09-10,2021-09-13,2021-09-15,9,5
5029348,2021-09-01,2021-09-07,2021-09-13,2021-09-13,2021-09-15,12,2
5033483,2021-09-01,2021-09-07,2021-09-09,2021-09-10,2021-09-13,8,4
5036254,2021-09-01,2021-09-07,2021-09-10,2021-09-13,2021-09-15,9,5
5034796,2021-09-01,2021-09-07,2021-09-09,2021-09-10,2021-09-13,8,4
5036483,2021-09-01,2021-09-08,2021-09-10,2021-09-13,2021-09-15,9,5
5028166,2021-09-01,2021-09-08,2021-09-10,2021-09-13,2021-09-15,9,5
5027001,2021-09-01,2021-09-08,2021-09-10,2021-09-13,2021-09-15,9,5
5036061,2021-09-01,2021-09-08,2021-09-10,2021-09-13,2021-09-15,9,5
5027435,2021-09-01,2021-09-08,2021-09-10,2021-09-13,2021-09-15,9,5
5029675,2021-09-01,2021-09-08,2021-09-10,2021-09-13,2021-09-15,9,5
5025902,2021-09-01,2021-09-08,2021-09-13,2021-09-13,2021-09-15,12,2
5029925,2021-09-01,2021-09-08,2021-09-10,2021-09-13,2021-09-15,9,5
5033667,2021-09-01,2021-09-08,2021-09-13,2021-09-14,2021-09-16,12,3
5029528,2021-09-01,2021-09-08,2021-09-10,2021-09-13,2021-09-15,9,5
5021925,2021-09-01,2021-09-08,2021-09-13,2021-09-13,2021-09-15,12,2
5028373,2021-09-01,2021-09-08,2021-09-10,2021-09-13,2021-09-15,9,5
5021450,2021-09-01,2021-09-08,2021-09-10,2021-09-13,2021-09-15,9,5
5035512,2021-09-01,2021-09-08,2021-09-10,2021-09-13,2021-09-15,9,5
5027187,2021-09-01,2021-09-08,2021-09-13,2021-09-13,2021-09-15,12,2
5033660,2021-09-01,2021-09-09,2021-09-13,2021-09-13,2021-09-15,12,2
5034633,2021-09-01,2021-09-09,2021-09-13,2021-09-13,2021-09-15,12,2
5027549,2021-09-01,2021-09-09,2021-09-13,2021-09-13,2021-09-15,12,2
5034667,2021-09-01,2021-09-09,2021-09-13,2021-09-16,2021-09-20,12,7
5037576,2021-09-01,2021-09-09,2021-09-13,2021-09-13,2021-09-15,12,2
5034045,2021-09-01,2021-09-10,2021-09-13,2021-09-13,2021-09-15,12,2
5022578,2021-09-02,2021-09-06,2021-09-06,2021-09-07,2021-09-09,4,3
5023536,2021-09-02,2021-09-06,2021-09-06,2021-09-07,2021-09-09,4,3
5037214,2021-09-02,2021-09-06,2021-09-06,2021-09-07,2021-09-09,4,3
5025037,2021-09-02,2021-09-06,2021-09-06,2021-09-07,2021-09-09,4,3
5028116,2021-09-02,2021-09-06,2021-09-06,2021-09-07,2021-09-09,4,3
5032495,2021-09-02,2021-09-06,2021-09-06,2021-09-07,2021-09-09,4,3
5033203,2021-09-02,2021-09-06,2021-09-06,2021-09-07,2021-09-09,4,3
5036368,2021-09-02,2021-09-06,2021-09-06,2021-09-07,2021-09-09,4,3
5022853,2021-09-02,2021-09-06,2021-09-06,2021-09-07,2021-09-09,4,3
5032073,2021-09-02,2021-09-06,2021-09-06,2021-09-07,2021-09-09,4,3
5026357,2021-09-02,2021-09-06,2021-09-06,2021-09-07,2021-09-09,4,3
5027898,2021-09-02,2021-09-06,2021-09-06,2021-09-07,2021-09-09,4,3
5035878,2021-09-02,2021-09-06,2021-09-06,2021-09-07,2021-09-09,4,3
5026787,2021-09-02,2021-09-06,2021-09-06,2021-09-07,2021-09-09,4,3
5031845,2021-09-02,2021-09-06,2021-09-06,2021-09-07,2021-09-09,4,3
5025420,2021-09-02,2021-09-06,2021-09-06,2021-09-07,2021-09-09,4,3
5024800,2021-09-02,2021-09-06,2021-09-06,2021-09-07,2021-09-09,4,3
5037261,2021-09-02,2021-09-06,2021-09-06,2021-09-07,2021-09-09,4,3
5031555,2021-09-02,2021-09-06,2021-09-06,2021-09-07,2021-09-09,4,3
5022335,2021-09-02,2021-09-06,2021-09-06,2021-09-07,2021-09-09,4,3
5027999,2021-09-02,2021-09-06,2021-09-06,2021-09-07,2021-09-09,4,3
5022484,2021-09-02,2021-09-06,2021-09-06,2021-09-07,2021-09-09,4,3
5036391,2021-09-02,2021-09-06,2021-09-06,2021-09-07,2021-09-09,4,3
5033129,2021-09-02,2021-09-06,2021-09-06,2021-09-08,2021-09-10,4,4
5037418,2021-09-02,2021-09-06,2021-09-06,2021-09-07,2021-09-09,4,3
5028946,2021-09-02,2021-09-06,2021-09-06,2021-09-07,2021-09-09,4,3
5027812,2021-09-02,2021-09-06,2021-09-06,2021-09-07,2021-09-09,4,3
5031249,2021-09-02,2021-09-06,2021-09-06,2021-09-07,2021-09-09,4,3
5026801,2021-09-02,2021-09-06,2021-09-06,2021-09-08,2021-09-10,4,4
5029031,2021-09-02,2021-09-06,2021-09-06,2021-09-07,2021-09-09,4,3
5036621,2021-09-02,2021-09-06,2021-09-06,2021-09-08,2021-09-10,4,4
5029749,2021-09-02,2021-09-06,2021-09-06,2021-09-07,2021-09-09,4,3
5032704,2021-09-02,2021-09-06,2021-09-06,2021-09-07,2021-09-09,4,3
5037641,2021-09-02,2021-09-06,2021-09-06,2021-09-07,2021-09-09,4,3
5027651,2021-09-02,2021-09-06,2021-09-06,2021-09-08,2021-09-10,4,4
5025518,2021-09-02,2021-09-06,2021-09-06,2021-09-07,2021-09-09,4,3
5024906,2021-09-02,2021-09-06,2021-09-06,2021-09-07,2021-09-09,4,3
5024837,2021-09-02,2021-09-06,2021-09-06,2021-09-10,2021-09-13,4,7
5032074,2021-09-02,2021-09-06,2021-09-06,2021-09-08,2021-09-10,4,4
5026472,2021-09-02,2021-09-06,2021-09-06,2021-09-07,2021-09-09,4,3
5030170,2021-09-02,2021-09-06,2021-09-06,2021-09-08,2021-09-10,4,4
5031262,2021-09-02,2021-09-06,2021-09-07,2021-09-08,2021-09-10,5,3
5035893,2021-09-02,2021-09-06,2021-09-07,2021-09-10,2021-09-13,5,6
5025772,2021-09-02,2021-09-06,2021-09-07,2021-09-09,2021-09-13,5,6
5031966,2021-09-02,2021-09-06,2021-09-07,2021-09-09,2021-09-13,5,6
5029098,2021-09-02,2021-09-06,2021-09-07,2021-09-08,2021-09-10,5,3
5030883,2021-09-02,2021-09-06,2021-09-07,2021-09-10,2021-09-13,5,6
5035630,2021-09-02,2021-09-06,2021-09-07,2021-09-08,2021-09-10,5,3
5025860,2021-09-02,2021-09-06,2021-09-07,2021-09-08,2021-09-10,5,3
5026758,2021-09-02,2021-09-06,2021-09-07,2021-09-08,2021-09-10,5,3
5030965,2021-09-02,2021-09-06,2021-09-07,2021-09-08,2021-09-10,5,3
5022903,2021-09-02,2021-09-06,2021-09-07,2021-09-09,2021-09-13,5,6
5032194,2021-09-02,2021-09-06,2021-09-08,2021-09-09,2021-09-13,6,5
5029708,2021-09-02,2021-09-06,2021-09-08,2021-09-10,2021-09-13,6,5
5027584,2021-09-02,2021-09-06,2021-09-08,2021-09-09,2021-09-13,6,5
5035877,2021-09-02,2021-09-06,2021-09-08,2021-09-09,2021-09-13,6,5
5037232,2021-09-02,2021-09-06,2021-09-08,2021-09-09,2021-09-13,6,5
5034907,2021-09-02,2021-09-06,2021-09-09,2021-09-10,2021-09-13,7,4
5028256,2021-09-02,2021-09-06,2021-09-09,2021-09-13,2021-09-15,7,6
5028133,2021-09-02,2021-09-06,2021-09-09,2021-09-10,2021-09-13,7,4
5034753,2021-09-02,2021-09-06,2021-09-09,2021-09-10,2021-09-13,7,4
5023148,2021-09-02,2021-09-06,2021-09-09,2021-09-10,2021-09-13,7,4
5022189,2021-09-02,2021-09-06,2021-09-09,2021-09-13,2021-09-15,7,6
5026230,2021-09-02,2021-09-06,2021-09-10,2021-09-13,2021-09-15,8,5
5026723,2021-09-02,2021-09-06,2021-09-10,2021-09-13,2021-09-15,8,5
5033715,2021-09-02,2021-09-06,2021-09-09,2021-09-10,2021-09-13,7,4
5029564,2021-09-02,2021-09-06,2021-09-06,2021-09-07,2021-09-09,4,3
5037278,2021-09-02,2021-09-06,2021-09-10,2021-09-13,2021-09-15,8,5
5037211,2021-09-02,2021-09-06,2021-09-08,2021-09-09,2021-09-13,6,5
5025748,2021-09-02,2021-09-06,2021-09-07,2021-09-08,2021-09-10,5,3
5025429,2021-09-02,2021-09-06,2021-09-08,2021-09-09,2021-09-13,6,5
5036688,2021-09-02,2021-09-06,2021-09-06,2021-09-09,2021-09-13,4,7
5023071,2021-09-02,2021-09-06,2021-09-06,2021-09-09,2021-09-13,4,7
5027470,2021-09-02,2021-09-06,2021-09-06,2021-09-07,2021-09-09,4,3
5031320,2021-09-02,2021-09-06,2021-09-08,2021-09-09,2021-09-13,6,5
5025392,2021-09-02,2021-09-06,2021-09-08,2021-09-09,2021-09-13,6,5
5036712,2021-09-02,2021-09-06,2021-09-08,2021-09-09,2021-09-13,6,5
5026639,2021-09-02,2021-09-06,2021-09-08,2021-09-09,2021-09-13,6,5
5023622,2021-09-02,2021-09-06,2021-09-06,2021-09-07,2021-09-09,4,3
5028085,2021-09-02,2021-09-06,2021-09-06,2021-09-07,2021-09-09,4,3
5032348,2021-09-02,2021-09-06,2021-09-08,2021-09-10,2021-09-13,6,5
5026117,2021-09-02,2021-09-06,2021-09-07,2021-09-08,2021-09-10,5,3
5036409,2021-09-02,2021-09-06,2021-09-09,2021-09-10,2021-09-13,7,4
5031536,2021-09-02,2021-09-06,2021-09-08,2021-09-09,2021-09-13,6,5
5022368,2021-09-02,2021-09-06,2021-09-09,2021-09-13,2021-09-15,7,6
5027614,2021-09-02,2021-09-06,2021-09-06,2021-09-08,2021-09-10,4,4
5024477,2021-09-02,2021-09-06,2021-09-09,2021-09-13,2021-09-15,7,6
5021420,2021-09-02,2021-09-06,2021-09-07,2021-09-08,2021-09-10,5,3
5030238,2021-09-02,2021-09-06,2021-09-09,2021-09-10,2021-09-13,7,4
5024352,2021-09-02,2021-09-06,2021-09-08,2021-09-09,2021-09-13,6,5
5036426,2021-09-02,2021-09-06,2021-09-08,2021-09-09,2021-09-13,6,5
5025992,2021-09-02,2021-09-06,2021-09-08,2021-09-10,2021-09-13,6,5
5025417,2021-09-02,2021-09-06,2021-09-08,2021-09-09,2021-09-13,6,5
5035598,2021-09-02,2021-09-06,2021-09-13,2021-09-14,2021-09-16,11,3
5027010,2021-09-02,2021-09-06,2021-09-08,2021-09-09,2021-09-13,6,5
5028051,2021-09-02,2021-09-06,2021-09-08,2021-09-09,2021-09-13,6,5
5029199,2021-09-02,2021-09-06,2021-09-06,2021-09-07,2021-09-09,4,3
5024516,2021-09-02,2021-09-06,2021-09-07,2021-09-08,2021-09-10,5,3
5024753,2021-09-02,2021-09-06,2021-09-07,2021-09-08,2021-09-10,5,3
5030734,2021-09-02,2021-09-06,2021-09-08,2021-09-09,2021-09-13,6,5
5029735,2021-09-02,2021-09-06,2021-09-07,2021-09-09,2021-09-13,5,6
5031288,2021-09-02,2021-09-06,2021-09-09,2021-09-10,2021-09-13,7,4
5033021,2021-09-02,2021-09-06,2021-09-08,2021-09-09,2021-09-13,6,5
5033755,2021-09-02,2021-09-06,2021-09-08,2021-09-09,2021-09-13,6,5
5033136,2021-09-02,2021-09-06,2021-09-06,2021-09-07,2021-09-09,4,3
5034820,2021-09-02,2021-09-06,2021-09-07,2021-09-08,2021-09-10,5,3
5026752,2021-09-02,2021-09-06,2021-09-08,2021-09-09,2021-09-13,6,5
5023361,2021-09-02,2021-09-06,2021-09-08,2021-09-09,2021-09-13,6,5
5034182,2021-09-02,2021-09-06,2021-09-07,2021-09-13,2021-09-15,5,8
5027439,2021-09-02,2021-09-06,2021-09-06,2021-09-07,2021-09-09,4,3
5037646,2021-09-02,2021-09-06,2021-09-08,2021-09-09,2021-09-13,6,5
5032953,2021-09-02,2021-09-06,2021-09-07,2021-09-08,2021-09-10,5,3
5030028,2021-09-02,2021-09-06,2021-09-08,2021-09-09,2021-09-13,6,5
5026582,2021-09-02,2021-09-06,2021-09-08,2021-09-09,2021-09-13,6,5
5030281,2021-09-02,2021-09-06,2021-09-06,2021-09-07,2021-09-09,4,3
5034748,2021-09-02,2021-09-06,2021-09-06,2021-09-08,2021-09-10,4,4
5024833,2021-09-02,2021-09-06,2021-09-10,2021-09-13,2021-09-15,8,5
5031838,2021-09-02,2021-09-06,2021-09-08,2021-09-09,2021-09-13,6,5
5024845,2021-09-02,2021-09-06,2021-09-07,2021-09-08,2021-09-10,5,3
5029056,2021-09-02,2021-09-06,2021-09-09,2021-09-10,2021-09-13,7,4
5030935,2021-09-02,2021-09-06,2021-09-08,2021-09-09,2021-09-13,6,5
5032382,2021-09-02,2021-09-06,2021-09-08,2021-09-10,2021-09-13,6,5
5030072,2021-09-02,2021-09-06,2021-09-07,2021-09-09,2021-09-13,5,6
5033472,2021-09-02,2021-09-06,2021-09-08,2021-09-09,2021-09-13,6,5
5032060,2021-09-02,2021-09-06,2021-09-09,2021-09-10,2021-09-13,7,4
5024828,2021-09-02,2021-09-06,2021-09-06,2021-09-07,2021-09-09,4,3
5031705,2021-09-02,2021-09-06,2021-09-07,2021-09-09,2021-09-13,5,6
5031821,2021-09-02,2021-09-06,2021-09-06,2021-09-07,2021-09-09,4,3
5035694,2021-09-02,2021-09-06,2021-09-08,2021-09-09,2021-09-13,6,5
5036659,2021-09-02,2021-09-06,2021-09-08,2021-09-09,2021-09-13,6,5
5030200,2021-09-02,2021-09-06,2021-09-06,2021-09-07,2021-09-09,4,3
5028806,2021-09-02,2021-09-06,2021-09-07,2021-09-08,2021-09-10,5,3
5029721,2021-09-02,2021-09-06,2021-09-09,2021-09-13,2021-09-15,7,6
5029896,2021-09-02,2021-09-06,2021-09-06,2021-09-07,2021-09-09,4,3
5025455,2021-09-02,2021-09-06,2021-09-07,2021-09-10,2021-09-13,5,6
5037415,2021-09-02,2021-09-06,2021-09-06,2021-09-08,2021-09-10,4,4
5021499,2021-09-02,2021-09-06,2021-09-08,2021-09-10,2021-09-13,6,5
5033753,2021-09-02,2021-09-06,2021-09-06,2021-09-07,2021-09-09,4,3
5032470,2021-09-02,2021-09-06,2021-09-10,2021-09-13,2021-09-15,8,5
5036413,2021-09-02,2021-09-06,2021-09-07,2021-09-08,2021-09-10,5,3
5023167,2021-09-02,2021-09-06,2021-09-09,2021-09-10,2021-09-13,7,4
5034270,2021-09-02,2021-09-06,2021-09-07,2021-09-08,2021-09-10,5,3
5022846,2021-09-02,2021-09-06,2021-09-07,2021-09-09,2021-09-13,5,6
5022863,2021-09-02,2021-09-06,2021-09-07,2021-09-08,2021-09-10,5,3
5022891,2021-09-02,2021-09-06,2021-09-06,2021-09-07,2021-09-09,4,3
5024689,2021-09-02,2021-09-06,2021-09-10,2021-09-13,2021-09-15,8,5
5027536,2021-09-02,2021-09-06,2021-09-08,2021-09-09,2021-09-13,6,5
5028819,2021-09-02,2021-09-06,2021-09-08,2021-09-13,2021-09-15,6,7
5024025,2021-09-02,2021-09-06,2021-09-09,2021-09-13,2021-09-15,7,6
5032406,2021-09-02,2021-09-06,2021-09-07,2021-09-08,2021-09-10,5,3
5026980,2021-09-02,2021-09-06,2021-09-09,2021-09-13,2021-09-15,7,6
5028121,2021-09-02,2021-09-06,2021-09-07,2021-09-08,2021-09-10,5,3
5022475,2021-09-02,2021-09-06,2021-09-07,2021-09-09,2021-09-13,5,6
5025913,2021-09-02,2021-09-06,2021-09-06,2021-09-07,2021-09-09,4,3
5022442,2021-09-02,2021-09-06,2021-09-08,2021-09-09,2021-09-13,6,5
5033830,2021-09-02,2021-09-06,2021-09-06,2021-09-08,2021-09-10,4,4
5029352,2021-09-02,2021-09-06,2021-09-06,2021-09-10,2021-09-13,4,7
5033750,2021-09-02,2021-09-06,2021-09-13,2021-09-13,2021-09-15,11,2
5036218,2021-09-02,2021-09-06,2021-09-07,2021-09-08,2021-09-10,5,3
5026780,2021-09-02,2021-09-06,2021-09-07,2021-09-08,2021-09-10,5,3
5023800,2021-09-02,2021-09-06,2021-09-06,2021-09-08,2021-09-10,4,4
5025876,2021-09-02,2021-09-06,2021-09-08,2021-09-09,2021-09-13,6,5
5032982,2021-09-02,2021-09-06,2021-09-10,2021-09-13,2021-09-15,8,5
5034228,2021-09-02,2021-09-06,2021-09-08,2021-09-09,2021-09-13,6,5
5028233,2021-09-02,2021-09-06,2021-09-06,2021-09-07,2021-09-09,4,3
5025859,2021-09-02,2021-09-06,2021-09-08,2021-09-09,2021-09-13,6,5
5022151,2021-09-02,2021-09-06,2021-09-07,2021-09-08,2021-09-10,5,3
5032719,2021-09-02,2021-09-06,2021-09-09,2021-09-10,2021-09-13,7,4
5036660,2021-09-02,2021-09-06,2021-09-08,2021-09-09,2021-09-13,6,5
5026051,2021-09-02,2021-09-06,2021-09-08,2021-09-10,2021-09-13,6,5
5023444,2021-09-02,2021-09-06,2021-09-07,2021-09-10,2021-09-13,5,6
5030232,2021-09-02,2021-09-06,2021-09-09,2021-09-10,2021-09-13,7,4
5026015,2021-09-02,2021-09-06,2021-09-06,2021-09-07,2021-09-09,4,3
5031112,2021-09-02,2021-09-06,2021-09-08,2021-09-10,2021-09-13,6,5
5032971,2021-09-02,2021-09-06,2021-09-06,2021-09-08,2021-09-10,4,4
5029100,2021-09-02,2021-09-06,2021-09-09,2021-09-10,2021-09-13,7,4
5034206,2021-09-02,2021-09-06,2021-09-08,2021-09-09,2021-09-13,6,5
5023318,2021-09-02,2021-09-06,2021-09-07,2021-09-08,2021-09-10,5,3
5033143,2021-09-02,2021-09-06,2021-09-07,2021-09-08,2021-09-10,5,3
5024863,2021-09-02,2021-09-06,2021-09-10,2021-09-13,2021-09-15,8,5
5025537,2021-09-02,2021-09-06,2021-09-09,2021-09-10,2021-09-13,7,4
5032668,2021-09-02,2021-09-06,2021-09-08,2021-09-10,2021-09-13,6,5
5032537,2021-09-02,2021-09-06,2021-09-08,2021-09-09,2021-09-13,6,5
5030331,2021-09-02,2021-09-06,2021-09-08,2021-09-09,2021-09-13,6,5
5029328,2021-09-02,2021-09-06,2021-09-08,2021-09-09,2021-09-13,6,5
5030461,2021-09-02,2021-09-06,2021-09-08,2021-09-10,2021-09-13,6,5
5024777,2021-09-02,2021-09-06,2021-09-09,2021-09-10,2021-09-13,7,4
5030706,2021-09-02,2021-09-06,2021-09-07,2021-09-08,2021-09-10,5,3
5027985,2021-09-02,2021-09-06,2021-09-06,2021-09-07,2021-09-09,4,3
5023971,2021-09-02,2021-09-06,2021-09-10,2021-09-13,2021-09-15,8,5
5026596,2021-09-02,2021-09-06,2021-09-10,2021-09-13,2021-09-15,8,5
5031922,2021-09-02,2021-09-06,2021-09-08,2021-09-09,2021-09-13,6,5
5029117,2021-09-02,2021-09-06,2021-09-08,2021-09-13,2021-09-15,6,7
5034233,2021-09-02,2021-09-06,2021-09-09,2021-09-10,2021-09-13,7,4
5022604,2021-09-02,2021-09-06,2021-09-07,2021-09-10,2021-09-13,5,6
5023001,2021-09-02,2021-09-06,2021-09-10,2021-09-13,2021-09-15,8,5
5029605,2021-09-02,2021-09-06,2021-09-08,2021-09-10,2021-09-13,6,5
5030657,2021-09-02,2021-09-06,2021-09-08,2021-09-09,2021-09-13,6,5
5026321,2021-09-02,2021-09-06,2021-09-06,2021-09-07,2021-09-09,4,3
5034840,2021-09-02,2021-09-06,2021-09-08,2021-09-09,2021-09-13,6,5
5025893,2021-09-02,2021-09-06,2021-09-10,2021-09-13,2021-09-15,8,5
5029443,2021-09-02,2021-09-06,2021-09-08,2021-09-09,2021-09-13,6,5
5022362,2021-09-02,2021-09-06,2021-09-07,2021-09-08,2021-09-10,5,3
5033446,2021-09-02,2021-09-06,2021-09-10,2021-09-13,2021-09-15,8,5
5021437,2021-09-02,2021-09-06,2021-09-09,2021-09-10,2021-09-13,7,4
5029498,2021-09-02,2021-09-06,2021-09-09,2021-09-10,2021-09-13,7,4
5022833,2021-09-02,2021-09-06,2021-09-07,2021-09-13,2021-09-15,5,8
5032183,2021-09-02,2021-09-06,2021-09-09,2021-09-10,2021-09-13,7,4
5033743,2021-09-02,2021-09-06,2021-09-08,2021-09-10,2021-09-13,6,5
5035060,2021-09-02,2021-09-06,2021-09-09,2021-09-10,2021-09-13,7,4
5028169,2021-09-02,2021-09-06,2021-09-08,2021-09-09,2021-09-13,6,5
5033835,2021-09-02,2021-09-06,2021-09-08,2021-09-13,2021-09-15,6,7
5022118,2021-09-02,2021-09-06,2021-09-08,2021-09-09,2021-09-13,6,5
5027317,2021-09-02,2021-09-06,2021-09-07,2021-09-09,2021-09-13,5,6
5036613,2021-09-02,2021-09-06,2021-09-09,2021-09-10,2021-09-13,7,4
5028213,2021-09-02,2021-09-06,2021-09-07,2021-09-08,2021-09-10,5,3
5023330,2021-09-02,2021-09-06,2021-09-07,2021-09-09,2021-09-13,5,6
5025999,2021-09-02,2021-09-06,2021-09-08,2021-09-09,2021-09-13,6,5
5030156,2021-09-02,2021-09-06,2021-09-06,2021-09-07,2021-09-09,4,3
5029646,2021-09-02,2021-09-06,2021-09-07,2021-09-09,2021-09-13,5,6
5030003,2021-09-02,2021-09-06,2021-09-08,2021-09-09,2021-09-13,6,5
5029107,2021-09-02,2021-09-06,2021-09-07,2021-09-09,2021-09-13,5,6
5028930,2021-09-02,2021-09-06,2021-09-13,2021-09-13,2021-09-15,11,2
5027534,2021-09-02,2021-09-06,2021-09-08,2021-09-10,2021-09-13,6,5
5030792,2021-09-02,2021-09-06,2021-09-06,2021-09-07,2021-09-09,4,3
5036782,2021-09-02,2021-09-06,2021-09-13,2021-09-13,2021-09-15,11,2
5034178,2021-09-02,2021-09-06,2021-09-13,2021-09-13,2021-09-15,11,2
5021921,2021-09-02,2021-09-06,2021-09-08,2021-09-10,2021-09-13,6,5
5030673,2021-09-02,2021-09-06,2021-09-08,2021-09-10,2021-09-13,6,5
5033739,2021-09-02,2021-09-06,2021-09-10,2021-09-13,2021-09-15,8,5
5028349,2021-09-02,2021-09-06,2021-09-08,2021-09-09,2021-09-13,6,5
5025825,2021-09-02,2021-09-06,2021-09-06,2021-09-07,2021-09-09,4,3
5036031,2021-09-02,2021-09-06,2021-09-08,2021-09-09,2021-09-13,6,5
5032000,2021-09-02,2021-09-06,2021-09-06,2021-09-07,2021-09-09,4,3
5033096,2021-09-02,2021-09-06,2021-09-09,2021-09-10,2021-09-13,7,4
5024952,2021-09-02,2021-09-06,2021-09-07,2021-09-08,2021-09-10,5,3
5033795,2021-09-02,2021-09-06,2021-09-07,2021-09-09,2021-09-13,5,6
5029782,2021-09-02,2021-09-06,2021-09-06,2021-09-07,2021-09-09,4,3
5026134,2021-09-02,2021-09-06,2021-09-06,2021-09-07,2021-09-09,4,3
5022930,2021-09-02,2021-09-06,2021-09-09,2021-09-10,2021-09-13,7,4
5027488,2021-09-02,2021-09-06,2021-09-08,2021-09-09,2021-09-13,6,5
5024724,2021-09-02,2021-09-06,2021-09-08,2021-09-09,2021-09-13,6,5
5033934,2021-09-02,2021-09-06,2021-09-09,2021-09-13,2021-09-15,7,6
5022342,2021-09-02,2021-09-06,2021-09-06,2021-09-08,2021-09-10,4,4
5030956,2021-09-02,2021-09-06,2021-09-08,2021-09-09,2021-09-13,6,5
5034689,2021-09-02,2021-09-06,2021-09-07,2021-09-08,2021-09-10,5,3
5026709,2021-09-02,2021-09-06,2021-09-07,2021-09-10,2021-09-13,5,6
5027349,2021-09-02,2021-09-06,2021-09-08,2021-09-10,2021-09-13,6,5
5030456,2021-09-02,2021-09-06,2021-09-08,2021-09-09,2021-09-13,6,5
5027577,2021-09-02,2021-09-06,2021-09-07,2021-09-09,2021-09-13,5,6
5034726,2021-09-02,2021-09-06,2021-09-08,2021-09-13,2021-09-15,6,7
5036277,2021-09-02,2021-09-06,2021-09-06,2021-09-07,2021-09-09,4,3
5023712,2021-09-02,2021-09-06,2021-09-08,2021-09-10,2021-09-13,6,5
5034702,2021-09-02,2021-09-06,2021-09-08,2021-09-10,2021-09-13,6,5
5031907,2021-09-02,2021-09-07,2021-09-13,2021-09-14,2021-09-16,11,3
5028138,2021-09-02,2021-09-07,2021-09-09,2021-09-10,2021-09-13,7,4
5021511,2021-09-02,2021-09-07,2021-09-09,2021-09-10,2021-09-13,7,4
5022868,2021-09-02,2021-09-07,2021-09-10,2021-09-13,2021-09-15,8,5
5022786,2021-09-02,2021-09-07,2021-09-09,2021-09-10,2021-09-13,7,4
5037269,2021-09-02,2021-09-07,2021-09-09,2021-09-10,2021-09-13,7,4
5034780,2021-09-02,2021-09-07,2021-09-09,2021-09-10,2021-09-13,7,4
5024668,2021-09-02,2021-09-07,2021-09-09,2021-09-10,2021-09-13,7,4
5034897,2021-09-02,2021-09-07,2021-09-09,2021-09-10,2021-09-13,7,4
5032062,2021-09-02,2021-09-07,2021-09-13,2021-09-13,2021-09-15,11,2
5024506,2021-09-02,2021-09-07,2021-09-13,2021-09-13,2021-09-15,11,2
5035599,2021-09-02,2021-09-07,2021-09-10,2021-09-13,2021-09-15,8,5
5036063,2021-09-02,2021-09-07,2021-09-09,2021-09-10,2021-09-13,7,4
5030338,2021-09-02,2021-09-07,2021-09-09,2021-09-10,2021-09-13,7,4
5036024,2021-09-02,2021-09-07,2021-09-13,2021-09-13,2021-09-15,11,2
5031316,2021-09-02,2021-09-07,2021-09-09,2021-09-10,2021-09-13,7,4
5022146,2021-09-02,2021-09-07,2021-09-09,2021-09-10,2021-09-13,7,4
5034981,2021-09-02,2021-09-07,2021-09-13,2021-09-15,2021-09-17,11,4
5021907,2021-09-02,2021-09-07,2021-09-14,2021-09-17,2021-09-20,12,6
5029986,2021-09-02,2021-09-07,2021-09-10,2021-09-13,2021-09-15,8,5
5026302,2021-09-02,2021-09-07,2021-09-09,2021-09-10,2021-09-13,7,4
5025527,2021-09-02,2021-09-07,2021-09-10,2021-09-13,2021-09-15,8,5
5030496,2021-09-02,2021-09-07,2021-09-09,2021-09-10,2021-09-13,7,4
5026941,2021-09-02,2021-09-07,2021-09-13,2021-09-13,2021-09-15,11,2
5036648,2021-09-02,2021-09-07,2021-09-09,2021-09-10,2021-09-13,7,4
5033373,2021-09-02,2021-09-07,2021-09-13,2021-09-13,2021-09-15,11,2
5031993,2021-09-02,2021-09-07,2021-09-09,2021-09-10,2021-09-13,7,4
5024238,2021-09-02,2021-09-07,2021-09-10,2021-09-13,2021-09-15,8,5
5036379,2021-09-02,2021-09-07,2021-09-09,2021-09-10,2021-09-13,7,4
5021503,2021-09-02,2021-09-07,2021-09-09,2021-09-13,2021-09-15,7,6
5025775,2021-09-02,2021-09-07,2021-09-10,2021-09-13,2021-09-15,8,5
5033774,2021-09-02,2021-09-07,2021-09-13,2021-09-13,2021-09-15,11,2
5029122,2021-09-02,2021-09-07,2021-09-09,2021-09-10,2021-09-13,7,4
5035702,2021-09-02,2021-09-07,2021-09-09,2021-09-13,2021-09-15,7,6
5024605,2021-09-02,2021-09-07,2021-09-13,2021-09-13,2021-09-15,11,2
5028384,2021-09-02,2021-09-07,2021-09-13,2021-09-13,2021-09-15,11,2
5029033,2021-09-02,2021-09-07,2021-09-09,2021-09-13,2021-09-15,7,6
5034899,2021-09-02,2021-09-07,2021-09-09,2021-09-10,2021-09-13,7,4
5033000,2021-09-02,2021-09-07,2021-09-09,2021-09-10,2021-09-13,7,4
5033555,2021-09-02,2021-09-07,2021-09-09,2021-09-10,2021-09-13,7,4
5029779,2021-09-02,2021-09-07,2021-09-09,2021-09-10,2021-09-13,7,4
5030821,2021-09-02,2021-09-07,2021-09-09,2021-09-13,2021-09-15,7,6
5029768,2021-09-02,2021-09-07,2021-09-13,2021-09-14,2021-09-16,11,3
5036527,2021-09-02,2021-09-07,2021-09-13,2021-09-13,2021-09-15,11,2
5022743,2021-09-02,2021-09-07,2021-09-09,2021-09-10,2021-09-13,7,4
5033791,2021-09-02,2021-09-07,2021-09-09,2021-09-13,2021-09-15,7,6
5036457,2021-09-02,2021-09-07,2021-09-09,2021-09-13,2021-09-15,7,6
5033502,2021-09-02,2021-09-07,2021-09-09,2021-09-10,2021-09-13,7,4
5023093,2021-09-02,2021-09-07,2021-09-10,2021-09-13,2021-09-15,8,5
5028157,2021-09-02,2021-09-07,2021-09-10,2021-09-15,2021-09-17,8,7
5021515,2021-09-02,2021-09-07,2021-09-10,2021-09-13,2021-09-15,8,5
5035945,2021-09-02,2021-09-07,2021-09-13,2021-09-13,2021-09-15,11,2
5033263,2021-09-02,2021-09-07,2021-09-09,2021-09-13,2021-09-15,7,6
5023454,2021-09-02,2021-09-07,2021-09-13,2021-09-13,2021-09-15,11,2
5024773,2021-09-02,2021-09-07,2021-09-14,2021-09-16,2021-09-20,12,6
5027028,2021-09-02,2021-09-08,2021-09-10,2021-09-13,2021-09-15,8,5
5024782,2021-09-02,2021-09-08,2021-09-10,2021-09-13,2021-09-15,8,5
5031554,2021-09-02,2021-09-08,2021-09-10,2021-09-13,2021-09-15,8,5
5021456,2021-09-02,2021-09-08,2021-09-10,2021-09-13,2021-09-15,8,5
5032046,2021-09-02,2021-09-08,2021-09-10,2021-09-13,2021-09-15,8,5
5029959,2021-09-02,2021-09-08,2021-09-10,2021-09-13,2021-09-15,8,5
5030574,2021-09-02,2021-09-08,2021-09-10,2021-09-14,2021-09-16,8,6
5032562,2021-09-02,2021-09-08,2021-09-10,2021-09-13,2021-09-15,8,5
5032188,2021-09-02,2021-09-08,2021-09-10,2021-09-13,2021-09-15,8,5
5032463,2021-09-02,2021-09-08,2021-09-10,2021-09-13,2021-09-15,8,5
5033771,2021-09-02,2021-09-08,2021-09-13,2021-09-14,2021-09-16,11,3
5028994,2021-09-02,2021-09-08,2021-09-10,2021-09-13,2021-09-15,8,5
5032016,2021-09-02,2021-09-08,2021-09-10,2021-09-13,2021-09-15,8,5
5032624,2021-09-02,2021-09-08,2021-09-13,2021-09-13,2021-09-15,11,2
5037281,2021-09-02,2021-09-08,2021-09-10,2021-09-13,2021-09-15,8,5
5035564,2021-09-02,2021-09-08,2021-09-10,2021-09-13,2021-09-15,8,5
5037037,2021-09-02,2021-09-08,2021-09-10,2021-09-13,2021-09-15,8,5
5030045,2021-09-02,2021-09-08,2021-09-13,2021-09-13,2021-09-15,11,2
5033170,2021-09-02,2021-09-08,2021-09-13,2021-09-15,2021-09-17,11,4
5024632,2021-09-02,2021-09-08,2021-09-10,2021-09-13,2021-09-15,8,5
5027841,2021-09-02,2021-09-08,2021-09-10,2021-09-13,2021-09-15,8,5
5029998,2021-09-02,2021-09-08,2021-09-13,2021-09-14,2021-09-16,11,3
5030222,2021-09-02,2021-09-08,2021-09-10,2021-09-13,2021-09-15,8,5
5032546,2021-09-02,2021-09-08,2021-09-13,2021-09-13,2021-09-15,11,2
5027570,2021-09-02,2021-09-08,2021-09-10,2021-09-13,2021-09-15,8,5
5037330,2021-09-02,2021-09-08,2021-09-10,2021-09-13,2021-09-15,8,5
5029280,2021-09-02,2021-09-08,2021-09-10,2021-09-13,2021-09-15,8,5
5030897,2021-09-02,2021-09-08,2021-09-13,2021-09-13,2021-09-15,11,2
5033433,2021-09-02,2021-09-08,2021-09-13,2021-09-14,2021-09-16,11,3
5029805,2021-09-02,2021-09-08,2021-09-13,2021-09-13,2021-09-15,11,2
5024750,2021-09-02,2021-09-08,2021-09-10,2021-09-13,2021-09-15,8,5
5032951,2021-09-02,2021-09-08,2021-09-13,2021-09-13,2021-09-15,11,2
5021792,2021-09-02,2021-09-08,2021-09-10,2021-09-13,2021-09-15,8,5
5025753,2021-09-02,2021-09-08,2021-09-10,2021-09-13,2021-09-15,8,5
5031257,2021-09-02,2021-09-08,2021-09-13,2021-09-13,2021-09-15,11,2
5021888,2021-09-02,2021-09-08,2021-09-13,2021-09-13,2021-09-15,11,2
5035907,2021-09-02,2021-09-08,2021-09-13,2021-09-14,2021-09-16,11,3
5037254,2021-09-02,2021-09-08,2021-09-10,2021-09-13,2021-09-15,8,5
5026251,2021-09-02,2021-09-08,2021-09-13,2021-09-13,2021-09-15,11,2
5028279,2021-09-02,2021-09-09,2021-09-13,2021-09-13,2021-09-15,11,2
5035765,2021-09-02,2021-09-09,2021-09-13,2021-09-13,2021-09-15,11,2
5033047,2021-09-02,2021-09-09,2021-09-13,2021-09-14,2021-09-16,11,3
5034217,2021-09-02,2021-09-09,2021-09-13,2021-09-13,2021-09-15,11,2
5035936,2021-09-02,2021-09-09,2021-09-13,2021-09-14,2021-09-16,11,3
5028296,2021-09-02,2021-09-09,2021-09-13,2021-09-13,2021-09-15,11,2
5023512,2021-09-02,2021-09-09,2021-09-13,2021-09-13,2021-09-15,11,2
5033044,2021-09-02,2021-09-09,2021-09-13,2021-09-14,2021-09-16,11,3
5035838,2021-09-02,2021-09-09,2021-09-13,2021-09-13,2021-09-15,11,2
5030318,2021-09-02,2021-09-09,2021-09-13,2021-09-13,2021-09-15,11,2
5022196,2021-09-02,2021-09-09,2021-09-13,2021-09-13,2021-09-15,11,2
5034106,2021-09-02,2021-09-09,2021-09-13,2021-09-14,2021-09-16,11,3
5024805,2021-09-02,2021-09-09,2021-09-13,2021-09-14,2021-09-16,11,3
5022038,2021-09-02,2021-09-09,2021-09-13,2021-09-13,2021-09-15,11,2
5023530,2021-09-02,2021-09-09,2021-09-13,2021-09-14,2021-09-16,11,3
5029692,2021-09-02,2021-09-10,2021-09-13,2021-09-14,2021-09-16,11,3
5025808,2021-09-02,2021-09-10,2021-09-13,2021-09-13,2021-09-15,11,2
5032256,2021-09-02,2021-09-10,2021-09-13,2021-09-14,2021-09-16,11,3
5036043,2021-09-03,2021-09-06,2021-09-07,2021-09-08,2021-09-10,4,3
5033690,2021-09-03,2021-09-06,2021-09-07,2021-09-08,2021-09-10,4,3
5023519,2021-09-03,2021-09-06,2021-09-07,2021-09-08,2021-09-10,4,3
5025061,2021-09-03,2021-09-06,2021-09-07,2021-09-08,2021-09-10,4,3
5033457,2021-09-03,2021-09-06,2021-09-07,2021-09-08,2021-09-10,4,3
5036580,2021-09-03,2021-09-06,2021-09-07,2021-09-08,2021-09-10,4,3
5030873,2021-09-03,2021-09-06,2021-09-07,2021-09-08,2021-09-10,4,3
5035043,2021-09-03,2021-09-06,2021-09-07,2021-09-08,2021-09-10,4,3
5032771,2021-09-03,2021-09-06,2021-09-07,2021-09-08,2021-09-10,4,3
5023303,2021-09-03,2021-09-06,2021-09-07,2021-09-08,2021-09-10,4,3
5025216,2021-09-03,2021-09-06,2021-09-07,2021-09-08,2021-09-10,4,3
5030052,2021-09-03,2021-09-06,2021-09-07,2021-09-08,2021-09-10,4,3
5024521,2021-09-03,2021-09-06,2021-09-07,2021-09-08,2021-09-10,4,3
5028432,2021-09-03,2021-09-06,2021-09-07,2021-09-08,2021-09-10,4,3
5033076,2021-09-03,2021-09-06,2021-09-07,2021-09-08,2021-09-10,4,3
5034272,2021-09-03,2021-09-06,2021-09-07,2021-09-08,2021-09-10,4,3
5031637,2021-09-03,2021-09-06,2021-09-07,2021-09-09,2021-09-13,4,6
5023352,2021-09-03,2021-09-06,2021-09-07,2021-09-09,2021-09-13,4,6
5021545,2021-09-03,2021-09-06,2021-09-07,2021-09-09,2021-09-13,4,6
5025885,2021-09-03,2021-09-06,2021-09-07,2021-09-09,2021-09-13,4,6
5027909,2021-09-03,2021-09-06,2021-09-07,2021-09-10,2021-09-13,4,6
5021929,2021-09-03,2021-09-06,2021-09-07,2021-09-08,2021-09-10,4,3
5034391,2021-09-03,2021-09-06,2021-09-07,2021-09-08,2021-09-10,4,3
5032862,2021-09-03,2021-09-06,2021-09-07,2021-09-08,2021-09-10,4,3
5029263,2021-09-03,2021-09-06,2021-09-07,2021-09-08,2021-09-10,4,3
5036002,2021-09-03,2021-09-06,2021-09-07,2021-09-08,2021-09-10,4,3
5022898,2021-09-03,2021-09-06,2021-09-07,2021-09-08,2021-09-10,4,3
5027632,2021-09-03,2021-09-06,2021-09-07,2021-09-08,2021-09-10,4,3
5035991,2021-09-03,2021-09-06,2021-09-07,2021-09-08,2021-09-10,4,3
5027702,2021-09-03,2021-09-06,2021-09-07,2021-09-09,2021-09-13,4,6
5030840,2021-09-03,2021-09-06,2021-09-07,2021-09-09,2021-09-13,4,6
5036011,2021-09-03,2021-09-06,2021-09-07,2021-09-08,2021-09-10,4,3
5033353,2021-09-03,2021-09-06,2021-09-08,2021-09-09,2021-09-13,5,5
5022975,2021-09-03,2021-09-06,2021-09-08,2021-09-09,2021-09-13,5,5
5034062,2021-09-03,2021-09-06,2021-09-08,2021-09-09,2021-09-13,5,5
5026981,2021-09-03,2021-09-06,2021-09-08,2021-09-09,2021-09-13,5,5
5032801,2021-09-03,2021-09-06,2021-09-08,2021-09-10,2021-09-13,5,5
5029889,2021-09-03,2021-09-06,2021-09-08,2021-09-09,2021-09-13,5,5
5026899,2021-09-03,2021-09-06,2021-09-08,2021-09-09,2021-09-13,5,5
5034028,2021-09-03,2021-09-06,2021-09-08,2021-09-09,2021-09-13,5,5
5033079,2021-09-03,2021-09-06,2021-09-08,2021-09-10,2021-09-13,5,5
5021979,2021-09-03,2021-09-06,2021-09-08,2021-09-09,2021-09-13,5,5
5036435,2021-09-03,2021-09-06,2021-09-09,2021-09-10,2021-09-13,6,4
5032240,2021-09-03,2021-09-06,2021-09-09,2021-09-13,2021-09-15,6,6
5023205,2021-09-03,2021-09-06,2021-09-09,2021-09-10,2021-09-13,6,4
5033188,2021-09-03,2021-09-06,2021-09-09,2021-09-10,2021-09-13,6,4
5025133,2021-09-03,2021-09-06,2021-09-09,2021-09-10,2021-09-13,6,4
5029506,2021-09-03,2021-09-06,2021-09-09,2021-09-10,2021-09-13,6,4
5035001,2021-09-03,2021-09-06,2021-09-09,2021-09-10,2021-09-13,6,4
5029204,2021-09-03,2021-09-06,2021-09-09,2021-09-10,2021-09-13,6,4
5034428,2021-09-03,2021-09-06,2021-09-09,2021-09-10,2021-09-13,6,4
5023641,2021-09-03,2021-09-06,2021-09-09,2021-09-13,2021-09-15,6,6
5024395,2021-09-03,2021-09-06,2021-09-10,2021-09-13,2021-09-15,7,5
5022941,2021-09-03,2021-09-06,2021-09-10,2021-09-13,2021-09-15,7,5
5034869,2021-09-03,2021-09-06,2021-09-10,2021-09-13,2021-09-15,7,5
5029629,2021-09-03,2021-09-06,2021-09-10,2021-09-13,2021-09-15,7,5
5023391,2021-09-03,2021-09-06,2021-09-08,2021-09-09,2021-09-13,5,5
5024193,2021-09-03,2021-09-06,2021-09-07,2021-09-08,2021-09-10,4,3
5033827,2021-09-03,2021-09-06,2021-09-07,2021-09-08,2021-09-10,4,3
5034489,2021-09-03,2021-09-06,2021-09-08,2021-09-09,2021-09-13,5,5
5029103,2021-09-03,2021-09-06,2021-09-07,2021-09-08,2021-09-10,4,3
5027013,2021-09-03,2021-09-06,2021-09-08,2021-09-09,2021-09-13,5,5
5028214,2021-09-03,2021-09-06,2021-09-08,2021-09-09,2021-09-13,5,5
5023760,2021-09-03,2021-09-06,2021-09-08,2021-09-09,2021-09-13,5,5
5022161,2021-09-03,2021-09-06,2021-09-09,2021-09-10,2021-09-13,6,4
5034817,2021-09-03,2021-09-06,2021-09-08,2021-09-09,2021-09-13,5,5
5021987,2021-09-03,2021-09-06,2021-09-07,2021-09-08,2021-09-10,4,3
5034285,2021-09-03,2021-09-06,2021-09-07,2021-09-08,2021-09-10,4,3
5036746,2021-09-03,2021-09-06,2021-09-08,2021-09-09,2021-09-13,5,5
5024110,2021-09-03,2021-09-06,2021-09-08,2021-09-10,2021-09-13,5,5
5023726,2021-09-03,2021-09-06,2021-09-08,2021-09-10,2021-09-13,5,5
5027374,2021-09-03,2021-09-06,2021-09-07,2021-09-08,2021-09-10,4,3
5025933,2021-09-03,2021-09-06,2021-09-08,2021-09-10,2021-09-13,5,5
5023060,2021-09-03,2021-09-06,2021-09-08,2021-09-09,2021-09-13,5,5
5030685,2021-09-03,2021-09-06,2021-09-08,2021-09-10,2021-09-13,5,5
5024957,2021-09-03,2021-09-06,2021-09-07,2021-09-08,2021-09-10,4,3
5025963,2021-09-03,2021-09-06,2021-09-08,2021-09-10,2021-09-13,5,5
5022540,2021-09-03,2021-09-06,2021-09-08,2021-09-09,2021-09-13,5,5
5027733,2021-09-03,2021-09-06,2021-09-10,2021-09-13,2021-09-15,7,5
5022871,2021-09-03,2021-09-06,2021-09-10,2021-09-13,2021-09-15,7,5
5021853,2021-09-03,2021-09-06,2021-09-08,2021-09-09,2021-09-13,5,5
5033512,2021-09-03,2021-09-06,2021-09-07,2021-09-08,2021-09-10,4,3
5033677,2021-09-03,2021-09-06,2021-09-07,2021-09-09,2021-09-13,4,6
5024902,2021-09-03,2021-09-06,2021-09-08,2021-09-10,2021-09-13,5,5
5029510,2021-09-03,2021-09-06,2021-09-08,2021-09-09,2021-09-13,5,5
5029532,2021-09-03,2021-09-06,2021-09-09,2021-09-10,2021-09-13,6,4
5021930,2021-09-03,2021-09-06,2021-09-07,2021-09-09,2021-09-13,4,6
5033480,2021-09-03,2021-09-06,2021-09-08,2021-09-09,2021-09-13,5,5
5027141,2021-09-03,2021-09-06,2021-09-07,2021-09-09,2021-09-13,4,6
5036085,2021-09-03,2021-09-06,2021-09-09,2021-09-13,2021-09-15,6,6
5037421,2021-09-03,2021-09-06,2021-09-07,2021-09-08,2021-09-10,4,3
5023126,2021-09-03,2021-09-06,2021-09-08,2021-09-09,2021-09-13,5,5
5026283,2021-09-03,2021-09-06,2021-09-07,2021-09-09,2021-09-13,4,6
5033445,2021-09-03,2021-09-06,2021-09-13,2021-09-13,2021-09-15,10,2
5026373,2021-09-03,2021-09-06,2021-09-08,2021-09-09,2021-09-13,5,5
5022238,2021-09-03,2021-09-06,2021-09-07,2021-09-08,2021-09-10,4,3
5035721,2021-09-03,2021-09-06,2021-09-08,2021-09-10,2021-09-13,5,5
5030173,2021-09-03,2021-09-06,2021-09-09,2021-09-10,2021-09-13,6,4
5023401,2021-09-03,2021-09-06,2021-09-08,2021-09-09,2021-09-13,5,5
5029883,2021-09-03,2021-09-06,2021-09-09,2021-09-10,2021-09-13,6,4
5035931,2021-09-03,2021-09-06,2021-09-08,2021-09-09,2021-09-13,5,5
5029929,2021-09-03,2021-09-06,2021-09-07,2021-09-08,2021-09-10,4,3
5027078,2021-09-03,2021-09-06,2021-09-09,2021-09-10,2021-09-13,6,4
5029227,2021-09-03,2021-09-06,2021-09-10,2021-09-13,2021-09-15,7,5
5032994,2021-09-03,2021-09-06,2021-09-08,2021-09-09,2021-09-13,5,5
5029296,2021-09-03,2021-09-06,2021-09-07,2021-09-08,2021-09-10,4,3
5028646,2021-09-03,2021-09-06,2021-09-07,2021-09-08,2021-09-10,4,3
5023191,2021-09-03,2021-09-06,2021-09-08,2021-09-09,2021-09-13,5,5
5023347,2021-09-03,2021-09-06,2021-09-10,2021-09-13,2021-09-15,7,5
5034306,2021-09-03,2021-09-06,2021-09-08,2021-09-10,2021-09-13,5,5
5033857,2021-09-03,2021-09-06,2021-09-13,2021-09-13,2021-09-15,10,2
5022625,2021-09-03,2021-09-06,2021-09-08,2021-09-09,2021-09-13,5,5
5021555,2021-09-03,2021-09-06,2021-09-08,2021-09-10,2021-09-13,5,5
5037403,2021-09-03,2021-09-06,2021-09-08,2021-09-09,2021-09-13,5,5
5029185,2021-09-03,2021-09-06,2021-09-08,2021-09-09,2021-09-13,5,5
5024664,2021-09-03,2021-09-06,2021-09-07,2021-09-08,2021-09-10,4,3
5029168,2021-09-03,2021-09-06,2021-09-08,2021-09-10,2021-09-13,5,5
5022931,2021-09-03,2021-09-06,2021-09-08,2021-09-09,2021-09-13,5,5
5028269,2021-09-03,2021-09-06,2021-09-10,2021-09-13,2021-09-15,7,5
5025764,2021-09-03,2021-09-06,2021-09-07,2021-09-10,2021-09-13,4,6
5025086,2021-09-03,2021-09-06,2021-09-08,2021-09-10,2021-09-13,5,5
5023541,2021-09-03,2021-09-06,2021-09-09,2021-09-10,2021-09-13,6,4
5030677,2021-09-03,2021-09-06,2021-09-07,2021-09-09,2021-09-13,4,6
5030787,2021-09-03,2021-09-06,2021-09-08,2021-09-09,2021-09-13,5,5
5034324,2021-09-03,2021-09-06,2021-09-08,2021-09-09,2021-09-13,5,5
5027591,2021-09-03,2021-09-06,2021-09-08,2021-09-10,2021-09-13,5,5
5032291,2021-09-03,2021-09-06,2021-09-08,2021-09-09,2021-09-13,5,5
5036765,2021-09-03,2021-09-06,2021-09-07,2021-09-09,2021-09-13,4,6
5025564,2021-09-03,2021-09-06,2021-09-09,2021-09-13,2021-09-15,6,6
5034063,2021-09-03,2021-09-06,2021-09-08,2021-09-10,2021-09-13,5,5
5030941,2021-09-03,2021-09-06,2021-09-08,2021-09-09,2021-09-13,5,5
5036225,2021-09-03,2021-09-06,2021-09-08,2021-09-09,2021-09-13,5,5
5024135,2021-09-03,2021-09-06,2021-09-07,2021-09-08,2021-09-10,4,3
5025787,2021-09-03,2021-09-06,2021-09-09,2021-09-10,2021-09-13,6,4
5030946,2021-09-03,2021-09-06,2021-09-07,2021-09-09,2021-09-13,4,6
5035959,2021-09-03,2021-09-06,2021-09-07,2021-09-09,2021-09-13,4,6
5027170,2021-09-03,2021-09-06,2021-09-08,2021-09-10,2021-09-13,5,5
5031767,2021-09-03,2021-09-06,2021-09-07,2021-09-09,2021-09-13,4,6
5026777,2021-09-03,2021-09-06,2021-09-09,2021-09-10,2021-09-13,6,4
5025769,2021-09-03,2021-09-06,2021-09-13,2021-09-13,2021-09-15,10,2
5030931,2021-09-03,2021-09-06,2021-09-09,2021-09-10,2021-09-13,6,4
5036609,2021-09-03,2021-09-06,2021-09-07,2021-09-08,2021-09-10,4,3
5022911,2021-09-03,2021-09-06,2021-09-10,2021-09-13,2021-09-15,7,5
5025187,2021-09-03,2021-09-06,2021-09-08,2021-09-09,2021-09-13,5,5
5029126,2021-09-03,2021-09-06,2021-09-07,2021-09-09,2021-09-13,4,6
5033957,2021-09-03,2021-09-06,2021-09-13,2021-09-13,2021-09-15,10,2
5036629,2021-09-03,2021-09-06,2021-09-08,2021-09-10,2021-09-13,5,5
5037296,2021-09-03,2021-09-06,2021-09-10,2021-09-13,2021-09-15,7,5
5027637,2021-09-03,2021-09-06,2021-09-07,2021-09-08,2021-09-10,4,3
5027654,2021-09-03,2021-09-06,2021-09-07,2021-09-08,2021-09-10,4,3
5025459,2021-09-03,2021-09-06,2021-09-08,2021-09-13,2021-09-15,5,7
5034435,2021-09-03,2021-09-06,2021-09-15,2021-09-16,2021-09-20,12,5
5027936,2021-09-03,2021-09-06,2021-09-08,2021-09-13,2021-09-15,5,7
5027244,2021-09-03,2021-09-06,2021-09-08,2021-09-09,2021-09-13,5,5
5024959,2021-09-03,2021-09-06,2021-09-10,2021-09-13,2021-09-15,7,5
5025010,2021-09-03,2021-09-06,2021-09-13,2021-09-13,2021-09-15,10,2
5029372,2021-09-03,2021-09-06,2021-09-09,2021-09-10,2021-09-13,6,4
5036055,2021-09-03,2021-09-06,2021-09-08,2021-09-09,2021-09-13,5,5
5036503,2021-09-03,2021-09-06,2021-09-08,2021-09-13,2021-09-15,5,7
5032139,2021-09-03,2021-09-06,2021-09-08,2021-09-10,2021-09-13,5,5
5029394,2021-09-03,2021-09-06,2021-09-08,2021-09-09,2021-09-13,5,5
5033901,2021-09-03,2021-09-06,2021-09-10,2021-09-13,2021-09-15,7,5
5025001,2021-09-03,2021-09-06,2021-09-08,2021-09-09,2021-09-13,5,5
5036044,2021-09-03,2021-09-06,2021-09-09,2021-09-10,2021-09-13,6,4
5034410,2021-09-03,2021-09-06,2021-09-07,2021-09-08,2021-09-10,4,3
5035909,2021-09-03,2021-09-06,2021-09-08,2021-09-13,2021-09-15,5,7
5023238,2021-09-03,2021-09-06,2021-09-08,2021-09-10,2021-09-13,5,5
5024947,2021-09-03,2021-09-06,2021-09-08,2021-09-09,2021-09-13,5,5
5037525,2021-09-03,2021-09-06,2021-09-09,2021-09-10,2021-09-13,6,4
5030234,2021-09-03,2021-09-06,2021-09-08,2021-09-09,2021-09-13,5,5
5023142,2021-09-03,2021-09-06,2021-09-07,2021-09-09,2021-09-13,4,6
5036137,2021-09-03,2021-09-06,2021-09-07,2021-09-08,2021-09-10,4,3
5032604,2021-09-03,2021-09-06,2021-09-10,2021-09-13,2021-09-15,7,5
5021364,2021-09-03,2021-09-07,2021-09-13,2021-09-13,2021-09-15,10,2
5021505,2021-09-03,2021-09-07,2021-09-09,2021-09-10,2021-09-13,6,4
5025538,2021-09-03,2021-09-07,2021-09-10,2021-09-13,2021-09-15,7,5
5027557,2021-09-03,2021-09-07,2021-09-09,2021-09-10,2021-09-13,6,4
5034845,2021-09-03,2021-09-07,2021-09-10,2021-09-13,2021-09-15,7,5
5027099,2021-09-03,2021-09-07,2021-09-09,2021-09-10,2021-09-13,6,4
5022518,2021-09-03,2021-09-07,2021-09-09,2021-09-10,2021-09-13,6,4
5030295,2021-09-03,2021-09-07,2021-09-09,2021-09-13,2021-09-15,6,6
5022775,2021-09-03,2021-09-07,2021-09-09,2021-09-13,2021-09-15,6,6
5032203,2021-09-03,2021-09-07,2021-09-09,2021-09-10,2021-09-13,6,4
5024995,2021-09-03,2021-09-07,2021-09-09,2021-09-10,2021-09-13,6,4
5026203,2021-09-03,2021-09-07,2021-09-09,2021-09-13,2021-09-15,6,6
5036468,2021-09-03,2021-09-07,2021-09-09,2021-09-10,2021-09-13,6,4
5024146,2021-09-03,2021-09-07,2021-09-09,2021-09-10,2021-09-13,6,4
5027552,2021-09-03,2021-09-07,2021-09-13,2021-09-13,2021-09-15,10,2
5031755,2021-09-03,2021-09-07,2021-09-13,2021-09-13,2021-09-15,10,2
5032848,2021-09-03,2021-09-07,2021-09-10,2021-09-13,2021-09-15,7,5
5031287,2021-09-03,2021-09-07,2021-09-13,2021-09-13,2021-09-15,10,2
5024852,2021-09-03,2021-09-07,2021-09-09,2021-09-10,2021-09-13,6,4
5035082,2021-09-03,2021-09-07,2021-09-10,2021-09-13,2021-09-15,7,5
5035782,2021-09-03,2021-09-07,2021-09-09,2021-09-10,2021-09-13,6,4
5025835,2021-09-03,2021-09-07,2021-09-10,2021-09-13,2021-09-15,7,5
5025533,2021-09-03,2021-09-07,2021-09-09,2021-09-10,2021-09-13,6,4
5021923,2021-09-03,2021-09-07,2021-09-09,2021-09-10,2021-09-13,6,4
5022154,2021-09-03,2021-09-07,2021-09-13,2021-09-14,2021-09-16,10,3
5029456,2021-09-03,2021-09-07,2021-09-09,2021-09-10,2021-09-13,6,4
5024940,2021-09-03,2021-09-07,2021-09-09,2021-09-10,2021-09-13,6,4
5022529,2021-09-03,2021-09-07,2021-09-10,2021-09-13,2021-09-15,7,5
5022490,2021-09-03,2021-09-07,2021-09-09,2021-09-13,2021-09-15,6,6
5028369,2021-09-03,2021-09-07,2021-09-09,2021-09-10,2021-09-13,6,4
5036123,2021-09-03,2021-09-07,2021-09-09,2021-09-10,2021-09-13,6,4
5033062,2021-09-03,2021-09-07,2021-09-13,2021-09-13,2021-09-15,10,2
5030242,2021-09-03,2021-09-07,2021-09-13,2021-09-13,2021-09-15,10,2
5030073,2021-09-03,2021-09-07,2021-09-09,2021-09-13,2021-09-15,6,6
5021841,2021-09-03,2021-09-07,2021-09-09,2021-09-13,2021-09-15,6,6
5031510,2021-09-03,2021-09-07,2021-09-09,2021-09-10,2021-09-13,6,4
5035641,2021-09-03,2021-09-07,2021-09-14,2021-09-16,2021-09-20,11,6
5027041,2021-09-03,2021-09-07,2021-09-09,2021-09-10,2021-09-13,6,4
5024143,2021-09-03,2021-09-07,2021-09-13,2021-09-13,2021-09-15,10,2
5031216,2021-09-03,2021-09-07,2021-09-13,2021-09-13,2021-09-15,10,2
5034088,2021-09-03,2021-09-07,2021-09-10,2021-09-13,2021-09-15,7,5
5024636,2021-09-03,2021-09-07,2021-09-09,2021-09-10,2021-09-13,6,4
5030744,2021-09-03,2021-09-07,2021-09-09,2021-09-10,2021-09-13,6,4
5021777,2021-09-03,2021-09-07,2021-09-09,2021-09-13,2021-09-15,6,6
5025057,2021-09-03,2021-09-07,2021-09-10,2021-09-13,2021-09-15,7,5
5026135,2021-09-03,2021-09-07,2021-09-09,2021-09-10,2021-09-13,6,4
5033769,2021-09-03,2021-09-07,2021-09-10,2021-09-13,2021-09-15,7,5
5026240,2021-09-03,2021-09-07,2021-09-09,2021-09-10,2021-09-13,6,4
5031324,2021-09-03,2021-09-07,2021-09-09,2021-09-10,2021-09-13,6,4
5030548,2021-09-03,2021-09-07,2021-09-13,2021-09-13,2021-09-15,10,2
5023718,2021-09-03,2021-09-07,2021-09-13,2021-09-13,2021-09-15,10,2
5033284,2021-09-03,2021-09-07,2021-09-09,2021-09-10,2021-09-13,6,4
5031202,2021-09-03,2021-09-07,2021-09-09,2021-09-10,2021-09-13,6,4
5029264,2021-09-03,2021-09-07,2021-09-09,2021-09-10,2021-09-13,6,4
5028599,2021-09-03,2021-09-07,2021-09-13,2021-09-13,2021-09-15,10,2
5033863,2021-09-03,2021-09-07,2021-09-09,2021-09-13,2021-09-15,6,6
5029333,2021-09-03,2021-09-07,2021-09-10,2021-09-13,2021-09-15,7,5
5026212,2021-09-03,2021-09-07,2021-09-09,2021-09-10,2021-09-13,6,4
5029114,2021-09-03,2021-09-07,2021-09-10,2021-09-13,2021-09-15,7,5
5032036,2021-09-03,2021-09-07,2021-09-09,2021-09-13,2021-09-15,6,6
5031719,2021-09-03,2021-09-07,2021-09-10,2021-09-13,2021-09-15,7,5
5034245,2021-09-03,2021-09-07,2021-09-09,2021-09-10,2021-09-13,6,4
5031073,2021-09-03,2021-09-07,2021-09-10,2021-09-13,2021-09-15,7,5
5021475,2021-09-03,2021-09-07,2021-09-10,2021-09-13,2021-09-15,7,5
5026470,2021-09-03,2021-09-07,2021-09-13,2021-09-15,2021-09-17,10,4
5022283,2021-09-03,2021-09-07,2021-09-09,2021-09-13,2021-09-15,6,6
5022887,2021-09-03,2021-09-07,2021-09-09,2021-09-10,2021-09-13,6,4
5033216,2021-09-03,2021-09-07,2021-09-10,2021-09-13,2021-09-15,7,5
5030980,2021-09-03,2021-09-07,2021-09-09,2021-09-10,2021-09-13,6,4
5036399,2021-09-03,2021-09-07,2021-09-09,2021-09-10,2021-09-13,6,4
5027333,2021-09-03,2021-09-07,2021-09-09,2021-09-13,2021-09-15,6,6
5027164,2021-09-03,2021-09-07,2021-09-14,2021-09-15,2021-09-17,11,3
5033405,2021-09-03,2021-09-07,2021-09-09,2021-09-10,2021-09-13,6,4
5025469,2021-09-03,2021-09-07,2021-09-13,2021-09-13,2021-09-15,10,2
5022768,2021-09-03,2021-09-07,2021-09-10,2021-09-13,2021-09-15,7,5
5032441,2021-09-03,2021-09-07,2021-09-09,2021-09-13,2021-09-15,6,6
5033837,2021-09-03,2021-09-07,2021-09-09,2021-09-13,2021-09-15,6,6
5034254,2021-09-03,2021-09-07,2021-09-09,2021-09-13,2021-09-15,6,6
5023050,2021-09-03,2021-09-07,2021-09-09,2021-09-10,2021-09-13,6,4
5029318,2021-09-03,2021-09-07,2021-09-09,2021-09-10,2021-09-13,6,4
5028447,2021-09-03,2021-09-07,2021-09-09,2021-09-10,2021-09-13,6,4
5035818,2021-09-03,2021-09-07,2021-09-10,2021-09-13,2021-09-15,7,5
5032140,2021-09-03,2021-09-07,2021-09-09,2021-09-10,2021-09-13,6,4
5029434,2021-09-03,2021-09-07,2021-09-13,2021-09-13,2021-09-15,10,2
5036583,2021-09-03,2021-09-08,2021-09-10,2021-09-13,2021-09-15,7,5
5032763,2021-09-03,2021-09-08,2021-09-13,2021-09-13,2021-09-15,10,2
5034781,2021-09-03,2021-09-08,2021-09-10,2021-09-13,2021-09-15,7,5
5034445,2021-09-03,2021-09-08,2021-09-13,2021-09-14,2021-09-16,10,3
5030390,2021-09-03,2021-09-08,2021-09-10,2021-09-13,2021-09-15,7,5
5032097,2021-09-03,2021-09-08,2021-09-10,2021-09-13,2021-09-15,7,5
5023719,2021-09-03,2021-09-08,2021-09-10,2021-09-13,2021-09-15,7,5
5034289,2021-09-03,2021-09-08,2021-09-10,2021-09-13,2021-09-15,7,5
5021625,2021-09-03,2021-09-08,2021-09-10,2021-09-13,2021-09-15,7,5
5023720,2021-09-03,2021-09-08,2021-09-10,2021-09-13,2021-09-15,7,5
5027865,2021-09-03,2021-09-08,2021-09-10,2021-09-13,2021-09-15,7,5
5022388,2021-09-03,2021-09-08,2021-09-10,2021-09-13,2021-09-15,7,5
5026129,2021-09-03,2021-09-08,2021-09-13,2021-09-13,2021-09-15,10,2
5028567,2021-09-03,2021-09-08,2021-09-10,2021-09-13,2021-09-15,7,5
5023708,2021-09-03,2021-09-08,2021-09-10,2021-09-13,2021-09-15,7,5
5027165,2021-09-03,2021-09-08,2021-09-10,2021-09-13,2021-09-15,7,5
5022171,2021-09-03,2021-09-08,2021-09-10,2021-09-13,2021-09-15,7,5
5022554,2021-09-03,2021-09-08,2021-09-10,2021-09-13,2021-09-15,7,5
5035000,2021-09-03,2021-09-08,2021-09-13,2021-09-14,2021-09-16,10,3
5026053,2021-09-03,2021-09-08,2021-09-10,2021-09-13,2021-09-15,7,5
5036760,2021-09-03,2021-09-08,2021-09-10,2021-09-13,2021-09-15,7,5
5036736,2021-09-03,2021-09-08,2021-09-14,2021-09-15,2021-09-17,11,3
5031819,2021-09-03,2021-09-08,2021-09-10,2021-09-13,2021-09-15,7,5
5022218,2021-09-03,2021-09-08,2021-09-10,2021-09-13,2021-09-15,7,5
5021938,2021-09-03,2021-09-08,2021-09-10,2021-09-13,2021-09-15,7,5
5033105,2021-09-03,2021-09-08,2021-09-10,2021-09-13,2021-09-15,7,5
5025167,2021-09-03,2021-09-08,2021-09-13,2021-09-13,2021-09-15,10,2
5030939,2021-09-03,2021-09-08,2021-09-10,2021-09-13,2021-09-15,7,5
5034226,2021-09-03,2021-09-08,2021-09-13,2021-09-13,2021-09-15,10,2
5030263,2021-09-03,2021-09-08,2021-09-10,2021-09-13,2021-09-15,7,5
5027701,2021-09-03,2021-09-08,2021-09-13,2021-09-13,2021-09-15,10,2
5035716,2021-09-03,2021-09-08,2021-09-10,2021-09-13,2021-09-15,7,5
5036440,2021-09-03,2021-09-08,2021-09-10,2021-09-13,2021-09-15,7,5
5036241,2021-09-03,2021-09-08,2021-09-13,2021-09-13,2021-09-15,10,2
5031137,2021-09-03,2021-09-08,2021-09-13,2021-09-13,2021-09-15,10,2
5029541,2021-09-03,2021-09-08,2021-09-10,2021-09-13,2021-09-15,7,5
5023389,2021-09-03,2021-09-08,2021-09-10,2021-09-13,2021-09-15,7,5
5036301,2021-09-03,2021-09-08,2021-09-10,2021-09-13,2021-09-15,7,5
5023199,2021-09-03,2021-09-08,2021-09-10,2021-09-13,2021-09-15,7,5
5035984,2021-09-03,2021-09-08,2021-09-10,2021-09-13,2021-09-15,7,5
5023164,2021-09-03,2021-09-08,2021-09-13,2021-09-13,2021-09-15,10,2
5034295,2021-09-03,2021-09-08,2021-09-13,2021-09-14,2021-09-16,10,3
5036930,2021-09-03,2021-09-08,2021-09-13,2021-09-13,2021-09-15,10,2
5022256,2021-09-03,2021-09-08,2021-09-10,2021-09-13,2021-09-15,7,5
5025435,2021-09-03,2021-09-08,2021-09-14,2021-09-15,2021-09-17,11,3
5035898,2021-09-03,2021-09-08,2021-09-13,2021-09-13,2021-09-15,10,2
5032125,2021-09-03,2021-09-08,2021-09-13,2021-09-13,2021-09-15,10,2
5024003,2021-09-03,2021-09-08,2021-09-10,2021-09-13,2021-09-15,7,5
5029798,2021-09-03,2021-09-08,2021-09-13,2021-09-15,2021-09-17,10,4
5033224,2021-09-03,2021-09-08,2021-09-10,2021-09-13,2021-09-15,7,5
5029684,2021-09-03,2021-09-08,2021-09-10,2021-09-13,2021-09-15,7,5
5036695,2021-09-03,2021-09-08,2021-09-13,2021-09-13,2021-09-15,10,2
5031021,2021-09-03,2021-09-08,2021-09-10,2021-09-13,2021-09-15,7,5
5026901,2021-09-03,2021-09-08,2021-09-10,2021-09-13,2021-09-15,7,5
5026845,2021-09-03,2021-09-08,2021-09-10,2021-09-13,2021-09-15,7,5
5036752,2021-09-03,2021-09-08,2021-09-10,2021-09-13,2021-09-15,7,5
5030342,2021-09-03,2021-09-08,2021-09-10,2021-09-13,2021-09-15,7,5
5027573,2021-09-03,2021-09-09,2021-09-13,2021-09-13,2021-09-15,10,2
5037550,2021-09-03,2021-09-09,2021-09-13,2021-09-13,2021-09-15,10,2
5036566,2021-09-03,2021-09-09,2021-09-13,2021-09-13,2021-09-15,10,2
5024983,2021-09-03,2021-09-09,2021-09-13,2021-09-14,2021-09-16,10,3
5029980,2021-09-03,2021-09-09,2021-09-13,2021-09-14,2021-09-16,10,3
5024856,2021-09-03,2021-09-09,2021-09-13,2021-09-13,2021-09-15,10,2
5030987,2021-09-03,2021-09-09,2021-09-13,2021-09-13,2021-09-15,10,2
5028855,2021-09-03,2021-09-09,2021-09-13,2021-09-13,2021-09-15,10,2
5033801,2021-09-03,2021-09-09,2021-09-13,2021-09-13,2021-09-15,10,2
5029283,2021-09-03,2021-09-09,2021-09-14,2021-09-15,2021-09-17,11,3
5030362,2021-09-03,2021-09-09,2021-09-13,2021-09-13,2021-09-15,10,2
5034311,2021-09-03,2021-09-09,2021-09-13,2021-09-13,2021-09-15,10,2
5030794,2021-09-03,2021-09-09,2021-09-13,2021-09-14,2021-09-16,10,3
5031623,2021-09-03,2021-09-09,2021-09-13,2021-09-13,2021-09-15,10,2
5032152,2021-09-03,2021-09-09,2021-09-13,2021-09-14,2021-09-16,10,3
5031325,2021-09-03,2021-09-09,2021-09-13,2021-09-13,2021-09-15,10,2
5029288,2021-09-03,2021-09-09,2021-09-13,2021-09-13,2021-09-15,10,2
5026165,2021-09-03,2021-09-09,2021-09-14,2021-09-15,2021-09-17,11,3
5032268,2021-09-03,2021-09-09,2021-09-14,2021-09-16,2021-09-20,11,6
5034777,2021-09-03,2021-09-09,2021-09-13,2021-09-14,2021-09-16,10,3
5036494,2021-09-03,2021-09-09,2021-09-14,2021-09-16,2021-09-20,11,6
5035174,2021-09-03,2021-09-09,2021-09-13,2021-09-13,2021-09-15,10,2
5024331,2021-09-03,2021-09-10,2021-09-13,2021-09-13,2021-09-15,10,2
5029094,2021-09-03,2021-09-10,2021-09-13,2021-09-14,2021-09-16,10,3
5032182,2021-09-03,2021-09-10,2021-09-13,2021-09-13,2021-09-15,10,2
5031649,2021-09-03,2021-09-10,2021-09-13,2021-09-13,2021-09-15,10,2
5026833,2021-09-03,2021-09-10,2021-09-13,2021-09-14,2021-09-16,10,3
5021983,2021-09-03,2021-09-10,2021-09-13,2021-09-14,2021-09-16,10,3
5023709,2021-09-03,2021-09-10,2021-09-13,2021-09-14,2021-09-16,10,3
5036700,2021-09-03,2021-09-10,2021-09-13,2021-09-14,2021-09-16,10,3
5034265,2021-09-03,2021-09-10,2021-09-13,2021-09-13,2021-09-15,10,2
5030838,2021-09-03,2021-09-10,2021-09-13,2021-09-14,2021-09-16,10,3
5030182,2021-09-03,2021-09-10,2021-09-13,2021-09-13,2021-09-15,10,2
5034358,2021-09-03,2021-09-10,2021-09-14,2021-09-15,2021-09-17,11,3
5022011,2021-09-03,2021-09-10,2021-09-17,2021-09-20,,14,
5025890,2021-09-03,2021-09-10,2021-09-13,2021-09-15,2021-09-17,10,4
5031348,2021-09-03,2021-09-10,2021-09-13,2021-09-13,2021-09-15,10,2
5022926,2021-09-03,2021-09-10,2021-09-14,2021-09-17,2021-09-20,11,6
5034269,2021-09-03,2021-09-10,2021-09-13,2021-09-14,2021-09-16,10,3
5032803,2021-09-03,2021-09-13,2021-09-15,2021-09-16,2021-09-20,12,5
5021994,2021-09-03,2021-09-13,2021-09-14,2021-09-15,2021-09-17,11,3
5024950,2021-09-03,2021-09-13,2021-09-14,2021-09-15,2021-09-17,11,3
5027951,2021-09-03,2021-09-13,2021-09-15,2021-09-17,2021-09-20,12,5
5024973,2021-09-03,2021-09-13,2021-09-14,2021-09-16,2021-09-20,11,6
5027270,2021-09-03,2021-09-13,2021-09-13,2021-09-14,2021-09-16,10,3
5032318,2021-09-03,2021-09-13,2021-09-13,2021-09-14,2021-09-16,10,3
5035294,2021-09-03,2021-09-13,2021-09-13,2021-09-14,2021-09-16,10,3
5033311,2021-09-03,2021-09-13,2021-09-14,2021-09-17,2021-09-20,11,6
5028243,2021-09-03,2021-09-13,2021-09-16,2021-09-20,,13,
5036679,2021-09-04,2021-09-06,2021-09-08,2021-09-09,2021-09-13,4,5
5022024,2021-09-04,2021-09-06,2021-09-08,2021-09-09,2021-09-13,4,5
5029346,2021-09-04,2021-09-06,2021-09-08,2021-09-09,2021-09-13,4,5
5022725,2021-09-04,2021-09-06,2021-09-08,2021-09-09,2021-09-13,4,5
5022644,2021-09-04,2021-09-06,2021-09-08,2021-09-09,2021-09-13,4,5
5036405,2021-09-04,2021-09-06,2021-09-08,2021-09-09,2021-09-13,4,5
5028374,2021-09-04,2021-09-06,2021-09-08,2021-09-09,2021-09-13,4,5
5032905,2021-09-04,2021-09-06,2021-09-08,2021-09-09,2021-09-13,4,5
5028449,2021-09-04,2021-09-06,2021-09-08,2021-09-09,2021-09-13,4,5
5036104,2021-09-04,2021-09-06,2021-09-08,2021-09-09,2021-09-13,4,5
5036655,2021-09-04,2021-09-06,2021-09-08,2021-09-09,2021-09-13,4,5
5033367,2021-09-04,2021-09-06,2021-09-08,2021-09-09,2021-09-13,4,5
5034572,2021-09-04,2021-09-06,2021-09-08,2021-09-09,2021-09-13,4,5
5036819,2021-09-04,2021-09-06,2021-09-08,2021-09-09,2021-09-13,4,5
5029854,2021-09-04,2021-09-06,2021-09-08,2021-09-09,2021-09-13,4,5
5025041,2021-09-04,2021-09-06,2021-09-08,2021-09-09,2021-09-13,4,5
5021562,2021-09-04,2021-09-06,2021-09-08,2021-09-10,2021-09-13,4,5
5028633,2021-09-04,2021-09-06,2021-09-08,2021-09-10,2021-09-13,4,5
5030069,2021-09-04,2021-09-06,2021-09-08,2021-09-09,2021-09-13,4,5
5025376,2021-09-04,2021-09-06,2021-09-08,2021-09-09,2021-09-13,4,5
5026404,2021-09-04,2021-09-06,2021-09-08,2021-09-10,2021-09-13,4,5
5027986,2021-09-04,2021-09-06,2021-09-08,2021-09-09,2021-09-13,4,5
5029519,2021-09-04,2021-09-06,2021-09-08,2021-09-13,2021-09-15,4,7
5024986,2021-09-04,2021-09-06,2021-09-08,2021-09-10,2021-09-13,4,5
5029633,2021-09-04,2021-09-06,2021-09-08,2021-09-09,2021-09-13,4,5
5036652,2021-09-04,2021-09-06,2021-09-08,2021-09-09,2021-09-13,4,5
5029864,2021-09-04,2021-09-06,2021-09-09,2021-09-10,2021-09-13,5,4
5030876,2021-09-04,2021-09-06,2021-09-09,2021-09-10,2021-09-13,5,4
5032374,2021-09-04,2021-09-06,2021-09-09,2021-09-13,2021-09-15,5,6
5027676,2021-09-04,2021-09-06,2021-09-09,2021-09-13,2021-09-15,5,6
5037285,2021-09-04,2021-09-06,2021-09-09,2021-09-10,2021-09-13,5,4
5032893,2021-09-04,2021-09-06,2021-09-09,2021-09-10,2021-09-13,5,4
5030780,2021-09-04,2021-09-06,2021-09-09,2021-09-10,2021-09-13,5,4
5022954,2021-09-04,2021-09-06,2021-09-09,2021-09-10,2021-09-13,5,4
5025064,2021-09-04,2021-09-06,2021-09-09,2021-09-10,2021-09-13,5,4
5029526,2021-09-04,2021-09-06,2021-09-10,2021-09-13,2021-09-15,6,5
5036554,2021-09-04,2021-09-06,2021-09-10,2021-09-13,2021-09-15,6,5
5032146,2021-09-04,2021-09-06,2021-09-10,2021-09-13,2021-09-15,6,5
5025811,2021-09-04,2021-09-06,2021-09-10,2021-09-13,2021-09-15,6,5
5033929,2021-09-04,2021-09-06,2021-09-10,2021-09-13,2021-09-15,6,5
5027819,2021-09-04,2021-09-06,2021-09-10,2021-09-13,2021-09-15,6,5
5024911,2021-09-04,2021-09-06,2021-09-10,2021-09-13,2021-09-15,6,5
5022176,2021-09-04,2021-09-06,2021-09-13,2021-09-13,2021-09-15,9,2
5024405,2021-09-04,2021-09-06,2021-09-13,2021-09-13,2021-09-15,9,2
5025122,2021-09-04,2021-09-06,2021-09-13,2021-09-13,2021-09-15,9,2
5025065,2021-09-04,2021-09-06,2021-09-13,2021-09-13,2021-09-15,9,2
5024211,2021-09-04,2021-09-06,2021-09-09,2021-09-13,2021-09-15,5,6
5031163,2021-09-04,2021-09-06,2021-09-08,2021-09-09,2021-09-13,4,5
5030064,2021-09-04,2021-09-06,2021-09-10,2021-09-13,2021-09-15,6,5
5030408,2021-09-04,2021-09-06,2021-09-08,2021-09-09,2021-09-13,4,5
5027671,2021-09-04,2021-09-06,2021-09-08,2021-09-09,2021-09-13,4,5
5034081,2021-09-04,2021-09-06,2021-09-08,2021-09-09,2021-09-13,4,5
5028473,2021-09-04,2021-09-06,2021-09-13,2021-09-13,2021-09-15,9,2
5021494,2021-09-04,2021-09-06,2021-09-13,2021-09-14,2021-09-16,9,3
5030520,2021-09-04,2021-09-06,2021-09-08,2021-09-09,2021-09-13,4,5
5036323,2021-09-04,2021-09-06,2021-09-08,2021-09-09,2021-09-13,4,5
5029619,2021-09-04,2021-09-06,2021-09-08,2021-09-09,2021-09-13,4,5
5022882,2021-09-04,2021-09-06,2021-09-13,2021-09-13,2021-09-15,9,2
5025590,2021-09-04,2021-09-06,2021-09-08,2021-09-09,2021-09-13,4,5
5027122,2021-09-04,2021-09-06,2021-09-08,2021-09-10,2021-09-13,4,5
5026811,2021-09-04,2021-09-06,2021-09-08,2021-09-09,2021-09-13,4,5
5022001,2021-09-04,2021-09-06,2021-09-08,2021-09-10,2021-09-13,4,5
5036129,2021-09-04,2021-09-06,2021-09-08,2021-09-09,2021-09-13,4,5
5033273,2021-09-04,2021-09-06,2021-09-08,2021-09-09,2021-09-13,4,5
5032331,2021-09-04,2021-09-06,2021-09-13,2021-09-13,2021-09-15,9,2
5028465,2021-09-04,2021-09-06,2021-09-10,2021-09-13,2021-09-15,6,5
5035819,2021-09-04,2021-09-06,2021-09-08,2021-09-10,2021-09-13,4,5
5027679,2021-09-04,2021-09-06,2021-09-08,2021-09-09,2021-09-13,4,5
5022021,2021-09-04,2021-09-06,2021-09-08,2021-09-09,2021-09-13,4,5
5021566,2021-09-04,2021-09-06,2021-09-08,2021-09-09,2021-09-13,4,5
5030151,2021-09-04,2021-09-06,2021-09-13,2021-09-13,2021-09-15,9,2
5025140,2021-09-04,2021-09-06,2021-09-13,2021-09-14,2021-09-16,9,3
5033533,2021-09-04,2021-09-06,2021-09-08,2021-09-10,2021-09-13,4,5
5021550,2021-09-04,2021-09-06,2021-09-14,2021-09-15,2021-09-17,10,3
5030925,2021-09-04,2021-09-06,2021-09-09,2021-09-13,2021-09-15,5,6
5034580,2021-09-04,2021-09-06,2021-09-08,2021-09-09,2021-09-13,4,5
5021631,2021-09-04,2021-09-06,2021-09-10,2021-09-13,2021-09-15,6,5
5021675,2021-09-04,2021-09-06,2021-09-10,2021-09-13,2021-09-15,6,5
5029085,2021-09-04,2021-09-06,2021-09-09,2021-09-10,2021-09-13,5,4
5030442,2021-09-04,2021-09-06,2021-09-08,2021-09-09,2021-09-13,4,5
5025201,2021-09-04,2021-09-06,2021-09-10,2021-09-13,2021-09-15,6,5
5026429,2021-09-04,2021-09-06,2021-09-10,2021-09-13,2021-09-15,6,5
5034605,2021-09-04,2021-09-06,2021-09-09,2021-09-13,2021-09-15,5,6
5033873,2021-09-04,2021-09-06,2021-09-10,2021-09-13,2021-09-15,6,5
5033538,2021-09-04,2021-09-06,2021-09-09,2021-09-13,2021-09-15,5,6
5022671,2021-09-04,2021-09-06,2021-09-09,2021-09-10,2021-09-13,5,4
5034515,2021-09-04,2021-09-06,2021-09-13,2021-09-13,2021-09-15,9,2
5033650,2021-09-04,2021-09-06,2021-09-08,2021-09-09,2021-09-13,4,5
5025032,2021-09-04,2021-09-06,2021-09-08,2021-09-09,2021-09-13,4,5
5036757,2021-09-04,2021-09-07,2021-09-09,2021-09-10,2021-09-13,5,4
5033603,2021-09-04,2021-09-07,2021-09-09,2021-09-10,2021-09-13,5,4
5032307,2021-09-04,2021-09-07,2021-09-09,2021-09-13,2021-09-15,5,6
5034531,2021-09-04,2021-09-07,2021-09-09,2021-09-10,2021-09-13,5,4
5023700,2021-09-04,2021-09-07,2021-09-09,2021-09-10,2021-09-13,5,4
5021591,2021-09-04,2021-09-07,2021-09-09,2021-09-10,2021-09-13,5,4
5031189,2021-09-04,2021-09-07,2021-09-10,2021-09-13,2021-09-15,6,5
5029551,2021-09-04,2021-09-07,2021-09-09,2021-09-10,2021-09-13,5,4
5033528,2021-09-04,2021-09-07,2021-09-09,2021-09-13,2021-09-15,5,6
5035829,2021-09-04,2021-09-07,2021-09-09,2021-09-10,2021-09-13,5,4
5032807,2021-09-04,2021-09-07,2021-09-09,2021-09-10,2021-09-13,5,4
5031715,2021-09-04,2021-09-07,2021-09-09,2021-09-13,2021-09-15,5,6
5028478,2021-09-04,2021-09-07,2021-09-09,2021-09-10,2021-09-13,5,4
5033866,2021-09-04,2021-09-07,2021-09-10,2021-09-13,2021-09-15,6,5
5032677,2021-09-04,2021-09-07,2021-09-09,2021-09-10,2021-09-13,5,4
5025193,2021-09-04,2021-09-07,2021-09-13,2021-09-13,2021-09-15,9,2
5023409,2021-09-04,2021-09-07,2021-09-09,2021-09-13,2021-09-15,5,6
5032638,2021-09-04,2021-09-07,2021-09-09,2021-09-10,2021-09-13,5,4
5022535,2021-09-04,2021-09-07,2021-09-09,2021-09-10,2021-09-13,5,4
5022802,2021-09-04,2021-09-07,2021-09-09,2021-09-10,2021-09-13,5,4
5034021,2021-09-04,2021-09-07,2021-09-09,2021-09-10,2021-09-13,5,4
5029173,2021-09-04,2021-09-07,2021-09-09,2021-09-10,2021-09-13,5,4
5022347,2021-09-04,2021-09-07,2021-09-13,2021-09-14,2021-09-16,9,3
5036201,2021-09-04,2021-09-07,2021-09-09,2021-09-10,2021-09-13,5,4
5034092,2021-09-04,2021-09-07,2021-09-09,2021-09-13,2021-09-15,5,6
5027297,2021-09-04,2021-09-07,2021-09-13,2021-09-13,2021-09-15,9,2
5034906,2021-09-04,2021-09-07,2021-09-10,2021-09-13,2021-09-15,6,5
5023159,2021-09-04,2021-09-07,2021-09-09,2021-09-10,2021-09-13,5,4
5032564,2021-09-04,2021-09-07,2021-09-16,2021-09-17,2021-09-20,12,4
5033463,2021-09-04,2021-09-07,2021-09-09,2021-09-10,2021-09-13,5,4
5029829,2021-09-04,2021-09-07,2021-09-09,2021-09-10,2021-09-13,5,4
5026952,2021-09-04,2021-09-07,2021-09-09,2021-09-10,2021-09-13,5,4
5026493,2021-09-04,2021-09-07,2021-09-10,2021-09-13,2021-09-15,6,5
5027312,2021-09-04,2021-09-07,2021-09-10,2021-09-13,2021-09-15,6,5
5028261,2021-09-04,2021-09-07,2021-09-09,2021-09-10,2021-09-13,5,4
5023753,2021-09-04,2021-09-07,2021-09-09,2021-09-13,2021-09-15,5,6
5033387,2021-09-04,2021-09-07,2021-09-09,2021-09-13,2021-09-15,5,6
5031896,2021-09-04,2021-09-07,2021-09-09,2021-09-10,2021-09-13,5,4
5022643,2021-09-04,2021-09-07,2021-09-13,2021-09-13,2021-09-15,9,2
5036320,2021-09-04,2021-09-07,2021-09-09,2021-09-13,2021-09-15,5,6
5030303,2021-09-04,2021-09-07,2021-09-13,2021-09-13,2021-09-15,9,2
5031024,2021-09-04,2021-09-07,2021-09-13,2021-09-13,2021-09-15,9,2
5032199,2021-09-04,2021-09-07,2021-09-13,2021-09-13,2021-09-15,9,2
5034968,2021-09-04,2021-09-07,2021-09-09,2021-09-13,2021-09-15,5,6
5021670,2021-09-04,2021-09-07,2021-09-09,2021-09-10,2021-09-13,5,4
5023745,2021-09-04,2021-09-07,2021-09-13,2021-09-13,2021-09-15,9,2
5023543,2021-09-04,2021-09-07,2021-09-10,2021-09-13,2021-09-15,6,5
5033606,2021-09-04,2021-09-07,2021-09-09,2021-09-10,2021-09-13,5,4
5023260,2021-09-04,2021-09-07,2021-09-10,2021-09-13,2021-09-15,6,5
5025454,2021-09-04,2021-09-07,2021-09-13,2021-09-15,2021-09-17,9,4
5033192,2021-09-04,2021-09-07,2021-09-09,2021-09-10,2021-09-13,5,4
5022981,2021-09-04,2021-09-07,2021-09-10,2021-09-13,2021-09-15,6,5
5027633,2021-09-04,2021-09-07,2021-09-10,2021-09-13,2021-09-15,6,5
5021642,2021-09-04,2021-09-07,2021-09-09,2021-09-13,2021-09-15,5,6
5036310,2021-09-04,2021-09-08,2021-09-10,2021-09-13,2021-09-15,6,5
5022459,2021-09-04,2021-09-08,2021-09-13,2021-09-15,2021-09-17,9,4
5035201,2021-09-04,2021-09-08,2021-09-10,2021-09-13,2021-09-15,6,5
5036800,2021-09-04,2021-09-08,2021-09-13,2021-09-13,2021-09-15,9,2
5027823,2021-09-04,2021-09-08,2021-09-10,2021-09-13,2021-09-15,6,5
5027808,2021-09-04,2021-09-08,2021-09-13,2021-09-13,2021-09-15,9,2
5029753,2021-09-04,2021-09-08,2021-09-10,2021-09-13,2021-09-15,6,5
5023358,2021-09-04,2021-09-08,2021-09-10,2021-09-13,2021-09-15,6,5
5022398,2021-09-04,2021-09-08,2021-09-10,2021-09-13,2021-09-15,6,5
5027630,2021-09-04,2021-09-08,2021-09-13,2021-09-13,2021-09-15,9,2
5025546,2021-09-04,2021-09-08,2021-09-10,2021-09-13,2021-09-15,6,5
5033477,2021-09-04,2021-09-08,2021-09-10,2021-09-13,2021-09-15,6,5
5022638,2021-09-04,2021-09-08,2021-09-10,2021-09-13,2021-09-15,6,5
5031612,2021-09-04,2021-09-08,2021-09-10,2021-09-13,2021-09-15,6,5
5023206,2021-09-04,2021-09-08,2021-09-10,2021-09-13,2021-09-15,6,5
5030425,2021-09-04,2021-09-08,2021-09-10,2021-09-13,2021-09-15,6,5
5029813,2021-09-04,2021-09-08,2021-09-10,2021-09-13,2021-09-15,6,5
5028427,2021-09-04,2021-09-08,2021-09-15,2021-09-16,2021-09-20,11,5
5023479,2021-09-04,2021-09-08,2021-09-10,2021-09-13,2021-09-15,6,5
5034076,2021-09-04,2021-09-08,2021-09-10,2021-09-13,2021-09-15,6,5
5021506,2021-09-04,2021-09-08,2021-09-13,2021-09-13,2021-09-15,9,2
5025786,2021-09-04,2021-09-08,2021-09-10,2021-09-13,2021-09-15,6,5
5023674,2021-09-04,2021-09-08,2021-09-13,2021-09-13,2021-09-15,9,2
5026814,2021-09-04,2021-09-08,2021-09-10,2021-09-13,2021-09-15,6,5
5026119,2021-09-04,2021-09-08,2021-09-13,2021-09-13,2021-09-15,9,2
5032223,2021-09-04,2021-09-08,2021-09-10,2021-09-13,2021-09-15,6,5
5022296,2021-09-04,2021-09-08,2021-09-14,2021-09-15,2021-09-17,10,3
5037495,2021-09-04,2021-09-08,2021-09-10,2021-09-13,2021-09-15,6,5
5025438,2021-09-04,2021-09-08,2021-09-10,2021-09-13,2021-09-15,6,5
5023250,2021-09-04,2021-09-08,2021-09-13,2021-09-13,2021-09-15,9,2
5029206,2021-09-04,2021-09-08,2021-09-10,2021-09-13,2021-09-15,6,5
5031134,2021-09-04,2021-09-08,2021-09-10,2021-09-13,2021-09-15,6,5
5032166,2021-09-04,2021-09-08,2021-09-13,2021-09-13,2021-09-15,9,2
5032865,2021-09-04,2021-09-08,2021-09-13,2021-09-13,2021-09-15,9,2
5034209,2021-09-04,2021-09-08,2021-09-13,2021-09-13,2021-09-15,9,2
5023468,2021-09-04,2021-09-08,2021-09-13,2021-09-13,2021-09-15,9,2
5021693,2021-09-04,2021-09-08,2021-09-10,2021-09-13,2021-09-15,6,5
5033609,2021-09-04,2021-09-08,2021-09-10,2021-09-13,2021-09-15,6,5
5035823,2021-09-04,2021-09-08,2021-09-10,2021-09-13,2021-09-15,6,5
5022243,2021-09-04,2021-09-08,2021-09-13,2021-09-13,2021-09-15,9,2
5027979,2021-09-04,2021-09-08,2021-09-10,2021-09-13,2021-09-15,6,5
5021662,2021-09-04,2021-09-08,2021-09-13,2021-09-13,2021-09-15,9,2
5034329,2021-09-04,2021-09-08,2021-09-13,2021-09-14,2021-09-16,9,3
5021832,2021-09-04,2021-09-08,2021-09-10,2021-09-13,2021-09-15,6,5
5029522,2021-09-04,2021-09-08,2021-09-10,2021-09-13,2021-09-15,6,5
5030483,2021-09-04,2021-09-08,2021-09-10,2021-09-13,2021-09-15,6,5
5025043,2021-09-04,2021-09-08,2021-09-10,2021-09-13,2021-09-15,6,5
5035077,2021-09-04,2021-09-08,2021-09-10,2021-09-13,2021-09-15,6,5
5021476,2021-09-04,2021-09-08,2021-09-13,2021-09-14,2021-09-16,9,3
5026286,2021-09-04,2021-09-08,2021-09-13,2021-09-13,2021-09-15,9,2
5035830,2021-09-04,2021-09-08,2021-09-10,2021-09-13,2021-09-15,6,5
5034661,2021-09-04,2021-09-08,2021-09-13,2021-09-13,2021-09-15,9,2
5036097,2021-09-04,2021-09-08,2021-09-14,2021-09-15,2021-09-17,10,3
5036127,2021-09-04,2021-09-08,2021-09-15,2021-09-17,2021-09-20,11,5
5034370,2021-09-04,2021-09-08,2021-09-13,2021-09-14,2021-09-16,9,3
5034474,2021-09-04,2021-09-08,2021-09-13,2021-09-13,2021-09-15,9,2
5037004,2021-09-04,2021-09-08,2021-09-13,2021-09-13,2021-09-15,9,2
5029840,2021-09-04,2021-09-08,2021-09-10,2021-09-13,2021-09-15,6,5
5032091,2021-09-04,2021-09-08,2021-09-13,2021-09-13,2021-09-15,9,2
5027179,2021-09-04,2021-09-08,2021-09-14,2021-09-16,2021-09-20,10,6
5028004,2021-09-04,2021-09-08,2021-09-10,2021-09-13,2021-09-15,6,5
5022007,2021-09-04,2021-09-09,2021-09-13,2021-09-13,2021-09-15,9,2
5023723,2021-09-04,2021-09-09,2021-09-13,2021-09-13,2021-09-15,9,2
5037166,2021-09-04,2021-09-09,2021-09-13,2021-09-13,2021-09-15,9,2
5032541,2021-09-04,2021-09-09,2021-09-13,2021-09-14,2021-09-16,9,3
5034628,2021-09-04,2021-09-09,2021-09-13,2021-09-14,2021-09-16,9,3
5036006,2021-09-04,2021-09-09,2021-09-13,2021-09-13,2021-09-15,9,2
5023207,2021-09-04,2021-09-09,2021-09-13,2021-09-13,2021-09-15,9,2
5028339,2021-09-04,2021-09-09,2021-09-13,2021-09-13,2021-09-15,9,2
5035827,2021-09-04,2021-09-09,2021-09-13,2021-09-13,2021-09-15,9,2
5036797,2021-09-04,2021-09-09,2021-09-13,2021-09-13,2021-09-15,9,2
5030535,2021-09-04,2021-09-09,2021-09-13,2021-09-13,2021-09-15,9,2
5024679,2021-09-04,2021-09-09,2021-09-13,2021-09-13,2021-09-15,9,2
5037315,2021-09-04,2021-09-09,2021-09-13,2021-09-13,2021-09-15,9,2
5023762,2021-09-04,2021-09-09,2021-09-13,2021-09-13,2021-09-15,9,2
5023180,2021-09-04,2021-09-09,2021-09-13,2021-09-14,2021-09-16,9,3
5037467,2021-09-04,2021-09-09,2021-09-13,2021-09-13,2021-09-15,9,2
5036230,2021-09-04,2021-09-09,2021-09-13,2021-09-14,2021-09-16,9,3
5023265,2021-09-04,2021-09-09,2021-09-13,2021-09-13,2021-09-15,9,2
5023686,2021-09-04,2021-09-09,2021-09-13,2021-09-14,2021-09-16,9,3
5028562,2021-09-04,2021-09-09,2021-09-13,2021-09-13,2021-09-15,9,2
5030618,2021-09-04,2021-09-09,2021-09-13,2021-09-13,2021-09-15,9,2
5032858,2021-09-04,2021-09-09,2021-09-15,2021-09-17,2021-09-20,11,5
5030307,2021-09-04,2021-09-09,2021-09-13,2021-09-14,2021-09-16,9,3
5036721,2021-09-04,2021-09-09,2021-09-13,2021-09-13,2021-09-15,9,2
5029705,2021-09-04,2021-09-09,2021-09-13,2021-09-13,2021-09-15,9,2
5036098,2021-09-04,2021-09-09,2021-09-15,2021-09-16,2021-09-20,11,5
5033586,2021-09-04,2021-09-09,2021-09-13,2021-09-13,2021-09-15,9,2
5024849,2021-09-04,2021-09-09,2021-09-13,2021-09-13,2021-09-15,9,2
5029370,2021-09-04,2021-09-09,2021-09-13,2021-09-13,2021-09-15,9,2
5032070,2021-09-04,2021-09-09,2021-09-13,2021-09-13,2021-09-15,9,2
5034349,2021-09-04,2021-09-09,2021-09-13,2021-09-14,2021-09-16,9,3
5036325,2021-09-04,2021-09-09,2021-09-13,2021-09-13,2021-09-15,9,2
5036673,2021-09-04,2021-09-09,2021-09-13,2021-09-14,2021-09-16,9,3
5029452,2021-09-04,2021-09-09,2021-09-13,2021-09-14,2021-09-16,9,3
5031684,2021-09-04,2021-09-09,2021-09-13,2021-09-13,2021-09-15,9,2
5026228,2021-09-04,2021-09-09,2021-09-14,2021-09-20,,10,
5024379,2021-09-04,2021-09-09,2021-09-13,2021-09-14,2021-09-16,9,3
5034918,2021-09-04,2021-09-09,2021-09-13,2021-09-13,2021-09-15,9,2
5027479,2021-09-04,2021-09-09,2021-09-13,2021-09-13,2021-09-15,9,2
5026000,2021-09-04,2021-09-09,2021-09-13,2021-09-13,2021-09-15,9,2
5022738,2021-09-04,2021-09-09,2021-09-13,2021-09-13,2021-09-15,9,2
5031843,2021-09-04,2021-09-09,2021-09-13,2021-09-14,2021-09-16,9,3
5025029,2021-09-04,2021-09-09,2021-09-13,2021-09-13,2021-09-15,9,2
5025168,2021-09-04,2021-09-09,2021-09-13,2021-09-14,2021-09-16,9,3
5036769,2021-09-04,2021-09-09,2021-09-13,2021-09-13,2021-09-15,9,2
5027595,2021-09-04,2021-09-09,2021-09-15,2021-09-16,2021-09-20,11,5
5022704,2021-09-04,2021-09-09,2021-09-14,2021-09-15,2021-09-17,10,3
5021951,2021-09-04,2021-09-09,2021-09-13,2021-09-13,2021-09-15,9,2
5027694,2021-09-04,2021-09-09,2021-09-13,2021-09-13,2021-09-15,9,2
5025258,2021-09-04,2021-09-10,2021-09-13,2021-09-13,2021-09-15,9,2
5027743,2021-09-04,2021-09-10,2021-09-13,2021-09-13,2021-09-15,9,2
5034463,2021-09-04,2021-09-10,2021-09-13,2021-09-13,2021-09-15,9,2
5033576,2021-09-04,2021-09-10,2021-09-14,2021-09-15,2021-09-17,10,3
5036871,2021-09-04,2021-09-10,2021-09-16,2021-09-17,2021-09-20,12,4
5024880,2021-09-04,2021-09-10,2021-09-13,2021-09-13,2021-09-15,9,2
5029945,2021-09-04,2021-09-10,2021-09-13,2021-09-15,2021-09-17,9,4
5027451,2021-09-04,2021-09-10,2021-09-13,2021-09-13,2021-09-15,9,2
5032699,2021-09-04,2021-09-10,2021-09-13,2021-09-13,2021-09-15,9,2
5029821,2021-09-04,2021-09-10,2021-09-13,2021-09-13,2021-09-15,9,2
5035927,2021-09-04,2021-09-10,2021-09-13,2021-09-13,2021-09-15,9,2
5025255,2021-09-04,2021-09-10,2021-09-13,2021-09-13,2021-09-15,9,2
5027354,2021-09-04,2021-09-10,2021-09-13,2021-09-14,2021-09-16,9,3
5024188,2021-09-04,2021-09-10,2021-09-13,2021-09-13,2021-09-15,9,2
5034431,2021-09-04,2021-09-10,2021-09-14,2021-09-15,2021-09-17,10,3
5028673,2021-09-04,2021-09-10,2021-09-13,2021-09-13,2021-09-15,9,2
5037535,2021-09-04,2021-09-10,2021-09-13,2021-09-15,2021-09-17,9,4
5025561,2021-09-04,2021-09-10,2021-09-13,2021-09-14,2021-09-16,9,3
5033363,2021-09-04,2021-09-10,2021-09-13,2021-09-13,2021-09-15,9,2
5022697,2021-09-04,2021-09-10,2021-09-13,2021-09-14,2021-09-16,9,3
5029758,2021-09-04,2021-09-10,2021-09-15,2021-09-16,2021-09-20,11,5
5036386,2021-09-04,2021-09-13,2021-09-13,2021-09-14,2021-09-16,9,3
5022012,2021-09-04,2021-09-13,2021-09-15,2021-09-16,2021-09-20,11,5
5027173,2021-09-04,2021-09-13,2021-09-13,2021-09-15,2021-09-17,9,4
5022054,2021-09-04,2021-09-13,2021-09-15,2021-09-17,2021-09-20,11,5
5028389,2021-09-04,2021-09-13,2021-09-13,2021-09-14,2021-09-16,9,3
5031123,2021-09-04,2021-09-13,2021-09-14,2021-09-15,2021-09-17,10,3
5024375,2021-09-04,2021-09-13,2021-09-14,2021-09-15,2021-09-17,10,3
5028338,2021-09-04,2021-09-13,2021-09-17,2021-09-20,,13,
5025173,2021-09-04,2021-09-13,2021-09-14,2021-09-16,2021-09-20,10,6
5030438,2021-09-04,2021-09-13,2021-09-16,2021-09-17,2021-09-20,12,4
5022498,2021-09-04,2021-09-13,2021-09-14,2021-09-15,2021-09-17,10,3
5022045,2021-09-04,2021-09-13,2021-09-13,2021-09-14,2021-09-16,9,3
5037444,2021-09-04,2021-09-13,2021-09-14,2021-09-15,2021-09-17,10,3
5036618,2021-09-04,2021-09-13,2021-09-13,2021-09-15,2021-09-17,9,4
5023689,2021-09-04,2021-09-13,2021-09-14,2021-09-15,2021-09-17,10,3
5030975,2021-09-04,2021-09-13,2021-09-20,2021-09-20,,16,
5023748,2021-09-04,2021-09-13,2021-09-14,2021-09-15,2021-09-17,10,3
5035103,2021-09-04,2021-09-13,2021-09-15,2021-09-16,2021-09-20,11,5
5027709,2021-09-04,2021-09-13,2021-09-16,2021-09-17,2021-09-20,12,4
5037180,2021-09-06,2021-09-08,2021-09-10,2021-09-13,2021-09-15,4,5
5036842,2021-09-06,2021-09-08,2021-09-10,2021-09-13,2021-09-15,4,5
5036136,2021-09-06,2021-09-08,2021-09-10,2021-09-13,2021-09-15,4,5
5036894,2021-09-06,2021-09-08,2021-09-10,2021-09-13,2021-09-15,4,5
5036049,2021-09-06,2021-09-08,2021-09-10,2021-09-13,2021-09-15,4,5
5022231,2021-09-06,2021-09-08,2021-09-10,2021-09-13,2021-09-15,4,5
5029859,2021-09-06,2021-09-08,2021-09-10,2021-09-13,2021-09-15,4,5
5031344,2021-09-06,2021-09-08,2021-09-10,2021-09-13,2021-09-15,4,5
5036094,2021-09-06,2021-09-08,2021-09-10,2021-09-13,2021-09-15,4,5
5028614,2021-09-06,2021-09-08,2021-09-10,2021-09-13,2021-09-15,4,5
5033589,2021-09-06,2021-09-08,2021-09-10,2021-09-13,2021-09-15,4,5
5025829,2021-09-06,2021-09-08,2021-09-10,2021-09-13,2021-09-15,4,5
5027715,2021-09-06,2021-09-08,2021-09-10,2021-09-13,2021-09-15,4,5
5036280,2021-09-06,2021-09-08,2021-09-10,2021-09-13,2021-09-15,4,5
5022414,2021-09-06,2021-09-08,2021-09-10,2021-09-13,2021-09-15,4,5
5023827,2021-09-06,2021-09-08,2021-09-10,2021-09-13,2021-09-15,4,5
5028409,2021-09-06,2021-09-08,2021-09-10,2021-09-13,2021-09-15,4,5
5028669,2021-09-06,2021-09-08,2021-09-10,2021-09-13,2021-09-15,4,5
5028522,2021-09-06,2021-09-08,2021-09-10,2021-09-13,2021-09-15,4,5
5033994,2021-09-06,2021-09-08,2021-09-10,2021-09-13,2021-09-15,4,5
5021381,2021-09-06,2021-09-08,2021-09-10,2021-09-13,2021-09-15,4,5
5036972,2021-09-06,2021-09-08,2021-09-10,2021-09-13,2021-09-15,4,5
5026467,2021-09-06,2021-09-08,2021-09-10,2021-09-13,2021-09-15,4,5
5029628,2021-09-06,2021-09-08,2021-09-13,2021-09-13,2021-09-15,7,2
5033088,2021-09-06,2021-09-08,2021-09-13,2021-09-13,2021-09-15,7,2
5023707,2021-09-06,2021-09-08,2021-09-13,2021-09-13,2021-09-15,7,2
5030326,2021-09-06,2021-09-08,2021-09-13,2021-09-13,2021-09-15,7,2
5032521,2021-09-06,2021-09-08,2021-09-13,2021-09-13,2021-09-15,7,2
5029448,2021-09-06,2021-09-08,2021-09-13,2021-09-13,2021-09-15,7,2
5027394,2021-09-06,2021-09-08,2021-09-13,2021-09-13,2021-09-15,7,2
5021412,2021-09-06,2021-09-08,2021-09-13,2021-09-13,2021-09-15,7,2
5028264,2021-09-06,2021-09-08,2021-09-13,2021-09-13,2021-09-15,7,2
5025289,2021-09-06,2021-09-08,2021-09-13,2021-09-15,2021-09-17,7,4
5032721,2021-09-06,2021-09-08,2021-09-13,2021-09-13,2021-09-15,7,2
5035854,2021-09-06,2021-09-08,2021-09-14,2021-09-15,2021-09-17,8,3
5033234,2021-09-06,2021-09-08,2021-09-10,2021-09-13,2021-09-15,4,5
5022405,2021-09-06,2021-09-08,2021-09-10,2021-09-13,2021-09-15,4,5
5027415,2021-09-06,2021-09-08,2021-09-13,2021-09-13,2021-09-15,7,2
5037503,2021-09-06,2021-09-08,2021-09-10,2021-09-13,2021-09-15,4,5
5037514,2021-09-06,2021-09-08,2021-09-13,2021-09-13,2021-09-15,7,2
5026485,2021-09-06,2021-09-08,2021-09-10,2021-09-13,2021-09-15,4,5
5027937,2021-09-06,2021-09-08,2021-09-13,2021-09-13,2021-09-15,7,2
5027686,2021-09-06,2021-09-08,2021-09-10,2021-09-13,2021-09-15,4,5
5028535,2021-09-06,2021-09-08,2021-09-10,2021-09-13,2021-09-15,4,5
5034563,2021-09-06,2021-09-08,2021-09-13,2021-09-13,2021-09-15,7,2
5036532,2021-09-06,2021-09-08,2021-09-13,2021-09-13,2021-09-15,7,2
5025204,2021-09-06,2021-09-08,2021-09-10,2021-09-13,2021-09-15,4,5
5026463,2021-09-06,2021-09-08,2021-09-13,2021-09-13,2021-09-15,7,2
5022209,2021-09-06,2021-09-08,2021-09-13,2021-09-13,2021-09-15,7,2
5028031,2021-09-06,2021-09-08,2021-09-13,2021-09-13,2021-09-15,7,2
5030528,2021-09-06,2021-09-08,2021-09-10,2021-09-13,2021-09-15,4,5
5029617,2021-09-06,2021-09-08,2021-09-10,2021-09-13,2021-09-15,4,5
5035686,2021-09-06,2021-09-08,2021-09-13,2021-09-13,2021-09-15,7,2
5031758,2021-09-06,2021-09-08,2021-09-10,2021-09-13,2021-09-15,4,5
5030525,2021-09-06,2021-09-08,2021-09-13,2021-09-13,2021-09-15,7,2
5029683,2021-09-06,2021-09-08,2021-09-13,2021-09-14,2021-09-16,7,3
5036953,2021-09-06,2021-09-08,2021-09-13,2021-09-13,2021-09-15,7,2
5033759,2021-09-06,2021-09-08,2021-09-10,2021-09-13,2021-09-15,4,5
5024223,2021-09-06,2021-09-08,2021-09-10,2021-09-13,2021-09-15,4,5
5025462,2021-09-06,2021-09-08,2021-09-10,2021-09-13,2021-09-15,4,5
5033461,2021-09-06,2021-09-08,2021-09-10,2021-09-13,2021-09-15,4,5
5022066,2021-09-06,2021-09-08,2021-09-10,2021-09-13,2021-09-15,4,5
5028070,2021-09-06,2021-09-08,2021-09-10,2021-09-13,2021-09-15,4,5
5027449,2021-09-06,2021-09-08,2021-09-10,2021-09-13,2021-09-15,4,5
5033026,2021-09-06,2021-09-08,2021-09-10,2021-09-13,2021-09-15,4,5
5037599,2021-09-06,2021-09-08,2021-09-10,2021-09-13,2021-09-15,4,5
5033485,2021-09-06,2021-09-08,2021-09-14,2021-09-16,2021-09-20,8,6
5028911,2021-09-06,2021-09-08,2021-09-10,2021-09-13,2021-09-15,4,5
5030587,2021-09-06,2021-09-08,2021-09-10,2021-09-13,2021-09-15,4,5
5030323,2021-09-06,2021-09-08,2021-09-10,2021-09-13,2021-09-15,4,5
5026466,2021-09-06,2021-09-08,2021-09-10,2021-09-13,2021-09-15,4,5
5023221,2021-09-06,2021-09-08,2021-09-15,2021-09-16,2021-09-20,9,5
5029612,2021-09-06,2021-09-08,2021-09-10,2021-09-13,2021-09-15,4,5
5028823,2021-09-06,2021-09-08,2021-09-13,2021-09-13,2021-09-15,7,2
5033662,2021-09-06,2021-09-08,2021-09-10,2021-09-13,2021-09-15,4,5
5033788,2021-09-06,2021-09-08,2021-09-13,2021-09-15,2021-09-17,7,4
5023223,2021-09-06,2021-09-08,2021-09-13,2021-09-13,2021-09-15,7,2
5023006,2021-09-06,2021-09-09,2021-09-13,2021-09-13,2021-09-15,7,2
5036295,2021-09-06,2021-09-09,2021-09-13,2021-09-13,2021-09-15,7,2
5025827,2021-09-06,2021-09-09,2021-09-13,2021-09-17,2021-09-20,7,7
5025220,2021-09-06,2021-09-09,2021-09-13,2021-09-13,2021-09-15,7,2
5031640,2021-09-06,2021-09-09,2021-09-13,2021-09-13,2021-09-15,7,2
5030373,2021-09-06,2021-09-09,2021-09-13,2021-09-13,2021-09-15,7,2
5029627,2021-09-06,2021-09-09,2021-09-13,2021-09-14,2021-09-16,7,3
5024711,2021-09-06,2021-09-09,2021-09-13,2021-09-13,2021-09-15,7,2
5022063,2021-09-06,2021-09-09,2021-09-13,2021-09-13,2021-09-15,7,2
5024410,2021-09-06,2021-09-09,2021-09-13,2021-09-13,2021-09-15,7,2
5030671,2021-09-06,2021-09-09,2021-09-13,2021-09-13,2021-09-15,7,2
5023255,2021-09-06,2021-09-09,2021-09-13,2021-09-13,2021-09-15,7,2
5030237,2021-09-06,2021-09-09,2021-09-13,2021-09-13,2021-09-15,7,2
5024389,2021-09-06,2021-09-09,2021-09-13,2021-09-13,2021-09-15,7,2
5036214,2021-09-06,2021-09-09,2021-09-13,2021-09-13,2021-09-15,7,2
5032409,2021-09-06,2021-09-09,2021-09-13,2021-09-13,2021-09-15,7,2
5029664,2021-09-06,2021-09-09,2021-09-13,2021-09-13,2021-09-15,7,2
5023766,2021-09-06,2021-09-09,2021-09-13,2021-09-13,2021-09-15,7,2
5033579,2021-09-06,2021-09-09,2021-09-13,2021-09-14,2021-09-16,7,3
5037243,2021-09-06,2021-09-09,2021-09-13,2021-09-13,2021-09-15,7,2
5037396,2021-09-06,2021-09-09,2021-09-13,2021-09-14,2021-09-16,7,3
5025090,2021-09-06,2021-09-09,2021-09-13,2021-09-13,2021-09-15,7,2
5022904,2021-09-06,2021-09-09,2021-09-13,2021-09-13,2021-09-15,7,2
5024487,2021-09-06,2021-09-09,2021-09-13,2021-09-14,2021-09-16,7,3
5026948,2021-09-06,2021-09-09,2021-09-13,2021-09-13,2021-09-15,7,2
5026002,2021-09-06,2021-09-09,2021-09-13,2021-09-13,2021-09-15,7,2
5028901,2021-09-06,2021-09-09,2021-09-13,2021-09-13,2021-09-15,7,2
5031199,2021-09-06,2021-09-09,2021-09-13,2021-09-13,2021-09-15,7,2
5033288,2021-09-06,2021-09-09,2021-09-13,2021-09-13,2021-09-15,7,2
5025300,2021-09-06,2021-09-09,2021-09-13,2021-09-13,2021-09-15,7,2
5034615,2021-09-06,2021-09-09,2021-09-13,2021-09-13,2021-09-15,7,2
5027427,2021-09-06,2021-09-09,2021-09-13,2021-09-14,2021-09-16,7,3
5036490,2021-09-06,2021-09-09,2021-09-16,2021-09-20,,10,
5029994,2021-09-06,2021-09-09,2021-09-14,2021-09-15,2021-09-17,8,3
5028080,2021-09-06,2021-09-09,2021-09-13,2021-09-15,2021-09-17,7,4
5022015,2021-09-06,2021-09-09,2021-09-13,2021-09-14,2021-09-16,7,3
5034710,2021-09-06,2021-09-09,2021-09-14,2021-09-15,2021-09-17,8,3
5021617,2021-09-06,2021-09-09,2021-09-13,2021-09-13,2021-09-15,7,2
5031782,2021-09-06,2021-09-09,2021-09-13,2021-09-13,2021-09-15,7,2
5031106,2021-09-06,2021-09-09,2021-09-13,2021-09-13,2021-09-15,7,2
5023046,2021-09-06,2021-09-09,2021-09-14,2021-09-15,2021-09-17,8,3
5025292,2021-09-06,2021-09-10,2021-09-13,2021-09-14,2021-09-16,7,3
5036690,2021-09-06,2021-09-10,2021-09-13,2021-09-14,2021-09-16,7,3
5035231,2021-09-06,2021-09-10,2021-09-13,2021-09-13,2021-09-15,7,2
5026126,2021-09-06,2021-09-10,2021-09-13,2021-09-14,2021-09-16,7,3
5025051,2021-09-06,2021-09-10,2021-09-13,2021-09-13,2021-09-15,7,2
5022753,2021-09-06,2021-09-10,2021-09-15,2021-09-17,2021-09-20,9,5
5026043,2021-09-06,2021-09-10,2021-09-13,2021-09-14,2021-09-16,7,3
5032244,2021-09-06,2021-09-10,2021-09-17,2021-09-20,,11,
5029475,2021-09-06,2021-09-10,2021-09-13,2021-09-13,2021-09-15,7,2
5025332,2021-09-06,2021-09-10,2021-09-13,2021-09-13,2021-09-15,7,2
5025383,2021-09-06,2021-09-10,2021-09-13,2021-09-14,2021-09-16,7,3
5024427,2021-09-06,2021-09-10,2021-09-13,2021-09-13,2021-09-15,7,2
5034720,2021-09-06,2021-09-10,2021-09-13,2021-09-13,2021-09-15,7,2
5025277,2021-09-06,2021-09-10,2021-09-13,2021-09-14,2021-09-16,7,3
5022411,2021-09-06,2021-09-10,2021-09-13,2021-09-13,2021-09-15,7,2
5023458,2021-09-06,2021-09-10,2021-09-13,2021-09-14,2021-09-16,7,3
5023008,2021-09-06,2021-09-10,2021-09-13,2021-09-14,2021-09-16,7,3
5034513,2021-09-06,2021-09-10,2021-09-13,2021-09-13,2021-09-15,7,2
5036328,2021-09-06,2021-09-10,2021-09-13,2021-09-13,2021-09-15,7,2
5034807,2021-09-06,2021-09-10,2021-09-15,2021-09-17,2021-09-20,9,5
5031046,2021-09-06,2021-09-10,2021-09-14,2021-09-15,2021-09-17,8,3
5030175,2021-09-06,2021-09-10,2021-09-13,2021-09-16,2021-09-20,7,7
5027883,2021-09-06,2021-09-10,2021-09-13,2021-09-13,2021-09-15,7,2
5036365,2021-09-06,2021-09-10,2021-09-13,2021-09-14,2021-09-16,7,3
5031938,2021-09-06,2021-09-10,2021-09-13,2021-09-14,2021-09-16,7,3
5034138,2021-09-06,2021-09-10,2021-09-14,2021-09-15,2021-09-17,8,3
5023411,2021-09-06,2021-09-10,2021-09-13,2021-09-13,2021-09-15,7,2
5030210,2021-09-06,2021-09-10,2021-09-16,2021-09-17,2021-09-20,10,4
5036272,2021-09-06,2021-09-10,2021-09-13,2021-09-14,2021-09-16,7,3
5022915,2021-09-06,2021-09-10,2021-09-13,2021-09-14,2021-09-16,7,3
5027000,2021-09-06,2021-09-10,2021-09-13,2021-09-13,2021-09-15,7,2
5035255,2021-09-06,2021-09-10,2021-09-14,2021-09-15,2021-09-17,8,3
5027256,2021-09-06,2021-09-10,2021-09-13,2021-09-15,2021-09-17,7,4
5023730,2021-09-06,2021-09-10,2021-09-13,2021-09-14,2021-09-16,7,3
5036691,2021-09-06,2021-09-10,2021-09-13,2021-09-14,2021-09-16,7,3
5028781,2021-09-06,2021-09-10,2021-09-13,2021-09-13,2021-09-15,7,2
5034668,2021-09-06,2021-09-10,2021-09-13,2021-09-13,2021-09-15,7,2
5034351,2021-09-06,2021-09-10,2021-09-14,2021-09-15,2021-09-17,8,3
5026968,2021-09-06,2021-09-10,2021-09-13,2021-09-13,2021-09-15,7,2
5031388,2021-09-06,2021-09-10,2021-09-13,2021-09-14,2021-09-16,7,3
5030806,2021-09-06,2021-09-10,2021-09-13,2021-09-14,2021-09-16,7,3
5021835,2021-09-06,2021-09-10,2021-09-13,2021-09-14,2021-09-16,7,3
5037544,2021-09-06,2021-09-10,2021-09-13,2021-09-13,2021-09-15,7,2
5036939,2021-09-06,2021-09-10,2021-09-15,2021-09-20,,9,
5026352,2021-09-06,2021-09-10,2021-09-13,2021-09-14,2021-09-16,7,3
5024749,2021-09-06,2021-09-10,2021-09-13,2021-09-13,2021-09-15,7,2
5025592,2021-09-06,2021-09-10,2021-09-14,2021-09-17,2021-09-20,8,6
5032886,2021-09-06,2021-09-13,2021-09-13,2021-09-16,2021-09-20,7,7
5032576,2021-09-06,2021-09-13,2021-09-14,2021-09-15,2021-09-17,8,3
5027135,2021-09-06,2021-09-13,2021-09-14,2021-09-15,2021-09-17,8,3
5032783,2021-09-06,2021-09-13,2021-09-16,2021-09-17,2021-09-20,10,4
5025077,2021-09-06,2021-09-13,2021-09-14,2021-09-15,2021-09-17,8,3
5025160,2021-09-06,2021-09-13,2021-09-13,2021-09-14,2021-09-16,7,3
5022701,2021-09-06,2021-09-13,2021-09-16,2021-09-17,2021-09-20,10,4
5030782,2021-09-06,2021-09-13,2021-09-13,2021-09-14,2021-09-16,7,3
5023777,2021-09-06,2021-09-13,2021-09-16,2021-09-17,2021-09-20,10,4
5029381,2021-09-06,2021-09-13,2021-09-20,2021-09-20,,14,
5028043,2021-09-06,2021-09-13,2021-09-15,2021-09-16,2021-09-20,9,5
5025233,2021-09-06,2021-09-13,2021-09-14,2021-09-15,2021-09-17,8,3
5036512,2021-09-06,2021-09-13,2021-09-13,2021-09-14,2021-09-16,7,3
5037580,2021-09-06,2021-09-13,2021-09-13,2021-09-14,2021-09-16,7,3
5023243,2021-09-06,2021-09-13,2021-09-15,2021-09-16,2021-09-20,9,5
5036847,2021-09-06,2021-09-13,2021-09-17,2021-09-20,,11,
5032428,2021-09-06,2021-09-13,2021-09-15,2021-09-16,2021-09-20,9,5
5029131,2021-09-06,2021-09-13,2021-09-13,2021-09-14,2021-09-16,7,3
5031008,2021-09-06,2021-09-13,2021-09-13,2021-09-15,2021-09-17,7,4
5023740,2021-09-06,2021-09-13,2021-09-13,2021-09-14,2021-09-16,7,3
5028835,2021-09-06,2021-09-13,2021-09-14,2021-09-15,2021-09-17,8,3
5034356,2021-09-06,2021-09-13,2021-09-14,2021-09-16,2021-09-20,8,6
5023735,2021-09-06,2021-09-13,2021-09-14,2021-09-15,2021-09-17,8,3
5026294,2021-09-06,2021-09-13,2021-09-13,2021-09-14,2021-09-16,7,3
5025478,2021-09-06,2021-09-13,2021-09-15,2021-09-16,2021-09-20,9,5
5031227,2021-09-06,2021-09-13,2021-09-13,2021-09-15,2021-09-17,7,4
5036112,2021-09-06,2021-09-13,2021-09-16,2021-09-20,,10,
5028595,2021-09-06,2021-09-13,2021-09-13,2021-09-14,2021-09-16,7,3
5025227,2021-09-06,2021-09-13,2021-09-20,2021-09-21,,14,
5022374,2021-09-06,2021-09-13,2021-09-15,2021-09-16,2021-09-20,9,5
5033269,2021-09-06,2021-09-13,2021-09-17,2021-09-20,,11,
5023429,2021-09-06,2021-09-13,2021-09-13,2021-09-14,2021-09-16,7,3
5030767,2021-09-06,2021-09-13,2021-09-13,2021-09-14,2021-09-16,7,3
5037185,2021-09-06,2021-09-13,2021-09-13,2021-09-14,2021-09-16,7,3
5034405,2021-09-06,2021-09-13,2021-09-16,2021-09-20,,10,
5022017,2021-09-06,2021-09-13,2021-09-20,2021-09-21,,14,
5033883,2021-09-06,2021-09-13,2021-09-14,2021-09-15,2021-09-17,8,3
5027355,2021-09-06,2021-09-13,2021-09-14,2021-09-15,2021-09-17,8,3
5023774,2021-09-06,2021-09-13,2021-09-14,2021-09-15,2021-09-17,8,3
5030292,2021-09-06,2021-09-13,2021-09-20,,,14,
5031868,2021-09-06,2021-09-13,2021-09-14,2021-09-15,2021-09-17,8,3
5033082,2021-09-06,2021-09-13,2021-09-15,2021-09-16,2021-09-20,9,5
5031915,2021-09-06,2021-09-13,2021-09-13,2021-09-14,2021-09-16,7,3
5036540,2021-09-06,2021-09-13,2021-09-14,2021-09-15,2021-09-17,8,3
5037079,2021-09-06,2021-09-13,2021-09-14,2021-09-15,2021-09-17,8,3
5035028,2021-09-06,2021-09-13,2021-09-13,2021-09-16,2021-09-20,7,7
5025539,2021-09-06,2021-09-13,2021-09-14,2021-09-17,2021-09-20,8,6
5036862,2021-09-06,2021-09-13,2021-09-15,2021-09-16,2021-09-20,9,5
5030470,2021-09-06,2021-09-13,2021-09-14,2021-09-17,2021-09-20,8,6
5028513,2021-09-06,2021-09-13,2021-09-15,2021-09-16,2021-09-20,9,5
5028851,2021-09-06,2021-09-13,2021-09-13,2021-09-14,2021-09-16,7,3
5022714,2021-09-06,2021-09-13,2021-09-14,2021-09-16,2021-09-20,8,6
5034193,2021-09-06,2021-09-13,2021-09-14,2021-09-15,2021-09-17,8,3
5034330,2021-09-06,2021-09-13,2021-09-15,2021-09-16,2021-09-20,9,5
5035912,2021-09-06,2021-09-13,2021-09-14,2021-09-15,2021-09-17,8,3
5033007,2021-09-06,2021-09-13,2021-09-15,2021-09-20,,9,
5031467,2021-09-06,2021-09-13,2021-09-15,2021-09-16,2021-09-20,9,5
5027768,2021-09-06,2021-09-13,2021-09-14,2021-09-15,2021-09-17,8,3
5022955,2021-09-06,2021-09-13,2021-09-13,2021-09-14,2021-09-16,7,3
5021688,2021-09-06,2021-09-13,2021-09-20,2021-09-20,,14,
5030816,2021-09-06,2021-09-13,2021-09-14,2021-09-16,2021-09-20,8,6
5025623,2021-09-06,2021-09-13,2021-09-16,2021-09-17,2021-09-20,10,4
5025493,2021-09-06,2021-09-13,2021-09-13,2021-09-15,2021-09-17,7,4
5022211,2021-09-06,2021-09-13,2021-09-15,2021-09-16,2021-09-20,9,5
5025551,2021-09-06,2021-09-13,2021-09-14,2021-09-15,2021-09-17,8,3
5028897,2021-09-06,2021-09-13,2021-09-14,2021-09-16,2021-09-20,8,6
5028709,2021-09-06,2021-09-13,2021-09-16,2021-09-17,2021-09-20,10,4
5028222,2021-09-06,2021-09-13,2021-09-13,2021-09-14,2021-09-16,7,3
5031001,2021-09-06,2021-09-13,2021-09-15,2021-09-16,2021-09-20,9,5
5022357,2021-09-06,2021-09-13,2021-09-15,2021-09-16,2021-09-20,9,5
5022396,2021-09-06,2021-09-13,2021-09-13,2021-09-15,2021-09-17,7,4
5030227,2021-09-06,2021-09-13,2021-09-15,2021-09-16,2021-09-20,9,5
5029556,2021-09-06,2021-09-13,2021-09-15,2021-09-16,2021-09-20,9,5
5036854,2021-09-06,2021-09-13,2021-09-15,2021-09-16,2021-09-20,9,5
5033891,2021-09-06,2021-09-13,2021-09-14,2021-09-16,2021-09-20,8,6
5032267,2021-09-06,2021-09-13,2021-09-13,2021-09-16,2021-09-20,7,7
5027500,2021-09-06,2021-09-13,2021-09-17,2021-09-20,,11,
5035358,2021-09-06,2021-09-13,2021-09-15,2021-09-16,2021-09-20,9,5
5025048,2021-09-06,2021-09-13,2021-09-15,2021-09-17,2021-09-20,9,5
5037563,2021-09-06,2021-09-13,2021-09-14,2021-09-16,2021-09-20,8,6
5033842,2021-09-06,2021-09-13,2021-09-16,2021-09-17,2021-09-20,10,4
5034222,2021-09-06,2021-09-13,2021-09-17,2021-09-20,,11,
5029218,2021-09-06,2021-09-14,2021-09-16,2021-09-17,2021-09-20,10,4
5030316,2021-09-06,2021-09-14,2021-09-16,2021-09-17,2021-09-20,10,4
5023812,2021-09-06,2021-09-14,2021-09-20,2021-09-21,,14,
5024746,2021-09-06,2021-09-14,2021-09-16,2021-09-17,2021-09-20,10,4
5027497,2021-09-06,2021-09-14,2021-09-20,2021-09-20,,14,
5021400,2021-09-06,2021-09-14,2021-09-16,2021-09-17,2021-09-20,10,4
5027240,2021-09-06,2021-09-14,2021-09-16,2021-09-20,,10,
5033247,2021-09-06,2021-09-14,2021-09-17,2021-09-20,,11,
5033639,2021-09-06,2021-09-14,2021-09-16,2021-09-17,2021-09-20,10,4
5034134,2021-09-06,2021-09-15,2021-09-20,2021-09-20,,14,
5023377,2021-09-06,2021-09-15,2021-09-20,2021-09-20,,14,
5028021,2021-09-07,2021-09-09,2021-09-13,2021-09-13,2021-09-15,6,2
5037621,2021-09-07,2021-09-09,2021-09-13,2021-09-13,2021-09-15,6,2
5025334,2021-09-07,2021-09-09,2021-09-13,2021-09-13,2021-09-15,6,2
5028049,2021-09-07,2021-09-09,2021-09-13,2021-09-13,2021-09-15,6,2
5030584,2021-09-07,2021-09-09,2021-09-13,2021-09-13,2021-09-15,6,2
5024533,2021-09-07,2021-09-09,2021-09-13,2021-09-13,2021-09-15,6,2
5037159,2021-09-07,2021-09-09,2021-09-13,2021-09-13,2021-09-15,6,2
5029863,2021-09-07,2021-09-09,2021-09-13,2021-09-13,2021-09-15,6,2
5023746,2021-09-07,2021-09-09,2021-09-13,2021-09-13,2021-09-15,6,2
5034365,2021-09-07,2021-09-09,2021-09-13,2021-09-13,2021-09-15,6,2
5032299,2021-09-07,2021-09-09,2021-09-13,2021-09-13,2021-09-15,6,2
5034619,2021-09-07,2021-09-09,2021-09-13,2021-09-13,2021-09-15,6,2
5034657,2021-09-07,2021-09-09,2021-09-13,2021-09-13,2021-09-15,6,2
5027902,2021-09-07,2021-09-09,2021-09-13,2021-09-13,2021-09-15,6,2
5030738,2021-09-07,2021-09-09,2021-09-13,2021-09-13,2021-09-15,6,2
5033412,2021-09-07,2021-09-09,2021-09-13,2021-09-13,2021-09-15,6,2
5031381,2021-09-07,2021-09-09,2021-09-13,2021-09-13,2021-09-15,6,2
5035045,2021-09-07,2021-09-09,2021-09-13,2021-09-13,2021-09-15,6,2
5026083,2021-09-07,2021-09-09,2021-09-13,2021-09-13,2021-09-15,6,2
5036975,2021-09-07,2021-09-09,2021-09-13,2021-09-13,2021-09-15,6,2
5024036,2021-09-07,2021-09-09,2021-09-13,2021-09-14,2021-09-16,6,3
5027195,2021-09-07,2021-09-09,2021-09-13,2021-09-14,2021-09-16,6,3
5029670,2021-09-07,2021-09-09,2021-09-13,2021-09-14,2021-09-16,6,3
5027844,2021-09-07,2021-09-09,2021-09-13,2021-09-14,2021-09-16,6,3
5033941,2021-09-07,2021-09-09,2021-09-13,2021-09-13,2021-09-15,6,2
5021540,2021-09-07,2021-09-09,2021-09-13,2021-09-13,2021-09-15,6,2
5031970,2021-09-07,2021-09-09,2021-09-13,2021-09-13,2021-09-15,6,2
5025184,2021-09-07,2021-09-09,2021-09-13,2021-09-13,2021-09-15,6,2
5029639,2021-09-07,2021-09-09,2021-09-13,2021-09-15,2021-09-17,6,4
5031569,2021-09-07,2021-09-09,2021-09-13,2021-09-13,2021-09-15,6,2
5034737,2021-09-07,2021-09-09,2021-09-13,2021-09-13,2021-09-15,6,2
5027005,2021-09-07,2021-09-09,2021-09-13,2021-09-13,2021-09-15,6,2
5029733,2021-09-07,2021-09-09,2021-09-13,2021-09-13,2021-09-15,6,2
5036196,2021-09-07,2021-09-09,2021-09-13,2021-09-13,2021-09-15,6,2
5036150,2021-09-07,2021-09-09,2021-09-13,2021-09-13,2021-09-15,6,2
5036057,2021-09-07,2021-09-09,2021-09-13,2021-09-14,2021-09-16,6,3
5030911,2021-09-07,2021-09-09,2021-09-13,2021-09-13,2021-09-15,6,2
5032051,2021-09-07,2021-09-09,2021-09-13,2021-09-14,2021-09-16,6,3
5033206,2021-09-07,2021-09-09,2021-09-13,2021-09-13,2021-09-15,6,2
5027014,2021-09-07,2021-09-09,2021-09-13,2021-09-13,2021-09-15,6,2
5036606,2021-09-07,2021-09-09,2021-09-13,2021-09-13,2021-09-15,6,2
5034591,2021-09-07,2021-09-09,2021-09-13,2021-09-13,2021-09-15,6,2
5022165,2021-09-07,2021-09-09,2021-09-13,2021-09-14,2021-09-16,6,3
5036576,2021-09-07,2021-09-09,2021-09-13,2021-09-14,2021-09-16,6,3
5032756,2021-09-07,2021-09-09,2021-09-13,2021-09-13,2021-09-15,6,2
5031940,2021-09-07,2021-09-09,2021-09-13,2021-09-14,2021-09-16,6,3
5026556,2021-09-07,2021-09-09,2021-09-13,2021-09-13,2021-09-15,6,2
5032304,2021-09-07,2021-09-09,2021-09-14,2021-09-16,2021-09-20,7,6
5021705,2021-09-07,2021-09-09,2021-09-14,2021-09-15,2021-09-17,7,3
5030970,2021-09-07,2021-09-09,2021-09-15,2021-09-16,2021-09-20,8,5
5033223,2021-09-07,2021-09-09,2021-09-15,2021-09-17,2021-09-20,8,5
5034545,2021-09-07,2021-09-09,2021-09-16,2021-09-20,,9,
5029419,2021-09-07,2021-09-09,2021-09-13,2021-09-13,2021-09-15,6,2
5026148,2021-09-07,2021-09-09,2021-09-13,2021-09-13,2021-09-15,6,2
5029305,2021-09-07,2021-09-09,2021-09-13,2021-09-13,2021-09-15,6,2
5036545,2021-09-07,2021-09-09,2021-09-13,2021-09-15,2021-09-17,6,4
5024823,2021-09-07,2021-09-09,2021-09-13,2021-09-13,2021-09-15,6,2
5030394,2021-09-07,2021-09-09,2021-09-13,2021-09-13,2021-09-15,6,2
5034679,2021-09-07,2021-09-09,2021-09-13,2021-09-13,2021-09-15,6,2
5027987,2021-09-07,2021-09-09,2021-09-13,2021-09-14,2021-09-16,6,3
5032093,2021-09-07,2021-09-09,2021-09-13,2021-09-13,2021-09-15,6,2
5036853,2021-09-07,2021-09-09,2021-09-13,2021-09-13,2021-09-15,6,2
5025154,2021-09-07,2021-09-09,2021-09-13,2021-09-13,2021-09-15,6,2
5026575,2021-09-07,2021-09-09,2021-09-13,2021-09-13,2021-09-15,6,2
5036624,2021-09-07,2021-09-09,2021-09-13,2021-09-14,2021-09-16,6,3
5022418,2021-09-07,2021-09-09,2021-09-13,2021-09-14,2021-09-16,6,3
5034959,2021-09-07,2021-09-09,2021-09-13,2021-09-14,2021-09-16,6,3
5035267,2021-09-07,2021-09-09,2021-09-13,2021-09-13,2021-09-15,6,2
5033975,2021-09-07,2021-09-09,2021-09-13,2021-09-13,2021-09-15,6,2
5033422,2021-09-07,2021-09-09,2021-09-13,2021-09-13,2021-09-15,6,2
5030047,2021-09-07,2021-09-09,2021-09-13,2021-09-14,2021-09-16,6,3
5027737,2021-09-07,2021-09-09,2021-09-14,2021-09-15,2021-09-17,7,3
5030409,2021-09-07,2021-09-09,2021-09-13,2021-09-14,2021-09-16,6,3
5036537,2021-09-07,2021-09-09,2021-09-13,2021-09-13,2021-09-15,6,2
5024785,2021-09-07,2021-09-09,2021-09-13,2021-09-13,2021-09-15,6,2
5025558,2021-09-07,2021-09-09,2021-09-13,2021-09-15,2021-09-17,6,4
5023517,2021-09-07,2021-09-09,2021-09-13,2021-09-15,2021-09-17,6,4
5032568,2021-09-07,2021-09-09,2021-09-13,2021-09-13,2021-09-15,6,2
5029548,2021-09-07,2021-09-09,2021-09-13,2021-09-13,2021-09-15,6,2
5036016,2021-09-07,2021-09-09,2021-09-13,2021-09-15,2021-09-17,6,4
5034635,2021-09-07,2021-09-09,2021-09-13,2021-09-14,2021-09-16,6,3
5032791,2021-09-07,2021-09-09,2021-09-13,2021-09-13,2021-09-15,6,2
5033806,2021-09-07,2021-09-09,2021-09-13,2021-09-15,2021-09-17,6,4
5034798,2021-09-07,2021-09-09,2021-09-13,2021-09-15,2021-09-17,6,4
5032436,2021-09-07,2021-09-09,2021-09-13,2021-09-13,2021-09-15,6,2
5023840,2021-09-07,2021-09-10,2021-09-15,2021-09-16,2021-09-20,8,5
5036053,2021-09-07,2021-09-10,2021-09-13,2021-09-13,2021-09-15,6,2
5028797,2021-09-07,2021-09-10,2021-09-13,2021-09-13,2021-09-15,6,2
5021465,2021-09-07,2021-09-10,2021-09-13,2021-09-15,2021-09-17,6,4
5028698,2021-09-07,2021-09-10,2021-09-13,2021-09-14,2021-09-16,6,3
5035698,2021-09-07,2021-09-10,2021-09-14,2021-09-20,,7,
5032354,2021-09-07,2021-09-10,2021-09-13,2021-09-13,2021-09-15,6,2
5034759,2021-09-07,2021-09-10,2021-09-13,2021-09-14,2021-09-16,6,3
5022445,2021-09-07,2021-09-10,2021-09-13,2021-09-13,2021-09-15,6,2
5037638,2021-09-07,2021-09-10,2021-09-13,2021-09-13,2021-09-15,6,2
5023247,2021-09-07,2021-09-10,2021-09-13,2021-09-14,2021-09-16,6,3
5029467,2021-09-07,2021-09-10,2021-09-13,2021-09-14,2021-09-16,6,3
5022772,2021-09-07,2021-09-10,2021-09-13,2021-09-14,2021-09-16,6,3
5033292,2021-09-07,2021-09-10,2021-09-13,2021-09-13,2021-09-15,6,2
5025447,2021-09-07,2021-09-10,2021-09-13,2021-09-13,2021-09-15,6,2
5037371,2021-09-07,2021-09-10,2021-09-13,2021-09-13,2021-09-15,6,2
5030015,2021-09-07,2021-09-10,2021-09-13,2021-09-13,2021-09-15,6,2
5021509,2021-09-07,2021-09-10,2021-09-13,2021-09-14,2021-09-16,6,3
5021715,2021-09-07,2021-09-10,2021-09-13,2021-09-13,2021-09-15,6,2
5034832,2021-09-07,2021-09-10,2021-09-15,2021-09-17,2021-09-20,8,5
5027565,2021-09-07,2021-09-10,2021-09-15,2021-09-16,2021-09-20,8,5
5027868,2021-09-07,2021-09-10,2021-09-13,2021-09-13,2021-09-15,6,2
5027804,2021-09-07,2021-09-10,2021-09-13,2021-09-13,2021-09-15,6,2
5022980,2021-09-07,2021-09-10,2021-09-15,2021-09-16,2021-09-20,8,5
5032416,2021-09-07,2021-09-10,2021-09-13,2021-09-13,2021-09-15,6,2
5023014,2021-09-07,2021-09-10,2021-09-13,2021-09-13,2021-09-15,6,2
5023884,2021-09-07,2021-09-10,2021-09-13,2021-09-14,2021-09-16,6,3
5028088,2021-09-07,2021-09-10,2021-09-15,2021-09-16,2021-09-20,8,5
5024839,2021-09-07,2021-09-10,2021-09-14,2021-09-15,2021-09-17,7,3
5027034,2021-09-07,2021-09-10,2021-09-13,2021-09-14,2021-09-16,6,3
5037607,2021-09-07,2021-09-10,2021-09-16,2021-09-17,2021-09-20,9,4
5034050,2021-09-07,2021-09-10,2021-09-13,2021-09-15,2021-09-17,6,4
5033746,2021-09-07,2021-09-10,2021-09-13,2021-09-13,2021-09-15,6,2
5034697,2021-09-07,2021-09-10,2021-09-13,2021-09-15,2021-09-17,6,4
5034314,2021-09-07,2021-09-10,2021-09-13,2021-09-14,2021-09-16,6,3
5026883,2021-09-07,2021-09-10,2021-09-13,2021-09-13,2021-09-15,6,2
5033348,2021-09-07,2021-09-10,2021-09-13,2021-09-14,2021-09-16,6,3
5022273,2021-09-07,2021-09-10,2021-09-13,2021-09-13,2021-09-15,6,2
5032656,2021-09-07,2021-09-10,2021-09-13,2021-09-15,2021-09-17,6,4
5023026,2021-09-07,2021-09-10,2021-09-13,2021-09-15,2021-09-17,6,4
5028378,2021-09-07,2021-09-10,2021-09-14,2021-09-17,2021-09-20,7,6
5022084,2021-09-07,2021-09-10,2021-09-13,2021-09-13,2021-09-15,6,2
5024428,2021-09-07,2021-09-10,2021-09-13,2021-09-14,2021-09-16,6,3
5029880,2021-09-07,2021-09-10,2021-09-13,2021-09-13,2021-09-15,6,2
5035038,2021-09-07,2021-09-10,2021-09-13,2021-09-15,2021-09-17,6,4
5037089,2021-09-07,2021-09-10,2021-09-17,2021-09-20,,10,
5031954,2021-09-07,2021-09-10,2021-09-14,2021-09-15,2021-09-17,7,3
5034010,2021-09-07,2021-09-10,2021-09-13,2021-09-15,2021-09-17,6,4
5036155,2021-09-07,2021-09-10,2021-09-13,2021-09-14,2021-09-16,6,3
5027794,2021-09-07,2021-09-10,2021-09-13,2021-09-14,2021-09-16,6,3
5024167,2021-09-07,2021-09-10,2021-09-13,2021-09-14,2021-09-16,6,3
5033939,2021-09-07,2021-09-10,2021-09-14,2021-09-15,2021-09-17,7,3
5031327,2021-09-07,2021-09-10,2021-09-13,2021-09-13,2021-09-15,6,2
5036003,2021-09-07,2021-09-10,2021-09-15,2021-09-16,2021-09-20,8,5
5023280,2021-09-07,2021-09-10,2021-09-13,2021-09-14,2021-09-16,6,3
5032334,2021-09-07,2021-09-10,2021-09-13,2021-09-14,2021-09-16,6,3
5029713,2021-09-07,2021-09-10,2021-09-13,2021-09-16,2021-09-20,6,7
5023822,2021-09-07,2021-09-10,2021-09-13,2021-09-13,2021-09-15,6,2
5034736,2021-09-07,2021-09-10,2021-09-14,2021-09-15,2021-09-17,7,3
5030532,2021-09-07,2021-09-10,2021-09-13,2021-09-15,2021-09-17,6,4
5026523,2021-09-07,2021-09-13,2021-09-14,2021-09-15,2021-09-17,7,3
5021422,2021-09-07,2021-09-13,2021-09-16,2021-09-20,,9,
5034641,2021-09-07,2021-09-13,2021-09-17,2021-09-20,,10,
5034516,2021-09-07,2021-09-13,2021-09-14,2021-09-15,2021-09-17,7,3
5033106,2021-09-07,2021-09-13,2021-09-13,2021-09-14,2021-09-16,6,3
5025634,2021-09-07,2021-09-13,2021-09-14,2021-09-16,2021-09-20,7,6
5026849,2021-09-07,2021-09-13,2021-09-16,2021-09-20,,9,
5027019,2021-09-07,2021-09-13,2021-09-15,2021-09-16,2021-09-20,8,5
5031089,2021-09-07,2021-09-13,2021-09-15,2021-09-16,2021-09-20,8,5
5031988,2021-09-07,2021-09-13,2021-09-16,2021-09-17,2021-09-20,9,4
5030710,2021-09-07,2021-09-13,2021-09-14,2021-09-15,2021-09-17,7,3
5032786,2021-09-07,2021-09-13,2021-09-13,2021-09-15,2021-09-17,6,4
5028328,2021-09-07,2021-09-13,2021-09-15,2021-09-17,2021-09-20,8,5
5029482,2021-09-07,2021-09-13,2021-09-13,2021-09-14,2021-09-16,6,3
5034822,2021-09-07,2021-09-13,2021-09-13,2021-09-14,2021-09-16,6,3
5029302,2021-09-07,2021-09-13,2021-09-14,2021-09-15,2021-09-17,7,3
5031333,2021-09-07,2021-09-13,2021-09-13,2021-09-14,2021-09-16,6,3
5022079,2021-09-07,2021-09-13,2021-09-13,2021-09-14,2021-09-16,6,3
5033693,2021-09-07,2021-09-13,2021-09-14,2021-09-15,2021-09-17,7,3
5026417,2021-09-07,2021-09-13,2021-09-13,2021-09-14,2021-09-16,6,3
5023187,2021-09-07,2021-09-13,2021-09-13,2021-09-14,2021-09-16,6,3
5027618,2021-09-07,2021-09-13,2021-09-14,2021-09-16,2021-09-20,7,6
5037038,2021-09-07,2021-09-13,2021-09-15,2021-09-16,2021-09-20,8,5
5031734,2021-09-07,2021-09-13,2021-09-15,2021-09-16,2021-09-20,8,5
5031961,2021-09-07,2021-09-13,2021-09-15,2021-09-16,2021-09-20,8,5
5033184,2021-09-07,2021-09-13,2021-09-15,2021-09-16,2021-09-20,8,5
5031003,2021-09-07,2021-09-13,2021-09-15,2021-09-16,2021-09-20,8,5
5036979,2021-09-07,2021-09-13,2021-09-15,2021-09-16,2021-09-20,8,5
5023493,2021-09-07,2021-09-13,2021-09-13,2021-09-14,2021-09-16,6,3
5023415,2021-09-07,2021-09-13,2021-09-15,2021-09-17,2021-09-20,8,5
5021455,2021-09-07,2021-09-13,2021-09-14,2021-09-15,2021-09-17,7,3
5027774,2021-09-07,2021-09-13,2021-09-13,2021-09-14,2021-09-16,6,3
5022114,2021-09-07,2021-09-13,2021-09-14,2021-09-16,2021-09-20,7,6
5027091,2021-09-07,2021-09-13,2021-09-14,2021-09-17,2021-09-20,7,6
5023870,2021-09-07,2021-09-13,2021-09-14,2021-09-15,2021-09-17,7,3
5029784,2021-09-07,2021-09-13,2021-09-15,2021-09-16,2021-09-20,8,5
5037370,2021-09-07,2021-09-13,2021-09-14,2021-09-16,2021-09-20,7,6
5034956,2021-09-07,2021-09-13,2021-09-16,2021-09-17,2021-09-20,9,4
5031233,2021-09-07,2021-09-13,2021-09-14,2021-09-15,2021-09-17,7,3
5027105,2021-09-07,2021-09-13,2021-09-14,2021-09-15,2021-09-17,7,3
5037583,2021-09-07,2021-09-13,2021-09-17,2021-09-20,,10,
5036892,2021-09-07,2021-09-13,2021-09-13,2021-09-15,2021-09-17,6,4
5023438,2021-09-07,2021-09-13,2021-09-13,2021-09-14,2021-09-16,6,3
5030112,2021-09-07,2021-09-13,2021-09-13,2021-09-14,2021-09-16,6,3
5025545,2021-09-07,2021-09-13,2021-09-13,2021-09-15,2021-09-17,6,4
5034648,2021-09-07,2021-09-13,2021-09-14,2021-09-16,2021-09-20,7,6
5029954,2021-09-07,2021-09-13,2021-09-14,2021-09-16,2021-09-20,7,6
5026093,2021-09-07,2021-09-13,2021-09-20,2021-09-21,,13,
5029835,2021-09-07,2021-09-13,2021-09-14,2021-09-15,2021-09-17,7,3
5027119,2021-09-07,2021-09-13,2021-09-16,2021-09-20,,9,
5025404,2021-09-07,2021-09-13,2021-09-16,2021-09-17,2021-09-20,9,4
5030930,2021-09-07,2021-09-13,2021-09-13,2021-09-14,2021-09-16,6,3
5022071,2021-09-07,2021-09-13,2021-09-14,2021-09-16,2021-09-20,7,6
5025235,2021-09-07,2021-09-13,2021-09-15,2021-09-16,2021-09-20,8,5
5030413,2021-09-07,2021-09-13,2021-09-14,2021-09-15,2021-09-17,7,3
5021554,2021-09-07,2021-09-13,2021-09-15,2021-09-16,2021-09-20,8,5
5030351,2021-09-07,2021-09-13,2021-09-14,2021-09-15,2021-09-17,7,3
5029940,2021-09-07,2021-09-13,2021-09-13,2021-09-14,2021-09-16,6,3
5034885,2021-09-07,2021-09-13,2021-09-14,2021-09-15,2021-09-17,7,3
5030906,2021-09-07,2021-09-13,2021-09-16,2021-09-17,2021-09-20,9,4
5021667,2021-09-07,2021-09-13,2021-09-17,2021-09-20,,10,
5037603,2021-09-07,2021-09-13,2021-09-14,2021-09-15,2021-09-17,7,3
5025225,2021-09-07,2021-09-13,2021-09-13,2021-09-14,2021-09-16,6,3
5023287,2021-09-07,2021-09-13,2021-09-20,2021-09-21,,13,
5034774,2021-09-07,2021-09-13,2021-09-14,2021-09-15,2021-09-17,7,3
5030476,2021-09-07,2021-09-13,2021-09-15,2021-09-20,,8,
5030579,2021-09-07,2021-09-13,2021-09-14,2021-09-15,2021-09-17,7,3
5036692,2021-09-07,2021-09-13,2021-09-16,2021-09-17,2021-09-20,9,4
5030556,2021-09-07,2021-09-13,2021-09-13,2021-09-16,2021-09-20,6,7
5022383,2021-09-07,2021-09-13,2021-09-14,2021-09-15,2021-09-17,7,3
5036949,2021-09-07,2021-09-13,2021-09-15,2021-09-16,2021-09-20,8,5
5024164,2021-09-07,2021-09-13,2021-09-13,2021-09-14,2021-09-16,6,3
5033878,2021-09-07,2021-09-13,2021-09-13,2021-09-14,2021-09-16,6,3
5037139,2021-09-07,2021-09-13,2021-09-14,2021-09-15,2021-09-17,7,3
5025224,2021-09-07,2021-09-13,2021-09-14,2021-09-16,2021-09-20,7,6
5033329,2021-09-07,2021-09-13,2021-09-15,2021-09-16,2021-09-20,8,5
5023844,2021-09-07,2021-09-13,2021-09-16,2021-09-20,,9,
5032293,2021-09-07,2021-09-13,2021-09-13,2021-09-14,2021-09-16,6,3
5027029,2021-09-07,2021-09-13,2021-09-13,2021-09-14,2021-09-16,6,3
5024056,2021-09-07,2021-09-13,2021-09-14,2021-09-16,2021-09-20,7,6
5028712,2021-09-07,2021-09-13,2021-09-20,2021-09-20,,13,
5028182,2021-09-07,2021-09-13,2021-09-15,2021-09-16,2021-09-20,8,5
5029504,2021-09-07,2021-09-13,2021-09-17,2021-09-20,,10,
5036612,2021-09-07,2021-09-13,2021-09-15,2021-09-16,2021-09-20,8,5
5022088,2021-09-07,2021-09-13,2021-09-13,2021-09-15,2021-09-17,6,4
5030361,2021-09-07,2021-09-13,2021-09-20,2021-09-20,,13,
5030542,2021-09-07,2021-09-13,2021-09-16,2021-09-17,2021-09-20,9,4
5028956,2021-09-07,2021-09-13,2021-09-14,2021-09-15,2021-09-17,7,3
5032114,2021-09-07,2021-09-13,2021-09-13,2021-09-15,2021-09-17,6,4
5034677,2021-09-07,2021-09-13,2021-09-15,2021-09-16,2021-09-20,8,5
5032950,2021-09-07,2021-09-13,2021-09-14,2021-09-15,2021-09-17,7,3
5035322,2021-09-07,2021-09-13,2021-09-13,2021-09-14,2021-09-16,6,3
5028016,2021-09-07,2021-09-13,2021-09-14,2021-09-16,2021-09-20,7,6
5036289,2021-09-07,2021-09-13,2021-09-14,2021-09-20,,7,
5030506,2021-09-07,2021-09-13,2021-09-16,2021-09-20,,9,
5024133,2021-09-07,2021-09-13,2021-09-16,2021-09-20,,9,
5028009,2021-09-07,2021-09-13,2021-09-14,2021-09-16,2021-09-20,7,6
5032461,2021-09-07,2021-09-13,2021-09-16,2021-09-17,2021-09-20,9,4
5022764,2021-09-07,2021-09-13,2021-09-14,2021-09-15,2021-09-17,7,3
5026422,2021-09-07,2021-09-13,2021-09-15,2021-09-17,2021-09-20,8,5
5029329,2021-09-07,2021-09-13,2021-09-15,2021-09-17,2021-09-20,8,5
5030011,2021-09-07,2021-09-13,2021-09-14,2021-09-15,2021-09-17,7,3
5033054,2021-09-07,2021-09-13,2021-09-15,2021-09-16,2021-09-20,8,5
5023559,2021-09-07,2021-09-13,2021-09-15,2021-09-16,2021-09-20,8,5
5029584,2021-09-07,2021-09-13,2021-09-13,2021-09-15,2021-09-17,6,4
5028621,2021-09-07,2021-09-14,2021-09-16,2021-09-17,2021-09-20,9,4
5030625,2021-09-07,2021-09-14,2021-09-17,2021-09-20,,10,
5025864,2021-09-07,2021-09-14,2021-09-16,2021-09-17,2021-09-20,9,4
5030715,2021-09-07,2021-09-14,2021-09-16,2021-09-17,2021-09-20,9,4
5033896,2021-09-07,2021-09-14,2021-09-16,2021-09-17,2021-09-20,9,4
5026140,2021-09-07,2021-09-14,2021-09-16,2021-09-17,2021-09-20,9,4
5021561,2021-09-07,2021-09-14,2021-09-17,2021-09-20,,10,
5028097,2021-09-07,2021-09-14,2021-09-16,2021-09-17,2021-09-20,9,4
5036731,2021-09-07,2021-09-14,2021-09-16,2021-09-17,2021-09-20,9,4
5034072,2021-09-07,2021-09-14,2021-09-16,2021-09-17,2021-09-20,9,4
5025063,2021-09-07,2021-09-14,2021-09-20,2021-09-20,,13,
5022421,2021-09-07,2021-09-15,2021-09-20,2021-09-20,,13,
5030867,2021-09-07,2021-09-15,2021-09-17,2021-09-20,,10,
5030406,2021-09-07,2021-09-15,2021-09-17,2021-09-20,,10,
5022770,2021-09-07,2021-09-15,2021-09-17,2021-09-20,,10,
5036168,2021-09-07,2021-09-15,2021-09-17,2021-09-20,,10,
5029856,2021-09-07,2021-09-20,2021-09-20,2021-09-21,,13,
5025620,2021-09-08,2021-09-10,2021-09-13,2021-09-13,2021-09-15,5,2
5032226,2021-09-08,2021-09-10,2021-09-13,2021-09-13,2021-09-15,5,2
5032119,2021-09-08,2021-09-10,2021-09-13,2021-09-13,2021-09-15,5,2
5028318,2021-09-08,2021-09-10,2021-09-13,2021-09-13,2021-09-15,5,2
5032608,2021-09-08,2021-09-10,2021-09-13,2021-09-13,2021-09-15,5,2
5030656,2021-09-08,2021-09-10,2021-09-13,2021-09-13,2021-09-15,5,2
5033297,2021-09-08,2021-09-10,2021-09-13,2021-09-13,2021-09-15,5,2
5035019,2021-09-08,2021-09-10,2021-09-13,2021-09-13,2021-09-15,5,2
5032272,2021-09-08,2021-09-10,2021-09-13,2021-09-13,2021-09-15,5,2
5026496,2021-09-08,2021-09-10,2021-09-13,2021-09-13,2021-09-15,5,2
5027828,2021-09-08,2021-09-10,2021-09-13,2021-09-13,2021-09-15,5,2
5026178,2021-09-08,2021-09-10,2021-09-13,2021-09-13,2021-09-15,5,2
5029845,2021-09-08,2021-09-10,2021-09-13,2021-09-13,2021-09-15,5,2
5034112,2021-09-08,2021-09-10,2021-09-13,2021-09-13,2021-09-15,5,2
5035149,2021-09-08,2021-09-10,2021-09-13,2021-09-13,2021-09-15,5,2
5034977,2021-09-08,2021-09-10,2021-09-13,2021-09-13,2021-09-15,5,2
5029726,2021-09-08,2021-09-10,2021-09-13,2021-09-13,2021-09-15,5,2
5024200,2021-09-08,2021-09-10,2021-09-13,2021-09-14,2021-09-16,5,3
5025544,2021-09-08,2021-09-10,2021-09-13,2021-09-14,2021-09-16,5,3
5025274,2021-09-08,2021-09-10,2021-09-13,2021-09-14,2021-09-16,5,3
5033986,2021-09-08,2021-09-10,2021-09-13,2021-09-13,2021-09-15,5,2
5028895,2021-09-08,2021-09-10,2021-09-13,2021-09-13,2021-09-15,5,2
5031529,2021-09-08,2021-09-10,2021-09-13,2021-09-15,2021-09-17,5,4
5032799,2021-09-08,2021-09-10,2021-09-13,2021-09-13,2021-09-15,5,2
5030468,2021-09-08,2021-09-10,2021-09-13,2021-09-13,2021-09-15,5,2
5023477,2021-09-08,2021-09-10,2021-09-13,2021-09-13,2021-09-15,5,2
5030722,2021-09-08,2021-09-10,2021-09-13,2021-09-14,2021-09-16,5,3
5024437,2021-09-08,2021-09-10,2021-09-14,2021-09-15,2021-09-17,6,3
5032445,2021-09-08,2021-09-10,2021-09-14,2021-09-15,2021-09-17,6,3
5028201,2021-09-08,2021-09-10,2021-09-14,2021-09-15,2021-09-17,6,3
5029008,2021-09-08,2021-09-10,2021-09-14,2021-09-16,2021-09-20,6,6
5021606,2021-09-08,2021-09-10,2021-09-14,2021-09-15,2021-09-17,6,3
5025303,2021-09-08,2021-09-10,2021-09-15,2021-09-16,2021-09-20,7,5
5030752,2021-09-08,2021-09-10,2021-09-15,2021-09-17,2021-09-20,7,5
5024491,2021-09-08,2021-09-10,2021-09-15,2021-09-16,2021-09-20,7,5
5029869,2021-09-08,2021-09-10,2021-09-17,2021-09-20,,9,
5036075,2021-09-08,2021-09-10,2021-09-13,2021-09-13,2021-09-15,5,2
5022275,2021-09-08,2021-09-10,2021-09-13,2021-09-13,2021-09-15,5,2
5021488,2021-09-08,2021-09-10,2021-09-13,2021-09-13,2021-09-15,5,2
5030748,2021-09-08,2021-09-10,2021-09-13,2021-09-13,2021-09-15,5,2
5033231,2021-09-08,2021-09-10,2021-09-13,2021-09-13,2021-09-15,5,2
5032621,2021-09-08,2021-09-10,2021-09-13,2021-09-14,2021-09-16,5,3
5026506,2021-09-08,2021-09-10,2021-09-13,2021-09-14,2021-09-16,5,3
5027793,2021-09-08,2021-09-10,2021-09-15,2021-09-17,2021-09-20,7,5
5023813,2021-09-08,2021-09-10,2021-09-13,2021-09-14,2021-09-16,5,3
5028210,2021-09-08,2021-09-10,2021-09-13,2021-09-13,2021-09-15,5,2
5034762,2021-09-08,2021-09-10,2021-09-13,2021-09-13,2021-09-15,5,2
5033614,2021-09-08,2021-09-10,2021-09-13,2021-09-13,2021-09-15,5,2
5030508,2021-09-08,2021-09-10,2021-09-13,2021-09-13,2021-09-15,5,2
5029974,2021-09-08,2021-09-10,2021-09-13,2021-09-14,2021-09-16,5,3
5037123,2021-09-08,2021-09-10,2021-09-13,2021-09-13,2021-09-15,5,2
5023805,2021-09-08,2021-09-10,2021-09-13,2021-09-14,2021-09-16,5,3
5031140,2021-09-08,2021-09-10,2021-09-13,2021-09-14,2021-09-16,5,3
5028827,2021-09-08,2021-09-10,2021-09-13,2021-09-14,2021-09-16,5,3
5021665,2021-09-08,2021-09-10,2021-09-13,2021-09-13,2021-09-15,5,2
5024401,2021-09-08,2021-09-10,2021-09-13,2021-09-13,2021-09-15,5,2
5030808,2021-09-08,2021-09-10,2021-09-13,2021-09-14,2021-09-16,5,3
5031563,2021-09-08,2021-09-10,2021-09-13,2021-09-13,2021-09-15,5,2
5021493,2021-09-08,2021-09-10,2021-09-13,2021-09-14,2021-09-16,5,3
5034795,2021-09-08,2021-09-10,2021-09-13,2021-09-14,2021-09-16,5,3
5021848,2021-09-08,2021-09-10,2021-09-13,2021-09-13,2021-09-15,5,2
5023274,2021-09-08,2021-09-10,2021-09-13,2021-09-15,2021-09-17,5,4
5032496,2021-09-08,2021-09-10,2021-09-13,2021-09-15,2021-09-17,5,4
5027251,2021-09-08,2021-09-10,2021-09-17,2021-09-20,,9,
5025880,2021-09-08,2021-09-10,2021-09-13,2021-09-14,2021-09-16,5,3
5037022,2021-09-08,2021-09-10,2021-09-13,2021-09-13,2021-09-15,5,2
5026517,2021-09-08,2021-09-10,2021-09-14,2021-09-15,2021-09-17,6,3
5026290,2021-09-08,2021-09-10,2021-09-14,2021-09-16,2021-09-20,6,6
5023843,2021-09-08,2021-09-10,2021-09-13,2021-09-15,2021-09-17,5,4
5035158,2021-09-08,2021-09-10,2021-09-13,2021-09-13,2021-09-15,5,2
5023854,2021-09-08,2021-09-10,2021-09-13,2021-09-13,2021-09-15,5,2
5022591,2021-09-08,2021-09-10,2021-09-13,2021-09-15,2021-09-17,5,4
5023290,2021-09-08,2021-09-10,2021-09-14,2021-09-15,2021-09-17,6,3
5037498,2021-09-08,2021-09-10,2021-09-13,2021-09-15,2021-09-17,5,4
5035243,2021-09-08,2021-09-10,2021-09-13,2021-09-13,2021-09-15,5,2
5023038,2021-09-08,2021-09-10,2021-09-14,2021-09-16,2021-09-20,6,6
5030057,2021-09-08,2021-09-10,2021-09-13,2021-09-16,2021-09-20,5,7
5022439,2021-09-08,2021-09-10,2021-09-13,2021-09-14,2021-09-16,5,3
5036944,2021-09-08,2021-09-10,2021-09-13,2021-09-14,2021-09-16,5,3
5032870,2021-09-08,2021-09-10,2021-09-16,2021-09-20,,8,
5025554,2021-09-08,2021-09-10,2021-09-14,2021-09-15,2021-09-17,6,3
5029969,2021-09-08,2021-09-10,2021-09-13,2021-09-16,2021-09-20,5,7
5022448,2021-09-08,2021-09-10,2021-09-13,2021-09-15,2021-09-17,5,4
5025440,2021-09-08,2021-09-10,2021-09-13,2021-09-13,2021-09-15,5,2
5030388,2021-09-08,2021-09-13,2021-09-15,2021-09-16,2021-09-20,7,5
5023851,2021-09-08,2021-09-13,2021-09-15,2021-09-16,2021-09-20,7,5
5034744,2021-09-08,2021-09-13,2021-09-14,2021-09-17,2021-09-20,6,6
5034865,2021-09-08,2021-09-13,2021-09-16,2021-09-17,2021-09-20,8,4
5037177,2021-09-08,2021-09-13,2021-09-14,2021-09-15,2021-09-17,6,3
5026170,2021-09-08,2021-09-13,2021-09-14,2021-09-15,2021-09-17,6,3
5032207,2021-09-08,2021-09-13,2021-09-15,2021-09-17,2021-09-20,7,5
5029574,2021-09-08,2021-09-13,2021-09-14,2021-09-15,2021-09-17,6,3
5030768,2021-09-08,2021-09-13,2021-09-14,2021-09-20,,6,
5025658,2021-09-08,2021-09-13,2021-09-13,2021-09-14,2021-09-16,5,3
5037155,2021-09-08,2021-09-13,2021-09-13,2021-09-15,2021-09-17,5,4
5036593,2021-09-08,2021-09-13,2021-09-15,2021-09-16,2021-09-20,7,5
5035138,2021-09-08,2021-09-13,2021-09-13,2021-09-14,2021-09-16,5,3
5025572,2021-09-08,2021-09-13,2021-09-15,2021-09-17,2021-09-20,7,5
5023190,2021-09-08,2021-09-13,2021-09-13,2021-09-14,2021-09-16,5,3
5028729,2021-09-08,2021-09-13,2021-09-14,2021-09-15,2021-09-17,6,3
5031412,2021-09-08,2021-09-13,2021-09-16,2021-09-17,2021-09-20,8,4
5028727,2021-09-08,2021-09-13,2021-09-14,2021-09-15,2021-09-17,6,3
5026608,2021-09-08,2021-09-13,2021-09-16,2021-09-17,2021-09-20,8,4
5033498,2021-09-08,2021-09-13,2021-09-16,2021-09-17,2021-09-20,8,4
5022556,2021-09-08,2021-09-13,2021-09-15,2021-09-17,2021-09-20,7,5
5032895,2021-09-08,2021-09-13,2021-09-15,2021-09-17,2021-09-20,7,5
5031692,2021-09-08,2021-09-13,2021-09-13,2021-09-15,2021-09-17,5,4
5021610,2021-09-08,2021-09-13,2021-09-15,2021-09-16,2021-09-20,7,5
5036307,2021-09-08,2021-09-13,2021-09-17,2021-09-20,,9,
5031050,2021-09-08,2021-09-13,2021-09-15,2021-09-16,2021-09-20,7,5
5036917,2021-09-08,2021-09-13,2021-09-14,2021-09-15,2021-09-17,6,3
5025651,2021-09-08,2021-09-13,2021-09-13,2021-09-14,2021-09-16,5,3
5034071,2021-09-08,2021-09-13,2021-09-16,2021-09-17,2021-09-20,8,4
5028147,2021-09-08,2021-09-13,2021-09-13,2021-09-14,2021-09-16,5,3
5035141,2021-09-08,2021-09-13,2021-09-17,2021-09-20,,9,
5024876,2021-09-08,2021-09-13,2021-09-14,2021-09-15,2021-09-17,6,3
5025614,2021-09-08,2021-09-13,2021-09-14,2021-09-16,2021-09-20,6,6
5030639,2021-09-08,2021-09-13,2021-09-16,2021-09-17,2021-09-20,8,4
5026577,2021-09-08,2021-09-13,2021-09-16,2021-09-17,2021-09-20,8,4
5034250,2021-09-08,2021-09-13,2021-09-14,2021-09-15,2021-09-17,6,3
5028093,2021-09-08,2021-09-13,2021-09-14,2021-09-16,2021-09-20,6,6
5029001,2021-09-08,2021-09-13,2021-09-14,2021-09-15,2021-09-17,6,3
5034819,2021-09-08,2021-09-13,2021-09-17,2021-09-20,,9,
5032377,2021-09-08,2021-09-13,2021-09-15,2021-09-16,2021-09-20,7,5
5031641,2021-09-08,2021-09-13,2021-09-17,2021-09-20,,9,
5024448,2021-09-08,2021-09-13,2021-09-15,2021-09-16,2021-09-20,7,5
5023342,2021-09-08,2021-09-13,2021-09-13,2021-09-15,2021-09-17,5,4
5037519,2021-09-08,2021-09-13,2021-09-14,2021-09-15,2021-09-17,6,3
5031586,2021-09-08,2021-09-13,2021-09-13,2021-09-15,2021-09-17,5,4
5022454,2021-09-08,2021-09-13,2021-09-15,2021-09-17,2021-09-20,7,5
5023848,2021-09-08,2021-09-13,2021-09-15,2021-09-16,2021-09-20,7,5
5031252,2021-09-08,2021-09-13,2021-09-13,2021-09-14,2021-09-16,5,3
5026546,2021-09-08,2021-09-13,2021-09-13,2021-09-14,2021-09-16,5,3
5023809,2021-09-08,2021-09-13,2021-09-14,2021-09-15,2021-09-17,6,3
5037247,2021-09-08,2021-09-13,2021-09-17,2021-09-20,,9,
5025643,2021-09-08,2021-09-13,2021-09-15,2021-09-16,2021-09-20,7,5
5030129,2021-09-08,2021-09-13,2021-09-13,2021-09-14,2021-09-16,5,3
5024316,2021-09-08,2021-09-13,2021-09-16,2021-09-17,2021-09-20,8,4
5030216,2021-09-08,2021-09-13,2021-09-14,2021-09-15,2021-09-17,6,3
5025789,2021-09-08,2021-09-13,2021-09-13,2021-09-14,2021-09-16,5,3
5024503,2021-09-08,2021-09-13,2021-09-15,2021-09-17,2021-09-20,7,5
5024278,2021-09-08,2021-09-13,2021-09-13,2021-09-15,2021-09-17,5,4
5024992,2021-09-08,2021-09-13,2021-09-13,2021-09-14,2021-09-16,5,3
5034951,2021-09-08,2021-09-13,2021-09-15,2021-09-16,2021-09-20,7,5
5034850,2021-09-08,2021-09-13,2021-09-16,2021-09-17,2021-09-20,8,4
5036244,2021-09-08,2021-09-13,2021-09-13,2021-09-14,2021-09-16,5,3
5030988,2021-09-08,2021-09-13,2021-09-15,2021-09-16,2021-09-20,7,5
5024140,2021-09-08,2021-09-13,2021-09-15,2021-09-17,2021-09-20,7,5
5023417,2021-09-08,2021-09-13,2021-09-15,2021-09-17,2021-09-20,7,5
5025854,2021-09-08,2021-09-13,2021-09-14,2021-09-15,2021-09-17,6,3
5032688,2021-09-08,2021-09-13,2021-09-14,2021-09-16,2021-09-20,6,6
5037013,2021-09-08,2021-09-13,2021-09-14,2021-09-17,2021-09-20,6,6
5028412,2021-09-08,2021-09-13,2021-09-15,2021-09-17,2021-09-20,7,5
5032669,2021-09-08,2021-09-13,2021-09-13,2021-09-15,2021-09-17,5,4
5025501,2021-09-08,2021-09-13,2021-09-13,2021-09-15,2021-09-17,5,4
5030538,2021-09-08,2021-09-13,2021-09-13,2021-09-14,2021-09-16,5,3
5023544,2021-09-08,2021-09-13,2021-09-15,2021-09-20,,7,
5021516,2021-09-08,2021-09-13,2021-09-13,2021-09-14,2021-09-16,5,3
5021568,2021-09-08,2021-09-13,2021-09-15,2021-09-17,2021-09-20,7,5
5030105,2021-09-08,2021-09-13,2021-09-14,2021-09-15,2021-09-17,6,3
5030799,2021-09-08,2021-09-13,2021-09-14,2021-09-15,2021-09-17,6,3
5031377,2021-09-08,2021-09-13,2021-09-14,2021-09-15,2021-09-17,6,3
5026559,2021-09-08,2021-09-13,2021-09-14,2021-09-15,2021-09-17,6,3
5035205,2021-09-08,2021-09-13,2021-09-14,2021-09-15,2021-09-17,6,3
5024314,2021-09-08,2021-09-13,2021-09-15,2021-09-17,2021-09-20,7,5
5026595,2021-09-08,2021-09-13,2021-09-16,2021-09-17,2021-09-20,8,4
5030452,2021-09-08,2021-09-13,2021-09-14,2021-09-16,2021-09-20,6,6
5025452,2021-09-08,2021-09-13,2021-09-15,2021-09-16,2021-09-20,7,5
5022190,2021-09-08,2021-09-13,2021-09-16,2021-09-17,2021-09-20,8,4
5023524,2021-09-08,2021-09-13,2021-09-14,2021-09-15,2021-09-17,6,3
5036607,2021-09-08,2021-09-13,2021-09-17,2021-09-20,,9,
5022925,2021-09-08,2021-09-13,2021-09-14,2021-09-15,2021-09-17,6,3
5031078,2021-09-08,2021-09-13,2021-09-15,2021-09-16,2021-09-20,7,5
5024151,2021-09-08,2021-09-13,2021-09-14,2021-09-15,2021-09-17,6,3
5025799,2021-09-08,2021-09-13,2021-09-16,2021-09-17,2021-09-20,8,4
5022790,2021-09-08,2021-09-13,2021-09-13,2021-09-14,2021-09-16,5,3
5032107,2021-09-08,2021-09-13,2021-09-16,2021-09-17,2021-09-20,8,4
5034086,2021-09-08,2021-09-13,2021-09-14,2021-09-15,2021-09-17,6,3
5035482,2021-09-08,2021-09-13,2021-09-16,2021-09-20,,8,
5028123,2021-09-08,2021-09-13,2021-09-17,2021-09-20,,9,
5025397,2021-09-08,2021-09-13,2021-09-16,2021-09-17,2021-09-20,8,4
5036099,2021-09-08,2021-09-13,2021-09-15,2021-09-16,2021-09-20,7,5
5034119,2021-09-08,2021-09-13,2021-09-13,2021-09-14,2021-09-16,5,3
5024227,2021-09-08,2021-09-13,2021-09-15,2021-09-17,2021-09-20,7,5
5036544,2021-09-08,2021-09-13,2021-09-15,2021-09-16,2021-09-20,7,5
5036210,2021-09-08,2021-09-13,2021-09-13,2021-09-15,2021-09-17,5,4
5028098,2021-09-08,2021-09-13,2021-09-15,2021-09-17,2021-09-20,7,5
5026567,2021-09-08,2021-09-13,2021-09-15,2021-09-16,2021-09-20,7,5
5027052,2021-09-08,2021-09-13,2021-09-14,2021-09-16,2021-09-20,6,6
5029777,2021-09-08,2021-09-13,2021-09-15,2021-09-20,,7,
5031387,2021-09-08,2021-09-13,2021-09-14,2021-09-15,2021-09-17,6,3
5032123,2021-09-08,2021-09-13,2021-09-13,2021-09-14,2021-09-16,5,3
5036369,2021-09-08,2021-09-13,2021-09-14,2021-09-16,2021-09-20,6,6
5025636,2021-09-08,2021-09-13,2021-09-13,2021-09-15,2021-09-17,5,4
5035104,2021-09-08,2021-09-13,2021-09-14,2021-09-16,2021-09-20,6,6
5028771,2021-09-08,2021-09-13,2021-09-15,2021-09-16,2021-09-20,7,5
5037462,2021-09-08,2021-09-13,2021-09-15,2021-09-20,,7,
5036910,2021-09-08,2021-09-13,2021-09-13,2021-09-14,2021-09-16,5,3
5025261,2021-09-08,2021-09-13,2021-09-13,2021-09-17,2021-09-20,5,7
5030298,2021-09-08,2021-09-13,2021-09-14,2021-09-16,2021-09-20,6,6
5027838,2021-09-08,2021-09-13,2021-09-15,2021-09-16,2021-09-20,7,5
5029158,2021-09-08,2021-09-13,2021-09-13,2021-09-14,2021-09-16,5,3
5036087,2021-09-08,2021-09-13,2021-09-15,2021-09-16,2021-09-20,7,5
5032314,2021-09-08,2021-09-13,2021-09-16,2021-09-17,2021-09-20,8,4
5033450,2021-09-08,2021-09-13,2021-09-15,2021-09-20,,7,
5032144,2021-09-08,2021-09-13,2021-09-15,2021-09-20,,7,
5030599,2021-09-08,2021-09-13,2021-09-13,2021-09-14,2021-09-16,5,3
5027814,2021-09-08,2021-09-13,2021-09-17,2021-09-20,,9,
5037137,2021-09-08,2021-09-13,2021-09-13,2021-09-15,2021-09-17,5,4
5030632,2021-09-08,2021-09-13,2021-09-14,2021-09-16,2021-09-20,6,6
5032345,2021-09-08,2021-09-13,2021-09-14,2021-09-15,2021-09-17,6,3
5025521,2021-09-08,2021-09-13,2021-09-16,2021-09-20,,8,
5021684,2021-09-08,2021-09-13,2021-09-16,2021-09-17,2021-09-20,8,4
5036633,2021-09-08,2021-09-13,2021-09-14,2021-09-15,2021-09-17,6,3
5026480,2021-09-08,2021-09-13,2021-09-17,2021-09-20,,9,
5024467,2021-09-08,2021-09-13,2021-09-14,2021-09-16,2021-09-20,6,6
5026191,2021-09-08,2021-09-13,2021-09-13,2021-09-15,2021-09-17,5,4
5025504,2021-09-08,2021-09-13,2021-09-17,2021-09-20,,9,
5037114,2021-09-08,2021-09-13,2021-09-13,2021-09-15,2021-09-17,5,4
5023114,2021-09-08,2021-09-13,2021-09-16,2021-09-17,2021-09-20,8,4
5022133,2021-09-08,2021-09-13,2021-09-14,2021-09-15,2021-09-17,6,3
5032481,2021-09-08,2021-09-13,2021-09-17,2021-09-20,,9,
5027133,2021-09-08,2021-09-13,2021-09-15,2021-09-16,2021-09-20,7,5
5029739,2021-09-08,2021-09-13,2021-09-14,2021-09-15,2021-09-17,6,3
5022986,2021-09-08,2021-09-13,2021-09-13,2021-09-15,2021-09-17,5,4
5025703,2021-09-08,2021-09-13,2021-09-15,2021-09-17,2021-09-20,7,5
5036290,2021-09-08,2021-09-13,2021-09-15,2021-09-16,2021-09-20,7,5
5025339,2021-09-08,2021-09-13,2021-09-16,2021-09-17,2021-09-20,8,4
5034706,2021-09-08,2021-09-13,2021-09-13,2021-09-14,2021-09-16,5,3
5033243,2021-09-08,2021-09-14,2021-09-17,2021-09-20,,9,
5030324,2021-09-08,2021-09-14,2021-09-16,2021-09-20,,8,
5031421,2021-09-08,2021-09-14,2021-09-16,2021-09-17,2021-09-20,8,4
5030465,2021-09-08,2021-09-14,2021-09-16,2021-09-17,2021-09-20,8,4
5030756,2021-09-08,2021-09-14,2021-09-16,2021-09-20,,8,
5032476,2021-09-08,2021-09-14,2021-09-20,2021-09-20,,12,
5034870,2021-09-08,2021-09-14,2021-09-16,2021-09-17,2021-09-20,8,4
5022829,2021-09-08,2021-09-14,2021-09-16,2021-09-17,2021-09-20,8,4
5027741,2021-09-08,2021-09-14,2021-09-16,2021-09-20,,8,
5033101,2021-09-08,2021-09-14,2021-09-16,2021-09-17,2021-09-20,8,4
5021523,2021-09-08,2021-09-14,2021-09-16,2021-09-17,2021-09-20,8,4
5030041,2021-09-08,2021-09-14,2021-09-16,2021-09-17,2021-09-20,8,4
5037291,2021-09-08,2021-09-14,2021-09-20,2021-09-20,,12,
5028042,2021-09-08,2021-09-14,2021-09-16,2021-09-20,,8,
5023818,2021-09-08,2021-09-14,2021-09-20,2021-09-20,,12,
5025052,2021-09-08,2021-09-14,2021-09-16,2021-09-17,2021-09-20,8,4
5036163,2021-09-08,2021-09-14,2021-09-20,2021-09-20,,12,
5034374,2021-09-08,2021-09-14,2021-09-16,2021-09-17,2021-09-20,8,4
5032027,2021-09-08,2021-09-14,2021-09-17,2021-09-20,,9,
5035014,2021-09-08,2021-09-14,2021-09-16,2021-09-17,2021-09-20,8,4
5034154,2021-09-08,2021-09-14,2021-09-17,2021-09-20,,9,
5025580,2021-09-08,2021-09-14,2021-09-20,2021-09-20,,12,
5025473,2021-09-08,2021-09-14,2021-09-16,2021-09-17,2021-09-20,8,4
5033507,2021-09-08,2021-09-14,2021-09-20,2021-09-21,,12,
5034791,2021-09-08,2021-09-14,2021-09-16,2021-09-20,,8,
5024885,2021-09-08,2021-09-14,2021-09-16,2021-09-17,2021-09-20,8,4
5036522,2021-09-08,2021-09-14,2021-09-20,2021-09-20,,12,
5034824,2021-09-08,2021-09-14,2021-09-17,2021-09-20,,9,
5030114,2021-09-08,2021-09-15,2021-09-17,2021-09-20,,9,
5028128,2021-09-08,2021-09-15,2021-09-20,2021-09-20,,12,
5030066,2021-09-08,2021-09-15,2021-09-17,2021-09-20,,9,
5036789,2021-09-08,2021-09-15,2021-09-17,2021-09-20,,9,
5028891,2021-09-08,2021-09-15,2021-09-20,2021-09-21,,12,
5036726,2021-09-08,2021-09-15,2021-09-17,2021-09-20,,9,
5025791,2021-09-08,2021-09-15,2021-09-20,2021-09-20,,12,
5030773,2021-09-08,2021-09-15,2021-09-17,2021-09-20,,9,
5033304,2021-09-08,2021-09-15,2021-09-17,2021-09-20,,9,
5028228,2021-09-08,2021-09-16,2021-09-20,2021-09-20,,12,
5023291,2021-09-08,2021-09-16,2021-09-20,2021-09-20,,12,
5033949,2021-09-08,2021-09-16,2021-09-20,,,12,
5025348,2021-09-08,2021-09-16,2021-09-20,2021-09-20,,12,
5036262,2021-09-08,2021-09-16,2021-09-20,2021-09-20,,12,
5029773,2021-09-08,2021-09-16,2021-09-20,2021-09-20,,12,
5030118,2021-09-08,2021-09-16,2021-09-20,2021-09-20,,12,
5032149,2021-09-08,2021-09-17,2021-09-21,,,13,
5030680,2021-09-08,2021-09-17,,,,,
5037100,2021-09-09,2021-09-13,2021-09-13,2021-09-14,2021-09-16,4,3
5035532,2021-09-09,2021-09-13,2021-09-13,2021-09-14,2021-09-16,4,3
5022142,2021-09-09,2021-09-13,2021-09-13,2021-09-14,2021-09-16,4,3
5032333,2021-09-09,2021-09-13,2021-09-13,2021-09-14,2021-09-16,4,3
5022145,2021-09-09,2021-09-13,2021-09-13,2021-09-14,2021-09-16,4,3
5030302,2021-09-09,2021-09-13,2021-09-13,2021-09-14,2021-09-16,4,3
5022848,2021-09-09,2021-09-13,2021-09-13,2021-09-14,2021-09-16,4,3
5025536,2021-09-09,2021-09-13,2021-09-13,2021-09-14,2021-09-16,4,3
5029989,2021-09-09,2021-09-13,2021-09-13,2021-09-14,2021-09-16,4,3
5036485,2021-09-09,2021-09-13,2021-09-13,2021-09-14,2021-09-16,4,3
5031405,2021-09-09,2021-09-13,2021-09-13,2021-09-14,2021-09-16,4,3
5025706,2021-09-09,2021-09-13,2021-09-13,2021-09-14,2021-09-16,4,3
5033566,2021-09-09,2021-09-13,2021-09-13,2021-09-14,2021-09-16,4,3
5028515,2021-09-09,2021-09-13,2021-09-13,2021-09-14,2021-09-16,4,3
5027373,2021-09-09,2021-09-13,2021-09-13,2021-09-14,2021-09-16,4,3
5026501,2021-09-09,2021-09-13,2021-09-13,2021-09-14,2021-09-16,4,3
5037287,2021-09-09,2021-09-13,2021-09-13,2021-09-14,2021-09-16,4,3
5034803,2021-09-09,2021-09-13,2021-09-13,2021-09-14,2021-09-16,4,3
5024154,2021-09-09,2021-09-13,2021-09-13,2021-09-15,2021-09-17,4,4
5028315,2021-09-09,2021-09-13,2021-09-13,2021-09-15,2021-09-17,4,4
5032526,2021-09-09,2021-09-13,2021-09-13,2021-09-15,2021-09-17,4,4
5024219,2021-09-09,2021-09-13,2021-09-13,2021-09-16,2021-09-20,4,7
5037566,2021-09-09,2021-09-13,2021-09-13,2021-09-17,2021-09-20,4,7
5025904,2021-09-09,2021-09-13,2021-09-13,2021-09-14,2021-09-16,4,3
5031223,2021-09-09,2021-09-13,2021-09-14,2021-09-15,2021-09-17,5,3
5034378,2021-09-09,2021-09-13,2021-09-14,2021-09-16,2021-09-20,5,6
5036147,2021-09-09,2021-09-13,2021-09-14,2021-09-15,2021-09-17,5,3
5024117,2021-09-09,2021-09-13,2021-09-14,2021-09-15,2021-09-17,5,3
5023540,2021-09-09,2021-09-13,2021-09-14,2021-09-15,2021-09-17,5,3
5022827,2021-09-09,2021-09-13,2021-09-14,2021-09-15,2021-09-17,5,3
5031057,2021-09-09,2021-09-13,2021-09-14,2021-09-17,2021-09-20,5,6
5021725,2021-09-09,2021-09-13,2021-09-15,2021-09-16,2021-09-20,6,5
5031016,2021-09-09,2021-09-13,2021-09-15,2021-09-16,2021-09-20,6,5
5028322,2021-09-09,2021-09-13,2021-09-15,2021-09-16,2021-09-20,6,5
5023018,2021-09-09,2021-09-13,2021-09-15,2021-09-16,2021-09-20,6,5
5028459,2021-09-09,2021-09-13,2021-09-15,2021-09-20,,6,
5028546,2021-09-09,2021-09-13,2021-09-14,2021-09-15,2021-09-17,5,3
5025320,2021-09-09,2021-09-13,2021-09-13,2021-09-14,2021-09-16,4,3
5026622,2021-09-09,2021-09-13,2021-09-14,2021-09-15,2021-09-17,5,3
5031440,2021-09-09,2021-09-13,2021-09-15,2021-09-17,2021-09-20,6,5
5031693,2021-09-09,2021-09-13,2021-09-14,2021-09-15,2021-09-17,5,3
5032580,2021-09-09,2021-09-13,2021-09-17,2021-09-20,,8,
5031900,2021-09-09,2021-09-13,2021-09-15,2021-09-20,,6,
5030369,2021-09-09,2021-09-13,2021-09-14,2021-09-15,2021-09-17,5,3
5024172,2021-09-09,2021-09-13,2021-09-16,2021-09-17,2021-09-20,7,4
5027974,2021-09-09,2021-09-13,2021-09-15,2021-09-16,2021-09-20,6,5
5030861,2021-09-09,2021-09-13,2021-09-15,2021-09-16,2021-09-20,6,5
5032371,2021-09-09,2021-09-13,2021-09-14,2021-09-15,2021-09-17,5,3
5034514,2021-09-09,2021-09-13,2021-09-20,2021-09-20,,11,
5027867,2021-09-09,2021-09-13,2021-09-13,2021-09-14,2021-09-16,4,3
5034096,2021-09-09,2021-09-13,2021-09-16,2021-09-20,,7,
5029667,2021-09-09,2021-09-13,2021-09-16,2021-09-17,2021-09-20,7,4
5034444,2021-09-09,2021-09-13,2021-09-16,2021-09-17,2021-09-20,7,4
5036941,2021-09-09,2021-09-13,2021-09-14,2021-09-15,2021-09-17,5,3
5031451,2021-09-09,2021-09-13,2021-09-13,2021-09-15,2021-09-17,4,4
5022875,2021-09-09,2021-09-13,2021-09-15,2021-09-17,2021-09-20,6,5
5024738,2021-09-09,2021-09-13,2021-09-13,2021-09-15,2021-09-17,4,4
5025269,2021-09-09,2021-09-13,2021-09-17,2021-09-20,,8,
5025667,2021-09-09,2021-09-13,2021-09-15,2021-09-16,2021-09-20,6,5
5029873,2021-09-09,2021-09-13,2021-09-15,2021-09-16,2021-09-20,6,5
5036954,2021-09-09,2021-09-13,,,,,
5030392,2021-09-09,2021-09-13,2021-09-14,2021-09-15,2021-09-17,5,3
5034990,2021-09-09,2021-09-13,2021-09-17,2021-09-20,,8,
5023808,2021-09-09,2021-09-13,2021-09-14,2021-09-15,2021-09-17,5,3
5029160,2021-09-09,2021-09-13,2021-09-15,2021-09-16,2021-09-20,6,5
5023880,2021-09-09,2021-09-13,2021-09-17,2021-09-20,,8,
5030667,2021-09-09,2021-09-13,2021-09-16,2021-09-17,2021-09-20,7,4
5034345,2021-09-09,2021-09-13,2021-09-16,2021-09-20,,7,
5025891,2021-09-09,2021-09-13,2021-09-15,2021-09-16,2021-09-20,6,5
5035334,2021-09-09,2021-09-13,2021-09-16,2021-09-20,,7,
5034190,2021-09-09,2021-09-13,2021-09-16,2021-09-17,2021-09-20,7,4
5031034,2021-09-09,2021-09-13,2021-09-20,2021-09-20,,11,
5025566,2021-09-09,2021-09-13,2021-09-15,2021-09-17,2021-09-20,6,5
5030762,2021-09-09,2021-09-13,2021-09-15,2021-09-16,2021-09-20,6,5
5027854,2021-09-09,2021-09-13,2021-09-16,2021-09-20,,7,
5030740,2021-09-09,2021-09-13,2021-09-15,2021-09-16,2021-09-20,6,5
5031067,2021-09-09,2021-09-13,2021-09-15,2021-09-16,2021-09-20,6,5
5022796,2021-09-09,2021-09-13,2021-09-20,2021-09-20,,11,
5031474,2021-09-09,2021-09-13,2021-09-15,2021-09-16,2021-09-20,6,5
5030471,2021-09-09,2021-09-13,2021-09-15,2021-09-16,2021-09-20,6,5
5037235,2021-09-09,2021-09-13,2021-09-14,2021-09-16,2021-09-20,5,6
5028664,2021-09-09,2021-09-13,2021-09-13,2021-09-14,2021-09-16,4,3
5034942,2021-09-09,2021-09-13,2021-09-14,2021-09-15,2021-09-17,5,3
5029862,2021-09-09,2021-09-13,2021-09-17,2021-09-20,,8,
5037475,2021-09-09,2021-09-13,2021-09-15,2021-09-16,2021-09-20,6,5
5034296,2021-09-09,2021-09-13,2021-09-15,2021-09-16,2021-09-20,6,5
5030229,2021-09-09,2021-09-13,2021-09-15,2021-09-16,2021-09-20,6,5
5034963,2021-09-09,2021-09-13,2021-09-15,2021-09-17,2021-09-20,6,5
5022777,2021-09-09,2021-09-13,2021-09-14,2021-09-15,2021-09-17,5,3
5030315,2021-09-09,2021-09-13,2021-09-16,2021-09-20,,7,
5036991,2021-09-09,2021-09-13,2021-09-15,2021-09-16,2021-09-20,6,5
5023534,2021-09-09,2021-09-13,2021-09-13,2021-09-15,2021-09-17,4,4
5032633,2021-09-09,2021-09-13,2021-09-15,2021-09-16,2021-09-20,6,5
5030420,2021-09-09,2021-09-13,2021-09-17,2021-09-20,,8,
5037239,2021-09-09,2021-09-13,2021-09-15,2021-09-16,2021-09-20,6,5
5022102,2021-09-09,2021-09-13,2021-09-13,2021-09-14,2021-09-16,4,3
5034252,2021-09-09,2021-09-13,2021-09-14,2021-09-15,2021-09-17,5,3
5033265,2021-09-09,2021-09-13,2021-09-14,2021-09-15,2021-09-17,5,3
5023890,2021-09-09,2021-09-13,2021-09-16,2021-09-17,2021-09-20,7,4
5022856,2021-09-09,2021-09-13,2021-09-15,2021-09-16,2021-09-20,6,5
5034118,2021-09-09,2021-09-13,2021-09-15,2021-09-16,2021-09-20,6,5
5036449,2021-09-09,2021-09-13,2021-09-20,2021-09-20,,11,
5028965,2021-09-09,2021-09-13,2021-09-14,2021-09-15,2021-09-17,5,3
5034621,2021-09-09,2021-09-13,2021-09-13,2021-09-14,2021-09-16,4,3
5026797,2021-09-09,2021-09-13,2021-09-15,2021-09-17,2021-09-20,6,5
5023897,2021-09-09,2021-09-13,2021-09-14,2021-09-15,2021-09-17,5,3
5025150,2021-09-09,2021-09-13,2021-09-16,2021-09-17,2021-09-20,7,4
5025982,2021-09-09,2021-09-13,2021-09-16,2021-09-17,2021-09-20,7,4
5023293,2021-09-09,2021-09-13,2021-09-17,2021-09-20,,8,
5028487,2021-09-09,2021-09-13,2021-09-15,2021-09-16,2021-09-20,6,5
5035812,2021-09-09,2021-09-13,2021-09-15,2021-09-16,2021-09-20,6,5
5026032,2021-09-09,2021-09-13,2021-09-13,2021-09-14,2021-09-16,4,3
5033013,2021-09-09,2021-09-13,2021-09-20,2021-09-20,,11,
5030851,2021-09-09,2021-09-13,2021-09-13,2021-09-14,2021-09-16,4,3
5031221,2021-09-09,2021-09-13,2021-09-20,2021-09-20,,11,
5030553,2021-09-09,2021-09-13,2021-09-14,2021-09-15,2021-09-17,5,3
5024453,2021-09-09,2021-09-13,2021-09-15,2021-09-17,2021-09-20,6,5
5023817,2021-09-09,2021-09-13,2021-09-13,2021-09-16,2021-09-20,4,7
5035198,2021-09-09,2021-09-13,2021-09-16,2021-09-17,2021-09-20,7,4
5032412,2021-09-09,2021-09-13,2021-09-15,2021-09-17,2021-09-20,6,5
5034999,2021-09-09,2021-09-13,2021-09-14,2021-09-16,2021-09-20,5,6
5036590,2021-09-09,2021-09-13,2021-09-14,2021-09-15,2021-09-17,5,3
5034089,2021-09-09,2021-09-13,2021-09-14,2021-09-17,2021-09-20,5,6
5022526,2021-09-09,2021-09-13,2021-09-20,2021-09-20,,11,
5021427,2021-09-09,2021-09-13,2021-09-13,2021-09-15,2021-09-17,4,4
5027942,2021-09-09,2021-09-13,2021-09-16,2021-09-20,,7,
5036500,2021-09-09,2021-09-13,2021-09-15,2021-09-17,2021-09-20,6,5
5028223,2021-09-09,2021-09-13,2021-09-13,2021-09-14,2021-09-16,4,3
5022951,2021-09-09,2021-09-13,2021-09-14,2021-09-16,2021-09-20,5,6
5023879,2021-09-09,2021-09-13,2021-09-15,2021-09-16,2021-09-20,6,5
5032478,2021-09-09,2021-09-13,2021-09-14,2021-09-16,2021-09-20,5,6
5037189,2021-09-09,2021-09-13,2021-09-20,2021-09-20,,11,
5035090,2021-09-09,2021-09-13,2021-09-20,2021-09-20,,11,
5037400,2021-09-09,2021-09-13,2021-09-15,2021-09-16,2021-09-20,6,5
5022226,2021-09-09,2021-09-13,2021-09-17,2021-09-20,,8,
5033999,2021-09-09,2021-09-13,2021-09-15,2021-09-17,2021-09-20,6,5
5027385,2021-09-09,2021-09-13,2021-09-14,2021-09-15,2021-09-17,5,3
5032065,2021-09-09,2021-09-13,2021-09-14,2021-09-16,2021-09-20,5,6
5027324,2021-09-09,2021-09-13,2021-09-15,2021-09-20,,6,
5036885,2021-09-09,2021-09-13,2021-09-15,2021-09-16,2021-09-20,6,5
5037218,2021-09-09,2021-09-13,2021-09-15,2021-09-16,2021-09-20,6,5
5023975,2021-09-09,2021-09-13,2021-09-15,2021-09-16,2021-09-20,6,5
5037617,2021-09-09,2021-09-13,2021-09-13,2021-09-14,2021-09-16,4,3
5024041,2021-09-09,2021-09-13,2021-09-17,2021-09-20,,8,
5028287,2021-09-09,2021-09-13,2021-09-16,2021-09-17,2021-09-20,7,4
5023906,2021-09-09,2021-09-13,2021-09-14,2021-09-16,2021-09-20,5,6
5024033,2021-09-09,2021-09-13,2021-09-14,2021-09-15,2021-09-17,5,3
5026611,2021-09-09,2021-09-13,,,,,
5037500,2021-09-09,2021-09-13,2021-09-17,2021-09-20,,8,
5032722,2021-09-09,2021-09-13,2021-09-15,2021-09-16,2021-09-20,6,5
5024454,2021-09-09,2021-09-13,2021-09-20,2021-09-21,,11,
5036643,2021-09-09,2021-09-13,2021-09-20,2021-09-20,,11,
5028077,2021-09-09,2021-09-13,2021-09-16,2021-09-20,,7,
5033618,2021-09-09,2021-09-13,2021-09-14,2021-09-16,2021-09-20,5,6
5036662,2021-09-09,2021-09-13,2021-09-15,2021-09-20,,6,
5036180,2021-09-09,2021-09-13,2021-09-13,2021-09-14,2021-09-16,4,3
5031936,2021-09-09,2021-09-13,2021-09-13,2021-09-17,2021-09-20,4,7
5036265,2021-09-09,2021-09-13,2021-09-16,2021-09-20,,7,
5030415,2021-09-09,2021-09-13,2021-09-14,2021-09-16,2021-09-20,5,6
5028238,2021-09-09,2021-09-13,,,,,
5030812,2021-09-09,2021-09-13,2021-09-17,2021-09-20,,8,
5021854,2021-09-09,2021-09-13,2021-09-14,2021-09-17,2021-09-20,5,6
5026746,2021-09-09,2021-09-13,2021-09-20,2021-09-20,,11,
5023562,2021-09-09,2021-09-13,2021-09-16,2021-09-17,2021-09-20,7,4
5037280,2021-09-09,2021-09-13,2021-09-14,2021-09-17,2021-09-20,5,6
5032414,2021-09-09,2021-09-13,2021-09-15,2021-09-17,2021-09-20,6,5
5037150,2021-09-09,2021-09-13,,,,,
5023315,2021-09-09,2021-09-13,2021-09-13,2021-09-14,2021-09-16,4,3
5025596,2021-09-09,2021-09-13,2021-09-15,2021-09-16,2021-09-20,6,5
5036504,2021-09-09,2021-09-13,2021-09-20,2021-09-21,,11,
5025426,2021-09-09,2021-09-13,2021-09-14,2021-09-17,2021-09-20,5,6
5028977,2021-09-09,2021-09-13,2021-09-15,2021-09-17,2021-09-20,6,5
5032900,2021-09-09,2021-09-13,2021-09-15,2021-09-17,2021-09-20,6,5
5036170,2021-09-09,2021-09-13,2021-09-16,2021-09-17,2021-09-20,7,4
5029787,2021-09-09,2021-09-13,2021-09-20,2021-09-21,,11,
5034274,2021-09-09,2021-09-13,2021-09-13,2021-09-15,2021-09-17,4,4
5033303,2021-09-09,2021-09-13,2021-09-14,2021-09-16,2021-09-20,5,6
5027852,2021-09-09,2021-09-13,2021-09-13,2021-09-15,2021-09-17,4,4
5026701,2021-09-09,2021-09-14,2021-09-16,2021-09-17,2021-09-20,7,4
5024681,2021-09-09,2021-09-14,2021-09-17,2021-09-20,,8,
5030145,2021-09-09,2021-09-14,2021-09-20,2021-09-20,,11,
5028831,2021-09-09,2021-09-14,2021-09-16,2021-09-17,2021-09-20,7,4
5026339,2021-09-09,2021-09-14,2021-09-16,2021-09-17,2021-09-20,7,4
5027176,2021-09-09,2021-09-14,2021-09-16,2021-09-17,2021-09-20,7,4
5023865,2021-09-09,2021-09-14,2021-09-16,2021-09-17,2021-09-20,7,4
5034583,2021-09-09,2021-09-14,2021-09-16,2021-09-17,2021-09-20,7,4
5032301,2021-09-09,2021-09-14,2021-09-20,2021-09-21,,11,
5025135,2021-09-09,2021-09-14,2021-09-16,2021-09-20,,7,
5027851,2021-09-09,2021-09-14,2021-09-16,2021-09-20,,7,
5034307,2021-09-09,2021-09-14,2021-09-16,2021-09-20,,7,
5022222,2021-09-09,2021-09-14,2021-09-20,2021-09-21,,11,
5033643,2021-09-09,2021-09-14,2021-09-16,2021-09-17,2021-09-20,7,4
5037208,2021-09-09,2021-09-14,2021-09-16,2021-09-17,2021-09-20,7,4
5025610,2021-09-09,2021-09-14,2021-09-16,2021-09-17,2021-09-20,7,4
5028281,2021-09-09,2021-09-14,2021-09-17,2021-09-20,,8,
5030428,2021-09-09,2021-09-14,2021-09-16,2021-09-17,2021-09-20,7,4
5025126,2021-09-09,2021-09-14,2021-09-16,2021-09-20,,7,
5033767,2021-09-09,2021-09-14,2021-09-16,2021-09-17,2021-09-20,7,4
5035180,2021-09-09,2021-09-14,2021-09-20,2021-09-20,,11,
5026573,2021-09-09,2021-09-14,2021-09-17,2021-09-20,,8,
5024031,2021-09-09,2021-09-14,2021-09-16,2021-09-17,2021-09-20,7,4
5023582,2021-09-09,2021-09-14,2021-09-16,2021-09-20,,7,
5023960,2021-09-09,2021-09-14,2021-09-16,2021-09-20,,7,
5034939,2021-09-09,2021-09-14,2021-09-16,2021-09-17,2021-09-20,7,4
5030836,2021-09-09,2021-09-14,2021-09-16,2021-09-20,,7,
5028306,2021-09-09,2021-09-14,2021-09-20,2021-09-20,,11,
5032298,2021-09-09,2021-09-15,2021-09-17,2021-09-20,,8,
5037233,2021-09-09,2021-09-15,2021-09-17,2021-09-20,,8,
5033510,2021-09-09,2021-09-15,2021-09-17,2021-09-20,,8,
5030424,2021-09-09,2021-09-15,2021-09-20,2021-09-20,,11,
5032361,2021-09-09,2021-09-15,2021-09-17,2021-09-20,,8,
5032837,2021-09-09,2021-09-15,2021-09-17,2021-09-20,,8,
5028334,2021-09-09,2021-09-15,2021-09-20,2021-09-21,,11,
5031686,2021-09-09,2021-09-15,2021-09-17,2021-09-20,,8,
5022479,2021-09-09,2021-09-15,2021-09-20,2021-09-20,,11,
5024459,2021-09-09,2021-09-15,2021-09-17,2021-09-20,,8,
5037056,2021-09-09,2021-09-15,2021-09-21,,,12,
5023356,2021-09-09,2021-09-15,2021-09-17,2021-09-20,,8,
5024618,2021-09-09,2021-09-15,2021-09-17,2021-09-20,,8,
5030864,2021-09-09,2021-09-15,2021-09-17,2021-09-20,,8,
5025671,2021-09-09,2021-09-15,2021-09-17,2021-09-20,,8,
5027134,2021-09-09,2021-09-15,,,,,
5026635,2021-09-09,2021-09-15,2021-09-17,2021-09-20,,8,
5035397,2021-09-09,2021-09-15,2021-09-17,2021-09-20,,8,
5036419,2021-09-09,2021-09-15,2021-09-17,2021-09-20,,8,
5023887,2021-09-09,2021-09-15,2021-09-20,2021-09-21,,11,
5023249,2021-09-09,2021-09-16,2021-09-20,2021-09-20,,11,
5028274,2021-09-09,2021-09-16,2021-09-20,2021-09-20,,11,
5023283,2021-09-09,2021-09-16,2021-09-20,2021-09-20,,11,
5032917,2021-09-09,2021-09-16,2021-09-20,2021-09-20,,11,
5036935,2021-09-09,2021-09-16,2021-09-20,2021-09-20,,11,
5035427,2021-09-09,2021-09-16,2021-09-20,2021-09-20,,11,
5025946,2021-09-09,2021-09-16,2021-09-20,2021-09-20,,11,
5025916,2021-09-09,2021-09-16,2021-09-20,2021-09-20,,11,
5026643,2021-09-09,2021-09-17,,,,,
5025683,2021-09-09,2021-09-17,2021-09-20,,,11,
5024660,2021-09-09,2021-09-20,2021-09-21,,,12,
5035740,2021-09-10,2021-09-13,2021-09-14,2021-09-15,2021-09-17,4,3
5026243,2021-09-10,2021-09-13,2021-09-14,2021-09-15,2021-09-17,4,3
5029909,2021-09-10,2021-09-13,2021-09-14,2021-09-15,2021-09-17,4,3
5024502,2021-09-10,2021-09-13,2021-09-14,2021-09-15,2021-09-17,4,3
5031777,2021-09-10,2021-09-13,2021-09-14,2021-09-15,2021-09-17,4,3
5036349,2021-09-10,2021-09-13,2021-09-14,2021-09-15,2021-09-17,4,3
5032397,2021-09-10,2021-09-13,2021-09-14,2021-09-15,2021-09-17,4,3
5032822,2021-09-10,2021-09-13,2021-09-14,2021-09-15,2021-09-17,4,3
5025665,2021-09-10,2021-09-13,2021-09-14,2021-09-15,2021-09-17,4,3
5028355,2021-09-10,2021-09-13,2021-09-14,2021-09-15,2021-09-17,4,3
5024420,2021-09-10,2021-09-13,2021-09-14,2021-09-15,2021-09-17,4,3
5029132,2021-09-10,2021-09-13,2021-09-14,2021-09-15,2021-09-17,4,3
5024257,2021-09-10,2021-09-13,2021-09-14,2021-09-16,2021-09-20,4,6
5022558,2021-09-10,2021-09-13,2021-09-14,2021-09-17,2021-09-20,4,6
5030997,2021-09-10,2021-09-13,2021-09-14,2021-09-15,2021-09-17,4,3
5036530,2021-09-10,2021-09-13,2021-09-14,2021-09-15,2021-09-17,4,3
5030604,2021-09-10,2021-09-13,2021-09-14,2021-09-15,2021-09-17,4,3
5034337,2021-09-10,2021-09-13,2021-09-14,2021-09-15,2021-09-17,4,3
5028001,2021-09-10,2021-09-13,2021-09-14,2021-09-17,2021-09-20,4,6
5024265,2021-09-10,2021-09-13,2021-09-14,2021-09-15,2021-09-17,4,3
5026572,2021-09-10,2021-09-13,2021-09-14,2021-09-15,2021-09-17,4,3
5026173,2021-09-10,2021-09-13,2021-09-14,2021-09-15,2021-09-17,4,3
5024432,2021-09-10,2021-09-13,2021-09-14,2021-09-15,2021-09-17,4,3
5021782,2021-09-10,2021-09-13,2021-09-15,2021-09-16,2021-09-20,5,5
5031101,2021-09-10,2021-09-13,2021-09-15,2021-09-16,2021-09-20,5,5
5035189,2021-09-10,2021-09-13,2021-09-15,2021-09-17,2021-09-20,5,5
5026279,2021-09-10,2021-09-13,2021-09-15,2021-09-17,2021-09-20,5,5
5022212,2021-09-10,2021-09-13,2021-09-15,2021-09-16,2021-09-20,5,5
5022841,2021-09-10,2021-09-13,2021-09-15,2021-09-20,,5,
5034881,2021-09-10,2021-09-13,2021-09-16,2021-09-20,,6,
5032530,2021-09-10,2021-09-13,2021-09-16,2021-09-20,,6,
5022244,2021-09-10,2021-09-13,2021-09-16,2021-09-17,2021-09-20,6,4
5026430,2021-09-10,2021-09-13,2021-09-16,2021-09-17,2021-09-20,6,4
5036427,2021-09-10,2021-09-13,2021-09-16,2021-09-17,2021-09-20,6,4
5030561,2021-09-10,2021-09-13,2021-09-17,2021-09-20,,7,
5034433,2021-09-10,2021-09-13,2021-09-20,2021-09-20,,10,
5031196,2021-09-10,2021-09-13,2021-09-14,2021-09-16,2021-09-20,4,6
5034898,2021-09-10,2021-09-13,2021-09-21,,,11,
5026527,2021-09-10,2021-09-13,2021-09-17,2021-09-20,,7,
5025068,2021-09-10,2021-09-13,2021-09-15,2021-09-16,2021-09-20,5,5
5028181,2021-09-10,2021-09-13,2021-09-15,2021-09-16,2021-09-20,5,5
5032422,2021-09-10,2021-09-13,2021-09-16,2021-09-17,2021-09-20,6,4
5029017,2021-09-10,2021-09-13,2021-09-15,2021-09-17,2021-09-20,5,5
5021518,2021-09-10,2021-09-13,2021-09-14,2021-09-16,2021-09-20,4,6
5025468,2021-09-10,2021-09-13,2021-09-15,2021-09-16,2021-09-20,5,5
5022502,2021-09-10,2021-09-13,2021-09-14,2021-09-15,2021-09-17,4,3
5027848,2021-09-10,2021-09-13,2021-09-15,2021-09-16,2021-09-20,5,5
5030080,2021-09-10,2021-09-13,2021-09-16,2021-09-17,2021-09-20,6,4
5022544,2021-09-10,2021-09-13,2021-09-14,2021-09-15,2021-09-17,4,3
5023367,2021-09-10,2021-09-13,2021-09-15,2021-09-16,2021-09-20,5,5
5036808,2021-09-10,2021-09-13,2021-09-15,2021-09-16,2021-09-20,5,5
5022590,2021-09-10,2021-09-13,2021-09-14,2021-09-15,2021-09-17,4,3
5033040,2021-09-10,2021-09-13,2021-09-16,2021-09-17,2021-09-20,6,4
5023856,2021-09-10,2021-09-13,2021-09-15,2021-09-17,2021-09-20,5,5
5024510,2021-09-10,2021-09-13,2021-09-15,2021-09-16,2021-09-20,5,5
5028552,2021-09-10,2021-09-13,2021-09-15,2021-09-20,,5,
5024497,2021-09-10,2021-09-13,2021-09-15,2021-09-16,2021-09-20,5,5
5022277,2021-09-10,2021-09-13,2021-09-16,2021-09-17,2021-09-20,6,4
5021796,2021-09-10,2021-09-13,2021-09-16,2021-09-17,2021-09-20,6,4
5028391,2021-09-10,2021-09-13,2021-09-14,2021-09-15,2021-09-17,4,3
5036716,2021-09-10,2021-09-13,2021-09-14,2021-09-15,2021-09-17,4,3
5028990,2021-09-10,2021-09-13,2021-09-15,2021-09-16,2021-09-20,5,5
5034398,2021-09-10,2021-09-13,2021-09-20,2021-09-20,,10,
5031015,2021-09-10,2021-09-13,2021-09-15,2021-09-16,2021-09-20,5,5
5023086,2021-09-10,2021-09-13,2021-09-14,2021-09-15,2021-09-17,4,3
5036561,2021-09-10,2021-09-13,2021-09-15,2021-09-16,2021-09-20,5,5
5021731,2021-09-10,2021-09-13,2021-09-15,2021-09-16,2021-09-20,5,5
5037193,2021-09-10,2021-09-13,2021-09-17,2021-09-20,,7,
5029231,2021-09-10,2021-09-13,2021-09-15,2021-09-16,2021-09-20,5,5
5024267,2021-09-10,2021-09-13,2021-09-15,2021-09-17,2021-09-20,5,5
5030248,2021-09-10,2021-09-13,2021-09-15,2021-09-16,2021-09-20,5,5
5022103,2021-09-10,2021-09-13,2021-09-16,2021-09-20,,6,
5022583,2021-09-10,2021-09-13,2021-09-15,2021-09-17,2021-09-20,5,5
5036626,2021-09-10,2021-09-13,2021-09-15,2021-09-16,2021-09-20,5,5
5031293,2021-09-10,2021-09-13,2021-09-16,2021-09-17,2021-09-20,6,4
5032143,2021-09-10,2021-09-13,2021-09-15,2021-09-20,,5,
5023384,2021-09-10,2021-09-13,2021-09-14,2021-09-15,2021-09-17,4,3
5035006,2021-09-10,2021-09-13,2021-09-14,2021-09-16,2021-09-20,4,6
5027378,2021-09-10,2021-09-13,2021-09-15,2021-09-16,2021-09-20,5,5
5036951,2021-09-10,2021-09-13,2021-09-15,2021-09-16,2021-09-20,5,5
5025774,2021-09-10,2021-09-13,2021-09-14,2021-09-15,2021-09-17,4,3
5030196,2021-09-10,2021-09-13,2021-09-15,2021-09-16,2021-09-20,5,5
5030184,2021-09-10,2021-09-13,2021-09-15,2021-09-16,2021-09-20,5,5
5032336,2021-09-10,2021-09-13,2021-09-20,2021-09-21,,10,
5022893,2021-09-10,2021-09-13,2021-09-14,2021-09-17,2021-09-20,4,6
5037127,2021-09-10,2021-09-13,2021-09-15,2021-09-16,2021-09-20,5,5
5031942,2021-09-10,2021-09-13,2021-09-17,2021-09-20,,7,
5028518,2021-09-10,2021-09-13,2021-09-14,2021-09-15,2021-09-17,4,3
5024345,2021-09-10,2021-09-13,2021-09-17,2021-09-20,,7,
5023924,2021-09-10,2021-09-13,2021-09-20,2021-09-20,,10,
5036382,2021-09-10,2021-09-13,2021-09-15,2021-09-16,2021-09-20,5,5
5023499,2021-09-10,2021-09-13,2021-09-15,2021-09-16,2021-09-20,5,5
5036236,2021-09-10,2021-09-13,2021-09-14,2021-09-20,,4,
5028379,2021-09-10,2021-09-13,2021-09-14,2021-09-15,2021-09-17,4,3
5022093,2021-09-10,2021-09-13,2021-09-15,2021-09-16,2021-09-20,5,5
5030761,2021-09-10,2021-09-13,2021-09-20,2021-09-21,,10,
5024282,2021-09-10,2021-09-13,2021-09-15,2021-09-17,2021-09-20,5,5
5034872,2021-09-10,2021-09-13,2021-09-15,2021-09-16,2021-09-20,5,5
5034995,2021-09-10,2021-09-13,2021-09-17,2021-09-20,,7,
5022251,2021-09-10,2021-09-13,2021-09-16,2021-09-17,2021-09-20,6,4
5022456,2021-09-10,2021-09-13,2021-09-15,2021-09-17,2021-09-20,5,5
5032249,2021-09-10,2021-09-13,2021-09-14,2021-09-16,2021-09-20,4,6
5031164,2021-09-10,2021-09-13,2021-09-16,2021-09-17,2021-09-20,6,4
5035347,2021-09-10,2021-09-13,2021-09-16,2021-09-20,,6,
5025714,2021-09-10,2021-09-13,2021-09-15,2021-09-17,2021-09-20,5,5
5030512,2021-09-10,2021-09-13,2021-09-14,2021-09-15,2021-09-17,4,3
5024045,2021-09-10,2021-09-13,2021-09-16,2021-09-17,2021-09-20,6,4
5023547,2021-09-10,2021-09-13,2021-09-15,2021-09-20,,5,
5035633,2021-09-10,2021-09-13,2021-09-15,2021-09-16,2021-09-20,5,5
5035407,2021-09-10,2021-09-13,2021-09-15,2021-09-16,2021-09-20,5,5
5036861,2021-09-10,2021-09-13,2021-09-15,2021-09-17,2021-09-20,5,5
5034301,2021-09-10,2021-09-13,2021-09-17,2021-09-20,,7,
5025343,2021-09-10,2021-09-13,2021-09-17,2021-09-20,,7,
5021800,2021-09-10,2021-09-14,2021-09-16,2021-09-17,2021-09-20,6,4
5027159,2021-09-10,2021-09-14,2021-09-16,2021-09-17,2021-09-20,6,4
5031160,2021-09-10,2021-09-14,2021-09-16,2021-09-17,2021-09-20,6,4
5036447,2021-09-10,2021-09-14,2021-09-20,2021-09-20,,10,
5037334,2021-09-10,2021-09-14,2021-09-17,2021-09-20,,7,
5026065,2021-09-10,2021-09-14,2021-09-20,,,10,
5033031,2021-09-10,2021-09-14,2021-09-16,2021-09-17,2021-09-20,6,4
5032486,2021-09-10,2021-09-14,2021-09-16,2021-09-20,,6,
5033824,2021-09-10,2021-09-14,2021-09-16,2021-09-17,2021-09-20,6,4
5030208,2021-09-10,2021-09-14,2021-09-17,2021-09-20,,7,
5025632,2021-09-10,2021-09-14,2021-09-16,2021-09-17,2021-09-20,6,4
5028403,2021-09-10,2021-09-14,2021-09-16,2021-09-17,2021-09-20,6,4
5036117,2021-09-10,2021-09-14,2021-09-16,2021-09-17,2021-09-20,6,4
5025752,2021-09-10,2021-09-14,2021-09-16,2021-09-20,,6,
5034143,2021-09-10,2021-09-14,2021-09-20,2021-09-20,,10,
5032355,2021-09-10,2021-09-14,2021-09-16,2021-09-17,2021-09-20,6,4
5035095,2021-09-10,2021-09-14,2021-09-16,2021-09-17,2021-09-20,6,4
5025768,2021-09-10,2021-09-14,2021-09-16,2021-09-20,,6,
5028842,2021-09-10,2021-09-14,2021-09-20,2021-09-21,,10,
5028492,2021-09-10,2021-09-14,2021-09-16,2021-09-17,2021-09-20,6,4
5035208,2021-09-10,2021-09-14,2021-09-20,2021-09-20,,10,
5026166,2021-09-10,2021-09-14,2021-09-17,2021-09-20,,7,
5027132,2021-09-10,2021-09-14,2021-09-16,2021-09-17,2021-09-20,6,4
5028367,2021-09-10,2021-09-14,2021-09-16,2021-09-17,2021-09-20,6,4
5030749,2021-09-10,2021-09-14,2021-09-16,2021-09-17,2021-09-20,6,4
5031340,2021-09-10,2021-09-14,2021-09-16,2021-09-17,2021-09-20,6,4
5036423,2021-09-10,2021-09-14,2021-09-20,2021-09-20,,10,
5028457,2021-09-10,2021-09-14,2021-09-20,2021-09-20,,10,
5026890,2021-09-10,2021-09-14,2021-09-20,2021-09-20,,10,
5027292,2021-09-10,2021-09-14,2021-09-16,2021-09-20,,6,
5025444,2021-09-10,2021-09-14,2021-09-20,2021-09-20,,10,
5021823,2021-09-10,2021-09-14,2021-09-20,2021-09-21,,10,
5035457,2021-09-10,2021-09-14,2021-09-16,2021-09-20,,6,
5021742,2021-09-10,2021-09-14,2021-09-16,2021-09-20,,6,
5030719,2021-09-10,2021-09-14,2021-09-16,2021-09-20,,6,
5030888,2021-09-10,2021-09-14,2021-09-20,,,10,
5025740,2021-09-10,2021-09-14,2021-09-20,2021-09-20,,10,
5032156,2021-09-10,2021-09-14,2021-09-17,2021-09-20,,7,
5028556,2021-09-10,2021-09-14,2021-09-20,2021-09-20,,10,
5025705,2021-09-10,2021-09-14,2021-09-16,2021-09-17,2021-09-20,6,4
5028175,2021-09-10,2021-09-14,2021-09-16,2021-09-20,,6,
5022450,2021-09-10,2021-09-14,2021-09-16,2021-09-20,,6,
5029118,2021-09-10,2021-09-14,2021-09-20,2021-09-20,,10,
5022206,2021-09-10,2021-09-14,2021-09-16,2021-09-20,,6,
5027878,2021-09-10,2021-09-14,2021-09-16,2021-09-17,2021-09-20,6,4
5034418,2021-09-10,2021-09-14,2021-09-16,2021-09-20,,6,
5026100,2021-09-10,2021-09-14,2021-09-16,2021-09-17,2021-09-20,6,4
5024472,2021-09-10,2021-09-14,2021-09-17,2021-09-20,,7,
5029065,2021-09-10,2021-09-14,2021-09-16,2021-09-17,2021-09-20,6,4
5022948,2021-09-10,2021-09-14,2021-09-16,2021-09-17,2021-09-20,6,4
5026712,2021-09-10,2021-09-14,2021-09-16,2021-09-17,2021-09-20,6,4
5033733,2021-09-10,2021-09-14,2021-09-16,2021-09-17,2021-09-20,6,4
5037624,2021-09-10,2021-09-14,2021-09-16,2021-09-17,2021-09-20,6,4
5026785,2021-09-10,2021-09-15,2021-09-17,2021-09-20,,7,
5035560,2021-09-10,2021-09-15,2021-09-17,2021-09-20,,7,
5032518,2021-09-10,2021-09-15,2021-09-21,,,11,
5031462,2021-09-10,2021-09-15,2021-09-17,2021-09-20,,7,
5030852,2021-09-10,2021-09-15,2021-09-17,2021-09-20,,7,
5024261,2021-09-10,2021-09-15,2021-09-20,,,10,
5023912,2021-09-10,2021-09-15,2021-09-17,2021-09-20,,7,
5026412,2021-09-10,2021-09-15,2021-09-17,2021-09-20,,7,
5022166,2021-09-10,2021-09-15,2021-09-20,2021-09-20,,10,
5034653,2021-09-10,2021-09-15,2021-09-17,2021-09-20,,7,
5031653,2021-09-10,2021-09-15,2021-09-17,2021-09-20,,7,
5028067,2021-09-10,2021-09-15,2021-09-17,2021-09-20,,7,
5036744,2021-09-10,2021-09-15,2021-09-17,2021-09-20,,7,
5028186,2021-09-10,2021-09-15,2021-09-17,2021-09-20,,7,
5030490,2021-09-10,2021-09-15,2021-09-20,2021-09-20,,10,
5036596,2021-09-10,2021-09-15,2021-09-20,2021-09-20,,10,
5029642,2021-09-10,2021-09-15,2021-09-17,2021-09-20,,7,
5027923,2021-09-10,2021-09-15,2021-09-17,2021-09-20,,7,
5031071,2021-09-10,2021-09-15,2021-09-17,2021-09-20,,7,
5029656,2021-09-10,2021-09-15,2021-09-17,2021-09-20,,7,
5028980,2021-09-10,2021-09-15,2021-09-17,2021-09-20,,7,
5025513,2021-09-10,2021-09-15,2021-09-20,2021-09-20,,10,
5023149,2021-09-10,2021-09-15,2021-09-17,2021-09-20,,7,
5035411,2021-09-10,2021-09-15,2021-09-17,2021-09-20,,7,
5025959,2021-09-10,2021-09-15,2021-09-20,2021-09-20,,10,
5024693,2021-09-10,2021-09-15,2021-09-20,2021-09-21,,10,
5024159,2021-09-10,2021-09-15,2021-09-20,2021-09-20,,10,
5026220,2021-09-10,2021-09-15,2021-09-17,2021-09-20,,7,
5033317,2021-09-10,2021-09-15,2021-09-17,2021-09-20,,7,
5028543,2021-09-10,2021-09-15,2021-09-20,2021-09-20,,10,
5030807,2021-09-10,2021-09-15,2021-09-20,,,10,
5029964,2021-09-10,2021-09-15,2021-09-20,2021-09-20,,10,
5032340,2021-09-10,2021-09-15,2021-09-20,2021-09-20,,10,
5023171,2021-09-10,2021-09-15,2021-09-20,2021-09-20,,10,
5034893,2021-09-10,2021-09-15,2021-09-20,2021-09-21,,10,
5035435,2021-09-10,2021-09-15,2021-09-17,2021-09-20,,7,
5022538,2021-09-10,2021-09-15,2021-09-17,2021-09-20,,7,
5033811,2021-09-10,2021-09-15,2021-09-20,2021-09-20,,10,
5026145,2021-09-10,2021-09-16,2021-09-20,2021-09-20,,10,
5029462,2021-09-10,2021-09-16,2021-09-20,2021-09-20,,10,
5026318,2021-09-10,2021-09-16,2021-09-20,2021-09-20,,10,
5023462,2021-09-10,2021-09-16,2021-09-20,2021-09-21,,10,
5032311,2021-09-10,2021-09-16,2021-09-20,2021-09-20,,10,
5028108,2021-09-10,2021-09-16,2021-09-20,2021-09-20,,10,
5030095,2021-09-10,2021-09-16,2021-09-21,,,11,
5022965,2021-09-10,2021-09-16,2021-09-20,,,10,
5022874,2021-09-10,2021-09-16,2021-09-20,2021-09-20,,10,
5023052,2021-09-10,2021-09-16,2021-09-20,2021-09-20,,10,
5028037,2021-09-10,2021-09-16,2021-09-20,2021-09-20,,10,
5023910,2021-09-10,2021-09-16,2021-09-20,2021-09-20,,10,
5031298,2021-09-10,2021-09-16,2021-09-20,2021-09-21,,10,
5034553,2021-09-10,2021-09-16,2021-09-20,2021-09-20,,10,
5035170,2021-09-10,2021-09-16,2021-09-20,2021-09-20,,10,
5025488,2021-09-10,2021-09-16,2021-09-20,2021-09-20,,10,
5027955,2021-09-10,2021-09-16,2021-09-20,2021-09-20,,10,
5028200,2021-09-10,2021-09-16,2021-09-20,2021-09-21,,10,
5023366,2021-09-10,2021-09-16,2021-09-20,2021-09-21,,10,
5027196,2021-09-10,2021-09-16,2021-09-20,2021-09-21,,10,
5028415,2021-09-10,2021-09-16,,,,,
5025953,2021-09-10,2021-09-16,2021-09-20,2021-09-20,,10,
5035584,2021-09-10,2021-09-16,2021-09-20,2021-09-20,,10,
5024842,2021-09-10,2021-09-17,2021-09-20,2021-09-20,,10,
5023039,2021-09-10,2021-09-17,2021-09-20,2021-09-21,,10,
5032172,2021-09-10,2021-09-17,,,,,
5032116,2021-09-10,2021-09-17,,,,,
5026722,2021-09-10,2021-09-17,2021-09-20,2021-09-20,,10,
5024768,2021-09-10,2021-09-17,2021-09-20,2021-09-20,,10,
5029689,2021-09-10,2021-09-17,2021-09-20,2021-09-21,,10,
5030881,2021-09-10,2021-09-17,2021-09-20,,,10,
5034186,2021-09-10,2021-09-17,2021-09-20,2021-09-21,,10,
5028332,2021-09-10,2021-09-17,,,,,
5022125,2021-09-10,2021-09-20,2021-09-20,2021-09-21,,10,
5033655,2021-09-10,2021-09-20,,,,,
5037558,2021-09-10,2021-09-20,2021-09-20,,,10,
5021857,2021-09-11,2021-09-13,2021-09-15,2021-09-16,2021-09-20,4,5
5032956,2021-09-11,2021-09-13,2021-09-15,2021-09-16,2021-09-20,4,5
5030109,2021-09-11,2021-09-13,2021-09-15,2021-09-16,2021-09-20,4,5
5021573,2021-09-11,2021-09-13,2021-09-15,2021-09-16,2021-09-20,4,5
5022094,2021-09-11,2021-09-13,2021-09-15,2021-09-16,2021-09-20,4,5
5021697,2021-09-11,2021-09-13,2021-09-15,2021-09-16,2021-09-20,4,5
5029717,2021-09-11,2021-09-13,2021-09-15,2021-09-16,2021-09-20,4,5
5037067,2021-09-11,2021-09-13,2021-09-15,2021-09-16,2021-09-20,4,5
5026074,2021-09-11,2021-09-13,2021-09-15,2021-09-16,2021-09-20,4,5
5030916,2021-09-11,2021-09-13,2021-09-15,2021-09-16,2021-09-20,4,5
5035312,2021-09-11,2021-09-13,2021-09-15,2021-09-16,2021-09-20,4,5
5022658,2021-09-11,2021-09-13,2021-09-15,2021-09-16,2021-09-20,4,5
5023696,2021-09-11,2021-09-13,2021-09-15,2021-09-16,2021-09-20,4,5
5024584,2021-09-11,2021-09-13,2021-09-15,2021-09-16,2021-09-20,4,5
5023025,2021-09-11,2021-09-13,2021-09-15,2021-09-16,2021-09-20,4,5
5031036,2021-09-11,2021-09-13,2021-09-15,2021-09-16,2021-09-20,4,5
5021558,2021-09-11,2021-09-13,2021-09-15,2021-09-16,2021-09-20,4,5
5028876,2021-09-11,2021-09-13,2021-09-15,2021-09-16,2021-09-20,4,5
5035522,2021-09-11,2021-09-13,2021-09-15,2021-09-16,2021-09-20,4,5
5022557,2021-09-11,2021-09-13,2021-09-15,2021-09-16,2021-09-20,4,5
5036749,2021-09-11,2021-09-13,2021-09-15,2021-09-16,2021-09-20,4,5
5032618,2021-09-11,2021-09-13,2021-09-15,2021-09-16,2021-09-20,4,5
5027295,2021-09-11,2021-09-13,2021-09-15,2021-09-16,2021-09-20,4,5
5025807,2021-09-11,2021-09-13,2021-09-15,2021-09-16,2021-09-20,4,5
5026232,2021-09-11,2021-09-13,2021-09-15,2021-09-16,2021-09-20,4,5
5029937,2021-09-11,2021-09-13,2021-09-15,2021-09-16,2021-09-20,4,5
5030131,2021-09-11,2021-09-13,2021-09-15,2021-09-16,2021-09-20,4,5
5034451,2021-09-11,2021-09-13,2021-09-15,2021-09-17,2021-09-20,4,5
5023100,2021-09-11,2021-09-13,2021-09-15,2021-09-17,2021-09-20,4,5
5026675,2021-09-11,2021-09-13,2021-09-15,2021-09-17,2021-09-20,4,5
5031303,2021-09-11,2021-09-13,2021-09-15,2021-09-17,2021-09-20,4,5
5025840,2021-09-11,2021-09-13,2021-09-15,2021-09-16,2021-09-20,4,5
5037355,2021-09-11,2021-09-13,2021-09-15,2021-09-16,2021-09-20,4,5
5036374,2021-09-11,2021-09-13,2021-09-15,2021-09-16,2021-09-20,4,5
5033802,2021-09-11,2021-09-13,2021-09-15,2021-09-20,,4,
5027904,2021-09-11,2021-09-13,2021-09-15,2021-09-17,2021-09-20,4,5
5030194,2021-09-11,2021-09-13,2021-09-15,2021-09-16,2021-09-20,4,5
5027360,2021-09-11,2021-09-13,2021-09-16,2021-09-17,2021-09-20,5,4
5035797,2021-09-11,2021-09-13,2021-09-16,2021-09-20,,5,
5025582,2021-09-11,2021-09-13,2021-09-16,2021-09-20,,5,
5036995,2021-09-11,2021-09-13,2021-09-16,2021-09-17,2021-09-20,5,4
5034922,2021-09-11,2021-09-13,2021-09-16,2021-09-17,2021-09-20,5,4
5037425,2021-09-11,2021-09-13,2021-09-17,2021-09-20,,6,
5028252,2021-09-11,2021-09-13,2021-09-17,2021-09-20,,6,
5037614,2021-09-11,2021-09-13,2021-09-20,2021-09-20,,9,
5022201,2021-09-11,2021-09-13,2021-09-20,2021-09-20,,9,
5031060,2021-09-11,2021-09-13,2021-09-20,2021-09-20,,9,
5034382,2021-09-11,2021-09-13,2021-09-17,2021-09-20,,6,
5025722,2021-09-11,2021-09-13,2021-09-15,2021-09-16,2021-09-20,4,5
5027900,2021-09-11,2021-09-13,2021-09-16,2021-09-17,2021-09-20,5,4
5028504,2021-09-11,2021-09-13,2021-09-15,2021-09-16,2021-09-20,4,5
5034455,2021-09-11,2021-09-13,2021-09-17,2021-09-20,,6,
5026819,2021-09-11,2021-09-13,2021-09-16,2021-09-17,2021-09-20,5,4
5028581,2021-09-11,2021-09-13,2021-09-15,2021-09-16,2021-09-20,4,5
5036677,2021-09-11,2021-09-13,2021-09-15,2021-09-16,2021-09-20,4,5
5030515,2021-09-11,2021-09-13,2021-09-15,2021-09-17,2021-09-20,4,5
5033254,2021-09-11,2021-09-13,2021-09-17,2021-09-20,,6,
5026734,2021-09-11,2021-09-13,2021-09-15,2021-09-16,2021-09-20,4,5
5032386,2021-09-11,2021-09-13,2021-09-16,2021-09-17,2021-09-20,5,4
5033307,2021-09-11,2021-09-13,2021-09-16,2021-09-17,2021-09-20,5,4
5022259,2021-09-11,2021-09-13,2021-09-16,2021-09-17,2021-09-20,5,4
5028918,2021-09-11,2021-09-13,2021-09-15,2021-09-16,2021-09-20,4,5
5030950,2021-09-11,2021-09-13,2021-09-15,2021-09-17,2021-09-20,4,5
5037377,2021-09-11,2021-09-13,2021-09-17,2021-09-20,,6,
5036471,2021-09-11,2021-09-13,2021-09-15,2021-09-16,2021-09-20,4,5
5035579,2021-09-11,2021-09-13,2021-09-15,2021-09-17,2021-09-20,4,5
5034934,2021-09-11,2021-09-13,2021-09-15,2021-09-16,2021-09-20,4,5
5029239,2021-09-11,2021-09-13,2021-09-15,2021-09-16,2021-09-20,4,5
5029831,2021-09-11,2021-09-13,2021-09-15,2021-09-16,2021-09-20,4,5
5029164,2021-09-11,2021-09-13,2021-09-15,2021-09-16,2021-09-20,4,5
5021630,2021-09-11,2021-09-13,2021-09-15,2021-09-17,2021-09-20,4,5
5021990,2021-09-11,2021-09-13,2021-09-15,2021-09-17,2021-09-20,4,5
5036962,2021-09-11,2021-09-13,2021-09-15,2021-09-16,2021-09-20,4,5
5030256,2021-09-11,2021-09-13,2021-09-15,2021-09-20,,4,
5032972,2021-09-11,2021-09-13,2021-09-17,2021-09-20,,6,
5026381,2021-09-11,2021-09-13,2021-09-15,2021-09-17,2021-09-20,4,5
5035709,2021-09-11,2021-09-13,2021-09-15,2021-09-20,,4,
5025723,2021-09-11,2021-09-13,2021-09-15,2021-09-16,2021-09-20,4,5
5022285,2021-09-11,2021-09-14,2021-09-16,2021-09-17,2021-09-20,5,4
5023403,2021-09-11,2021-09-14,2021-09-20,2021-09-20,,9,
5029791,2021-09-11,2021-09-14,2021-09-16,2021-09-17,2021-09-20,5,4
5024926,2021-09-11,2021-09-14,2021-09-16,2021-09-20,,5,
5034848,2021-09-11,2021-09-14,2021-09-16,2021-09-17,2021-09-20,5,4
5030800,2021-09-11,2021-09-14,2021-09-16,2021-09-17,2021-09-20,5,4
5026490,2021-09-11,2021-09-14,2021-09-16,2021-09-17,2021-09-20,5,4
5023464,2021-09-11,2021-09-14,2021-09-16,2021-09-17,2021-09-20,5,4
5034268,2021-09-11,2021-09-14,2021-09-17,2021-09-20,,6,
5025363,2021-09-11,2021-09-14,2021-09-16,2021-09-17,2021-09-20,5,4
5024895,2021-09-11,2021-09-14,2021-09-16,2021-09-17,2021-09-20,5,4
5026679,2021-09-11,2021-09-14,2021-09-16,2021-09-20,,5,
5035805,2021-09-11,2021-09-14,2021-09-20,2021-09-20,,9,
5036875,2021-09-11,2021-09-14,2021-09-16,2021-09-17,2021-09-20,5,4
5023137,2021-09-11,2021-09-14,2021-09-16,2021-09-17,2021-09-20,5,4
5025816,2021-09-11,2021-09-14,2021-09-17,2021-09-20,,6,
5024899,2021-09-11,2021-09-14,2021-09-16,2021-09-17,2021-09-20,5,4
5030917,2021-09-11,2021-09-14,2021-09-16,2021-09-20,,5,
5037026,2021-09-11,2021-09-14,2021-09-17,2021-09-20,,6,
5025755,2021-09-11,2021-09-14,2021-09-20,2021-09-20,,9,
5031283,2021-09-11,2021-09-14,2021-09-20,2021-09-21,,9,
5034244,2021-09-11,2021-09-14,2021-09-21,,,10,
5026544,2021-09-11,2021-09-14,2021-09-20,2021-09-21,,9,
5021446,2021-09-11,2021-09-14,2021-09-16,2021-09-17,2021-09-20,5,4
5037399,2021-09-11,2021-09-14,2021-09-16,2021-09-17,2021-09-20,5,4
5032909,2021-09-11,2021-09-14,2021-09-17,2021-09-20,,6,
5022978,2021-09-11,2021-09-14,2021-09-16,2021-09-17,2021-09-20,5,4
5027872,2021-09-11,2021-09-14,2021-09-16,2021-09-17,2021-09-20,5,4
5031147,2021-09-11,2021-09-14,2021-09-16,2021-09-20,,5,
5024937,2021-09-11,2021-09-14,2021-09-20,2021-09-20,,9,
5022970,2021-09-11,2021-09-14,2021-09-16,2021-09-17,2021-09-20,5,4
5022902,2021-09-11,2021-09-14,2021-09-17,2021-09-20,,6,
5036680,2021-09-11,2021-09-14,2021-09-17,2021-09-20,,6,
5025481,2021-09-11,2021-09-14,2021-09-16,2021-09-17,2021-09-20,5,4
5028187,2021-09-11,2021-09-14,2021-09-16,2021-09-17,2021-09-20,5,4
5025386,2021-09-11,2021-09-14,2021-09-17,2021-09-20,,6,
5021621,2021-09-11,2021-09-14,2021-09-16,2021-09-20,,5,
5032583,2021-09-11,2021-09-14,2021-09-16,2021-09-20,,5,
5023523,2021-09-11,2021-09-14,2021-09-17,2021-09-20,,6,
5030078,2021-09-11,2021-09-14,2021-09-16,2021-09-20,,5,
5035493,2021-09-11,2021-09-14,2021-09-17,2021-09-20,,6,
5025900,2021-09-11,2021-09-14,2021-09-20,2021-09-20,,9,
5028421,2021-09-11,2021-09-14,2021-09-20,2021-09-20,,9,
5028408,2021-09-11,2021-09-14,2021-09-16,2021-09-20,,5,
5037313,2021-09-11,2021-09-14,2021-09-16,2021-09-20,,5,
5023860,2021-09-11,2021-09-14,2021-09-16,2021-09-20,,5,
5034986,2021-09-11,2021-09-14,2021-09-16,2021-09-20,,5,
5032594,2021-09-11,2021-09-14,2021-09-16,2021-09-20,,5,
5024978,2021-09-11,2021-09-14,2021-09-16,2021-09-17,2021-09-20,5,4
5031235,2021-09-11,2021-09-15,2021-09-17,2021-09-20,,6,
5024574,2021-09-11,2021-09-15,2021-09-21,,,10,
5037457,2021-09-11,2021-09-15,2021-09-20,2021-09-20,,9,
5031272,2021-09-11,2021-09-15,2021-09-17,2021-09-20,,6,
5032969,2021-09-11,2021-09-15,2021-09-17,2021-09-20,,6,
5037345,2021-09-11,2021-09-15,2021-09-17,2021-09-20,,6,
5027060,2021-09-11,2021-09-15,2021-09-17,2021-09-20,,6,
5023319,2021-09-11,2021-09-15,2021-09-20,2021-09-20,,9,
5027462,2021-09-11,2021-09-15,2021-09-20,2021-09-20,,9,
5030217,2021-09-11,2021-09-15,2021-09-17,2021-09-20,,6,
5025851,2021-09-11,2021-09-15,2021-09-17,2021-09-20,,6,
5022264,2021-09-11,2021-09-15,2021-09-20,2021-09-20,,9,
5027160,2021-09-11,2021-09-15,2021-09-17,2021-09-20,,6,
5023506,2021-09-11,2021-09-15,2021-09-17,2021-09-20,,6,
5022099,2021-09-11,2021-09-15,2021-09-20,2021-09-21,,9,
5025583,2021-09-11,2021-09-15,2021-09-17,2021-09-20,,6,
5030356,2021-09-11,2021-09-15,2021-09-17,2021-09-20,,6,
5032939,2021-09-11,2021-09-15,2021-09-17,2021-09-20,,6,
5028597,2021-09-11,2021-09-15,,,,,
5026444,2021-09-11,2021-09-15,2021-09-17,2021-09-20,,6,
5024909,2021-09-11,2021-09-15,2021-09-20,2021-09-20,,9,
5030087,2021-09-11,2021-09-15,2021-09-17,2021-09-20,,6,
5034836,2021-09-11,2021-09-15,2021-09-17,2021-09-20,,6,
5024644,2021-09-11,2021-09-15,2021-09-20,2021-09-21,,9,
5027183,2021-09-11,2021-09-15,2021-09-17,2021-09-20,,6,
5023602,2021-09-11,2021-09-15,2021-09-17,2021-09-20,,6,
5034333,2021-09-11,2021-09-15,2021-09-20,,,9,
5032692,2021-09-11,2021-09-15,2021-09-17,2021-09-20,,6,
5022113,2021-09-11,2021-09-15,2021-09-17,2021-09-20,,6,
5035214,2021-09-11,2021-09-15,2021-09-21,,,10,
5033110,2021-09-11,2021-09-15,2021-09-17,2021-09-20,,6,
5034465,2021-09-11,2021-09-15,2021-09-17,2021-09-20,,6,
5036818,2021-09-11,2021-09-15,2021-09-17,2021-09-20,,6,
5024887,2021-09-11,2021-09-15,2021-09-20,2021-09-21,,9,
5022991,2021-09-11,2021-09-15,2021-09-17,2021-09-20,,6,
5035802,2021-09-11,2021-09-15,2021-09-17,2021-09-20,,6,
5023132,2021-09-11,2021-09-15,2021-09-21,,,10,
5030503,2021-09-11,2021-09-15,2021-09-20,2021-09-21,,9,
5032573,2021-09-11,2021-09-15,2021-09-20,2021-09-20,,9,
5032695,2021-09-11,2021-09-15,2021-09-17,2021-09-20,,6,
5026441,2021-09-11,2021-09-15,2021-09-20,2021-09-21,,9,
5022493,2021-09-11,2021-09-15,2021-09-17,2021-09-20,,6,
5036786,2021-09-11,2021-09-15,2021-09-17,2021-09-20,,6,
5026967,2021-09-11,2021-09-15,2021-09-20,2021-09-21,,9,
5032456,2021-09-11,2021-09-15,2021-09-21,,,10,
5024489,2021-09-11,2021-09-15,2021-09-21,,,10,
5027336,2021-09-11,2021-09-15,2021-09-17,2021-09-20,,6,
5035663,2021-09-11,2021-09-15,2021-09-20,2021-09-20,,9,
5025619,2021-09-11,2021-09-15,2021-09-17,2021-09-20,,6,
5023958,2021-09-11,2021-09-15,2021-09-20,2021-09-20,,9,
5031030,2021-09-11,2021-09-15,2021-09-17,2021-09-20,,6,
5030922,2021-09-11,2021-09-15,2021-09-17,2021-09-20,,6,
5033211,2021-09-11,2021-09-15,2021-09-20,2021-09-21,,9,
5031155,2021-09-11,2021-09-15,2021-09-20,2021-09-21,,9,
5034466,2021-09-11,2021-09-15,,,,,
5026347,2021-09-11,2021-09-15,2021-09-17,2021-09-20,,6,
5023610,2021-09-11,2021-09-15,2021-09-17,2021-09-20,,6,
5027007,2021-09-11,2021-09-15,2021-09-20,2021-09-20,,9,
5029993,2021-09-11,2021-09-15,,,,,
5024443,2021-09-11,2021-09-15,2021-09-17,2021-09-20,,6,
5026168,2021-09-11,2021-09-15,2021-09-17,2021-09-20,,6,
5022318,2021-09-11,2021-09-16,2021-09-20,2021-09-20,,9,
5030191,2021-09-11,2021-09-16,2021-09-20,2021-09-20,,9,
5026887,2021-09-11,2021-09-16,2021-09-20,2021-09-21,,9,
5035030,2021-09-11,2021-09-16,2021-09-20,2021-09-21,,9,
5033099,2021-09-11,2021-09-16,2021-09-20,2021-09-20,,9,
5026784,2021-09-11,2021-09-16,2021-09-20,2021-09-20,,9,
5023553,2021-09-11,2021-09-16,2021-09-20,2021-09-21,,9,
5034902,2021-09-11,2021-09-16,2021-09-20,2021-09-21,,9,
5022485,2021-09-11,2021-09-16,2021-09-20,2021-09-20,,9,
5034426,2021-09-11,2021-09-16,2021-09-20,2021-09-20,,9,
5033680,2021-09-11,2021-09-16,2021-09-20,2021-09-20,,9,
5024019,2021-09-11,2021-09-16,2021-09-20,2021-09-20,,9,
5033238,2021-09-11,2021-09-16,2021-09-20,2021-09-21,,9,
5032326,2021-09-11,2021-09-16,2021-09-21,,,10,
5024175,2021-09-11,2021-09-16,2021-09-20,2021-09-20,,9,
5028398,2021-09-11,2021-09-16,2021-09-21,,,10,
5022722,2021-09-11,2021-09-16,,,,,
5034436,2021-09-11,2021-09-16,,,,,
5031132,2021-09-11,2021-09-16,2021-09-21,,,10,
5025414,2021-09-11,2021-09-16,2021-09-21,,,10,
5021804,2021-09-11,2021-09-16,2021-09-20,2021-09-20,,9,
5027026,2021-09-11,2021-09-16,2021-09-20,2021-09-20,,9,
5023338,2021-09-11,2021-09-16,2021-09-20,2021-09-21,,9,
5031043,2021-09-11,2021-09-16,2021-09-20,2021-09-20,,9,
5034438,2021-09-11,2021-09-16,2021-09-20,2021-09-20,,9,
5030036,2021-09-11,2021-09-16,2021-09-20,2021-09-20,,9,
5032649,2021-09-11,2021-09-16,2021-09-20,2021-09-20,,9,
5032915,2021-09-11,2021-09-16,2021-09-20,2021-09-21,,9,
5030892,2021-09-11,2021-09-16,2021-09-20,2021-09-20,,9,
5021745,2021-09-11,2021-09-16,2021-09-20,2021-09-20,,9,
5034806,2021-09-11,2021-09-16,2021-09-20,2021-09-20,,9,
5023333,2021-09-11,2021-09-16,2021-09-20,2021-09-21,,9,
5032407,2021-09-11,2021-09-16,2021-09-20,2021-09-20,,9,
5037306,2021-09-11,2021-09-16,2021-09-20,2021-09-20,,9,
5036958,2021-09-11,2021-09-16,2021-09-21,,,10,
5031306,2021-09-11,2021-09-17,,,,,
5026539,2021-09-11,2021-09-17,2021-09-20,,,9,
5030841,2021-09-11,2021-09-17,2021-09-20,2021-09-20,,9,
5029502,2021-09-11,2021-09-17,2021-09-20,,,9,
5027243,2021-09-11,2021-09-17,2021-09-21,,,10,
5028505,2021-09-11,2021-09-17,2021-09-20,2021-09-21,,9,
5035574,2021-09-11,2021-09-17,2021-09-20,2021-09-21,,9,
5030607,2021-09-11,2021-09-17,2021-09-20,2021-09-20,,9,
5023872,2021-09-11,2021-09-17,,,,,
5024500,2021-09-11,2021-09-17,2021-09-20,2021-09-20,,9,
5031088,2021-09-11,2021-09-17,2021-09-20,2021-09-20,,9,
5033523,2021-09-11,2021-09-17,2021-09-20,2021-09-21,,9,
5033067,2021-09-11,2021-09-20,2021-09-21,,,10,
5021586,2021-09-11,2021-09-20,2021-09-21,,,10,
5036703,2021-09-11,2021-09-20,2021-09-21,,,10,
5023942,2021-09-11,2021-09-20,2021-09-20,,,9,
5036302,2021-09-11,2021-09-20,2021-09-20,2021-09-21,,9,
5024482,2021-09-11,2021-09-20,2021-09-20,,,9,
5025367,2021-09-11,2021-09-20,,,,,
5036631,2021-09-11,2021-09-20,2021-09-21,,,10,
5027398,2021-09-11,2021-09-20,2021-09-21,,,10,
5023360,2021-09-11,2021-09-20,2021-09-20,2021-09-21,,9,
5028693,2021-09-11,2021-09-20,2021-09-21,,,10,
5023989,2021-09-11,2021-09-20,2021-09-20,2021-09-21,,9,
5035609,2021-09-11,2021-09-20,2021-09-21,,,10,
5024047,2021-09-11,2021-09-20,2021-09-20,2021-09-21,,9,
5037374,2021-09-11,2021-09-20,,,,,
5027407,2021-09-11,2021-09-20,,,,,
5031018,2021-09-11,2021-09-20,2021-09-21,,,10,
5028062,2021-09-11,2021-09-20,2021-09-20,2021-09-21,,9,
5034165,2021-09-11,2021-09-20,2021-09-20,,,9,
5023566,2021-09-13,2021-09-15,2021-09-17,2021-09-20,,4,
5025871,2021-09-13,2021-09-15,2021-09-17,2021-09-20,,4,
5033399,2021-09-13,2021-09-15,2021-09-17,2021-09-20,,4,
5033709,2021-09-13,2021-09-15,2021-09-17,2021-09-20,,4,
5024509,2021-09-13,2021-09-15,2021-09-17,2021-09-20,,4,
5031505,2021-09-13,2021-09-15,2021-09-17,2021-09-20,,4,
5025145,2021-09-13,2021-09-15,2021-09-17,2021-09-20,,4,
5021441,2021-09-13,2021-09-15,2021-09-17,2021-09-20,,4,
5023831,2021-09-13,2021-09-15,2021-09-17,2021-09-20,,4,
5025925,2021-09-13,2021-09-15,2021-09-17,2021-09-20,,4,
5029000,2021-09-13,2021-09-15,2021-09-17,2021-09-20,,4,
5036027,2021-09-13,2021-09-15,2021-09-17,2021-09-20,,4,
5030099,2021-09-13,2021-09-15,2021-09-17,2021-09-20,,4,
5033283,2021-09-13,2021-09-15,2021-09-17,2021-09-20,,4,
5034293,2021-09-13,2021-09-15,2021-09-17,2021-09-20,,4,
5025155,2021-09-13,2021-09-15,2021-09-17,2021-09-20,,4,
5031822,2021-09-13,2021-09-15,2021-09-17,2021-09-20,,4,
5030215,2021-09-13,2021-09-15,2021-09-17,2021-09-20,,4,
5028153,2021-09-13,2021-09-15,2021-09-17,2021-09-20,,4,
5029901,2021-09-13,2021-09-15,2021-09-17,2021-09-20,,4,
5035069,2021-09-13,2021-09-15,2021-09-17,2021-09-20,,4,
5028953,2021-09-13,2021-09-15,2021-09-17,2021-09-20,,4,
5026200,2021-09-13,2021-09-15,2021-09-17,2021-09-20,,4,
5033331,2021-09-13,2021-09-15,2021-09-17,2021-09-20,,4,
5033851,2021-09-13,2021-09-15,2021-09-17,2021-09-20,,4,
5034558,2021-09-13,2021-09-15,2021-09-17,2021-09-20,,4,
5030276,2021-09-13,2021-09-15,2021-09-17,2021-09-20,,4,
5036702,2021-09-13,2021-09-15,2021-09-17,2021-09-20,,4,
5026864,2021-09-13,2021-09-15,2021-09-17,2021-09-20,,4,
5028311,2021-09-13,2021-09-15,2021-09-17,2021-09-20,,4,
5027431,2021-09-13,2021-09-15,2021-09-17,2021-09-20,,4,
5027366,2021-09-13,2021-09-15,2021-09-17,2021-09-20,,4,
5028750,2021-09-13,2021-09-15,2021-09-17,2021-09-20,,4,
5029681,2021-09-13,2021-09-15,2021-09-17,2021-09-20,,4,
5022130,2021-09-13,2021-09-15,2021-09-17,2021-09-20,,4,
5026363,2021-09-13,2021-09-15,2021-09-17,2021-09-20,,4,
5037069,2021-09-13,2021-09-15,2021-09-17,2021-09-20,,4,
5033130,2021-09-13,2021-09-15,2021-09-17,2021-09-20,,4,
5028544,2021-09-13,2021-09-15,2021-09-17,2021-09-20,,4,
5036549,2021-09-13,2021-09-15,2021-09-17,2021-09-20,,4,
5033264,2021-09-13,2021-09-15,2021-09-17,2021-09-20,,4,
5021638,2021-09-13,2021-09-15,2021-09-17,2021-09-20,,4,
5031709,2021-09-13,2021-09-15,2021-09-17,2021-09-20,,4,
5036462,2021-09-13,2021-09-15,2021-09-17,2021-09-20,,4,
5026893,2021-09-13,2021-09-15,2021-09-17,2021-09-20,,4,
5025957,2021-09-13,2021-09-15,2021-09-17,2021-09-20,,4,
5034471,2021-09-13,2021-09-15,2021-09-20,2021-09-21,,7,
5031331,2021-09-13,2021-09-15,2021-09-20,2021-09-20,,7,
5028860,2021-09-13,2021-09-15,2021-09-20,2021-09-20,,7,
5032711,2021-09-13,2021-09-15,2021-09-20,2021-09-20,,7,
5036246,2021-09-13,2021-09-15,2021-09-20,2021-09-21,,7,
5028461,2021-09-13,2021-09-15,2021-09-20,2021-09-21,,7,
5036792,2021-09-13,2021-09-15,2021-09-20,2021-09-20,,7,
5032663,2021-09-13,2021-09-15,2021-09-20,2021-09-20,,7,
5036206,2021-09-13,2021-09-15,2021-09-20,2021-09-21,,7,
5033205,2021-09-13,2021-09-15,2021-09-20,2021-09-20,,7,
5034236,2021-09-13,2021-09-15,2021-09-20,2021-09-20,,7,
5028136,2021-09-13,2021-09-15,2021-09-20,2021-09-20,,7,
5026487,2021-09-13,2021-09-15,2021-09-20,2021-09-21,,7,
5031150,2021-09-13,2021-09-15,2021-09-20,2021-09-20,,7,
5022582,2021-09-13,2021-09-15,2021-09-20,2021-09-21,,7,
5028524,2021-09-13,2021-09-15,2021-09-20,2021-09-20,,7,
5023469,2021-09-13,2021-09-15,2021-09-20,,,7,
5032549,2021-09-13,2021-09-15,2021-09-17,2021-09-20,,4,
5021534,2021-09-13,2021-09-15,2021-09-20,2021-09-21,,7,
5027376,2021-09-13,2021-09-15,2021-09-17,2021-09-20,,4,
5032557,2021-09-13,2021-09-15,2021-09-17,2021-09-20,,4,
5021676,2021-09-13,2021-09-15,2021-09-17,2021-09-20,,4,
5031429,2021-09-13,2021-09-15,2021-09-17,2021-09-20,,4,
5024229,2021-09-13,2021-09-15,2021-09-20,2021-09-20,,7,
5028198,2021-09-13,2021-09-15,2021-09-17,2021-09-20,,4,
5030162,2021-09-13,2021-09-15,2021-09-17,2021-09-20,,4,
5029256,2021-09-13,2021-09-15,2021-09-20,2021-09-20,,7,
5028333,2021-09-13,2021-09-15,2021-09-20,2021-09-20,,7,
5025847,2021-09-13,2021-09-15,2021-09-17,2021-09-20,,4,
5032208,2021-09-13,2021-09-15,2021-09-17,2021-09-20,,4,
5021371,2021-09-13,2021-09-15,2021-09-17,2021-09-20,,4,
5028405,2021-09-13,2021-09-15,2021-09-20,2021-09-20,,7,
5025834,2021-09-13,2021-09-15,2021-09-17,2021-09-20,,4,
5025568,2021-09-13,2021-09-15,2021-09-17,2021-09-20,,4,
5029618,2021-09-13,2021-09-15,2021-09-20,2021-09-20,,7,
5035548,2021-09-13,2021-09-15,2021-09-20,2021-09-20,,7,
5037102,2021-09-13,2021-09-15,2021-09-17,2021-09-20,,4,
5025514,2021-09-13,2021-09-15,2021-09-20,2021-09-20,,7,
5028394,2021-09-13,2021-09-15,2021-09-20,2021-09-21,,7,
5024610,2021-09-13,2021-09-15,2021-09-17,2021-09-20,,4,
5031082,2021-09-13,2021-09-15,2021-09-20,2021-09-20,,7,
5028361,2021-09-13,2021-09-15,2021-09-20,2021-09-20,,7,
5029931,2021-09-13,2021-09-15,2021-09-20,2021-09-20,,7,
5032672,2021-09-13,2021-09-15,2021-09-20,2021-09-20,,7,
5023606,2021-09-13,2021-09-15,2021-09-20,2021-09-20,,7,
5027287,2021-09-13,2021-09-15,2021-09-17,2021-09-20,,4,
5035156,2021-09-13,2021-09-15,2021-09-17,2021-09-20,,4,
5032682,2021-09-13,2021-09-15,2021-09-20,2021-09-20,,7,
5029300,2021-09-13,2021-09-15,2021-09-20,2021-09-20,,7,
5025486,2021-09-13,2021-09-15,2021-09-17,2021-09-20,,4,
5025082,2021-09-13,2021-09-15,2021-09-17,2021-09-20,,4,
5037033,2021-09-13,2021-09-15,2021-09-20,2021-09-20,,7,
5034715,2021-09-13,2021-09-15,2021-09-20,2021-09-20,,7,
5024915,2021-09-13,2021-09-15,2021-09-20,2021-09-21,,7,
5021808,2021-09-13,2021-09-15,2021-09-20,2021-09-20,,7,
5026825,2021-09-13,2021-09-15,2021-09-20,2021-09-21,,7,
5026620,2021-09-13,2021-09-15,2021-09-20,2021-09-20,,7,
5026266,2021-09-13,2021-09-15,2021-09-21,,,8,
5031804,2021-09-13,2021-09-15,,,,,
5024008,2021-09-13,2021-09-15,2021-09-17,2021-09-20,,4,
5031240,2021-09-13,2021-09-16,2021-09-20,2021-09-20,,7,
5029955,2021-09-13,2021-09-16,2021-09-20,2021-09-20,,7,
5027914,2021-09-13,2021-09-16,,,,,
5025586,2021-09-13,2021-09-16,2021-09-20,2021-09-20,,7,
5025413,2021-09-13,2021-09-16,2021-09-20,2021-09-20,,7,
5035923,2021-09-13,2021-09-16,2021-09-20,2021-09-21,,7,
5031103,2021-09-13,2021-09-16,2021-09-20,2021-09-20,,7,
5032358,2021-09-13,2021-09-16,2021-09-20,2021-09-20,,7,
5030130,2021-09-13,2021-09-16,2021-09-20,2021-09-20,,7,
5031858,2021-09-13,2021-09-16,2021-09-21,,,8,
5036824,2021-09-13,2021-09-16,2021-09-20,2021-09-21,,7,
5024529,2021-09-13,2021-09-16,2021-09-20,2021-09-20,,7,
5031524,2021-09-13,2021-09-16,2021-09-20,2021-09-20,,7,
5027074,2021-09-13,2021-09-16,2021-09-21,,,8,
5037046,2021-09-13,2021-09-16,2021-09-20,2021-09-20,,7,
5028303,2021-09-13,2021-09-16,2021-09-20,2021-09-20,,7,
5035761,2021-09-13,2021-09-16,2021-09-20,2021-09-21,,7,
5036926,2021-09-13,2021-09-16,2021-09-20,2021-09-21,,7,
5030110,2021-09-13,2021-09-16,2021-09-20,2021-09-20,,7,
5028590,2021-09-13,2021-09-16,2021-09-20,2021-09-20,,7,
5026492,2021-09-13,2021-09-16,2021-09-20,2021-09-20,,7,
5023976,2021-09-13,2021-09-16,2021-09-20,2021-09-20,,7,
5035076,2021-09-13,2021-09-16,2021-09-21,,,8,
5025951,2021-09-13,2021-09-16,2021-09-21,,,8,
5035673,2021-09-13,2021-09-16,2021-09-20,2021-09-20,,7,
5026829,2021-09-13,2021-09-16,2021-09-20,2021-09-21,,7,
5027959,2021-09-13,2021-09-16,2021-09-21,,,8,
5026568,2021-09-13,2021-09-16,2021-09-20,2021-09-20,,7,
5027712,2021-09-13,2021-09-16,2021-09-20,2021-09-20,,7,
5036023,2021-09-13,2021-09-16,2021-09-20,2021-09-20,,7,
5031385,2021-09-13,2021-09-16,2021-09-20,,,7,
5036587,2021-09-13,2021-09-16,2021-09-20,2021-09-20,,7,
5026512,2021-09-13,2021-09-16,2021-09-20,2021-09-20,,7,
5035133,2021-09-13,2021-09-16,2021-09-21,,,8,
5030992,2021-09-13,2021-09-16,2021-09-20,2021-09-20,,7,
5027111,2021-09-13,2021-09-16,2021-09-20,,,7,
5026869,2021-09-13,2021-09-16,2021-09-20,2021-09-20,,7,
5035185,2021-09-13,2021-09-16,2021-09-21,,,8,
5025390,2021-09-13,2021-09-16,2021-09-20,2021-09-21,,7,
5027306,2021-09-13,2021-09-16,2021-09-20,2021-09-21,,7,
5031266,2021-09-13,2021-09-16,2021-09-21,,,8,
5036352,2021-09-13,2021-09-16,2021-09-20,,,7,
5030382,2021-09-13,2021-09-16,2021-09-20,2021-09-20,,7,
5033515,2021-09-13,2021-09-16,2021-09-20,2021-09-20,,7,
5024810,2021-09-13,2021-09-16,,,,,
5025095,2021-09-13,2021-09-16,2021-09-20,2021-09-20,,7,
5028184,2021-09-13,2021-09-16,2021-09-20,2021-09-20,,7,
5035365,2021-09-13,2021-09-16,2021-09-20,2021-09-20,,7,
5031096,2021-09-13,2021-09-16,2021-09-20,2021-09-21,,7,
5023064,2021-09-13,2021-09-16,2021-09-20,2021-09-21,,7,
5021663,2021-09-13,2021-09-16,2021-09-20,2021-09-20,,7,
5026524,2021-09-13,2021-09-16,2021-09-21,,,8,
5035167,2021-09-13,2021-09-16,,,,,
5028148,2021-09-13,2021-09-16,2021-09-20,2021-09-21,,7,
5026616,2021-09-13,2021-09-16,2021-09-20,2021-09-20,,7,
5035752,2021-09-13,2021-09-16,2021-09-20,2021-09-21,,7,
5025935,2021-09-13,2021-09-16,2021-09-20,2021-09-20,,7,
5032337,2021-09-13,2021-09-16,2021-09-20,,,7,
5033845,2021-09-13,2021-09-16,2021-09-20,2021-09-20,,7,
5035504,2021-09-13,2021-09-16,2021-09-20,,,7,
5035567,2021-09-13,2021-09-16,2021-09-20,2021-09-21,,7,
5031790,2021-09-13,2021-09-16,2021-09-21,,,8,
5037077,2021-09-13,2021-09-16,2021-09-20,2021-09-20,,7,
5030093,2021-09-13,2021-09-16,2021-09-21,,,8,
5032218,2021-09-13,2021-09-16,2021-09-20,2021-09-20,,7,
5032159,2021-09-13,2021-09-17,2021-09-20,2021-09-20,,7,
5035747,2021-09-13,2021-09-17,2021-09-20,2021-09-20,,7,
5022507,2021-09-13,2021-09-17,2021-09-21,,,8,
5028276,2021-09-13,2021-09-17,2021-09-20,2021-09-20,,7,
5025553,2021-09-13,2021-09-17,2021-09-20,2021-09-21,,7,
5023375,2021-09-13,2021-09-17,2021-09-20,2021-09-21,,7,
5032809,2021-09-13,2021-09-17,2021-09-20,2021-09-20,,7,
5031712,2021-09-13,2021-09-17,2021-09-20,2021-09-20,,7,
5027626,2021-09-13,2021-09-17,2021-09-20,2021-09-20,,7,
5035063,2021-09-13,2021-09-17,2021-09-20,2021-09-21,,7,
5030846,2021-09-13,2021-09-17,2021-09-21,,,8,
5032755,2021-09-13,2021-09-17,2021-09-21,,,8,
5022514,2021-09-13,2021-09-17,2021-09-20,2021-09-20,,7,
5027424,2021-09-13,2021-09-17,2021-09-20,2021-09-21,,7,
5021803,2021-09-13,2021-09-17,2021-09-20,,,7,
5036174,2021-09-13,2021-09-17,,,,,
5022617,2021-09-13,2021-09-17,,,,,
5023072,2021-09-13,2021-09-17,,,,,
5022131,2021-09-13,2021-09-17,2021-09-20,2021-09-20,,7,
5024276,2021-09-13,2021-09-17,2021-09-20,2021-09-20,,7,
5035179,2021-09-13,2021-09-17,2021-09-20,2021-09-21,,7,
5025696,2021-09-13,2021-09-17,2021-09-20,2021-09-20,,7,
5036411,2021-09-13,2021-09-17,2021-09-21,,,8,
5031029,2021-09-13,2021-09-17,2021-09-20,2021-09-21,,7,
5029796,2021-09-13,2021-09-17,2021-09-20,2021-09-21,,7,
5027983,2021-09-13,2021-09-17,2021-09-20,2021-09-20,,7,
5034544,2021-09-13,2021-09-17,2021-09-21,,,8,
5033282,2021-09-13,2021-09-17,2021-09-21,,,8,
5028982,2021-09-13,2021-09-17,2021-09-20,2021-09-21,,7,
5035053,2021-09-13,2021-09-17,2021-09-20,2021-09-20,,7,
5027426,2021-09-13,2021-09-17,2021-09-21,,,8,
5023876,2021-09-13,2021-09-17,2021-09-20,2021-09-20,,7,
5035122,2021-09-13,2021-09-17,2021-09-20,2021-09-20,,7,
5030347,2021-09-13,2021-09-17,2021-09-20,2021-09-20,,7,
5031210,2021-09-13,2021-09-17,2021-09-20,2021-09-21,,7,
5033703,2021-09-13,2021-09-17,2021-09-20,2021-09-20,,7,
5024099,2021-09-13,2021-09-17,2021-09-20,2021-09-21,,7,
5031212,2021-09-13,2021-09-17,,,,,
5031535,2021-09-13,2021-09-17,2021-09-20,2021-09-20,,7,
5034860,2021-09-13,2021-09-17,2021-09-20,2021-09-20,,7,
5022311,2021-09-13,2021-09-17,2021-09-20,2021-09-21,,7,
5034509,2021-09-13,2021-09-17,2021-09-20,2021-09-20,,7,
5035226,2021-09-13,2021-09-17,2021-09-20,2021-09-21,,7,
5027568,2021-09-13,2021-09-17,2021-09-20,2021-09-21,,7,
5028074,2021-09-13,2021-09-17,2021-09-20,2021-09-20,,7,
5026793,2021-09-13,2021-09-17,2021-09-20,2021-09-21,,7,
5032727,2021-09-13,2021-09-17,2021-09-20,,,7,
5032469,2021-09-13,2021-09-17,2021-09-20,,,7,
5028939,2021-09-13,2021-09-17,2021-09-20,,,7,
5028117,2021-09-13,2021-09-17,2021-09-20,,,7,
5036529,2021-09-13,2021-09-17,2021-09-20,2021-09-20,,7,
5025782,2021-09-13,2021-09-17,2021-09-20,2021-09-21,,7,
5031550,2021-09-13,2021-09-17,2021-09-21,,,8,
5024107,2021-09-13,2021-09-17,2021-09-21,,,8,
5029345,2021-09-13,2021-09-20,2021-09-21,,,8,
5031475,2021-09-13,2021-09-20,2021-09-21,,,8,
5031671,2021-09-13,2021-09-20,2021-09-21,,,8,
5026156,2021-09-13,2021-09-20,,,,,
5035235,2021-09-13,2021-09-20,,,,,
5030250,2021-09-13,2021-09-20,2021-09-21,,,8,
5033212,2021-09-13,2021-09-20,2021-09-20,2021-09-21,,7,
5035048,2021-09-13,2021-09-20,2021-09-21,,,8,
5032781,2021-09-13,2021-09-20,2021-09-21,,,8,
5030365,2021-09-13,2021-09-20,2021-09-20,2021-09-21,,7,
5024121,2021-09-13,2021-09-20,2021-09-20,2021-09-21,,7,
5036810,2021-09-13,2021-09-20,2021-09-21,,,8,
5021819,2021-09-13,2021-09-20,,,,,
5028533,2021-09-13,2021-09-20,2021-09-21,,,8,
5024364,2021-09-13,2021-09-20,2021-09-20,2021-09-21,,7,
5033818,2021-09-13,2021-09-20,2021-09-20,2021-09-21,,7,
5032351,2021-09-13,2021-09-20,2021-09-21,,,8,
5021652,2021-09-13,2021-09-20,2021-09-21,,,8,
5028144,2021-09-13,2021-09-20,2021-09-20,2021-09-21,,7,
5031369,2021-09-13,2021-09-20,2021-09-20,,,7,
5028500,2021-09-13,2021-09-20,2021-09-21,,,8,
5028286,2021-09-13,2021-09-20,2021-09-20,2021-09-21,,7,
5025656,2021-09-13,2021-09-20,2021-09-20,2021-09-21,,7,
5036774,2021-09-13,2021-09-20,2021-09-21,,,8,
5035220,2021-09-13,2021-09-20,,,,,
5027661,2021-09-13,2021-09-20,2021-09-20,2021-09-21,,7,
5023933,2021-09-13,2021-09-20,,,,,
5029730,2021-09-13,2021-09-20,,,,,
5031876,2021-09-13,2021-09-20,,,,,
5022269,2021-09-13,2021-09-20,2021-09-20,2021-09-21,,7,
5035837,2021-09-13,2021-09-20,2021-09-20,2021-09-21,,7,
5037401,2021-09-13,2021-09-20,,,,,
5029991,2021-09-13,2021-09-20,2021-09-21,,,8,
5031602,2021-09-13,2021-09-20,2021-09-20,2021-09-21,,7,
5024069,2021-09-13,2021-09-20,,,,,
5033439,2021-09-13,2021-09-20,2021-09-20,2021-09-21,,7,
5026574,2021-09-13,2021-09-20,2021-09-21,,,8,
5026841,2021-09-13,2021-09-20,,,,,
5035117,2021-09-13,2021-09-20,2021-09-21,,,8,
5022352,2021-09-13,2021-09-20,,,,,
5034372,2021-09-13,2021-09-20,2021-09-21,,,8,
5026853,2021-09-13,2021-09-20,2021-09-20,,,7,
5028014,2021-09-13,2021-09-20,2021-09-20,2021-09-21,,7,
5026605,2021-09-13,2021-09-20,2021-09-20,2021-09-21,,7,
5024932,2021-09-13,2021-09-20,2021-09-21,,,8,
5031062,2021-09-13,2021-09-20,2021-09-20,2021-09-21,,7,
5037471,2021-09-13,2021-09-20,,,,,
5033321,2021-09-13,2021-09-20,,,,,
5035606,2021-09-13,2021-09-20,,,,,
5030159,2021-09-13,2021-09-20,,,,,
5023591,2021-09-13,2021-09-20,,,,,
5026246,2021-09-13,2021-09-20,2021-09-20,2021-09-21,,7,
5035441,2021-09-13,2021-09-20,,,,,
5032627,2021-09-13,2021-09-20,2021-09-21,,,8,
5023570,2021-09-13,2021-09-20,2021-09-20,2021-09-21,,7,
5033362,2021-09-13,2021-09-20,2021-09-20,,,7,
5026564,2021-09-13,2021-09-20,2021-09-20,2021-09-21,,7,
5027524,2021-09-13,2021-09-20,2021-09-21,,,8,
5028913,2021-09-13,2021-09-20,2021-09-21,,,8,
5035203,2021-09-13,2021-09-20,,,,,
5035948,2021-09-13,2021-09-20,,,,,
5031167,2021-09-13,2021-09-20,2021-09-21,,,8,
5031725,2021-09-13,2021-09-20,,,,,
5026376,2021-09-13,2021-09-20,,,,,
5030134,2021-09-13,2021-09-20,,,,,
5028251,2021-09-13,2021-09-20,,,,,
5031436,2021-09-13,2021-09-20,,,,,
5030264,2021-09-13,2021-09-20,,,,,
5037391,2021-09-13,2021-09-20,,,,,
5024728,2021-09-13,2021-09-20,2021-09-21,,,8,
5021451,2021-09-13,2021-09-20,,,,,
5033819,2021-09-13,2021-09-20,2021-09-21,,,8,
5024065,2021-09-13,2021-09-20,,,,,
5033856,2021-09-13,2021-09-20,2021-09-21,,,8,
5032750,2021-09-13,2021-09-20,2021-09-21,,,8,
5035261,2021-09-13,2021-09-20,2021-09-20,2021-09-21,,7,
5023496,2021-09-13,2021-09-20,2021-09-21,,,8,
5029744,2021-09-13,2021-09-20,2021-09-20,,,7,
5024102,2021-09-13,2021-09-20,2021-09-20,2021-09-21,,7,
5027127,2021-09-13,2021-09-20,,,,,
5025793,2021-09-13,2021-09-20,2021-09-21,,,8,
5034479,2021-09-13,2021-09-20,2021-09-21,,,8,
5021603,2021-09-13,2021-09-20,,,,,
5024272,2021-09-13,2021-09-20,2021-09-20,2021-09-21,,7,
5023507,2021-09-13,2021-09-20,,,,,
5024081,2021-09-13,2021-09-20,2021-09-21,,,8,
5024651,2021-09-13,2021-09-20,,,,,
5025177,2021-09-13,2021-09-20,,,,,
5021709,2021-09-13,2021-09-20,,,,,
5025576,2021-09-13,2021-09-21,,,,,
5022308,2021-09-13,2021-09-21,,,,,
5021887,2021-09-13,2021-09-21,,,,,
5028162,2021-09-13,,,,,,
5028372,2021-09-14,2021-09-16,2021-09-20,2021-09-20,,6,
5034522,2021-09-14,2021-09-16,2021-09-20,2021-09-20,,6,
5028502,2021-09-14,2021-09-16,2021-09-20,2021-09-20,,6,
5031175,2021-09-14,2021-09-16,2021-09-20,2021-09-20,,6,
5022422,2021-09-14,2021-09-16,2021-09-20,2021-09-20,,6,
5034535,2021-09-14,2021-09-16,2021-09-20,2021-09-20,,6,
5024550,2021-09-14,2021-09-16,2021-09-20,2021-09-20,,6,
5028341,2021-09-14,2021-09-16,2021-09-20,2021-09-20,,6,
5034495,2021-09-14,2021-09-16,2021-09-20,2021-09-20,,6,
5036849,2021-09-14,2021-09-16,2021-09-20,2021-09-20,,6,
5034888,2021-09-14,2021-09-16,2021-09-20,2021-09-20,,6,
5037092,2021-09-14,2021-09-16,2021-09-20,2021-09-20,,6,
5023185,2021-09-14,2021-09-16,2021-09-20,2021-09-20,,6,
5031284,2021-09-14,2021-09-16,2021-09-20,2021-09-20,,6,
5028880,2021-09-14,2021-09-16,2021-09-20,2021-09-20,,6,
5033931,2021-09-14,2021-09-16,2021-09-20,2021-09-20,,6,
5022235,2021-09-14,2021-09-16,2021-09-20,2021-09-20,,6,
5024334,2021-09-14,2021-09-16,2021-09-20,2021-09-20,,6,
5028629,2021-09-14,2021-09-16,2021-09-20,2021-09-20,,6,
5027696,2021-09-14,2021-09-16,2021-09-20,2021-09-20,,6,
5023955,2021-09-14,2021-09-16,2021-09-20,2021-09-20,,6,
5035317,2021-09-14,2021-09-16,2021-09-20,2021-09-20,,6,
5030286,2021-09-14,2021-09-16,2021-09-20,2021-09-20,,6,
5034067,2021-09-14,2021-09-16,2021-09-20,2021-09-20,,6,
5021722,2021-09-14,2021-09-16,2021-09-20,2021-09-20,,6,
5026600,2021-09-14,2021-09-16,2021-09-20,2021-09-20,,6,
5027225,2021-09-14,2021-09-16,2021-09-20,2021-09-20,,6,
5032944,2021-09-14,2021-09-16,2021-09-20,2021-09-20,,6,
5022138,2021-09-14,2021-09-16,2021-09-20,2021-09-20,,6,
5025585,2021-09-14,2021-09-16,2021-09-20,2021-09-20,,6,
5035428,2021-09-14,2021-09-16,2021-09-20,2021-09-21,,6,
5034502,2021-09-14,2021-09-16,2021-09-20,2021-09-20,,6,
5025598,2021-09-14,2021-09-16,2021-09-20,2021-09-20,,6,
5026570,2021-09-14,2021-09-16,2021-09-20,2021-09-20,,6,
5032236,2021-09-14,2021-09-16,2021-09-20,2021-09-20,,6,
5031541,2021-09-14,2021-09-16,2021-09-20,2021-09-20,,6,
5032020,2021-09-14,2021-09-16,2021-09-20,2021-09-20,,6,
5025965,2021-09-14,2021-09-16,2021-09-20,2021-09-21,,6,
5030969,2021-09-14,2021-09-16,2021-09-20,2021-09-20,,6,
5026665,2021-09-14,2021-09-16,2021-09-20,2021-09-21,,6,
5034812,2021-09-14,2021-09-16,2021-09-20,2021-09-21,,6,
5022157,2021-09-14,2021-09-16,2021-09-20,2021-09-20,,6,
5022372,2021-09-14,2021-09-16,2021-09-20,2021-09-21,,6,
5036526,2021-09-14,2021-09-16,2021-09-20,2021-09-21,,6,
5035341,2021-09-14,2021-09-16,2021-09-20,2021-09-20,,6,
5021467,2021-09-14,2021-09-16,2021-09-20,2021-09-20,,6,
5037002,2021-09-14,2021-09-16,2021-09-20,2021-09-20,,6,
5034492,2021-09-14,2021-09-16,2021-09-20,2021-09-21,,6,
5026868,2021-09-14,2021-09-16,2021-09-20,2021-09-20,,6,
5022121,2021-09-14,2021-09-16,2021-09-20,2021-09-20,,6,
5028692,2021-09-14,2021-09-16,2021-09-20,2021-09-21,,6,
5022663,2021-09-14,2021-09-16,2021-09-21,,,7,
5032678,2021-09-14,2021-09-16,2021-09-21,,,7,
5033670,2021-09-14,2021-09-16,,,,,
5027110,2021-09-14,2021-09-16,2021-09-20,2021-09-20,,6,
5031740,2021-09-14,2021-09-16,2021-09-20,2021-09-20,,6,
5028529,2021-09-14,2021-09-16,2021-09-20,2021-09-20,,6,
5027787,2021-09-14,2021-09-16,,,,,
5028651,2021-09-14,2021-09-16,,,,,
5032724,2021-09-14,2021-09-16,2021-09-20,2021-09-21,,6,
5022408,2021-09-14,2021-09-16,2021-09-20,2021-09-20,,6,
5036887,2021-09-14,2021-09-16,2021-09-20,2021-09-20,,6,
5035974,2021-09-14,2021-09-16,2021-09-20,2021-09-21,,6,
5024305,2021-09-14,2021-09-16,2021-09-20,2021-09-20,,6,
5032257,2021-09-14,2021-09-16,2021-09-20,2021-09-20,,6,
5026107,2021-09-14,2021-09-16,2021-09-20,2021-09-21,,6,
5027945,2021-09-14,2021-09-16,2021-09-20,2021-09-20,,6,
5029276,2021-09-14,2021-09-16,2021-09-20,,,6,
5036904,2021-09-14,2021-09-16,2021-09-20,2021-09-20,,6,
5028418,2021-09-14,2021-09-16,2021-09-20,2021-09-20,,6,
5033888,2021-09-14,2021-09-16,2021-09-20,2021-09-21,,6,
5030960,2021-09-14,2021-09-16,2021-09-20,2021-09-21,,6,
5031364,2021-09-14,2021-09-16,2021-09-20,2021-09-21,,6,
5023090,2021-09-14,2021-09-16,2021-09-20,2021-09-20,,6,
5025987,2021-09-14,2021-09-16,2021-09-20,2021-09-20,,6,
5033376,2021-09-14,2021-09-16,2021-09-20,2021-09-20,,6,
5029123,2021-09-14,2021-09-16,2021-09-20,2021-09-20,,6,
5027818,2021-09-14,2021-09-16,2021-09-20,2021-09-20,,6,
5037072,2021-09-14,2021-09-16,2021-09-20,2021-09-20,,6,
5029154,2021-09-14,2021-09-16,2021-09-21,,,7,
5037571,2021-09-14,2021-09-16,2021-09-20,2021-09-20,,6,
5033426,2021-09-14,2021-09-16,2021-09-20,2021-09-20,,6,
5030293,2021-09-14,2021-09-16,2021-09-20,2021-09-20,,6,
5028437,2021-09-14,2021-09-16,2021-09-20,,,6,
5026727,2021-09-14,2021-09-16,2021-09-20,2021-09-20,,6,
5028598,2021-09-14,2021-09-16,2021-09-20,2021-09-20,,6,
5029921,2021-09-14,2021-09-16,2021-09-20,2021-09-20,,6,
5021891,2021-09-14,2021-09-16,2021-09-20,2021-09-21,,6,
5031244,2021-09-14,2021-09-16,2021-09-20,2021-09-21,,6,
5032083,2021-09-14,2021-09-16,2021-09-20,2021-09-20,,6,
5033559,2021-09-14,2021-09-16,2021-09-21,,,7,
5023010,2021-09-14,2021-09-16,2021-09-21,,,7,
5026099,2021-09-14,2021-09-16,2021-09-20,,,6,
5036707,2021-09-14,2021-09-16,2021-09-20,2021-09-20,,6,
5034173,2021-09-14,2021-09-16,2021-09-20,2021-09-20,,6,
5032844,2021-09-14,2021-09-16,2021-09-20,2021-09-21,,6,
5037119,2021-09-14,2021-09-16,2021-09-20,2021-09-20,,6,
5029402,2021-09-14,2021-09-16,2021-09-20,2021-09-20,,6,
5025795,2021-09-14,2021-09-16,2021-09-20,2021-09-20,,6,
5028452,2021-09-14,2021-09-16,2021-09-20,2021-09-20,,6,
5025642,2021-09-14,2021-09-16,2021-09-21,,,7,
5027432,2021-09-14,2021-09-16,2021-09-21,,,7,
5023974,2021-09-14,2021-09-17,2021-09-21,,,7,
5021636,2021-09-14,2021-09-17,2021-09-21,,,7,
5029357,2021-09-14,2021-09-17,2021-09-20,2021-09-21,,6,
5025978,2021-09-14,2021-09-17,2021-09-20,2021-09-20,,6,
5034454,2021-09-14,2021-09-17,2021-09-20,2021-09-21,,6,
5026008,2021-09-14,2021-09-17,2021-09-20,2021-09-20,,6,
5031184,2021-09-14,2021-09-17,2021-09-20,2021-09-20,,6,
5032794,2021-09-14,2021-09-17,2021-09-20,2021-09-20,,6,
5027275,2021-09-14,2021-09-17,2021-09-20,2021-09-20,,6,
5028202,2021-09-14,2021-09-17,2021-09-20,2021-09-20,,6,
5025251,2021-09-14,2021-09-17,2021-09-20,2021-09-21,,6,
5023757,2021-09-14,2021-09-17,2021-09-20,2021-09-20,,6,
5028650,2021-09-14,2021-09-17,2021-09-20,2021-09-20,,6,
5028603,2021-09-14,2021-09-17,2021-09-20,2021-09-21,,6,
5035490,2021-09-14,2021-09-17,2021-09-20,2021-09-20,,6,
5035401,2021-09-14,2021-09-17,2021-09-20,2021-09-20,,6,
5026095,2021-09-14,2021-09-17,2021-09-20,2021-09-21,,6,
5028779,2021-09-14,2021-09-17,2021-09-21,,,7,
5024984,2021-09-14,2021-09-17,,,,,
5028610,2021-09-14,2021-09-17,2021-09-20,2021-09-20,,6,
5035847,2021-09-14,2021-09-17,2021-09-20,2021-09-20,,6,
5023928,2021-09-14,2021-09-17,2021-09-20,2021-09-20,,6,
5022924,2021-09-14,2021-09-17,2021-09-20,2021-09-20,,6,
5027095,2021-09-14,2021-09-17,,,,,
5035040,2021-09-14,2021-09-17,2021-09-20,2021-09-20,,6,
5025445,2021-09-14,2021-09-17,2021-09-20,2021-09-21,,6,
5032053,2021-09-14,2021-09-17,2021-09-20,2021-09-20,,6,
5031230,2021-09-14,2021-09-17,2021-09-20,,,6,
5036916,2021-09-14,2021-09-17,2021-09-20,2021-09-20,,6,
5024673,2021-09-14,2021-09-17,2021-09-20,2021-09-20,,6,
5029334,2021-09-14,2021-09-17,2021-09-21,,,7,
5025000,2021-09-14,2021-09-17,2021-09-20,2021-09-21,,6,
5033519,2021-09-14,2021-09-17,2021-09-20,2021-09-20,,6,
5030132,2021-09-14,2021-09-17,2021-09-20,2021-09-21,,6,
5035629,2021-09-14,2021-09-17,2021-09-20,2021-09-20,,6,
5022474,2021-09-14,2021-09-17,2021-09-20,2021-09-20,,6,
5033779,2021-09-14,2021-09-17,2021-09-20,2021-09-20,,6,
5034669,2021-09-14,2021-09-17,2021-09-20,,,6,
5025805,2021-09-14,2021-09-17,2021-09-20,2021-09-21,,6,
5036141,2021-09-14,2021-09-17,2021-09-20,2021-09-21,,6,
5022040,2021-09-14,2021-09-17,2021-09-20,2021-09-20,,6,
5028496,2021-09-14,2021-09-17,2021-09-20,,,6,
5034944,2021-09-14,2021-09-17,,,,,
5036416,2021-09-14,2021-09-17,2021-09-20,,,6,
5033720,2021-09-14,2021-09-17,2021-09-21,,,7,
5031749,2021-09-14,2021-09-17,2021-09-20,2021-09-20,,6,
5030245,2021-09-14,2021-09-17,,,,,
5034740,2021-09-14,2021-09-17,2021-09-20,2021-09-20,,6,
5035950,2021-09-14,2021-09-17,2021-09-20,2021-09-21,,6,
5032464,2021-09-14,2021-09-17,,,,,
5034527,2021-09-14,2021-09-17,2021-09-20,2021-09-20,,6,
5031192,2021-09-14,2021-09-17,2021-09-20,2021-09-20,,6,
5034927,2021-09-14,2021-09-17,2021-09-20,2021-09-20,,6,
5022622,2021-09-14,2021-09-17,2021-09-20,2021-09-20,,6,
5024676,2021-09-14,2021-09-17,2021-09-20,,,6,
5023329,2021-09-14,2021-09-17,2021-09-20,,,6,
5023404,2021-09-14,2021-09-17,2021-09-20,2021-09-21,,6,
5037440,2021-09-14,2021-09-17,2021-09-20,2021-09-21,,6,
5037043,2021-09-14,2021-09-17,2021-09-20,2021-09-21,,6,
5033582,2021-09-14,2021-09-17,,,,,
5031634,2021-09-14,2021-09-17,2021-09-20,,,6,
5031927,2021-09-14,2021-09-17,2021-09-20,2021-09-21,,6,
5033442,2021-09-14,2021-09-17,,,,,
5036833,2021-09-14,2021-09-17,,,,,
5031667,2021-09-14,2021-09-17,2021-09-21,,,7,
5031402,2021-09-14,2021-09-17,2021-09-20,2021-09-21,,6,
5036684,2021-09-14,2021-09-17,2021-09-21,,,7,
5028588,2021-09-14,2021-09-20,2021-09-21,,,7,
5037173,2021-09-14,2021-09-20,2021-09-20,,,6,
5033524,2021-09-14,2021-09-20,,,,,
5026672,2021-09-14,2021-09-20,2021-09-20,2021-09-21,,6,
5023418,2021-09-14,2021-09-20,,,,,
5022629,2021-09-14,2021-09-20,,,,,
5027782,2021-09-14,2021-09-20,2021-09-21,,,7,
5026696,2021-09-14,2021-09-20,2021-09-20,2021-09-21,,6,
5035940,2021-09-14,2021-09-20,2021-09-20,2021-09-21,,6,
5034539,2021-09-14,2021-09-20,,,,,
5035640,2021-09-14,2021-09-20,,,,,
5023144,2021-09-14,2021-09-20,,,,,
5032949,2021-09-14,2021-09-20,,,,,
5026581,2021-09-14,2021-09-20,,,,,
5024358,2021-09-14,2021-09-20,,,,,
5032277,2021-09-14,2021-09-20,2021-09-21,,,7,
5037149,2021-09-14,2021-09-20,,,,,
5025926,2021-09-14,2021-09-20,2021-09-21,,,7,
5023615,2021-09-14,2021-09-20,2021-09-20,2021-09-21,,6,
5026007,2021-09-14,2021-09-20,2021-09-20,2021-09-21,,6,
5023623,2021-09-14,2021-09-20,,,,,
5033575,2021-09-14,2021-09-20,,,,,
5034769,2021-09-14,2021-09-20,,,,,
5030568,2021-09-14,2021-09-20,,,,,
5027893,2021-09-14,2021-09-20,2021-09-21,,,7,
5031424,2021-09-14,2021-09-20,2021-09-20,,,6,
5024944,2021-09-14,2021-09-20,2021-09-21,,,7,
5031762,2021-09-14,2021-09-20,2021-09-21,,,7,
5036718,2021-09-14,2021-09-20,,,,,
5034107,2021-09-14,2021-09-20,2021-09-21,,,7,
5026839,2021-09-14,2021-09-20,2021-09-21,,,7,
5023153,2021-09-14,2021-09-20,2021-09-21,,,7,
5033219,2021-09-14,2021-09-20,,,,,
5025848,2021-09-14,2021-09-20,2021-09-20,2021-09-21,,6,
5029083,2021-09-14,2021-09-20,2021-09-20,,,6,
5024286,2021-09-14,2021-09-20,2021-09-21,,,7,
5035777,2021-09-14,2021-09-20,2021-09-20,2021-09-21,,6,
5033324,2021-09-14,2021-09-20,,,,,
5023324,2021-09-14,2021-09-20,2021-09-20,2021-09-21,,6,
5024893,2021-09-14,2021-09-20,,,,,
5028687,2021-09-14,2021-09-20,2021-09-21,,,7,
5033885,2021-09-14,2021-09-20,2021-09-21,,,7,
5025640,2021-09-14,2021-09-20,2021-09-20,2021-09-21,,6,
5034739,2021-09-14,2021-09-20,,,,,
5022217,2021-09-14,2021-09-20,2021-09-20,2021-09-21,,6,
5025940,2021-09-14,2021-09-20,2021-09-21,,,7,
5031576,2021-09-14,2021-09-20,2021-09-21,,,7,
5028557,2021-09-14,2021-09-20,2021-09-20,2021-09-21,,6,
5023201,2021-09-14,2021-09-20,,,,,
5035314,2021-09-14,2021-09-20,,,,,
5026719,2021-09-14,2021-09-20,2021-09-21,,,7,
5025901,2021-09-14,2021-09-20,2021-09-21,,,7,
5037088,2021-09-14,2021-09-20,,,,,
5024763,2021-09-14,2021-09-20,2021-09-20,,,6,
5028325,2021-09-14,2021-09-20,2021-09-21,,,7,
5026690,2021-09-14,2021-09-20,2021-09-21,,,7,
5022709,2021-09-14,2021-09-20,,,,,
5027457,2021-09-14,2021-09-20,2021-09-21,,,7,
5030417,2021-09-14,2021-09-20,2021-09-20,2021-09-21,,6,
5037398,2021-09-14,2021-09-20,2021-09-20,2021-09-21,,6,
5036146,2021-09-14,2021-09-20,,,,,
5021532,2021-09-14,2021-09-20,2021-09-20,,,6,
5034662,2021-09-14,2021-09-20,2021-09-20,2021-09-21,,6,
5034519,2021-09-14,2021-09-20,2021-09-21,,,7,
5021389,2021-09-14,2021-09-20,,,,,
5028850,2021-09-14,2021-09-20,,,,,
5027714,2021-09-14,2021-09-20,2021-09-21,,,7,
5033947,2021-09-14,2021-09-20,2021-09-21,,,7,
5035250,2021-09-14,2021-09-20,2021-09-20,2021-09-21,,6,
5030431,2021-09-14,2021-09-20,2021-09-20,2021-09-21,,6,
5028731,2021-09-14,2021-09-20,,,,,
5028193,2021-09-14,2021-09-20,,,,,
5033626,2021-09-14,2021-09-20,2021-09-21,,,7,
5035767,2021-09-14,2021-09-20,2021-09-21,,,7,
5037490,2021-09-14,2021-09-20,2021-09-21,,,7,
5027207,2021-09-14,2021-09-20,,,,,
5030614,2021-09-14,2021-09-20,2021-09-21,,,7,
5025607,2021-09-14,2021-09-20,2021-09-20,2021-09-21,,6,
5021910,2021-09-14,2021-09-20,2021-09-20,2021-09-21,,6,
5031581,2021-09-14,2021-09-20,,,,,
5035373,2021-09-14,2021-09-20,2021-09-20,,,6,
5035233,2021-09-14,2021-09-20,2021-09-21,,,7,
5025849,2021-09-14,2021-09-20,,,,,
5033314,2021-09-14,2021-09-20,2021-09-20,,,6,
5023980,2021-09-14,2021-09-20,,,,,
5021581,2021-09-14,2021-09-20,,,,,
5037091,2021-09-14,2021-09-20,,,,,
5037481,2021-09-14,2021-09-20,,,,,
5037059,2021-09-14,2021-09-20,,,,,
5024335,2021-09-14,2021-09-20,2021-09-21,,,7,
5028424,2021-09-14,2021-09-20,,,,,
5028573,2021-09-14,2021-09-20,2021-09-20,2021-09-21,,6,
5031472,2021-09-14,2021-09-20,2021-09-21,,,7,
5023621,2021-09-14,2021-09-20,2021-09-21,,,7,
5021394,2021-09-14,2021-09-20,2021-09-21,,,7,
5027230,2021-09-14,2021-09-20,,,,,
5028352,2021-09-14,2021-09-20,,,,,
5034484,2021-09-14,2021-09-20,,,,,
5034684,2021-09-14,2021-09-20,,,,,
5025660,2021-09-14,2021-09-20,2021-09-21,,,7,
5023138,2021-09-14,2021-09-20,2021-09-21,,,7,
5036038,2021-09-14,2021-09-20,,,,,
5036425,2021-09-14,2021-09-20,2021-09-20,2021-09-21,,6,
5029398,2021-09-14,2021-09-20,2021-09-21,,,7,
5030187,2021-09-14,2021-09-20,2021-09-20,2021-09-21,,6,
5024298,2021-09-14,2021-09-20,2021-09-21,,,7,
5030285,2021-09-14,2021-09-20,,,,,
5028351,2021-09-14,2021-09-20,,,,,
5025909,2021-09-14,2021-09-20,,,,,
5035981,2021-09-14,2021-09-20,,,,,
5026914,2021-09-14,2021-09-20,,,,,
5030495,2021-09-14,2021-09-20,2021-09-21,,,7,
5027724,2021-09-14,2021-09-20,2021-09-20,2021-09-21,,6,
5023596,2021-09-14,2021-09-20,2021-09-20,2021-09-21,,6,
5026704,2021-09-14,2021-09-20,,,,,
5032264,2021-09-14,2021-09-20,2021-09-20,,,6,
5037527,2021-09-14,2021-09-20,,,,,
5034342,2021-09-14,2021-09-20,2021-09-20,2021-09-21,,6,
5024971,2021-09-14,2021-09-20,,,,,
5028719,2021-09-14,2021-09-20,2021-09-20,2021-09-21,,6,
5025511,2021-09-14,2021-09-20,2021-09-21,,,7,
5028168,2021-09-14,2021-09-20,2021-09-21,,,7,
5025602,2021-09-14,2021-09-20,,,,,
5028996,2021-09-14,2021-09-20,,,,,
5035266,2021-09-14,2021-09-20,2021-09-21,,,7,
5035290,2021-09-14,2021-09-20,,,,,
5030933,2021-09-14,2021-09-20,2021-09-20,,,6,
5029037,2021-09-14,2021-09-20,2021-09-20,2021-09-21,,6,
5025730,2021-09-14,2021-09-20,2021-09-21,,,7,
5022742,2021-09-14,2021-09-20,,,,,
5028538,2021-09-14,2021-09-20,2021-09-20,2021-09-21,,6,
5037551,2021-09-14,2021-09-20,2021-09-20,,,6,
5037065,2021-09-14,2021-09-20,2021-09-21,,,7,
5031751,2021-09-14,2021-09-20,2021-09-20,2021-09-21,,6,
5027126,2021-09-14,2021-09-20,,,,,
5022295,2021-09-14,2021-09-20,,,,,
5030023,2021-09-14,2021-09-20,,,,,
5031879,2021-09-14,2021-09-20,,,,,
5023079,2021-09-14,2021-09-20,2021-09-20,,,6,
5023579,2021-09-14,2021-09-20,2021-09-20,,,6,
5028547,2021-09-14,2021-09-20,,,,,
5022363,2021-09-14,2021-09-20,,,,,
5036395,2021-09-14,2021-09-20,2021-09-21,,,7,
5026089,2021-09-14,2021-09-20,,,,,
5033374,2021-09-14,2021-09-21,,,,,
5034237,2021-09-14,2021-09-21,,,,,
5035331,2021-09-14,2021-09-21,,,,,
5028702,2021-09-14,2021-09-21,,,,,
5024700,2021-09-14,2021-09-21,,,,,
5028508,2021-09-14,2021-09-21,,,,,
5022549,2021-09-14,2021-09-21,,,,,
5026064,2021-09-14,2021-09-21,,,,,
5024991,2021-09-14,2021-09-21,,,,,
5029269,2021-09-14,2021-09-21,,,,,
5034066,2021-09-14,2021-09-21,,,,,
5036913,2021-09-14,2021-09-21,,,,,
5026154,2021-09-14,2021-09-21,,,,,
5027093,2021-09-14,2021-09-21,,,,,
5029323,2021-09-14,2021-09-21,,,,,
5024524,2021-09-14,2021-09-21,,,,,
5030171,2021-09-14,,,,,,
5021679,2021-09-14,,,,,,
5030364,2021-09-14,,,,,,
5022672,2021-09-14,,,,,,
5037083,2021-09-14,,,,,,
5031122,2021-09-14,,,,,,
5028480,2021-09-14,,,,,,
5022533,2021-09-14,,,,,,
5026586,2021-09-14,,,,,,
5023598,2021-09-15,2021-09-17,2021-09-20,2021-09-20,,5,
5033958,2021-09-15,2021-09-17,2021-09-20,2021-09-20,,5,
5033688,2021-09-15,2021-09-17,2021-09-20,2021-09-20,,5,
5034594,2021-09-15,2021-09-17,2021-09-20,2021-09-20,,5,
5031831,2021-09-15,2021-09-17,2021-09-20,2021-09-20,,5,
5034909,2021-09-15,2021-09-17,2021-09-20,2021-09-20,,5,
5027445,2021-09-15,2021-09-17,2021-09-20,2021-09-20,,5,
5032987,2021-09-15,2021-09-17,2021-09-20,2021-09-20,,5,
5031444,2021-09-15,2021-09-17,2021-09-20,2021-09-20,,5,
5031849,2021-09-15,2021-09-17,2021-09-20,2021-09-20,,5,
5035190,2021-09-15,2021-09-17,2021-09-20,2021-09-20,,5,
5034829,2021-09-15,2021-09-17,2021-09-20,2021-09-20,,5,
5035106,2021-09-15,2021-09-17,2021-09-20,2021-09-20,,5,
5035450,2021-09-15,2021-09-17,2021-09-20,2021-09-20,,5,
5034549,2021-09-15,2021-09-17,2021-09-20,2021-09-20,,5,
5026103,2021-09-15,2021-09-17,2021-09-20,2021-09-20,,5,
5026630,2021-09-15,2021-09-17,2021-09-20,2021-09-20,,5,
5025709,2021-09-15,2021-09-17,2021-09-20,2021-09-20,,5,
5023940,2021-09-15,2021-09-17,2021-09-20,2021-09-20,,5,
5035788,2021-09-15,2021-09-17,2021-09-20,2021-09-20,,5,
5030333,2021-09-15,2021-09-17,2021-09-20,2021-09-20,,5,
5032505,2021-09-15,2021-09-17,2021-09-20,2021-09-20,,5,
5033944,2021-09-15,2021-09-17,2021-09-20,2021-09-20,,5,
5032733,2021-09-15,2021-09-17,2021-09-20,2021-09-21,,5,
5025743,2021-09-15,2021-09-17,2021-09-20,2021-09-21,,5,
5025973,2021-09-15,2021-09-17,2021-09-20,2021-09-21,,5,
5034925,2021-09-15,2021-09-17,2021-09-20,2021-09-21,,5,
5027235,2021-09-15,2021-09-17,2021-09-20,2021-09-21,,5,
5028555,2021-09-15,2021-09-17,2021-09-20,2021-09-20,,5,
5025114,2021-09-15,2021-09-17,2021-09-20,2021-09-20,,5,
5029512,2021-09-15,2021-09-17,2021-09-20,,,5,
5032111,2021-09-15,2021-09-17,2021-09-20,,,5,
5025162,2021-09-15,2021-09-17,2021-09-20,2021-09-20,,5,
5025878,2021-09-15,2021-09-17,2021-09-20,2021-09-21,,5,
5031430,2021-09-15,2021-09-17,2021-09-20,2021-09-21,,5,
5022432,2021-09-15,2021-09-17,2021-09-20,2021-09-21,,5,
5037336,2021-09-15,2021-09-17,2021-09-20,2021-09-20,,5,
5026650,2021-09-15,2021-09-17,2021-09-20,2021-09-20,,5,
5029659,2021-09-15,2021-09-17,2021-09-20,2021-09-20,,5,
5024333,2021-09-15,2021-09-17,2021-09-20,2021-09-20,,5,
5029544,2021-09-15,2021-09-17,2021-09-20,2021-09-21,,5,
5022467,2021-09-15,2021-09-17,2021-09-20,2021-09-21,,5,
5024253,2021-09-15,2021-09-17,2021-09-20,2021-09-21,,5,
5032715,2021-09-15,2021-09-17,2021-09-20,2021-09-21,,5,
5024993,2021-09-15,2021-09-17,2021-09-21,,,6,
5021740,2021-09-15,2021-09-17,2021-09-21,,,6,
5033649,2021-09-15,2021-09-17,,,,,
5030644,2021-09-15,2021-09-17,,,,,
5031055,2021-09-15,2021-09-17,,,,,
5024789,2021-09-15,2021-09-17,2021-09-20,2021-09-20,,5,
5034303,2021-09-15,2021-09-17,2021-09-20,2021-09-21,,5,
5028600,2021-09-15,2021-09-17,2021-09-20,2021-09-21,,5,
5025728,2021-09-15,2021-09-17,2021-09-20,2021-09-20,,5,
5028615,2021-09-15,2021-09-17,2021-09-20,,,5,
5024303,2021-09-15,2021-09-17,,,,,
5027037,2021-09-15,2021-09-17,2021-09-21,,,6,
5031391,2021-09-15,2021-09-17,2021-09-20,2021-09-21,,5,
5024958,2021-09-15,2021-09-17,2021-09-20,2021-09-21,,5,
5028870,2021-09-15,2021-09-17,2021-09-20,2021-09-20,,5,
5035357,2021-09-15,2021-09-17,2021-09-21,,,6,
5037612,2021-09-15,2021-09-17,2021-09-20,,,5,
5032282,2021-09-15,2021-09-17,2021-09-20,2021-09-20,,5,
5026979,2021-09-15,2021-09-17,2021-09-20,2021-09-20,,5,
5032684,2021-09-15,2021-09-17,2021-09-20,2021-09-20,,5,
5033049,2021-09-15,2021-09-17,2021-09-20,2021-09-21,,5,
5024173,2021-09-15,2021-09-17,2021-09-20,2021-09-21,,5,
5026613,2021-09-15,2021-09-17,2021-09-21,,,6,
5024857,2021-09-15,2021-09-17,2021-09-20,2021-09-21,,5,
5023894,2021-09-15,2021-09-17,2021-09-20,2021-09-21,,5,
5021539,2021-09-15,2021-09-17,2021-09-20,2021-09-20,,5,
5030290,2021-09-15,2021-09-17,,,,,
5025727,2021-09-15,2021-09-17,2021-09-20,2021-09-20,,5,
5036466,2021-09-15,2021-09-17,2021-09-20,2021-09-20,,5,
5025108,2021-09-15,2021-09-17,2021-09-21,,,6,
5031206,2021-09-15,2021-09-17,2021-09-20,,,5,
5031730,2021-09-15,2021-09-17,2021-09-21,,,6,
5023902,2021-09-15,2021-09-17,2021-09-20,2021-09-21,,5,
5032565,2021-09-15,2021-09-17,,,,,
5034637,2021-09-15,2021-09-17,2021-09-20,2021-09-21,,5,
5031796,2021-09-15,2021-09-17,2021-09-21,,,6,
5034448,2021-09-15,2021-09-17,2021-09-20,2021-09-21,,5,
5032872,2021-09-15,2021-09-17,2021-09-20,2021-09-20,,5,
5036571,2021-09-15,2021-09-17,,,,,
5030628,2021-09-15,2021-09-17,2021-09-21,,,6,
5033249,2021-09-15,2021-09-17,2021-09-20,2021-09-20,,5,
5026949,2021-09-15,2021-09-17,2021-09-20,2021-09-20,,5,
5029425,2021-09-15,2021-09-17,2021-09-20,2021-09-20,,5,
5023216,2021-09-15,2021-09-17,,,,,
5026750,2021-09-15,2021-09-17,2021-09-20,2021-09-20,,5,
5021836,2021-09-15,2021-09-17,2021-09-21,,,6,
5030500,2021-09-15,2021-09-17,2021-09-20,,,5,
5029792,2021-09-15,2021-09-17,,,,,
5025085,2021-09-15,2021-09-17,2021-09-20,2021-09-21,,5,
5035625,2021-09-15,2021-09-20,2021-09-21,,,6,
5037257,2021-09-15,2021-09-20,,,,,
5031616,2021-09-15,2021-09-20,,,,,
5033474,2021-09-15,2021-09-20,2021-09-20,2021-09-21,,5,
5033904,2021-09-15,2021-09-20,2021-09-21,,,6,
5024536,2021-09-15,2021-09-20,2021-09-21,,,6,
5034158,2021-09-15,2021-09-20,,,,,
5029447,2021-09-15,2021-09-20,2021-09-21,,,6,
5031145,2021-09-15,2021-09-20,,,,,
5032367,2021-09-15,2021-09-20,2021-09-20,2021-09-21,,5,
5037009,2021-09-15,2021-09-20,2021-09-21,,,6,
5023196,2021-09-15,2021-09-20,,,,,
5029046,2021-09-15,2021-09-20,2021-09-21,,,6,
5035379,2021-09-15,2021-09-20,,,,,
5036880,2021-09-15,2021-09-20,2021-09-20,2021-09-21,,5,
5027813,2021-09-15,2021-09-20,2021-09-21,,,6,
5034117,2021-09-15,2021-09-20,2021-09-21,,,6,
5025969,2021-09-15,2021-09-20,,,,,
5030566,2021-09-15,2021-09-20,2021-09-21,,,6,
5022584,2021-09-15,2021-09-20,,,,,
5029413,2021-09-15,2021-09-20,2021-09-21,,,6,
5024888,2021-09-15,2021-09-20,2021-09-20,2021-09-21,,5,
5028662,2021-09-15,2021-09-20,,,,,
5032849,2021-09-15,2021-09-20,2021-09-21,,,6,
5024196,2021-09-15,2021-09-20,2021-09-21,,,6,
5032767,2021-09-15,2021-09-20,,,,,
5031973,2021-09-15,2021-09-20,,,,,
5028180,2021-09-15,2021-09-20,,,,,
5030260,2021-09-15,2021-09-20,2021-09-20,2021-09-21,,5,
5021372,2021-09-15,2021-09-20,2021-09-21,,,6,
5022781,2021-09-15,2021-09-20,,,,,
5023254,2021-09-15,2021-09-20,,,,,
5028716,2021-09-15,2021-09-20,2021-09-21,,,6,
5029389,2021-09-15,2021-09-20,,,,,
5023627,2021-09-15,2021-09-20,2021-09-21,,,6,
5027305,2021-09-15,2021-09-20,2021-09-21,,,6,
5024967,2021-09-15,2021-09-20,2021-09-21,,,6,
5028802,2021-09-15,2021-09-20,,,,,
5031834,2021-09-15,2021-09-20,,,,,
5029850,2021-09-15,2021-09-20,2021-09-20,2021-09-21,,5,
5025666,2021-09-15,2021-09-20,,,,,
5036385,2021-09-15,2021-09-20,,,,,
5034877,2021-09-15,2021-09-20,,,,,
5035200,2021-09-15,2021-09-20,2021-09-20,2021-09-21,,5,
5026011,2021-09-15,2021-09-20,,,,,
5030146,2021-09-15,2021-09-20,2021-09-21,,,6,
5035147,2021-09-15,2021-09-20,,,,,
5034785,2021-09-15,2021-09-20,,,,,
5021737,2021-09-15,2021-09-20,,,,,
5023298,2021-09-15,2021-09-20,,,,,
5037047,2021-09-15,2021-09-20,,,,,
5024571,2021-09-15,2021-09-20,,,,,
5021376,2021-09-15,2021-09-20,,,,,
5024434,2021-09-15,2021-09-20,,,,,
5026862,2021-09-15,2021-09-20,2021-09-21,,,6,
5030731,2021-09-15,2021-09-20,,,,,
5033816,2021-09-15,2021-09-20,2021-09-21,,,6,
5029752,2021-09-15,2021-09-20,,,,,
5030524,2021-09-15,2021-09-20,,,,,
5030401,2021-09-15,2021-09-20,,,,,
5024360,2021-09-15,2021-09-20,2021-09-21,,,6,
5035986,2021-09-15,2021-09-20,2021-09-20,2021-09-21,,5,
5023581,2021-09-15,2021-09-20,,,,,
5026216,2021-09-15,2021-09-20,2021-09-20,2021-09-21,,5,
5030305,2021-09-15,2021-09-20,2021-09-20,,,5,
5035423,2021-09-15,2021-09-20,,,,,
5028090,2021-09-15,2021-09-20,,,,,
5028632,2021-09-15,2021-09-20,,,,,
5031117,2021-09-15,2021-09-20,,,,,
5030380,2021-09-15,2021-09-20,,,,,
5021812,2021-09-15,2021-09-20,2021-09-21,,,6,
5026659,2021-09-15,2021-09-20,2021-09-21,,,6,
5037362,2021-09-15,2021-09-20,,,,,
5036091,2021-09-15,2021-09-20,,,,,
5023792,2021-09-15,2021-09-20,2021-09-20,2021-09-21,,5,
5026984,2021-09-15,2021-09-20,2021-09-21,,,6,
5031488,2021-09-15,2021-09-20,,,,,
5021944,2021-09-15,2021-09-20,2021-09-20,,,5,
5025778,2021-09-15,2021-09-20,,,,,
5034279,2021-09-15,2021-09-20,,,,,
5025796,2021-09-15,2021-09-20,,,,,
5026534,2021-09-15,2021-09-20,,,,,
5034855,2021-09-15,2021-09-20,,,,,
5033621,2021-09-15,2021-09-20,,,,,
5029143,2021-09-15,2021-09-20,2021-09-20,,,5,
5022349,2021-09-15,2021-09-20,,,,,
5026882,2021-09-15,2021-09-20,2021-09-21,,,6,
5024818,2021-09-15,2021-09-20,2021-09-21,,,6,
5021537,2021-09-15,2021-09-20,2021-09-20,2021-09-21,,5,
5035396,2021-09-15,2021-09-20,2021-09-21,,,6,
5028637,2021-09-15,2021-09-20,2021-09-21,,,6,
5029018,2021-09-15,2021-09-20,2021-09-20,2021-09-21,,5,
5031840,2021-09-15,2021-09-20,,,,,
5024124,2021-09-15,2021-09-20,,,,,
5024602,2021-09-15,2021-09-20,2021-09-20,2021-09-21,,5,
5025954,2021-09-15,2021-09-20,,,,,
5028576,2021-09-15,2021-09-20,2021-09-20,,,5,
5034982,2021-09-15,2021-09-20,2021-09-21,,,6,
5026974,2021-09-15,2021-09-20,2021-09-21,,,6,
5033808,2021-09-15,2021-09-20,2021-09-20,2021-09-21,,5,
5022615,2021-09-15,2021-09-20,,,,,
5025079,2021-09-15,2021-09-20,2021-09-20,2021-09-21,,5,
5027492,2021-09-15,2021-09-20,,,,,
5024579,2021-09-15,2021-09-20,,,,,
5033008,2021-09-15,2021-09-20,,,,,
5036739,2021-09-15,2021-09-20,2021-09-21,,,6,
5032613,2021-09-15,2021-09-20,,,,,
5026476,2021-09-15,2021-09-20,2021-09-21,,,6,
5023372,2021-09-15,2021-09-20,,,,,
5037299,2021-09-15,2021-09-20,2021-09-20,2021-09-21,,5,
5035454,2021-09-15,2021-09-20,,,,,
5032958,2021-09-15,2021-09-20,2021-09-21,,,6,
5026645,2021-09-15,2021-09-20,,,,,
5024593,2021-09-15,2021-09-20,,,,,
5028625,2021-09-15,2021-09-20,2021-09-21,,,6,
5029596,2021-09-15,2021-09-20,,,,,
5021384,2021-09-15,2021-09-20,,,,,
5031658,2021-09-15,2021-09-20,2021-09-21,,,6,
5033640,2021-09-15,2021-09-20,2021-09-21,,,6,
5033468,2021-09-15,2021-09-20,2021-09-21,,,6,
5032657,2021-09-15,2021-09-20,,,,,
5022281,2021-09-15,2021-09-20,2021-09-21,,,6,
5027483,2021-09-15,2021-09-20,2021-09-21,,,6,
5030826,2021-09-15,2021-09-20,,,,,
5028057,2021-09-15,2021-09-20,,,,,
5029417,2021-09-15,2021-09-20,,,,,
5024860,2021-09-15,2021-09-20,,,,,
5037451,2021-09-15,2021-09-20,2021-09-21,,,6,
5037176,2021-09-15,2021-09-20,2021-09-20,,,5,
5029637,2021-09-15,2021-09-20,2021-09-21,,,6,
5033584,2021-09-15,2021-09-20,,,,,
5022316,2021-09-15,2021-09-20,,,,,
5023270,2021-09-15,2021-09-20,,,,,
5027456,2021-09-15,2021-09-20,,,,,
5033708,2021-09-15,2021-09-20,,,,,
5022050,2021-09-15,2021-09-20,,,,,
5035097,2021-09-15,2021-09-20,,,,,
5021708,2021-09-15,2021-09-20,,,,,
5030727,2021-09-15,2021-09-20,2021-09-21,,,6,
5026971,2021-09-15,2021-09-20,2021-09-21,,,6,
5033991,2021-09-15,2021-09-20,,,,,
5025324,2021-09-15,2021-09-20,,,,,
5033551,2021-09-15,2021-09-20,2021-09-20,,,5,
5032417,2021-09-15,2021-09-20,,,,,
5032983,2021-09-15,2021-09-20,2021-09-21,,,6,
5026079,2021-09-15,2021-09-20,,,,,
5027280,2021-09-15,2021-09-20,2021-09-20,2021-09-21,,5,
5031793,2021-09-15,2021-09-20,2021-09-20,,,5,
5032737,2021-09-15,2021-09-20,,,,,
5032802,2021-09-15,2021-09-20,2021-09-20,2021-09-21,,5,
5033015,2021-09-15,2021-09-20,2021-09-21,,,6,
5021899,2021-09-15,2021-09-20,2021-09-20,,,5,
5026988,2021-09-15,2021-09-20,2021-09-21,,,6,
5022762,2021-09-15,2021-09-20,,,,,
5031093,2021-09-15,2021-09-20,,,,,
5028677,2021-09-15,2021-09-20,,,,,
5021720,2021-09-15,2021-09-20,2021-09-21,,,6,
5035064,2021-09-15,2021-09-20,2021-09-20,2021-09-21,,5,
5023984,2021-09-15,2021-09-20,,,,,
5024129,2021-09-15,2021-09-20,,,,,
5037634,2021-09-15,2021-09-20,,,,,
5035056,2021-09-15,2021-09-20,2021-09-20,2021-09-21,,5,
5022563,2021-09-15,2021-09-20,,,,,
5035124,2021-09-15,2021-09-20,,,,,
5022896,2021-09-15,2021-09-20,2021-09-21,,,6,
5030696,2021-09-15,2021-09-20,2021-09-21,,,6,
5035085,2021-09-15,2021-09-20,,,,,
5037071,2021-09-15,2021-09-20,,,,,
5026436,2021-09-15,2021-09-21,,,,,
5035196,2021-09-15,2021-09-21,,,,,
5035456,2021-09-15,2021-09-21,,,,,
5026184,2021-09-15,2021-09-21,,,,,
5025170,2021-09-15,2021-09-21,,,,,
5025005,2021-09-15,2021-09-21,,,,,
5034910,2021-09-15,2021-09-21,,,,,
5036828,2021-09-15,2021-09-21,,,,,
5033710,2021-09-15,2021-09-21,,,,,
5033038,2021-09-15,2021-09-21,,,,,
5029662,2021-09-15,2021-09-21,,,,,
5030336,2021-09-15,2021-09-21,,,,,
5034125,2021-09-15,2021-09-21,,,,,
5025144,2021-09-15,2021-09-21,,,,,
5026160,2021-09-15,2021-09-21,,,,,
5021920,2021-09-15,,,,,,
5024350,2021-09-15,,,,,,
5028888,2021-09-15,,,,,,
5037144,2021-09-15,,,,,,
5033629,2021-09-15,,,,,,
5022611,2021-09-15,,,,,,
5021374,2021-09-15,,,,,,
5031515,2021-09-15,,,,,,
5036119,2021-09-15,,,,,,
5025869,2021-09-15,,,,,,
5022047,2021-09-15,,,,,,
5023956,2021-09-15,,,,,,
5021702,2021-09-15,,,,,,
5023993,2021-09-15,,,,,,
5024180,2021-09-15,,,,,,
5035517,2021-09-15,,,,,,
5029763,2021-09-15,,,,,,
5024372,2021-09-15,,,,,,
5026808,2021-09-15,,,,,,
5029577,2021-09-15,,,,,,
5037000,2021-09-15,,,,,,
5030802,2021-09-15,,,,,,
5023913,2021-09-16,2021-09-20,2021-09-20,2021-09-21,,4,
5030387,2021-09-16,2021-09-20,2021-09-20,2021-09-21,,4,
5026795,2021-09-16,2021-09-20,2021-09-20,2021-09-21,,4,
5031932,2021-09-16,2021-09-20,2021-09-20,2021-09-21,,4,
5032025,2021-09-16,2021-09-20,2021-09-20,2021-09-21,,4,
5030679,2021-09-16,2021-09-20,2021-09-20,2021-09-21,,4,
5033175,2021-09-16,2021-09-20,2021-09-20,2021-09-21,,4,
5032759,2021-09-16,2021-09-20,2021-09-20,2021-09-21,,4,
5030021,2021-09-16,2021-09-20,2021-09-20,2021-09-21,,4,
5035234,2021-09-16,2021-09-20,2021-09-20,2021-09-21,,4,
5023964,2021-09-16,2021-09-20,2021-09-20,2021-09-21,,4,
5028388,2021-09-16,2021-09-20,2021-09-20,2021-09-21,,4,
5033794,2021-09-16,2021-09-20,2021-09-20,2021-09-21,,4,
5033641,2021-09-16,2021-09-20,2021-09-20,2021-09-21,,4,
5032757,2021-09-16,2021-09-20,2021-09-20,2021-09-21,,4,
5033712,2021-09-16,2021-09-20,2021-09-20,2021-09-21,,4,
5026836,2021-09-16,2021-09-20,2021-09-20,2021-09-21,,4,
5026306,2021-09-16,2021-09-20,2021-09-20,2021-09-21,,4,
5034937,2021-09-16,2021-09-20,2021-09-20,2021-09-21,,4,
5027799,2021-09-16,2021-09-20,2021-09-20,2021-09-21,,4,
5022677,2021-09-16,2021-09-20,2021-09-20,2021-09-21,,4,
5028743,2021-09-16,2021-09-20,2021-09-20,2021-09-21,,4,
5037147,2021-09-16,2021-09-20,2021-09-20,2021-09-21,,4,
5022327,2021-09-16,2021-09-20,2021-09-20,2021-09-21,,4,
5026791,2021-09-16,2021-09-20,2021-09-20,2021-09-21,,4,
5034674,2021-09-16,2021-09-20,2021-09-20,2021-09-21,,4,
5022293,2021-09-16,2021-09-20,2021-09-20,2021-09-21,,4,
5022185,2021-09-16,2021-09-20,2021-09-20,,,4,
5022938,2021-09-16,2021-09-20,2021-09-20,,,4,
5027069,2021-09-16,2021-09-20,2021-09-20,,,4,
5022666,2021-09-16,2021-09-20,2021-09-20,,,4,
5024708,2021-09-16,2021-09-20,2021-09-20,2021-09-21,,4,
5028156,2021-09-16,2021-09-20,2021-09-20,2021-09-21,,4,
5021862,2021-09-16,2021-09-20,2021-09-20,2021-09-21,,4,
5026964,2021-09-16,2021-09-20,2021-09-20,,,4,
5031179,2021-09-16,2021-09-20,2021-09-20,2021-09-21,,4,
5029209,2021-09-16,2021-09-20,2021-09-20,2021-09-21,,4,
5022332,2021-09-16,2021-09-20,2021-09-20,2021-09-21,,4,
5025103,2021-09-16,2021-09-20,2021-09-20,2021-09-21,,4,
5024646,2021-09-16,2021-09-20,2021-09-20,,,4,
5036665,2021-09-16,2021-09-20,2021-09-20,2021-09-21,,4,
5022816,2021-09-16,2021-09-20,2021-09-20,,,4,
5026654,2021-09-16,2021-09-20,2021-09-20,2021-09-21,,4,
5037163,2021-09-16,2021-09-20,2021-09-20,2021-09-21,,4,
5023381,2021-09-16,2021-09-20,2021-09-20,,,4,
5026772,2021-09-16,2021-09-20,2021-09-20,2021-09-21,,4,
5033595,2021-09-16,2021-09-20,2021-09-21,,,5,
5031418,2021-09-16,2021-09-20,2021-09-21,,,5,
5031397,2021-09-16,2021-09-20,2021-09-21,,,5,
5036109,2021-09-16,2021-09-20,2021-09-21,,,5,
5025441,2021-09-16,2021-09-20,2021-09-21,,,5,
5024302,2021-09-16,2021-09-20,2021-09-21,,,5,
5037101,2021-09-16,2021-09-20,2021-09-21,,,5,
5029860,2021-09-16,2021-09-20,2021-09-21,,,5,
5021827,2021-09-16,2021-09-20,,,,,
5026763,2021-09-16,2021-09-20,,,,,
5032863,2021-09-16,2021-09-20,,,,,
5031651,2021-09-16,2021-09-20,,,,,
5031960,2021-09-16,2021-09-20,,,,,
5034006,2021-09-16,2021-09-20,,,,,
5037018,2021-09-16,2021-09-20,,,,,
5023231,2021-09-16,2021-09-20,,,,,
5027837,2021-09-16,2021-09-20,,,,,
5026261,2021-09-16,2021-09-20,2021-09-21,,,5,
5035240,2021-09-16,2021-09-20,2021-09-21,,,5,
5025058,2021-09-16,2021-09-20,,,,,
5036669,2021-09-16,2021-09-20,2021-09-20,,,4,
5033491,2021-09-16,2021-09-20,,,,,
5030651,2021-09-16,2021-09-20,,,,,
5032629,2021-09-16,2021-09-20,2021-09-21,,,5,
5022633,2021-09-16,2021-09-20,2021-09-21,,,5,
5032877,2021-09-16,2021-09-20,2021-09-21,,,5,
5024729,2021-09-16,2021-09-20,,,,,
5024468,2021-09-16,2021-09-20,,,,,
5024001,2021-09-16,2021-09-20,2021-09-20,2021-09-21,,4,
5028679,2021-09-16,2021-09-20,2021-09-21,,,5,
5022823,2021-09-16,2021-09-20,,,,,
5029332,2021-09-16,2021-09-20,,,,,
5025025,2021-09-16,2021-09-20,,,,,
5026039,2021-09-16,2021-09-20,,,,,
5034765,2021-09-16,2021-09-20,,,,,
5025364,2021-09-16,2021-09-20,2021-09-21,,,5,
5032853,2021-09-16,2021-09-20,2021-09-20,2021-09-21,,4,
5031289,2021-09-16,2021-09-20,,,,,
5036345,2021-09-16,2021-09-20,,,,,
5031597,2021-09-16,2021-09-20,,,,,
5025409,2021-09-16,2021-09-20,2021-09-21,,,5,
5024087,2021-09-16,2021-09-20,,,,,
5025985,2021-09-16,2021-09-20,,,,,
5030357,2021-09-16,2021-09-20,2021-09-20,,,4,
5028724,2021-09-16,2021-09-20,2021-09-20,2021-09-21,,4,
5025873,2021-09-16,2021-09-20,,,,,
5027514,2021-09-16,2021-09-20,2021-09-21,,,5,
5031084,2021-09-16,2021-09-20,2021-09-21,,,5,
5034587,2021-09-16,2021-09-20,,,,,
5027409,2021-09-16,2021-09-20,2021-09-21,,,5,
5026213,2021-09-16,2021-09-20,2021-09-20,2021-09-21,,4,
5037552,2021-09-16,2021-09-20,,,,,
5021416,2021-09-16,2021-09-20,2021-09-21,,,5,
5036187,2021-09-16,2021-09-20,2021-09-20,2021-09-21,,4,
5026768,2021-09-16,2021-09-20,,,,,
5023253,2021-09-16,2021-09-20,2021-09-20,2021-09-21,,4,
5028683,2021-09-16,2021-09-20,,,,,
5033784,2021-09-16,2021-09-20,2021-09-21,,,5,
5029809,2021-09-16,2021-09-20,2021-09-20,2021-09-21,,4,
5027309,2021-09-16,2021-09-20,,,,,
5023224,2021-09-16,2021-09-20,2021-09-21,,,5,
5027044,2021-09-16,2021-09-20,2021-09-21,,,5,
5033135,2021-09-16,2021-09-20,,,,,
5026070,2021-09-16,2021-09-20,,,,,
5024815,2021-09-16,2021-09-20,,,,,
5025557,2021-09-16,2021-09-20,2021-09-21,,,5,
5030591,2021-09-16,2021-09-20,2021-09-20,2021-09-21,,4,
5025942,2021-09-16,2021-09-20,2021-09-21,,,5,
5032784,2021-09-16,2021-09-20,,,,,
5026693,2021-09-16,2021-09-20,,,,,
5032966,2021-09-16,2021-09-20,2021-09-20,,,4,
5028890,2021-09-16,2021-09-20,,,,,
5030844,2021-09-16,2021-09-20,2021-09-21,,,5,
5033685,2021-09-16,2021-09-20,,,,,
5025020,2021-09-16,2021-09-20,,,,,
5025012,2021-09-16,2021-09-20,2021-09-20,2021-09-21,,4,
5034931,2021-09-16,2021-09-20,,,,,
5029140,2021-09-16,2021-09-20,,,,,
5027383,2021-09-16,2021-09-20,,,,,
5031338,2021-09-16,2021-09-20,2021-09-21,,,5,
5037310,2021-09-16,2021-09-20,2021-09-21,,,5,
5022601,2021-09-16,2021-09-20,2021-09-20,2021-09-21,,4,
5030449,2021-09-16,2021-09-20,2021-09-20,2021-09-21,,4,
5026255,2021-09-16,2021-09-20,2021-09-21,,,5,
5037252,2021-09-16,2021-09-20,2021-09-21,,,5,
5033913,2021-09-16,2021-09-20,2021-09-21,,,5,
5031269,2021-09-16,2021-09-20,,,,,
5025719,2021-09-16,2021-09-20,,,,,
5028561,2021-09-16,2021-09-20,,,,,
5023692,2021-09-16,2021-09-20,2021-09-21,,,5,
5032818,2021-09-16,2021-09-20,,,,,
5034500,2021-09-16,2021-09-20,2021-09-21,,,5,
5031659,2021-09-16,2021-09-20,,,,,
5035555,2021-09-16,2021-09-20,,,,,
5022468,2021-09-16,2021-09-20,2021-09-21,,,5,
5037171,2021-09-16,2021-09-20,,,,,
5023653,2021-09-16,2021-09-20,,,,,
5035572,2021-09-16,2021-09-20,,,,,
5024548,2021-09-16,2021-09-20,,,,,
5022621,2021-09-16,2021-09-20,,,,,
5022075,2021-09-16,2021-09-20,2021-09-21,,,5,
5031885,2021-09-16,2021-09-20,,,,,
5031957,2021-09-16,2021-09-20,2021-09-20,2021-09-21,,4,
5021727,2021-09-16,2021-09-20,2021-09-21,,,5,
5036018,2021-09-16,2021-09-20,,,,,
5029312,2021-09-16,2021-09-20,2021-09-20,2021-09-21,,4,
5025843,2021-09-16,2021-09-20,2021-09-20,2021-09-21,,4,
5037389,2021-09-16,2021-09-20,,,,,
5025313,2021-09-16,2021-09-20,,,,,
5030763,2021-09-16,2021-09-20,2021-09-21,,,5,
5028856,2021-09-16,2021-09-20,,,,,
5035519,2021-09-16,2021-09-20,,,,,
5033112,2021-09-16,2021-09-20,,,,,
5022195,2021-09-16,2021-09-20,2021-09-20,2021-09-21,,4,
5031125,2021-09-16,2021-09-20,2021-09-20,,,4,
5032585,2021-09-16,2021-09-20,,,,,
5029365,2021-09-16,2021-09-20,,,,,
5028280,2021-09-16,2021-09-20,2021-09-21,,,5,
5034610,2021-09-16,2021-09-20,,,,,
5031926,2021-09-16,2021-09-20,2021-09-21,,,5,
5031468,2021-09-16,2021-09-20,,,,,
5024727,2021-09-16,2021-09-20,,,,,
5027259,2021-09-16,2021-09-20,,,,,
5021866,2021-09-16,2021-09-20,,,,,
5034731,2021-09-16,2021-09-20,,,,,
5024552,2021-09-16,2021-09-20,,,,,
5021487,2021-09-16,2021-09-20,,,,,
5024662,2021-09-16,2021-09-20,2021-09-21,,,5,
5032102,2021-09-16,2021-09-20,2021-09-21,,,5,
5023649,2021-09-16,2021-09-20,2021-09-20,2021-09-21,,4,
5026992,2021-09-16,2021-09-20,,,,,
5027364,2021-09-16,2021-09-20,2021-09-21,,,5,
5027915,2021-09-16,2021-09-20,2021-09-20,2021-09-21,,4,
5036184,2021-09-16,2021-09-20,,,,,
5026995,2021-09-16,2021-09-20,,,,,
5026088,2021-09-16,2021-09-20,2021-09-21,,,5,
5028442,2021-09-16,2021-09-20,2021-09-20,,,4,
5023660,2021-09-16,2021-09-20,2021-09-21,,,5,
5034973,2021-09-16,2021-09-20,,,,,
5031919,2021-09-16,2021-09-20,,,,,
5029539,2021-09-16,2021-09-20,,,,,
5023633,2021-09-16,2021-09-20,2021-09-20,2021-09-21,,4,
5031449,2021-09-16,2021-09-20,2021-09-20,2021-09-21,,4,
5029985,2021-09-16,2021-09-20,2021-09-20,2021-09-21,,4,
5037289,2021-09-16,2021-09-20,,,,,
5037405,2021-09-16,2021-09-20,,,,,
5025833,2021-09-16,2021-09-20,,,,,
5026857,2021-09-16,2021-09-20,,,,,
5029115,2021-09-16,2021-09-20,2021-09-21,,,5,
5025072,2021-09-16,2021-09-20,,,,,
5028790,2021-09-16,2021-09-20,,,,,
5023154,2021-09-16,2021-09-20,,,,,
5022337,2021-09-16,2021-09-20,,,,,
5023629,2021-09-16,2021-09-20,,,,,
5025712,2021-09-16,2021-09-20,,,,,
5023961,2021-09-16,2021-09-20,,,,,
5033764,2021-09-16,2021-09-20,,,,,
5026270,2021-09-16,2021-09-20,2021-09-21,,,5,
5024704,2021-09-16,2021-09-20,,,,,
5028741,2021-09-16,2021-09-20,,,,,
5037078,2021-09-16,2021-09-20,2021-09-20,2021-09-21,,4,
5025297,2021-09-16,2021-09-20,2021-09-21,,,5,
5028099,2021-09-16,2021-09-20,,,,,
5027342,2021-09-16,2021-09-20,2021-09-20,2021-09-21,,4,
5029089,2021-09-16,2021-09-20,2021-09-21,,,5,
5022107,2021-09-16,2021-09-20,,,,,
5029433,2021-09-16,2021-09-20,2021-09-21,,,5,
5037324,2021-09-16,2021-09-20,,,,,
5031335,2021-09-16,2021-09-20,2021-09-21,,,5,
5028155,2021-09-16,2021-09-20,,,,,
5035280,2021-09-16,2021-09-20,2021-09-21,,,5,
5033741,2021-09-16,2021-09-20,2021-09-21,,,5,
5034501,2021-09-16,2021-09-20,2021-09-20,,,4,
5030451,2021-09-16,2021-09-20,2021-09-20,,,4,
5026207,2021-09-16,2021-09-20,,,,,
5031654,2021-09-16,2021-09-20,2021-09-21,,,5,
5024195,2021-09-16,2021-09-20,,,,,
5025100,2021-09-16,2021-09-21,,,,,
5024963,2021-09-16,2021-09-21,,,,,
5035227,2021-09-16,2021-09-21,,,,,
5022678,2021-09-16,2021-09-21,,,,,
5025497,2021-09-16,2021-09-21,,,,,
5021431,2021-09-16,2021-09-21,,,,,
5032890,2021-09-16,2021-09-21,,,,,
5033508,2021-09-16,2021-09-21,,,,,
5033543,2021-09-16,2021-09-21,,,,,
5036188,2021-09-16,2021-09-21,,,,,
5032242,2021-09-16,2021-09-21,,,,,
5023062,2021-09-16,2021-09-21,,,,,
5036505,2021-09-16,2021-09-21,,,,,
5023380,2021-09-16,2021-09-21,,,,,
5032171,2021-09-16,2021-09-21,,,,,
5037097,2021-09-16,2021-09-21,,,,,
5022297,2021-09-16,2021-09-21,,,,,
5028908,2021-09-16,2021-09-21,,,,,
5031311,2021-09-16,2021-09-21,,,,,
5036353,2021-09-16,2021-09-21,,,,,
5031228,2021-09-16,2021-09-21,,,,,
5023919,2021-09-16,2021-09-21,,,,,
5030646,2021-09-16,2021-09-21,,,,,
5028139,2021-09-16,2021-09-21,,,,,
5028594,2021-09-16,2021-09-21,,,,,
5025996,2021-09-16,2021-09-21,,,,,
5032814,2021-09-16,2021-09-21,,,,,
5021902,2021-09-16,2021-09-21,,,,,
5023655,2021-09-16,2021-09-21,,,,,
5024531,2021-09-16,2021-09-21,,,,,
5037450,2021-09-16,2021-09-21,,,,,
5033018,2021-09-16,2021-09-21,,,,,
5035005,2021-09-16,2021-09-21,,,,,
5035792,2021-09-16,2021-09-21,,,,,
5027055,2021-09-16,2021-09-21,,,,,
5037062,2021-09-16,2021-09-21,,,,,
5028837,2021-09-16,2021-09-21,,,,,
5034915,2021-09-16,2021-09-21,,,,,
5035807,2021-09-16,2021-09-21,,,,,
5029197,2021-09-16,2021-09-21,,,,,
5023160,2021-09-16,2021-09-21,,,,,
5024960,2021-09-16,2021-09-21,,,,,
5021915,2021-09-16,2021-09-21,,,,,
5035160,2021-09-16,2021-09-21,,,,,
5022353,2021-09-16,,,,,,
5022199,2021-09-16,,,,,,
5023587,2021-09-16,,,,,,
5023644,2021-09-16,,,,,,
5026927,2021-09-16,,,,,,
5027150,2021-09-16,,,,,,
5033029,2021-09-16,,,,,,
5026274,2021-09-16,,,,,,
5036330,2021-09-16,,,,,,
5026877,2021-09-16,,,,,,
5029951,2021-09-16,,,,,,
5028733,2021-09-16,,,,,,
5024642,2021-09-16,,,,,,
5037223,2021-09-16,,,,,,
5023917,2021-09-16,,,,,,
5023442,2021-09-16,,,,,,
5035009,2021-09-16,,,,,,
5030499,2021-09-16,,,,,,
5035508,2021-09-16,,,,,,
5031645,2021-09-16,,,,,,
5037274,2021-09-16,,,,,,
5027728,2021-09-16,,,,,,
5030377,2021-09-16,,,,,,
5030480,2021-09-16,,,,,,
5021949,2021-09-16,,,,,,
5021754,2021-09-16,,,,,,
5022794,2021-09-16,,,,,,
5021592,2021-09-16,,,,,,
5021613,2021-09-16,,,,,,
5033003,2021-09-16,,,,,,
5027023,2021-09-16,,,,,,
5025180,2021-09-16,,,,,,
5036243,2021-09-16,,,,,,
5031520,2021-09-16,,,,,,
5024582,2021-09-16,,,,,,
5033970,2021-09-16,,,,,,
5024051,2021-09-16,,,,,,
5027859,2021-09-16,,,,,,
5034019,2021-09-16,,,,,,
5035391,2021-09-16,,,,,,
5023521,2021-09-16,,,,,,
5023057,2021-09-16,,,,,,
5022807,2021-09-16,,,,,,
5027888,2021-09-16,,,,,,
5024870,2021-09-16,,,,,,
5025049,2021-09-16,,,,,,
5026209,2021-09-16,,,,,,
5035543,2021-09-16,,,,,,
5028219,2021-09-16,,,,,,
5037264,2021-09-16,,,,,,
5032023,2021-09-16,,,,,,
5027504,2021-09-16,,,,,,
5029181,2021-09-16,,,,,,
5021852,2021-09-17,2021-09-20,2021-09-21,,,4,
5024022,2021-09-17,2021-09-20,2021-09-21,,,4,
5027579,2021-09-17,2021-09-20,2021-09-21,,,4,
5033119,2021-09-17,2021-09-20,2021-09-21,,,4,
5027665,2021-09-17,2021-09-20,2021-09-21,,,4,
5032913,2021-09-17,2021-09-20,2021-09-21,,,4,
5024325,2021-09-17,2021-09-20,2021-09-21,,,4,
5027441,2021-09-17,2021-09-20,2021-09-21,,,4,
5024198,2021-09-17,2021-09-20,2021-09-21,,,4,
5033217,2021-09-17,2021-09-20,2021-09-21,,,4,
5025240,2021-09-17,2021-09-20,2021-09-21,,,4,
5028364,2021-09-17,2021-09-20,2021-09-21,,,4,
5021749,2021-09-17,2021-09-20,2021-09-21,,,4,
5023935,2021-09-17,2021-09-20,2021-09-21,,,4,
5024032,2021-09-17,2021-09-20,2021-09-21,,,4,
5026179,2021-09-17,2021-09-20,2021-09-21,,,4,
5027948,2021-09-17,2021-09-20,2021-09-21,,,4,
5034506,2021-09-17,2021-09-20,2021-09-21,,,4,
5034599,2021-09-17,2021-09-20,2021-09-21,,,4,
5031598,2021-09-17,2021-09-20,2021-09-21,,,4,
5032136,2021-09-17,2021-09-20,2021-09-21,,,4,
5027454,2021-09-17,2021-09-20,2021-09-21,,,4,
5027508,2021-09-17,2021-09-20,2021-09-21,,,4,
5036858,2021-09-17,2021-09-20,2021-09-21,,,4,
5028871,2021-09-17,2021-09-20,2021-09-21,,,4,
5027190,2021-09-17,2021-09-20,2021-09-21,,,4,
5031156,2021-09-17,2021-09-20,2021-09-21,,,4,
5022961,2021-09-17,2021-09-20,2021-09-21,,,4,
5032873,2021-09-17,2021-09-20,2021-09-21,,,4,
5028972,2021-09-17,2021-09-20,2021-09-21,,,4,
5026028,2021-09-17,2021-09-20,2021-09-21,,,4,
5021612,2021-09-17,2021-09-20,,,,,
5022834,2021-09-17,2021-09-20,,,,,
5032231,2021-09-17,2021-09-20,,,,,
5026324,2021-09-17,2021-09-20,,,,,
5035099,2021-09-17,2021-09-20,,,,,
5037010,2021-09-17,2021-09-20,,,,,
5034403,2021-09-17,2021-09-20,,,,,
5021973,2021-09-17,2021-09-20,,,,,
5022935,2021-09-17,2021-09-20,,,,,
5037288,2021-09-17,2021-09-20,2021-09-21,,,4,
5026059,2021-09-17,2021-09-20,2021-09-21,,,4,
5035730,2021-09-17,2021-09-20,,,,,
5029060,2021-09-17,2021-09-20,,,,,
5028892,2021-09-17,2021-09-20,,,,,
5030666,2021-09-17,2021-09-20,2021-09-21,,,4,
5033045,2021-09-17,2021-09-20,,,,,
5027755,2021-09-17,2021-09-20,2021-09-21,,,4,
5022838,2021-09-17,2021-09-20,,,,,
5028704,2021-09-17,2021-09-20,,,,,
5022301,2021-09-17,2021-09-20,2021-09-21,,,4,
5021464,2021-09-17,2021-09-20,,,,,
5032250,2021-09-17,2021-09-20,,,,,
5035589,2021-09-17,2021-09-20,,,,,
5024770,2021-09-17,2021-09-20,,,,,
5027246,2021-09-17,2021-09-20,,,,,
5033229,2021-09-17,2021-09-20,2021-09-21,,,4,
5032068,2021-09-17,2021-09-20,,,,,
5028648,2021-09-17,2021-09-20,2021-09-21,,,4,
5023967,2021-09-17,2021-09-20,,,,,
5028641,2021-09-17,2021-09-20,2021-09-21,,,4,
5029757,2021-09-17,2021-09-20,2021-09-21,,,4,
5031573,2021-09-17,2021-09-20,,,,,
5024736,2021-09-17,2021-09-20,,,,,
5027544,2021-09-17,2021-09-20,,,,,
5028793,2021-09-17,2021-09-20,2021-09-21,,,4,
5031694,2021-09-17,2021-09-20,2021-09-21,,,4,
5029712,2021-09-17,2021-09-20,,,,,
5028847,2021-09-17,2021-09-20,2021-09-21,,,4,
5022307,2021-09-17,2021-09-20,2021-09-21,,,4,
5023385,2021-09-17,2021-09-20,,,,,
5027049,2021-09-17,2021-09-20,,,,,
5031497,2021-09-17,2021-09-20,,,,,
5037507,2021-09-17,2021-09-20,2021-09-21,,,4,
5031323,2021-09-17,2021-09-20,,,,,
5026900,2021-09-17,2021-09-20,,,,,
5029624,2021-09-17,2021-09-20,2021-09-21,,,4,
5032399,2021-09-17,2021-09-20,2021-09-21,,,4,
5033298,2021-09-17,2021-09-20,2021-09-21,,,4,
5029486,2021-09-17,2021-09-20,,,,,
5037249,2021-09-17,2021-09-20,,,,,
5022122,2021-09-17,2021-09-20,,,,,
5035595,2021-09-17,2021-09-20,,,,,
5037160,2021-09-17,2021-09-20,2021-09-21,,,4,
5034127,2021-09-17,2021-09-20,,,,,
5024802,2021-09-17,2021-09-20,,,,,
5030037,2021-09-17,2021-09-20,,,,,
5034160,2021-09-17,2021-09-20,,,,,
5026143,2021-09-17,2021-09-20,2021-09-21,,,4,
5028917,2021-09-17,2021-09-20,,,,,
5021933,2021-09-17,2021-09-20,2021-09-21,,,4,
5027990,2021-09-17,2021-09-20,,,,,
5035323,2021-09-17,2021-09-20,2021-09-21,,,4,
5021871,2021-09-17,2021-09-20,2021-09-21,,,4,
5031151,2021-09-17,2021-09-20,2021-09-21,,,4,
5036255,2021-09-17,2021-09-20,,,,,
5028766,2021-09-17,2021-09-20,2021-09-21,,,4,
5029285,2021-09-17,2021-09-20,,,,,
5033141,2021-09-17,2021-09-20,2021-09-21,,,4,
5034577,2021-09-17,2021-09-20,,,,,
5026260,2021-09-17,2021-09-20,,,,,
5028617,2021-09-17,2021-09-20,,,,,
5034033,2021-09-17,2021-09-20,,,,,
5025679,2021-09-17,2021-09-20,,,,,
5035260,2021-09-17,2021-09-20,,,,,
5025762,2021-09-17,2021-09-20,,,,,
5035672,2021-09-17,2021-09-20,2021-09-21,,,4,
5037429,2021-09-17,2021-09-20,,,,,
5023635,2021-09-17,2021-09-20,,,,,
5028656,2021-09-17,2021-09-20,,,,,
5030433,2021-09-17,2021-09-20,,,,,
5027473,2021-09-17,2021-09-20,,,,,
5033084,2021-09-17,2021-09-21,,,,,
5026229,2021-09-17,2021-09-21,,,,,
5028883,2021-09-17,2021-09-21,,,,,
5032999,2021-09-17,2021-09-21,,,,,
5030660,2021-09-17,2021-09-21,,,,,
5031679,2021-09-17,2021-09-21,,,,,
5023234,2021-09-17,2021-09-21,,,,,
5023374,2021-09-17,2021-09-21,,,,,
5036921,2021-09-17,2021-09-21,,,,,
5022943,2021-09-17,2021-09-21,,,,,
5026384,2021-09-17,2021-09-21,,,,,
5035074,2021-09-17,2021-09-21,,,,,
5036360,2021-09-17,2021-09-21,,,,,
5028752,2021-09-17,2021-09-21,,,,,
5035661,2021-09-17,2021-09-21,,,,,
5032402,2021-09-17,2021-09-21,,,,,
5024054,2021-09-17,2021-09-21,,,,,
5028586,2021-09-17,2021-09-21,,,,,
5032170,2021-09-17,2021-09-21,,,,,
5032045,2021-09-17,2021-09-21,,,,,
5030634,2021-09-17,2021-09-21,,,,,
5037265,2021-09-17,2021-09-21,,,,,
5030692,2021-09-17,2021-09-21,,,,,
5026924,2021-09-17,2021-09-21,,,,,
5028948,2021-09-17,2021-09-21,,,,,
5025106,2021-09-17,2021-09-21,,,,,
5026954,2021-09-17,2021-09-21,,,,,
5024243,2021-09-17,2021-09-21,,,,,
5036443,2021-09-17,2021-09-21,,,,,
5036610,2021-09-17,2021-09-21,,,,,
5031395,2021-09-17,2021-09-21,,,,,
5029598,2021-09-17,2021-09-21,,,,,
5033058,2021-09-17,2021-09-21,,,,,
5031278,2021-09-17,2021-09-21,,,,,
5027578,2021-09-17,2021-09-21,,,,,
5023084,2021-09-17,,,,,,
5024012,2021-09-17,,,,,,
5037486,2021-09-17,,,,,,
5035757,2021-09-17,,,,,,
5031457,2021-09-17,,,,,,
5027125,2021-09-17,,,,,,
5027205,2021-09-17,,,,,,
5031979,2021-09-17,,,,,,
5028302,2021-09-17,,,,,,
5025523,2021-09-17,,,,,,
5026409,2021-09-17,,,,,,
5035126,2021-09-17,,,,,,
5032519,2021-09-17,,,,,,
5035849,2021-09-17,,,,,,
5030384,2021-09-17,,,,,,
5033868,2021-09-17,,,,,,
5033909,2021-09-17,,,,,,
5029252,2021-09-17,,,,,,
5035410,2021-09-17,,,,,,
5031128,2021-09-17,,,,,,
5035270,2021-09-17,,,,,,
5023101,2021-09-17,,,,,,
5023121,2021-09-17,,,,,,
5021874,2021-09-17,,,,,,
5021879,2021-09-17,,,,,,
5021647,2021-09-17,,,,,,
5026190,2021-09-17,,,,,,
5026370,2021-09-17,,,,,,
5031525,2021-09-17,,,,,,
5032997,2021-09-17,,,,,,
5036516,2021-09-17,,,,,,
5025248,2021-09-17,,,,,,
5029503,2021-09-17,,,,,,
5032475,2021-09-17,,,,,,
5026343,2021-09-17,,,,,,
5037367,2021-09-17,,,,,,
5027745,2021-09-17,,,,,,
5037203,2021-09-17,,,,,,
5024629,2021-09-17,,,,,,
5023752,2021-09-17,,,,,,
5023449,2021-09-17,,,,,,
5030759,2021-09-17,,,,,,
5035169,2021-09-17,,,,,,
5033072,2021-09-17,,,,,,
5027931,2021-09-17,,,,,,
5035908,2021-09-17,,,,,,
5026252,2021-09-17,,,,,,
5025310,2021-09-17,,,,,,
5025382,2021-09-17,,,,,,
5026018,2021-09-17,,,,,,
5031736,2021-09-17,,,,,,
5034203,2021-09-17,,,,,,
5032992,2021-09-17,,,,,,
5037382,2021-09-17,,,,,,
5029029,2021-09-17,,,,,,
5035264,2021-09-17,,,,,,
5034985,2021-09-17,,,,,,
5026125,2021-09-17,,,,,,
5034458,2021-09-17,,,,,,
5035885,2021-09-17,,,,,,
5032077,2021-09-17,,,,,,
5036600,2021-09-17,,,,,,
5029247,2021-09-17,,,,,,
5025245,2021-09-17,,,,,,
5026822,2021-09-17,,,,,,
5033357,2021-09-17,,,,,,
5021598,2021-09-17,,,,,,
5022330,2021-09-17,,,,,,
5022811,2021-09-17,,,,,,
5022141,2021-09-17,,,,,,
5022423,2021-09-17,,,,,,
5022462,2021-09-17,,,,,,
5023705,2021-09-17,,,,,,
5023484,2021-09-17,,,,,,
5023486,2021-09-17,,,,,,
5021651,2021-09-17,,,,,,
5024026,2021-09-17,,,,,,
5026199,2021-09-17,,,,,,
5028815,2021-09-17,,,,,,
5028903,2021-09-17,,,,,,
5030689,2021-09-17,,,,,,
5027402,2021-09-17,,,,,,
5025897,2021-09-17,,,,,,
5030701,2021-09-17,,,,,,
5035902,2021-09-17,,,,,,
5024758,2021-09-17,,,,,,
5035682,2021-09-17,,,,,,
5035708,2021-09-17,,,,,,
5025510,2021-09-17,,,,,,
5031407,2021-09-17,,,,,,
5025109,2021-09-17,,,,,,
5027103,2021-09-17,,,,,,
5027200,2021-09-17,,,,,,
5029581,2021-09-17,,,,,,
5031594,2021-09-17,,,,,,
5036432,2021-09-17,,,,,,
5025229,2021-09-17,,,,,,
5032080,2021-09-17,,,,,,
5032433,2021-09-17,,,,,,
5037227,2021-09-17,,,,,,
5028469,2021-09-17,,,,,,
5031746,2021-09-17,,,,,,
5034131,2021-09-17,,,,,,
5034196,2021-09-17,,,,,,
5036343,2021-09-17,,,,,,
5025531,2021-09-17,,,,,,
5027444,2021-09-17,,,,,,
5027503,2021-09-17,,,,,,
5027748,2021-09-17,,,,,,
5037340,2021-09-17,,,,,,
5026310,2021-09-17,,,,,,
5029073,2021-09-17,,,,,,
5032174,2021-09-17,,,,,,
5026299,2021-09-17,,,,,,
5031545,2021-09-17,,,,,,
5031663,2021-09-17,,,,,,
5031699,2021-09-17,,,,,,
5027109,2021-09-17,,,,,,
5027143,2021-09-17,,,,,,
5027155,2021-09-17,,,,,,
5033155,2021-09-17,,,,,,
5033239,2021-09-17,,,,,,
5037478,2021-09-17,,,,,,
5037575,2021-09-17,,,,,,
5034646,2021-09-17,,,,,,
5028657,2021-09-17,,,,,,
5028745,2021-09-17,,,,,,
5030662,2021-09-17,,,,,,
5032287,2021-09-17,,,,,,
5034567,2021-09-17,,,,,,
5027832,2021-09-17,,,,,,
5026023,2021-09-17,,,,,,
5027778,2021-09-17,,,,,,
5030445,2021-09-17,,,,,,
5033926,2021-09-17,,,,,,
5035033,2021-09-17,,,,,,
5035112,2021-09-17,,,,,,
5037294,2021-09-17,,,,,,
5026149,2021-09-17,,,,,,
5029906,2021-09-17,,,,,,
5034239,2021-09-17,,,,,,
5037266,2021-09-17,,,,,,
5026042,2021-09-17,,,,,,
5026803,2021-09-17,,,,,,
5027511,2021-09-17,,,,,,
5033340,2021-09-17,,,,,,
5027528,2021-09-17,,,,,,
5032935,2021-09-17,,,,,,
5034988,2021-09-17,,,,,,
