loan_id,loan_amount,interest_rate,loan_term,loan_purpose,closing_date,securitization_price,max_whole_loan_bid,best_whole_loan_buyer,target_profit_usd,best_execution_method,best_execution_price,origination_charges,lender_credits,realized_gross_profit,profit_variance
5021367,545000.0,2.25,240,Refinancing,2021-08-27,103.03,0.0,Golden Sachs,27250.000000000025,Securitization (UMBS),103.03,10736.50000000003,0.0,16513.5,-10736.5
5021373,135000.0,3.25,360,Refinancing,2021-08-31,104.61,0.0,Golden Sachs,6750.000000000006,Securitization (UMBS),104.61,526.5000000000027,0.0,6223.5,-526.5
5021380,125000.0,2.875,180,Refinancing,2021-09-01,103.19,0.0,Golden Sachs,6250.0000000000055,Securitization (UMBS),103.19,2262.5000000000005,0.0,3987.5,-2262.5
5021427,125000.0,3.5,360,Refinancing,2021-09-09,104.61,0.0,Golden Sachs,6250.0000000000055,Securitization (UMBS),104.61,487.5000000000018,0.0,5762.5,-487.5
5021446,535000.0,2.375,360,Refinancing,2021-09-11,99.88,0.0,Golden Sachs,26750.000000000025,Securitization (UMBS),99.88,27392.000000000073,0.0,-642.0,-27392.0
5021441,195000.0,3.25,360,Cash-out refinance,2021-09-13,104.61,0.0,Golden Sachs,9750.00000000001,Securitization (UMBS),104.61,760.5000000000036,0.0,8989.5,-760.5
5021451,205000.0,2.99,360,Refinancing,2021-09-13,103.19,0.0,Golden Sachs,10250.00000000001,Securitization (UMBS),103.19,3710.500000000001,0.0,6539.5,-3710.5
5021464,245000.0,2.75,360,Refinancing,2021-09-17,103.19,0.0,Golden Sachs,12250.000000000011,Securitization (UMBS),103.19,4434.500000000001,0.0,7815.5,-4434.5
5021480,355000.0,2.875,360,Home purchase,2021-08-25,103.19,0.0,Golden Sachs,17750.000000000015,Securitization (UMBS),103.19,6425.5,0.0,11324.5,-6425.5
5021496,455000.0,2.75,360,Refinancing,2021-08-25,103.19,0.0,Golden Sachs,22750.000000000022,Securitization (UMBS),103.19,8235.500000000004,0.0,14514.5,-8235.5
5021503,315000.0,2.99,360,Cash-out refinance,2021-09-02,103.19,0.0,Golden Sachs,15750.000000000015,Securitization (UMBS),103.19,5701.500000000002,0.0,10048.5,-5701.5
5021509,215000.0,2.99,360,Cash-out refinance,2021-09-07,103.19,0.0,Golden Sachs,10750.00000000001,Securitization (UMBS),103.19,3891.500000000001,0.0,6858.5,-3891.5
5021523,205000.0,3.375,360,Cash-out refinance,2021-09-08,104.61,0.0,Golden Sachs,10250.00000000001,Securitization (UMBS),104.61,799.5000000000036,0.0,9450.5,-799.5
5021532,465000.0,2.75,360,Cash-out refinance,2021-09-14,103.19,0.0,Golden Sachs,23250.000000000022,Securitization (UMBS),103.19,8416.500000000004,0.0,14833.5,-8416.5
5021581,105000.0,2.99,360,Cash-out refinance,2021-09-14,103.19,0.0,Golden Sachs,5250.000000000005,Securitization (UMBS),103.19,1900.5000000000005,0.0,3349.5,-1900.5
5021598,135000.0,3.375,360,Cash-out refinance,2021-09-17,104.61,0.0,Golden Sachs,6750.000000000006,Securitization (UMBS),104.61,526.5000000000027,0.0,6223.5,-526.5
5021612,205000.0,2.875,300,Refinancing,2021-09-17,103.19,0.0,Golden Sachs,10250.00000000001,Securitization (UMBS),103.19,3710.500000000001,0.0,6539.5,-3710.5
5022641,165000.0,2.625,180,Cash-out refinance,2021-08-27,99.88,0.0,Golden Sachs,8250.000000000007,Securitization (UMBS),99.88,8448.000000000022,0.0,-198.0,-8448.0
5022654,245000.0,2.75,360,Refinancing,2021-09-01,103.19,0.0,Golden Sachs,12250.000000000011,Securitization (UMBS),103.19,4434.500000000001,0.0,7815.5,-4434.5
5021853,125000.0,3.25,180,Cash-out refinance,2021-09-03,104.61,0.0,Golden Sachs,6250.0000000000055,Securitization (UMBS),104.61,487.5000000000018,0.0,5762.5,-487.5
5022235,105000.0,2.125,120,Cash-out refinance,2021-09-14,97.45,0.0,Golden Sachs,5250.000000000005,Securitization (UMBS),97.45,7927.500000000001,0.0,-2677.5,-7927.5
5023160,255000.0,3.375,360,Refinancing,2021-09-16,104.61,0.0,Golden Sachs,12750.000000000011,Securitization (UMBS),104.61,994.5000000000036,0.0,11755.5,-994.5
5021973,155000.0,2.625,180,Refinancing,2021-09-17,99.88,0.0,Golden Sachs,7750.000000000007,Securitization (UMBS),99.88,7936.000000000021,0.0,-186.0,-7936.0
5023211,775000.0,2.75,360,Refinancing,2021-08-25,103.19,0.0,Golden Sachs,38750.00000000004,Securitization (UMBS),103.19,14027.500000000007,0.0,24722.5,-14027.5
5023240,165000.0,3.375,324,Refinancing,2021-09-01,104.61,0.0,Golden Sachs,8250.000000000007,Securitization (UMBS),104.61,643.5000000000027,0.0,7606.5,-643.5
5023303,205000.0,2.75,360,Refinancing,2021-09-03,103.19,0.0,Golden Sachs,10250.00000000001,Securitization (UMBS),103.19,3710.500000000001,0.0,6539.5,-3710.5
5022088,755000.0,2.875,360,Home purchase,2021-09-07,103.19,0.0,Golden Sachs,37750.00000000004,Securitization (UMBS),103.19,13665.500000000007,0.0,24084.5,-13665.5
5022201,165000.0,3.375,360,Refinancing,2021-09-11,104.61,0.0,Golden Sachs,8250.000000000007,Securitization (UMBS),104.61,643.5000000000027,0.0,7606.5,-643.5
5022474,105000.0,3.625,360,Refinancing,2021-09-14,104.61,0.0,Golden Sachs,5250.000000000005,Securitization (UMBS),104.61,409.5000000000018,0.0,4840.5,-409.5
5022121,155000.0,3.25,300,Cash-out refinance,2021-09-14,104.61,0.0,Golden Sachs,7750.000000000007,Securitization (UMBS),104.61,604.5000000000027,0.0,7145.5,-604.5
5022501,165000.0,2.99,360,Cash-out refinance,2021-09-01,103.19,0.0,Golden Sachs,8250.000000000007,Securitization (UMBS),103.19,2986.500000000001,0.0,5263.5,-2986.5
5023361,445000.0,3.25,360,Cash-out refinance,2021-09-02,105.0,0.0,Golden Sachs,22250.00000000002,Securitization (UMBS),105.0,0.0,0.0,22250.0,-0.0
5021792,75000.0,2.875,360,Refinancing,2021-09-02,103.19,0.0,Golden Sachs,3750.000000000003,Securitization (UMBS),103.19,1357.5,0.0,2392.5,-1357.5
5022738,355000.0,2.75,360,Home purchase,2021-09-04,103.19,0.0,Golden Sachs,17750.000000000015,Securitization (UMBS),103.19,6425.5,0.0,11324.5,-6425.5
5021705,545000.0,2.125,180,Refinancing,2021-09-07,97.45,0.0,Golden Sachs,27250.000000000025,Securitization (UMBS),97.45,41147.50000000001,0.0,-13897.5,-41147.5
5021745,295000.0,2.875,360,Refinancing,2021-09-11,103.19,0.0,Golden Sachs,14750.000000000013,Securitization (UMBS),103.19,5339.500000000002,0.0,9410.5,-5339.5
5022330,505000.0,2.75,180,Home improvement,2021-09-17,103.19,0.0,Golden Sachs,25250.000000000022,Securitization (UMBS),103.19,9140.500000000002,0.0,16109.5,-9140.5
5022811,265000.0,2.99,360,Cash-out refinance,2021-09-17,103.19,0.0,Golden Sachs,13250.000000000011,Securitization (UMBS),103.19,4796.5,0.0,8453.5,-4796.5
5021733,205000.0,2.75,324,Refinancing,2021-08-30,103.19,0.0,Golden Sachs,10250.00000000001,Securitization (UMBS),103.19,3710.500000000001,0.0,6539.5,-3710.5
5021841,85000.0,2.75,180,Cash-out refinance,2021-09-03,103.19,0.0,Golden Sachs,4250.000000000004,Securitization (UMBS),103.19,1538.5000000000005,0.0,2711.5,-1538.5
5022021,335000.0,2.25,180,Refinancing,2021-09-04,99.88,0.0,Golden Sachs,16750.000000000015,Securitization (UMBS),99.88,17152.000000000044,0.0,-402.0,-17152.0
5022231,375000.0,1.99,144,Refinancing,2021-09-06,97.45,0.0,Golden Sachs,18750.00000000002,Securitization (UMBS),97.45,28312.500000000007,0.0,-9562.5,-28312.5
5022353,265000.0,3.5,360,Refinancing,2021-09-16,104.61,0.0,Golden Sachs,13250.000000000011,Securitization (UMBS),104.61,1033.5000000000036,0.0,12216.5,-1033.5
5022892,275000.0,3.125,360,Cash-out refinance,2021-08-14,103.19,0.0,Golden Sachs,13750.000000000013,Securitization (UMBS),103.19,4977.500000000002,0.0,8772.5,-4977.5
5023167,195000.0,3.625,360,Cash-out refinance,2021-09-02,104.61,0.0,Golden Sachs,9750.00000000001,Securitization (UMBS),104.61,760.5000000000036,0.0,8989.5,-760.5
5023479,185000.0,2.625,180,Cash-out refinance,2021-09-04,99.88,0.0,Golden Sachs,9250.00000000001,Securitization (UMBS),99.88,9472.000000000025,0.0,-222.0,-9472.0
5022398,215000.0,1.875,120,Refinancing,2021-09-04,97.45,0.0,Golden Sachs,10750.00000000001,Securitization (UMBS),97.45,16232.500000000002,0.0,-5482.5,-16232.5
5023149,645000.0,2.75,180,Refinancing,2021-09-10,103.19,0.0,Golden Sachs,32250.00000000003,Securitization (UMBS),103.19,11674.500000000004,0.0,20575.5,-11674.5
5023154,595000.0,3.19,360,Refinancing,2021-09-16,103.19,0.0,Golden Sachs,29750.000000000025,Securitization (UMBS),103.19,10769.500000000004,0.0,18980.5,-10769.5
5023489,255000.0,2.875,360,Cash-out refinance,2021-08-24,103.19,0.0,Golden Sachs,12750.000000000011,Securitization (UMBS),103.19,4615.500000000001,0.0,8134.5,-4615.5
5021772,355000.0,2.875,360,Home purchase,2021-08-26,103.19,0.0,Golden Sachs,17750.000000000015,Securitization (UMBS),103.19,6425.5,1729.81,11324.5,-6425.5
5021882,225000.0,3.5,360,Refinancing,2021-09-01,104.61,0.0,Golden Sachs,11250.00000000001,Securitization (UMBS),104.61,877.5000000000018,0.0,10372.5,-877.5
5022863,725000.0,2.875,360,Refinancing,2021-09-02,103.19,0.0,Golden Sachs,36250.00000000003,Securitization (UMBS),103.19,13122.5,0.0,23127.5,-13122.5
5023519,265000.0,2.875,360,Refinancing,2021-09-03,103.19,0.0,Golden Sachs,13250.000000000011,Securitization (UMBS),103.19,4796.5,0.0,8453.5,-4796.5
5023290,245000.0,2.625,240,Refinancing,2021-09-08,99.88,0.0,Golden Sachs,12250.000000000011,Securitization (UMBS),99.88,12544.000000000033,0.0,-294.0,-12544.0
5021823,155000.0,3.375,360,Refinancing,2021-09-10,104.61,0.0,Golden Sachs,7750.000000000007,Securitization (UMBS),104.61,604.5000000000027,0.0,7145.5,-604.5
5022658,335000.0,2.875,360,Cash-out refinance,2021-09-11,103.19,0.0,Golden Sachs,16750.000000000015,Securitization (UMBS),103.19,6063.500000000002,0.0,10686.5,-6063.5
5022663,215000.0,3.25,360,Cash-out refinance,2021-09-14,104.61,0.0,Golden Sachs,10750.00000000001,Securitization (UMBS),104.61,838.5000000000018,0.0,9911.5,-838.5
5023419,175000.0,2.25,180,Cash-out refinance,2021-08-24,99.88,0.0,Golden Sachs,8750.000000000007,Securitization (UMBS),99.88,8960.000000000024,0.0,-210.0,-8960.0
5022912,265000.0,2.99,360,Home purchase,2021-09-01,103.19,0.0,Golden Sachs,13250.000000000011,Securitization (UMBS),103.19,4796.5,0.0,8453.5,-4796.5
5023076,555000.0,2.875,360,Cash-out refinance,2021-09-01,103.19,0.0,Golden Sachs,27750.000000000025,Securitization (UMBS),103.19,10045.500000000004,0.0,17704.5,-10045.5
5023276,475000.0,2.75,360,Home purchase,2021-09-01,103.19,0.0,Golden Sachs,23750.000000000022,Securitization (UMBS),103.19,8597.500000000004,0.0,15152.5,-8597.5
5023401,375000.0,2.875,360,Refinancing,2021-09-03,103.19,0.0,Golden Sachs,18750.00000000002,Securitization (UMBS),103.19,6787.500000000004,0.0,11962.5,-6787.5
5022024,65000.0,3.375,360,Home purchase,2021-09-04,104.61,0.0,Golden Sachs,3250.0000000000027,Securitization (UMBS),104.61,253.5000000000009,0.0,2996.5,-253.5
5022445,325000.0,2.75,360,Refinancing,2021-09-07,103.19,0.0,Golden Sachs,16250.000000000015,Securitization (UMBS),103.19,5882.500000000002,0.0,10367.5,-5882.5
5022764,235000.0,2.5,144,Cash-out refinance,2021-09-07,99.88,0.0,Golden Sachs,11750.000000000011,Securitization (UMBS),99.88,12032.000000000033,0.0,-282.0,-12032.0
5022827,255000.0,1.99,240,Refinancing,2021-09-09,97.45,0.0,Golden Sachs,12750.000000000011,Securitization (UMBS),97.45,19252.500000000004,0.0,-6502.5,-19252.5
5022722,325000.0,2.375,180,Refinancing,2021-09-11,99.88,0.0,Golden Sachs,16250.000000000015,Securitization (UMBS),99.88,16640.000000000044,0.0,-390.0,-16640.0
5022824,175000.0,2.99,360,Refinancing,2021-08-28,103.19,0.0,Golden Sachs,8750.000000000007,Securitization (UMBS),103.19,3167.5,0.0,5582.5,-3167.5
5023253,175000.0,2.25,180,Refinancing,2021-09-16,99.88,0.0,Golden Sachs,8750.000000000007,Securitization (UMBS),99.88,8960.000000000024,0.0,-210.0,-8960.0
5023370,365000.0,3.25,360,Home improvement,2021-08-24,104.61,0.0,Golden Sachs,18250.000000000015,Securitization (UMBS),104.61,1423.5000000000036,0.0,16826.5,-1423.5
5021673,1005000.0,2.99,360,Home purchase,2021-08-24,103.19,0.0,Golden Sachs,50250.000000000044,Securitization (UMBS),103.19,18190.500000000004,0.0,32059.5,-18190.5
5021939,395000.0,2.125,180,Cash-out refinance,2021-08-26,97.45,0.0,Golden Sachs,19750.00000000002,Securitization (UMBS),97.45,29822.500000000007,0.0,-10072.5,-29822.5
5022459,355000.0,2.99,360,Refinancing,2021-09-04,103.19,102.40875,PJ Logan,17750.000000000015,Securitization (UMBS),103.19,6425.5,0.0,11324.5,-6425.5
5022535,235000.0,2.875,360,Home purchase,2021-09-04,103.19,102.47125,Storgan Manley,11750.000000000011,Securitization (UMBS),103.19,4253.500000000002,0.0,7496.5,-4253.5
5022556,265000.0,2.75,360,Cash-out refinance,2021-09-08,103.19,102.47125,Storgan Manley,13250.000000000011,Securitization (UMBS),103.19,4796.5,0.0,8453.5,-4796.5
5021713,215000.0,2.99,360,Cash-out refinance,2021-08-25,103.19,102.47125,Storgan Manley,10750.00000000001,Securitization (UMBS),103.19,3891.500000000001,0.0,6858.5,-3891.5
5021815,215000.0,1.99,120,Refinancing,2021-08-27,97.45,96.66875,PJ Logan,10750.00000000001,Securitization (UMBS),97.45,16232.500000000002,0.0,-5482.5,-16232.5
5021951,145000.0,2.75,180,Refinancing,2021-09-04,103.19,102.40875,PJ Logan,7250.000000000006,Securitization (UMBS),103.19,2624.500000000001,0.0,4625.5,-2624.5
5022001,205000.0,2.75,180,Refinancing,2021-09-04,103.19,102.34625,PJ Logan,10250.00000000001,Securitization (UMBS),103.19,3710.500000000001,0.0,6539.5,-3710.5
5022165,235000.0,1.99,180,Refinancing,2021-09-07,97.45,96.66875,PJ Logan,11750.000000000011,Securitization (UMBS),97.45,17742.500000000004,0.0,-5992.5,-17742.5
5022190,235000.0,2.75,360,Refinancing,2021-09-08,103.19,102.47125,Storgan Manley,11750.000000000011,Securitization (UMBS),103.19,4253.500000000002,0.0,7496.5,-4253.5
5022591,415000.0,2.75,180,Cash-out refinance,2021-09-08,103.19,102.47125,Storgan Manley,20750.00000000002,Securitization (UMBS),103.19,7511.500000000002,0.0,13238.5,-7511.5
5023171,315000.0,2.125,180,Home purchase,2021-09-10,97.45,98.04375,Smells Largo,15750.000000000015,Whole Loan Sale,98.04375,23782.500000000004,0.0,-6162.19,-21912.19
5022113,65000.0,3.14,360,Refinancing,2021-09-11,103.19,102.40875,PJ Logan,3250.0000000000027,Securitization (UMBS),103.19,1176.5,0.0,2073.5,-1176.5
5022318,295000.0,2.99,360,Home purchase,2021-09-11,103.19,102.47125,Storgan Manley,14750.000000000013,Securitization (UMBS),103.19,5339.500000000002,0.0,9410.5,-5339.5
5022596,315000.0,2.875,180,Cash-out refinance,2021-08-24,103.19,102.47125,Storgan Manley,15750.000000000015,Securitization (UMBS),103.19,5701.500000000002,0.0,10048.5,-5701.5
5022597,285000.0,2.99,360,Refinancing,2021-08-31,103.19,102.47125,Storgan Manley,14250.000000000013,Securitization (UMBS),103.19,5158.500000000002,0.0,9091.5,-5158.5
5022608,185000.0,2.75,360,Refinancing,2021-08-31,103.19,102.47125,Storgan Manley,9250.00000000001,Securitization (UMBS),103.19,3348.500000000002,0.0,5901.5,-3348.5
5022775,365000.0,2.75,240,Cash-out refinance,2021-09-03,103.19,102.40875,PJ Logan,18250.000000000015,Securitization (UMBS),103.19,6606.5,0.0,11643.5,-6606.5
5022898,425000.0,2.75,240,Cash-out refinance,2021-09-03,103.19,102.40875,PJ Logan,21250.00000000002,Securitization (UMBS),103.19,7692.500000000002,0.0,13557.5,-7692.5
5023046,145000.0,2.75,360,Refinancing,2021-09-06,103.19,102.47125,Storgan Manley,7250.000000000006,Securitization (UMBS),103.19,2624.500000000001,0.0,4625.5,-2624.5
5023114,605000.0,2.99,360,Home purchase,2021-09-08,103.19,103.065,PJ Logan,30250.000000000025,Securitization (UMBS),103.19,10950.5,0.0,19299.5,-10950.5
5023315,405000.0,2.375,156,Cash-out refinance,2021-09-09,99.88,99.09875,PJ Logan,20250.00000000002,Securitization (UMBS),99.88,20736.000000000055,0.0,-486.0,-20736.0
5023324,245000.0,2.375,180,Refinancing,2021-09-14,99.88,99.84875,Golden Sachs,12250.000000000011,Securitization (UMBS),99.88,12544.000000000033,0.0,-294.0,-12544.0
5022408,165000.0,1.99,180,Cash-out refinance,2021-09-14,97.45,96.66875,PJ Logan,8250.000000000007,Securitization (UMBS),97.45,12457.500000000002,0.0,-4207.5,-12457.5
5022615,405000.0,1.99,180,Cash-out refinance,2021-09-15,97.45,96.66875,PJ Logan,20250.00000000002,Securitization (UMBS),97.45,30577.500000000007,0.0,-10327.5,-30577.5
5023521,255000.0,2.5,180,Cash-out refinance,2021-09-16,99.88,99.16125,Storgan Manley,12750.000000000011,Securitization (UMBS),99.88,13056.000000000035,0.0,-306.0,-13056.0
5023530,225000.0,2.99,360,Home purchase,2021-09-02,103.19,103.065,PJ Logan,11250.00000000001,Securitization (UMBS),103.19,4072.5,0.0,7177.5,-4072.5
5023543,175000.0,2.375,180,Refinancing,2021-09-04,99.88,99.16125,Storgan Manley,8750.000000000007,Securitization (UMBS),99.88,8960.000000000024,0.0,-210.0,-8960.0
5023559,275000.0,2.875,360,Home purchase,2021-09-07,103.19,102.34625,PJ Logan,13750.000000000013,Securitization (UMBS),103.19,4977.500000000002,0.0,8772.5,-4977.5
5023562,225000.0,3.375,360,Refinancing,2021-09-09,104.61,103.82875,PJ Logan,11250.00000000001,Securitization (UMBS),104.61,877.5000000000018,0.0,10372.5,-877.5
5023582,215000.0,2.5,240,Refinancing,2021-09-09,99.88,99.09875,PJ Logan,10750.00000000001,Securitization (UMBS),99.88,11008.00000000003,0.0,-258.0,-11008.0
5023606,175000.0,2.5,240,Refinancing,2021-09-13,99.88,99.16125,Storgan Manley,8750.000000000007,Securitization (UMBS),99.88,8960.000000000024,0.0,-210.0,-8960.0
5023623,265000.0,3.5,360,Refinancing,2021-09-14,104.61,105.07875,Smells Largo,13250.000000000011,Whole Loan Sale,105.07875,1033.5000000000036,0.0,13458.69,208.69
5023629,315000.0,3.25,360,Refinancing,2021-09-16,104.61,103.82875,PJ Logan,15750.000000000015,Securitization (UMBS),104.61,1228.5000000000055,0.0,14521.5,-1228.5
5023649,355000.0,2.5,180,Cash-out refinance,2021-09-16,99.88,99.09875,PJ Logan,17750.000000000015,Securitization (UMBS),99.88,18176.000000000047,0.0,-426.0,-18176.0
5023752,375000.0,2.5,240,Cash-out refinance,2021-09-17,99.88,99.16125,Storgan Manley,18750.00000000002,Securitization (UMBS),99.88,19200.00000000005,0.0,-450.0,-19200.0
5023771,85000.0,2.99,180,Refinancing,2021-08-14,103.19,102.47125,Storgan Manley,4250.000000000004,Securitization (UMBS),103.19,1538.5000000000005,0.0,2711.5,-1538.5
5023797,215000.0,3.375,360,Cash-out refinance,2021-09-01,104.61,103.89125,Storgan Manley,10750.00000000001,Securitization (UMBS),104.61,838.5000000000018,0.0,9911.5,-838.5
5023800,345000.0,2.99,360,Cash-out refinance,2021-09-02,103.19,102.47125,Storgan Manley,17250.000000000015,Securitization (UMBS),103.19,6244.500000000002,0.0,11005.5,-6244.5
5023812,135000.0,2.99,180,Home purchase,2021-09-06,103.19,103.065,PJ Logan,6750.000000000006,Securitization (UMBS),103.19,2443.500000000001,0.0,4306.5,-2443.5
5023840,275000.0,2.875,360,Refinancing,2021-09-07,103.19,103.065,PJ Logan,13750.000000000013,Securitization (UMBS),103.19,4977.500000000002,0.0,8772.5,-4977.5
5023844,405000.0,2.625,240,Cash-out refinance,2021-09-07,99.88,99.755,PJ Logan,20250.00000000002,Securitization (UMBS),99.88,20736.000000000055,0.0,-486.0,-20736.0
5023848,185000.0,2.99,360,Refinancing,2021-09-08,103.19,101.69,Golden Sachs,9250.00000000001,Securitization (UMBS),103.19,3348.500000000002,0.0,5901.5,-3348.5
5023865,145000.0,1.99,180,Refinancing,2021-09-09,97.45,95.95,Golden Sachs,7250.000000000006,Securitization (UMBS),97.45,10947.500000000002,0.0,-3697.5,-10947.5
5023940,215000.0,3.375,360,Home purchase,2021-09-15,104.61,103.11,Golden Sachs,10750.00000000001,Securitization (UMBS),104.61,838.5000000000018,0.0,9911.5,-838.5
5023961,145000.0,2.5,144,Refinancing,2021-09-16,99.88,98.47375,Storgan Manley,7250.000000000006,Securitization (UMBS),99.88,7424.000000000019,0.0,-174.0,-7424.0
5023998,195000.0,2.75,360,Refinancing,2021-08-26,103.19,101.03375,Storgan Manley,9750.00000000001,Securitization (UMBS),103.19,3529.500000000002,0.0,6220.5,-3529.5
5024009,125000.0,3.75,360,Cash-out refinance,2021-08-27,105.77,104.92625,Golden Sachs,6250.0000000000055,Securitization (UMBS),105.77,-962.4999999999773,0.0,7212.5,962.5
5021398,735000.0,3.19,360,Cash-out refinance,2021-08-28,103.19,102.34625,Golden Sachs,36750.00000000003,Securitization (UMBS),103.19,13303.5,0.0,23446.5,-13303.5
5021433,315000.0,2.75,360,Refinancing,2021-09-01,103.19,100.8775,Golden Sachs,15750.000000000015,Securitization (UMBS),103.19,5701.500000000002,0.0,10048.5,-5701.5
5021450,605000.0,3.375,360,Home purchase,2021-09-01,104.61,102.36,Golden Sachs,30250.000000000025,Securitization (UMBS),104.61,2359.5000000000073,0.0,27890.5,-2359.5
5021461,205000.0,2.99,360,Refinancing,2021-09-01,104.17,102.76375,Storgan Manley,10250.00000000001,Securitization (UMBS),104.17,1701.4999999999945,0.0,8548.5,-1701.5
5021472,255000.0,3.5,360,Home purchase,2021-09-01,104.61,103.20375,Storgan Manley,12750.000000000011,Securitization (UMBS),104.61,994.5000000000036,0.0,11755.5,-994.5
5021475,85000.0,2.5,144,Refinancing,2021-09-03,99.88,98.59875,Storgan Manley,4250.000000000004,Securitization (UMBS),99.88,4352.000000000011,0.0,-102.0,-4352.0
5021476,385000.0,2.69,360,Cash-out refinance,2021-09-04,99.88,98.47375,Storgan Manley,19250.00000000002,Securitization (UMBS),99.88,19712.000000000055,0.0,-462.0,-19712.0
5021494,295000.0,2.75,360,Home purchase,2021-09-04,103.19,101.78375,Storgan Manley,14750.000000000013,Securitization (UMBS),103.19,5339.500000000002,0.0,9410.5,-5339.5
5021506,435000.0,2.99,360,Home purchase,2021-09-04,103.19,101.69,Golden Sachs,21750.00000000002,Securitization (UMBS),103.19,7873.500000000002,0.0,13876.5,-7873.5
5021518,165000.0,2.75,216,Refinancing,2021-09-10,103.19,101.78375,Storgan Manley,8250.000000000007,Securitization (UMBS),103.19,2986.500000000001,0.0,5263.5,-2986.5
5021534,255000.0,2.75,360,Home purchase,2021-09-13,103.19,101.78375,Storgan Manley,12750.000000000011,Securitization (UMBS),103.19,4615.500000000001,0.0,8134.5,-4615.5
5021537,415000.0,2.99,240,Cash-out refinance,2021-09-15,103.19,101.78375,Storgan Manley,20750.00000000002,Securitization (UMBS),103.19,7511.500000000002,0.0,13238.5,-7511.5
5021539,205000.0,1.99,180,Refinancing,2021-09-15,97.45,96.60625,Golden Sachs,10250.00000000001,Securitization (UMBS),97.45,15477.500000000004,0.0,-5227.5,-15477.5
5021576,115000.0,2.375,144,Refinancing,2021-08-23,99.88,99.03625,Golden Sachs,5750.0000000000055,Securitization (UMBS),99.88,5888.0000000000155,0.0,-138.0,-5888.0
5021597,255000.0,3.25,360,Cash-out refinance,2021-08-24,104.61,104.39125,Smells Largo,12750.000000000011,Securitization (UMBS),104.61,994.5000000000036,0.0,11755.5,-994.5
5021657,315000.0,2.75,360,Refinancing,2021-09-01,103.19,100.94,Golden Sachs,15750.000000000015,Securitization (UMBS),103.19,5701.500000000002,0.0,10048.5,-5701.5
5021670,495000.0,1.99,180,Refinancing,2021-09-04,97.45,95.2625,Golden Sachs,24750.000000000022,Securitization (UMBS),97.45,37372.50000000001,0.0,-12622.5,-37372.5
5021675,305000.0,2.25,180,Cash-out refinance,2021-09-04,99.88,97.8175,Golden Sachs,15250.000000000013,Securitization (UMBS),99.88,15616.00000000004,0.0,-366.0,-15616.0
5021693,275000.0,2.99,360,Cash-out refinance,2021-09-04,103.19,101.09625,Storgan Manley,13750.000000000013,Securitization (UMBS),103.19,4977.500000000002,0.0,8772.5,-4977.5
5021715,85000.0,2.5,144,Refinancing,2021-09-07,99.88,97.78625,Storgan Manley,4250.000000000004,Securitization (UMBS),99.88,4352.000000000011,0.0,-102.0,-4352.0
5021800,105000.0,3.375,360,Refinancing,2021-09-10,105.0,102.90625,Storgan Manley,5250.000000000005,Securitization (UMBS),105.0,0.0,0.0,5250.0,-0.0
5021812,495000.0,2.875,360,Refinancing,2021-09-15,103.19,101.09625,Storgan Manley,24750.000000000022,Securitization (UMBS),103.19,8959.500000000002,0.0,15790.5,-8959.5
5021862,345000.0,3.375,360,Cash-out refinance,2021-09-16,105.0,103.5,Bank of Americans,17250.000000000015,Securitization (UMBS),105.0,0.0,0.0,17250.0,-0.0
5021871,295000.0,2.75,360,Cash-out refinance,2021-09-17,103.19,101.69,Bank of Americans,14750.000000000013,Securitization (UMBS),103.19,5339.500000000002,0.0,9410.5,-5339.5
5021894,205000.0,2.25,180,Refinancing,2021-09-01,99.88,98.38,Bank of Americans,10250.00000000001,Securitization (UMBS),99.88,10496.000000000027,0.0,-246.0,-10496.0
5021907,185000.0,3.19,360,Home purchase,2021-09-02,103.19,102.315,Bank of Americans,9250.00000000001,Securitization (UMBS),103.19,3348.500000000002,0.0,5901.5,-3348.5
5021921,505000.0,2.875,360,Cash-out refinance,2021-09-02,103.19,101.0025,Golden Sachs,25250.000000000022,Securitization (UMBS),103.19,9140.500000000002,0.0,16109.5,-9140.5
5021929,105000.0,3.25,360,Refinancing,2021-09-03,104.61,102.4225,Golden Sachs,5250.000000000005,Securitization (UMBS),104.61,409.5000000000018,0.0,4840.5,-409.5
5021938,225000.0,2.99,360,Refinancing,2021-09-03,103.19,101.09625,Storgan Manley,11250.00000000001,Securitization (UMBS),103.19,4072.5,0.0,7177.5,-4072.5
5021990,195000.0,2.875,204,Refinancing,2021-09-11,103.19,101.09625,Storgan Manley,9750.00000000001,Securitization (UMBS),103.19,3529.500000000002,0.0,6220.5,-3529.5
5022040,135000.0,3.625,360,Other,2021-09-14,104.61,103.11,Bank of Americans,6750.000000000006,Securitization (UMBS),104.61,526.5000000000027,0.0,6223.5,-526.5
5022047,345000.0,2.75,180,Refinancing,2021-09-15,103.19,101.69,Bank of Americans,17250.000000000015,Securitization (UMBS),103.19,6244.500000000002,0.0,11005.5,-6244.5
5022050,665000.0,2.875,360,Refinancing,2021-09-15,103.19,101.0025,Golden Sachs,33250.00000000003,Securitization (UMBS),103.19,12036.500000000004,0.0,21213.5,-12036.5
5022122,95000.0,2.875,240,Cash-out refinance,2021-09-17,103.19,101.09625,Storgan Manley,4750.000000000005,Securitization (UMBS),103.19,1719.500000000001,0.0,3030.5,-1719.5
5022141,625000.0,3.25,360,Home purchase,2021-09-17,104.61,102.51625,Storgan Manley,31250.00000000003,Securitization (UMBS),104.61,2437.500000000011,0.0,28812.5,-2437.5
5022196,225000.0,2.125,120,Cash-out refinance,2021-09-02,97.45,95.95,Bank of Americans,11250.00000000001,Securitization (UMBS),97.45,16987.5,0.0,-5737.5,-16987.5
5022218,205000.0,2.75,180,Cash-out refinance,2021-09-03,103.19,101.69,Bank of Americans,10250.00000000001,Securitization (UMBS),103.19,3710.500000000001,0.0,6539.5,-3710.5
5022238,65000.0,3.75,360,Refinancing,2021-09-03,105.77,103.5825,Golden Sachs,3250.0000000000027,Securitization (UMBS),105.77,-500.4999999999882,0.0,3750.5,500.5
5022243,265000.0,2.625,360,Refinancing,2021-09-04,99.88,97.6925,Golden Sachs,13250.000000000011,Securitization (UMBS),99.88,13568.000000000035,0.0,-318.0,-13568.0
5022273,395000.0,3.5,360,Cash-out refinance,2021-09-07,104.61,102.4225,Golden Sachs,19750.00000000002,Securitization (UMBS),104.61,1540.5000000000073,0.0,18209.5,-1540.5
5022275,235000.0,3.375,360,Refinancing,2021-09-08,104.61,102.4225,Golden Sachs,11750.000000000011,Securitization (UMBS),104.61,916.5000000000036,0.0,10833.5,-916.5
5022281,305000.0,3.125,324,Refinancing,2021-09-15,103.19,101.69,Bank of Americans,15250.000000000013,Securitization (UMBS),103.19,5520.5,0.0,9729.5,-5520.5
5022293,505000.0,3.5,360,Refinancing,2021-09-16,104.61,103.11,Bank of Americans,25250.000000000022,Securitization (UMBS),104.61,1969.5000000000073,0.0,23280.5,-1969.5
5022297,375000.0,2.99,360,Home purchase,2021-09-16,104.17,103.295,Bank of Americans,18750.00000000002,Securitization (UMBS),104.17,3112.499999999991,0.0,15637.5,-3112.5
5022301,375000.0,2.375,240,Refinancing,2021-09-17,99.88,99.005,Bank of Americans,18750.00000000002,Securitization (UMBS),99.88,19200.00000000005,0.0,-450.0,-19200.0
5022307,185000.0,3.875,360,Home purchase,2021-09-17,105.77,103.5825,Golden Sachs,9250.00000000001,Securitization (UMBS),105.77,-1424.4999999999654,0.0,10674.5,1424.5
5022315,205000.0,2.875,360,Cash-out refinance,2021-08-24,103.19,101.09625,Storgan Manley,10250.00000000001,Securitization (UMBS),103.19,3710.500000000001,0.0,6539.5,-3710.5
5022323,175000.0,3.25,360,Cash-out refinance,2021-08-25,104.61,102.51625,Storgan Manley,8750.000000000007,Securitization (UMBS),104.61,682.5000000000018,0.0,8067.5,-682.5
5022342,485000.0,2.5,240,Refinancing,2021-09-02,99.88,97.78625,Storgan Manley,24250.000000000022,Securitization (UMBS),99.88,24832.000000000065,0.0,-582.0,-24832.0
5022362,295000.0,3.25,360,Cash-out refinance,2021-09-02,104.61,102.51625,Storgan Manley,14750.000000000013,Securitization (UMBS),104.61,1150.5000000000036,0.0,13599.5,-1150.5
5022388,215000.0,2.875,180,Cash-out refinance,2021-09-03,103.19,101.09625,Storgan Manley,10750.00000000001,Securitization (UMBS),103.19,3891.500000000001,0.0,6858.5,-3891.5
5022405,95000.0,2.875,240,Cash-out refinance,2021-09-06,103.19,101.69,Bank of Americans,4750.000000000005,Securitization (UMBS),103.19,1719.500000000001,0.0,3030.5,-1719.5
5022411,305000.0,2.99,360,Cash-out refinance,2021-09-06,103.19,102.315,Bank of Americans,15250.000000000013,Securitization (UMBS),103.19,5520.5,0.0,9729.5,-5520.5
5022439,195000.0,2.5,360,Refinancing,2021-09-08,99.88,99.005,Bank of Americans,9750.00000000001,Securitization (UMBS),99.88,9984.000000000027,0.0,-234.0,-9984.0
5022454,125000.0,3.375,360,Refinancing,2021-09-08,104.61,102.32875,Smells Largo,6250.0000000000055,Securitization (UMBS),104.61,487.5000000000018,0.0,5762.5,-487.5
5022479,145000.0,3.25,360,Refinancing,2021-09-09,104.61,102.39125,Storgan Manley,7250.000000000006,Securitization (UMBS),104.61,565.5000000000018,0.0,6684.5,-565.5
5022485,165000.0,2.875,360,Refinancing,2021-09-11,103.19,101.59625,Smells Largo,8250.000000000007,Securitization (UMBS),103.19,2986.500000000001,0.0,5263.5,-2986.5
5022493,385000.0,2.94,360,Home purchase,2021-09-11,103.19,101.59625,Smells Largo,19250.00000000002,Securitization (UMBS),103.19,6968.500000000004,0.0,12281.5,-6968.5
5022533,315000.0,3.75,360,Cash-out refinance,2021-09-14,106.41,104.94125,Smells Largo,15750.000000000015,Securitization (UMBS),106.41,-4441.5,0.0,20191.5,4441.5
5022563,305000.0,2.99,360,Home purchase,2021-09-15,103.19,101.59625,Smells Largo,15250.000000000013,Securitization (UMBS),103.19,5520.5,0.0,9729.5,-5520.5
5022611,245000.0,2.875,360,Refinancing,2021-09-15,103.19,100.90875,Smells Largo,12250.000000000011,Securitization (UMBS),103.19,4434.500000000001,0.0,7815.5,-4434.5
5022621,155000.0,2.875,240,Refinancing,2021-09-16,103.19,100.90875,Smells Largo,7750.000000000007,Securitization (UMBS),103.19,2805.500000000001,0.0,4944.5,-2805.5
5022682,235000.0,2.99,360,Home purchase,2021-08-25,103.19,100.15875,Smells Largo,11750.000000000011,Securitization (UMBS),103.19,4253.500000000002,0.0,7496.5,-4253.5
5022687,215000.0,2.99,360,Refinancing,2021-08-25,103.19,100.97125,Storgan Manley,10750.00000000001,Securitization (UMBS),103.19,3891.500000000001,0.0,6858.5,-3891.5
5022721,335000.0,2.75,360,Cash-out refinance,2021-08-30,103.19,100.97125,Storgan Manley,16750.000000000015,Securitization (UMBS),103.19,6063.500000000002,0.0,10686.5,-6063.5
5022728,295000.0,3.25,360,Cash-out refinance,2021-08-31,104.61,102.39125,Storgan Manley,14750.000000000013,Securitization (UMBS),104.61,1150.5000000000036,0.0,13599.5,-1150.5
5022758,285000.0,1.99,180,Refinancing,2021-08-31,97.45,95.23125,Storgan Manley,14250.000000000013,Securitization (UMBS),97.45,21517.500000000004,0.0,-7267.5,-21517.5
5022786,285000.0,2.99,360,Cash-out refinance,2021-09-02,103.19,100.97125,Storgan Manley,14250.000000000013,Securitization (UMBS),103.19,5158.500000000002,0.0,9091.5,-5158.5
5022833,165000.0,2.99,240,Refinancing,2021-09-02,103.19,100.97125,Storgan Manley,8250.000000000007,Securitization (UMBS),103.19,2986.500000000001,0.0,5263.5,-2986.5
5022871,205000.0,2.625,180,Refinancing,2021-09-03,99.88,97.66125,Storgan Manley,10250.00000000001,Securitization (UMBS),99.88,10496.000000000027,0.0,-246.0,-10496.0
5022882,125000.0,2.99,360,Refinancing,2021-09-04,103.19,101.59625,Smells Largo,6250.0000000000055,Securitization (UMBS),103.19,2262.5000000000005,0.0,3987.5,-2262.5
5022904,235000.0,2.99,360,Refinancing,2021-09-06,103.19,100.90875,Smells Largo,11750.000000000011,Securitization (UMBS),103.19,4253.500000000002,0.0,7496.5,-4253.5
5022915,255000.0,3.25,360,Cash-out refinance,2021-09-06,104.61,102.32875,Smells Largo,12750.000000000011,Securitization (UMBS),104.61,994.5000000000036,0.0,11755.5,-994.5
5022925,175000.0,3.5,360,Cash-out refinance,2021-09-08,104.61,102.32875,Smells Largo,8750.000000000007,Securitization (UMBS),104.61,682.5000000000018,0.0,8067.5,-682.5
5022951,135000.0,2.99,360,Refinancing,2021-09-09,103.19,100.90875,Smells Largo,6750.000000000006,Securitization (UMBS),103.19,2443.500000000001,0.0,4306.5,-2443.5
5022965,245000.0,2.625,180,Cash-out refinance,2021-09-10,99.88,97.66125,Storgan Manley,12250.000000000011,Securitization (UMBS),99.88,12544.000000000033,0.0,-294.0,-12544.0
5022978,215000.0,3.25,360,Refinancing,2021-09-11,104.61,102.39125,Storgan Manley,10750.00000000001,Securitization (UMBS),104.61,838.5000000000018,0.0,9911.5,-838.5
5023101,225000.0,3.375,360,Cash-out refinance,2021-09-17,104.61,103.01625,Smells Largo,11250.00000000001,Securitization (UMBS),104.61,877.5000000000018,0.0,10372.5,-877.5
5023121,235000.0,2.75,360,Cash-out refinance,2021-09-17,103.19,101.59625,Smells Largo,11750.000000000011,Securitization (UMBS),103.19,4253.500000000002,0.0,7496.5,-4253.5
5023130,105000.0,3.25,180,Cash-out refinance,2021-04-01,104.61,102.26625,Smells Largo,5250.000000000005,Securitization (UMBS),104.61,409.5000000000018,0.0,4840.5,-409.5
5023157,205000.0,3.125,360,Home purchase,2021-08-25,103.19,100.90875,Smells Largo,10250.00000000001,Securitization (UMBS),103.19,3710.500000000001,0.0,6539.5,-3710.5
5023188,485000.0,2.69,360,Refinancing,2021-08-31,99.88,97.66125,Storgan Manley,24250.000000000022,Securitization (UMBS),99.88,24832.000000000065,0.0,-582.0,-24832.0
5023227,305000.0,2.75,180,Refinancing,2021-09-01,103.19,100.97125,Storgan Manley,15250.000000000013,Securitization (UMBS),103.19,5520.5,0.0,9729.5,-5520.5
5023272,145000.0,3.25,360,Refinancing,2021-09-01,104.61,103.01625,Smells Largo,7250.000000000006,Securitization (UMBS),104.61,565.5000000000018,0.0,6684.5,-565.5
5023318,655000.0,3.125,360,Refinancing,2021-09-02,103.19,101.59625,Smells Largo,32750.00000000003,Securitization (UMBS),103.19,11855.500000000004,0.0,20894.5,-11855.5
5023389,715000.0,3.125,360,Cash-out refinance,2021-09-03,103.19,101.59625,Smells Largo,35750.00000000003,Securitization (UMBS),103.19,12941.5,0.0,22808.5,-12941.5
5023391,545000.0,2.375,360,Refinancing,2021-09-03,99.88,97.59875,Smells Largo,27250.000000000025,Securitization (UMBS),99.88,27904.000000000073,0.0,-654.0,-27904.0
5023409,215000.0,2.875,360,Cash-out refinance,2021-09-04,103.19,100.97125,Storgan Manley,10750.00000000001,Securitization (UMBS),103.19,3891.500000000001,0.0,6858.5,-3891.5
5023429,505000.0,2.25,180,Home purchase,2021-09-06,99.88,97.66125,Storgan Manley,25250.000000000022,Securitization (UMBS),99.88,25856.000000000065,0.0,-606.0,-25856.0
5023458,145000.0,2.375,180,Cash-out refinance,2021-09-06,99.88,97.66125,Storgan Manley,7250.000000000006,Securitization (UMBS),99.88,7424.000000000019,0.0,-174.0,-7424.0
5023477,75000.0,2.625,156,Refinancing,2021-09-08,99.88,97.66125,Storgan Manley,3750.000000000003,Securitization (UMBS),99.88,3840.00000000001,0.0,-90.0,-3840.0
5023544,485000.0,3.25,360,Cash-out refinance,2021-09-08,104.61,103.01625,Smells Largo,24250.000000000022,Securitization (UMBS),104.61,1891.5000000000073,0.0,22358.5,-1891.5
5023547,455000.0,2.99,360,Cash-out refinance,2021-09-10,103.19,100.7525,Golden Sachs,22750.000000000022,Securitization (UMBS),103.19,8235.500000000004,0.0,14514.5,-8235.5
5023596,345000.0,2.875,360,Refinancing,2021-09-14,103.19,100.815,Golden Sachs,17250.000000000015,Securitization (UMBS),103.19,6244.500000000002,0.0,11005.5,-6244.5
5023615,265000.0,2.99,360,Cash-out refinance,2021-09-14,103.19,100.815,Golden Sachs,13250.000000000011,Securitization (UMBS),103.19,4796.5,0.0,8453.5,-4796.5
5023660,125000.0,2.625,180,Refinancing,2021-09-16,99.88,97.5675,Golden Sachs,6250.0000000000055,Securitization (UMBS),99.88,6400.000000000016,0.0,-150.0,-6400.0
5023681,335000.0,3.125,360,Cash-out refinance,2021-08-26,103.19,100.8775,Golden Sachs,16750.000000000015,Securitization (UMBS),103.19,6063.500000000002,0.0,10686.5,-6063.5
5023684,165000.0,3.25,360,Refinancing,2021-09-01,104.61,102.89125,Golden Sachs,8250.000000000007,Securitization (UMBS),104.61,643.5000000000027,0.0,7606.5,-643.5
5023760,305000.0,2.875,360,Other,2021-09-03,103.19,101.47125,Golden Sachs,15250.000000000013,Securitization (UMBS),103.19,5520.5,0.0,9729.5,-5520.5
5023762,115000.0,3.25,240,Refinancing,2021-09-04,104.61,102.1725,Golden Sachs,5750.0000000000055,Securitization (UMBS),104.61,448.5000000000018,0.0,5301.5,-448.5
5023809,235000.0,2.99,360,Cash-out refinance,2021-09-08,103.19,100.815,Golden Sachs,11750.000000000011,Securitization (UMBS),103.19,4253.500000000002,0.0,7496.5,-4253.5
5023813,215000.0,2.25,180,Cash-out refinance,2021-09-08,99.88,97.505,Golden Sachs,10750.00000000001,Securitization (UMBS),99.88,11008.00000000003,0.0,-258.0,-11008.0
5023831,265000.0,2.99,360,Cash-out refinance,2021-09-13,103.19,100.8775,Golden Sachs,13250.000000000011,Securitization (UMBS),103.19,4796.5,0.0,8453.5,-4796.5
5023928,105000.0,3.125,360,Refinancing,2021-09-14,103.19,100.94,Golden Sachs,5250.000000000005,Securitization (UMBS),103.19,1900.5000000000005,0.0,3349.5,-1900.5
5023955,235000.0,2.875,360,Refinancing,2021-09-14,103.19,100.815,Golden Sachs,11750.000000000011,Securitization (UMBS),103.19,4253.500000000002,0.0,7496.5,-4253.5
5023956,585000.0,2.625,360,Refinancing,2021-09-15,99.88,97.5675,Golden Sachs,29250.000000000025,Securitization (UMBS),99.88,29952.000000000076,0.0,-702.0,-29952.0
5023964,365000.0,2.875,360,Cash-out refinance,2021-09-16,103.19,100.8775,Golden Sachs,18250.000000000015,Securitization (UMBS),103.19,6606.5,0.0,11643.5,-6606.5
5021369,325000.0,2.99,360,Refinancing,2021-08-21,103.19,100.8775,Golden Sachs,16250.000000000015,Securitization (UMBS),103.19,5882.500000000002,0.0,10367.5,-5882.5
5021405,135000.0,2.875,240,Refinancing,2021-08-26,103.19,101.47125,Golden Sachs,6750.000000000006,Securitization (UMBS),103.19,2443.500000000001,0.0,4306.5,-2443.5
5021409,545000.0,2.94,360,Cash-out refinance,2021-08-31,103.19,100.7525,Golden Sachs,27250.000000000025,Securitization (UMBS),103.19,9864.500000000004,0.0,17385.5,-9864.5
5021418,75000.0,2.75,180,Cash-out refinance,2021-09-01,103.19,100.815,Golden Sachs,3750.000000000003,Securitization (UMBS),103.19,1357.5,0.0,2392.5,-1357.5
5021420,555000.0,2.75,360,Refinancing,2021-09-02,103.19,100.815,Golden Sachs,27750.000000000025,Securitization (UMBS),103.19,10045.500000000004,0.0,17704.5,-10045.5
5021437,175000.0,2.875,324,Refinancing,2021-09-02,103.19,0.0,Golden Sachs,8750.000000000007,Securitization (UMBS),103.19,3167.5,0.0,5582.5,-3167.5
5021511,715000.0,2.75,240,Refinancing,2021-09-02,103.19,102.34625,PJ Logan,35750.00000000003,Securitization (UMBS),103.19,12941.5,0.0,22808.5,-12941.5
5021625,215000.0,2.125,180,Refinancing,2021-09-03,97.45,97.325,PJ Logan,10750.00000000001,Securitization (UMBS),97.45,16232.500000000002,0.0,-5482.5,-16232.5
5021631,235000.0,2.875,240,Cash-out refinance,2021-09-04,103.19,101.09625,Storgan Manley,11750.000000000011,Securitization (UMBS),103.19,4253.500000000002,0.0,7496.5,-4253.5
5021642,175000.0,2.75,240,Cash-out refinance,2021-09-04,103.19,101.09625,Storgan Manley,8750.000000000007,Securitization (UMBS),103.19,3167.5,0.0,5582.5,-3167.5
5021662,275000.0,2.875,240,Cash-out refinance,2021-09-04,103.19,101.0025,Golden Sachs,13750.000000000013,Securitization (UMBS),103.19,4977.500000000002,0.0,8772.5,-4977.5
5021688,65000.0,3.125,120,Cash-out refinance,2021-09-06,103.19,100.90875,Smells Largo,3250.0000000000027,Securitization (UMBS),103.19,1176.5,0.0,2073.5,-1176.5
5021709,295000.0,2.875,360,Home purchase,2021-09-13,103.19,101.59625,Smells Largo,14750.000000000013,Securitization (UMBS),103.19,5339.500000000002,0.0,9410.5,-5339.5
5021722,545000.0,2.875,360,Home purchase,2021-09-14,103.19,101.0025,Golden Sachs,27250.000000000025,Securitization (UMBS),103.19,9864.500000000004,0.0,17385.5,-9864.5
5021836,55000.0,3.375,360,Home purchase,2021-09-15,104.61,103.82875,PJ Logan,2750.0000000000023,Securitization (UMBS),104.61,214.50000000000045,0.0,2535.5,-214.5
5021915,795000.0,2.3,360,Refinancing,2021-09-16,103.03,101.06125,Storgan Manley,39750.00000000004,Securitization (UMBS),103.03,15661.50000000004,0.0,24088.5,-15661.5
5021949,315000.0,3.625,360,Cash-out refinance,2021-09-16,104.61,103.11,Bank of Americans,15750.000000000015,Securitization (UMBS),104.61,1228.5000000000055,0.0,14521.5,-1228.5
5021961,505000.0,2.99,360,Cash-out refinance,2021-08-27,103.19,101.0025,Golden Sachs,25250.000000000022,Securitization (UMBS),103.19,9140.500000000002,0.0,16109.5,-9140.5
5021965,175000.0,2.25,144,Refinancing,2021-08-28,99.88,98.38,Golden Sachs,8750.000000000007,Securitization (UMBS),99.88,8960.000000000024,0.0,-210.0,-8960.0
5021998,225000.0,2.875,360,Refinancing,2021-08-28,103.19,103.15875,Golden Sachs,11250.00000000001,Securitization (UMBS),103.19,4072.5,0.0,7177.5,-4072.5
5022038,425000.0,1.99,180,Refinancing,2021-09-02,97.45,97.325,PJ Logan,21250.00000000002,Securitization (UMBS),97.45,32087.500000000004,0.0,-10837.5,-32087.5
5022045,505000.0,2.875,360,Refinancing,2021-09-04,103.19,101.815,Golden Sachs,25250.000000000022,Securitization (UMBS),103.19,9140.500000000002,0.0,16109.5,-9140.5
5022054,115000.0,2.875,360,Refinancing,2021-09-04,103.19,101.0025,Golden Sachs,5750.0000000000055,Securitization (UMBS),103.19,2081.500000000001,0.0,3668.5,-2081.5
5022114,255000.0,2.99,360,Home purchase,2021-09-07,103.19,100.94,Bank of Americans,12750.000000000011,Securitization (UMBS),103.19,4615.500000000001,401.32,8134.5,-4615.5
5022133,275000.0,2.5,180,Refinancing,2021-09-08,99.88,97.5675,Golden Sachs,13750.000000000013,Securitization (UMBS),99.88,14080.000000000038,0.0,-330.0,-14080.0
5022142,445000.0,2.99,360,Home purchase,2021-09-09,103.19,103.065,PJ Logan,22250.00000000002,Securitization (UMBS),103.19,8054.5,0.0,14195.5,-8054.5
5022145,145000.0,2.75,360,Cash-out refinance,2021-09-09,103.19,102.315,Bank of Americans,7250.000000000006,Securitization (UMBS),103.19,2624.500000000001,0.0,4625.5,-2624.5
5022277,185000.0,3.19,360,Cash-out refinance,2021-09-10,103.19,103.15875,Golden Sachs,9250.00000000001,Securitization (UMBS),103.19,3348.500000000002,0.0,5901.5,-3348.5
5022285,225000.0,3.19,360,Cash-out refinance,2021-09-11,103.19,102.5025,Golden Sachs,11250.00000000001,Securitization (UMBS),103.19,4072.5,0.0,7177.5,-4072.5
5022308,145000.0,3.375,360,Cash-out refinance,2021-09-13,105.0,103.5,Golden Sachs,7250.000000000006,Securitization (UMBS),105.0,0.0,0.0,7250.0,-0.0
5022316,125000.0,2.99,360,Refinancing,2021-09-15,103.19,101.72125,Smells Largo,6250.0000000000055,Securitization (UMBS),103.19,2262.5000000000005,0.0,3987.5,-2262.5
5022332,105000.0,2.25,120,Refinancing,2021-09-16,99.88,97.78625,Storgan Manley,5250.000000000005,Securitization (UMBS),99.88,5376.000000000014,0.0,-126.0,-5376.0
5022355,545000.0,2.875,360,Home purchase,2021-08-30,103.19,100.90875,Smells Largo,27250.000000000025,Securitization (UMBS),103.19,9864.500000000004,0.0,17385.5,-9864.5
5022402,255000.0,2.875,360,Cash-out refinance,2021-08-31,103.19,101.1275,Golden Sachs,12750.000000000011,Securitization (UMBS),103.19,4615.500000000001,0.0,8134.5,-4615.5
5022472,405000.0,2.99,360,Cash-out refinance,2021-09-01,104.17,103.57625,Storgan Manley,20250.00000000002,Securitization (UMBS),104.17,3361.499999999989,0.0,16888.5,-3361.5
5022481,135000.0,3.25,360,Cash-out refinance,2021-09-01,104.61,102.36,Golden Sachs,6750.000000000006,Securitization (UMBS),104.61,526.5000000000027,0.0,6223.5,-526.5
5022490,175000.0,3.25,360,Refinancing,2021-09-03,104.61,103.32875,Storgan Manley,8750.000000000007,Securitization (UMBS),104.61,682.5000000000018,0.0,8067.5,-682.5
5022498,275000.0,2.625,240,Refinancing,2021-09-04,99.88,99.28625,Storgan Manley,13750.000000000013,Securitization (UMBS),99.88,14080.000000000038,0.0,-330.0,-14080.0
5022526,125000.0,2.25,180,Refinancing,2021-09-09,99.88,97.63,Golden Sachs,6250.0000000000055,Securitization (UMBS),99.88,6400.000000000016,0.0,-150.0,-6400.0
5022558,325000.0,2.99,360,Cash-out refinance,2021-09-10,103.19,103.15875,Golden Sachs,16250.000000000015,Securitization (UMBS),103.19,5882.500000000002,0.0,10367.5,-5882.5
5022583,245000.0,2.25,180,Cash-out refinance,2021-09-10,99.88,97.8175,Golden Sachs,12250.000000000011,Securitization (UMBS),99.88,12544.000000000033,0.0,-294.0,-12544.0
5022590,545000.0,3.25,360,Refinancing,2021-09-10,104.61,103.9225,Golden Sachs,27250.000000000025,Securitization (UMBS),104.61,2125.500000000011,0.0,25124.5,-2125.5
5022617,165000.0,2.99,360,Refinancing,2021-09-13,103.19,101.815,Bank of Americans,8250.000000000007,Securitization (UMBS),103.19,2986.500000000001,0.0,5263.5,-2986.5
5022622,105000.0,2.875,360,Cash-out refinance,2021-09-14,103.19,101.09625,Storgan Manley,5250.000000000005,Securitization (UMBS),103.19,1900.5000000000005,0.0,3349.5,-1900.5
5022633,155000.0,2.99,360,Cash-out refinance,2021-09-16,103.19,102.44,Golden Sachs,7750.000000000007,Securitization (UMBS),103.19,2805.500000000001,0.0,4944.5,-2805.5
5022666,105000.0,3.375,240,Cash-out refinance,2021-09-16,104.61,102.32875,Smells Largo,5250.000000000005,Securitization (UMBS),104.61,409.5000000000018,0.0,4840.5,-409.5
5022678,195000.0,2.125,96,Refinancing,2021-09-16,97.45,95.35625,Storgan Manley,9750.00000000001,Securitization (UMBS),97.45,14722.500000000004,0.0,-4972.5,-14722.5
5022694,145000.0,2.875,360,Home purchase,2021-08-26,103.19,101.59625,Golden Sachs,7250.000000000006,Securitization (UMBS),103.19,2624.500000000001,0.0,4625.5,-2624.5
5022703,65000.0,2.99,120,Refinancing,2021-08-27,103.19,101.03375,Smells Largo,3250.0000000000027,Securitization (UMBS),103.19,1176.5,0.0,2073.5,-1176.5
5022711,215000.0,2.99,360,Refinancing,2021-08-27,103.19,102.59625,Storgan Manley,10750.00000000001,Securitization (UMBS),103.19,3891.500000000001,0.0,6858.5,-3891.5
5022731,75000.0,3.375,300,Home improvement,2021-09-01,104.61,103.82875,PJ Logan,3750.000000000003,Securitization (UMBS),104.61,292.5000000000009,0.0,3457.5,-292.5
5022743,115000.0,3.25,360,Cash-out refinance,2021-09-02,104.61,102.36,Golden Sachs,5750.0000000000055,Securitization (UMBS),104.61,448.5000000000018,0.0,5301.5,-448.5
5022768,255000.0,2.625,180,Cash-out refinance,2021-09-03,99.88,97.505,Golden Sachs,12750.000000000011,Securitization (UMBS),99.88,13056.000000000035,0.0,-306.0,-13056.0
5022772,195000.0,3.25,360,Home purchase,2021-09-07,104.61,102.4225,Golden Sachs,9750.00000000001,Securitization (UMBS),104.61,760.5000000000036,0.0,8989.5,-760.5
5022790,175000.0,3.5,360,Cash-out refinance,2021-09-08,104.61,104.57875,Golden Sachs,8750.000000000007,Securitization (UMBS),104.61,682.5000000000018,0.0,8067.5,-682.5
5022796,185000.0,2.125,180,Refinancing,2021-09-09,97.45,96.7625,Golden Sachs,9250.00000000001,Securitization (UMBS),97.45,13967.500000000004,0.0,-4717.5,-13967.5
5022848,175000.0,3.375,360,Refinancing,2021-09-09,104.61,103.89125,Storgan Manley,8750.000000000007,Securitization (UMBS),104.61,682.5000000000018,0.0,8067.5,-682.5
5022893,345000.0,2.75,360,Refinancing,2021-09-10,103.19,102.09625,Storgan Manley,17250.000000000015,Securitization (UMBS),103.19,6244.500000000002,0.0,11005.5,-6244.5
5022896,215000.0,2.375,180,Cash-out refinance,2021-09-15,103.03,102.99875,Storgan Manley,10750.00000000001,Securitization (UMBS),103.03,4235.500000000011,0.0,6514.5,-4235.5
5022938,235000.0,3.125,360,Home purchase,2021-09-16,103.19,102.59625,Storgan Manley,11750.000000000011,Securitization (UMBS),103.19,4253.500000000002,0.0,7496.5,-4253.5
5022961,195000.0,2.625,180,Cash-out refinance,2021-09-17,99.88,99.84875,Storgan Manley,9750.00000000001,Securitization (UMBS),99.88,9984.000000000027,0.0,-234.0,-9984.0
5023012,295000.0,2.99,360,Refinancing,2021-08-24,103.19,102.59625,Storgan Manley,14750.000000000013,Securitization (UMBS),103.19,5339.500000000002,0.0,9410.5,-5339.5
5023020,675000.0,3.125,360,Home purchase,2021-08-24,103.19,102.47125,Storgan Manley,33750.00000000003,Securitization (UMBS),103.19,12217.500000000004,0.0,21532.5,-12217.5
5023036,175000.0,2.75,360,Refinancing,2021-08-28,103.19,102.40875,Smells Largo,8750.000000000007,Securitization (UMBS),103.19,3167.5,0.0,5582.5,-3167.5
5023044,265000.0,2.99,240,Cash-out refinance,2021-08-30,103.19,102.47125,Storgan Manley,13250.000000000011,Securitization (UMBS),103.19,4796.5,0.0,8453.5,-4796.5
5023066,165000.0,2.75,360,Cash-out refinance,2021-08-30,103.19,102.59625,Storgan Manley,8250.000000000007,Securitization (UMBS),103.19,2986.500000000001,0.0,5263.5,-2986.5
5023097,295000.0,3.125,360,Cash-out refinance,2021-09-01,103.19,103.15875,Storgan Manley,14750.000000000013,Securitization (UMBS),103.19,5339.500000000002,0.0,9410.5,-5339.5
5023104,195000.0,3.19,360,Refinancing,2021-09-01,103.19,102.47125,Storgan Manley,9750.00000000001,Securitization (UMBS),103.19,3529.500000000002,0.0,6220.5,-3529.5
5023107,605000.0,2.69,360,Home purchase,2021-09-01,103.03,102.43625,Storgan Manley,30250.000000000025,Securitization (UMBS),103.03,11918.50000000003,0.0,18331.5,-11918.5
5023175,505000.0,3.125,360,Other,2021-09-01,103.19,102.59625,Storgan Manley,25250.000000000022,Securitization (UMBS),103.19,9140.500000000002,0.0,16109.5,-9140.5
5023180,195000.0,3.25,360,Refinancing,2021-09-04,104.61,104.01625,Storgan Manley,9750.00000000001,Securitization (UMBS),104.61,760.5000000000036,0.0,8989.5,-760.5
5023187,135000.0,3.19,360,Refinancing,2021-09-07,103.19,102.47125,Storgan Manley,6750.000000000006,Securitization (UMBS),103.19,2443.500000000001,0.0,4306.5,-2443.5
5023190,245000.0,2.75,360,Refinancing,2021-09-08,103.19,102.59625,Storgan Manley,12250.000000000011,Securitization (UMBS),103.19,4434.500000000001,0.0,7815.5,-4434.5
5023283,315000.0,2.875,360,Refinancing,2021-09-09,103.19,102.09625,Storgan Manley,15750.000000000015,Securitization (UMBS),103.19,5701.500000000002,0.0,10048.5,-5701.5
5023293,175000.0,3.25,360,Cash-out refinance,2021-09-09,104.61,103.89125,Storgan Manley,8750.000000000007,Securitization (UMBS),104.61,682.5000000000018,0.0,8067.5,-682.5
5023329,395000.0,2.69,360,Refinancing,2021-09-14,99.88,100.47375,Smells Largo,19750.00000000002,Whole Loan Sale,100.47375,20224.000000000055,0.0,1871.31,-17878.69
5023374,275000.0,2.375,360,Refinancing,2021-09-17,99.88,98.53625,Smells Largo,13750.000000000013,Securitization (UMBS),99.88,14080.000000000038,0.0,-330.0,-14080.0
5023387,105000.0,2.99,360,Cash-out refinance,2021-08-21,103.19,101.40875,Storgan Manley,5250.000000000005,Securitization (UMBS),103.19,1900.5000000000005,0.0,3349.5,-1900.5
5023395,165000.0,2.875,240,Cash-out refinance,2021-08-28,104.17,103.45125,Storgan Manley,8250.000000000007,Securitization (UMBS),104.17,1369.4999999999955,0.0,6880.5,-1369.5
5023423,265000.0,3.375,360,Home purchase,2021-08-30,104.61,103.20375,Storgan Manley,13250.000000000011,Securitization (UMBS),104.61,1033.5000000000036,0.0,12216.5,-1033.5
5023433,455000.0,2.99,360,Refinancing,2021-09-01,103.19,103.09625,Smells Largo,22750.000000000022,Securitization (UMBS),103.19,8235.500000000004,0.0,14514.5,-8235.5
5023444,825000.0,2.875,360,Refinancing,2021-09-02,103.19,101.78375,Storgan Manley,41250.00000000004,Securitization (UMBS),103.19,14932.500000000004,0.0,26317.5,-14932.5
5023454,155000.0,3.19,360,Home purchase,2021-09-02,103.19,101.90875,Storgan Manley,7750.000000000007,Securitization (UMBS),103.19,2805.500000000001,0.0,4944.5,-2805.5
5023468,225000.0,3.375,360,Cash-out refinance,2021-09-04,105.0,103.21875,Storgan Manley,11250.00000000001,Securitization (UMBS),105.0,0.0,0.0,11250.0,-0.0
5023493,245000.0,3.5,360,Home purchase,2021-09-07,104.61,103.39125,Storgan Manley,12250.000000000011,Securitization (UMBS),104.61,955.5000000000036,0.0,11294.5,-955.5
5023499,285000.0,3.25,360,Refinancing,2021-09-10,104.61,103.20375,Storgan Manley,14250.000000000013,Securitization (UMBS),104.61,1111.5000000000036,0.0,13138.5,-1111.5
5023506,455000.0,2.94,360,Home purchase,2021-09-11,103.19,101.90875,Storgan Manley,22750.000000000022,Securitization (UMBS),103.19,8235.500000000004,0.0,14514.5,-8235.5
5023523,165000.0,2.75,180,Cash-out refinance,2021-09-11,103.19,100.565,Bank of Americans,8250.000000000007,Securitization (UMBS),103.19,2986.500000000001,0.0,5263.5,-2986.5
5023566,385000.0,2.375,240,Cash-out refinance,2021-09-13,99.88,98.03625,Storgan Manley,19250.00000000002,Securitization (UMBS),99.88,19712.000000000055,0.0,-462.0,-19712.0
5023621,85000.0,2.99,360,Other,2021-09-14,103.19,100.72125,Storgan Manley,4250.000000000004,Securitization (UMBS),103.19,1538.5000000000005,0.0,2711.5,-1538.5
5023627,455000.0,3.25,360,Cash-out refinance,2021-09-15,104.61,103.235,Bank of Americans,22750.000000000022,Securitization (UMBS),104.61,1774.5000000000073,0.0,20975.5,-1774.5
5023635,135000.0,3.875,360,Refinancing,2021-09-17,105.77,103.80125,Storgan Manley,6750.000000000006,Securitization (UMBS),105.77,-1039.4999999999754,0.0,7789.5,1039.5
5023637,225000.0,2.875,360,Home purchase,2021-08-25,103.19,101.22125,Storgan Manley,11250.00000000001,Securitization (UMBS),103.19,4072.5,0.0,7177.5,-4072.5
5023663,365000.0,2.99,360,Cash-out refinance,2021-08-31,103.19,101.815,Bank of Americans,18250.000000000015,Securitization (UMBS),103.19,6606.5,0.0,11643.5,-6606.5
5023669,475000.0,1.99,180,Refinancing,2021-09-01,97.45,95.3875,Bank of Americans,23750.000000000022,Securitization (UMBS),97.45,35862.50000000001,0.0,-12112.5,-35862.5
5023678,265000.0,2.99,360,Cash-out refinance,2021-09-01,103.19,100.315,Bank of Americans,13250.000000000011,Securitization (UMBS),103.19,4796.5,0.0,8453.5,-4796.5
5023709,165000.0,2.625,180,Cash-out refinance,2021-09-03,99.88,97.255,Bank of Americans,8250.000000000007,Securitization (UMBS),99.88,8448.000000000022,0.0,-198.0,-8448.0
5023720,135000.0,1.99,96,Refinancing,2021-09-03,97.45,95.48125,Storgan Manley,6750.000000000006,Securitization (UMBS),97.45,10192.500000000002,0.0,-3442.5,-10192.5
5023723,75000.0,2.875,180,Cash-out refinance,2021-09-04,103.19,101.065,Bank of Americans,3750.000000000003,Securitization (UMBS),103.19,1357.5,0.0,2392.5,-1357.5
5023748,255000.0,2.75,360,Cash-out refinance,2021-09-04,103.19,100.6275,Bank of Americans,12750.000000000011,Securitization (UMBS),103.19,4615.500000000001,0.0,8134.5,-4615.5
5023774,175000.0,2.875,360,Cash-out refinance,2021-09-06,103.19,101.22125,Storgan Manley,8750.000000000007,Securitization (UMBS),103.19,3167.5,0.0,5582.5,-3167.5
5023805,715000.0,2.875,360,Home purchase,2021-09-08,103.19,101.22125,Storgan Manley,35750.00000000003,Securitization (UMBS),103.19,12941.5,0.0,22808.5,-12941.5
5023808,105000.0,2.25,180,Refinancing,2021-09-09,99.88,98.505,Bank of Americans,5250.000000000005,Securitization (UMBS),99.88,5376.000000000014,0.0,-126.0,-5376.0
5023817,145000.0,2.375,180,Cash-out refinance,2021-09-09,99.88,98.005,Bank of Americans,7250.000000000006,Securitization (UMBS),99.88,7424.000000000019,0.0,-174.0,-7424.0
5023856,265000.0,2.99,216,Refinancing,2021-09-10,103.19,101.03375,Smells Largo,13250.000000000011,Securitization (UMBS),103.19,4796.5,0.0,8453.5,-4796.5
5023860,115000.0,2.75,180,Refinancing,2021-09-11,103.19,101.03375,Smells Largo,5750.0000000000055,Securitization (UMBS),103.19,2081.500000000001,0.0,3668.5,-2081.5
5023872,205000.0,2.375,180,Refinancing,2021-09-11,99.88,97.78625,Storgan Manley,10250.00000000001,Securitization (UMBS),99.88,10496.000000000027,0.0,-246.0,-10496.0
5023876,185000.0,2.875,240,Cash-out refinance,2021-09-13,104.17,102.70125,Smells Largo,9250.00000000001,Securitization (UMBS),104.17,1535.4999999999964,0.0,7714.5,-1535.5
5023894,165000.0,2.375,180,Refinancing,2021-09-15,99.88,97.91125,Smells Largo,8250.000000000007,Securitization (UMBS),99.88,8448.000000000022,0.0,-198.0,-8448.0
5023913,455000.0,3.125,360,Cash-out refinance,2021-09-16,103.19,100.47125,Smells Largo,22750.000000000022,Securitization (UMBS),103.19,8235.500000000004,0.0,14514.5,-8235.5
5023917,565000.0,2.125,180,Cash-out refinance,2021-09-16,97.45,95.29375,Smells Largo,28250.000000000025,Securitization (UMBS),97.45,42657.50000000001,0.0,-14407.5,-42657.5
5023946,205000.0,2.99,360,Other,2021-08-28,103.19,101.15875,Smells Largo,10250.00000000001,Securitization (UMBS),103.19,3710.500000000001,0.0,6539.5,-3710.5
5023950,645000.0,3.5,360,Cash-out refinance,2021-08-31,104.61,102.01625,Storgan Manley,32250.00000000003,Securitization (UMBS),104.61,2515.500000000011,0.0,29734.5,-2515.5
5023971,215000.0,2.94,360,Cash-out refinance,2021-09-02,103.19,101.84625,Smells Largo,10750.00000000001,Securitization (UMBS),103.19,3891.500000000001,0.0,6858.5,-3891.5
5024003,385000.0,3.44,360,Home purchase,2021-09-03,105.0,102.90625,Smells Largo,19250.00000000002,Securitization (UMBS),105.0,0.0,0.0,19250.0,-0.0
5021364,375000.0,3.25,360,Cash-out refinance,2021-09-03,105.0,102.84375,Smells Largo,18750.00000000002,Securitization (UMBS),105.0,0.0,0.0,18750.0,-0.0
5021381,595000.0,3.44,360,Refinancing,2021-09-06,104.61,102.64125,Storgan Manley,29750.000000000025,Securitization (UMBS),104.61,2320.5000000000073,0.0,27429.5,-2320.5
5021400,255000.0,2.99,264,Cash-out refinance,2021-09-06,103.19,100.59625,Storgan Manley,12750.000000000011,Securitization (UMBS),103.19,4615.500000000001,0.0,8134.5,-4615.5
5021412,175000.0,2.69,360,Home purchase,2021-09-06,99.88,98.53625,Smells Largo,8750.000000000007,Securitization (UMBS),99.88,8960.000000000024,644.13,-210.0,-8960.0
5021422,215000.0,2.5,132,Refinancing,2021-09-07,99.88,98.41125,Smells Largo,10750.00000000001,Securitization (UMBS),99.88,11008.00000000003,0.0,-258.0,-11008.0
5021455,305000.0,3.25,360,Home purchase,2021-09-07,104.61,102.39125,Smells Largo,15250.000000000013,Securitization (UMBS),104.61,1189.5000000000036,0.0,14060.5,-1189.5
5021465,105000.0,3.875,360,Cash-out refinance,2021-09-07,105.77,103.55125,Smells Largo,5250.000000000005,Securitization (UMBS),105.77,-808.4999999999809,0.0,6058.5,808.5
5021488,425000.0,2.875,360,Refinancing,2021-09-08,103.19,101.03375,Smells Largo,21250.00000000002,Securitization (UMBS),103.19,7692.500000000002,0.0,13557.5,-7692.5
5021493,285000.0,2.5,360,Refinancing,2021-09-08,103.03,101.56125,Smells Largo,14250.000000000013,Securitization (UMBS),103.03,5614.500000000015,0.0,8635.5,-5614.5
5021516,595000.0,2.5,360,Refinancing,2021-09-08,99.88,97.59875,Smells Largo,29750.000000000025,Securitization (UMBS),99.88,30464.00000000008,0.0,-714.0,-30464.0
5021558,425000.0,3.25,360,Home purchase,2021-09-11,104.61,102.39125,Storgan Manley,21250.00000000002,Securitization (UMBS),104.61,1657.5000000000073,0.0,19592.5,-1657.5
5021573,425000.0,2.875,360,Home purchase,2021-09-11,103.19,101.09625,Storgan Manley,21250.00000000002,Securitization (UMBS),103.19,7692.500000000002,984.59,13557.5,-7692.5
5021586,335000.0,2.99,360,Refinancing,2021-09-11,103.19,101.59625,Smells Largo,16750.000000000015,Securitization (UMBS),103.19,6063.500000000002,0.0,10686.5,-6063.5
5021603,305000.0,2.25,180,Refinancing,2021-09-13,99.88,97.53625,Smells Largo,15250.000000000013,Securitization (UMBS),99.88,15616.00000000004,0.0,-366.0,-15616.0
5021636,205000.0,2.125,180,Refinancing,2021-09-14,97.45,95.85625,Smells Largo,10250.00000000001,Securitization (UMBS),97.45,15477.500000000004,0.0,-5227.5,-15477.5
5021679,545000.0,3.375,360,Cash-out refinance,2021-09-14,104.61,103.01625,Smells Largo,27250.000000000025,Securitization (UMBS),104.61,2125.500000000011,0.0,25124.5,-2125.5
5021708,195000.0,3.25,360,Cash-out refinance,2021-09-15,104.61,101.82875,Smells Largo,9750.00000000001,Securitization (UMBS),104.61,760.5000000000036,0.0,8989.5,-760.5
5021720,95000.0,2.625,180,Cash-out refinance,2021-09-15,99.88,97.59875,Smells Largo,4750.000000000005,Securitization (UMBS),99.88,4864.000000000013,0.0,-114.0,-4864.0
5021727,225000.0,3.125,360,Cash-out refinance,2021-09-16,103.19,100.97125,Storgan Manley,11250.00000000001,Securitization (UMBS),103.19,4072.5,0.0,7177.5,-4072.5
5021749,285000.0,3.125,360,Refinancing,2021-09-17,103.19,101.09625,Smells Largo,14250.000000000013,Securitization (UMBS),103.19,5158.500000000002,0.0,9091.5,-5158.5
5021758,295000.0,2.99,360,Home purchase,2021-08-24,103.19,100.97125,Storgan Manley,14750.000000000013,Securitization (UMBS),103.19,5339.500000000002,0.0,9410.5,-5339.5
5021763,245000.0,2.875,240,Refinancing,2021-08-26,103.19,100.34625,Smells Largo,12250.000000000011,Securitization (UMBS),103.19,4434.500000000001,0.0,7815.5,-4434.5
5021768,95000.0,2.625,180,Cash-out refinance,2021-09-01,99.88,98.72375,Storgan Manley,4750.000000000005,Securitization (UMBS),99.88,4864.000000000013,0.0,-114.0,-4864.0
5021777,255000.0,2.99,360,Cash-out refinance,2021-09-03,103.19,101.69,Bank of Americans,12750.000000000011,Securitization (UMBS),103.19,4615.500000000001,0.0,8134.5,-4615.5
5021832,105000.0,2.94,360,Refinancing,2021-09-04,103.19,103.15875,Storgan Manley,5250.000000000005,Securitization (UMBS),103.19,1900.5000000000005,0.0,3349.5,-1900.5
5021835,245000.0,3.625,360,Cash-out refinance,2021-09-06,105.0,104.53125,Storgan Manley,12250.000000000011,Securitization (UMBS),105.0,0.0,0.0,12250.0,-0.0
5021848,235000.0,3.125,360,Home purchase,2021-09-08,104.17,102.07625,Storgan Manley,11750.000000000011,Securitization (UMBS),104.17,1950.4999999999945,0.0,9799.5,-1950.5
5021854,175000.0,2.99,360,Refinancing,2021-09-09,104.17,103.57625,Storgan Manley,8750.000000000007,Securitization (UMBS),104.17,1452.4999999999945,0.0,7297.5,-1452.5
5021857,405000.0,1.99,180,Cash-out refinance,2021-09-11,97.45,94.6375,Bank of Americans,20250.00000000002,Securitization (UMBS),97.45,30577.500000000007,0.0,-10327.5,-30577.5
5021887,445000.0,2.99,360,Cash-out refinance,2021-09-13,103.19,100.34625,Storgan Manley,22250.00000000002,Securitization (UMBS),103.19,8054.5,0.0,14195.5,-8054.5
5021891,295000.0,2.375,180,Cash-out refinance,2021-09-14,99.88,97.0675,Bank of Americans,14750.000000000013,Securitization (UMBS),99.88,15104.00000000004,0.0,-354.0,-15104.0
5021899,115000.0,3.5,360,Home purchase,2021-09-15,104.61,103.45375,Storgan Manley,5750.0000000000055,Securitization (UMBS),104.61,448.5000000000018,0.0,5301.5,-448.5
5021902,105000.0,3.5,360,Home purchase,2021-09-16,104.61,102.39125,Smells Largo,5250.000000000005,Securitization (UMBS),104.61,409.5000000000018,0.0,4840.5,-409.5
5021933,415000.0,3.25,360,Cash-out refinance,2021-09-17,104.61,102.64125,Storgan Manley,20750.00000000002,Securitization (UMBS),104.61,1618.5000000000073,0.0,19131.5,-1618.5
5021946,365000.0,3.25,348,Cash-out refinance,2021-08-10,104.61,101.95375,Smells Largo,18250.000000000015,Securitization (UMBS),104.61,1423.5000000000036,0.0,16826.5,-1423.5
5021955,125000.0,3.25,360,Home purchase,2021-08-24,104.61,102.64125,Smells Largo,6250.0000000000055,Securitization (UMBS),104.61,487.5000000000018,0.0,5762.5,-487.5
5022003,115000.0,2.5,180,Cash-out refinance,2021-08-26,99.88,97.91125,Storgan Manley,5750.0000000000055,Securitization (UMBS),99.88,5888.0000000000155,0.0,-138.0,-5888.0
5022069,85000.0,2.99,360,Refinancing,2021-08-31,103.19,103.28375,Storgan Manley,4250.000000000004,Whole Loan Sale,103.28375,1538.5000000000005,0.0,2791.19,-1458.81
5022081,725000.0,3.375,360,Cash-out refinance,2021-08-31,104.61,104.57875,Storgan Manley,36250.00000000003,Securitization (UMBS),104.61,2827.5000000000073,0.0,33422.5,-2827.5
5022112,445000.0,3.25,360,Home purchase,2021-09-01,104.61,103.26625,Storgan Manley,22250.00000000002,Securitization (UMBS),104.61,1735.5000000000036,0.0,20514.5,-1735.5
5022118,425000.0,2.75,360,Cash-out refinance,2021-09-02,103.19,103.15875,Storgan Manley,21250.00000000002,Securitization (UMBS),103.19,7692.500000000002,0.0,13557.5,-7692.5
5022146,315000.0,2.99,360,Refinancing,2021-09-02,103.19,101.84625,Smells Largo,15750.000000000015,Securitization (UMBS),103.19,5701.500000000002,0.0,10048.5,-5701.5
5022151,185000.0,3.625,360,Cash-out refinance,2021-09-02,105.0,103.84375,Storgan Manley,9250.00000000001,Securitization (UMBS),105.0,0.0,0.0,9250.0,-0.0
5022154,545000.0,2.25,360,Home purchase,2021-09-03,99.88,99.97375,Storgan Manley,27250.000000000025,Whole Loan Sale,99.97375,27904.000000000073,0.0,-143.06,-27393.06
5022161,335000.0,2.75,180,Refinancing,2021-09-03,103.19,102.59625,Storgan Manley,16750.000000000015,Securitization (UMBS),103.19,6063.500000000002,0.0,10686.5,-6063.5
5022171,245000.0,3.375,360,Cash-out refinance,2021-09-03,104.61,104.01625,Storgan Manley,12250.000000000011,Securitization (UMBS),104.61,955.5000000000036,0.0,11294.5,-955.5
5022176,495000.0,3.25,360,Cash-out refinance,2021-09-04,104.61,104.01625,Storgan Manley,24750.000000000022,Securitization (UMBS),104.61,1930.5000000000073,0.0,22819.5,-1930.5
5022209,305000.0,2.25,180,Refinancing,2021-09-06,99.88,99.41125,Storgan Manley,15250.000000000013,Securitization (UMBS),99.88,15616.00000000004,0.0,-366.0,-15616.0
5022211,405000.0,2.25,180,Refinancing,2021-09-06,99.88,99.97375,Storgan Manley,20250.00000000002,Whole Loan Sale,99.97375,20736.000000000055,0.0,-106.31,-20356.31
5022222,235000.0,2.375,156,Cash-out refinance,2021-09-09,99.88,99.28625,Storgan Manley,11750.000000000011,Securitization (UMBS),99.88,12032.000000000033,0.0,-282.0,-12032.0
5022226,105000.0,2.5,120,Refinancing,2021-09-09,99.88,99.41125,Storgan Manley,5250.000000000005,Securitization (UMBS),99.88,5376.000000000014,0.0,-126.0,-5376.0
5022244,335000.0,2.99,360,Refinancing,2021-09-10,103.19,102.72125,Storgan Manley,16750.000000000015,Securitization (UMBS),103.19,6063.500000000002,0.0,10686.5,-6063.5
5022251,205000.0,2.75,240,Refinancing,2021-09-10,103.19,102.59625,Storgan Manley,10250.00000000001,Securitization (UMBS),103.19,3710.500000000001,0.0,6539.5,-3710.5
5022264,515000.0,2.75,240,Refinancing,2021-09-11,103.19,100.34625,Storgan Manley,25750.000000000022,Securitization (UMBS),103.19,9321.5,0.0,16428.5,-9321.5
5022295,595000.0,3.19,360,Refinancing,2021-09-14,103.19,101.72125,Smells Largo,29750.000000000025,Securitization (UMBS),103.19,10769.500000000004,0.0,18980.5,-10769.5
5022327,755000.0,2.99,360,Refinancing,2021-09-16,103.19,101.15875,Smells Largo,37750.00000000004,Securitization (UMBS),103.19,13665.500000000007,0.0,24084.5,-13665.5
5022337,115000.0,2.75,360,Refinancing,2021-09-16,103.19,101.15875,Smells Largo,5750.0000000000055,Securitization (UMBS),103.19,2081.500000000001,0.0,3668.5,-2081.5
5022340,175000.0,2.75,360,Refinancing,2021-08-12,103.19,100.97125,Smells Largo,8750.000000000007,Securitization (UMBS),103.19,3167.5,0.0,5582.5,-3167.5
5022379,195000.0,2.875,360,Refinancing,2021-08-24,103.19,101.09625,Storgan Manley,9750.00000000001,Securitization (UMBS),103.19,3529.500000000002,0.0,6220.5,-3529.5
5022391,805000.0,3.125,360,Home purchase,2021-08-26,103.19,102.72125,Storgan Manley,40250.00000000004,Securitization (UMBS),103.19,14570.500000000004,0.0,25679.5,-14570.5
5022420,335000.0,3.625,360,Cash-out refinance,2021-08-30,104.61,102.76625,Storgan Manley,16750.000000000015,Securitization (UMBS),104.61,1306.5000000000055,0.0,15443.5,-1306.5
5022428,255000.0,2.99,360,Cash-out refinance,2021-08-31,103.19,102.53375,Smells Largo,12750.000000000011,Securitization (UMBS),103.19,4615.500000000001,0.0,8134.5,-4615.5
5022434,225000.0,2.99,240,Cash-out refinance,2021-09-01,103.19,101.22125,Storgan Manley,11250.00000000001,Securitization (UMBS),103.19,4072.5,0.0,7177.5,-4072.5
5022442,105000.0,2.5,180,Home purchase,2021-09-02,99.88,98.63,Bank of Americans,5250.000000000005,Securitization (UMBS),99.88,5376.000000000014,0.0,-126.0,-5376.0
5022475,245000.0,2.75,360,Refinancing,2021-09-02,103.19,102.59625,Storgan Manley,12250.000000000011,Securitization (UMBS),103.19,4434.500000000001,0.0,7815.5,-4434.5
5022484,355000.0,2.875,360,Refinancing,2021-09-02,103.19,102.72125,Storgan Manley,17750.000000000015,Securitization (UMBS),103.19,6425.5,0.0,11324.5,-6425.5
5022518,255000.0,2.99,360,Cash-out refinance,2021-09-03,103.19,102.59625,Storgan Manley,12750.000000000011,Securitization (UMBS),103.19,4615.500000000001,0.0,8134.5,-4615.5
5022529,135000.0,2.99,360,Cash-out refinance,2021-09-03,103.19,102.59625,Storgan Manley,6750.000000000006,Securitization (UMBS),103.19,2443.500000000001,0.0,4306.5,-2443.5
5022540,305000.0,2.25,180,Cash-out refinance,2021-09-03,99.88,99.97375,Storgan Manley,15250.000000000013,Whole Loan Sale,99.97375,15616.00000000004,0.0,-80.06,-15330.06
5022554,255000.0,2.75,360,Home purchase,2021-09-03,103.19,101.22125,Smells Largo,12750.000000000011,Securitization (UMBS),103.19,4615.500000000001,0.0,8134.5,-4615.5
5022638,1405000.0,2.875,360,Home purchase,2021-09-04,104.17,102.20125,Storgan Manley,70250.00000000006,Securitization (UMBS),104.17,11661.499999999956,0.0,58588.5,-11661.5
5022697,215000.0,2.99,360,Cash-out refinance,2021-09-04,103.19,101.2525,Bank of Americans,10750.00000000001,Securitization (UMBS),103.19,3891.500000000001,0.0,6858.5,-3891.5
5022704,175000.0,2.75,180,Cash-out refinance,2021-09-04,103.19,101.2525,Bank of Americans,8750.000000000007,Securitization (UMBS),103.19,3167.5,0.0,5582.5,-3167.5
5022725,185000.0,2.5,204,Refinancing,2021-09-04,99.88,98.41125,Smells Largo,9250.00000000001,Securitization (UMBS),99.88,9472.000000000025,0.0,-222.0,-9472.0
5022802,255000.0,3.25,360,Home purchase,2021-09-04,105.0,103.03125,Smells Largo,12750.000000000011,Securitization (UMBS),105.0,0.0,0.0,12750.0,-0.0
5022829,135000.0,2.99,240,Refinancing,2021-09-08,104.17,104.26375,Storgan Manley,6750.000000000006,Whole Loan Sale,104.26375,1120.4999999999973,0.0,5756.06,-993.94
5022841,165000.0,3.125,324,Refinancing,2021-09-10,104.17,102.88875,Storgan Manley,8250.000000000007,Securitization (UMBS),104.17,1369.4999999999955,0.0,6880.5,-1369.5
5022874,135000.0,3.25,360,Cash-out refinance,2021-09-10,104.61,102.57875,Smells Largo,6750.000000000006,Securitization (UMBS),104.61,526.5000000000027,0.0,6223.5,-526.5
5022902,305000.0,2.875,240,Refinancing,2021-09-11,103.19,103.28375,Storgan Manley,15250.000000000013,Whole Loan Sale,103.28375,5520.5,0.0,10015.44,-5234.56
5022924,205000.0,2.99,360,Refinancing,2021-09-14,103.19,101.15875,Smells Largo,10250.00000000001,Securitization (UMBS),103.19,3710.500000000001,0.0,6539.5,-3710.5
5022935,95000.0,2.5,180,Refinancing,2021-09-17,103.03,103.12375,Storgan Manley,4750.000000000005,Whole Loan Sale,103.12375,1871.500000000005,0.0,2967.56,-1782.44
5022943,215000.0,3.25,360,Refinancing,2021-09-17,104.61,103.95375,Smells Largo,10750.00000000001,Securitization (UMBS),104.61,838.5000000000018,0.0,9911.5,-838.5
5022994,515000.0,2.875,360,Cash-out refinance,2021-08-09,103.19,102.03375,Storgan Manley,25750.000000000022,Securitization (UMBS),103.19,9321.5,0.0,16428.5,-9321.5
5023031,105000.0,2.75,180,Refinancing,2021-09-01,103.19,101.84625,Smells Largo,5250.000000000005,Securitization (UMBS),103.19,1900.5000000000005,0.0,3349.5,-1900.5
5023071,315000.0,2.875,360,Home purchase,2021-09-02,103.19,101.94,Bank of Americans,15750.000000000015,Securitization (UMBS),103.19,5701.500000000002,0.0,10048.5,-5701.5
5023093,305000.0,2.875,360,Cash-out refinance,2021-09-02,103.19,100.3775,Bank of Americans,15250.000000000013,Securitization (UMBS),103.19,5520.5,0.0,9729.5,-5520.5
5023142,155000.0,2.875,360,Cash-out refinance,2021-09-03,103.19,101.03375,Smells Largo,7750.000000000007,Securitization (UMBS),103.19,2805.500000000001,0.0,4944.5,-2805.5
5023159,225000.0,2.99,360,Refinancing,2021-09-04,103.19,101.22125,Storgan Manley,11250.00000000001,Securitization (UMBS),103.19,4072.5,0.0,7177.5,-4072.5
5023207,155000.0,2.75,180,Refinancing,2021-09-04,103.19,102.59625,Storgan Manley,7750.000000000007,Securitization (UMBS),103.19,2805.500000000001,0.0,4944.5,-2805.5
5023221,245000.0,3.25,360,Refinancing,2021-09-06,104.61,104.01625,Storgan Manley,12250.000000000011,Securitization (UMBS),104.61,955.5000000000036,0.0,11294.5,-955.5
5023223,605000.0,3.19,360,Home purchase,2021-09-06,104.17,102.2325,Bank of Americans,30250.000000000025,Securitization (UMBS),104.17,5021.499999999982,0.0,25228.5,-5021.5
5023247,245000.0,2.875,360,Refinancing,2021-09-07,103.19,101.94,Bank of Americans,12250.000000000011,Securitization (UMBS),103.19,4434.500000000001,0.0,7815.5,-4434.5
5023274,85000.0,3.375,360,Home purchase,2021-09-08,104.61,102.45375,Smells Largo,4250.000000000004,Securitization (UMBS),104.61,331.5000000000009,0.0,3918.5,-331.5
5023291,355000.0,2.0,360,Refinancing,2021-09-08,97.45,95.98125,Smells Largo,17750.000000000015,Securitization (UMBS),97.45,26802.500000000004,0.0,-9052.5,-26802.5
5023342,85000.0,3.99,360,Refinancing,2021-09-08,105.77,105.30125,Storgan Manley,4250.000000000004,Securitization (UMBS),105.77,-654.4999999999845,0.0,4904.5,654.5
5023356,285000.0,2.875,360,Refinancing,2021-09-09,103.19,102.59625,Storgan Manley,14250.000000000013,Securitization (UMBS),103.19,5158.500000000002,0.0,9091.5,-5158.5
5023366,215000.0,3.5,360,Refinancing,2021-09-10,104.61,102.76625,Storgan Manley,10750.00000000001,Securitization (UMBS),104.61,838.5000000000018,0.0,9911.5,-838.5
5023367,195000.0,2.875,360,Refinancing,2021-09-10,103.19,101.03375,Smells Largo,9750.00000000001,Securitization (UMBS),103.19,3529.500000000002,0.0,6220.5,-3529.5
5023384,105000.0,2.25,180,Cash-out refinance,2021-09-10,99.88,97.84875,Smells Largo,5250.000000000005,Securitization (UMBS),99.88,5376.000000000014,0.0,-126.0,-5376.0
5023403,205000.0,2.75,180,Cash-out refinance,2021-09-11,103.19,101.90875,Storgan Manley,10250.00000000001,Securitization (UMBS),103.19,3710.500000000001,0.0,6539.5,-3710.5
5023464,95000.0,2.99,360,Refinancing,2021-09-11,103.19,102.59625,Storgan Manley,4750.000000000005,Securitization (UMBS),103.19,1719.500000000001,0.0,3030.5,-1719.5
5023553,245000.0,2.75,360,Refinancing,2021-09-11,103.19,101.03375,Smells Largo,12250.000000000011,Securitization (UMBS),103.19,4434.500000000001,0.0,7815.5,-4434.5
5023591,255000.0,3.375,360,Cash-out refinance,2021-09-13,104.61,104.14125,Storgan Manley,12750.000000000011,Securitization (UMBS),104.61,994.5000000000036,0.0,11755.5,-994.5
5023598,225000.0,2.25,180,Refinancing,2021-09-15,103.03,100.99875,Smells Largo,11250.00000000001,Securitization (UMBS),103.03,4432.500000000011,0.0,6817.5,-4432.5
5023633,575000.0,2.875,360,Refinancing,2021-09-16,103.19,101.94,Bank of Americans,28750.000000000025,Securitization (UMBS),103.19,10407.500000000004,0.0,18342.5,-10407.5
5023653,285000.0,2.99,360,Cash-out refinance,2021-09-16,103.19,101.72125,Smells Largo,14250.000000000013,Securitization (UMBS),103.19,5158.500000000002,0.0,9091.5,-5158.5
5023655,135000.0,2.875,240,Cash-out refinance,2021-09-16,103.19,101.2525,Bank of Americans,6750.000000000006,Securitization (UMBS),103.19,2443.500000000001,0.0,4306.5,-2443.5
5023665,115000.0,2.875,360,Refinancing,2021-09-01,103.19,103.28375,Storgan Manley,5750.0000000000055,Whole Loan Sale,103.28375,2081.500000000001,0.0,3776.31,-1973.69
5023712,125000.0,2.75,240,Refinancing,2021-09-02,103.19,101.90875,Storgan Manley,6250.0000000000055,Securitization (UMBS),103.19,2262.5000000000005,0.0,3987.5,-2262.5
5023719,595000.0,2.99,360,Cash-out refinance,2021-09-03,103.19,101.90875,Storgan Manley,29750.000000000025,Securitization (UMBS),103.19,10769.500000000004,0.0,18980.5,-10769.5
5023726,415000.0,1.875,180,Home purchase,2021-09-03,97.45,96.29375,Storgan Manley,20750.00000000002,Securitization (UMBS),97.45,31332.500000000007,0.0,-10582.5,-31332.5
5023730,725000.0,3.125,360,Cash-out refinance,2021-09-06,103.19,102.59625,Storgan Manley,36250.00000000003,Securitization (UMBS),103.19,13122.5,0.0,23127.5,-13122.5
5023735,85000.0,2.75,180,Refinancing,2021-09-06,103.19,101.22125,Storgan Manley,4250.000000000004,Securitization (UMBS),103.19,1538.5000000000005,0.0,2711.5,-1538.5
5023827,185000.0,2.99,360,Refinancing,2021-09-06,103.19,101.03375,Smells Largo,9250.00000000001,Securitization (UMBS),103.19,3348.500000000002,0.0,5901.5,-3348.5
5023870,105000.0,2.5,180,Cash-out refinance,2021-09-07,103.03,101.78,Bank of Americans,5250.000000000005,Securitization (UMBS),103.03,2068.500000000005,0.0,3181.5,-2068.5
5023884,125000.0,3.125,360,Refinancing,2021-09-07,103.19,101.22125,Storgan Manley,6250.0000000000055,Securitization (UMBS),103.19,2262.5000000000005,0.0,3987.5,-2262.5
5023897,485000.0,2.875,360,Refinancing,2021-09-09,103.19,102.03375,Storgan Manley,24250.000000000022,Securitization (UMBS),103.19,8778.500000000002,0.0,15471.5,-8778.5
5023906,105000.0,2.75,360,Cash-out refinance,2021-09-09,103.19,101.15875,Smells Largo,5250.000000000005,Securitization (UMBS),103.19,1900.5000000000005,0.0,3349.5,-1900.5
5023960,165000.0,2.99,360,Refinancing,2021-09-09,103.19,101.15875,Smells Largo,8250.000000000007,Securitization (UMBS),103.19,2986.500000000001,0.0,5263.5,-2986.5
5023975,245000.0,3.5,360,Cash-out refinance,2021-09-09,104.61,102.76625,Storgan Manley,12250.000000000011,Securitization (UMBS),104.61,955.5000000000036,0.0,11294.5,-955.5
5023989,175000.0,2.875,240,Cash-out refinance,2021-09-11,104.17,104.26375,Storgan Manley,8750.000000000007,Whole Loan Sale,104.26375,1452.4999999999945,0.0,7461.56,-1288.44
5024019,475000.0,1.99,180,Refinancing,2021-09-11,100.93,99.64875,Storgan Manley,23750.000000000022,Securitization (UMBS),100.93,19332.49999999998,0.0,4417.5,-19332.5
5021371,265000.0,2.875,360,Refinancing,2021-09-13,103.19,101.15875,Smells Largo,13250.000000000011,Securitization (UMBS),103.19,4796.5,0.0,8453.5,-4796.5
5021372,295000.0,3.375,360,Cash-out refinance,2021-09-15,105.0,103.03125,Storgan Manley,14750.000000000013,Securitization (UMBS),105.0,0.0,0.0,14750.0,-0.0
5021374,155000.0,2.99,360,Cash-out refinance,2021-09-15,104.17,102.01375,Smells Largo,7750.000000000007,Securitization (UMBS),104.17,1286.4999999999964,0.0,6463.5,-1286.5
5021376,205000.0,3.25,360,Refinancing,2021-09-15,104.61,103.36,Bank of Americans,10250.00000000001,Securitization (UMBS),104.61,799.5000000000036,0.0,9450.5,-799.5
5021384,235000.0,2.25,180,Cash-out refinance,2021-09-15,99.88,98.03625,Storgan Manley,11750.000000000011,Securitization (UMBS),99.88,12032.000000000033,0.0,-282.0,-12032.0
5021416,605000.0,2.99,360,Home purchase,2021-09-16,103.19,103.15875,Storgan Manley,30250.000000000025,Securitization (UMBS),103.19,10950.5,0.0,19299.5,-10950.5
5021431,205000.0,2.875,360,Cash-out refinance,2021-09-16,103.19,103.15875,Storgan Manley,10250.00000000001,Securitization (UMBS),103.19,3710.500000000001,0.0,6539.5,-3710.5
5021444,245000.0,2.625,240,Home purchase,2021-08-03,99.88,99.97375,Storgan Manley,12250.000000000011,Whole Loan Sale,99.97375,12544.000000000033,0.0,-64.31,-12314.31
5021468,95000.0,3.375,360,Home purchase,2021-08-24,104.61,104.57875,Storgan Manley,4750.000000000005,Securitization (UMBS),104.61,370.5000000000018,0.0,4379.5,-370.5
5021484,165000.0,2.375,180,Cash-out refinance,2021-08-25,99.88,99.28625,Storgan Manley,8250.000000000007,Securitization (UMBS),99.88,8448.000000000022,0.0,-198.0,-8448.0
5021492,275000.0,2.625,360,Home purchase,2021-09-01,99.88,99.84875,Storgan Manley,13750.000000000013,Securitization (UMBS),99.88,14080.000000000038,0.0,-330.0,-14080.0
5021505,205000.0,2.25,180,Refinancing,2021-09-03,99.88,99.16125,Storgan Manley,10250.00000000001,Securitization (UMBS),99.88,10496.000000000027,0.0,-246.0,-10496.0
5021540,125000.0,3.375,360,Cash-out refinance,2021-09-07,104.61,104.01625,Storgan Manley,6250.0000000000055,Securitization (UMBS),104.61,487.5000000000018,0.0,5762.5,-487.5
5021554,105000.0,2.5,180,Refinancing,2021-09-07,99.88,99.16125,Storgan Manley,5250.000000000005,Securitization (UMBS),99.88,5376.000000000014,0.0,-126.0,-5376.0
5021561,815000.0,3.375,360,Home purchase,2021-09-07,104.61,104.57875,Storgan Manley,40750.00000000004,Securitization (UMBS),104.61,3178.5000000000146,0.0,37571.5,-3178.5
5021568,175000.0,3.25,240,Refinancing,2021-09-08,104.61,103.32875,Storgan Manley,8750.000000000007,Securitization (UMBS),104.61,682.5000000000018,0.0,8067.5,-682.5
5021606,205000.0,3.375,360,Refinancing,2021-09-08,104.61,103.89125,Storgan Manley,10250.00000000001,Securitization (UMBS),104.61,799.5000000000036,0.0,9450.5,-799.5
5021621,365000.0,2.75,180,Cash-out refinance,2021-09-11,103.19,102.47125,Storgan Manley,18250.000000000015,Securitization (UMBS),103.19,6606.5,0.0,11643.5,-6606.5
5021630,145000.0,3.375,360,Cash-out refinance,2021-09-11,104.61,103.32875,Storgan Manley,7250.000000000006,Securitization (UMBS),104.61,565.5000000000018,0.0,6684.5,-565.5
5021638,185000.0,3.375,360,Refinancing,2021-09-13,104.61,102.5475,Bank of Americans,9250.00000000001,Securitization (UMBS),104.61,721.5000000000036,0.0,8528.5,-721.5
5021652,295000.0,2.25,180,Refinancing,2021-09-13,99.88,98.03625,Storgan Manley,14750.000000000013,Securitization (UMBS),99.88,15104.00000000004,0.0,-354.0,-15104.0
5021663,315000.0,2.875,240,Refinancing,2021-09-13,103.19,101.22125,Storgan Manley,15750.000000000015,Securitization (UMBS),103.19,5701.500000000002,0.0,10048.5,-5701.5
5021676,135000.0,2.75,360,Refinancing,2021-09-13,103.19,101.19,Bank of Americans,6750.000000000006,Securitization (UMBS),103.19,2443.500000000001,0.0,4306.5,-2443.5
5021702,535000.0,3.25,360,Cash-out refinance,2021-09-15,104.61,102.45375,Smells Largo,26750.000000000025,Securitization (UMBS),104.61,2086.500000000011,0.0,24663.5,-2086.5
5021737,485000.0,2.875,360,Home purchase,2021-09-15,103.19,101.03375,Smells Largo,24250.000000000022,Securitization (UMBS),103.19,8778.500000000002,0.0,15471.5,-8778.5
5021740,605000.0,2.99,360,Refinancing,2021-09-15,103.19,101.09625,Storgan Manley,30250.000000000025,Securitization (UMBS),103.19,10950.5,0.0,19299.5,-10950.5
5021754,225000.0,2.99,240,Cash-out refinance,2021-09-16,103.19,101.09625,Storgan Manley,11250.00000000001,Securitization (UMBS),103.19,4072.5,0.0,7177.5,-4072.5
5021827,515000.0,2.625,360,Home purchase,2021-09-16,99.88,98.41125,Smells Largo,25750.000000000022,Securitization (UMBS),99.88,26368.00000000007,5586.65,-618.0,-26368.0
5021852,225000.0,2.75,360,Home purchase,2021-09-17,103.19,101.72125,Smells Largo,11250.00000000001,Securitization (UMBS),103.19,4072.5,0.0,7177.5,-4072.5
5021874,345000.0,2.75,360,Cash-out refinance,2021-09-17,103.19,101.03375,Smells Largo,17250.000000000015,Securitization (UMBS),103.19,6244.500000000002,0.0,11005.5,-6244.5
5021881,515000.0,2.375,240,Refinancing,2021-08-25,99.88,97.72375,Smells Largo,25750.000000000022,Securitization (UMBS),99.88,26368.00000000007,0.0,-618.0,-26368.0
5021888,135000.0,2.75,180,Cash-out refinance,2021-09-02,104.17,102.82625,Smells Largo,6750.000000000006,Securitization (UMBS),104.17,1120.4999999999973,0.0,5629.5,-1120.5
5021923,65000.0,3.5,360,Cash-out refinance,2021-09-03,104.61,101.70375,Smells Largo,3250.0000000000027,Securitization (UMBS),104.61,253.5000000000009,0.0,2996.5,-253.5
5021983,425000.0,2.875,360,Home purchase,2021-09-03,103.19,101.15875,Smells Largo,21250.00000000002,Securitization (UMBS),103.19,7692.500000000002,456.5,13557.5,-7692.5
5021987,525000.0,3.25,360,Home purchase,2021-09-03,104.61,102.39125,Storgan Manley,26250.000000000022,Securitization (UMBS),104.61,2047.5000000000073,0.0,24202.5,-2047.5
5022011,605000.0,2.69,360,Refinancing,2021-09-03,99.88,97.59875,Smells Largo,30250.000000000025,Securitization (UMBS),99.88,30976.00000000008,0.0,-726.0,-30976.0
5022012,295000.0,2.875,240,Cash-out refinance,2021-09-04,103.19,100.90875,Smells Largo,14750.000000000013,Securitization (UMBS),103.19,5339.500000000002,0.0,9410.5,-5339.5
5022015,305000.0,1.99,360,Cash-out refinance,2021-09-06,100.93,100.46125,Storgan Manley,15250.000000000013,Securitization (UMBS),100.93,12413.499999999985,0.0,2836.5,-12413.5
5022063,435000.0,3.25,360,Cash-out refinance,2021-09-06,104.61,104.14125,Storgan Manley,21750.00000000002,Securitization (UMBS),104.61,1696.5000000000036,0.0,20053.5,-1696.5
5022071,85000.0,2.75,180,Refinancing,2021-09-07,103.19,101.94,Bank of Americans,4250.000000000004,Securitization (UMBS),103.19,1538.5000000000005,0.0,2711.5,-1538.5
5022079,85000.0,3.375,360,Cash-out refinance,2021-09-07,104.61,102.6725,Bank of Americans,4250.000000000004,Securitization (UMBS),104.61,331.5000000000009,0.0,3918.5,-331.5
5022093,235000.0,2.875,240,Cash-out refinance,2021-09-10,103.19,101.15875,Smells Largo,11750.000000000011,Securitization (UMBS),103.19,4253.500000000002,0.0,7496.5,-4253.5
5022094,305000.0,3.125,360,Refinancing,2021-09-11,103.19,101.90875,Storgan Manley,15250.000000000013,Securitization (UMBS),103.19,5520.5,0.0,9729.5,-5520.5
5022099,385000.0,2.875,360,Home purchase,2021-09-11,103.19,101.09625,Storgan Manley,19250.00000000002,Securitization (UMBS),103.19,6968.500000000004,0.0,12281.5,-6968.5
5022130,235000.0,2.875,360,Refinancing,2021-09-13,103.19,102.59625,Storgan Manley,11750.000000000011,Securitization (UMBS),103.19,4253.500000000002,0.0,7496.5,-4253.5
5022131,235000.0,2.75,360,Refinancing,2021-09-13,103.19,102.53375,Smells Largo,11750.000000000011,Securitization (UMBS),103.19,4253.500000000002,0.0,7496.5,-4253.5
5022138,235000.0,2.5,360,Cash-out refinance,2021-09-14,99.88,97.9425,Bank of Americans,11750.000000000011,Securitization (UMBS),99.88,12032.000000000033,0.0,-282.0,-12032.0
5022157,525000.0,2.69,360,Home purchase,2021-09-14,99.88,98.53625,Smells Largo,26250.000000000022,Securitization (UMBS),99.88,26880.00000000007,0.0,-630.0,-26880.0
5022217,235000.0,3.19,360,Home purchase,2021-09-14,103.19,101.72125,Smells Largo,11750.000000000011,Securitization (UMBS),103.19,4253.500000000002,0.0,7496.5,-4253.5
5022349,115000.0,2.94,360,Refinancing,2021-09-15,103.19,101.19,Bank of Americans,5750.0000000000055,Securitization (UMBS),103.19,2081.500000000001,0.0,3668.5,-2081.5
5022423,315000.0,2.99,360,Refinancing,2021-09-17,103.19,102.59625,Storgan Manley,15750.000000000015,Securitization (UMBS),103.19,5701.500000000002,0.0,10048.5,-5701.5
5022462,265000.0,2.99,360,Cash-out refinance,2021-09-17,103.19,103.28375,Storgan Manley,13250.000000000011,Whole Loan Sale,103.28375,4796.5,0.0,8701.94,-4548.06
5022494,175000.0,2.5,324,Refinancing,2021-07-20,99.88,97.84875,Smells Largo,8750.000000000007,Securitization (UMBS),99.88,8960.000000000024,0.0,-210.0,-8960.0
5022521,245000.0,2.99,360,Refinancing,2021-08-24,103.19,101.34625,Storgan Manley,12250.000000000011,Securitization (UMBS),103.19,4434.500000000001,0.0,7815.5,-4434.5
5022548,175000.0,2.625,180,Cash-out refinance,2021-08-25,99.88,99.09875,Smells Largo,8750.000000000007,Securitization (UMBS),99.88,8960.000000000024,0.0,-210.0,-8960.0
5022568,55000.0,3.375,360,Refinancing,2021-08-27,104.61,103.32875,Storgan Manley,2750.0000000000023,Securitization (UMBS),104.61,214.50000000000045,0.0,2535.5,-214.5
5022573,335000.0,2.75,240,Refinancing,2021-08-30,103.19,101.22125,Storgan Manley,16750.000000000015,Securitization (UMBS),103.19,6063.500000000002,0.0,10686.5,-6063.5
5022578,675000.0,3.375,360,Home purchase,2021-09-02,104.61,104.14125,Storgan Manley,33750.00000000003,Securitization (UMBS),104.61,2632.5000000000073,0.0,31117.5,-2632.5
5022604,205000.0,2.625,360,Refinancing,2021-09-02,99.88,97.9425,Bank of Americans,10250.00000000001,Securitization (UMBS),99.88,10496.000000000027,0.0,-246.0,-10496.0
5022625,195000.0,2.375,180,Cash-out refinance,2021-09-03,99.88,99.28625,Storgan Manley,9750.00000000001,Securitization (UMBS),99.88,9984.000000000027,0.0,-234.0,-9984.0
5022643,85000.0,3.375,360,Cash-out refinance,2021-09-04,104.61,102.76625,Storgan Manley,4250.000000000004,Securitization (UMBS),104.61,331.5000000000009,0.0,3918.5,-331.5
5022644,385000.0,2.875,360,Cash-out refinance,2021-09-04,103.19,101.03375,Smells Largo,19250.00000000002,Securitization (UMBS),103.19,6968.500000000004,0.0,12281.5,-6968.5
5022671,365000.0,3.75,360,Cash-out refinance,2021-09-04,105.77,104.48875,Storgan Manley,18250.000000000015,Securitization (UMBS),105.77,-2810.4999999999345,0.0,21060.5,2810.5
5022701,205000.0,3.25,360,Refinancing,2021-09-06,105.0,102.90625,Smells Largo,10250.00000000001,Securitization (UMBS),105.0,0.0,0.0,10250.0,-0.0
5022714,285000.0,3.375,360,Cash-out refinance,2021-09-06,104.61,104.70375,Storgan Manley,14250.000000000013,Whole Loan Sale,104.70375,1111.5000000000036,0.0,13405.69,-844.31
5022753,325000.0,2.75,240,Refinancing,2021-09-06,103.19,100.97125,Storgan Manley,16250.000000000015,Securitization (UMBS),103.19,5882.500000000002,0.0,10367.5,-5882.5
5022770,155000.0,2.99,324,Refinancing,2021-09-07,103.19,101.94,Bank of Americans,7750.000000000007,Securitization (UMBS),103.19,2805.500000000001,0.0,4944.5,-2805.5
5022777,365000.0,2.99,360,Cash-out refinance,2021-09-09,103.19,101.22125,Storgan Manley,18250.000000000015,Securitization (UMBS),103.19,6606.5,0.0,11643.5,-6606.5
5022856,195000.0,2.99,240,Refinancing,2021-09-09,103.19,101.84625,Smells Largo,9750.00000000001,Securitization (UMBS),103.19,3529.500000000002,0.0,6220.5,-3529.5
5022875,335000.0,2.5,360,Refinancing,2021-09-09,99.88,99.97375,Storgan Manley,16750.000000000015,Whole Loan Sale,99.97375,17152.000000000044,0.0,-87.94,-16837.94
5022948,285000.0,3.44,360,Cash-out refinance,2021-09-10,104.61,102.51625,Storgan Manley,14250.000000000013,Securitization (UMBS),104.61,1111.5000000000036,0.0,13138.5,-1111.5
5022970,525000.0,3.99,360,Refinancing,2021-09-11,105.77,105.30125,Storgan Manley,26250.000000000022,Securitization (UMBS),105.77,-4042.4999999999054,0.0,30292.5,4042.5
5022991,105000.0,3.25,324,Cash-out refinance,2021-09-11,104.61,103.45375,Storgan Manley,5250.000000000005,Securitization (UMBS),104.61,409.5000000000018,0.0,4840.5,-409.5
5023010,175000.0,2.99,360,Cash-out refinance,2021-09-14,103.19,102.03375,Storgan Manley,8750.000000000007,Securitization (UMBS),103.19,3167.5,0.0,5582.5,-3167.5
5023057,125000.0,2.625,180,Cash-out refinance,2021-09-16,99.88,97.9425,Bank of Americans,6250.0000000000055,Securitization (UMBS),99.88,6400.000000000016,0.0,-150.0,-6400.0
5023062,115000.0,3.375,360,Cash-out refinance,2021-09-16,104.61,102.51625,Storgan Manley,5750.0000000000055,Securitization (UMBS),104.61,448.5000000000018,0.0,5301.5,-448.5
5023084,185000.0,2.99,360,Cash-out refinance,2021-09-17,103.19,100.90875,Smells Largo,9250.00000000001,Securitization (UMBS),103.19,3348.500000000002,0.0,5901.5,-3348.5
5023111,245000.0,2.75,360,Refinancing,2021-09-01,103.19,101.72125,Smells Largo,12250.000000000011,Securitization (UMBS),103.19,4434.500000000001,0.0,7815.5,-4434.5
5023117,445000.0,3.25,360,Cash-out refinance,2021-09-01,104.61,102.76625,Storgan Manley,22250.00000000002,Securitization (UMBS),104.61,1735.5000000000036,0.0,20514.5,-1735.5
5023148,305000.0,3.19,360,Refinancing,2021-09-02,103.19,101.2525,Bank of Americans,15250.000000000013,Securitization (UMBS),103.19,5520.5,0.0,9729.5,-5520.5
5023191,345000.0,3.75,360,Cash-out refinance,2021-09-03,105.77,103.8325,Bank of Americans,17250.000000000015,Securitization (UMBS),105.77,-2656.499999999938,0.0,19906.5,2656.5
5023199,245000.0,2.625,180,Home purchase,2021-09-03,99.88,99.28625,Storgan Manley,12250.000000000011,Securitization (UMBS),99.88,12544.000000000033,0.0,-294.0,-12544.0
5023206,465000.0,2.99,360,Home purchase,2021-09-04,103.19,101.03375,Smells Largo,23250.000000000022,Securitization (UMBS),103.19,8416.500000000004,0.0,14833.5,-8416.5
5023243,465000.0,1.99,180,Refinancing,2021-09-06,100.93,98.83625,Storgan Manley,23250.000000000022,Securitization (UMBS),100.93,18925.49999999998,0.0,4324.5,-18925.5
5023255,355000.0,2.875,360,Home purchase,2021-09-06,103.19,102.03375,Storgan Manley,17750.000000000015,Securitization (UMBS),103.19,6425.5,0.0,11324.5,-6425.5
5023415,235000.0,1.99,180,Refinancing,2021-09-07,97.45,96.2,Bank of Americans,11750.000000000011,Securitization (UMBS),97.45,17742.500000000004,0.0,-5992.5,-17742.5
5023438,235000.0,2.75,360,Refinancing,2021-09-07,103.19,101.22125,Storgan Manley,11750.000000000011,Securitization (UMBS),103.19,4253.500000000002,0.0,7496.5,-4253.5
5023517,235000.0,2.875,240,Refinancing,2021-09-07,103.19,103.28375,Storgan Manley,11750.000000000011,Whole Loan Sale,103.28375,4253.500000000002,0.0,7716.81,-4033.19
5023524,145000.0,2.75,360,Cash-out refinance,2021-09-08,103.19,101.94,Bank of Americans,7250.000000000006,Securitization (UMBS),103.19,2624.500000000001,0.0,4625.5,-2624.5
5023534,105000.0,2.375,180,Refinancing,2021-09-09,99.88,97.88,Bank of Americans,5250.000000000005,Securitization (UMBS),99.88,5376.000000000014,0.0,-126.0,-5376.0
5023540,195000.0,2.625,180,Cash-out refinance,2021-09-09,99.88,98.63,Bank of Americans,9750.00000000001,Securitization (UMBS),99.88,9984.000000000027,0.0,-234.0,-9984.0
5023602,265000.0,2.875,300,Cash-out refinance,2021-09-11,103.19,101.2525,Bank of Americans,13250.000000000011,Securitization (UMBS),103.19,4796.5,0.0,8453.5,-4796.5
5023610,525000.0,2.99,300,Refinancing,2021-09-11,103.19,102.40875,Smells Largo,26250.000000000022,Securitization (UMBS),103.19,9502.5,0.0,16747.5,-9502.5
5023696,175000.0,2.5,180,Refinancing,2021-09-11,99.88,98.63,Bank of Americans,8750.000000000007,Securitization (UMBS),99.88,8960.000000000024,0.0,-210.0,-8960.0
5023757,215000.0,3.5,360,Refinancing,2021-09-14,104.61,104.70375,Storgan Manley,10750.00000000001,Whole Loan Sale,104.70375,838.5000000000018,0.0,10113.06,-636.94
5023792,105000.0,2.99,360,Cash-out refinance,2021-09-15,103.19,101.2525,Bank of Americans,5250.000000000005,Securitization (UMBS),103.19,1900.5000000000005,0.0,3349.5,-1900.5
5023902,545000.0,2.99,360,Home purchase,2021-09-15,103.19,101.15875,Smells Largo,27250.000000000025,Securitization (UMBS),103.19,9864.500000000004,0.0,17385.5,-9864.5
5023919,535000.0,3.125,360,Home purchase,2021-09-16,103.19,103.28375,Storgan Manley,26750.000000000025,Whole Loan Sale,103.28375,9683.500000000004,0.0,17568.06,-9181.94
5023935,385000.0,2.875,360,Home purchase,2021-09-17,103.19,101.15875,Smells Largo,19250.00000000002,Securitization (UMBS),103.19,6968.500000000004,0.0,12281.5,-6968.5
5023967,125000.0,2.875,240,Refinancing,2021-09-17,103.19,100.5025,Bank of Americans,6250.0000000000055,Securitization (UMBS),103.19,2262.5000000000005,0.0,3987.5,-2262.5
5023992,105000.0,2.75,120,Refinancing,2021-07-15,103.19,102.59625,Storgan Manley,5250.000000000005,Securitization (UMBS),103.19,1900.5000000000005,0.0,3349.5,-1900.5
5024017,545000.0,2.25,240,Home purchase,2021-08-10,99.88,98.72375,Storgan Manley,27250.000000000025,Securitization (UMBS),99.88,27904.000000000073,0.0,-654.0,-27904.0
5021519,295000.0,1.99,120,Refinancing,2021-08-24,97.45,96.85625,Storgan Manley,14750.000000000013,Securitization (UMBS),97.45,22272.500000000004,0.0,-7522.5,-22272.5
5021526,165000.0,3.75,360,Cash-out refinance,2021-08-28,105.77,103.80125,Storgan Manley,8250.000000000007,Securitization (UMBS),105.77,-1270.499999999971,0.0,9520.5,1270.5
5021530,105000.0,2.75,180,Cash-out refinance,2021-08-31,103.19,102.40875,Smells Largo,5250.000000000005,Securitization (UMBS),103.19,1900.5000000000005,0.0,3349.5,-1900.5
5021542,325000.0,3.375,360,Home purchase,2021-09-01,104.61,104.01625,Storgan Manley,16250.000000000015,Securitization (UMBS),104.61,1267.5000000000055,0.0,14982.5,-1267.5
5021545,135000.0,3.375,360,Refinancing,2021-09-03,104.61,102.6725,Bank of Americans,6750.000000000006,Securitization (UMBS),104.61,526.5000000000027,0.0,6223.5,-526.5
5021555,165000.0,2.375,132,Cash-out refinance,2021-09-03,99.88,98.41125,Smells Largo,8250.000000000007,Securitization (UMBS),99.88,8448.000000000022,0.0,-198.0,-8448.0
5021591,545000.0,3.25,360,Cash-out refinance,2021-09-04,104.61,102.45375,Smells Largo,27250.000000000025,Securitization (UMBS),104.61,2125.500000000011,0.0,25124.5,-2125.5
5021617,315000.0,2.5,180,Refinancing,2021-09-06,99.88,97.88,Bank of Americans,15750.000000000015,Securitization (UMBS),99.88,16128.000000000044,0.0,-378.0,-16128.0
5021667,545000.0,2.99,360,Refinancing,2021-09-07,103.19,102.59625,Storgan Manley,27250.000000000025,Securitization (UMBS),103.19,9864.500000000004,0.0,17385.5,-9864.5
5021684,305000.0,3.25,360,Cash-out refinance,2021-09-08,104.61,102.6725,Bank of Americans,15250.000000000013,Securitization (UMBS),104.61,1189.5000000000036,0.0,14060.5,-1189.5
5021697,245000.0,3.5,360,Home purchase,2021-09-11,104.61,102.51625,Smells Largo,12250.000000000011,Securitization (UMBS),104.61,955.5000000000036,0.0,11294.5,-955.5
5021803,115000.0,2.875,240,Refinancing,2021-09-13,103.19,102.78375,Storgan Manley,5750.0000000000055,Securitization (UMBS),103.19,2081.500000000001,0.0,3668.5,-2081.5
5021808,785000.0,2.75,360,Refinancing,2021-09-13,103.19,101.15875,Smells Largo,39250.00000000004,Securitization (UMBS),103.19,14208.500000000004,0.0,25041.5,-14208.5
5021910,195000.0,2.99,360,Refinancing,2021-09-14,103.19,101.84625,Smells Largo,9750.00000000001,Securitization (UMBS),103.19,3529.500000000002,0.0,6220.5,-3529.5
5021920,425000.0,2.375,180,Cash-out refinance,2021-09-15,99.88,98.59875,Storgan Manley,21250.00000000002,Securitization (UMBS),99.88,21760.00000000006,0.0,-510.0,-21760.0
5021944,285000.0,2.99,360,Home purchase,2021-09-15,103.19,101.2525,Bank of Americans,14250.000000000013,Securitization (UMBS),103.19,5158.500000000002,0.0,9091.5,-5158.5
5022075,125000.0,2.99,360,Home purchase,2021-09-16,103.19,102.78375,Smells Largo,6250.0000000000055,Securitization (UMBS),103.19,2262.5000000000005,0.0,3987.5,-2262.5
5022107,255000.0,2.99,360,Cash-out refinance,2021-09-16,103.19,103.28375,Storgan Manley,12750.000000000011,Whole Loan Sale,103.28375,4615.500000000001,0.0,8373.56,-4376.44
5022185,295000.0,2.425,360,Cash-out refinance,2021-09-16,99.88,99.22375,Smells Largo,14750.000000000013,Securitization (UMBS),99.88,15104.00000000004,0.0,-354.0,-15104.0
5022195,395000.0,2.875,360,Refinancing,2021-09-16,103.19,102.72125,Storgan Manley,19750.00000000002,Securitization (UMBS),103.19,7149.500000000002,0.0,12600.5,-7149.5
5022199,235000.0,1.99,180,Refinancing,2021-09-16,97.45,95.45,Bank of Americans,11750.000000000011,Securitization (UMBS),97.45,17742.500000000004,0.0,-5992.5,-17742.5
5022229,155000.0,2.875,360,Home purchase,2021-08-21,103.19,102.72125,Storgan Manley,7750.000000000007,Securitization (UMBS),103.19,2805.500000000001,0.0,4944.5,-2805.5
5022234,315000.0,2.99,360,Refinancing,2021-08-25,104.17,103.70125,Storgan Manley,15750.000000000015,Securitization (UMBS),104.17,2614.4999999999927,0.0,13135.5,-2614.5
5022239,245000.0,3.5,360,Refinancing,2021-08-28,104.61,104.14125,Storgan Manley,12250.000000000011,Securitization (UMBS),104.61,955.5000000000036,0.0,11294.5,-955.5
5022246,285000.0,2.625,168,Refinancing,2021-08-30,99.88,99.41125,Storgan Manley,14250.000000000013,Securitization (UMBS),99.88,14592.000000000038,0.0,-342.0,-14592.0
5022288,355000.0,2.69,360,Cash-out refinance,2021-09-01,99.88,97.78625,Storgan Manley,17750.000000000015,Securitization (UMBS),99.88,18176.000000000047,0.0,-426.0,-18176.0
5022304,205000.0,2.99,360,Refinancing,2021-09-01,103.19,101.90875,Storgan Manley,10250.00000000001,Securitization (UMBS),103.19,3710.500000000001,0.0,6539.5,-3710.5
5022334,385000.0,3.5,360,Cash-out refinance,2021-09-01,104.61,102.51625,Storgan Manley,19250.00000000002,Securitization (UMBS),104.61,1501.5000000000073,0.0,17748.5,-1501.5
5022335,155000.0,2.875,360,Home purchase,2021-09-02,104.17,102.32625,Storgan Manley,7750.000000000007,Securitization (UMBS),104.17,1286.4999999999964,0.0,6463.5,-1286.5
5022368,165000.0,2.375,180,Refinancing,2021-09-02,99.88,98.72375,Storgan Manley,8250.000000000007,Securitization (UMBS),99.88,8448.000000000022,0.0,-198.0,-8448.0
5022396,205000.0,3.5,360,Home purchase,2021-09-06,104.61,104.01625,Storgan Manley,10250.00000000001,Securitization (UMBS),104.61,799.5000000000036,0.0,9450.5,-799.5
5022414,145000.0,2.375,180,Refinancing,2021-09-06,99.88,98.72375,Storgan Manley,7250.000000000006,Securitization (UMBS),99.88,7424.000000000019,0.0,-174.0,-7424.0
5022421,325000.0,2.25,180,Refinancing,2021-09-07,99.88,98.63,Bank of Americans,16250.000000000015,Securitization (UMBS),99.88,16640.000000000044,0.0,-390.0,-16640.0
5022507,265000.0,2.5,360,Refinancing,2021-09-13,99.88,99.91125,Smells Largo,13250.000000000011,Whole Loan Sale,99.91125,13568.000000000035,0.0,-235.19,-13485.19
5022514,655000.0,2.75,360,Cash-out refinance,2021-09-13,103.19,101.22125,Storgan Manley,32750.00000000003,Securitization (UMBS),103.19,11855.500000000004,0.0,20894.5,-11855.5
5022549,645000.0,3.19,360,Cash-out refinance,2021-09-14,103.19,102.53375,Smells Largo,32250.00000000003,Securitization (UMBS),103.19,11674.500000000004,0.0,20575.5,-11674.5
5022584,255000.0,3.14,360,Cash-out refinance,2021-09-15,103.19,102.03375,Storgan Manley,12750.000000000011,Securitization (UMBS),103.19,4615.500000000001,0.0,8134.5,-4615.5
5022601,165000.0,2.875,360,Refinancing,2021-09-16,103.19,101.19,Bank of Americans,8250.000000000007,Securitization (UMBS),103.19,2986.500000000001,0.0,5263.5,-2986.5
5022677,335000.0,2.69,360,Refinancing,2021-09-16,99.88,98.47375,Storgan Manley,16750.000000000015,Securitization (UMBS),99.88,17152.000000000044,0.0,-402.0,-17152.0
5022692,945000.0,2.99,360,Home purchase,2021-08-28,104.17,103.70125,Storgan Manley,47250.000000000044,Securitization (UMBS),104.17,7843.499999999978,0.0,39406.5,-7843.5
5022719,295000.0,2.875,360,Refinancing,2021-08-24,103.19,101.90875,Storgan Manley,14750.000000000013,Securitization (UMBS),103.19,5339.500000000002,0.0,9410.5,-5339.5
5022733,255000.0,2.69,360,Refinancing,2021-08-26,99.88,97.9425,Bank of Americans,12750.000000000011,Securitization (UMBS),99.88,13056.000000000035,0.0,-306.0,-13056.0
5022748,135000.0,2.625,180,Cash-out refinance,2021-08-28,99.88,98.59875,Storgan Manley,6750.000000000006,Securitization (UMBS),99.88,6912.000000000018,0.0,-162.0,-6912.0
5022797,305000.0,2.875,360,Cash-out refinance,2021-08-30,103.19,101.72125,Smells Largo,15250.000000000013,Securitization (UMBS),103.19,5520.5,0.0,9729.5,-5520.5
5022809,255000.0,2.99,360,Refinancing,2021-08-31,103.19,102.59625,Storgan Manley,12750.000000000011,Securitization (UMBS),103.19,4615.500000000001,0.0,8134.5,-4615.5
5022819,245000.0,2.75,360,Cash-out refinance,2021-09-01,103.19,103.28375,Storgan Manley,12250.000000000011,Whole Loan Sale,103.28375,4434.500000000001,0.0,8045.19,-4204.81
5022832,125000.0,3.375,324,Cash-out refinance,2021-09-01,104.61,102.64125,Storgan Manley,6250.0000000000055,Securitization (UMBS),104.61,487.5000000000018,0.0,5762.5,-487.5
5022868,85000.0,3.25,360,Cash-out refinance,2021-09-02,104.61,104.01625,Storgan Manley,4250.000000000004,Securitization (UMBS),104.61,331.5000000000009,0.0,3918.5,-331.5
5022887,125000.0,2.5,180,Cash-out refinance,2021-09-03,99.88,100.59875,Smells Largo,6250.0000000000055,Whole Loan Sale,100.59875,6400.000000000016,0.0,748.44,-5501.56
5022911,175000.0,2.875,240,Refinancing,2021-09-03,103.19,101.2525,Bank of Americans,8750.000000000007,Securitization (UMBS),103.19,3167.5,0.0,5582.5,-3167.5
5022926,235000.0,2.99,360,Cash-out refinance,2021-09-03,103.19,102.59625,Storgan Manley,11750.000000000011,Securitization (UMBS),103.19,4253.500000000002,0.0,7496.5,-4253.5
5022931,345000.0,2.25,180,Refinancing,2021-09-03,99.88,98.59875,Storgan Manley,17250.000000000015,Securitization (UMBS),99.88,17664.000000000047,0.0,-414.0,-17664.0
5022954,265000.0,2.99,360,Refinancing,2021-09-04,103.19,101.09625,Storgan Manley,13250.000000000011,Securitization (UMBS),103.19,4796.5,0.0,8453.5,-4796.5
5022955,275000.0,2.375,360,Refinancing,2021-09-06,99.88,99.28625,Storgan Manley,13750.000000000013,Securitization (UMBS),99.88,14080.000000000038,0.0,-330.0,-14080.0
5022980,175000.0,3.5,360,Refinancing,2021-09-07,104.61,104.01625,Storgan Manley,8750.000000000007,Securitization (UMBS),104.61,682.5000000000018,0.0,8067.5,-682.5
5022986,225000.0,3.25,360,Cash-out refinance,2021-09-08,104.61,103.26625,Smells Largo,11250.00000000001,Securitization (UMBS),104.61,877.5000000000018,0.0,10372.5,-877.5
5023018,315000.0,3.375,360,Refinancing,2021-09-09,104.61,105.20375,Smells Largo,15750.000000000015,Whole Loan Sale,105.20375,1228.5000000000055,0.0,16391.81,641.81
5023025,245000.0,2.25,180,Refinancing,2021-09-11,99.88,97.78625,Storgan Manley,12250.000000000011,Securitization (UMBS),99.88,12544.000000000033,0.0,-294.0,-12544.0
5023064,145000.0,2.75,360,Refinancing,2021-09-13,103.19,103.28375,Storgan Manley,7250.000000000006,Whole Loan Sale,103.28375,2624.500000000001,0.0,4761.44,-2488.56
5023072,345000.0,2.125,120,Refinancing,2021-09-13,97.45,96.16875,Storgan Manley,17250.000000000015,Securitization (UMBS),97.45,26047.500000000004,0.0,-8797.5,-26047.5
5023079,165000.0,2.0,360,Home purchase,2021-09-14,97.45,95.48125,Storgan Manley,8250.000000000007,Securitization (UMBS),97.45,12457.500000000002,0.0,-4207.5,-12457.5
5023090,525000.0,2.94,360,Home purchase,2021-09-14,103.19,101.84625,Smells Largo,26250.000000000022,Securitization (UMBS),103.19,9502.5,0.0,16747.5,-9502.5
5023196,165000.0,2.875,360,Cash-out refinance,2021-09-15,104.17,104.26375,Storgan Manley,8250.000000000007,Whole Loan Sale,104.26375,1369.4999999999955,0.0,7035.19,-1214.81
5023216,265000.0,2.875,360,Refinancing,2021-09-15,103.19,101.94,Bank of Americans,13250.000000000011,Securitization (UMBS),103.19,4796.5,0.0,8453.5,-4796.5
5023224,75000.0,2.75,180,Refinancing,2021-09-16,103.19,101.09625,Storgan Manley,3750.000000000003,Securitization (UMBS),103.19,1357.5,0.0,2392.5,-1357.5
5023231,425000.0,2.99,360,Cash-out refinance,2021-09-16,103.19,101.90875,Storgan Manley,21250.00000000002,Securitization (UMBS),103.19,7692.500000000002,0.0,13557.5,-7692.5
5023234,185000.0,3.25,360,Cash-out refinance,2021-09-17,104.61,104.70375,Storgan Manley,9250.00000000001,Whole Loan Sale,104.70375,721.5000000000036,0.0,8701.94,-548.06
5023249,265000.0,2.875,360,Home purchase,2021-09-09,103.19,102.59625,Storgan Manley,13250.000000000011,Securitization (UMBS),103.19,4796.5,0.0,8453.5,-4796.5
5023259,215000.0,3.375,360,Refinancing,2021-08-25,104.61,102.32875,Smells Largo,10750.00000000001,Securitization (UMBS),104.61,838.5000000000018,0.0,9911.5,-838.5
5023261,205000.0,3.25,240,Cash-out refinance,2021-08-25,104.61,103.32875,Storgan Manley,10250.00000000001,Securitization (UMBS),104.61,799.5000000000036,0.0,9450.5,-799.5
5023308,335000.0,1.99,180,Refinancing,2021-08-31,97.45,95.60625,Storgan Manley,16750.000000000015,Securitization (UMBS),97.45,25292.500000000004,0.0,-8542.5,-25292.5
5023313,245000.0,2.875,240,Refinancing,2021-09-01,103.19,101.34625,Storgan Manley,12250.000000000011,Securitization (UMBS),103.19,4434.500000000001,0.0,7815.5,-4434.5
5023330,115000.0,2.875,360,Refinancing,2021-09-02,103.19,101.22125,Storgan Manley,5750.0000000000055,Securitization (UMBS),103.19,2081.500000000001,0.0,3668.5,-2081.5
5023347,105000.0,2.875,360,Refinancing,2021-09-03,103.19,101.22125,Storgan Manley,5250.000000000005,Securitization (UMBS),103.19,1900.5000000000005,0.0,3349.5,-1900.5
5023352,225000.0,2.99,240,Cash-out refinance,2021-09-03,103.19,103.28375,Storgan Manley,11250.00000000001,Whole Loan Sale,103.28375,4072.5,0.0,7388.44,-3861.56
5023358,625000.0,2.99,360,Home purchase,2021-09-04,103.19,101.03375,Smells Largo,31250.00000000003,Securitization (UMBS),103.19,11312.500000000004,0.0,19937.5,-11312.5
5023377,1165000.0,2.875,360,Refinancing,2021-09-06,103.19,102.53375,PJ Logan,58250.00000000005,Securitization (UMBS),103.19,21086.500000000007,0.0,37163.5,-21086.5
5023411,385000.0,2.99,360,Cash-out refinance,2021-09-06,103.19,102.22125,Storgan Manley,19250.00000000002,Securitization (UMBS),103.19,6968.500000000004,0.0,12281.5,-6968.5
5023417,105000.0,2.99,180,Cash-out refinance,2021-09-08,103.19,102.72125,Storgan Manley,5250.000000000005,Securitization (UMBS),103.19,1900.5000000000005,0.0,3349.5,-1900.5
5023462,195000.0,2.375,120,Refinancing,2021-09-10,103.03,102.18625,Storgan Manley,9750.00000000001,Securitization (UMBS),103.03,3841.50000000001,0.0,5908.5,-3841.5
5023469,205000.0,2.125,180,Cash-out refinance,2021-09-13,97.45,96.35625,Storgan Manley,10250.00000000001,Securitization (UMBS),97.45,15477.500000000004,0.0,-5227.5,-15477.5
5023496,445000.0,2.75,360,Cash-out refinance,2021-09-13,104.17,103.76375,Storgan Manley,22250.00000000002,Securitization (UMBS),104.17,3693.4999999999854,0.0,18556.5,-3693.5
5023507,205000.0,2.99,360,Cash-out refinance,2021-09-13,103.19,102.90875,Storgan Manley,10250.00000000001,Securitization (UMBS),103.19,3710.500000000001,0.0,6539.5,-3710.5
5023570,105000.0,2.99,180,Cash-out refinance,2021-09-13,103.19,102.22125,Storgan Manley,5250.000000000005,Securitization (UMBS),103.19,1900.5000000000005,0.0,3349.5,-1900.5
5023579,255000.0,2.99,360,Refinancing,2021-09-14,103.19,102.72125,Storgan Manley,12750.000000000011,Securitization (UMBS),103.19,4615.500000000001,0.0,8134.5,-4615.5
5023581,355000.0,2.5,240,Cash-out refinance,2021-09-15,99.88,99.41125,Storgan Manley,17750.000000000015,Securitization (UMBS),99.88,18176.000000000047,0.0,-426.0,-18176.0
5023587,175000.0,2.875,360,Cash-out refinance,2021-09-16,104.17,103.32625,Storgan Manley,8750.000000000007,Securitization (UMBS),104.17,1452.4999999999945,0.0,7297.5,-1452.5
5023644,255000.0,2.375,360,Refinancing,2021-09-16,99.88,99.97375,Storgan Manley,12750.000000000011,Whole Loan Sale,99.97375,13056.000000000035,0.0,-66.94,-12816.94
5023692,415000.0,3.5,360,Home purchase,2021-09-16,104.61,103.64125,Storgan Manley,20750.00000000002,Securitization (UMBS),104.61,1618.5000000000073,0.0,19131.5,-1618.5
5023705,365000.0,2.99,180,Cash-out refinance,2021-09-17,103.19,101.59625,Storgan Manley,18250.000000000015,Securitization (UMBS),103.19,6606.5,0.0,11643.5,-6606.5
5023717,125000.0,3.25,360,Refinancing,2021-08-24,104.61,103.26625,Storgan Manley,6250.0000000000055,Securitization (UMBS),104.61,487.5000000000018,0.0,5762.5,-487.5
5023782,295000.0,3.25,360,Refinancing,2021-08-25,104.61,104.01625,Storgan Manley,14750.000000000013,Securitization (UMBS),104.61,1150.5000000000036,0.0,13599.5,-1150.5
5023787,425000.0,3.25,360,Home purchase,2021-08-26,104.61,104.70375,Storgan Manley,21250.00000000002,Whole Loan Sale,104.70375,1657.5000000000073,0.0,19990.94,-1259.06
5023835,175000.0,2.75,360,Home purchase,2021-08-27,103.19,102.15875,PJ Logan,8750.000000000007,Securitization (UMBS),103.19,3167.5,0.0,5582.5,-3167.5
5023882,465000.0,2.875,360,Refinancing,2021-08-28,103.19,102.15875,PJ Logan,23250.000000000022,Securitization (UMBS),103.19,8416.500000000004,0.0,14833.5,-8416.5
5023883,515000.0,2.25,180,Refinancing,2021-08-30,99.88,98.91125,Storgan Manley,25750.000000000022,Securitization (UMBS),99.88,26368.00000000007,0.0,-618.0,-26368.0
5023920,345000.0,2.25,180,Cash-out refinance,2021-08-31,99.88,99.59875,Storgan Manley,17250.000000000015,Securitization (UMBS),99.88,17664.000000000047,0.0,-414.0,-17664.0
5021391,85000.0,3.25,360,Cash-out refinance,2021-09-01,105.0,103.96875,PJ Logan,4250.000000000004,Securitization (UMBS),105.0,0.0,0.0,4250.0,-0.0
5021406,105000.0,2.75,180,Refinancing,2021-09-01,103.19,102.59625,Storgan Manley,5250.000000000005,Securitization (UMBS),103.19,1900.5000000000005,0.0,3349.5,-1900.5
5021456,495000.0,2.75,360,Cash-out refinance,2021-09-02,103.19,102.34625,Storgan Manley,24750.000000000022,Securitization (UMBS),103.19,8959.500000000002,0.0,15790.5,-8959.5
5021499,465000.0,2.25,180,Refinancing,2021-09-02,99.88,99.41125,Storgan Manley,23250.000000000022,Securitization (UMBS),99.88,23808.000000000065,0.0,-558.0,-23808.0
5021515,215000.0,2.75,360,Cash-out refinance,2021-09-02,104.17,103.32625,Storgan Manley,10750.00000000001,Securitization (UMBS),104.17,1784.4999999999945,0.0,8965.5,-1784.5
5021550,655000.0,3.5,360,Cash-out refinance,2021-09-04,104.61,103.26625,Storgan Manley,32750.00000000003,Securitization (UMBS),104.61,2554.500000000011,0.0,30195.5,-2554.5
5021562,155000.0,3.125,360,Refinancing,2021-09-04,104.17,103.70125,Storgan Manley,7750.000000000007,Securitization (UMBS),104.17,1286.4999999999964,0.0,6463.5,-1286.5
5021566,255000.0,3.125,288,Refinancing,2021-09-04,103.19,102.90875,Storgan Manley,12750.000000000011,Securitization (UMBS),103.19,4615.500000000001,0.0,8134.5,-4615.5
5021610,215000.0,3.25,360,Cash-out refinance,2021-09-08,104.61,104.32875,Storgan Manley,10750.00000000001,Securitization (UMBS),104.61,838.5000000000018,0.0,9911.5,-838.5
5021665,525000.0,2.94,360,Refinancing,2021-09-08,103.19,102.59625,Storgan Manley,26250.000000000022,Securitization (UMBS),103.19,9502.5,0.0,16747.5,-9502.5
5021725,205000.0,2.75,360,Cash-out refinance,2021-09-09,103.19,102.22125,Storgan Manley,10250.00000000001,Securitization (UMBS),103.19,3710.500000000001,0.0,6539.5,-3710.5
5021731,655000.0,3.125,360,Home purchase,2021-09-10,103.19,102.59625,Storgan Manley,32750.00000000003,Securitization (UMBS),103.19,11855.500000000004,0.0,20894.5,-11855.5
5021742,355000.0,3.125,360,Home purchase,2021-09-10,103.19,102.34625,Storgan Manley,17750.000000000015,Securitization (UMBS),103.19,6425.5,0.0,11324.5,-6425.5
5021782,465000.0,2.94,360,Refinancing,2021-09-10,103.19,102.34625,Storgan Manley,23250.000000000022,Securitization (UMBS),103.19,8416.500000000004,0.0,14833.5,-8416.5
5021796,95000.0,3.375,360,Cash-out refinance,2021-09-10,104.61,104.14125,Storgan Manley,4750.000000000005,Securitization (UMBS),104.61,370.5000000000018,0.0,4379.5,-370.5
5021804,265000.0,3.375,360,Cash-out refinance,2021-09-11,104.61,103.76625,Storgan Manley,13250.000000000011,Securitization (UMBS),104.61,1033.5000000000036,0.0,12216.5,-1033.5
5021819,455000.0,2.875,360,Home purchase,2021-09-13,103.19,102.53375,PJ Logan,22750.000000000022,Securitization (UMBS),103.19,8235.500000000004,0.0,14514.5,-8235.5
5021866,125000.0,2.875,360,Cash-out refinance,2021-09-16,103.19,102.22125,Storgan Manley,6250.0000000000055,Securitization (UMBS),103.19,2262.5000000000005,0.0,3987.5,-2262.5
5021879,255000.0,3.99,360,Other,2021-09-17,105.77,105.17625,Storgan Manley,12750.000000000011,Securitization (UMBS),105.77,-1963.4999999999545,0.0,14713.5,1963.5
5021912,95000.0,3.375,360,Home purchase,2021-08-24,104.61,103.76625,Storgan Manley,4750.000000000005,Securitization (UMBS),104.61,370.5000000000018,0.0,4379.5,-370.5
5021950,335000.0,3.5,360,Home purchase,2021-08-25,104.61,104.14125,Storgan Manley,16750.000000000015,Securitization (UMBS),104.61,1306.5000000000055,0.0,15443.5,-1306.5
5021957,315000.0,2.875,240,Cash-out refinance,2021-08-26,103.19,102.90875,Storgan Manley,15750.000000000015,Securitization (UMBS),103.19,5701.500000000002,0.0,10048.5,-5701.5
5021970,275000.0,2.625,240,Cash-out refinance,2021-08-26,99.88,99.59875,Storgan Manley,13750.000000000013,Securitization (UMBS),99.88,14080.000000000038,0.0,-330.0,-14080.0
5021974,175000.0,2.99,180,Cash-out refinance,2021-08-28,103.19,102.6275,Golden Sachs,8750.000000000007,Securitization (UMBS),103.19,3167.5,0.0,5582.5,-3167.5
5022028,375000.0,2.99,360,Cash-out refinance,2021-08-28,103.19,102.15875,PJ Logan,18750.00000000002,Securitization (UMBS),103.19,6787.500000000004,0.0,11962.5,-6787.5
5022033,185000.0,2.875,360,Cash-out refinance,2021-08-30,103.19,102.09625,Storgan Manley,9250.00000000001,Securitization (UMBS),103.19,3348.500000000002,0.0,5901.5,-3348.5
5022058,325000.0,2.75,180,Cash-out refinance,2021-08-31,103.19,102.59625,Storgan Manley,16250.000000000015,Securitization (UMBS),103.19,5882.500000000002,0.0,10367.5,-5882.5
5022181,135000.0,2.99,180,Cash-out refinance,2021-09-01,103.19,102.84625,Storgan Manley,6750.000000000006,Securitization (UMBS),103.19,2443.500000000001,0.0,4306.5,-2443.5
5022189,185000.0,3.25,360,Cash-out refinance,2021-09-02,104.61,103.76625,Storgan Manley,9250.00000000001,Securitization (UMBS),104.61,721.5000000000036,0.0,8528.5,-721.5
5022256,345000.0,3.19,360,Refinancing,2021-09-03,103.19,102.72125,Storgan Manley,17250.000000000015,Securitization (UMBS),103.19,6244.500000000002,0.0,11005.5,-6244.5
5022283,385000.0,3.25,360,Cash-out refinance,2021-09-03,104.61,104.70375,Storgan Manley,19250.00000000002,Whole Loan Sale,104.70375,1501.5000000000073,0.0,18109.44,-1140.56
5022296,445000.0,3.25,360,Refinancing,2021-09-04,104.61,104.70375,Storgan Manley,22250.00000000002,Whole Loan Sale,104.70375,1735.5000000000036,0.0,20931.69,-1318.31
5022347,545000.0,2.94,360,Cash-out refinance,2021-09-04,103.19,102.59625,Storgan Manley,27250.000000000025,Securitization (UMBS),103.19,9864.500000000004,0.0,17385.5,-9864.5
5022357,165000.0,2.75,180,Refinancing,2021-09-06,103.19,103.40875,Storgan Manley,8250.000000000007,Whole Loan Sale,103.40875,2986.500000000001,0.0,5624.44,-2625.56
5022374,205000.0,3.44,360,Refinancing,2021-09-06,104.61,103.45375,PJ Logan,10250.00000000001,Securitization (UMBS),104.61,799.5000000000036,0.0,9450.5,-799.5
5022383,145000.0,3.375,240,Cash-out refinance,2021-09-07,104.61,104.01625,Storgan Manley,7250.000000000006,Securitization (UMBS),104.61,565.5000000000018,0.0,6684.5,-565.5
5022418,195000.0,2.99,360,Refinancing,2021-09-07,103.19,102.22125,Storgan Manley,9750.00000000001,Securitization (UMBS),103.19,3529.500000000002,0.0,6220.5,-3529.5
5022448,335000.0,3.125,360,Refinancing,2021-09-08,103.19,102.22125,Storgan Manley,16750.000000000015,Securitization (UMBS),103.19,6063.500000000002,0.0,10686.5,-6063.5
5022450,335000.0,1.99,180,Cash-out refinance,2021-09-10,97.45,96.60625,Storgan Manley,16750.000000000015,Securitization (UMBS),97.45,25292.500000000004,0.0,-8542.5,-25292.5
5022456,125000.0,2.25,180,Refinancing,2021-09-10,99.88,99.03625,Storgan Manley,6250.0000000000055,Securitization (UMBS),99.88,6400.000000000016,0.0,-150.0,-6400.0
5022502,65000.0,3.375,360,Home purchase,2021-09-10,104.61,104.14125,Storgan Manley,3250.0000000000027,Securitization (UMBS),104.61,253.5000000000009,0.0,2996.5,-253.5
5022538,275000.0,3.375,360,Refinancing,2021-09-10,104.61,104.26625,Storgan Manley,13750.000000000013,Securitization (UMBS),104.61,1072.5000000000036,0.0,12677.5,-1072.5
5022544,345000.0,3.25,360,Cash-out refinance,2021-09-10,104.61,104.32875,Storgan Manley,17250.000000000015,Securitization (UMBS),104.61,1345.5000000000036,0.0,15904.5,-1345.5
5022557,695000.0,2.75,360,Home purchase,2021-09-11,103.19,102.90875,Storgan Manley,34750.00000000003,Securitization (UMBS),103.19,12579.5,0.0,22170.5,-12579.5
5022582,165000.0,2.875,240,Refinancing,2021-09-13,103.19,103.28375,Storgan Manley,8250.000000000007,Whole Loan Sale,103.28375,2986.500000000001,0.0,5418.19,-2831.81
5022629,375000.0,2.99,360,Cash-out refinance,2021-09-14,103.19,103.28375,Storgan Manley,18750.00000000002,Whole Loan Sale,103.28375,6787.500000000004,0.0,12314.06,-6435.94
5022672,535000.0,1.99,180,Home purchase,2021-09-14,97.45,97.54375,Storgan Manley,26750.000000000025,Whole Loan Sale,97.54375,40392.50000000001,0.0,-13140.94,-39890.94
5022709,255000.0,3.375,360,Refinancing,2021-09-14,105.0,105.3125,Bank of Americans,12750.000000000011,Whole Loan Sale,105.3125,0.0,0.0,13546.88,796.87
5022742,105000.0,2.5,180,Cash-out refinance,2021-09-14,99.88,98.91125,Storgan Manley,5250.000000000005,Securitization (UMBS),99.88,5376.000000000014,0.0,-126.0,-5376.0
5022762,175000.0,2.75,360,Refinancing,2021-09-15,103.19,101.72125,Storgan Manley,8750.000000000007,Securitization (UMBS),103.19,3167.5,0.0,5582.5,-3167.5
5022781,375000.0,3.375,360,Home purchase,2021-09-15,104.61,104.14125,Storgan Manley,18750.00000000002,Securitization (UMBS),104.61,1462.5000000000073,770.83,17287.5,-1462.5
5022794,185000.0,2.625,360,Refinancing,2021-09-16,103.03,102.18625,Storgan Manley,9250.00000000001,Securitization (UMBS),103.03,3644.50000000001,0.0,5605.5,-3644.5
5022807,275000.0,2.94,360,Refinancing,2021-09-16,103.19,102.34625,Storgan Manley,13750.000000000013,Securitization (UMBS),103.19,4977.500000000002,0.0,8772.5,-4977.5
5022816,225000.0,2.625,360,Cash-out refinance,2021-09-16,103.03,102.12375,Storgan Manley,11250.00000000001,Securitization (UMBS),103.03,4432.500000000011,0.0,6817.5,-4432.5
5022823,825000.0,2.99,360,Cash-out refinance,2021-09-16,104.17,103.88875,Storgan Manley,41250.00000000004,Securitization (UMBS),104.17,6847.499999999978,0.0,34402.5,-6847.5
5022834,235000.0,2.875,360,Cash-out refinance,2021-09-17,104.17,104.26375,Storgan Manley,11750.000000000011,Whole Loan Sale,104.26375,1950.4999999999945,0.0,10019.81,-1730.19
5022838,545000.0,3.19,360,Refinancing,2021-09-17,103.19,102.90875,Storgan Manley,27250.000000000025,Securitization (UMBS),103.19,9864.500000000004,0.0,17385.5,-9864.5
5022847,345000.0,3.25,360,Cash-out refinance,2021-08-12,104.61,104.32875,Storgan Manley,17250.000000000015,Securitization (UMBS),104.61,1345.5000000000036,0.0,15904.5,-1345.5
5022858,215000.0,2.75,180,Cash-out refinance,2021-08-24,103.19,102.6275,Golden Sachs,10750.00000000001,Securitization (UMBS),103.19,3891.500000000001,0.0,6858.5,-3891.5
5022879,115000.0,2.25,144,Cash-out refinance,2021-08-25,99.88,99.41125,Storgan Manley,5750.0000000000055,Securitization (UMBS),99.88,5888.0000000000155,0.0,-138.0,-5888.0
5022907,495000.0,2.99,360,Home purchase,2021-08-27,103.19,102.72125,Storgan Manley,24750.000000000022,Securitization (UMBS),103.19,8959.500000000002,0.0,15790.5,-8959.5
5022914,235000.0,2.75,360,Cash-out refinance,2021-08-27,104.17,103.82625,Storgan Manley,11750.000000000011,Securitization (UMBS),104.17,1950.4999999999945,0.0,9799.5,-1950.5
5022919,145000.0,2.875,204,Refinancing,2021-08-27,103.19,102.90875,Storgan Manley,7250.000000000006,Securitization (UMBS),103.19,2624.500000000001,0.0,4625.5,-2624.5
5022958,205000.0,1.75,180,Refinancing,2021-08-30,97.45,96.54375,Storgan Manley,10250.00000000001,Securitization (UMBS),97.45,15477.500000000004,0.0,-5227.5,-15477.5
5022960,335000.0,2.75,360,Cash-out refinance,2021-09-01,103.19,102.90875,Storgan Manley,16750.000000000015,Securitization (UMBS),103.19,6063.500000000002,0.0,10686.5,-6063.5
5022997,325000.0,3.14,360,Home purchase,2021-09-01,103.19,103.8775,Bank of Americans,16250.000000000015,Whole Loan Sale,103.8775,5882.500000000002,0.0,12601.87,-3648.13
5023001,175000.0,2.99,360,Refinancing,2021-09-02,103.19,102.53375,PJ Logan,8750.000000000007,Securitization (UMBS),103.19,3167.5,0.0,5582.5,-3167.5
5023050,445000.0,2.625,360,Refinancing,2021-09-03,103.03,102.43625,Storgan Manley,22250.00000000002,Securitization (UMBS),103.03,8766.500000000022,0.0,13483.5,-8766.5
5023060,375000.0,2.99,360,Home purchase,2021-09-03,103.19,102.59625,Storgan Manley,18750.00000000002,Securitization (UMBS),103.19,6787.500000000004,0.0,11962.5,-6787.5
5023126,335000.0,2.875,360,Cash-out refinance,2021-09-03,103.19,102.09625,Storgan Manley,16750.000000000015,Securitization (UMBS),103.19,6063.500000000002,0.0,10686.5,-6063.5
5023164,215000.0,2.69,360,Refinancing,2021-09-03,99.88,99.28625,Storgan Manley,10750.00000000001,Securitization (UMBS),99.88,11008.00000000003,0.0,-258.0,-11008.0
5023205,145000.0,2.99,360,Cash-out refinance,2021-09-03,103.19,102.72125,Storgan Manley,7250.000000000006,Securitization (UMBS),103.19,2624.500000000001,0.0,4625.5,-2624.5
5023238,95000.0,3.25,360,Cash-out refinance,2021-09-03,104.61,104.14125,Storgan Manley,4750.000000000005,Securitization (UMBS),104.61,370.5000000000018,0.0,4379.5,-370.5
5023250,275000.0,2.94,360,Home purchase,2021-09-04,103.19,101.72125,Storgan Manley,13750.000000000013,Securitization (UMBS),103.19,4977.500000000002,0.0,8772.5,-4977.5
5023260,275000.0,3.19,360,Cash-out refinance,2021-09-04,103.19,102.22125,Storgan Manley,13750.000000000013,Securitization (UMBS),103.19,4977.500000000002,0.0,8772.5,-4977.5
5023265,265000.0,2.75,360,Refinancing,2021-09-04,104.17,104.38875,Storgan Manley,13250.000000000011,Whole Loan Sale,104.38875,2199.4999999999927,0.0,11630.19,-1619.81
5023280,295000.0,2.99,360,Cash-out refinance,2021-09-07,103.19,102.78375,Storgan Manley,14750.000000000013,Securitization (UMBS),103.19,5339.500000000002,0.0,9410.5,-5339.5
5023287,215000.0,2.99,360,Refinancing,2021-09-07,103.19,102.15875,PJ Logan,10750.00000000001,Securitization (UMBS),103.19,3891.500000000001,0.0,6858.5,-3891.5
5023319,305000.0,2.625,360,Refinancing,2021-09-11,99.88,98.16125,Storgan Manley,15250.000000000013,Securitization (UMBS),99.88,15616.00000000004,0.0,-366.0,-15616.0
5023333,205000.0,3.375,360,Cash-out refinance,2021-09-11,104.61,104.01625,Storgan Manley,10250.00000000001,Securitization (UMBS),104.61,799.5000000000036,0.0,9450.5,-799.5
5023338,355000.0,2.875,360,Refinancing,2021-09-11,103.19,102.22125,Storgan Manley,17750.000000000015,Securitization (UMBS),103.19,6425.5,0.0,11324.5,-6425.5
5023360,345000.0,2.75,360,Cash-out refinance,2021-09-11,103.19,102.72125,Storgan Manley,17250.000000000015,Securitization (UMBS),103.19,6244.500000000002,0.0,11005.5,-6244.5
5023375,165000.0,3.375,360,Cash-out refinance,2021-09-13,104.61,103.14125,Storgan Manley,8250.000000000007,Securitization (UMBS),104.61,643.5000000000027,0.0,7606.5,-643.5
5023404,395000.0,1.75,180,Refinancing,2021-09-14,100.93,100.08625,Storgan Manley,19750.00000000002,Securitization (UMBS),100.93,16076.499999999984,0.0,3673.5,-16076.5
5023418,275000.0,2.75,240,Refinancing,2021-09-14,103.19,102.90875,Storgan Manley,13750.000000000013,Securitization (UMBS),103.19,4977.500000000002,0.0,8772.5,-4977.5
5023442,65000.0,2.75,180,Refinancing,2021-09-16,103.19,103.28375,Storgan Manley,3250.0000000000027,Whole Loan Sale,103.28375,1176.5,0.0,2134.44,-1115.56
5023449,125000.0,2.99,360,Cash-out refinance,2021-09-17,103.19,103.28375,Storgan Manley,6250.0000000000055,Whole Loan Sale,103.28375,2262.5000000000005,0.0,4104.69,-2145.31
5023484,175000.0,2.75,240,Refinancing,2021-09-17,103.19,102.78375,Storgan Manley,8750.000000000007,Securitization (UMBS),103.19,3167.5,0.0,5582.5,-3167.5
5023486,125000.0,2.625,180,Refinancing,2021-09-17,99.88,98.91125,Storgan Manley,6250.0000000000055,Securitization (UMBS),99.88,6400.000000000016,0.0,-150.0,-6400.0
5023503,455000.0,2.75,360,Cash-out refinance,2021-08-06,103.19,102.72125,Storgan Manley,22750.000000000022,Securitization (UMBS),103.19,8235.500000000004,0.0,14514.5,-8235.5
5023515,135000.0,2.99,360,Refinancing,2021-08-23,103.19,102.59625,Storgan Manley,6750.000000000006,Securitization (UMBS),103.19,2443.500000000001,0.0,4306.5,-2443.5
5023516,145000.0,2.375,180,Refinancing,2021-08-24,99.88,99.97375,Storgan Manley,7250.000000000006,Whole Loan Sale,99.97375,7424.000000000019,0.0,-38.06,-7288.06
5023525,135000.0,2.5,360,Refinancing,2021-08-25,99.88,99.59875,Storgan Manley,6750.000000000006,Securitization (UMBS),99.88,6912.000000000018,0.0,-162.0,-6912.0
5023526,525000.0,2.875,360,Refinancing,2021-08-26,103.19,102.15875,PJ Logan,26250.000000000022,Securitization (UMBS),103.19,9502.5,0.0,16747.5,-9502.5
5023551,355000.0,4.25,360,Cash-out refinance,2021-08-26,107.09,106.43375,PJ Logan,17750.000000000015,Securitization (UMBS),107.09,-7419.499999999971,0.0,25169.5,7419.5
5023554,685000.0,3.25,360,Cash-out refinance,2021-08-30,104.61,103.57875,PJ Logan,34250.00000000003,Securitization (UMBS),104.61,2671.5000000000073,0.0,31578.5,-2671.5
5023565,105000.0,3.25,360,Refinancing,2021-08-30,104.61,103.64125,Storgan Manley,5250.000000000005,Securitization (UMBS),104.61,409.5000000000018,0.0,4840.5,-409.5
5023574,175000.0,3.375,300,Refinancing,2021-08-31,105.0,104.53125,Storgan Manley,8750.000000000007,Securitization (UMBS),105.0,0.0,0.0,8750.0,-0.0
5023580,445000.0,1.99,180,Refinancing,2021-09-01,97.45,96.85625,Storgan Manley,22250.00000000002,Securitization (UMBS),97.45,33597.5,0.0,-11347.5,-33597.5
5023619,295000.0,2.25,240,Home purchase,2021-09-01,99.88,98.91125,Storgan Manley,14750.000000000013,Securitization (UMBS),99.88,15104.00000000004,0.0,-354.0,-15104.0
5023622,165000.0,2.99,360,Cash-out refinance,2021-09-02,104.17,103.20125,Storgan Manley,8250.000000000007,Securitization (UMBS),104.17,1369.4999999999955,0.0,6880.5,-1369.5
5023708,305000.0,2.25,144,Refinancing,2021-09-03,99.88,98.53625,Storgan Manley,15250.000000000013,Securitization (UMBS),99.88,15616.00000000004,0.0,-366.0,-15616.0
5023718,695000.0,2.875,360,Refinancing,2021-09-03,103.19,102.72125,Storgan Manley,34750.00000000003,Securitization (UMBS),103.19,12579.5,0.0,22170.5,-12579.5
5023745,125000.0,4.375,360,Cash-out refinance,2021-09-04,107.09,106.74625,Storgan Manley,6250.0000000000055,Securitization (UMBS),107.09,-2612.499999999989,0.0,8862.5,2612.5
5023753,145000.0,2.25,180,Home purchase,2021-09-04,99.88,99.03625,Storgan Manley,7250.000000000006,Securitization (UMBS),99.88,7424.000000000019,0.0,-174.0,-7424.0
5023766,175000.0,2.99,360,Home purchase,2021-09-06,103.19,102.34625,Storgan Manley,8750.000000000007,Securitization (UMBS),103.19,3167.5,0.0,5582.5,-3167.5
5023777,205000.0,2.875,360,Refinancing,2021-09-06,103.19,102.72125,Storgan Manley,10250.00000000001,Securitization (UMBS),103.19,3710.500000000001,0.0,6539.5,-3710.5
5023822,155000.0,2.875,360,Refinancing,2021-09-07,103.19,102.34625,Storgan Manley,7750.000000000007,Securitization (UMBS),103.19,2805.500000000001,0.0,4944.5,-2805.5
5023843,395000.0,2.75,360,Refinancing,2021-09-08,103.19,102.28375,Storgan Manley,19750.00000000002,Securitization (UMBS),103.19,7149.500000000002,0.0,12600.5,-7149.5
5023851,345000.0,2.75,240,Cash-out refinance,2021-09-08,103.19,103.40875,Storgan Manley,17250.000000000015,Whole Loan Sale,103.40875,6244.500000000002,0.0,11760.19,-5489.81
5023854,205000.0,3.25,360,Cash-out refinance,2021-09-08,104.61,104.32875,Storgan Manley,10250.00000000001,Securitization (UMBS),104.61,799.5000000000036,0.0,9450.5,-799.5
5023879,75000.0,3.75,360,Cash-out refinance,2021-09-09,105.77,106.0825,Bank of Americans,3750.000000000003,Whole Loan Sale,106.0825,-577.4999999999868,0.0,4561.87,811.87
5023880,345000.0,3.125,360,Refinancing,2021-09-09,103.19,103.5025,Bank of Americans,17250.000000000015,Whole Loan Sale,103.5025,6244.500000000002,0.0,12083.62,-5166.38
5023912,155000.0,2.875,240,Cash-out refinance,2021-09-10,103.19,102.03375,Storgan Manley,7750.000000000007,Securitization (UMBS),103.19,2805.500000000001,0.0,4944.5,-2805.5
5023924,275000.0,2.99,360,Cash-out refinance,2021-09-10,103.19,101.53375,Storgan Manley,13750.000000000013,Securitization (UMBS),103.19,4977.500000000002,0.0,8772.5,-4977.5
5023942,95000.0,2.875,180,Refinancing,2021-09-11,103.19,101.65875,Storgan Manley,4750.000000000005,Securitization (UMBS),103.19,1719.500000000001,0.0,3030.5,-1719.5
5023958,175000.0,2.875,360,Refinancing,2021-09-11,103.19,101.65875,Storgan Manley,8750.000000000007,Securitization (UMBS),103.19,3167.5,0.0,5582.5,-3167.5
5023976,925000.0,2.875,360,Refinancing,2021-09-13,103.19,101.84625,Storgan Manley,46250.000000000044,Securitization (UMBS),103.19,16742.500000000007,0.0,29507.5,-16742.5
5024008,425000.0,2.625,240,Cash-out refinance,2021-09-13,99.88,98.91125,Storgan Manley,21250.00000000002,Securitization (UMBS),99.88,21760.00000000006,0.0,-510.0,-21760.0
5021389,325000.0,1.99,180,Refinancing,2021-09-14,97.45,95.73125,Bank of Americans,16250.000000000015,Securitization (UMBS),97.45,24537.500000000004,0.0,-8287.5,-24537.5
5021394,275000.0,3.25,360,Refinancing,2021-09-14,104.61,102.95375,Storgan Manley,13750.000000000013,Securitization (UMBS),104.61,1072.5000000000036,0.0,12677.5,-1072.5
5021467,295000.0,3.375,360,Cash-out refinance,2021-09-14,104.61,102.95375,Storgan Manley,14750.000000000013,Securitization (UMBS),104.61,1150.5000000000036,0.0,13599.5,-1150.5
5021487,665000.0,3.19,360,Home purchase,2021-09-16,104.17,102.88875,Storgan Manley,33250.00000000003,Securitization (UMBS),104.17,5519.499999999982,0.0,27730.5,-5519.5
5021592,95000.0,2.25,360,Refinancing,2021-09-16,99.88,98.22375,Storgan Manley,4750.000000000005,Securitization (UMBS),99.88,4864.000000000013,0.0,-114.0,-4864.0
5021613,415000.0,2.99,360,Refinancing,2021-09-16,103.19,101.90875,Storgan Manley,20750.00000000002,Securitization (UMBS),103.19,7511.500000000002,0.0,13238.5,-7511.5
5021647,395000.0,2.875,360,Cash-out refinance,2021-09-17,103.19,101.40875,Storgan Manley,19750.00000000002,Securitization (UMBS),103.19,7149.500000000002,0.0,12600.5,-7149.5
5021651,275000.0,2.75,360,Cash-out refinance,2021-09-17,103.19,101.53375,Storgan Manley,13750.000000000013,Securitization (UMBS),103.19,4977.500000000002,0.0,8772.5,-4977.5
5021664,255000.0,2.875,324,Refinancing,2021-08-26,103.19,102.03375,Storgan Manley,12750.000000000011,Securitization (UMBS),103.19,4615.500000000001,0.0,8134.5,-4615.5
5021719,165000.0,3.5,360,Cash-out refinance,2021-08-28,105.0,103.46875,Storgan Manley,8250.000000000007,Securitization (UMBS),105.0,0.0,0.0,8250.0,-0.0
5021753,265000.0,2.75,240,Refinancing,2021-08-30,104.17,103.20125,Storgan Manley,13250.000000000011,Securitization (UMBS),104.17,2199.4999999999927,0.0,11050.5,-2199.5
5021787,435000.0,2.75,360,Cash-out refinance,2021-08-31,103.19,102.22125,Storgan Manley,21750.00000000002,Securitization (UMBS),103.19,7873.500000000002,0.0,13876.5,-7873.5
5021844,175000.0,2.99,360,Cash-out refinance,2021-08-31,103.19,102.22125,Storgan Manley,8750.000000000007,Securitization (UMBS),103.19,3167.5,0.0,5582.5,-3167.5
5021847,245000.0,2.99,360,Home purchase,2021-09-01,104.17,103.20125,Storgan Manley,12250.000000000011,Securitization (UMBS),104.17,2033.4999999999945,0.0,10216.5,-2033.5
5021886,305000.0,2.375,180,Cash-out refinance,2021-09-01,99.88,99.53625,Bank of Americans,15250.000000000013,Securitization (UMBS),99.88,15616.00000000004,0.0,-366.0,-15616.0
5021925,825000.0,3.75,360,Home purchase,2021-09-01,105.77,104.61375,Storgan Manley,41250.00000000004,Securitization (UMBS),105.77,-6352.499999999847,0.0,47602.5,6352.5
5021930,165000.0,2.875,240,Refinancing,2021-09-03,103.19,102.15875,Storgan Manley,8250.000000000007,Securitization (UMBS),103.19,2986.500000000001,0.0,5263.5,-2986.5
5021979,135000.0,3.125,360,Cash-out refinance,2021-09-03,103.19,102.03375,Storgan Manley,6750.000000000006,Securitization (UMBS),103.19,2443.500000000001,0.0,4306.5,-2443.5
5021994,375000.0,3.25,180,Cash-out refinance,2021-09-03,104.61,103.57875,Storgan Manley,18750.00000000002,Securitization (UMBS),104.61,1462.5000000000073,0.0,17287.5,-1462.5
5022007,325000.0,2.375,240,Refinancing,2021-09-04,99.88,98.91125,Storgan Manley,16250.000000000015,Securitization (UMBS),99.88,16640.000000000044,0.0,-390.0,-16640.0
5022017,105000.0,3.25,360,Refinancing,2021-09-06,104.61,103.64125,Storgan Manley,5250.000000000005,Securitization (UMBS),104.61,409.5000000000018,0.0,4840.5,-409.5
5022066,425000.0,2.99,360,Refinancing,2021-09-06,103.19,102.22125,Storgan Manley,21250.00000000002,Securitization (UMBS),103.19,7692.500000000002,0.0,13557.5,-7692.5
5022084,405000.0,3.25,360,Cash-out refinance,2021-09-07,104.61,104.26625,Bank of Americans,20250.00000000002,Securitization (UMBS),104.61,1579.5000000000073,0.0,18670.5,-1579.5
5022102,175000.0,3.25,360,Cash-out refinance,2021-09-09,104.61,102.95375,Storgan Manley,8750.000000000007,Securitization (UMBS),104.61,682.5000000000018,0.0,8067.5,-682.5
5022103,615000.0,3.19,360,Home purchase,2021-09-10,103.19,101.90875,Storgan Manley,30750.00000000003,Securitization (UMBS),103.19,11131.500000000004,0.0,19618.5,-11131.5
5022125,165000.0,2.25,180,Refinancing,2021-09-10,99.88,98.34875,Storgan Manley,8250.000000000007,Securitization (UMBS),99.88,8448.000000000022,0.0,-198.0,-8448.0
5022166,105000.0,3.25,360,Refinancing,2021-09-10,104.61,103.45375,Storgan Manley,5250.000000000005,Securitization (UMBS),104.61,409.5000000000018,0.0,4840.5,-409.5
5022206,545000.0,2.99,360,Home improvement,2021-09-10,103.19,101.65875,Storgan Manley,27250.000000000025,Securitization (UMBS),103.19,9864.500000000004,0.0,17385.5,-9864.5
5022212,105000.0,2.99,240,Refinancing,2021-09-10,103.19,0.0,Golden Sachs,5250.000000000005,Securitization (UMBS),103.19,1900.5000000000005,0.0,3349.5,-1900.5
5022259,105000.0,2.99,360,Refinancing,2021-09-11,103.19,102.59625,Storgan Manley,5250.000000000005,Securitization (UMBS),103.19,1900.5000000000005,0.0,3349.5,-1900.5
5022269,175000.0,3.25,360,Cash-out refinance,2021-09-13,104.61,104.26625,Bank of Americans,8750.000000000007,Securitization (UMBS),104.61,682.5000000000018,0.0,8067.5,-682.5
5022311,245000.0,2.875,360,Refinancing,2021-09-13,103.19,102.84625,Bank of Americans,12250.000000000011,Securitization (UMBS),103.19,4434.500000000001,0.0,7815.5,-4434.5
5022352,75000.0,2.99,360,Other,2021-09-13,103.19,101.53375,Storgan Manley,3750.000000000003,Securitization (UMBS),103.19,1357.5,0.0,2392.5,-1357.5
5022363,495000.0,2.75,360,Refinancing,2021-09-14,103.19,101.53375,Storgan Manley,24750.000000000022,Securitization (UMBS),103.19,8959.500000000002,0.0,15790.5,-8959.5
5022372,325000.0,2.625,360,Refinancing,2021-09-14,103.03,101.49875,Storgan Manley,16250.000000000015,Securitization (UMBS),103.03,6402.500000000016,0.0,9847.5,-6402.5
5022422,145000.0,2.375,180,Home purchase,2021-09-14,99.88,98.22375,Storgan Manley,7250.000000000006,Securitization (UMBS),99.88,7424.000000000019,0.0,-174.0,-7424.0
5022432,295000.0,2.875,360,Home purchase,2021-09-15,103.19,101.28375,Storgan Manley,14750.000000000013,Securitization (UMBS),103.19,5339.500000000002,0.0,9410.5,-5339.5
5022467,345000.0,2.99,360,Cash-out refinance,2021-09-15,104.17,102.63875,Storgan Manley,17250.000000000015,Securitization (UMBS),104.17,2863.499999999991,0.0,14386.5,-2863.5
5022468,255000.0,2.25,180,Refinancing,2021-09-16,99.88,97.88,Bank of Americans,12750.000000000011,Securitization (UMBS),99.88,13056.000000000035,0.0,-306.0,-13056.0
5022509,135000.0,3.375,240,Refinancing,2021-08-24,105.0,102.625,Bank of Americans,6750.000000000006,Securitization (UMBS),105.0,0.0,0.0,6750.0,-0.0
5022565,155000.0,2.75,360,Refinancing,2021-08-25,103.19,100.8775,Bank of Americans,7750.000000000007,Securitization (UMBS),103.19,2805.500000000001,0.0,4944.5,-2805.5
5022566,105000.0,3.25,360,Refinancing,2021-08-26,104.61,102.2975,Bank of Americans,5250.000000000005,Securitization (UMBS),104.61,409.5000000000018,0.0,4840.5,-409.5
5022586,165000.0,2.875,360,Refinancing,2021-08-27,103.19,100.8775,Bank of Americans,8250.000000000007,Securitization (UMBS),103.19,2986.500000000001,0.0,5263.5,-2986.5
5022649,405000.0,3.25,360,Cash-out refinance,2021-09-01,104.61,102.2975,Bank of Americans,20250.00000000002,Securitization (UMBS),104.61,1579.5000000000073,0.0,18670.5,-1579.5
5022791,355000.0,2.99,360,Refinancing,2021-09-01,103.19,100.5025,Bank of Americans,17750.000000000015,Securitization (UMBS),103.19,6425.5,0.0,11324.5,-6425.5
5022846,115000.0,3.125,360,Refinancing,2021-09-02,103.19,101.2525,Bank of Americans,5750.0000000000055,Securitization (UMBS),103.19,2081.500000000001,0.0,3668.5,-2081.5
5022853,125000.0,2.5,180,Refinancing,2021-09-02,99.88,97.5675,Bank of Americans,6250.0000000000055,Securitization (UMBS),99.88,6400.000000000016,0.0,-150.0,-6400.0
5022891,225000.0,3.125,360,Refinancing,2021-09-02,103.19,100.8775,Bank of Americans,11250.00000000001,Securitization (UMBS),103.19,4072.5,0.0,7177.5,-4072.5
5022903,115000.0,3.25,360,Cash-out refinance,2021-09-02,104.61,102.6725,Bank of Americans,5750.0000000000055,Securitization (UMBS),104.61,448.5000000000018,0.0,5301.5,-448.5
5022930,325000.0,2.5,300,Refinancing,2021-09-02,99.88,98.03625,Storgan Manley,16250.000000000015,Securitization (UMBS),99.88,16640.000000000044,0.0,-390.0,-16640.0
5022941,225000.0,3.25,360,Refinancing,2021-09-03,104.61,102.39125,Storgan Manley,11250.00000000001,Securitization (UMBS),104.61,877.5000000000018,0.0,10372.5,-877.5
5022975,385000.0,3.25,360,Cash-out refinance,2021-09-03,104.61,102.39125,Storgan Manley,19250.00000000002,Securitization (UMBS),104.61,1501.5000000000073,0.0,17748.5,-1501.5
5022981,185000.0,2.99,360,Refinancing,2021-09-04,103.19,100.97125,Storgan Manley,9250.00000000001,Securitization (UMBS),103.19,3348.500000000002,0.0,5901.5,-3348.5
5023006,245000.0,1.99,180,Refinancing,2021-09-06,97.45,95.60625,Storgan Manley,12250.000000000011,Securitization (UMBS),97.45,18497.500000000004,0.0,-6247.5,-18497.5
5023008,405000.0,3.19,360,Refinancing,2021-09-06,103.19,100.97125,Storgan Manley,20250.00000000002,Securitization (UMBS),103.19,7330.500000000002,0.0,12919.5,-7330.5
5023014,195000.0,2.875,360,Refinancing,2021-09-07,104.17,101.95125,Storgan Manley,9750.00000000001,Securitization (UMBS),104.17,1618.4999999999955,0.0,8131.5,-1618.5
5023026,135000.0,2.875,360,Refinancing,2021-09-07,103.19,100.97125,Storgan Manley,6750.000000000006,Securitization (UMBS),103.19,2443.500000000001,0.0,4306.5,-2443.5
5023038,295000.0,2.875,360,Refinancing,2021-09-08,104.17,101.95125,Storgan Manley,14750.000000000013,Securitization (UMBS),104.17,2448.4999999999927,0.0,12301.5,-2448.5
5023039,105000.0,3.5,360,Cash-out refinance,2021-09-10,104.61,102.39125,Storgan Manley,5250.000000000005,Securitization (UMBS),104.61,409.5000000000018,0.0,4840.5,-409.5
5023052,95000.0,2.625,180,Refinancing,2021-09-10,99.88,97.63,Bank of Americans,4750.000000000005,Securitization (UMBS),99.88,4864.000000000013,0.0,-114.0,-4864.0
5023086,235000.0,3.375,360,Home purchase,2021-09-10,104.61,103.985,Bank of Americans,11750.000000000011,Securitization (UMBS),104.61,916.5000000000036,0.0,10833.5,-916.5
5023100,305000.0,2.5,240,Cash-out refinance,2021-09-11,99.88,97.13,Bank of Americans,15250.000000000013,Securitization (UMBS),99.88,15616.00000000004,0.0,-366.0,-15616.0
5023132,145000.0,2.99,360,Cash-out refinance,2021-09-11,103.19,100.8775,Bank of Americans,7250.000000000006,Securitization (UMBS),103.19,2624.500000000001,0.0,4625.5,-2624.5
5023137,425000.0,2.99,360,Cash-out refinance,2021-09-11,103.19,100.8775,Bank of Americans,21250.00000000002,Securitization (UMBS),103.19,7692.500000000002,0.0,13557.5,-7692.5
5023138,185000.0,2.75,360,Refinancing,2021-09-14,103.19,100.8775,Bank of Americans,9250.00000000001,Securitization (UMBS),103.19,3348.500000000002,0.0,5901.5,-3348.5
5023144,295000.0,3.375,360,Refinancing,2021-09-14,104.61,102.6725,Bank of Americans,14750.000000000013,Securitization (UMBS),104.61,1150.5000000000036,0.0,13599.5,-1150.5
5023153,335000.0,3.375,360,Cash-out refinance,2021-09-14,104.61,102.2975,Bank of Americans,16750.000000000015,Securitization (UMBS),104.61,1306.5000000000055,0.0,15443.5,-1306.5
5023185,455000.0,2.125,180,Home purchase,2021-09-14,97.45,95.60625,Storgan Manley,22750.000000000022,Securitization (UMBS),97.45,34352.50000000001,0.0,-11602.5,-34352.5
5023201,225000.0,2.625,360,Cash-out refinance,2021-09-14,99.88,98.03625,Storgan Manley,11250.00000000001,Securitization (UMBS),99.88,11520.00000000003,0.0,-270.0,-11520.0
5023254,215000.0,2.99,360,Refinancing,2021-09-15,104.17,102.545,Bank of Americans,10750.00000000001,Securitization (UMBS),104.17,1784.4999999999945,0.0,8965.5,-1784.5
5023270,205000.0,3.5,360,Cash-out refinance,2021-09-15,104.61,103.36,Bank of Americans,10250.00000000001,Securitization (UMBS),104.61,799.5000000000036,0.0,9450.5,-799.5
5023298,485000.0,2.25,180,Refinancing,2021-09-15,99.88,97.88,Bank of Americans,24250.000000000022,Securitization (UMBS),99.88,24832.000000000065,0.0,-582.0,-24832.0
5023372,235000.0,2.5,180,Refinancing,2021-09-15,103.03,101.405,Bank of Americans,11750.000000000011,Securitization (UMBS),103.03,4629.500000000013,0.0,7120.5,-4629.5
5023380,325000.0,1.75,180,Refinancing,2021-09-16,97.45,96.325,Bank of Americans,16250.000000000015,Securitization (UMBS),97.45,24537.500000000004,0.0,-8287.5,-24537.5
5023381,275000.0,1.99,180,Cash-out refinance,2021-09-16,97.45,96.45,Bank of Americans,13750.000000000013,Securitization (UMBS),97.45,20762.500000000004,0.0,-7012.5,-20762.5
5023385,425000.0,3.125,360,Home purchase,2021-09-17,104.17,101.795,Bank of Americans,21250.00000000002,Securitization (UMBS),104.17,3527.499999999989,0.0,17722.5,-3527.5
5023396,265000.0,3.25,336,Refinancing,2021-08-11,104.61,102.7975,Bank of Americans,13250.000000000011,Securitization (UMBS),104.61,1033.5000000000036,0.0,12216.5,-1033.5
5023427,365000.0,2.69,360,Refinancing,2021-08-23,103.03,100.7175,Bank of Americans,18250.000000000015,Securitization (UMBS),103.03,7190.500000000016,0.0,11059.5,-7190.5
5023474,235000.0,2.99,360,Refinancing,2021-08-26,103.19,101.2525,Bank of Americans,11750.000000000011,Securitization (UMBS),103.19,4253.500000000002,0.0,7496.5,-4253.5
5023491,285000.0,3.125,360,Home purchase,2021-08-26,103.19,100.8775,Bank of Americans,14250.000000000013,Securitization (UMBS),103.19,5158.500000000002,0.0,9091.5,-5158.5
5023509,805000.0,2.75,360,Refinancing,2021-09-01,103.19,101.2525,Bank of Americans,40250.00000000004,Securitization (UMBS),103.19,14570.500000000004,0.0,25679.5,-14570.5
5023512,305000.0,2.99,360,Refinancing,2021-09-02,103.19,101.47125,Storgan Manley,15250.000000000013,Securitization (UMBS),103.19,5520.5,0.0,9729.5,-5520.5
5023536,115000.0,3.625,360,Cash-out refinance,2021-09-02,104.61,102.39125,Storgan Manley,5750.0000000000055,Securitization (UMBS),104.61,448.5000000000018,0.0,5301.5,-448.5
5023541,175000.0,2.5,180,Cash-out refinance,2021-09-03,99.88,97.66125,Storgan Manley,8750.000000000007,Securitization (UMBS),99.88,8960.000000000024,0.0,-210.0,-8960.0
5023641,105000.0,2.875,360,Refinancing,2021-09-03,103.19,100.97125,Storgan Manley,5250.000000000005,Securitization (UMBS),103.19,1900.5000000000005,0.0,3349.5,-1900.5
5023674,255000.0,2.875,180,Home purchase,2021-09-04,103.19,100.97125,Storgan Manley,12750.000000000011,Securitization (UMBS),103.19,4615.500000000001,0.0,8134.5,-4615.5
5023686,145000.0,2.625,360,Cash-out refinance,2021-09-04,99.88,98.03625,Storgan Manley,7250.000000000006,Securitization (UMBS),99.88,7424.000000000019,0.0,-174.0,-7424.0
5023689,225000.0,2.375,180,Cash-out refinance,2021-09-04,99.88,98.255,Bank of Americans,11250.00000000001,Securitization (UMBS),99.88,11520.00000000003,0.0,-270.0,-11520.0
5023700,215000.0,3.25,360,Refinancing,2021-09-04,105.0,103.375,Bank of Americans,10750.00000000001,Securitization (UMBS),105.0,0.0,0.0,10750.0,-0.0
5023707,125000.0,2.75,360,Cash-out refinance,2021-09-06,103.19,101.565,Bank of Americans,6250.0000000000055,Securitization (UMBS),103.19,2262.5000000000005,0.0,3987.5,-2262.5
5023740,255000.0,2.125,180,Refinancing,2021-09-06,97.45,95.7,Bank of Americans,12750.000000000011,Securitization (UMBS),97.45,19252.500000000004,0.0,-6502.5,-19252.5
5023746,595000.0,3.44,360,Home purchase,2021-09-07,104.61,102.985,Bank of Americans,29750.000000000025,Securitization (UMBS),104.61,2320.5000000000073,0.0,27429.5,-2320.5
5023818,405000.0,2.875,360,Refinancing,2021-09-08,103.19,100.94,Bank of Americans,20250.00000000002,Securitization (UMBS),103.19,7330.500000000002,0.0,12919.5,-7330.5
5023887,1265000.0,2.75,360,Home purchase,2021-09-09,103.19,100.815,Bank of Americans,63250.00000000006,Securitization (UMBS),103.19,22896.500000000007,0.0,40353.5,-22896.5
5023890,175000.0,2.99,360,Refinancing,2021-09-09,103.19,100.8775,Bank of Americans,8750.000000000007,Securitization (UMBS),103.19,3167.5,0.0,5582.5,-3167.5
5023910,215000.0,2.99,360,Home purchase,2021-09-10,103.19,101.2525,Bank of Americans,10750.00000000001,Securitization (UMBS),103.19,3891.500000000001,0.0,6858.5,-3891.5
5023933,115000.0,3.125,360,Cash-out refinance,2021-09-13,103.19,101.2525,Bank of Americans,5750.0000000000055,Securitization (UMBS),103.19,2081.500000000001,0.0,3668.5,-2081.5
5023974,125000.0,3.75,360,Cash-out refinance,2021-09-14,105.77,103.8325,Bank of Americans,6250.0000000000055,Securitization (UMBS),105.77,-962.4999999999773,0.0,7212.5,962.5
5023980,665000.0,2.125,360,Refinancing,2021-09-14,97.45,95.5125,Bank of Americans,33250.00000000003,Securitization (UMBS),97.45,50207.50000000001,0.0,-16957.5,-50207.5
5023984,245000.0,2.875,360,Refinancing,2021-09-15,104.17,102.32625,Storgan Manley,12250.000000000011,Securitization (UMBS),104.17,2033.4999999999945,0.0,10216.5,-2033.5
5023993,85000.0,2.875,360,Refinancing,2021-09-15,104.17,102.32625,Storgan Manley,4250.000000000004,Securitization (UMBS),104.17,705.4999999999977,0.0,3544.5,-705.5
5024001,385000.0,3.75,360,Cash-out refinance,2021-09-16,105.77,103.55125,Storgan Manley,19250.00000000002,Securitization (UMBS),105.77,-2964.4999999999272,0.0,22214.5,2964.5
5024012,225000.0,1.375,360,Refinancing,2021-09-17,94.98,92.76125,Storgan Manley,11250.00000000001,Securitization (UMBS),94.98,22544.99999999999,0.0,-11295.0,-22545.0
5024022,305000.0,2.75,360,Home purchase,2021-09-17,103.19,101.34625,Storgan Manley,15250.000000000013,Securitization (UMBS),103.19,5520.5,0.0,9729.5,-5520.5
5024026,255000.0,3.125,360,Cash-out refinance,2021-09-17,104.17,101.95125,Storgan Manley,12750.000000000011,Securitization (UMBS),104.17,2116.4999999999927,0.0,10633.5,-2116.5
5024032,145000.0,2.25,180,Refinancing,2021-09-17,99.88,98.16125,Storgan Manley,7250.000000000006,Securitization (UMBS),99.88,7424.000000000019,0.0,-174.0,-7424.0
5024078,275000.0,2.875,360,Refinancing,2021-08-10,103.19,101.565,Bank of Americans,13750.000000000013,Securitization (UMBS),103.19,4977.500000000002,0.0,8772.5,-4977.5
5024202,155000.0,2.5,180,Refinancing,2021-08-18,99.88,98.255,Bank of Americans,7750.000000000007,Securitization (UMBS),99.88,7936.000000000021,0.0,-186.0,-7936.0
5024304,185000.0,2.75,180,Cash-out refinance,2021-08-24,104.17,102.545,Bank of Americans,9250.00000000001,Securitization (UMBS),104.17,1535.4999999999964,0.0,7714.5,-1535.5
5024323,275000.0,2.99,360,Cash-out refinance,2021-08-24,103.19,101.565,Bank of Americans,13750.000000000013,Securitization (UMBS),103.19,4977.500000000002,0.0,8772.5,-4977.5
5024413,345000.0,2.875,360,Cash-out refinance,2021-08-25,103.19,101.94,Bank of Americans,17250.000000000015,Securitization (UMBS),103.19,6244.500000000002,0.0,11005.5,-6244.5
5024463,205000.0,2.875,360,Cash-out refinance,2021-08-28,104.17,102.545,Bank of Americans,10250.00000000001,Securitization (UMBS),104.17,1701.4999999999945,0.0,8548.5,-1701.5
5024473,645000.0,3.375,360,Cash-out refinance,2021-08-30,104.61,102.61,Bank of Americans,32250.00000000003,Securitization (UMBS),104.61,2515.500000000011,0.0,29734.5,-2515.5
5024494,205000.0,1.99,180,Refinancing,2021-09-01,97.45,96.2,Bank of Americans,10250.00000000001,Securitization (UMBS),97.45,15477.500000000004,0.0,-5227.5,-15477.5
5024657,85000.0,3.25,360,Refinancing,2021-09-01,105.0,103.375,Bank of Americans,4250.000000000004,Securitization (UMBS),105.0,0.0,0.0,4250.0,-0.0
5024716,305000.0,2.875,360,Refinancing,2021-09-01,103.19,100.5025,Bank of Americans,15250.000000000013,Securitization (UMBS),103.19,5520.5,0.0,9729.5,-5520.5
5024734,485000.0,1.99,168,Refinancing,2021-09-01,97.45,94.5125,Bank of Americans,24250.000000000022,Securitization (UMBS),97.45,36617.50000000001,0.0,-12367.5,-36617.5
5024750,245000.0,2.5,180,Cash-out refinance,2021-09-02,99.88,97.9425,Bank of Americans,12250.000000000011,Securitization (UMBS),99.88,12544.000000000033,0.0,-294.0,-12544.0
5024906,375000.0,3.25,360,Refinancing,2021-09-02,104.61,102.2975,Bank of Americans,18750.00000000002,Securitization (UMBS),104.61,1462.5000000000073,0.0,17287.5,-1462.5
5024940,295000.0,2.99,360,Refinancing,2021-09-03,103.19,101.2525,Bank of Americans,14750.000000000013,Securitization (UMBS),103.19,5339.500000000002,0.0,9410.5,-5339.5
5024973,195000.0,2.875,360,Cash-out refinance,2021-09-03,103.19,100.97125,Storgan Manley,9750.00000000001,Securitization (UMBS),103.19,3529.500000000002,0.0,6220.5,-3529.5
5025032,315000.0,2.625,180,Cash-out refinance,2021-09-04,103.03,100.81125,Storgan Manley,15750.000000000015,Securitization (UMBS),103.03,6205.500000000016,0.0,9544.5,-6205.5
5025140,305000.0,2.69,360,Refinancing,2021-09-04,103.03,100.81125,Storgan Manley,15250.000000000013,Securitization (UMBS),103.03,6008.500000000015,0.0,9241.5,-6008.5
5025168,325000.0,3.375,360,Cash-out refinance,2021-09-04,104.61,102.39125,Storgan Manley,16250.000000000015,Securitization (UMBS),104.61,1267.5000000000055,0.0,14982.5,-1267.5
5025220,205000.0,2.99,360,Refinancing,2021-09-06,104.17,101.95125,Storgan Manley,10250.00000000001,Securitization (UMBS),104.17,1701.4999999999945,0.0,8548.5,-1701.5
5025292,215000.0,2.5,180,Cash-out refinance,2021-09-06,99.88,98.255,Bank of Americans,10750.00000000001,Securitization (UMBS),99.88,11008.00000000003,0.0,-258.0,-11008.0
5025334,95000.0,3.25,180,Cash-out refinance,2021-09-07,104.61,102.61,Bank of Americans,4750.000000000005,Securitization (UMBS),104.61,370.5000000000018,0.0,4379.5,-370.5
5025348,265000.0,2.69,360,Refinancing,2021-09-08,99.88,97.63,Bank of Americans,13250.000000000011,Securitization (UMBS),99.88,13568.000000000035,0.0,-318.0,-13568.0
5025452,385000.0,3.5,360,Refinancing,2021-09-08,104.61,103.36,Bank of Americans,19250.00000000002,Securitization (UMBS),104.61,1501.5000000000073,0.0,17748.5,-1501.5
5025473,105000.0,2.25,180,Refinancing,2021-09-08,103.03,100.53,Bank of Americans,5250.000000000005,Securitization (UMBS),103.03,2068.500000000005,0.0,3181.5,-2068.5
5025536,145000.0,3.625,240,Cash-out refinance,2021-09-09,105.0,102.5625,Bank of Americans,7250.000000000006,Securitization (UMBS),105.0,0.0,0.0,7250.0,-0.0
5025566,115000.0,2.875,360,Refinancing,2021-09-09,103.19,100.7525,Bank of Americans,5750.0000000000055,Securitization (UMBS),103.19,2081.500000000001,0.0,3668.5,-2081.5
5025610,125000.0,3.125,240,Cash-out refinance,2021-09-09,103.19,100.7525,Bank of Americans,6250.0000000000055,Securitization (UMBS),103.19,2262.5000000000005,0.0,3987.5,-2262.5
5025665,405000.0,2.99,360,Refinancing,2021-09-10,103.19,100.84625,Storgan Manley,20250.00000000002,Securitization (UMBS),103.19,7330.500000000002,0.0,12919.5,-7330.5
5025705,165000.0,2.99,360,Refinancing,2021-09-10,103.19,101.34625,Storgan Manley,8250.000000000007,Securitization (UMBS),103.19,2986.500000000001,0.0,5263.5,-2986.5
5025793,285000.0,1.75,180,Refinancing,2021-09-13,97.45,95.48125,Storgan Manley,14250.000000000013,Securitization (UMBS),97.45,21517.500000000004,0.0,-7267.5,-21517.5
5025795,145000.0,3.25,360,Refinancing,2021-09-14,104.61,102.64125,Storgan Manley,7250.000000000006,Securitization (UMBS),104.61,565.5000000000018,0.0,6684.5,-565.5
5025849,505000.0,2.99,360,Refinancing,2021-09-14,104.17,101.82625,Storgan Manley,25250.000000000022,Securitization (UMBS),104.17,4191.499999999985,0.0,21058.5,-4191.5
5025926,355000.0,2.75,360,Home purchase,2021-09-14,103.19,101.22125,Storgan Manley,17750.000000000015,Securitization (UMBS),103.19,6425.5,0.0,11324.5,-6425.5
5025940,305000.0,2.875,360,Cash-out refinance,2021-09-14,104.17,101.82625,Storgan Manley,15250.000000000013,Securitization (UMBS),104.17,2531.499999999991,0.0,12718.5,-2531.5
5025969,135000.0,2.99,360,Home purchase,2021-09-15,103.19,100.84625,Storgan Manley,6750.000000000006,Securitization (UMBS),103.19,2443.500000000001,0.0,4306.5,-2443.5
5026011,555000.0,2.875,360,Refinancing,2021-09-15,103.19,101.815,Bank of Americans,27750.000000000025,Securitization (UMBS),103.19,10045.500000000004,0.0,17704.5,-10045.5
5026070,325000.0,3.375,360,Cash-out refinance,2021-09-16,105.0,103.25,Bank of Americans,16250.000000000015,Securitization (UMBS),105.0,0.0,0.0,16250.0,-0.0
5026088,105000.0,1.99,180,Refinancing,2021-09-16,97.45,95.45,Bank of Americans,5250.000000000005,Securitization (UMBS),97.45,7927.500000000001,0.0,-2677.5,-7927.5
5026179,205000.0,2.875,360,Refinancing,2021-09-17,103.19,99.3775,Bank of Americans,10250.00000000001,Securitization (UMBS),103.19,3710.500000000001,0.0,6539.5,-3710.5
5026190,115000.0,2.99,360,Refinancing,2021-09-17,103.19,101.2525,Bank of Americans,5750.0000000000055,Securitization (UMBS),103.19,2081.500000000001,0.0,3668.5,-2081.5
5026199,75000.0,2.875,168,Cash-out refinance,2021-09-17,103.19,100.7525,Bank of Americans,3750.000000000003,Securitization (UMBS),103.19,1357.5,0.0,2392.5,-1357.5
5026306,135000.0,3.5,360,Cash-out refinance,2021-09-16,104.61,102.1725,Bank of Americans,6750.000000000006,Securitization (UMBS),104.61,526.5000000000027,0.0,6223.5,-526.5
5026333,255000.0,2.94,360,Refinancing,2021-08-25,103.19,100.7525,Bank of Americans,12750.000000000011,Securitization (UMBS),103.19,4615.500000000001,0.0,8134.5,-4615.5
5026335,105000.0,3.25,360,Cash-out refinance,2021-08-25,104.61,102.5475,Bank of Americans,5250.000000000005,Securitization (UMBS),104.61,409.5000000000018,0.0,4840.5,-409.5
5026360,125000.0,3.625,240,Cash-out refinance,2021-08-26,104.61,102.5475,Bank of Americans,6250.0000000000055,Securitization (UMBS),104.61,487.5000000000018,0.0,5762.5,-487.5
5026400,95000.0,3.375,360,Cash-out refinance,2021-08-27,104.61,102.1725,Bank of Americans,4750.000000000005,Securitization (UMBS),104.61,370.5000000000018,0.0,4379.5,-370.5
5026401,105000.0,2.75,180,Cash-out refinance,2021-08-28,103.19,101.1275,Bank of Americans,5250.000000000005,Securitization (UMBS),103.19,1900.5000000000005,0.0,3349.5,-1900.5
5026435,605000.0,3.375,360,Cash-out refinance,2021-08-28,104.61,102.26625,Storgan Manley,30250.000000000025,Securitization (UMBS),104.61,2359.5000000000073,0.0,27890.5,-2359.5
5026551,325000.0,2.125,180,Cash-out refinance,2021-08-30,97.45,95.10625,Storgan Manley,16250.000000000015,Securitization (UMBS),97.45,24537.500000000004,0.0,-8287.5,-24537.5
5026627,195000.0,2.375,180,Cash-out refinance,2021-09-01,99.88,97.53625,Storgan Manley,9750.00000000001,Securitization (UMBS),99.88,9984.000000000027,0.0,-234.0,-9984.0
5026669,535000.0,3.375,360,Refinancing,2021-09-01,104.61,102.64125,Storgan Manley,26750.000000000025,Securitization (UMBS),104.61,2086.500000000011,0.0,24663.5,-2086.5
5026709,255000.0,2.875,240,Refinancing,2021-09-02,103.19,100.84625,Storgan Manley,12750.000000000011,Securitization (UMBS),103.19,4615.500000000001,0.0,8134.5,-4615.5
5026780,185000.0,2.875,360,Cash-out refinance,2021-09-02,103.19,101.22125,Storgan Manley,9250.00000000001,Securitization (UMBS),103.19,3348.500000000002,0.0,5901.5,-3348.5
5026901,525000.0,2.75,360,Cash-out refinance,2021-09-03,103.19,101.815,Bank of Americans,26250.000000000022,Securitization (UMBS),103.19,9502.5,0.0,16747.5,-9502.5
5026981,325000.0,2.99,360,Home purchase,2021-09-03,104.17,102.42,Bank of Americans,16250.000000000015,Securitization (UMBS),104.17,2697.499999999991,0.0,13552.5,-2697.5
5027013,305000.0,3.19,360,Cash-out refinance,2021-09-03,103.19,101.815,Bank of Americans,15250.000000000013,Securitization (UMBS),103.19,5520.5,0.0,9729.5,-5520.5
5027141,205000.0,2.99,360,Cash-out refinance,2021-09-03,103.19,101.815,Bank of Americans,10250.00000000001,Securitization (UMBS),103.19,3710.500000000001,0.0,6539.5,-3710.5
5027170,335000.0,3.625,360,Cash-out refinance,2021-09-03,104.61,102.86,Bank of Americans,16750.000000000015,Securitization (UMBS),104.61,1306.5000000000055,0.0,15443.5,-1306.5
5027173,165000.0,2.375,180,Cash-out refinance,2021-09-04,99.88,98.13,Bank of Americans,8250.000000000007,Securitization (UMBS),99.88,8448.000000000022,0.0,-198.0,-8448.0
5027179,225000.0,2.375,240,Cash-out refinance,2021-09-04,103.03,100.9675,Bank of Americans,11250.00000000001,Securitization (UMBS),103.03,4432.500000000011,0.0,6817.5,-4432.5
5027354,435000.0,2.99,360,Cash-out refinance,2021-09-04,103.19,100.7525,Bank of Americans,21750.00000000002,Securitization (UMBS),103.19,7873.500000000002,0.0,13876.5,-7873.5
5027355,405000.0,2.99,360,Refinancing,2021-09-06,103.19,100.7525,Bank of Americans,20250.00000000002,Securitization (UMBS),103.19,7330.500000000002,0.0,12919.5,-7330.5
5027394,95000.0,2.625,180,Refinancing,2021-09-06,99.88,97.4425,Bank of Americans,4750.000000000005,Securitization (UMBS),99.88,4864.000000000013,0.0,-114.0,-4864.0
5027427,225000.0,2.875,240,Cash-out refinance,2021-09-06,103.19,101.22125,Storgan Manley,11250.00000000001,Securitization (UMBS),103.19,4072.5,0.0,7177.5,-4072.5
5027449,155000.0,3.375,360,Cash-out refinance,2021-09-06,105.0,102.65625,Storgan Manley,7750.000000000007,Securitization (UMBS),105.0,0.0,0.0,7750.0,-0.0
5027737,295000.0,2.875,360,Refinancing,2021-09-07,103.19,100.84625,Storgan Manley,14750.000000000013,Securitization (UMBS),103.19,5339.500000000002,0.0,9410.5,-5339.5
5027867,245000.0,2.69,360,Cash-out refinance,2021-09-09,99.88,98.03625,Storgan Manley,12250.000000000011,Securitization (UMBS),99.88,12544.000000000033,0.0,-294.0,-12544.0
5027878,55000.0,3.25,180,Refinancing,2021-09-10,104.61,102.64125,Storgan Manley,2750.0000000000023,Securitization (UMBS),104.61,214.50000000000045,0.0,2535.5,-214.5
5027923,215000.0,2.75,180,Cash-out refinance,2021-09-10,103.19,101.22125,Storgan Manley,10750.00000000001,Securitization (UMBS),103.19,3891.500000000001,0.0,6858.5,-3891.5
5028037,135000.0,2.875,360,Refinancing,2021-09-10,104.17,101.82625,Storgan Manley,6750.000000000006,Securitization (UMBS),104.17,1120.4999999999973,0.0,5629.5,-1120.5
5028062,285000.0,3.375,360,Refinancing,2021-09-11,104.61,102.26625,Storgan Manley,14250.000000000013,Securitization (UMBS),104.61,1111.5000000000036,0.0,13138.5,-1111.5
5028117,255000.0,3.125,360,Home purchase,2021-09-13,103.19,100.84625,Storgan Manley,12750.000000000011,Securitization (UMBS),103.19,4615.500000000001,0.0,8134.5,-4615.5
5028198,215000.0,3.14,312,Cash-out refinance,2021-09-13,103.19,101.44,Bank of Americans,10750.00000000001,Securitization (UMBS),103.19,3891.500000000001,0.0,6858.5,-3891.5
5028251,335000.0,2.25,180,Refinancing,2021-09-13,99.88,98.13,Bank of Americans,16750.000000000015,Securitization (UMBS),99.88,17152.000000000044,0.0,-402.0,-17152.0
5028276,75000.0,3.25,360,Home purchase,2021-09-13,104.61,102.86,Bank of Americans,3750.000000000003,Securitization (UMBS),104.61,292.5000000000009,0.0,3457.5,-292.5
5028333,255000.0,2.25,180,Refinancing,2021-09-13,99.88,98.13,Bank of Americans,12750.000000000011,Securitization (UMBS),99.88,13056.000000000035,0.0,-306.0,-13056.0
5028437,305000.0,1.99,180,Refinancing,2021-09-14,97.45,96.075,Bank of Americans,15250.000000000013,Securitization (UMBS),97.45,23027.500000000004,0.0,-7777.5,-23027.5
5028508,275000.0,3.375,360,Cash-out refinance,2021-09-14,104.61,102.86,Bank of Americans,13750.000000000013,Securitization (UMBS),104.61,1072.5000000000036,0.0,12677.5,-1072.5
5028538,245000.0,2.69,360,Refinancing,2021-09-14,99.88,98.13,Bank of Americans,12250.000000000011,Securitization (UMBS),99.88,12544.000000000033,0.0,-294.0,-12544.0
5028573,175000.0,3.44,360,Home purchase,2021-09-14,104.61,101.235,Bank of Americans,8750.000000000007,Securitization (UMBS),104.61,682.5000000000018,0.0,8067.5,-682.5
5028576,165000.0,3.25,360,Home purchase,2021-09-15,104.61,102.11,Bank of Americans,8250.000000000007,Securitization (UMBS),104.61,643.5000000000027,0.0,7606.5,-643.5
5028637,725000.0,2.125,180,Refinancing,2021-09-15,97.45,95.3875,Bank of Americans,36250.00000000003,Securitization (UMBS),97.45,54737.5,0.0,-18487.5,-54737.5
5028683,545000.0,2.875,360,Refinancing,2021-09-16,103.19,101.1275,Bank of Americans,27250.000000000025,Securitization (UMBS),103.19,9864.500000000004,0.0,17385.5,-9864.5
5028790,205000.0,3.5,180,Home purchase,2021-09-16,104.61,102.6725,Bank of Americans,10250.00000000001,Securitization (UMBS),104.61,799.5000000000036,0.0,9450.5,-799.5
5028815,175000.0,2.99,360,Cash-out refinance,2021-09-17,103.19,100.7525,Bank of Americans,8750.000000000007,Securitization (UMBS),103.19,3167.5,0.0,5582.5,-3167.5
5028903,225000.0,2.5,180,Cash-out refinance,2021-09-17,99.88,97.4425,Bank of Americans,11250.00000000001,Securitization (UMBS),99.88,11520.00000000003,0.0,-270.0,-11520.0
5028975,175000.0,2.99,360,Cash-out refinance,2021-08-23,103.19,100.84625,Storgan Manley,8750.000000000007,Securitization (UMBS),103.19,3167.5,0.0,5582.5,-3167.5
5029069,115000.0,2.25,180,Refinancing,2021-08-26,103.03,100.68625,Storgan Manley,5750.0000000000055,Securitization (UMBS),103.03,2265.5000000000064,0.0,3484.5,-2265.5
5029134,755000.0,3.125,360,Cash-out refinance,2021-08-27,103.19,0.0,Golden Sachs,37750.00000000004,Securitization (UMBS),103.19,13665.500000000007,0.0,24084.5,-13665.5
5029178,305000.0,3.375,360,Home purchase,2021-09-01,105.0,102.65625,Storgan Manley,15250.000000000013,Securitization (UMBS),105.0,0.0,0.0,15250.0,-0.0
5029199,205000.0,2.99,360,Refinancing,2021-09-02,103.19,101.22125,Storgan Manley,10250.00000000001,Securitization (UMBS),103.19,3710.500000000001,0.0,6539.5,-3710.5
5029204,175000.0,2.875,360,Cash-out refinance,2021-09-03,104.17,102.32625,Storgan Manley,8750.000000000007,Securitization (UMBS),104.17,1452.4999999999945,0.0,7297.5,-1452.5
5029227,705000.0,3.19,360,Cash-out refinance,2021-09-03,103.19,100.815,Bank of Americans,35250.00000000003,Securitization (UMBS),103.19,12760.5,0.0,22489.5,-12760.5
5029288,515000.0,2.75,360,Refinancing,2021-09-03,103.19,101.44,Bank of Americans,25750.000000000022,Securitization (UMBS),103.19,9321.5,0.0,16428.5,-9321.5
5029296,475000.0,2.99,360,Home purchase,2021-09-03,103.19,102.065,Bank of Americans,23750.000000000022,Securitization (UMBS),103.19,8597.500000000004,0.0,15152.5,-8597.5
5029370,695000.0,2.875,360,Cash-out refinance,2021-09-04,103.19,101.44,Bank of Americans,34750.00000000003,Securitization (UMBS),103.19,12579.5,0.0,22170.5,-12579.5
5029381,475000.0,2.69,360,Home purchase,2021-09-06,103.03,100.5925,Bank of Americans,23750.000000000022,Securitization (UMBS),103.03,9357.500000000025,0.0,14392.5,-9357.5
5029419,365000.0,3.125,360,Home purchase,2021-09-07,103.19,100.7525,Bank of Americans,18250.000000000015,Securitization (UMBS),103.19,6606.5,0.0,11643.5,-6606.5
5029467,545000.0,2.25,180,Home improvement,2021-09-07,99.88,97.4425,Bank of Americans,27250.000000000025,Securitization (UMBS),99.88,27904.000000000073,0.0,-654.0,-27904.0
5029548,285000.0,2.875,240,Refinancing,2021-09-07,103.19,101.2525,Bank of Americans,14250.000000000013,Securitization (UMBS),103.19,5158.500000000002,0.0,9091.5,-5158.5
5029574,545000.0,2.69,360,Refinancing,2021-09-08,103.03,100.5925,Bank of Americans,27250.000000000025,Securitization (UMBS),103.03,10736.50000000003,0.0,16513.5,-10736.5
5029656,545000.0,2.75,360,Cash-out refinance,2021-09-10,103.19,100.7525,Bank of Americans,27250.000000000025,Securitization (UMBS),103.19,9864.500000000004,0.0,17385.5,-9864.5
5029689,255000.0,3.375,360,Refinancing,2021-09-10,105.0,102.5625,Bank of Americans,12750.000000000011,Securitization (UMBS),105.0,0.0,0.0,12750.0,-0.0
5029717,635000.0,3.44,360,Home purchase,2021-09-11,104.61,102.5475,Bank of Americans,31750.00000000003,Securitization (UMBS),104.61,2476.500000000011,0.0,29273.5,-2476.5
5029791,175000.0,2.625,180,Refinancing,2021-09-11,99.88,97.53625,Storgan Manley,8750.000000000007,Securitization (UMBS),99.88,8960.000000000024,0.0,-210.0,-8960.0
5029796,685000.0,2.25,180,Refinancing,2021-09-13,99.88,96.91125,Storgan Manley,34250.00000000003,Securitization (UMBS),99.88,35072.00000000009,0.0,-822.0,-35072.0
5029931,615000.0,2.75,360,Refinancing,2021-09-13,103.19,100.84625,Storgan Manley,30750.00000000003,Securitization (UMBS),103.19,11131.500000000004,0.0,19618.5,-11131.5
5029955,155000.0,2.99,360,Refinancing,2021-09-13,103.19,101.34625,Storgan Manley,7750.000000000007,Securitization (UMBS),103.19,2805.500000000001,0.0,4944.5,-2805.5
5029991,235000.0,2.125,120,Refinancing,2021-09-13,97.45,95.7,Bank of Americans,11750.000000000011,Securitization (UMBS),97.45,17742.500000000004,0.0,-5992.5,-17742.5
5030093,305000.0,2.875,360,Refinancing,2021-09-13,103.19,101.44,Bank of Americans,15250.000000000013,Securitization (UMBS),103.19,5520.5,0.0,9729.5,-5520.5
5030110,105000.0,3.5,360,Home improvement,2021-09-13,105.0,103.25,Bank of Americans,5250.000000000005,Securitization (UMBS),105.0,0.0,0.0,5250.0,-0.0
5030171,115000.0,3.375,360,Cash-out refinance,2021-09-14,104.61,103.485,Bank of Americans,5750.0000000000055,Securitization (UMBS),104.61,448.5000000000018,0.0,5301.5,-448.5
5030187,825000.0,2.75,360,Cash-out refinance,2021-09-14,103.19,99.815,Golden Sachs,41250.00000000004,Securitization (UMBS),103.19,14932.500000000004,0.0,26317.5,-14932.5
5030245,425000.0,3.375,360,Refinancing,2021-09-14,105.0,102.9375,Golden Sachs,21250.00000000002,Securitization (UMBS),105.0,0.0,0.0,21250.0,-0.0
5030260,155000.0,3.375,360,Cash-out refinance,2021-09-15,104.61,102.4225,Golden Sachs,7750.000000000007,Securitization (UMBS),104.61,604.5000000000027,0.0,7145.5,-604.5
5030380,495000.0,3.125,360,Cash-out refinance,2021-09-15,104.17,101.70125,Storgan Manley,24750.000000000022,Securitization (UMBS),104.17,4108.499999999985,0.0,20641.5,-4108.5
5030387,595000.0,1.75,360,Refinancing,2021-09-16,97.45,95.575,Bank of Americans,29750.000000000025,Securitization (UMBS),97.45,44922.50000000001,0.0,-15172.5,-44922.5
5030679,675000.0,2.875,240,Cash-out refinance,2021-09-16,103.19,101.69,Bank of Americans,33750.00000000003,Securitization (UMBS),103.19,12217.500000000004,0.0,21532.5,-12217.5
5030689,255000.0,2.25,180,Refinancing,2021-09-17,99.88,98.38,Bank of Americans,12750.000000000011,Securitization (UMBS),99.88,13056.000000000035,0.0,-306.0,-13056.0
5030692,95000.0,2.875,360,Refinancing,2021-09-17,103.19,101.315,Bank of Americans,4750.000000000005,Securitization (UMBS),103.19,1719.500000000001,0.0,3030.5,-1719.5
5030759,205000.0,2.75,360,Home purchase,2021-09-17,103.19,101.315,Bank of Americans,10250.00000000001,Securitization (UMBS),103.19,3710.500000000001,0.0,6539.5,-3710.5
5030783,825000.0,3.19,360,Home purchase,2021-08-21,103.19,101.94,Bank of Americans,41250.00000000004,Securitization (UMBS),103.19,14932.500000000004,0.0,26317.5,-14932.5
5030832,85000.0,3.25,360,Cash-out refinance,2021-08-27,104.61,102.36,Golden Sachs,4250.000000000004,Securitization (UMBS),104.61,331.5000000000009,0.0,3918.5,-331.5
5030871,795000.0,2.875,360,Refinancing,2021-09-01,103.19,100.6275,Golden Sachs,39750.00000000004,Securitization (UMBS),103.19,14389.500000000004,0.0,25360.5,-14389.5
5030883,205000.0,2.75,180,Refinancing,2021-09-02,103.19,101.0025,Golden Sachs,10250.00000000001,Securitization (UMBS),103.19,3710.500000000001,0.0,6539.5,-3710.5
5030897,445000.0,2.99,360,Refinancing,2021-09-02,103.19,101.0025,Golden Sachs,22250.00000000002,Securitization (UMBS),103.19,8054.5,0.0,14195.5,-8054.5
5030939,425000.0,2.375,360,Refinancing,2021-09-03,99.88,97.78625,Storgan Manley,21250.00000000002,Securitization (UMBS),99.88,21760.00000000006,0.0,-510.0,-21760.0
5030975,365000.0,2.375,180,Refinancing,2021-09-04,99.88,97.41125,Storgan Manley,18250.000000000015,Securitization (UMBS),99.88,18688.000000000047,0.0,-438.0,-18688.0
5031024,315000.0,2.5,240,Cash-out refinance,2021-09-04,99.88,97.91125,Storgan Manley,15750.000000000015,Securitization (UMBS),99.88,16128.000000000044,0.0,-378.0,-16128.0
5031046,215000.0,1.99,180,Cash-out refinance,2021-09-06,97.45,0.0,Golden Sachs,10750.00000000001,Securitization (UMBS),97.45,16232.500000000002,0.0,-5482.5,-16232.5
5031089,205000.0,2.875,360,Refinancing,2021-09-07,103.19,101.09625,Storgan Manley,10250.00000000001,Securitization (UMBS),103.19,3710.500000000001,0.0,6539.5,-3710.5
5031140,365000.0,2.25,180,Cash-out refinance,2021-09-08,99.88,98.38,Bank of Americans,18250.000000000015,Securitization (UMBS),99.88,18688.000000000047,0.0,-438.0,-18688.0
5031221,275000.0,2.375,360,Refinancing,2021-09-09,103.03,101.155,Bank of Americans,13750.000000000013,Securitization (UMBS),103.03,5417.500000000015,0.0,8332.5,-5417.5
5031223,565000.0,2.375,180,Refinancing,2021-09-09,99.88,97.6925,Golden Sachs,28250.000000000025,Securitization (UMBS),99.88,28928.000000000076,0.0,-678.0,-28928.0
5031340,545000.0,3.375,360,Cash-out refinance,2021-09-10,104.61,102.4225,Golden Sachs,27250.000000000025,Securitization (UMBS),104.61,2125.500000000011,0.0,25124.5,-2125.5
5031369,175000.0,3.375,360,Refinancing,2021-09-13,104.61,102.0475,Golden Sachs,8750.000000000007,Securitization (UMBS),104.61,682.5000000000018,0.0,8067.5,-682.5
5031429,195000.0,2.875,360,Cash-out refinance,2021-09-13,103.19,100.6275,Golden Sachs,9750.00000000001,Securitization (UMBS),103.19,3529.500000000002,0.0,6220.5,-3529.5
5031472,145000.0,2.99,180,Cash-out refinance,2021-09-14,103.19,100.72125,Storgan Manley,7250.000000000006,Securitization (UMBS),103.19,2624.500000000001,0.0,4625.5,-2624.5
5031541,55000.0,2.99,240,Refinancing,2021-09-14,103.19,100.94,Golden Sachs,2750.0000000000023,Securitization (UMBS),103.19,995.5,0.0,1754.5,-995.5
5031576,525000.0,3.25,360,Home improvement,2021-09-14,104.61,102.4225,Golden Sachs,26250.000000000022,Securitization (UMBS),104.61,2047.5000000000073,0.0,24202.5,-2047.5
5031616,535000.0,2.75,360,Cash-out refinance,2021-09-15,103.19,101.0025,Golden Sachs,26750.000000000025,Securitization (UMBS),103.19,9683.500000000004,0.0,17066.5,-9683.5
5031651,725000.0,2.94,360,Home purchase,2021-09-16,103.19,100.6275,Golden Sachs,36250.00000000003,Securitization (UMBS),103.19,13122.5,0.0,23127.5,-13122.5
5031659,195000.0,2.99,360,Refinancing,2021-09-16,104.17,100.9825,Golden Sachs,9750.00000000001,Securitization (UMBS),104.17,1618.4999999999955,0.0,8131.5,-1618.5
5031704,305000.0,2.99,360,Refinancing,2021-08-26,103.19,100.6275,Golden Sachs,15250.000000000013,Securitization (UMBS),103.19,5520.5,0.0,9729.5,-5520.5
5031743,455000.0,2.75,180,Cash-out refinance,2021-08-27,103.19,101.0025,Golden Sachs,22750.000000000022,Securitization (UMBS),103.19,8235.500000000004,0.0,14514.5,-8235.5
5031771,495000.0,2.875,180,Home purchase,2021-08-28,103.19,100.6275,Golden Sachs,24750.000000000022,Securitization (UMBS),103.19,8959.500000000002,0.0,15790.5,-8959.5
5031847,295000.0,2.99,360,Refinancing,2021-08-28,103.19,101.0025,Golden Sachs,14750.000000000013,Securitization (UMBS),103.19,5339.500000000002,0.0,9410.5,-5339.5
5031873,105000.0,2.625,180,Refinancing,2021-08-30,99.88,97.3175,Golden Sachs,5250.000000000005,Securitization (UMBS),99.88,5376.000000000014,0.0,-126.0,-5376.0
5031889,105000.0,3.375,360,Refinancing,2021-08-31,104.61,101.2975,Golden Sachs,5250.000000000005,Securitization (UMBS),104.61,409.5000000000018,0.0,4840.5,-409.5
5031976,175000.0,3.375,360,Refinancing,2021-08-31,104.61,102.0475,Golden Sachs,8750.000000000007,Securitization (UMBS),104.61,682.5000000000018,0.0,8067.5,-682.5
5031998,275000.0,2.5,180,Cash-out refinance,2021-09-01,99.88,97.41125,Storgan Manley,13750.000000000013,Securitization (UMBS),99.88,14080.000000000038,0.0,-330.0,-14080.0
5032005,825000.0,2.94,360,Refinancing,2021-09-01,103.19,101.09625,Storgan Manley,41250.00000000004,Securitization (UMBS),103.19,14932.500000000004,0.0,26317.5,-14932.5
5032046,675000.0,2.375,180,Refinancing,2021-09-02,99.88,97.78625,Storgan Manley,33750.00000000003,Securitization (UMBS),99.88,34560.00000000009,0.0,-810.0,-34560.0
5032073,135000.0,1.99,156,Refinancing,2021-09-02,97.45,94.98125,Storgan Manley,6750.000000000006,Securitization (UMBS),97.45,10192.500000000002,0.0,-3442.5,-10192.5
5032074,155000.0,2.5,96,Refinancing,2021-09-02,99.88,97.78625,Storgan Manley,7750.000000000007,Securitization (UMBS),99.88,7936.000000000021,0.0,-186.0,-7936.0
5032152,345000.0,2.99,360,Refinancing,2021-09-03,103.19,100.72125,Storgan Manley,17250.000000000015,Securitization (UMBS),103.19,6244.500000000002,0.0,11005.5,-6244.5
5032166,135000.0,3.125,240,Cash-out refinance,2021-09-04,103.19,101.09625,Storgan Manley,6750.000000000006,Securitization (UMBS),103.19,2443.500000000001,0.0,4306.5,-2443.5
5032199,105000.0,2.75,180,Other,2021-09-04,103.19,100.72125,Storgan Manley,5250.000000000005,Securitization (UMBS),103.19,1900.5000000000005,0.0,3349.5,-1900.5
5032223,165000.0,2.75,360,Cash-out refinance,2021-09-04,103.19,101.09625,Storgan Manley,8250.000000000007,Securitization (UMBS),103.19,2986.500000000001,0.0,5263.5,-2986.5
5032304,155000.0,3.625,360,Cash-out refinance,2021-09-07,104.61,103.735,Bank of Americans,7750.000000000007,Securitization (UMBS),104.61,604.5000000000027,0.0,7145.5,-604.5
5032334,405000.0,2.75,360,Refinancing,2021-09-07,103.19,0.0,Golden Sachs,20250.00000000002,Securitization (UMBS),103.19,7330.500000000002,0.0,12919.5,-7330.5
5032412,325000.0,2.5,180,Refinancing,2021-09-09,99.88,0.0,Golden Sachs,16250.000000000015,Securitization (UMBS),99.88,16640.000000000044,0.0,-390.0,-16640.0
5032422,305000.0,2.75,360,Cash-out refinance,2021-09-10,103.19,0.0,Golden Sachs,15250.000000000013,Securitization (UMBS),103.19,5520.5,0.0,9729.5,-5520.5
5032456,135000.0,2.75,180,Cash-out refinance,2021-09-11,103.19,0.0,Golden Sachs,6750.000000000006,Securitization (UMBS),103.19,2443.500000000001,0.0,4306.5,-2443.5
5032469,155000.0,3.25,360,Cash-out refinance,2021-09-13,105.0,0.0,Golden Sachs,7750.000000000007,Securitization (UMBS),105.0,0.0,0.0,7750.0,-0.0
5032549,365000.0,2.69,360,Home purchase,2021-09-13,99.88,0.0,Golden Sachs,18250.000000000015,Securitization (UMBS),99.88,18688.000000000047,0.0,-438.0,-18688.0
5032711,135000.0,2.875,240,Refinancing,2021-09-13,103.19,104.0025,Bank of Americans,6750.000000000006,Whole Loan Sale,104.0025,2443.500000000001,0.0,5403.37,-1346.63
5032724,185000.0,2.5,180,Cash-out refinance,2021-09-14,99.88,97.5675,Bank of Americans,9250.00000000001,Securitization (UMBS),99.88,9472.000000000025,0.0,-222.0,-9472.0
5032733,375000.0,2.99,360,Cash-out refinance,2021-09-15,103.19,102.72125,Storgan Manley,18750.00000000002,Securitization (UMBS),103.19,6787.500000000004,0.0,11962.5,-6787.5
5032737,395000.0,2.75,360,Home purchase,2021-09-15,103.19,102.22125,Storgan Manley,19750.00000000002,Securitization (UMBS),103.19,7149.500000000002,0.0,12600.5,-7149.5
5032759,155000.0,2.99,360,Cash-out refinance,2021-09-16,103.19,101.65875,Storgan Manley,7750.000000000007,Securitization (UMBS),103.19,2805.500000000001,0.0,4944.5,-2805.5
5032784,265000.0,3.125,360,Refinancing,2021-09-16,103.19,100.8775,Bank of Americans,13250.000000000011,Securitization (UMBS),103.19,4796.5,0.0,8453.5,-4796.5
5032803,105000.0,1.99,120,Refinancing,2021-09-03,97.45,96.325,Bank of Americans,5250.000000000005,Securitization (UMBS),97.45,7927.500000000001,0.0,-2677.5,-7927.5
5032821,415000.0,2.99,360,Refinancing,2021-08-05,103.19,0.0,Golden Sachs,20750.00000000002,Securitization (UMBS),103.19,7511.500000000002,0.0,13238.5,-7511.5
5032834,375000.0,2.125,180,Refinancing,2021-08-23,97.45,98.2625,Bank of Americans,18750.00000000002,Whole Loan Sale,98.2625,28312.500000000007,0.0,-6515.62,-25265.63
5033198,685000.0,2.875,360,Home purchase,2021-08-27,103.19,102.90875,Storgan Manley,34250.00000000003,Securitization (UMBS),103.19,12398.500000000004,0.0,21851.5,-12398.5
5033277,395000.0,3.875,360,Cash-out refinance,2021-09-01,105.77,104.61375,Storgan Manley,19750.00000000002,Securitization (UMBS),105.77,-3041.4999999999272,0.0,22791.5,3041.5
5033337,145000.0,3.375,324,Refinancing,2021-09-01,104.61,103.235,Bank of Americans,7250.000000000006,Securitization (UMBS),104.61,565.5000000000018,0.0,6684.5,-565.5
5033398,285000.0,1.99,180,Cash-out refinance,2021-09-01,97.45,95.0125,Bank of Americans,14250.000000000013,Securitization (UMBS),97.45,21517.500000000004,0.0,-7267.5,-21517.5
5033433,425000.0,2.625,180,Refinancing,2021-09-02,99.88,98.84875,Storgan Manley,21250.00000000002,Securitization (UMBS),99.88,21760.00000000006,0.0,-510.0,-21760.0
5033472,185000.0,2.75,360,Cash-out refinance,2021-09-02,103.19,100.97125,Storgan Manley,9250.00000000001,Securitization (UMBS),103.19,3348.500000000002,0.0,5901.5,-3348.5
5033715,485000.0,2.99,360,Cash-out refinance,2021-09-02,103.19,102.15875,Storgan Manley,24250.000000000022,Securitization (UMBS),103.19,8778.500000000002,0.0,15471.5,-8778.5
5033753,115000.0,2.75,240,Refinancing,2021-09-02,103.19,102.065,Bank of Americans,5750.0000000000055,Securitization (UMBS),103.19,2081.500000000001,0.0,3668.5,-2081.5
5033769,175000.0,3.375,360,Cash-out refinance,2021-09-03,104.61,102.5475,Golden Sachs,8750.000000000007,Securitization (UMBS),104.61,682.5000000000018,0.0,8067.5,-682.5
5033837,705000.0,2.75,360,Home purchase,2021-09-03,103.19,101.34625,Storgan Manley,35250.00000000003,Securitization (UMBS),103.19,12760.5,0.0,22489.5,-12760.5
5033866,255000.0,2.5,180,Cash-out refinance,2021-09-04,99.88,99.41125,Storgan Manley,12750.000000000011,Securitization (UMBS),99.88,13056.000000000035,0.0,-306.0,-13056.0
5033929,475000.0,2.625,360,Refinancing,2021-09-04,99.88,100.09875,Storgan Manley,23750.000000000022,Whole Loan Sale,100.09875,24320.000000000065,0.0,469.06,-23280.94
5034134,235000.0,2.75,180,Cash-out refinance,2021-09-06,103.19,100.6275,Golden Sachs,11750.000000000011,Securitization (UMBS),103.19,4253.500000000002,0.0,7496.5,-4253.5
5034138,265000.0,3.375,360,Home purchase,2021-09-06,104.61,102.95375,Storgan Manley,13250.000000000011,Securitization (UMBS),104.61,1033.5000000000036,0.0,12216.5,-1033.5
5034250,215000.0,3.25,360,Cash-out refinance,2021-09-08,104.61,102.7975,Bank of Americans,10750.00000000001,Securitization (UMBS),104.61,838.5000000000018,0.0,9911.5,-838.5
5034307,225000.0,2.625,180,Cash-out refinance,2021-09-09,99.88,98.755,Bank of Americans,11250.00000000001,Securitization (UMBS),99.88,11520.00000000003,0.0,-270.0,-11520.0
5034337,195000.0,2.875,360,Refinancing,2021-09-10,104.17,101.795,Bank of Americans,9750.00000000001,Securitization (UMBS),104.17,1618.4999999999955,0.0,8131.5,-1618.5
5034438,85000.0,2.75,180,Refinancing,2021-09-11,103.19,101.22125,Storgan Manley,4250.000000000004,Securitization (UMBS),103.19,1538.5000000000005,0.0,2711.5,-1538.5
5034451,355000.0,2.75,360,Cash-out refinance,2021-09-11,103.19,100.97125,Storgan Manley,17750.000000000015,Securitization (UMBS),103.19,6425.5,0.0,11324.5,-6425.5
5034465,305000.0,3.125,360,Cash-out refinance,2021-09-11,103.19,102.72125,Storgan Manley,15250.000000000013,Securitization (UMBS),103.19,5520.5,0.0,9729.5,-5520.5
5034466,85000.0,2.75,180,Cash-out refinance,2021-09-11,103.19,100.8775,Bank of Americans,4250.000000000004,Securitization (UMBS),103.19,1538.5000000000005,0.0,2711.5,-1538.5
5034519,455000.0,2.375,240,Refinancing,2021-09-14,99.88,97.9425,Bank of Americans,22750.000000000022,Securitization (UMBS),99.88,23296.000000000062,0.0,-546.0,-23296.0
5034535,185000.0,2.5,240,Refinancing,2021-09-14,103.03,101.2175,Bank of Americans,9250.00000000001,Securitization (UMBS),103.03,3644.50000000001,0.0,5605.5,-3644.5
5034662,115000.0,2.875,144,Refinancing,2021-09-14,103.19,101.22125,Storgan Manley,5750.0000000000055,Securitization (UMBS),103.19,2081.500000000001,0.0,3668.5,-2081.5
5034855,245000.0,2.25,180,Refinancing,2021-09-15,103.03,102.68625,Storgan Manley,12250.000000000011,Securitization (UMBS),103.03,4826.500000000013,0.0,7423.5,-4826.5
5034877,135000.0,2.625,360,Refinancing,2021-09-15,99.88,97.9425,Bank of Americans,6750.000000000006,Securitization (UMBS),99.88,6912.000000000018,0.0,-162.0,-6912.0
5034925,415000.0,1.925,360,Refinancing,2021-09-15,97.45,95.60625,Storgan Manley,20750.00000000002,Securitization (UMBS),97.45,31332.500000000007,0.0,-10582.5,-31332.5
5035005,165000.0,2.625,180,Cash-out refinance,2021-09-16,99.88,98.16125,Storgan Manley,8250.000000000007,Securitization (UMBS),99.88,8448.000000000022,0.0,-198.0,-8448.0
5035009,105000.0,2.125,120,Refinancing,2021-09-16,97.45,95.325,Golden Sachs,5250.000000000005,Securitization (UMBS),97.45,7927.500000000001,0.0,-2677.5,-7927.5
5035160,155000.0,2.5,240,Cash-out refinance,2021-09-16,103.03,102.18625,Storgan Manley,7750.000000000007,Securitization (UMBS),103.03,3053.500000000008,0.0,4696.5,-3053.5
5035169,185000.0,3.25,360,Home purchase,2021-09-17,104.61,104.26625,Storgan Manley,9250.00000000001,Securitization (UMBS),104.61,721.5000000000036,0.0,8528.5,-721.5
5035260,125000.0,2.75,180,Cash-out refinance,2021-09-17,103.19,102.72125,Storgan Manley,6250.0000000000055,Securitization (UMBS),103.19,2262.5000000000005,0.0,3987.5,-2262.5
5035294,205000.0,2.875,360,Refinancing,2021-09-03,103.19,101.565,Bank of Americans,10250.00000000001,Securitization (UMBS),103.19,3710.500000000001,0.0,6539.5,-3710.5
5035465,265000.0,2.875,360,Refinancing,2021-08-12,104.17,104.38875,Storgan Manley,13250.000000000011,Whole Loan Sale,104.38875,2199.4999999999927,0.0,11630.19,-1619.81
5035466,105000.0,3.25,360,Cash-out refinance,2021-08-25,104.61,102.95375,Storgan Manley,5250.000000000005,Securitization (UMBS),104.61,409.5000000000018,0.0,4840.5,-409.5
5035473,435000.0,2.5,180,Refinancing,2021-08-26,99.88,99.53625,Storgan Manley,21750.00000000002,Securitization (UMBS),99.88,22272.00000000006,0.0,-522.0,-22272.0
5035479,285000.0,2.75,360,Cash-out refinance,2021-08-27,103.19,103.40875,Storgan Manley,14250.000000000013,Whole Loan Sale,103.40875,5158.500000000002,0.0,9714.94,-4535.06
5035668,505000.0,2.5,144,Cash-out refinance,2021-08-30,103.03,103.24875,Storgan Manley,25250.000000000022,Whole Loan Sale,103.24875,9948.500000000025,0.0,16406.19,-8843.81
5035729,305000.0,2.25,180,Cash-out refinance,2021-08-30,103.03,103.3425,Bank of Americans,15250.000000000013,Whole Loan Sale,103.3425,6008.500000000015,0.0,10194.63,-5055.38
5035739,595000.0,2.375,360,Refinancing,2021-09-01,99.88,100.09875,Storgan Manley,29750.000000000025,Whole Loan Sale,100.09875,30464.00000000008,0.0,587.56,-29162.44
5035742,265000.0,2.75,360,Home purchase,2021-09-01,104.17,103.13875,Storgan Manley,13250.000000000011,Securitization (UMBS),104.17,2199.4999999999927,0.0,11050.5,-2199.5
5035765,135000.0,2.75,360,Refinancing,2021-09-02,103.19,101.3775,Bank of Americans,6750.000000000006,Securitization (UMBS),103.19,2443.500000000001,0.0,4306.5,-2443.5
5035838,325000.0,1.99,180,Refinancing,2021-09-02,97.45,96.2,Bank of Americans,16250.000000000015,Securitization (UMBS),97.45,24537.500000000004,0.0,-8287.5,-24537.5
5035945,575000.0,2.99,360,Cash-out refinance,2021-09-02,103.19,101.97125,Bank of Americans,28750.000000000025,Securitization (UMBS),103.19,10407.500000000004,0.0,18342.5,-10407.5
5036044,305000.0,2.125,180,Home purchase,2021-09-03,97.45,95.3875,Bank of Americans,15250.000000000013,Securitization (UMBS),97.45,23027.500000000004,0.0,-7777.5,-23027.5
5036085,215000.0,2.75,180,Cash-out refinance,2021-09-03,103.19,101.34625,Storgan Manley,10750.00000000001,Securitization (UMBS),103.19,3891.500000000001,0.0,6858.5,-3891.5
5036137,335000.0,2.99,360,Cash-out refinance,2021-09-03,103.19,102.34625,Storgan Manley,16750.000000000015,Securitization (UMBS),103.19,6063.500000000002,0.0,10686.5,-6063.5
5036201,145000.0,3.5,360,Cash-out refinance,2021-09-04,104.61,103.07875,Storgan Manley,7250.000000000006,Securitization (UMBS),104.61,565.5000000000018,0.0,6684.5,-565.5
5036325,205000.0,2.875,180,Cash-out refinance,2021-09-04,103.19,101.94,Bank of Americans,10250.00000000001,Securitization (UMBS),103.19,3710.500000000001,0.0,6539.5,-3710.5
5036386,235000.0,2.99,360,Cash-out refinance,2021-09-04,103.19,103.40875,Storgan Manley,11750.000000000011,Whole Loan Sale,103.40875,4253.500000000002,0.0,8010.56,-3739.44
5036405,295000.0,2.69,360,Refinancing,2021-09-04,99.88,97.9425,Bank of Americans,14750.000000000013,Securitization (UMBS),99.88,15104.00000000004,0.0,-354.0,-15104.0
5036512,105000.0,2.99,240,Refinancing,2021-09-06,103.19,102.72125,Storgan Manley,5250.000000000005,Securitization (UMBS),103.19,1900.5000000000005,0.0,3349.5,-1900.5
5036540,165000.0,3.875,360,Cash-out refinance,2021-09-06,105.77,103.7075,Golden Sachs,8250.000000000007,Securitization (UMBS),105.77,-1270.499999999971,0.0,9520.5,1270.5
5036624,285000.0,2.875,240,Cash-out refinance,2021-09-07,103.19,101.94,Bank of Americans,14250.000000000013,Securitization (UMBS),103.19,5158.500000000002,0.0,9091.5,-5158.5
5036692,205000.0,2.375,180,Cash-out refinance,2021-09-07,99.88,97.5675,Bank of Americans,10250.00000000001,Securitization (UMBS),99.88,10496.000000000027,0.0,-246.0,-10496.0
5036789,345000.0,2.75,180,Home purchase,2021-09-08,103.19,101.1275,Golden Sachs,17250.000000000015,Securitization (UMBS),103.19,6244.500000000002,0.0,11005.5,-6244.5
5036885,145000.0,2.94,360,Other,2021-09-09,103.19,101.1275,Golden Sachs,7250.000000000006,Securitization (UMBS),103.19,2624.500000000001,0.0,4625.5,-2624.5
5036935,125000.0,2.75,360,Refinancing,2021-09-09,103.19,101.815,Bank of Americans,6250.0000000000055,Securitization (UMBS),103.19,2262.5000000000005,0.0,3987.5,-2262.5
5036941,225000.0,2.99,360,Home purchase,2021-09-09,104.17,101.82625,Storgan Manley,11250.00000000001,Securitization (UMBS),104.17,1867.4999999999927,0.0,9382.5,-1867.5
5036951,275000.0,3.375,360,Home purchase,2021-09-10,105.0,103.1875,Bank of Americans,13750.000000000013,Securitization (UMBS),105.0,0.0,0.0,13750.0,-0.0
5036958,75000.0,2.875,120,Cash-out refinance,2021-09-11,103.19,103.40875,Storgan Manley,3750.000000000003,Whole Loan Sale,103.40875,1357.5,0.0,2556.56,-1193.44
5037026,185000.0,2.99,360,Home purchase,2021-09-11,103.19,103.40875,Storgan Manley,9250.00000000001,Whole Loan Sale,103.40875,3348.500000000002,0.0,6306.19,-2943.81
5037067,525000.0,2.625,156,Cash-out refinance,2021-09-11,103.03,101.99875,Storgan Manley,26250.000000000022,Securitization (UMBS),103.03,10342.500000000025,0.0,15907.5,-10342.5
5037077,155000.0,3.75,360,Cash-out refinance,2021-09-13,105.77,103.9575,Bank of Americans,7750.000000000007,Securitization (UMBS),105.77,-1193.499999999971,0.0,8943.5,1193.5
5037083,325000.0,3.25,360,Cash-out refinance,2021-09-14,104.61,102.0475,Golden Sachs,16250.000000000015,Securitization (UMBS),104.61,1267.5000000000055,0.0,14982.5,-1267.5
5037088,165000.0,2.875,300,Refinancing,2021-09-14,103.19,101.97125,Bank of Americans,8250.000000000007,Securitization (UMBS),103.19,2986.500000000001,0.0,5263.5,-2986.5
5037091,215000.0,3.25,360,Home purchase,2021-09-14,104.61,103.39125,Bank of Americans,10750.00000000001,Securitization (UMBS),104.61,838.5000000000018,0.0,9911.5,-838.5
5037149,225000.0,2.99,360,Cash-out refinance,2021-09-14,104.17,102.51375,Storgan Manley,11250.00000000001,Securitization (UMBS),104.17,1867.4999999999927,0.0,9382.5,-1867.5
5037176,405000.0,2.99,360,Cash-out refinance,2021-09-15,103.19,102.22125,Storgan Manley,20250.00000000002,Securitization (UMBS),103.19,7330.500000000002,0.0,12919.5,-7330.5
5037299,305000.0,2.99,360,Cash-out refinance,2021-09-15,103.19,102.84625,Storgan Manley,15250.000000000013,Securitization (UMBS),103.19,5520.5,0.0,9729.5,-5520.5
5037450,115000.0,2.5,180,Refinancing,2021-09-16,99.88,98.72375,Storgan Manley,5750.0000000000055,Securitization (UMBS),99.88,5888.0000000000155,0.0,-138.0,-5888.0
5037486,385000.0,2.875,360,Home purchase,2021-09-17,103.19,101.1275,Golden Sachs,19250.00000000002,Securitization (UMBS),103.19,6968.500000000004,0.0,12281.5,-6968.5
5037519,165000.0,2.99,312,Refinancing,2021-09-08,103.19,101.34625,Storgan Manley,8250.000000000007,Securitization (UMBS),103.19,2986.500000000001,0.0,5263.5,-2986.5
5037525,145000.0,2.25,120,Refinancing,2021-09-03,99.88,99.53625,Storgan Manley,7250.000000000006,Securitization (UMBS),99.88,7424.000000000019,0.0,-174.0,-7424.0
5037603,285000.0,2.75,180,Refinancing,2021-09-07,103.19,100.6275,Golden Sachs,14250.000000000013,Securitization (UMBS),103.19,5158.500000000002,0.0,9091.5,-5158.5
5037604,205000.0,2.99,360,Refinancing,2021-08-24,103.19,101.565,Bank of Americans,10250.00000000001,Securitization (UMBS),103.19,3710.500000000001,0.0,6539.5,-3710.5
5037629,115000.0,3.375,360,Home purchase,2021-08-26,104.61,103.36,Bank of Americans,5750.0000000000055,Securitization (UMBS),104.61,448.5000000000018,0.0,5301.5,-448.5
5024123,585000.0,3.19,360,Home purchase,2021-08-26,103.19,101.1275,Bank of Americans,29250.000000000025,Securitization (UMBS),103.19,10588.500000000004,0.0,18661.5,-10588.5
5024330,225000.0,2.625,360,Cash-out refinance,2021-08-31,99.88,98.005,Bank of Americans,11250.00000000001,Securitization (UMBS),99.88,11520.00000000003,0.0,-270.0,-11520.0
5024341,105000.0,2.75,180,Refinancing,2021-09-01,103.19,100.97125,Storgan Manley,5250.000000000005,Securitization (UMBS),103.19,1900.5000000000005,0.0,3349.5,-1900.5
5024406,345000.0,2.75,360,Refinancing,2021-09-01,103.19,101.47125,Storgan Manley,17250.000000000015,Securitization (UMBS),103.19,6244.500000000002,0.0,11005.5,-6244.5
5024621,375000.0,2.25,240,Cash-out refinance,2021-09-01,99.88,98.28625,Storgan Manley,18750.00000000002,Securitization (UMBS),99.88,19200.00000000005,0.0,-450.0,-19200.0
5024852,75000.0,2.75,120,Cash-out refinance,2021-09-03,104.17,104.38875,Storgan Manley,3750.000000000003,Whole Loan Sale,104.38875,622.4999999999977,0.0,3291.56,-458.44
5024856,415000.0,2.99,360,Refinancing,2021-09-03,103.19,102.34625,Storgan Manley,20750.00000000002,Securitization (UMBS),103.19,7511.500000000002,0.0,13238.5,-7511.5
5024880,705000.0,2.75,360,Cash-out refinance,2021-09-04,103.19,102.84625,Storgan Manley,35250.00000000003,Securitization (UMBS),103.19,12760.5,0.0,22489.5,-12760.5
5025041,335000.0,2.75,360,Cash-out refinance,2021-09-04,103.19,102.22125,Storgan Manley,16750.000000000015,Securitization (UMBS),103.19,6063.500000000002,0.0,10686.5,-6063.5
5025090,335000.0,2.25,180,Refinancing,2021-09-06,99.88,98.72375,Storgan Manley,16750.000000000015,Securitization (UMBS),99.88,17152.000000000044,0.0,-402.0,-17152.0
5025227,345000.0,1.99,180,Cash-out refinance,2021-09-06,97.45,96.16875,Storgan Manley,17250.000000000015,Securitization (UMBS),97.45,26047.500000000004,0.0,-8797.5,-26047.5
5025332,825000.0,2.99,360,Home purchase,2021-09-06,103.19,101.47125,Storgan Manley,41250.00000000004,Securitization (UMBS),103.19,14932.500000000004,0.0,26317.5,-14932.5
5025404,305000.0,2.99,360,Home purchase,2021-09-07,103.19,101.565,Bank of Americans,15250.000000000013,Securitization (UMBS),103.19,5520.5,0.0,9729.5,-5520.5
5025440,175000.0,2.5,144,Refinancing,2021-09-08,99.88,98.005,Bank of Americans,8750.000000000007,Securitization (UMBS),99.88,8960.000000000024,0.0,-210.0,-8960.0
5025501,55000.0,3.99,360,Home improvement,2021-09-08,105.77,103.4575,Bank of Americans,2750.0000000000023,Securitization (UMBS),105.77,-423.49999999999,0.0,3173.5,423.5
5025504,235000.0,2.75,360,Cash-out refinance,2021-09-08,104.17,101.95125,Storgan Manley,11750.000000000011,Securitization (UMBS),104.17,1950.4999999999945,0.0,9799.5,-1950.5
5025658,205000.0,2.875,360,Cash-out refinance,2021-09-08,103.19,101.47125,Storgan Manley,10250.00000000001,Securitization (UMBS),103.19,3710.500000000001,0.0,6539.5,-3710.5
5025722,365000.0,2.99,360,Refinancing,2021-09-11,104.17,101.8575,Bank of Americans,18250.000000000015,Securitization (UMBS),104.17,3029.499999999989,0.0,15220.5,-3029.5
5026074,445000.0,2.99,360,Cash-out refinance,2021-09-11,104.17,102.2325,Bank of Americans,22250.00000000002,Securitization (UMBS),104.17,3693.4999999999854,0.0,18556.5,-3693.5
5026156,155000.0,3.375,360,Cash-out refinance,2021-09-13,104.61,102.26625,Storgan Manley,7750.000000000007,Securitization (UMBS),104.61,604.5000000000027,0.0,7145.5,-604.5
5026363,205000.0,1.99,180,Refinancing,2021-09-13,100.93,98.4925,Bank of Americans,10250.00000000001,Securitization (UMBS),100.93,8343.49999999999,0.0,1906.5,-8343.5
5026436,205000.0,3.125,360,Home purchase,2021-09-15,103.19,101.44,Bank of Americans,10250.00000000001,Securitization (UMBS),103.19,3710.500000000001,1417.88,6539.5,-3710.5
5026476,205000.0,3.625,360,Cash-out refinance,2021-09-15,104.61,103.985,Bank of Americans,10250.00000000001,Securitization (UMBS),104.61,799.5000000000036,0.0,9450.5,-799.5
5026534,405000.0,2.75,360,Refinancing,2021-09-15,103.19,101.44,Bank of Americans,20250.00000000002,Securitization (UMBS),103.19,7330.500000000002,0.0,12919.5,-7330.5
5026654,125000.0,3.625,360,Cash-out refinance,2021-09-16,104.61,102.36,Golden Sachs,6250.0000000000055,Securitization (UMBS),104.61,487.5000000000018,0.0,5762.5,-487.5
5026927,255000.0,2.875,360,Home purchase,2021-09-16,103.19,100.6275,Golden Sachs,12750.000000000011,Securitization (UMBS),103.19,4615.500000000001,0.0,8134.5,-4615.5
5027055,665000.0,2.69,360,Refinancing,2021-09-16,99.88,97.755,Golden Sachs,33250.00000000003,Securitization (UMBS),99.88,34048.00000000009,0.0,-798.0,-34048.0
5027150,85000.0,2.99,360,Cash-out refinance,2021-09-16,103.19,100.34625,Storgan Manley,4250.000000000004,Securitization (UMBS),103.19,1538.5000000000005,0.0,2711.5,-1538.5
5027246,165000.0,2.75,240,Refinancing,2021-09-17,103.19,102.72125,Storgan Manley,8250.000000000007,Securitization (UMBS),103.19,2986.500000000001,0.0,5263.5,-2986.5
5027402,215000.0,2.25,180,Cash-out refinance,2021-09-17,99.88,97.9425,Bank of Americans,10750.00000000001,Securitization (UMBS),99.88,11008.00000000003,0.0,-258.0,-11008.0
5027579,295000.0,2.99,360,Home purchase,2021-09-17,103.19,101.565,Bank of Americans,14750.000000000013,Securitization (UMBS),103.19,5339.500000000002,0.0,9410.5,-5339.5
5027848,625000.0,3.625,360,Cash-out refinance,2021-09-10,104.61,101.735,Bank of Americans,31250.00000000003,Securitization (UMBS),104.61,2437.500000000011,0.0,28812.5,-2437.5
5027918,235000.0,1.99,120,Refinancing,2021-08-18,100.93,100.08625,Storgan Manley,11750.000000000011,Securitization (UMBS),100.93,9564.49999999999,0.0,2185.5,-9564.5
5027995,105000.0,2.875,360,Cash-out refinance,2021-08-24,104.17,103.26375,Storgan Manley,5250.000000000005,Securitization (UMBS),104.17,871.4999999999973,0.0,4378.5,-871.5
5028104,385000.0,1.99,180,Home purchase,2021-08-26,97.45,97.10625,Storgan Manley,19250.00000000002,Securitization (UMBS),97.45,29067.500000000007,0.0,-9817.5,-29067.5
5028112,165000.0,2.75,360,Cash-out refinance,2021-08-27,103.19,102.84625,Storgan Manley,8250.000000000007,Securitization (UMBS),103.19,2986.500000000001,0.0,5263.5,-2986.5
5028636,295000.0,2.99,360,Refinancing,2021-08-30,103.19,101.3775,Bank of Americans,14750.000000000013,Securitization (UMBS),103.19,5339.500000000002,0.0,9410.5,-5339.5
5028736,175000.0,2.25,144,Refinancing,2021-08-30,103.03,101.905,Bank of Americans,8750.000000000007,Securitization (UMBS),103.03,3447.500000000008,0.0,5302.5,-3447.5
5028862,245000.0,2.375,360,Refinancing,2021-09-01,99.88,98.09875,Storgan Manley,12250.000000000011,Securitization (UMBS),99.88,12544.000000000033,0.0,-294.0,-12544.0
5028926,195000.0,2.75,180,Refinancing,2021-09-01,103.19,102.03375,Storgan Manley,9750.00000000001,Securitization (UMBS),103.19,3529.500000000002,0.0,6220.5,-3529.5
5028994,135000.0,2.75,360,Cash-out refinance,2021-09-02,103.19,100.97125,Storgan Manley,6750.000000000006,Securitization (UMBS),103.19,2443.500000000001,0.0,4306.5,-2443.5
5029098,235000.0,2.75,180,Cash-out refinance,2021-09-02,103.19,102.84625,Storgan Manley,11750.000000000011,Securitization (UMBS),103.19,4253.500000000002,0.0,7496.5,-4253.5
5029318,225000.0,3.25,360,Home purchase,2021-09-03,104.61,102.86,Bank of Americans,11250.00000000001,Securitization (UMBS),104.61,877.5000000000018,0.0,10372.5,-877.5
5029506,835000.0,3.375,360,Refinancing,2021-09-03,104.61,104.0475,Golden Sachs,41750.00000000004,Securitization (UMBS),104.61,3256.5000000000146,0.0,38493.5,-3256.5
5029510,525000.0,2.75,360,Home purchase,2021-09-03,104.17,103.70125,Storgan Manley,26250.000000000022,Securitization (UMBS),104.17,4357.499999999985,1006.19,21892.5,-4357.5
5029522,395000.0,2.75,360,Home purchase,2021-09-04,103.19,102.90875,Storgan Manley,19750.00000000002,Securitization (UMBS),103.19,7149.500000000002,0.0,12600.5,-7149.5
5029526,275000.0,2.75,360,Refinancing,2021-09-04,103.19,102.72125,Storgan Manley,13750.000000000013,Securitization (UMBS),103.19,4977.500000000002,0.0,8772.5,-4977.5
5029864,225000.0,2.75,360,Cash-out refinance,2021-09-04,104.17,102.3575,Bank of Americans,11250.00000000001,Securitization (UMBS),104.17,1867.4999999999927,0.0,9382.5,-1867.5
5030151,225000.0,1.99,144,Refinancing,2021-09-04,97.45,96.8875,Golden Sachs,11250.00000000001,Securitization (UMBS),97.45,16987.5,0.0,-5737.5,-16987.5
5030324,425000.0,2.875,360,Home purchase,2021-09-08,103.19,101.34625,Storgan Manley,21250.00000000002,Securitization (UMBS),103.19,7692.500000000002,0.0,13557.5,-7692.5
5030388,555000.0,2.75,360,Refinancing,2021-09-08,103.19,101.1275,Bank of Americans,27750.000000000025,Securitization (UMBS),103.19,10045.500000000004,0.0,17704.5,-10045.5
5030508,325000.0,2.25,180,Refinancing,2021-09-08,99.88,98.0675,Bank of Americans,16250.000000000015,Securitization (UMBS),99.88,16640.000000000044,0.0,-390.0,-16640.0
5030553,245000.0,2.75,360,Refinancing,2021-09-09,103.19,102.22125,Storgan Manley,12250.000000000011,Securitization (UMBS),103.19,4434.500000000001,0.0,7815.5,-4434.5
5030561,165000.0,2.875,360,Cash-out refinance,2021-09-10,104.17,102.63875,Storgan Manley,8250.000000000007,Securitization (UMBS),104.17,1369.4999999999955,0.0,6880.5,-1369.5
5030749,355000.0,2.25,168,Cash-out refinance,2021-09-10,99.88,100.09875,Storgan Manley,17750.000000000015,Whole Loan Sale,100.09875,18176.000000000047,0.0,350.56,-17399.44
5030761,125000.0,3.375,360,Refinancing,2021-09-10,104.61,103.485,Bank of Americans,6250.0000000000055,Securitization (UMBS),104.61,487.5000000000018,0.0,5762.5,-487.5
5031030,165000.0,2.99,360,Refinancing,2021-09-11,104.17,101.82625,Storgan Manley,8250.000000000007,Securitization (UMBS),104.17,1369.4999999999955,0.0,6880.5,-1369.5
5031306,225000.0,2.875,360,Other,2021-09-11,103.19,102.72125,Storgan Manley,11250.00000000001,Securitization (UMBS),103.19,4072.5,0.0,7177.5,-4072.5
5031524,325000.0,1.875,120,Refinancing,2021-09-13,97.45,95.575,Bank of Americans,16250.000000000015,Securitization (UMBS),97.45,24537.500000000004,0.0,-8287.5,-24537.5
5031535,235000.0,3.125,360,Refinancing,2021-09-13,104.17,102.295,Bank of Americans,11750.000000000011,Securitization (UMBS),104.17,1950.4999999999945,0.0,9799.5,-1950.5
5031550,375000.0,2.5,360,Home purchase,2021-09-13,99.88,99.53625,Storgan Manley,18750.00000000002,Securitization (UMBS),99.88,19200.00000000005,0.0,-450.0,-19200.0
5031804,215000.0,2.99,360,Refinancing,2021-09-13,103.19,103.40875,Storgan Manley,10750.00000000001,Whole Loan Sale,103.40875,3891.500000000001,0.0,7328.81,-3421.19
5031876,205000.0,2.875,360,Cash-out refinance,2021-09-13,104.17,101.95125,Storgan Manley,10250.00000000001,Securitization (UMBS),104.17,1701.4999999999945,0.0,8548.5,-1701.5
5032208,275000.0,2.99,240,Refinancing,2021-09-13,103.19,102.84625,Storgan Manley,13750.000000000013,Securitization (UMBS),103.19,4977.500000000002,0.0,8772.5,-4977.5
5032257,365000.0,2.875,180,Cash-out refinance,2021-09-14,104.17,102.92,Bank of Americans,18250.000000000015,Securitization (UMBS),104.17,3029.499999999989,0.0,15220.5,-3029.5
5032277,685000.0,3.375,360,Refinancing,2021-09-14,104.61,104.14125,Storgan Manley,34250.00000000003,Securitization (UMBS),104.61,2671.5000000000073,0.0,31578.5,-2671.5
5032367,95000.0,2.75,360,Refinancing,2021-09-15,103.19,102.59625,Storgan Manley,4750.000000000005,Securitization (UMBS),103.19,1719.500000000001,0.0,3030.5,-1719.5
5032657,245000.0,2.94,360,Refinancing,2021-09-15,103.19,102.03375,Storgan Manley,12250.000000000011,Securitization (UMBS),103.19,4434.500000000001,0.0,7815.5,-4434.5
5032715,405000.0,3.25,360,Refinancing,2021-09-15,104.61,102.7975,Bank of Americans,20250.00000000002,Securitization (UMBS),104.61,1579.5000000000073,0.0,18670.5,-1579.5
5032802,85000.0,2.625,108,Refinancing,2021-09-15,99.88,97.9425,Bank of Americans,4250.000000000004,Securitization (UMBS),99.88,4352.000000000011,0.0,-102.0,-4352.0
5033072,385000.0,2.99,360,Cash-out refinance,2021-09-17,103.19,101.2525,Bank of Americans,19250.00000000002,Securitization (UMBS),103.19,6968.500000000004,0.0,12281.5,-6968.5
5033101,145000.0,2.5,120,Refinancing,2021-09-08,99.88,97.755,Golden Sachs,7250.000000000006,Securitization (UMBS),99.88,7424.000000000019,0.0,-174.0,-7424.0
5033160,275000.0,2.625,180,Cash-out refinance,2021-08-24,99.88,99.53625,Storgan Manley,13750.000000000013,Securitization (UMBS),99.88,14080.000000000038,0.0,-330.0,-14080.0
5033918,125000.0,2.99,360,Cash-out refinance,2021-08-24,103.19,100.565,Golden Sachs,6250.0000000000055,Securitization (UMBS),103.19,2262.5000000000005,0.0,3987.5,-2262.5
5034199,545000.0,2.875,360,Home purchase,2021-08-25,103.19,102.84625,Storgan Manley,27250.000000000025,Securitization (UMBS),103.19,9864.500000000004,0.0,17385.5,-9864.5
5034442,75000.0,3.25,360,Cash-out refinance,2021-08-26,104.61,103.45375,Storgan Manley,3750.000000000003,Securitization (UMBS),104.61,292.5000000000009,0.0,3457.5,-292.5
5034784,175000.0,3.25,360,Cash-out refinance,2021-08-27,104.61,102.76625,Storgan Manley,8750.000000000007,Securitization (UMBS),104.61,682.5000000000018,0.0,8067.5,-682.5
5034878,105000.0,3.125,360,Refinancing,2021-08-28,104.17,102.1075,Golden Sachs,5250.000000000005,Securitization (UMBS),104.17,871.4999999999973,0.0,4378.5,-871.5
5035246,75000.0,3.5,360,Home improvement,2021-08-28,104.61,103.485,Bank of Americans,3750.000000000003,Securitization (UMBS),104.61,292.5000000000009,0.0,3457.5,-292.5
5035286,225000.0,2.75,240,Refinancing,2021-08-28,103.19,102.34625,Storgan Manley,11250.00000000001,Securitization (UMBS),103.19,4072.5,0.0,7177.5,-4072.5
5035298,195000.0,2.99,360,Refinancing,2021-08-28,103.19,102.34625,Storgan Manley,9750.00000000001,Securitization (UMBS),103.19,3529.500000000002,0.0,6220.5,-3529.5
5035309,255000.0,3.25,360,Cash-out refinance,2021-08-30,104.61,103.57875,Storgan Manley,12750.000000000011,Securitization (UMBS),104.61,994.5000000000036,0.0,11755.5,-994.5
5035346,365000.0,2.69,360,Refinancing,2021-08-30,99.88,98.66125,Bank of Americans,18250.000000000015,Securitization (UMBS),99.88,18688.000000000047,0.0,-438.0,-18688.0
5035419,265000.0,2.99,240,Refinancing,2021-08-30,103.19,101.3775,Bank of Americans,13250.000000000011,Securitization (UMBS),103.19,4796.5,0.0,8453.5,-4796.5
5035429,475000.0,2.625,360,Home purchase,2021-08-31,99.88,97.66125,Storgan Manley,23750.000000000022,Securitization (UMBS),99.88,24320.000000000065,0.0,-570.0,-24320.0
5035497,435000.0,2.69,360,Cash-out refinance,2021-08-31,99.88,97.5675,Bank of Americans,21750.00000000002,Securitization (UMBS),99.88,22272.00000000006,0.0,-522.0,-22272.0
5035649,165000.0,2.99,360,Refinancing,2021-09-01,103.19,102.72125,Storgan Manley,8250.000000000007,Securitization (UMBS),103.19,2986.500000000001,0.0,5263.5,-2986.5
5035863,415000.0,3.19,360,Home purchase,2021-09-01,103.19,102.72125,Storgan Manley,20750.00000000002,Securitization (UMBS),103.19,7511.500000000002,0.0,13238.5,-7511.5
5035893,85000.0,3.5,360,Cash-out refinance,2021-09-02,104.61,103.485,Bank of Americans,4250.000000000004,Securitization (UMBS),104.61,331.5000000000009,0.0,3918.5,-331.5
5035936,145000.0,2.375,180,Cash-out refinance,2021-09-02,99.88,98.755,Bank of Americans,7250.000000000006,Securitization (UMBS),99.88,7424.000000000019,0.0,-174.0,-7424.0
5036031,475000.0,2.75,360,Refinancing,2021-09-02,103.19,100.84625,Storgan Manley,23750.000000000022,Securitization (UMBS),103.19,8597.500000000004,0.0,15152.5,-8597.5
5036063,825000.0,2.875,360,Home purchase,2021-09-02,103.19,102.84625,Storgan Manley,41250.00000000004,Securitization (UMBS),103.19,14932.500000000004,0.0,26317.5,-14932.5
5036218,335000.0,2.875,360,Home purchase,2021-09-02,103.19,100.8775,Bank of Americans,16750.000000000015,Securitization (UMBS),103.19,6063.500000000002,0.0,10686.5,-6063.5
5036225,465000.0,2.99,360,Refinancing,2021-09-03,103.19,100.72125,Storgan Manley,23250.000000000022,Securitization (UMBS),103.19,8416.500000000004,0.0,14833.5,-8416.5
5036494,725000.0,2.875,240,Cash-out refinance,2021-09-03,103.19,102.84625,Storgan Manley,36250.00000000003,Securitization (UMBS),103.19,13122.5,0.0,23127.5,-13122.5
5036609,165000.0,1.99,180,Refinancing,2021-09-03,97.45,95.73125,Storgan Manley,8250.000000000007,Securitization (UMBS),97.45,12457.500000000002,0.0,-4207.5,-12457.5
5036618,505000.0,2.875,360,Refinancing,2021-09-04,103.19,100.97125,Storgan Manley,25250.000000000022,Securitization (UMBS),103.19,9140.500000000002,0.0,16109.5,-9140.5
5036847,215000.0,3.375,360,Home purchase,2021-09-06,104.61,103.64125,Storgan Manley,10750.00000000001,Securitization (UMBS),104.61,838.5000000000018,1640.27,9911.5,-838.5
5036979,405000.0,2.75,360,Refinancing,2021-09-07,104.17,102.295,Bank of Americans,20250.00000000002,Securitization (UMBS),104.17,3361.499999999989,0.0,16888.5,-3361.5
5037013,335000.0,3.25,360,Refinancing,2021-09-08,104.61,104.01625,Storgan Manley,16750.000000000015,Securitization (UMBS),104.61,1306.5000000000055,0.0,15443.5,-1306.5
5037100,235000.0,3.25,360,Cash-out refinance,2021-09-09,105.0,103.1875,Bank of Americans,11750.000000000011,Securitization (UMBS),105.0,0.0,0.0,11750.0,-0.0
5037150,225000.0,3.25,360,Home purchase,2021-09-09,104.61,104.26625,Storgan Manley,11250.00000000001,Securitization (UMBS),104.61,877.5000000000018,0.0,10372.5,-877.5
5037558,255000.0,2.125,360,Refinancing,2021-09-10,100.93,99.18,Bank of Americans,12750.000000000011,Securitization (UMBS),100.93,10378.499999999989,0.0,2371.5,-10378.5
5037614,205000.0,2.99,324,Refinancing,2021-09-11,103.19,100.84625,Storgan Manley,10250.00000000001,Securitization (UMBS),103.19,3710.500000000001,0.0,6539.5,-3710.5
5024081,95000.0,2.75,240,Refinancing,2021-09-13,103.19,102.84625,Storgan Manley,4750.000000000005,Securitization (UMBS),103.19,1719.500000000001,0.0,3030.5,-1719.5
5024107,215000.0,2.875,360,Refinancing,2021-09-13,103.19,102.22125,Storgan Manley,10750.00000000001,Securitization (UMBS),103.19,3891.500000000001,0.0,6858.5,-3891.5
5024124,135000.0,2.875,360,Refinancing,2021-09-15,104.17,103.13875,Storgan Manley,6750.000000000006,Securitization (UMBS),104.17,1120.4999999999973,0.0,5629.5,-1120.5
5024129,75000.0,3.25,360,Refinancing,2021-09-15,104.61,103.45375,Storgan Manley,3750.000000000003,Securitization (UMBS),104.61,292.5000000000009,0.0,3457.5,-292.5
5024180,325000.0,3.25,360,Refinancing,2021-09-15,105.0,102.4375,Golden Sachs,16250.000000000015,Securitization (UMBS),105.0,0.0,0.0,16250.0,-0.0
5024195,205000.0,2.875,360,Refinancing,2021-09-16,103.19,101.815,Bank of Americans,10250.00000000001,Securitization (UMBS),103.19,3710.500000000001,0.0,6539.5,-3710.5
5024198,225000.0,2.5,180,Cash-out refinance,2021-09-17,99.88,98.0675,Bank of Americans,11250.00000000001,Securitization (UMBS),99.88,11520.00000000003,0.0,-270.0,-11520.0
5024207,275000.0,2.625,360,Home purchase,2021-08-31,99.88,97.53625,Storgan Manley,13750.000000000013,Securitization (UMBS),99.88,14080.000000000038,0.0,-330.0,-14080.0
5024302,185000.0,2.99,360,Refinancing,2021-09-16,104.17,101.95125,Storgan Manley,9250.00000000001,Securitization (UMBS),104.17,1535.4999999999964,0.0,7714.5,-1535.5
5024320,145000.0,2.5,360,Refinancing,2021-08-19,103.03,101.2175,Bank of Americans,7250.000000000006,Securitization (UMBS),103.03,2856.5000000000073,0.0,4393.5,-2856.5
5024361,545000.0,2.25,360,Cash-out refinance,2021-08-24,103.03,102.56125,Storgan Manley,27250.000000000025,Securitization (UMBS),103.03,10736.50000000003,0.0,16513.5,-10736.5
5024540,145000.0,2.875,360,Refinancing,2021-08-24,103.19,102.34625,Storgan Manley,7250.000000000006,Securitization (UMBS),103.19,2624.500000000001,0.0,4625.5,-2624.5
5024557,305000.0,2.69,360,Refinancing,2021-08-24,103.03,101.24875,PJ Logan,15250.000000000013,Securitization (UMBS),103.03,6008.500000000015,0.0,9241.5,-6008.5
5024597,205000.0,3.125,360,Cash-out refinance,2021-08-25,103.19,103.40875,Storgan Manley,10250.00000000001,Whole Loan Sale,103.40875,3710.500000000001,0.0,6987.94,-3262.06
5024640,115000.0,3.375,360,Refinancing,2021-08-25,104.61,104.32875,Storgan Manley,5750.0000000000055,Securitization (UMBS),104.61,448.5000000000018,0.0,5301.5,-448.5
5024683,255000.0,3.25,360,Home purchase,2021-08-27,104.61,104.14125,Storgan Manley,12750.000000000011,Securitization (UMBS),104.61,994.5000000000036,0.0,11755.5,-994.5
5024695,75000.0,3.25,360,Refinancing,2021-08-28,104.61,102.2975,Bank of Americans,3750.000000000003,Securitization (UMBS),104.61,292.5000000000009,0.0,3457.5,-292.5
5024741,315000.0,2.875,360,Cash-out refinance,2021-08-30,103.19,101.47125,Storgan Manley,15750.000000000015,Securitization (UMBS),103.19,5701.500000000002,0.0,10048.5,-5701.5
5024757,265000.0,2.5,300,Refinancing,2021-08-31,99.88,98.0675,Bank of Americans,13250.000000000011,Securitization (UMBS),99.88,13568.000000000035,0.0,-318.0,-13568.0
5024794,165000.0,2.99,360,Home purchase,2021-09-01,103.19,101.2525,Bank of Americans,8250.000000000007,Securitization (UMBS),103.19,2986.500000000001,0.0,5263.5,-2986.5
5024837,735000.0,2.75,360,Home purchase,2021-09-02,104.17,101.8575,Bank of Americans,36750.00000000003,Securitization (UMBS),104.17,6100.499999999978,0.0,30649.5,-6100.5
5024950,205000.0,2.99,360,Cash-out refinance,2021-09-03,103.19,101.34625,Storgan Manley,10250.00000000001,Securitization (UMBS),103.19,3710.500000000001,0.0,6539.5,-3710.5
5025001,205000.0,2.75,240,Cash-out refinance,2021-09-03,103.19,102.065,Bank of Americans,10250.00000000001,Securitization (UMBS),103.19,3710.500000000001,0.0,6539.5,-3710.5
5025064,505000.0,1.99,180,Refinancing,2021-09-04,97.45,96.2,Bank of Americans,25250.000000000022,Securitization (UMBS),97.45,38127.50000000001,0.0,-12877.5,-38127.5
5025065,75000.0,2.99,240,Refinancing,2021-09-04,104.17,101.7325,Bank of Americans,3750.000000000003,Securitization (UMBS),104.17,622.4999999999977,0.0,3127.5,-622.5
5025077,145000.0,2.75,120,Cash-out refinance,2021-09-06,103.19,101.22125,Storgan Manley,7250.000000000006,Securitization (UMBS),103.19,2624.500000000001,0.0,4625.5,-2624.5
5025233,265000.0,2.875,240,Refinancing,2021-09-06,103.19,101.22125,Storgan Manley,13250.000000000011,Securitization (UMBS),103.19,4796.5,0.0,8453.5,-4796.5
5025289,765000.0,2.875,360,Home purchase,2021-09-06,103.19,100.6275,Golden Sachs,38250.00000000004,Securitization (UMBS),103.19,13846.500000000007,0.0,24403.5,-13846.5
5025300,375000.0,2.875,360,Home purchase,2021-09-06,103.19,102.34625,Storgan Manley,18750.00000000002,Securitization (UMBS),103.19,6787.500000000004,0.0,11962.5,-6787.5
5025339,365000.0,2.875,360,Cash-out refinance,2021-09-08,104.17,103.045,Bank of Americans,18250.000000000015,Securitization (UMBS),104.17,3029.499999999989,0.0,15220.5,-3029.5
5025397,175000.0,2.5,180,Home purchase,2021-09-08,99.88,98.63,Bank of Americans,8750.000000000007,Securitization (UMBS),99.88,8960.000000000024,0.0,-210.0,-8960.0
5025426,165000.0,2.375,180,Cash-out refinance,2021-09-09,99.88,99.03625,Storgan Manley,8250.000000000007,Securitization (UMBS),99.88,8448.000000000022,0.0,-198.0,-8448.0
5025444,105000.0,3.375,360,Home purchase,2021-09-10,104.61,102.76625,Storgan Manley,5250.000000000005,Securitization (UMBS),104.61,409.5000000000018,0.0,4840.5,-409.5
5025468,165000.0,2.25,180,Cash-out refinance,2021-09-10,99.88,99.41125,Storgan Manley,8250.000000000007,Securitization (UMBS),99.88,8448.000000000022,0.0,-198.0,-8448.0
5025481,455000.0,2.25,180,Refinancing,2021-09-11,99.88,98.0675,Bank of Americans,22750.000000000022,Securitization (UMBS),99.88,23296.000000000062,0.0,-546.0,-23296.0
5025553,345000.0,2.25,180,Refinancing,2021-09-13,99.88,0.0,Golden Sachs,17250.000000000015,Securitization (UMBS),99.88,17664.000000000047,0.0,-414.0,-17664.0
5025568,265000.0,3.5,360,Cash-out refinance,2021-09-13,104.61,103.07875,Storgan Manley,13250.000000000011,Securitization (UMBS),104.61,1033.5000000000036,0.0,12216.5,-1033.5
5025576,115000.0,2.99,360,Cash-out refinance,2021-09-13,103.19,101.94,Bank of Americans,5750.0000000000055,Securitization (UMBS),103.19,2081.500000000001,0.0,3668.5,-2081.5
5025585,125000.0,3.5,360,Home purchase,2021-09-14,104.61,103.36,Bank of Americans,6250.0000000000055,Securitization (UMBS),104.61,487.5000000000018,0.0,5762.5,-487.5
5025607,335000.0,2.25,180,Cash-out refinance,2021-09-14,99.88,99.53625,Storgan Manley,16750.000000000015,Securitization (UMBS),99.88,17152.000000000044,0.0,-402.0,-17152.0
5025642,165000.0,3.5,360,Refinancing,2021-09-14,105.0,103.15625,Storgan Manley,8250.000000000007,Securitization (UMBS),105.0,0.0,0.0,8250.0,-0.0
5025666,105000.0,2.875,360,Refinancing,2021-09-15,103.19,102.84625,Storgan Manley,5250.000000000005,Securitization (UMBS),103.19,1900.5000000000005,0.0,3349.5,-1900.5
5025709,375000.0,2.75,360,Refinancing,2021-09-15,104.17,102.45125,Storgan Manley,18750.00000000002,Securitization (UMBS),104.17,3112.499999999991,0.0,15637.5,-3112.5
5025712,225000.0,2.99,360,Refinancing,2021-09-16,103.19,101.34625,Storgan Manley,11250.00000000001,Securitization (UMBS),103.19,4072.5,0.0,7177.5,-4072.5
5025719,385000.0,2.625,240,Refinancing,2021-09-16,99.88,98.72375,Storgan Manley,19250.00000000002,Securitization (UMBS),99.88,19712.000000000055,0.0,-462.0,-19712.0
5025762,185000.0,2.99,180,Cash-out refinance,2021-09-17,103.19,100.6275,Golden Sachs,9250.00000000001,Securitization (UMBS),103.19,3348.500000000002,0.0,5901.5,-3348.5
5025897,485000.0,3.25,360,Cash-out refinance,2021-09-17,104.61,103.57875,Storgan Manley,24250.000000000022,Securitization (UMBS),104.61,1891.5000000000073,0.0,22358.5,-1891.5
5025901,265000.0,3.875,360,Cash-out refinance,2021-09-14,105.77,104.395,Bank of Americans,13250.000000000011,Securitization (UMBS),105.77,-2040.4999999999527,0.0,15290.5,2040.5
5025921,175000.0,2.25,144,Refinancing,2021-08-26,99.88,98.63,Bank of Americans,8750.000000000007,Securitization (UMBS),99.88,8960.000000000024,0.0,-210.0,-8960.0
5025930,455000.0,2.75,360,Refinancing,2021-08-26,103.19,101.815,Bank of Americans,22750.000000000022,Securitization (UMBS),103.19,8235.500000000004,0.0,14514.5,-8235.5
5025971,105000.0,3.375,360,Home purchase,2021-09-01,104.61,104.01625,Storgan Manley,5250.000000000005,Securitization (UMBS),104.61,409.5000000000018,0.0,4840.5,-409.5
5026036,305000.0,2.125,180,Refinancing,2021-09-01,97.45,95.0125,Bank of Americans,15250.000000000013,Securitization (UMBS),97.45,23027.500000000004,0.0,-7777.5,-23027.5
5026161,235000.0,3.375,360,Cash-out refinance,2021-09-01,104.61,103.64125,Storgan Manley,11750.000000000011,Securitization (UMBS),104.61,916.5000000000036,0.0,10833.5,-916.5
5026230,105000.0,1.99,180,Refinancing,2021-09-02,97.45,95.575,Bank of Americans,5250.000000000005,Securitization (UMBS),97.45,7927.500000000001,0.0,-2677.5,-7927.5
5026251,175000.0,3.5,360,Refinancing,2021-09-02,105.0,104.53125,Storgan Manley,8750.000000000007,Securitization (UMBS),105.0,0.0,0.0,8750.0,-0.0
5026302,205000.0,3.375,360,Refinancing,2021-09-02,104.61,102.26625,Storgan Manley,10250.00000000001,Securitization (UMBS),104.61,799.5000000000036,0.0,9450.5,-799.5
5026321,265000.0,2.99,360,Refinancing,2021-09-02,104.17,104.38875,Storgan Manley,13250.000000000011,Whole Loan Sale,104.38875,2199.4999999999927,0.0,11630.19,-1619.81
5026357,95000.0,2.875,360,Refinancing,2021-09-02,103.19,102.22125,Storgan Manley,4750.000000000005,Securitization (UMBS),103.19,1719.500000000001,0.0,3030.5,-1719.5
5026373,265000.0,2.25,120,Cash-out refinance,2021-09-03,99.88,98.91125,Storgan Manley,13250.000000000011,Securitization (UMBS),99.88,13568.000000000035,0.0,-318.0,-13568.0
5026404,265000.0,3.375,360,Cash-out refinance,2021-09-04,104.61,102.735,Bank of Americans,13250.000000000011,Securitization (UMBS),104.61,1033.5000000000036,0.0,12216.5,-1033.5
5026422,365000.0,3.25,360,Cash-out refinance,2021-09-07,105.0,104.53125,Storgan Manley,18250.000000000015,Securitization (UMBS),105.0,0.0,0.0,18250.0,-0.0
5026556,355000.0,2.25,180,Cash-out refinance,2021-09-07,99.88,97.4425,Bank of Americans,17750.000000000015,Securitization (UMBS),99.88,18176.000000000047,0.0,-426.0,-18176.0
5026575,175000.0,2.99,360,Cash-out refinance,2021-09-07,103.19,102.72125,Storgan Manley,8750.000000000007,Securitization (UMBS),103.19,3167.5,0.0,5582.5,-3167.5
5026577,165000.0,2.25,96,Refinancing,2021-09-08,99.88,99.53625,Storgan Manley,8250.000000000007,Securitization (UMBS),99.88,8448.000000000022,0.0,-198.0,-8448.0
5026608,175000.0,3.25,360,Refinancing,2021-09-08,104.61,102.7975,Bank of Americans,8750.000000000007,Securitization (UMBS),104.61,682.5000000000018,0.0,8067.5,-682.5
5026635,315000.0,3.25,360,Home purchase,2021-09-09,104.61,102.76625,Storgan Manley,15750.000000000015,Securitization (UMBS),104.61,1228.5000000000055,0.0,14521.5,-1228.5
5026701,95000.0,2.99,240,Refinancing,2021-09-09,103.19,102.90875,Storgan Manley,4750.000000000005,Securitization (UMBS),103.19,1719.500000000001,0.0,3030.5,-1719.5
5026722,735000.0,2.75,360,Cash-out refinance,2021-09-10,103.19,102.72125,Storgan Manley,36750.00000000003,Securitization (UMBS),103.19,13303.5,0.0,23446.5,-13303.5
5026785,285000.0,2.375,240,Home purchase,2021-09-10,99.88,98.755,Bank of Americans,14250.000000000013,Securitization (UMBS),99.88,14592.000000000038,2992.5,-342.0,-14592.0
5026890,545000.0,2.99,360,Cash-out refinance,2021-09-10,104.17,102.295,Bank of Americans,27250.000000000025,Securitization (UMBS),104.17,4523.499999999985,0.0,22726.5,-4523.5
5027007,195000.0,2.99,360,Cash-out refinance,2021-09-11,104.17,104.38875,Storgan Manley,9750.00000000001,Whole Loan Sale,104.38875,1618.4999999999955,0.0,8558.06,-1191.94
5027060,305000.0,3.5,360,Cash-out refinance,2021-09-11,104.61,104.0475,Golden Sachs,15250.000000000013,Securitization (UMBS),104.61,1189.5000000000036,0.0,14060.5,-1189.5
5027160,125000.0,2.5,180,Cash-out refinance,2021-09-11,99.88,98.0675,Bank of Americans,6250.0000000000055,Securitization (UMBS),99.88,6400.000000000016,0.0,-150.0,-6400.0
5027360,455000.0,2.625,240,Cash-out refinance,2021-09-11,99.88,99.53625,Storgan Manley,22750.000000000022,Securitization (UMBS),99.88,23296.000000000062,0.0,-546.0,-23296.0
5027366,255000.0,2.99,360,Home purchase,2021-09-13,103.19,101.22125,Storgan Manley,12750.000000000011,Securitization (UMBS),103.19,4615.500000000001,0.0,8134.5,-4615.5
5027568,155000.0,2.75,360,Refinancing,2021-09-13,103.19,101.22125,Storgan Manley,7750.000000000007,Securitization (UMBS),103.19,2805.500000000001,0.0,4944.5,-2805.5
5027626,125000.0,2.25,180,Refinancing,2021-09-13,99.88,99.59875,Storgan Manley,6250.0000000000055,Securitization (UMBS),99.88,6400.000000000016,0.0,-150.0,-6400.0
5027661,425000.0,3.875,360,Home purchase,2021-09-13,105.77,103.30125,Storgan Manley,21250.00000000002,Securitization (UMBS),105.77,-3272.4999999999236,0.0,24522.5,3272.5
5027696,625000.0,3.375,360,Cash-out refinance,2021-09-14,104.61,102.5475,Bank of Americans,31250.00000000003,Securitization (UMBS),104.61,2437.500000000011,0.0,28812.5,-2437.5
5027714,325000.0,2.375,240,Refinancing,2021-09-14,99.88,97.9425,Bank of Americans,16250.000000000015,Securitization (UMBS),99.88,16640.000000000044,0.0,-390.0,-16640.0
5027724,335000.0,2.99,360,Home purchase,2021-09-14,103.19,101.1275,Golden Sachs,16750.000000000015,Securitization (UMBS),103.19,6063.500000000002,0.0,10686.5,-6063.5
5027787,415000.0,2.125,180,Refinancing,2021-09-14,97.45,97.10625,Storgan Manley,20750.00000000002,Securitization (UMBS),97.45,31332.500000000007,0.0,-10582.5,-31332.5
5027837,215000.0,3.125,360,Cash-out refinance,2021-09-16,103.19,101.34625,Storgan Manley,10750.00000000001,Securitization (UMBS),103.19,3891.500000000001,0.0,6858.5,-3891.5
5027888,305000.0,3.375,360,Refinancing,2021-09-16,105.0,104.65625,Storgan Manley,15250.000000000013,Securitization (UMBS),105.0,0.0,0.0,15250.0,-0.0
5027915,325000.0,2.75,360,Home purchase,2021-09-16,103.19,102.72125,Storgan Manley,16250.000000000015,Securitization (UMBS),103.19,5882.500000000002,0.0,10367.5,-5882.5
5027931,335000.0,2.375,360,Refinancing,2021-09-17,99.88,97.505,Bank of Americans,16750.000000000015,Securitization (UMBS),99.88,17152.000000000044,0.0,-402.0,-17152.0
5027948,205000.0,2.5,180,Cash-out refinance,2021-09-17,99.88,98.0675,Bank of Americans,10250.00000000001,Securitization (UMBS),99.88,10496.000000000027,0.0,-246.0,-10496.0
5027990,105000.0,2.5,120,Refinancing,2021-09-17,103.03,100.56125,Storgan Manley,5250.000000000005,Securitization (UMBS),103.03,2068.500000000005,0.0,3181.5,-2068.5
5028155,165000.0,2.875,360,Refinancing,2021-09-16,104.17,103.70125,Storgan Manley,8250.000000000007,Securitization (UMBS),104.17,1369.4999999999955,0.0,6880.5,-1369.5
5028299,315000.0,3.19,360,Cash-out refinance,2021-08-21,103.19,102.72125,Storgan Manley,15750.000000000015,Securitization (UMBS),103.19,5701.500000000002,0.0,10048.5,-5701.5
5028344,445000.0,2.99,360,Cash-out refinance,2021-08-24,103.19,102.22125,Storgan Manley,22250.00000000002,Securitization (UMBS),103.19,8054.5,0.0,14195.5,-8054.5
5028382,155000.0,2.5,180,Cash-out refinance,2021-08-25,103.03,102.06125,Storgan Manley,7750.000000000007,Securitization (UMBS),103.03,3053.500000000008,0.0,4696.5,-3053.5
5028446,245000.0,3.375,360,Cash-out refinance,2021-08-26,104.61,103.76625,Storgan Manley,12250.000000000011,Securitization (UMBS),104.61,955.5000000000036,0.0,11294.5,-955.5
5028608,165000.0,2.25,180,Cash-out refinance,2021-08-26,99.88,99.41125,Storgan Manley,8250.000000000007,Securitization (UMBS),99.88,8448.000000000022,0.0,-198.0,-8448.0
5028747,115000.0,3.375,360,Refinancing,2021-08-30,104.61,103.07875,Storgan Manley,5750.0000000000055,Securitization (UMBS),104.61,448.5000000000018,0.0,5301.5,-448.5
5028754,305000.0,2.75,360,Refinancing,2021-08-30,103.19,101.65875,Storgan Manley,15250.000000000013,Securitization (UMBS),103.19,5520.5,0.0,9729.5,-5520.5
5028810,155000.0,2.5,180,Refinancing,2021-08-31,99.88,97.5675,Bank of Americans,7750.000000000007,Securitization (UMBS),99.88,7936.000000000021,0.0,-186.0,-7936.0
5028867,135000.0,3.375,360,Cash-out refinance,2021-09-01,104.61,102.89125,Storgan Manley,6750.000000000006,Securitization (UMBS),104.61,526.5000000000027,0.0,6223.5,-526.5
5028915,205000.0,3.25,360,Cash-out refinance,2021-09-01,104.61,102.6725,Bank of Americans,10250.00000000001,Securitization (UMBS),104.61,799.5000000000036,0.0,9450.5,-799.5
5028962,275000.0,3.25,360,Cash-out refinance,2021-09-01,104.61,102.26625,Storgan Manley,13750.000000000013,Securitization (UMBS),104.61,1072.5000000000036,0.0,12677.5,-1072.5
5029020,465000.0,2.75,360,Refinancing,2021-09-01,103.19,101.22125,Storgan Manley,23250.000000000022,Securitization (UMBS),103.19,8416.500000000004,0.0,14833.5,-8416.5
5029100,95000.0,2.99,180,Cash-out refinance,2021-09-02,103.19,101.94,Bank of Americans,4750.000000000005,Securitization (UMBS),103.19,1719.500000000001,0.0,3030.5,-1719.5
5029107,255000.0,2.875,360,Home purchase,2021-09-02,103.19,101.1275,Golden Sachs,12750.000000000011,Securitization (UMBS),103.19,4615.500000000001,0.0,8134.5,-4615.5
5029117,155000.0,3.375,360,Refinancing,2021-09-02,104.61,104.82875,Storgan Manley,7750.000000000007,Whole Loan Sale,104.82875,604.5000000000027,0.0,7484.56,-265.44
5029122,265000.0,2.625,240,Refinancing,2021-09-02,99.88,97.53625,Storgan Manley,13250.000000000011,Securitization (UMBS),99.88,13568.000000000035,0.0,-318.0,-13568.0
5029263,645000.0,2.875,360,Refinancing,2021-09-03,104.17,102.45125,Bank of Americans,32250.00000000003,Securitization (UMBS),104.17,5353.499999999985,0.0,26896.5,-5353.5
5029283,175000.0,2.375,180,Refinancing,2021-09-03,99.88,98.03625,Storgan Manley,8750.000000000007,Securitization (UMBS),99.88,8960.000000000024,0.0,-210.0,-8960.0
5029333,295000.0,2.125,180,Refinancing,2021-09-03,100.93,98.6175,Bank of Americans,14750.000000000013,Securitization (UMBS),100.93,12006.499999999987,0.0,2743.5,-12006.5
5029372,145000.0,2.375,180,Refinancing,2021-09-03,103.03,100.905,Golden Sachs,7250.000000000006,Securitization (UMBS),103.03,2856.5000000000073,0.0,4393.5,-2856.5
5029394,235000.0,2.75,180,Cash-out refinance,2021-09-03,104.17,101.82625,Storgan Manley,11750.000000000011,Securitization (UMBS),104.17,1950.4999999999945,0.0,9799.5,-1950.5
5029434,625000.0,3.625,360,Cash-out refinance,2021-09-03,104.61,102.76625,Storgan Manley,31250.00000000003,Securitization (UMBS),104.61,2437.500000000011,0.0,28812.5,-2437.5
5029541,195000.0,2.75,180,Refinancing,2021-09-03,103.19,100.72125,Storgan Manley,9750.00000000001,Securitization (UMBS),103.19,3529.500000000002,0.0,6220.5,-3529.5
5029551,285000.0,2.99,360,Home purchase,2021-09-04,103.19,102.22125,Storgan Manley,14250.000000000013,Securitization (UMBS),103.19,5158.500000000002,0.0,9091.5,-5158.5
5029619,405000.0,2.75,180,Cash-out refinance,2021-09-04,103.19,102.72125,Storgan Manley,20250.00000000002,Securitization (UMBS),103.19,7330.500000000002,0.0,12919.5,-7330.5
5029829,155000.0,2.99,240,Cash-out refinance,2021-09-04,103.19,101.53375,Storgan Manley,7750.000000000007,Securitization (UMBS),103.19,2805.500000000001,0.0,4944.5,-2805.5
5029835,125000.0,2.625,120,Cash-out refinance,2021-09-07,99.88,97.91125,Storgan Manley,6250.0000000000055,Securitization (UMBS),99.88,6400.000000000016,0.0,-150.0,-6400.0
5029940,155000.0,2.99,360,Refinancing,2021-09-07,103.19,101.3775,Bank of Americans,7750.000000000007,Securitization (UMBS),103.19,2805.500000000001,0.0,4944.5,-2805.5
5029969,285000.0,3.25,360,Home purchase,2021-09-08,104.61,104.26625,Storgan Manley,14250.000000000013,Securitization (UMBS),104.61,1111.5000000000036,0.0,13138.5,-1111.5
5029974,235000.0,2.625,180,Refinancing,2021-09-08,99.88,99.41125,Storgan Manley,11750.000000000011,Securitization (UMBS),99.88,12032.000000000033,0.0,-282.0,-12032.0
5029989,245000.0,2.99,360,Refinancing,2021-09-09,103.19,102.34625,Storgan Manley,12250.000000000011,Securitization (UMBS),103.19,4434.500000000001,0.0,7815.5,-4434.5
5030080,435000.0,2.875,360,Cash-out refinance,2021-09-10,103.19,102.72125,Storgan Manley,21750.00000000002,Securitization (UMBS),103.19,7873.500000000002,0.0,13876.5,-7873.5
5030095,125000.0,2.99,360,Cash-out refinance,2021-09-10,103.19,100.7525,Bank of Americans,6250.0000000000055,Securitization (UMBS),103.19,2262.5000000000005,0.0,3987.5,-2262.5
5030099,165000.0,2.625,180,Refinancing,2021-09-13,99.88,97.9425,Bank of Americans,8250.000000000007,Securitization (UMBS),99.88,8448.000000000022,0.0,-198.0,-8448.0
5030132,155000.0,2.99,360,Cash-out refinance,2021-09-14,103.19,102.34625,Storgan Manley,7750.000000000007,Securitization (UMBS),103.19,2805.500000000001,0.0,4944.5,-2805.5
5030146,365000.0,2.875,360,Refinancing,2021-09-15,103.19,102.15875,PJ Logan,18250.000000000015,Securitization (UMBS),103.19,6606.5,0.0,11643.5,-6606.5
5030333,85000.0,3.375,360,Cash-out refinance,2021-09-15,104.61,104.0475,Golden Sachs,4250.000000000004,Securitization (UMBS),104.61,331.5000000000009,0.0,3918.5,-331.5
5030401,245000.0,2.75,240,Refinancing,2021-09-15,103.19,100.7525,Bank of Americans,12250.000000000011,Securitization (UMBS),103.19,4434.500000000001,0.0,7815.5,-4434.5
5030449,395000.0,2.5,240,Refinancing,2021-09-16,103.03,102.56125,Storgan Manley,19750.00000000002,Securitization (UMBS),103.03,7781.50000000002,0.0,11968.5,-7781.5
5030451,195000.0,2.75,360,Refinancing,2021-09-16,103.19,101.28375,Storgan Manley,9750.00000000001,Securitization (UMBS),103.19,3529.500000000002,0.0,6220.5,-3529.5
5030499,325000.0,2.875,360,Cash-out refinance,2021-09-16,104.17,102.2325,Bank of Americans,16250.000000000015,Securitization (UMBS),104.17,2697.499999999991,0.0,13552.5,-2697.5
5030591,645000.0,2.75,360,Cash-out refinance,2021-09-16,104.17,104.38875,Storgan Manley,32250.00000000003,Whole Loan Sale,104.38875,5353.499999999985,0.0,28307.44,-3942.56
5030634,105000.0,3.625,360,Cash-out refinance,2021-09-17,104.61,102.26625,Storgan Manley,5250.000000000005,Securitization (UMBS),104.61,409.5000000000018,0.0,4840.5,-409.5
5030701,765000.0,3.375,360,Cash-out refinance,2021-09-17,104.61,102.76625,Storgan Manley,38250.00000000004,Securitization (UMBS),104.61,2983.5000000000146,0.0,35266.5,-2983.5
5030776,85000.0,2.875,360,Refinancing,2021-07-26,103.19,101.34625,Storgan Manley,4250.000000000004,Securitization (UMBS),103.19,1538.5000000000005,0.0,2711.5,-1538.5
5030953,165000.0,2.75,360,Refinancing,2021-08-02,103.19,102.84625,Storgan Manley,8250.000000000007,Securitization (UMBS),103.19,2986.500000000001,0.0,5263.5,-2986.5
5031133,145000.0,2.75,180,Cash-out refinance,2021-08-06,103.19,101.65875,Storgan Manley,7250.000000000006,Securitization (UMBS),103.19,2624.500000000001,0.0,4625.5,-2624.5
5031172,135000.0,2.875,360,Cash-out refinance,2021-08-14,103.19,101.94,Bank of Americans,6750.000000000006,Securitization (UMBS),103.19,2443.500000000001,0.0,4306.5,-2443.5
5031275,375000.0,3.125,360,Refinancing,2021-08-19,103.19,101.22125,Storgan Manley,18750.00000000002,Securitization (UMBS),103.19,6787.500000000004,0.0,11962.5,-6787.5
5031358,755000.0,2.75,360,Home purchase,2021-08-19,103.19,102.34625,Storgan Manley,37750.00000000004,Securitization (UMBS),103.19,13665.500000000007,0.0,24084.5,-13665.5
5031502,375000.0,3.5,360,Cash-out refinance,2021-08-26,104.61,103.57875,Storgan Manley,18750.00000000002,Securitization (UMBS),104.61,1462.5000000000073,0.0,17287.5,-1462.5
5031624,175000.0,3.125,360,Refinancing,2021-08-26,103.19,102.15875,Storgan Manley,8750.000000000007,Securitization (UMBS),103.19,3167.5,0.0,5582.5,-3167.5
5031661,75000.0,2.75,180,Home purchase,2021-08-27,103.19,101.1275,Golden Sachs,3750.000000000003,Securitization (UMBS),103.19,1357.5,0.0,2392.5,-1357.5
5031691,575000.0,2.375,240,Refinancing,2021-08-27,99.88,98.0675,Bank of Americans,28750.000000000025,Securitization (UMBS),99.88,29440.000000000076,0.0,-690.0,-29440.0
5031698,185000.0,2.875,360,Cash-out refinance,2021-08-30,103.19,101.2525,Bank of Americans,9250.00000000001,Securitization (UMBS),103.19,3348.500000000002,0.0,5901.5,-3348.5
5031818,145000.0,2.5,180,Cash-out refinance,2021-08-31,99.88,99.41125,Storgan Manley,7250.000000000006,Securitization (UMBS),99.88,7424.000000000019,0.0,-174.0,-7424.0
5031947,225000.0,2.875,360,Home purchase,2021-09-01,103.19,102.22125,Storgan Manley,11250.00000000001,Securitization (UMBS),103.19,4072.5,0.0,7177.5,-4072.5
5031951,265000.0,2.625,360,Cash-out refinance,2021-09-01,99.88,97.1925,Golden Sachs,13250.000000000011,Securitization (UMBS),99.88,13568.000000000035,0.0,-318.0,-13568.0
5031966,305000.0,2.875,288,Refinancing,2021-09-02,103.19,100.97125,Storgan Manley,15250.000000000013,Securitization (UMBS),103.19,5520.5,0.0,9729.5,-5520.5
5031993,765000.0,3.75,360,Cash-out refinance,2021-09-02,106.41,106.12875,Storgan Manley,38250.00000000004,Securitization (UMBS),106.41,-10786.5,0.0,49036.5,10786.5
5032060,265000.0,2.99,360,Cash-out refinance,2021-09-02,103.19,102.03375,Storgan Manley,13250.000000000011,Securitization (UMBS),103.19,4796.5,0.0,8453.5,-4796.5
5032062,205000.0,2.25,180,Refinancing,2021-09-02,99.88,97.9425,Bank of Americans,10250.00000000001,Securitization (UMBS),99.88,10496.000000000027,0.0,-246.0,-10496.0
5032097,105000.0,2.75,180,Refinancing,2021-09-03,103.19,102.84625,Storgan Manley,5250.000000000005,Securitization (UMBS),103.19,1900.5000000000005,0.0,3349.5,-1900.5
5032125,435000.0,2.69,360,Refinancing,2021-09-03,103.03,102.68625,Storgan Manley,21750.00000000002,Securitization (UMBS),103.03,8569.500000000022,0.0,13180.5,-8569.5
5032140,85000.0,3.25,360,Home purchase,2021-09-03,104.61,104.14125,Storgan Manley,4250.000000000004,Securitization (UMBS),104.61,331.5000000000009,0.0,3918.5,-331.5
5032182,405000.0,2.375,120,Cash-out refinance,2021-09-03,99.88,99.53625,Storgan Manley,20250.00000000002,Securitization (UMBS),99.88,20736.000000000055,0.0,-486.0,-20736.0
5032240,265000.0,2.99,240,Refinancing,2021-09-03,103.19,102.84625,Storgan Manley,13250.000000000011,Securitization (UMBS),103.19,4796.5,0.0,8453.5,-4796.5
5032267,235000.0,2.375,240,Refinancing,2021-09-06,99.88,99.59875,Storgan Manley,11750.000000000011,Securitization (UMBS),99.88,12032.000000000033,0.0,-282.0,-12032.0
5032293,235000.0,2.69,360,Refinancing,2021-09-07,99.88,98.91125,Storgan Manley,11750.000000000011,Securitization (UMBS),99.88,12032.000000000033,0.0,-282.0,-12032.0
5032299,75000.0,2.75,180,Cash-out refinance,2021-09-07,103.19,100.8775,Bank of Americans,3750.000000000003,Securitization (UMBS),103.19,1357.5,0.0,2392.5,-1357.5
5032345,155000.0,3.25,360,Cash-out refinance,2021-09-08,104.61,102.7975,Bank of Americans,7750.000000000007,Securitization (UMBS),104.61,604.5000000000027,0.0,7145.5,-604.5
5032377,205000.0,2.5,180,Cash-out refinance,2021-09-08,99.88,98.005,Bank of Americans,10250.00000000001,Securitization (UMBS),99.88,10496.000000000027,0.0,-246.0,-10496.0
5032445,365000.0,3.25,360,Refinancing,2021-09-08,104.61,102.985,Bank of Americans,18250.000000000015,Securitization (UMBS),104.61,1423.5000000000036,0.0,16826.5,-1423.5
5032481,445000.0,2.875,360,Cash-out refinance,2021-09-08,103.19,100.7525,Bank of Americans,22250.00000000002,Securitization (UMBS),103.19,8054.5,0.0,14195.5,-8054.5
5032518,235000.0,2.625,360,Cash-out refinance,2021-09-10,99.88,98.03625,Storgan Manley,11750.000000000011,Securitization (UMBS),99.88,12032.000000000033,0.0,-282.0,-12032.0
5032663,155000.0,3.375,360,Cash-out refinance,2021-09-13,104.61,102.4225,Golden Sachs,7750.000000000007,Securitization (UMBS),104.61,604.5000000000027,0.0,7145.5,-604.5
5032682,405000.0,3.25,360,Cash-out refinance,2021-09-13,105.0,102.4375,Golden Sachs,20250.00000000002,Securitization (UMBS),105.0,0.0,0.0,20250.0,-0.0
5032809,135000.0,2.99,180,Refinancing,2021-09-13,103.19,102.34625,Storgan Manley,6750.000000000006,Securitization (UMBS),103.19,2443.500000000001,0.0,4306.5,-2443.5
5032944,455000.0,3.375,360,Home purchase,2021-09-14,104.61,103.57875,Storgan Manley,22750.000000000022,Securitization (UMBS),104.61,1774.5000000000073,0.0,20975.5,-1774.5
5032949,365000.0,3.19,360,Home purchase,2021-09-14,103.19,101.65875,Storgan Manley,18250.000000000015,Securitization (UMBS),103.19,6606.5,0.0,11643.5,-6606.5
5032958,225000.0,2.99,360,Home purchase,2021-09-15,103.19,101.565,Bank of Americans,11250.00000000001,Securitization (UMBS),103.19,4072.5,0.0,7177.5,-4072.5
5033003,255000.0,2.99,360,Home purchase,2021-09-16,103.19,101.815,Bank of Americans,12750.000000000011,Securitization (UMBS),103.19,4615.500000000001,0.0,8134.5,-4615.5
5033029,275000.0,2.125,120,Refinancing,2021-09-16,97.45,97.10625,Storgan Manley,13750.000000000013,Securitization (UMBS),97.45,20762.500000000004,0.0,-7012.5,-20762.5
5033112,305000.0,2.125,180,Refinancing,2021-09-16,97.45,96.41875,PJ Logan,15250.000000000013,Securitization (UMBS),97.45,23027.500000000004,0.0,-7777.5,-23027.5
5033119,155000.0,3.375,360,Home improvement,2021-09-17,104.61,104.0475,Golden Sachs,7750.000000000007,Securitization (UMBS),104.61,604.5000000000027,0.0,7145.5,-604.5
5033141,155000.0,2.25,144,Refinancing,2021-09-17,99.88,98.91125,Storgan Manley,7750.000000000007,Securitization (UMBS),99.88,7936.000000000021,0.0,-186.0,-7936.0
5033195,275000.0,3.25,360,Cash-out refinance,2021-08-26,104.61,104.82875,Storgan Manley,13750.000000000013,Whole Loan Sale,104.82875,1072.5000000000036,0.0,13279.06,-470.94
5033251,275000.0,2.375,180,Refinancing,2021-09-01,103.03,102.405,Bank of Americans,13750.000000000013,Securitization (UMBS),103.03,5417.500000000015,0.0,8332.5,-5417.5
5033264,115000.0,2.75,240,Refinancing,2021-09-13,103.19,102.03375,Storgan Manley,5750.0000000000055,Securitization (UMBS),103.19,2081.500000000001,0.0,3668.5,-2081.5
5033452,75000.0,2.99,240,Cash-out refinance,2021-07-07,104.17,102.32625,Storgan Manley,3750.000000000003,Securitization (UMBS),104.17,622.4999999999977,0.0,3127.5,-622.5
5033493,215000.0,3.25,360,Cash-out refinance,2021-08-07,104.61,102.2975,Bank of Americans,10750.00000000001,Securitization (UMBS),104.61,838.5000000000018,0.0,9911.5,-838.5
5033563,175000.0,2.75,240,Refinancing,2021-08-21,103.19,102.03375,Storgan Manley,8750.000000000007,Securitization (UMBS),103.19,3167.5,0.0,5582.5,-3167.5
5033635,185000.0,3.25,360,Cash-out refinance,2021-08-24,105.0,102.9375,Bank of Americans,9250.00000000001,Securitization (UMBS),105.0,0.0,0.0,9250.0,-0.0
5033672,155000.0,2.99,360,Refinancing,2021-08-24,104.17,104.38875,Storgan Manley,7750.000000000007,Whole Loan Sale,104.38875,1286.4999999999964,0.0,6802.56,-947.44
5033850,185000.0,2.5,120,Refinancing,2021-08-25,99.88,98.22375,Storgan Manley,9250.00000000001,Securitization (UMBS),99.88,9472.000000000025,0.0,-222.0,-9472.0
5033855,355000.0,2.75,360,Refinancing,2021-08-27,104.17,102.20125,Storgan Manley,17750.000000000015,Securitization (UMBS),104.17,2946.499999999989,0.0,14803.5,-2946.5
5033948,165000.0,2.875,360,Refinancing,2021-08-30,103.19,101.44,Bank of Americans,8250.000000000007,Securitization (UMBS),103.19,2986.500000000001,0.0,5263.5,-2986.5
5034055,495000.0,2.69,360,Refinancing,2021-08-30,99.88,98.005,Bank of Americans,24750.000000000022,Securitization (UMBS),99.88,25344.000000000065,0.0,-594.0,-25344.0
5034060,335000.0,2.99,360,Home purchase,2021-08-31,103.19,101.90875,Storgan Manley,16750.000000000015,Securitization (UMBS),103.19,6063.500000000002,0.0,10686.5,-6063.5
5034135,165000.0,2.875,360,Cash-out refinance,2021-09-01,103.19,102.69,Bank of Americans,8250.000000000007,Securitization (UMBS),103.19,2986.500000000001,0.0,5263.5,-2986.5
5034149,335000.0,2.75,240,Refinancing,2021-09-01,103.19,101.09625,Storgan Manley,16750.000000000015,Securitization (UMBS),103.19,6063.500000000002,0.0,10686.5,-6063.5
5034217,155000.0,2.99,360,Refinancing,2021-09-02,103.19,102.72125,Storgan Manley,7750.000000000007,Securitization (UMBS),103.19,2805.500000000001,0.0,4944.5,-2805.5
5034233,215000.0,3.125,360,Cash-out refinance,2021-09-02,104.17,104.38875,Storgan Manley,10750.00000000001,Whole Loan Sale,104.38875,1784.4999999999945,0.0,9435.81,-1314.19
5034270,475000.0,2.875,180,Cash-out refinance,2021-09-02,103.19,100.84625,Storgan Manley,23750.000000000022,Securitization (UMBS),103.19,8597.500000000004,0.0,15152.5,-8597.5
5034289,215000.0,2.75,360,Refinancing,2021-09-03,104.17,103.20125,Storgan Manley,10750.00000000001,Securitization (UMBS),104.17,1784.4999999999945,0.0,8965.5,-1784.5
5034295,365000.0,2.625,240,Refinancing,2021-09-03,103.03,102.74875,Storgan Manley,18250.000000000015,Securitization (UMBS),103.03,7190.500000000016,0.0,11059.5,-7190.5
5034391,265000.0,2.99,360,Cash-out refinance,2021-09-03,104.17,102.32625,Storgan Manley,13250.000000000011,Securitization (UMBS),104.17,2199.4999999999927,0.0,11050.5,-2199.5
5034463,215000.0,3.375,360,Cash-out refinance,2021-09-04,104.61,102.26625,Storgan Manley,10750.00000000001,Securitization (UMBS),104.61,838.5000000000018,0.0,9911.5,-838.5
5034474,155000.0,3.375,360,Cash-out refinance,2021-09-04,104.61,103.76625,Storgan Manley,7750.000000000007,Securitization (UMBS),104.61,604.5000000000027,0.0,7145.5,-604.5
5034513,145000.0,2.75,360,Cash-out refinance,2021-09-06,104.17,103.20125,Storgan Manley,7250.000000000006,Securitization (UMBS),104.17,1203.4999999999964,0.0,6046.5,-1203.5
5034516,545000.0,1.99,180,Refinancing,2021-09-07,100.93,99.89875,Storgan Manley,27250.000000000025,Securitization (UMBS),100.93,22181.499999999978,0.0,5068.5,-22181.5
5034545,285000.0,3.25,360,Refinancing,2021-09-07,104.61,102.14125,Storgan Manley,14250.000000000013,Securitization (UMBS),104.61,1111.5000000000036,0.0,13138.5,-1111.5
5034697,415000.0,2.875,360,Home purchase,2021-09-07,104.17,102.42,Bank of Americans,20750.00000000002,Securitization (UMBS),104.17,3444.499999999989,2332.05,17305.5,-3444.5
5034774,355000.0,2.5,240,Cash-out refinance,2021-09-07,99.88,99.53625,Storgan Manley,17750.000000000015,Securitization (UMBS),99.88,18176.000000000047,0.0,-426.0,-18176.0
5034798,235000.0,3.25,360,Refinancing,2021-09-07,104.61,102.89125,Storgan Manley,11750.000000000011,Securitization (UMBS),104.61,916.5000000000036,0.0,10833.5,-916.5
5034865,545000.0,2.875,360,Home purchase,2021-09-08,103.19,103.40875,Storgan Manley,27250.000000000025,Whole Loan Sale,103.40875,9864.500000000004,0.0,18577.69,-8672.31
5034951,575000.0,3.375,360,Home purchase,2021-09-08,104.61,102.2975,Bank of Americans,28750.000000000025,Securitization (UMBS),104.61,2242.5000000000073,0.0,26507.5,-2242.5
5034990,575000.0,3.375,360,Cash-out refinance,2021-09-09,104.61,102.89125,Storgan Manley,28750.000000000025,Securitization (UMBS),104.61,2242.5000000000073,0.0,26507.5,-2242.5
5034999,95000.0,2.99,264,Refinancing,2021-09-09,103.19,101.34625,Storgan Manley,4750.000000000005,Securitization (UMBS),103.19,1719.500000000001,0.0,3030.5,-1719.5
5035006,215000.0,2.5,180,Refinancing,2021-09-10,99.88,99.38,Bank of Americans,10750.00000000001,Securitization (UMBS),99.88,11008.00000000003,0.0,-258.0,-11008.0
5035095,335000.0,2.75,360,Home purchase,2021-09-10,104.17,102.3575,Bank of Americans,16750.000000000015,Securitization (UMBS),104.17,2780.499999999991,84.22,13969.5,-2780.5
5035122,145000.0,3.99,360,Cash-out refinance,2021-09-13,105.77,104.17625,Storgan Manley,7250.000000000006,Securitization (UMBS),105.77,-1116.4999999999736,0.0,8366.5,1116.5
5035179,215000.0,2.99,360,Cash-out refinance,2021-09-13,103.19,101.72125,Storgan Manley,10750.00000000001,Securitization (UMBS),103.19,3891.500000000001,0.0,6858.5,-3891.5
5035261,435000.0,2.875,360,Refinancing,2021-09-13,104.17,103.38875,Storgan Manley,21750.00000000002,Securitization (UMBS),104.17,3610.499999999989,0.0,18139.5,-3610.5
5035266,265000.0,2.75,360,Cash-out refinance,2021-09-14,103.19,102.90875,Storgan Manley,13250.000000000011,Securitization (UMBS),103.19,4796.5,0.0,8453.5,-4796.5
5035290,355000.0,2.69,360,Refinancing,2021-09-14,99.88,99.59875,Storgan Manley,17750.000000000015,Securitization (UMBS),99.88,18176.000000000047,0.0,-426.0,-18176.0
5035396,195000.0,2.75,360,Refinancing,2021-09-15,104.17,103.32625,Storgan Manley,9750.00000000001,Securitization (UMBS),104.17,1618.4999999999955,0.0,8131.5,-1618.5
5035423,115000.0,2.99,360,Refinancing,2021-09-15,103.19,102.15875,PJ Logan,5750.0000000000055,Securitization (UMBS),103.19,2081.500000000001,0.0,3668.5,-2081.5
5035454,145000.0,2.75,360,Cash-out refinance,2021-09-15,103.19,101.59625,Storgan Manley,7250.000000000006,Securitization (UMBS),103.19,2624.500000000001,0.0,4625.5,-2624.5
5035508,235000.0,2.875,216,Refinancing,2021-09-16,103.19,101.72125,Storgan Manley,11750.000000000011,Securitization (UMBS),103.19,4253.500000000002,0.0,7496.5,-4253.5
5035519,425000.0,2.875,360,Cash-out refinance,2021-09-16,103.19,102.72125,Storgan Manley,21250.00000000002,Securitization (UMBS),103.19,7692.500000000002,0.0,13557.5,-7692.5
5035672,85000.0,2.875,180,Other,2021-09-17,103.19,101.59625,Storgan Manley,4250.000000000004,Securitization (UMBS),103.19,1538.5000000000005,0.0,2711.5,-1538.5
5035757,235000.0,2.99,360,Refinancing,2021-09-17,103.19,102.34625,Storgan Manley,11750.000000000011,Securitization (UMBS),103.19,4253.500000000002,0.0,7496.5,-4253.5
5035902,175000.0,3.375,360,Home purchase,2021-09-17,104.61,103.57875,PJ Logan,8750.000000000007,Securitization (UMBS),104.61,682.5000000000018,0.0,8067.5,-682.5
5035908,595000.0,3.44,360,Refinancing,2021-09-17,104.61,0.0,Golden Sachs,29750.000000000025,Securitization (UMBS),104.61,2320.5000000000073,0.0,27429.5,-2320.5
5035954,285000.0,2.99,360,Cash-out refinance,2021-08-25,103.19,102.72125,Storgan Manley,14250.000000000013,Securitization (UMBS),103.19,5158.500000000002,0.0,9091.5,-5158.5
5035998,325000.0,3.25,360,Cash-out refinance,2021-08-31,104.61,103.14125,Storgan Manley,16250.000000000015,Securitization (UMBS),104.61,1267.5000000000055,0.0,14982.5,-1267.5
5036079,375000.0,3.25,360,Home purchase,2021-08-26,104.61,103.70375,Storgan Manley,18750.00000000002,Securitization (UMBS),104.61,1462.5000000000073,0.0,17287.5,-1462.5
5036122,305000.0,2.75,360,Home purchase,2021-08-27,103.19,101.90875,Storgan Manley,15250.000000000013,Securitization (UMBS),103.19,5520.5,0.0,9729.5,-5520.5
5036158,105000.0,2.875,360,Home purchase,2021-08-30,103.19,101.59625,Storgan Manley,5250.000000000005,Securitization (UMBS),103.19,1900.5000000000005,0.0,3349.5,-1900.5
5036233,245000.0,2.875,240,Refinancing,2021-08-31,103.19,102.34625,Storgan Manley,12250.000000000011,Securitization (UMBS),103.19,4434.500000000001,0.0,7815.5,-4434.5
5036250,255000.0,2.99,360,Cash-out refinance,2021-09-01,103.19,102.28375,Storgan Manley,12750.000000000011,Securitization (UMBS),103.19,4615.500000000001,0.0,8134.5,-4615.5
5036296,335000.0,2.75,180,Refinancing,2021-09-01,103.19,103.40875,Storgan Manley,16750.000000000015,Whole Loan Sale,103.40875,6063.500000000002,0.0,11419.31,-5330.69
5036305,105000.0,3.25,360,Cash-out refinance,2021-09-01,104.61,104.82875,Storgan Manley,5250.000000000005,Whole Loan Sale,104.82875,409.5000000000018,0.0,5070.19,-179.81
5036315,305000.0,2.875,360,Refinancing,2021-09-01,103.19,102.22125,Storgan Manley,15250.000000000013,Securitization (UMBS),103.19,5520.5,0.0,9729.5,-5520.5
5036335,305000.0,2.25,180,Refinancing,2021-09-01,99.88,98.03625,Storgan Manley,15250.000000000013,Securitization (UMBS),99.88,15616.00000000004,0.0,-366.0,-15616.0
5036379,135000.0,2.875,240,Refinancing,2021-09-02,103.19,102.72125,Storgan Manley,6750.000000000006,Securitization (UMBS),103.19,2443.500000000001,0.0,4306.5,-2443.5
5036399,215000.0,2.875,360,Cash-out refinance,2021-09-03,103.19,101.53375,PJ Logan,10750.00000000001,Securitization (UMBS),103.19,3891.500000000001,0.0,6858.5,-3891.5
5036435,365000.0,3.125,360,Refinancing,2021-09-03,103.19,102.34625,Storgan Manley,18250.000000000015,Securitization (UMBS),103.19,6606.5,0.0,11643.5,-6606.5
5036440,215000.0,2.25,180,Refinancing,2021-09-03,103.03,101.06125,Storgan Manley,10750.00000000001,Securitization (UMBS),103.03,4235.500000000011,0.0,6514.5,-4235.5
5036468,205000.0,2.99,360,Cash-out refinance,2021-09-03,104.17,0.0,Golden Sachs,10250.00000000001,Securitization (UMBS),104.17,1701.4999999999945,0.0,8548.5,-1701.5
5036554,525000.0,1.99,180,Cash-out refinance,2021-09-04,97.45,96.60625,Storgan Manley,26250.000000000022,Securitization (UMBS),97.45,39637.50000000001,0.0,-13387.5,-39637.5
5036655,535000.0,2.75,360,Cash-out refinance,2021-09-04,103.19,102.03375,PJ Logan,26750.000000000025,Securitization (UMBS),103.19,9683.500000000004,0.0,17066.5,-9683.5
5036673,295000.0,2.875,240,Refinancing,2021-09-04,103.19,102.59625,Storgan Manley,14750.000000000013,Securitization (UMBS),103.19,5339.500000000002,0.0,9410.5,-5339.5
5036679,305000.0,2.625,240,Refinancing,2021-09-04,99.88,99.28625,Storgan Manley,15250.000000000013,Securitization (UMBS),99.88,15616.00000000004,0.0,-366.0,-15616.0
5036691,595000.0,2.99,360,Refinancing,2021-09-06,103.19,102.22125,Storgan Manley,29750.000000000025,Securitization (UMBS),103.19,10769.500000000004,0.0,18980.5,-10769.5
5036862,95000.0,2.99,180,Cash-out refinance,2021-09-06,104.17,103.88875,Storgan Manley,4750.000000000005,Securitization (UMBS),104.17,788.4999999999977,0.0,3961.5,-788.5
5036949,305000.0,2.75,180,Home purchase,2021-09-07,103.19,102.90875,Storgan Manley,15250.000000000013,Securitization (UMBS),103.19,5520.5,0.0,9729.5,-5520.5
5036975,205000.0,2.75,360,Refinancing,2021-09-07,103.19,103.5025,Bank of Americans,10250.00000000001,Whole Loan Sale,103.5025,3710.500000000001,0.0,7180.12,-3069.88
5037038,245000.0,1.99,180,Refinancing,2021-09-07,97.45,95.85625,Storgan Manley,12250.000000000011,Securitization (UMBS),97.45,18497.500000000004,0.0,-6247.5,-18497.5
5037155,425000.0,2.5,360,Refinancing,2021-09-08,99.88,98.91125,Storgan Manley,21250.00000000002,Securitization (UMBS),99.88,21760.00000000006,0.0,-510.0,-21760.0
5037189,205000.0,2.5,180,Cash-out refinance,2021-09-09,99.88,98.66125,Storgan Manley,10250.00000000001,Securitization (UMBS),99.88,10496.000000000027,0.0,-246.0,-10496.0
5037208,205000.0,2.875,360,Cash-out refinance,2021-09-09,104.17,102.20125,Storgan Manley,10250.00000000001,Securitization (UMBS),104.17,1701.4999999999945,0.0,8548.5,-1701.5
5037218,205000.0,2.75,180,Refinancing,2021-09-09,103.19,102.34625,Storgan Manley,10250.00000000001,Securitization (UMBS),103.19,3710.500000000001,0.0,6539.5,-3710.5
5037239,235000.0,3.5,360,Cash-out refinance,2021-09-09,104.61,104.26625,Storgan Manley,11750.000000000011,Securitization (UMBS),104.61,916.5000000000036,0.0,10833.5,-916.5
5037306,165000.0,3.375,360,Cash-out refinance,2021-09-11,104.61,103.70375,Storgan Manley,8250.000000000007,Securitization (UMBS),104.61,643.5000000000027,0.0,7606.5,-643.5
5037391,75000.0,2.75,180,Other,2021-09-13,103.19,102.03375,Storgan Manley,3750.000000000003,Securitization (UMBS),103.19,1357.5,0.0,2392.5,-1357.5
5037398,185000.0,3.625,360,Cash-out refinance,2021-09-14,104.61,102.95375,Storgan Manley,9250.00000000001,Securitization (UMBS),104.61,721.5000000000036,0.0,8528.5,-721.5
5037490,135000.0,3.375,360,Cash-out refinance,2021-09-14,104.61,103.07875,Storgan Manley,6750.000000000006,Securitization (UMBS),104.61,526.5000000000027,0.0,6223.5,-526.5
5037551,265000.0,3.375,360,Cash-out refinance,2021-09-14,104.61,102.07875,Storgan Manley,13250.000000000011,Securitization (UMBS),104.61,1033.5000000000036,0.0,12216.5,-1033.5
5037571,75000.0,2.875,360,Refinancing,2021-09-14,103.19,101.65875,Storgan Manley,3750.000000000003,Securitization (UMBS),103.19,1357.5,0.0,2392.5,-1357.5
5037634,345000.0,3.25,360,Cash-out refinance,2021-09-15,104.61,102.95375,Storgan Manley,17250.000000000015,Securitization (UMBS),104.61,1345.5000000000036,0.0,15904.5,-1345.5
5024196,235000.0,2.99,360,Cash-out refinance,2021-09-15,104.17,102.51375,Storgan Manley,11750.000000000011,Securitization (UMBS),104.17,1950.4999999999945,0.0,9799.5,-1950.5
5024253,315000.0,2.99,360,Cash-out refinance,2021-09-15,103.19,101.90875,Storgan Manley,15750.000000000015,Securitization (UMBS),103.19,5701.500000000002,0.0,10048.5,-5701.5
5024303,135000.0,2.75,180,Cash-out refinance,2021-09-15,103.19,101.03375,Storgan Manley,6750.000000000006,Securitization (UMBS),103.19,2443.500000000001,0.0,4306.5,-2443.5
5024468,255000.0,3.125,360,Home purchase,2021-09-16,103.19,102.22125,Storgan Manley,12750.000000000011,Securitization (UMBS),103.19,4615.500000000001,0.0,8134.5,-4615.5
5024531,555000.0,1.99,360,Home purchase,2021-09-16,97.45,95.79375,Storgan Manley,27750.000000000025,Securitization (UMBS),97.45,41902.50000000001,0.0,-14152.5,-41902.5
5024758,125000.0,3.25,324,Cash-out refinance,2021-09-17,104.61,102.07875,Storgan Manley,6250.0000000000055,Securitization (UMBS),104.61,487.5000000000018,0.0,5762.5,-487.5
5024766,375000.0,2.875,360,Refinancing,2021-08-25,103.19,101.03375,Storgan Manley,18750.00000000002,Securitization (UMBS),103.19,6787.500000000004,0.0,11962.5,-6787.5
5024808,215000.0,2.25,180,Cash-out refinance,2021-08-25,99.88,98.28625,Storgan Manley,10750.00000000001,Securitization (UMBS),99.88,11008.00000000003,0.0,-258.0,-11008.0
5024898,255000.0,2.875,240,Refinancing,2021-08-27,103.19,101.72125,Storgan Manley,12750.000000000011,Securitization (UMBS),103.19,4615.500000000001,0.0,8134.5,-4615.5
5025307,235000.0,1.99,120,Refinancing,2021-08-28,97.45,95.16875,Storgan Manley,11750.000000000011,Securitization (UMBS),97.45,17742.500000000004,0.0,-5992.5,-17742.5
5025381,165000.0,2.75,156,Refinancing,2021-09-01,103.19,101.03375,Storgan Manley,8250.000000000007,Securitization (UMBS),103.19,2986.500000000001,0.0,5263.5,-2986.5
5025412,125000.0,3.25,180,Cash-out refinance,2021-09-01,104.61,103.07875,Storgan Manley,6250.0000000000055,Securitization (UMBS),104.61,487.5000000000018,0.0,5762.5,-487.5
5025518,815000.0,2.5,360,Refinancing,2021-09-02,99.88,97.84875,Storgan Manley,40750.00000000004,Securitization (UMBS),99.88,41728.00000000011,0.0,-978.0,-41728.0
5025527,295000.0,2.5,180,Refinancing,2021-09-02,99.88,98.22375,Storgan Manley,14750.000000000013,Securitization (UMBS),99.88,15104.00000000004,0.0,-354.0,-15104.0
5025537,205000.0,2.125,360,Cash-out refinance,2021-09-02,97.45,95.075,Bank of Americans,10250.00000000001,Securitization (UMBS),97.45,15477.500000000004,0.0,-5227.5,-15477.5
5025564,515000.0,2.99,360,Refinancing,2021-09-03,103.19,101.2525,Bank of Americans,25750.000000000022,Securitization (UMBS),103.19,9321.5,0.0,16428.5,-9321.5
5025769,125000.0,2.5,120,Refinancing,2021-09-03,99.88,97.9425,Bank of Americans,6250.0000000000055,Securitization (UMBS),99.88,6400.000000000016,0.0,-150.0,-6400.0
5025787,145000.0,2.99,180,Refinancing,2021-09-03,103.19,101.47125,Storgan Manley,7250.000000000006,Securitization (UMBS),103.19,2624.500000000001,0.0,4625.5,-2624.5
5025885,155000.0,2.99,360,Refinancing,2021-09-03,103.19,101.34625,Storgan Manley,7750.000000000007,Securitization (UMBS),103.19,2805.500000000001,0.0,4944.5,-2805.5
5025890,85000.0,3.25,360,Refinancing,2021-09-03,104.61,102.39125,Storgan Manley,4250.000000000004,Securitization (UMBS),104.61,331.5000000000009,0.0,3918.5,-331.5
5026470,205000.0,2.875,240,Refinancing,2021-09-03,103.19,102.065,Bank of Americans,10250.00000000001,Securitization (UMBS),103.19,3710.500000000001,0.0,6539.5,-3710.5
5026493,225000.0,2.99,360,Refinancing,2021-09-04,103.19,101.065,Bank of Americans,11250.00000000001,Securitization (UMBS),103.19,4072.5,0.0,7177.5,-4072.5
5026814,125000.0,2.99,360,Refinancing,2021-09-04,103.19,100.94,Bank of Americans,6250.0000000000055,Securitization (UMBS),103.19,2262.5000000000005,0.0,3987.5,-2262.5
5026849,155000.0,3.125,180,Refinancing,2021-09-07,103.19,102.69,Bank of Americans,7750.000000000007,Securitization (UMBS),103.19,2805.500000000001,0.0,4944.5,-2805.5
5026883,245000.0,3.375,360,Home purchase,2021-09-07,105.0,0.0,Golden Sachs,12250.000000000011,Securitization (UMBS),105.0,0.0,0.0,12250.0,-0.0
5027105,265000.0,2.75,180,Cash-out refinance,2021-09-07,103.19,100.3775,Bank of Americans,13250.000000000011,Securitization (UMBS),103.19,4796.5,0.0,8453.5,-4796.5
5027119,405000.0,3.125,360,Cash-out refinance,2021-09-07,103.19,100.97125,Storgan Manley,20250.00000000002,Securitization (UMBS),103.19,7330.500000000002,0.0,12919.5,-7330.5
5027324,345000.0,3.375,360,Home purchase,2021-09-09,104.61,101.76625,Storgan Manley,17250.000000000015,Securitization (UMBS),104.61,1345.5000000000036,0.0,15904.5,-1345.5
5027336,445000.0,2.99,360,Refinancing,2021-09-11,103.19,100.815,Bank of Americans,22250.00000000002,Securitization (UMBS),103.19,8054.5,0.0,14195.5,-8054.5
5027407,195000.0,1.99,360,Refinancing,2021-09-11,100.93,98.555,Bank of Americans,9750.00000000001,Securitization (UMBS),100.93,7936.499999999993,0.0,1813.5,-7936.5
5028074,85000.0,2.75,180,Refinancing,2021-09-13,103.19,100.8775,Bank of Americans,4250.000000000004,Securitization (UMBS),103.19,1538.5000000000005,0.0,2711.5,-1538.5
5028144,175000.0,2.5,240,Home purchase,2021-09-13,99.88,97.5675,Bank of Americans,8750.000000000007,Securitization (UMBS),99.88,8960.000000000024,0.0,-210.0,-8960.0
5028303,765000.0,3.375,360,Cash-out refinance,2021-09-13,104.61,101.76625,Storgan Manley,38250.00000000004,Securitization (UMBS),104.61,2983.5000000000146,0.0,35266.5,-2983.5
5028361,275000.0,2.99,360,Refinancing,2021-09-13,103.19,100.815,Bank of Americans,13750.000000000013,Securitization (UMBS),103.19,4977.500000000002,0.0,8772.5,-4977.5
5028547,345000.0,2.75,360,Refinancing,2021-09-14,103.19,100.2525,Bank of Americans,17250.000000000015,Securitization (UMBS),103.19,6244.500000000002,0.0,11005.5,-6244.5
5028651,165000.0,2.625,180,Refinancing,2021-09-14,99.88,97.5675,Bank of Americans,8250.000000000007,Securitization (UMBS),99.88,8448.000000000022,0.0,-198.0,-8448.0
5028702,195000.0,2.99,240,Refinancing,2021-09-14,103.19,99.97125,Storgan Manley,9750.00000000001,Securitization (UMBS),103.19,3529.500000000002,0.0,6220.5,-3529.5
5028716,305000.0,3.125,360,Cash-out refinance,2021-09-15,103.19,100.34625,Storgan Manley,15250.000000000013,Securitization (UMBS),103.19,5520.5,0.0,9729.5,-5520.5
5028856,105000.0,1.75,180,Home purchase,2021-09-16,97.45,96.325,Bank of Americans,5250.000000000005,Securitization (UMBS),97.45,7927.500000000001,0.0,-2677.5,-7927.5
5029025,205000.0,2.625,180,Home purchase,2021-08-25,99.88,97.63,Bank of Americans,10250.00000000001,Securitization (UMBS),99.88,10496.000000000027,0.0,-246.0,-10496.0
5029173,235000.0,1.99,132,Refinancing,2021-09-04,97.45,94.825,Bank of Americans,11750.000000000011,Securitization (UMBS),97.45,17742.500000000004,0.0,-5992.5,-17742.5
5029231,585000.0,2.69,360,Refinancing,2021-09-10,103.03,101.405,Bank of Americans,29250.000000000025,Securitization (UMBS),103.03,11524.50000000003,0.0,17725.5,-11524.5
5029285,115000.0,2.99,96,Cash-out refinance,2021-09-17,103.19,99.8775,Bank of Americans,5750.0000000000055,Securitization (UMBS),103.19,2081.500000000001,0.0,3668.5,-2081.5
5029308,315000.0,2.99,360,Refinancing,2021-08-24,103.19,100.7525,Bank of Americans,15750.000000000015,Securitization (UMBS),103.19,5701.500000000002,0.0,10048.5,-5701.5
5029362,95000.0,3.375,360,Refinancing,2021-08-27,104.61,102.6725,Bank of Americans,4750.000000000005,Securitization (UMBS),104.61,370.5000000000018,0.0,4379.5,-370.5
5029457,335000.0,3.625,360,Cash-out refinance,2021-08-28,104.61,101.6725,Bank of Americans,16750.000000000015,Securitization (UMBS),104.61,1306.5000000000055,0.0,15443.5,-1306.5
5029523,145000.0,2.375,180,Refinancing,2021-08-30,99.88,97.4425,Bank of Americans,7250.000000000006,Securitization (UMBS),99.88,7424.000000000019,0.0,-174.0,-7424.0
5029536,145000.0,2.375,120,Refinancing,2021-08-31,99.88,97.4425,Bank of Americans,7250.000000000006,Securitization (UMBS),99.88,7424.000000000019,0.0,-174.0,-7424.0
5029582,1505000.0,2.75,360,Home purchase,2021-08-31,103.19,101.2525,Bank of Americans,75250.00000000007,Securitization (UMBS),103.19,27240.500000000015,0.0,48009.5,-27240.5
5029597,205000.0,2.75,180,Cash-out refinance,2021-08-31,103.19,100.7525,Bank of Americans,10250.00000000001,Securitization (UMBS),103.19,3710.500000000001,0.0,6539.5,-3710.5
5030022,335000.0,2.99,360,Cash-out refinance,2021-09-01,104.17,101.7325,Bank of Americans,16750.000000000015,Securitization (UMBS),104.17,2780.499999999991,0.0,13969.5,-2780.5
5030399,595000.0,2.5,360,Refinancing,2021-09-01,99.88,97.4425,Bank of Americans,29750.000000000025,Securitization (UMBS),99.88,30464.00000000008,0.0,-714.0,-30464.0
5030496,265000.0,1.99,180,Refinancing,2021-09-02,97.45,94.48125,Storgan Manley,13250.000000000011,Securitization (UMBS),97.45,20007.5,0.0,-6757.5,-20007.5
5030935,855000.0,2.75,360,Refinancing,2021-09-02,103.19,101.34625,Storgan Manley,42750.00000000004,Securitization (UMBS),103.19,15475.500000000004,0.0,27274.5,-15475.5
5030956,435000.0,2.99,360,Cash-out refinance,2021-09-02,103.19,100.7525,Bank of Americans,21750.00000000002,Securitization (UMBS),103.19,7873.500000000002,0.0,13876.5,-7873.5
5030965,395000.0,2.25,360,Refinancing,2021-09-02,99.88,97.9425,Bank of Americans,19750.00000000002,Securitization (UMBS),99.88,20224.000000000055,0.0,-474.0,-20224.0
5031073,125000.0,3.5,300,Cash-out refinance,2021-09-03,104.61,102.1725,Bank of Americans,6250.0000000000055,Securitization (UMBS),104.61,487.5000000000018,0.0,5762.5,-487.5
5031137,195000.0,2.99,360,Refinancing,2021-09-03,103.19,100.1275,Bank of Americans,9750.00000000001,Securitization (UMBS),103.19,3529.500000000002,0.0,6220.5,-3529.5
5031202,165000.0,2.94,360,Cash-out refinance,2021-09-03,103.19,100.84625,Storgan Manley,8250.000000000007,Securitization (UMBS),103.19,2986.500000000001,0.0,5263.5,-2986.5
5031216,185000.0,2.25,180,Cash-out refinance,2021-09-03,99.88,96.91125,Storgan Manley,9250.00000000001,Securitization (UMBS),99.88,9472.000000000025,0.0,-222.0,-9472.0
5031287,215000.0,3.375,324,Refinancing,2021-09-03,104.61,103.36,Bank of Americans,10750.00000000001,Securitization (UMBS),104.61,838.5000000000018,0.0,9911.5,-838.5
5032070,215000.0,2.99,360,Home purchase,2021-09-04,103.19,100.815,Bank of Americans,10750.00000000001,Securitization (UMBS),103.19,3891.500000000001,0.0,6858.5,-3891.5
5032244,405000.0,2.875,360,Cash-out refinance,2021-09-06,103.19,101.44,Bank of Americans,20250.00000000002,Securitization (UMBS),103.19,7330.500000000002,0.0,12919.5,-7330.5
5032436,275000.0,2.69,360,Refinancing,2021-09-07,99.88,98.13,Bank of Americans,13750.000000000013,Securitization (UMBS),99.88,14080.000000000038,0.0,-330.0,-14080.0
5032476,355000.0,3.25,360,Home purchase,2021-09-08,105.0,101.9375,Bank of Americans,17750.000000000015,Securitization (UMBS),105.0,0.0,0.0,17750.0,-0.0
5032608,295000.0,2.375,96,Cash-out refinance,2021-09-08,103.03,99.5925,Bank of Americans,14750.000000000013,Securitization (UMBS),103.03,5811.500000000015,0.0,8938.5,-5811.5
5032633,255000.0,3.375,360,Cash-out refinance,2021-09-09,104.61,101.5475,Bank of Americans,12750.000000000011,Securitization (UMBS),104.61,994.5000000000036,0.0,11755.5,-994.5
5032722,515000.0,3.44,360,Refinancing,2021-09-09,105.0,102.5625,Bank of Americans,25750.000000000022,Securitization (UMBS),105.0,0.0,0.0,25750.0,-0.0
5033031,285000.0,3.375,360,Cash-out refinance,2021-09-10,104.61,101.4225,Bank of Americans,14250.000000000013,Securitization (UMBS),104.61,1111.5000000000036,0.0,13138.5,-1111.5
5033211,275000.0,3.375,360,Refinancing,2021-09-11,104.61,101.5475,Bank of Americans,13750.000000000013,Securitization (UMBS),104.61,1072.5000000000036,0.0,12677.5,-1072.5
5033283,175000.0,2.875,360,Cash-out refinance,2021-09-13,103.19,100.84625,Storgan Manley,8750.000000000007,Securitization (UMBS),103.19,3167.5,0.0,5582.5,-3167.5
5033442,115000.0,2.25,180,Refinancing,2021-09-14,99.88,96.91125,Storgan Manley,5750.0000000000055,Securitization (UMBS),99.88,5888.0000000000155,0.0,-138.0,-5888.0
5033779,235000.0,2.99,360,Home purchase,2021-09-14,103.19,101.34625,Storgan Manley,11750.000000000011,Securitization (UMBS),103.19,4253.500000000002,0.0,7496.5,-4253.5
5033885,225000.0,2.75,360,Refinancing,2021-09-14,103.19,101.44,Bank of Americans,11250.00000000001,Securitization (UMBS),103.19,4072.5,0.0,7177.5,-4072.5
5033947,135000.0,3.25,360,Cash-out refinance,2021-09-14,104.61,102.1725,Bank of Americans,6750.000000000006,Securitization (UMBS),104.61,526.5000000000027,0.0,6223.5,-526.5
5033958,145000.0,2.125,108,Refinancing,2021-09-15,97.45,95.0125,Bank of Americans,7250.000000000006,Securitization (UMBS),97.45,10947.500000000002,0.0,-3697.5,-10947.5
5034125,155000.0,2.5,180,Cash-out refinance,2021-09-15,99.88,97.8175,Bank of Americans,7750.000000000007,Securitization (UMBS),99.88,7936.000000000021,0.0,-186.0,-7936.0
5034500,175000.0,2.875,360,Refinancing,2021-09-16,103.19,100.7525,Bank of Americans,8750.000000000007,Securitization (UMBS),103.19,3167.5,0.0,5582.5,-3167.5
5034501,1685000.0,2.875,360,Home purchase,2021-09-16,104.17,102.32625,Storgan Manley,84250.00000000007,Securitization (UMBS),104.17,13985.499999999956,0.0,70264.5,-13985.5
5034506,225000.0,3.75,360,Cash-out refinance,2021-09-17,105.77,103.42625,Storgan Manley,11250.00000000001,Securitization (UMBS),105.77,-1732.49999999996,0.0,12982.5,1732.5
5034599,195000.0,2.99,360,Refinancing,2021-09-17,103.19,101.22125,Storgan Manley,9750.00000000001,Securitization (UMBS),103.19,3529.500000000002,0.0,6220.5,-3529.5
5034923,195000.0,3.375,360,Refinancing,2021-08-23,105.0,102.65625,Storgan Manley,9750.00000000001,Securitization (UMBS),105.0,0.0,0.0,9750.0,-0.0
5034946,425000.0,2.99,360,Cash-out refinance,2021-08-26,103.19,99.84625,Storgan Manley,21250.00000000002,Securitization (UMBS),103.19,7692.500000000002,0.0,13557.5,-7692.5
5035225,305000.0,2.375,180,Refinancing,2021-08-26,103.03,100.18625,Storgan Manley,15250.000000000013,Securitization (UMBS),103.03,6008.500000000015,0.0,9241.5,-6008.5
5035580,165000.0,2.99,360,Refinancing,2021-08-28,103.19,99.84625,Storgan Manley,8250.000000000007,Securitization (UMBS),103.19,2986.500000000001,0.0,5263.5,-2986.5
5035637,305000.0,2.75,360,Refinancing,2021-09-01,103.19,101.44,Bank of Americans,15250.000000000013,Securitization (UMBS),103.19,5520.5,0.0,9729.5,-5520.5
5035707,425000.0,2.875,360,Home purchase,2021-09-01,103.19,101.2525,Bank of Americans,21250.00000000002,Securitization (UMBS),103.19,7692.500000000002,0.0,13557.5,-7692.5
5035724,185000.0,2.99,360,Cash-out refinance,2021-09-01,104.17,101.2325,Bank of Americans,9250.00000000001,Securitization (UMBS),104.17,1535.4999999999964,0.0,7714.5,-1535.5
5035964,205000.0,2.99,312,Refinancing,2021-09-01,103.19,101.44,Bank of Americans,10250.00000000001,Securitization (UMBS),103.19,3710.500000000001,0.0,6539.5,-3710.5
5036448,115000.0,2.99,360,Refinancing,2021-09-01,103.19,101.315,Bank of Americans,5750.0000000000055,Securitization (UMBS),103.19,2081.500000000001,0.0,3668.5,-2081.5
5036450,435000.0,2.75,360,Cash-out refinance,2021-09-01,103.19,100.815,Bank of Americans,21750.00000000002,Securitization (UMBS),103.19,7873.500000000002,0.0,13876.5,-7873.5
5036479,355000.0,2.99,360,Cash-out refinance,2021-09-01,104.17,100.6075,Golden Sachs,17750.000000000015,Securitization (UMBS),104.17,2946.499999999989,0.0,14803.5,-2946.5
5036499,195000.0,2.99,96,Cash-out refinance,2021-09-01,103.19,100.22125,Storgan Manley,9750.00000000001,Securitization (UMBS),103.19,3529.500000000002,0.0,6220.5,-3529.5
5036613,145000.0,3.375,360,Cash-out refinance,2021-09-02,105.0,103.125,Bank of Americans,7250.000000000006,Securitization (UMBS),105.0,0.0,0.0,7250.0,-0.0
5036621,155000.0,3.25,360,Cash-out refinance,2021-09-02,104.61,101.4225,Golden Sachs,7750.000000000007,Securitization (UMBS),104.61,604.5000000000027,0.0,7145.5,-604.5
5036648,565000.0,2.5,360,Cash-out refinance,2021-09-02,103.03,101.06125,Storgan Manley,28250.000000000025,Securitization (UMBS),103.03,11130.50000000003,0.0,17119.5,-11130.5
5036688,305000.0,2.99,360,Home purchase,2021-09-02,103.19,0.0,Golden Sachs,15250.000000000013,Securitization (UMBS),103.19,5520.5,0.0,9729.5,-5520.5
5036695,295000.0,2.99,360,Home purchase,2021-09-03,103.19,101.22125,Storgan Manley,14750.000000000013,Securitization (UMBS),103.19,5339.500000000002,0.0,9410.5,-5339.5
5036765,355000.0,2.99,312,Refinancing,2021-09-03,103.19,101.94,Bank of Americans,17750.000000000015,Securitization (UMBS),103.19,6425.5,0.0,11324.5,-6425.5
5037004,245000.0,1.99,180,Refinancing,2021-09-04,97.45,94.825,Golden Sachs,12250.000000000011,Securitization (UMBS),97.45,18497.500000000004,0.0,-6247.5,-18497.5
5037180,355000.0,3.25,360,Home purchase,2021-09-06,104.61,101.4225,Golden Sachs,17750.000000000015,Securitization (UMBS),104.61,1384.5000000000036,0.0,16365.5,-1384.5
5037243,285000.0,2.625,180,Cash-out refinance,2021-09-06,99.88,97.3175,Golden Sachs,14250.000000000013,Securitization (UMBS),99.88,14592.000000000038,0.0,-342.0,-14592.0
5037370,345000.0,3.375,360,Cash-out refinance,2021-09-07,104.61,102.0475,Golden Sachs,17250.000000000015,Securitization (UMBS),104.61,1345.5000000000036,0.0,15904.5,-1345.5
5037371,95000.0,3.5,360,Refinancing,2021-09-07,104.61,102.14125,Storgan Manley,4750.000000000005,Securitization (UMBS),104.61,370.5000000000018,0.0,4379.5,-370.5
5037462,185000.0,3.25,360,Refinancing,2021-09-08,104.61,102.64125,Storgan Manley,9250.00000000001,Securitization (UMBS),104.61,721.5000000000036,0.0,8528.5,-721.5
5024041,225000.0,2.875,360,Refinancing,2021-09-09,103.19,100.22125,Storgan Manley,11250.00000000001,Securitization (UMBS),103.19,4072.5,0.0,7177.5,-4072.5
5024117,195000.0,2.5,96,Refinancing,2021-09-09,99.88,97.38,Bank of Americans,9750.00000000001,Securitization (UMBS),99.88,9984.000000000027,0.0,-234.0,-9984.0
5024257,175000.0,2.875,360,Refinancing,2021-09-10,103.19,101.815,Bank of Americans,8750.000000000007,Securitization (UMBS),103.19,3167.5,0.0,5582.5,-3167.5
5024265,185000.0,2.875,240,Refinancing,2021-09-10,103.19,100.815,Bank of Americans,9250.00000000001,Securitization (UMBS),103.19,3348.500000000002,0.0,5901.5,-3348.5
5024267,525000.0,2.875,360,Cash-out refinance,2021-09-10,103.19,100.0025,Golden Sachs,26250.000000000022,Securitization (UMBS),103.19,9502.5,0.0,16747.5,-9502.5
5024345,405000.0,2.25,360,Refinancing,2021-09-10,103.03,99.4675,Golden Sachs,20250.00000000002,Securitization (UMBS),103.03,7978.50000000002,0.0,12271.5,-7978.5
5024420,105000.0,2.99,180,Refinancing,2021-09-10,103.19,100.0025,Golden Sachs,5250.000000000005,Securitization (UMBS),103.19,1900.5000000000005,0.0,3349.5,-1900.5
5024432,95000.0,3.375,360,Refinancing,2021-09-10,104.61,102.14125,Storgan Manley,4750.000000000005,Securitization (UMBS),104.61,370.5000000000018,0.0,4379.5,-370.5
5024443,205000.0,2.99,360,Refinancing,2021-09-11,103.19,99.72125,Storgan Manley,10250.00000000001,Securitization (UMBS),103.19,3710.500000000001,0.0,6539.5,-3710.5
5024500,1125000.0,2.75,360,Home purchase,2021-09-11,103.19,100.72125,Storgan Manley,56250.00000000005,Securitization (UMBS),103.19,20362.500000000007,0.0,35887.5,-20362.5
5024509,295000.0,1.99,120,Cash-out refinance,2021-09-13,97.45,95.575,Bank of Americans,14750.000000000013,Securitization (UMBS),97.45,22272.500000000004,0.0,-7522.5,-22272.5
5024529,105000.0,3.75,360,Cash-out refinance,2021-09-13,105.77,103.27,Bank of Americans,5250.000000000005,Securitization (UMBS),105.77,-808.4999999999809,0.0,6058.5,808.5
5024550,155000.0,2.875,240,Refinancing,2021-09-14,103.19,100.97125,Storgan Manley,7750.000000000007,Securitization (UMBS),103.19,2805.500000000001,0.0,4944.5,-2805.5
5024579,395000.0,2.875,360,Home purchase,2021-09-15,103.19,100.2525,Bank of Americans,19750.00000000002,Securitization (UMBS),103.19,7149.500000000002,0.0,12600.5,-7149.5
5024593,85000.0,2.25,120,Refinancing,2021-09-15,99.88,96.4425,Bank of Americans,4250.000000000004,Securitization (UMBS),99.88,4352.000000000011,0.0,-102.0,-4352.0
5024704,135000.0,3.25,360,Refinancing,2021-09-16,104.61,102.6725,Bank of Americans,6750.000000000006,Securitization (UMBS),104.61,526.5000000000027,0.0,6223.5,-526.5
5024708,125000.0,2.625,180,Cash-out refinance,2021-09-16,99.88,99.03625,Storgan Manley,6250.0000000000055,Securitization (UMBS),99.88,6400.000000000016,0.0,-150.0,-6400.0
5024727,105000.0,2.75,360,Cash-out refinance,2021-09-16,103.19,101.34625,Storgan Manley,5250.000000000005,Securitization (UMBS),103.19,1900.5000000000005,0.0,3349.5,-1900.5
5024736,165000.0,2.25,180,Refinancing,2021-09-17,99.88,97.5675,Bank of Americans,8250.000000000007,Securitization (UMBS),99.88,8448.000000000022,0.0,-198.0,-8448.0
5024770,255000.0,2.5,240,Refinancing,2021-09-17,103.03,102.4675,Golden Sachs,12750.000000000011,Securitization (UMBS),103.03,5023.500000000013,0.0,7726.5,-5023.5
5024789,215000.0,2.625,180,Refinancing,2021-09-15,99.88,98.84875,Storgan Manley,10750.00000000001,Securitization (UMBS),99.88,11008.00000000003,0.0,-258.0,-11008.0
5024857,155000.0,2.75,360,Refinancing,2021-09-15,103.19,101.34625,Storgan Manley,7750.000000000007,Securitization (UMBS),103.19,2805.500000000001,0.0,4944.5,-2805.5
5024879,135000.0,3.125,360,Refinancing,2021-08-24,104.17,102.88875,Storgan Manley,6750.000000000006,Securitization (UMBS),104.17,1120.4999999999973,0.0,5629.5,-1120.5
5024882,325000.0,2.99,360,Cash-out refinance,2021-08-26,103.19,101.2525,Bank of Americans,16250.000000000015,Securitization (UMBS),103.19,5882.500000000002,0.0,10367.5,-5882.5
5024917,145000.0,2.99,360,Cash-out refinance,2021-08-26,103.19,100.84625,Storgan Manley,7250.000000000006,Securitization (UMBS),103.19,2624.500000000001,0.0,4625.5,-2624.5
5024929,115000.0,2.99,360,Cash-out refinance,2021-08-26,103.19,101.815,Bank of Americans,5750.0000000000055,Securitization (UMBS),103.19,2081.500000000001,0.0,3668.5,-2081.5
5025092,305000.0,1.625,360,Other,2021-08-27,94.98,93.13625,Storgan Manley,15250.000000000013,Securitization (UMBS),94.98,30560.999999999985,0.0,-15311.0,-30561.0
5025118,295000.0,2.25,180,Refinancing,2021-08-30,99.88,99.53625,Storgan Manley,14750.000000000013,Securitization (UMBS),99.88,15104.00000000004,0.0,-354.0,-15104.0
5025282,165000.0,2.125,120,Refinancing,2021-09-01,100.93,98.93,Bank of Americans,8250.000000000007,Securitization (UMBS),100.93,6715.499999999993,0.0,1534.5,-6715.5
5025359,175000.0,2.125,180,Refinancing,2021-09-01,97.45,95.23125,Storgan Manley,8750.000000000007,Securitization (UMBS),97.45,13212.500000000002,0.0,-4462.5,-13212.5
5025392,315000.0,3.5,360,Cash-out refinance,2021-09-02,104.61,102.6725,Bank of Americans,15750.000000000015,Securitization (UMBS),104.61,1228.5000000000055,0.0,14521.5,-1228.5
5025420,175000.0,2.99,360,Refinancing,2021-09-02,103.19,102.84625,Storgan Manley,8750.000000000007,Securitization (UMBS),103.19,3167.5,0.0,5582.5,-3167.5
5025429,495000.0,2.25,240,Refinancing,2021-09-02,99.88,98.72375,Storgan Manley,24750.000000000022,Securitization (UMBS),99.88,25344.000000000065,0.0,-594.0,-25344.0
5025455,1215000.0,3.5,360,Home purchase,2021-09-02,105.0,102.78125,Storgan Manley,60750.00000000005,Securitization (UMBS),105.0,0.0,0.0,60750.0,-0.0
5025459,125000.0,3.375,360,Home purchase,2021-09-03,104.61,104.14125,Storgan Manley,6250.0000000000055,Securitization (UMBS),104.61,487.5000000000018,0.0,5762.5,-487.5
5025469,275000.0,3.25,360,Home improvement,2021-09-03,104.61,103.36,Bank of Americans,13750.000000000013,Securitization (UMBS),104.61,1072.5000000000036,0.0,12677.5,-1072.5
5025538,385000.0,2.99,360,Home purchase,2021-09-03,104.17,103.32625,Storgan Manley,19250.00000000002,Securitization (UMBS),104.17,3195.499999999991,0.0,16054.5,-3195.5
5025546,195000.0,3.25,360,Refinancing,2021-09-04,104.61,102.76625,Storgan Manley,9750.00000000001,Securitization (UMBS),104.61,760.5000000000036,0.0,8989.5,-760.5
5025551,425000.0,3.125,360,Cash-out refinance,2021-09-06,103.19,101.65875,Storgan Manley,21250.00000000002,Securitization (UMBS),103.19,7692.500000000002,0.0,13557.5,-7692.5
5025620,135000.0,3.375,360,Cash-out refinance,2021-09-08,104.61,105.4225,Bank of Americans,6750.000000000006,Whole Loan Sale,105.4225,526.5000000000027,0.0,7320.37,570.37
5025651,155000.0,2.5,180,Cash-out refinance,2021-09-08,99.88,99.41125,Storgan Manley,7750.000000000007,Securitization (UMBS),99.88,7936.000000000021,0.0,-186.0,-7936.0
5025791,425000.0,2.99,360,Home purchase,2021-09-08,103.19,102.72125,Storgan Manley,21250.00000000002,Securitization (UMBS),103.19,7692.500000000002,0.0,13557.5,-7692.5
5025799,255000.0,2.75,144,Refinancing,2021-09-08,103.19,100.2525,Bank of Americans,12750.000000000011,Securitization (UMBS),103.19,4615.500000000001,0.0,8134.5,-4615.5
5025871,335000.0,2.25,180,Refinancing,2021-09-13,99.88,100.09875,Storgan Manley,16750.000000000015,Whole Loan Sale,100.09875,17152.000000000044,0.0,330.81,-16419.19
5025925,255000.0,2.99,360,Refinancing,2021-09-13,103.19,101.3775,Bank of Americans,12750.000000000011,Securitization (UMBS),103.19,4615.500000000001,0.0,8134.5,-4615.5
5025951,555000.0,3.25,360,Cash-out refinance,2021-09-13,104.61,102.39125,Storgan Manley,27750.000000000025,Securitization (UMBS),104.61,2164.5000000000073,0.0,25585.5,-2164.5
5025957,145000.0,2.625,180,Refinancing,2021-09-13,99.88,98.03625,Storgan Manley,7250.000000000006,Securitization (UMBS),99.88,7424.000000000019,0.0,-174.0,-7424.0
5025987,105000.0,2.99,240,Refinancing,2021-09-14,103.19,102.34625,Storgan Manley,5250.000000000005,Securitization (UMBS),103.19,1900.5000000000005,0.0,3349.5,-1900.5
5026007,605000.0,2.99,360,Refinancing,2021-09-14,103.19,102.84625,Storgan Manley,30250.000000000025,Securitization (UMBS),103.19,10950.5,0.0,19299.5,-10950.5
5026008,225000.0,3.375,360,Home purchase,2021-09-14,104.61,104.9225,Bank of Americans,11250.00000000001,Whole Loan Sale,104.9225,877.5000000000018,0.0,11075.62,-174.38
5026089,145000.0,3.625,360,Home purchase,2021-09-14,104.61,104.14125,Storgan Manley,7250.000000000006,Securitization (UMBS),104.61,565.5000000000018,0.0,6684.5,-565.5
5026099,155000.0,3.25,360,Refinancing,2021-09-14,104.61,102.39125,Storgan Manley,7750.000000000007,Securitization (UMBS),104.61,604.5000000000027,0.0,7145.5,-604.5
5026107,305000.0,2.99,360,Refinancing,2021-09-14,103.19,104.0025,Bank of Americans,15250.000000000013,Whole Loan Sale,104.0025,5520.5,0.0,12207.62,-3042.38
5026207,155000.0,3.375,360,Cash-out refinance,2021-09-16,105.0,102.78125,Storgan Manley,7750.000000000007,Securitization (UMBS),105.0,0.0,0.0,7750.0,-0.0
5026229,215000.0,2.99,360,Refinancing,2021-09-17,103.19,101.815,Bank of Americans,10750.00000000001,Securitization (UMBS),103.19,3891.500000000001,0.0,6858.5,-3891.5
5026252,245000.0,2.625,180,Cash-out refinance,2021-09-17,99.88,100.09875,Storgan Manley,12250.000000000011,Whole Loan Sale,100.09875,12544.000000000033,0.0,241.94,-12008.06
5026260,185000.0,2.875,240,Refinancing,2021-09-17,103.19,100.84625,Storgan Manley,9250.00000000001,Securitization (UMBS),103.19,3348.500000000002,0.0,5901.5,-3348.5
5026370,305000.0,2.875,240,Refinancing,2021-09-17,104.17,104.9825,Bank of Americans,15250.000000000013,Whole Loan Sale,104.9825,2531.499999999991,0.0,15196.63,-53.38
5026376,85000.0,2.5,180,Refinancing,2021-09-13,99.88,99.59875,Storgan Manley,4250.000000000004,Securitization (UMBS),99.88,4352.000000000011,0.0,-102.0,-4352.0
5026446,475000.0,2.75,360,Refinancing,2021-08-23,104.17,103.13875,Storgan Manley,23750.000000000022,Securitization (UMBS),104.17,3942.499999999989,0.0,19807.5,-3942.5
5026459,235000.0,2.99,240,Refinancing,2021-08-24,103.19,102.22125,Storgan Manley,11750.000000000011,Securitization (UMBS),103.19,4253.500000000002,0.0,7496.5,-4253.5
5026699,255000.0,2.5,240,Refinancing,2021-08-25,103.03,101.28,Bank of Americans,12750.000000000011,Securitization (UMBS),103.03,5023.500000000013,0.0,7726.5,-5023.5
5026717,115000.0,3.25,360,Cash-out refinance,2021-08-26,104.61,102.1725,Bank of Americans,5750.0000000000055,Securitization (UMBS),104.61,448.5000000000018,0.0,5301.5,-448.5
5026741,145000.0,3.125,360,Refinancing,2021-08-27,103.19,0.0,Golden Sachs,7250.000000000006,Securitization (UMBS),103.19,2624.500000000001,0.0,4625.5,-2624.5
5026873,125000.0,3.375,360,Cash-out refinance,2021-08-27,104.61,102.95375,Storgan Manley,6250.0000000000055,Securitization (UMBS),104.61,487.5000000000018,0.0,5762.5,-487.5
5026898,135000.0,2.625,180,Refinancing,2021-08-31,99.88,98.03625,Storgan Manley,6750.000000000006,Securitization (UMBS),99.88,6912.000000000018,0.0,-162.0,-6912.0
5026904,575000.0,3.44,360,Home purchase,2021-09-01,104.61,104.01625,Storgan Manley,28750.000000000025,Securitization (UMBS),104.61,2242.5000000000073,1513.86,26507.5,-2242.5
5026919,355000.0,2.75,360,Refinancing,2021-09-01,103.19,100.7525,Bank of Americans,17750.000000000015,Securitization (UMBS),103.19,6425.5,0.0,11324.5,-6425.5
5026931,65000.0,3.125,360,Home purchase,2021-09-01,103.19,101.47125,Storgan Manley,3250.0000000000027,Securitization (UMBS),103.19,1176.5,0.0,2073.5,-1176.5
5026941,155000.0,2.75,180,Refinancing,2021-09-02,103.19,102.34625,Storgan Manley,7750.000000000007,Securitization (UMBS),103.19,2805.500000000001,0.0,4944.5,-2805.5
5027010,145000.0,3.375,360,Cash-out refinance,2021-09-02,104.61,104.11,Bank of Americans,7250.000000000006,Securitization (UMBS),104.61,565.5000000000018,0.0,6684.5,-565.5
5027099,485000.0,3.375,360,Cash-out refinance,2021-09-03,104.61,103.76625,Storgan Manley,24250.000000000022,Securitization (UMBS),104.61,1891.5000000000073,0.0,22358.5,-1891.5
5027164,145000.0,2.625,132,Refinancing,2021-09-03,99.88,99.41125,Storgan Manley,7250.000000000006,Securitization (UMBS),99.88,7424.000000000019,0.0,-174.0,-7424.0
5027165,525000.0,2.875,360,Home purchase,2021-09-03,103.19,101.1275,Golden Sachs,26250.000000000022,Securitization (UMBS),103.19,9502.5,0.0,16747.5,-9502.5
5027244,545000.0,1.99,180,Refinancing,2021-09-03,97.45,95.6375,Bank of Americans,27250.000000000025,Securitization (UMBS),97.45,41147.50000000001,0.0,-13897.5,-41147.5
5027270,265000.0,2.99,360,Home purchase,2021-09-03,103.19,101.2525,Bank of Americans,13250.000000000011,Securitization (UMBS),103.19,4796.5,0.0,8453.5,-4796.5
5027297,385000.0,2.625,240,Refinancing,2021-09-04,99.88,98.72375,Storgan Manley,19250.00000000002,Securitization (UMBS),99.88,19712.000000000055,0.0,-462.0,-19712.0
5027312,125000.0,2.875,360,Home purchase,2021-09-04,103.19,101.47125,Storgan Manley,6250.0000000000055,Securitization (UMBS),103.19,2262.5000000000005,0.0,3987.5,-2262.5
5027451,185000.0,2.25,180,Refinancing,2021-09-04,103.03,101.99875,PJ Logan,9250.00000000001,Securitization (UMBS),103.03,3644.50000000001,0.0,5605.5,-3644.5
5027479,475000.0,2.75,360,Refinancing,2021-09-04,103.19,102.90875,Storgan Manley,23750.000000000022,Securitization (UMBS),103.19,8597.500000000004,0.0,15152.5,-8597.5
5027709,105000.0,2.75,132,Cash-out refinance,2021-09-04,104.17,102.20125,Storgan Manley,5250.000000000005,Securitization (UMBS),104.17,871.4999999999973,0.0,4378.5,-871.5
5027715,115000.0,3.25,360,Refinancing,2021-09-06,104.61,105.4225,Bank of Americans,5750.0000000000055,Whole Loan Sale,105.4225,448.5000000000018,0.0,6235.87,485.87
5027774,415000.0,2.75,360,Refinancing,2021-09-07,103.19,103.40875,Storgan Manley,20750.00000000002,Whole Loan Sale,103.40875,7511.500000000002,0.0,14146.31,-6603.69
5027793,175000.0,3.75,360,Other,2021-09-08,105.77,104.52,Bank of Americans,8750.000000000007,Securitization (UMBS),105.77,-1347.499999999969,0.0,10097.5,1347.5
5027838,155000.0,3.25,360,Cash-out refinance,2021-09-08,104.61,104.14125,Storgan Manley,7750.000000000007,Securitization (UMBS),104.61,604.5000000000027,0.0,7145.5,-604.5
5027942,155000.0,2.99,240,Refinancing,2021-09-09,104.17,103.82625,Storgan Manley,7750.000000000007,Securitization (UMBS),104.17,1286.4999999999964,0.0,6463.5,-1286.5
5027974,135000.0,2.5,144,Refinancing,2021-09-09,99.88,99.28625,Storgan Manley,6750.000000000006,Securitization (UMBS),99.88,6912.000000000018,0.0,-162.0,-6912.0
5028067,525000.0,2.375,360,Refinancing,2021-09-10,99.88,97.5675,Bank of Americans,26250.000000000022,Securitization (UMBS),99.88,26880.00000000007,0.0,-630.0,-26880.0
5028108,165000.0,3.75,360,Cash-out refinance,2021-09-10,105.77,103.42625,Storgan Manley,8250.000000000007,Securitization (UMBS),105.77,-1270.499999999971,0.0,9520.5,1270.5
5028148,105000.0,2.99,360,Refinancing,2021-09-13,103.19,101.1275,Golden Sachs,5250.000000000005,Securitization (UMBS),103.19,1900.5000000000005,0.0,3349.5,-1900.5
5028162,245000.0,2.25,96,Cash-out refinance,2021-09-13,99.88,98.505,Bank of Americans,12250.000000000011,Securitization (UMBS),99.88,12544.000000000033,0.0,-294.0,-12544.0
5028184,465000.0,2.99,360,Cash-out refinance,2021-09-13,103.19,102.34625,Storgan Manley,23250.000000000022,Securitization (UMBS),103.19,8416.500000000004,0.0,14833.5,-8416.5
5028202,365000.0,2.875,360,Home purchase,2021-09-14,104.17,103.70125,Storgan Manley,18250.000000000015,Securitization (UMBS),104.17,3029.499999999989,0.0,15220.5,-3029.5
5028325,625000.0,3.19,360,Home purchase,2021-09-14,103.19,102.72125,Storgan Manley,31250.00000000003,Securitization (UMBS),103.19,11312.500000000004,0.0,19937.5,-11312.5
5028341,125000.0,3.25,360,Refinancing,2021-09-14,104.61,102.7975,Bank of Americans,6250.0000000000055,Securitization (UMBS),104.61,487.5000000000018,0.0,5762.5,-487.5
5028351,345000.0,2.625,360,Home purchase,2021-09-14,99.88,97.5675,Bank of Americans,17250.000000000015,Securitization (UMBS),99.88,17664.000000000047,0.0,-414.0,-17664.0
5028372,305000.0,2.75,360,Cash-out refinance,2021-09-14,103.19,102.90875,Storgan Manley,15250.000000000013,Securitization (UMBS),103.19,5520.5,0.0,9729.5,-5520.5
5028388,415000.0,2.5,240,Refinancing,2021-09-16,99.88,97.755,Bank of Americans,20750.00000000002,Securitization (UMBS),99.88,21248.000000000055,0.0,-498.0,-21248.0
5028561,395000.0,2.99,360,Cash-out refinance,2021-09-16,103.19,101.34625,Storgan Manley,19750.00000000002,Securitization (UMBS),103.19,7149.500000000002,0.0,12600.5,-7149.5
5028594,95000.0,3.125,240,Cash-out refinance,2021-09-16,103.19,101.22125,Storgan Manley,4750.000000000005,Securitization (UMBS),103.19,1719.500000000001,0.0,3030.5,-1719.5
5028617,205000.0,3.375,360,Cash-out refinance,2021-09-17,105.0,102.5625,Bank of Americans,10250.00000000001,Securitization (UMBS),105.0,0.0,0.0,10250.0,-0.0
5028648,395000.0,2.99,360,Cash-out refinance,2021-09-17,103.19,102.22125,Storgan Manley,19750.00000000002,Securitization (UMBS),103.19,7149.500000000002,0.0,12600.5,-7149.5
5028704,385000.0,2.99,360,Cash-out refinance,2021-09-17,103.19,101.94,Bank of Americans,19250.00000000002,Securitization (UMBS),103.19,6968.500000000004,0.0,12281.5,-6968.5
5028766,105000.0,3.375,360,Refinancing,2021-09-17,104.61,102.51625,Storgan Manley,5250.000000000005,Securitization (UMBS),104.61,409.5000000000018,0.0,4840.5,-409.5
5028793,255000.0,2.5,240,Refinancing,2021-09-17,99.88,99.41125,Storgan Manley,12750.000000000011,Securitization (UMBS),99.88,13056.000000000035,0.0,-306.0,-13056.0
5028823,245000.0,2.99,360,Refinancing,2021-09-06,104.17,102.32625,Storgan Manley,12250.000000000011,Securitization (UMBS),104.17,2033.4999999999945,0.0,10216.5,-2033.5
5028860,55000.0,3.99,360,Other,2021-09-13,105.77,103.55125,Storgan Manley,2750.0000000000023,Securitization (UMBS),105.77,-423.49999999999,0.0,3173.5,423.5
5028912,305000.0,2.875,360,Refinancing,2021-08-24,103.19,101.315,Bank of Americans,15250.000000000013,Securitization (UMBS),103.19,5520.5,0.0,9729.5,-5520.5
5029149,315000.0,2.875,360,Cash-out refinance,2021-08-25,103.19,100.5025,Bank of Americans,15750.000000000015,Securitization (UMBS),103.19,5701.500000000002,0.0,10048.5,-5701.5
5029293,85000.0,2.75,180,Cash-out refinance,2021-08-26,103.19,102.84625,Storgan Manley,4250.000000000004,Securitization (UMBS),103.19,1538.5000000000005,0.0,2711.5,-1538.5
5029317,145000.0,2.75,324,Refinancing,2021-08-27,104.17,102.42,Bank of Americans,7250.000000000006,Securitization (UMBS),104.17,1203.4999999999964,0.0,6046.5,-1203.5
5029326,295000.0,2.75,360,Home purchase,2021-08-27,103.19,100.84625,Storgan Manley,14750.000000000013,Securitization (UMBS),103.19,5339.500000000002,0.0,9410.5,-5339.5
5029411,235000.0,3.25,360,Refinancing,2021-08-28,104.61,102.76625,Storgan Manley,11750.000000000011,Securitization (UMBS),104.61,916.5000000000036,0.0,10833.5,-916.5
5029453,125000.0,2.99,360,Cash-out refinance,2021-08-28,103.19,101.3775,Bank of Americans,6250.0000000000055,Securitization (UMBS),103.19,2262.5000000000005,0.0,3987.5,-2262.5
5029488,135000.0,2.875,360,Refinancing,2021-08-30,103.19,100.72125,Storgan Manley,6750.000000000006,Securitization (UMBS),103.19,2443.500000000001,0.0,4306.5,-2443.5
5029489,825000.0,2.125,360,Refinancing,2021-08-30,97.45,95.0125,Bank of Americans,41250.00000000004,Securitization (UMBS),97.45,62287.500000000015,0.0,-21037.5,-62287.5
5029571,95000.0,2.875,180,Other,2021-09-01,103.19,101.34625,Storgan Manley,4750.000000000005,Securitization (UMBS),103.19,1719.500000000001,0.0,3030.5,-1719.5
5029587,235000.0,2.625,240,Refinancing,2021-09-01,99.88,99.53625,Storgan Manley,11750.000000000011,Securitization (UMBS),99.88,12032.000000000033,0.0,-282.0,-12032.0
5029675,155000.0,2.99,180,Cash-out refinance,2021-09-01,103.19,101.53375,Storgan Manley,7750.000000000007,Securitization (UMBS),103.19,2805.500000000001,0.0,4944.5,-2805.5
5029676,245000.0,3.375,360,Refinancing,2021-09-01,105.0,104.53125,Storgan Manley,12250.000000000011,Securitization (UMBS),105.0,0.0,0.0,12250.0,-0.0
5029782,255000.0,2.875,240,Refinancing,2021-09-02,103.19,101.47125,Storgan Manley,12750.000000000011,Securitization (UMBS),103.19,4615.500000000001,0.0,8134.5,-4615.5
5029805,185000.0,2.99,360,Cash-out refinance,2021-09-02,103.19,101.565,Bank of Americans,9250.00000000001,Securitization (UMBS),103.19,3348.500000000002,0.0,5901.5,-3348.5
5029896,185000.0,2.125,180,Refinancing,2021-09-02,97.45,97.10625,Storgan Manley,9250.00000000001,Securitization (UMBS),97.45,13967.500000000004,0.0,-4717.5,-13967.5
5029986,315000.0,2.69,360,Refinancing,2021-09-02,103.03,101.87375,Storgan Manley,15750.000000000015,Securitization (UMBS),103.03,6205.500000000016,0.0,9544.5,-6205.5
5030003,205000.0,1.99,180,Cash-out refinance,2021-09-02,97.45,95.5125,Bank of Americans,10250.00000000001,Securitization (UMBS),97.45,15477.500000000004,0.0,-5227.5,-15477.5
5030028,235000.0,1.99,180,Refinancing,2021-09-02,97.45,95.7,Bank of Americans,11750.000000000011,Securitization (UMBS),97.45,17742.500000000004,0.0,-5992.5,-17742.5
5030064,125000.0,2.375,120,Refinancing,2021-09-04,99.88,99.41125,Storgan Manley,6250.0000000000055,Securitization (UMBS),99.88,6400.000000000016,0.0,-150.0,-6400.0
5030210,495000.0,2.69,312,Refinancing,2021-09-06,99.88,98.22375,Storgan Manley,24750.000000000022,Securitization (UMBS),99.88,25344.000000000065,0.0,-594.0,-25344.0
5030227,355000.0,2.875,240,Refinancing,2021-09-06,104.17,101.8575,Bank of Americans,17750.000000000015,Securitization (UMBS),104.17,2946.499999999989,0.0,14803.5,-2946.5
5030292,605000.0,2.875,360,Refinancing,2021-09-06,103.19,100.7525,Bank of Americans,30250.000000000025,Securitization (UMBS),103.19,10950.5,0.0,19299.5,-10950.5
5030351,215000.0,3.375,360,Home purchase,2021-09-07,104.61,102.7975,Bank of Americans,10750.00000000001,Securitization (UMBS),104.61,838.5000000000018,0.0,9911.5,-838.5
5030361,235000.0,2.75,180,Cash-out refinance,2021-09-07,103.19,100.84625,Storgan Manley,11750.000000000011,Securitization (UMBS),103.19,4253.500000000002,0.0,7496.5,-4253.5
5030409,435000.0,2.875,360,Cash-out refinance,2021-09-07,103.19,102.22125,Storgan Manley,21750.00000000002,Securitization (UMBS),103.19,7873.500000000002,0.0,13876.5,-7873.5
5030413,815000.0,2.5,180,Refinancing,2021-09-07,99.88,98.03625,Storgan Manley,40750.00000000004,Securitization (UMBS),99.88,41728.00000000011,0.0,-978.0,-41728.0
5030465,205000.0,2.99,360,Refinancing,2021-09-08,104.17,104.38875,Storgan Manley,10250.00000000001,Whole Loan Sale,104.38875,1701.4999999999945,0.0,8996.94,-1253.06
5030468,115000.0,3.125,240,Cash-out refinance,2021-09-08,103.19,101.84625,Storgan Manley,5750.0000000000055,Securitization (UMBS),103.19,2081.500000000001,0.0,3668.5,-2081.5
5030538,185000.0,3.25,324,Refinancing,2021-09-08,104.61,103.14125,Storgan Manley,9250.00000000001,Securitization (UMBS),104.61,721.5000000000036,0.0,8528.5,-721.5
5030667,175000.0,2.25,120,Refinancing,2021-09-09,99.88,99.03625,Storgan Manley,8750.000000000007,Securitization (UMBS),99.88,8960.000000000024,0.0,-210.0,-8960.0
5030812,215000.0,2.75,360,Refinancing,2021-09-09,103.19,102.15875,Storgan Manley,10750.00000000001,Securitization (UMBS),103.19,3891.500000000001,0.0,6858.5,-3891.5
5030851,295000.0,1.99,180,Refinancing,2021-09-09,97.45,96.41875,Storgan Manley,14750.000000000013,Securitization (UMBS),97.45,22272.500000000004,0.0,-7522.5,-22272.5
5030864,135000.0,2.875,360,Refinancing,2021-09-09,103.19,102.03375,Storgan Manley,6750.000000000006,Securitization (UMBS),103.19,2443.500000000001,0.0,4306.5,-2443.5
5030917,335000.0,2.875,360,Cash-out refinance,2021-09-11,103.19,102.72125,Storgan Manley,16750.000000000015,Securitization (UMBS),103.19,6063.500000000002,0.0,10686.5,-6063.5
5030950,205000.0,2.5,180,Refinancing,2021-09-11,99.88,98.34875,Storgan Manley,10250.00000000001,Securitization (UMBS),99.88,10496.000000000027,0.0,-246.0,-10496.0
5030992,105000.0,2.75,180,Cash-out refinance,2021-09-13,103.19,100.97125,Storgan Manley,5250.000000000005,Securitization (UMBS),103.19,1900.5000000000005,0.0,3349.5,-1900.5
5031096,205000.0,2.69,360,Refinancing,2021-09-13,99.88,98.005,Bank of Americans,10250.00000000001,Securitization (UMBS),99.88,10496.000000000027,0.0,-246.0,-10496.0
5031145,75000.0,3.125,324,Refinancing,2021-09-15,104.17,101.95125,Storgan Manley,3750.000000000003,Securitization (UMBS),104.17,622.4999999999977,0.0,3127.5,-622.5
5031179,215000.0,3.25,360,Cash-out refinance,2021-09-16,105.0,104.0,Bank of Americans,10750.00000000001,Securitization (UMBS),105.0,0.0,0.0,10750.0,-0.0
5031228,245000.0,2.99,180,Refinancing,2021-09-16,103.19,100.84625,Storgan Manley,12250.000000000011,Securitization (UMBS),103.19,4434.500000000001,0.0,7815.5,-4434.5
5031269,205000.0,2.625,180,Cash-out refinance,2021-09-16,103.03,101.28,Bank of Americans,10250.00000000001,Securitization (UMBS),103.03,4038.50000000001,0.0,6211.5,-4038.5
5031278,225000.0,3.375,360,Cash-out refinance,2021-09-17,104.61,102.6725,Bank of Americans,11250.00000000001,Securitization (UMBS),104.61,877.5000000000018,0.0,10372.5,-877.5
5031395,115000.0,2.25,120,Cash-out refinance,2021-09-17,99.88,98.13,Bank of Americans,5750.0000000000055,Securitization (UMBS),99.88,5888.0000000000155,0.0,-138.0,-5888.0
5031424,145000.0,3.625,360,Refinancing,2021-09-14,104.61,102.5475,Bank of Americans,7250.000000000006,Securitization (UMBS),104.61,565.5000000000018,0.0,6684.5,-565.5
5031427,625000.0,2.94,360,Home purchase,2021-08-24,103.19,101.815,Bank of Americans,31250.00000000003,Securitization (UMBS),103.19,11312.500000000004,0.0,19937.5,-11312.5
5031431,215000.0,3.25,360,Home purchase,2021-08-25,105.0,103.03125,Storgan Manley,10750.00000000001,Securitization (UMBS),105.0,0.0,0.0,10750.0,-0.0
5031479,235000.0,2.875,360,Refinancing,2021-08-26,103.19,0.0,Golden Sachs,11750.000000000011,Securitization (UMBS),103.19,4253.500000000002,0.0,7496.5,-4253.5
5031532,325000.0,2.99,360,Cash-out refinance,2021-08-28,103.19,0.0,Golden Sachs,16250.000000000015,Securitization (UMBS),103.19,5882.500000000002,0.0,10367.5,-5882.5
5031558,375000.0,2.99,360,Cash-out refinance,2021-08-31,103.19,101.8775,Golden Sachs,18750.00000000002,Securitization (UMBS),103.19,6787.500000000004,0.0,11962.5,-6787.5
5031567,185000.0,2.875,360,Cash-out refinance,2021-08-31,103.19,101.315,Bank of Americans,9250.00000000001,Securitization (UMBS),103.19,3348.500000000002,0.0,5901.5,-3348.5
5031568,275000.0,2.99,360,Cash-out refinance,2021-08-31,103.19,101.94,Bank of Americans,13750.000000000013,Securitization (UMBS),103.19,4977.500000000002,0.0,8772.5,-4977.5
5031583,305000.0,2.75,360,Refinancing,2021-09-01,104.17,101.7325,Bank of Americans,15250.000000000013,Securitization (UMBS),104.17,2531.499999999991,0.0,12718.5,-2531.5
5031629,275000.0,3.5,360,Cash-out refinance,2021-09-01,104.61,103.76625,Storgan Manley,13750.000000000013,Securitization (UMBS),104.61,1072.5000000000036,0.0,12677.5,-1072.5
5031662,315000.0,2.69,336,Refinancing,2021-09-01,99.88,99.41125,Storgan Manley,15750.000000000015,Securitization (UMBS),99.88,16128.000000000044,0.0,-378.0,-16128.0
5031716,375000.0,2.75,360,Cash-out refinance,2021-09-01,103.19,102.065,Bank of Americans,18750.00000000002,Securitization (UMBS),103.19,6787.500000000004,0.0,11962.5,-6787.5
5031786,335000.0,3.25,360,Cash-out refinance,2021-09-01,104.61,102.4225,Golden Sachs,16750.000000000015,Securitization (UMBS),104.61,1306.5000000000055,0.0,15443.5,-1306.5
5031870,155000.0,2.5,180,Cash-out refinance,2021-09-01,99.88,98.66125,Bank of Americans,7750.000000000007,Securitization (UMBS),99.88,7936.000000000021,0.0,-186.0,-7936.0
5031907,355000.0,2.99,360,Cash-out refinance,2021-09-02,103.19,100.97125,Storgan Manley,17750.000000000015,Securitization (UMBS),103.19,6425.5,0.0,11324.5,-6425.5
5031922,305000.0,3.25,360,Refinancing,2021-09-02,104.61,101.61,Bank of Americans,15250.000000000013,Securitization (UMBS),104.61,1189.5000000000036,0.0,14060.5,-1189.5
5032000,445000.0,2.75,360,Refinancing,2021-09-02,103.19,102.84625,Storgan Manley,22250.00000000002,Securitization (UMBS),103.19,8054.5,0.0,14195.5,-8054.5
5032016,275000.0,3.125,360,Home purchase,2021-09-02,103.19,102.84625,Storgan Manley,13750.000000000013,Securitization (UMBS),103.19,4977.500000000002,0.0,8772.5,-4977.5
5032194,395000.0,2.99,360,Refinancing,2021-09-02,103.19,101.3775,Bank of Americans,19750.00000000002,Securitization (UMBS),103.19,7149.500000000002,0.0,12600.5,-7149.5
5032318,275000.0,2.875,360,Home purchase,2021-09-03,103.19,103.40875,Storgan Manley,13750.000000000013,Whole Loan Sale,103.40875,4977.500000000002,0.0,9374.06,-4375.94
5032374,95000.0,2.75,240,Cash-out refinance,2021-09-04,103.19,102.22125,Storgan Manley,4750.000000000005,Securitization (UMBS),103.19,1719.500000000001,0.0,3030.5,-1719.5
5032409,305000.0,2.875,240,Refinancing,2021-09-06,103.19,101.2525,Bank of Americans,15250.000000000013,Securitization (UMBS),103.19,5520.5,0.0,9729.5,-5520.5
5032428,675000.0,2.25,360,Refinancing,2021-09-06,99.88,96.66125,Storgan Manley,33750.00000000003,Securitization (UMBS),99.88,34560.00000000009,0.0,-810.0,-34560.0
5032461,485000.0,3.375,360,Home purchase,2021-09-07,104.61,102.64125,Storgan Manley,24250.000000000022,Securitization (UMBS),104.61,1891.5000000000073,0.0,22358.5,-1891.5
5032621,235000.0,2.25,360,Refinancing,2021-09-08,99.88,98.505,Bank of Americans,11750.000000000011,Securitization (UMBS),99.88,12032.000000000033,0.0,-282.0,-12032.0
5032669,155000.0,2.5,360,Refinancing,2021-09-08,99.88,100.09875,Storgan Manley,7750.000000000007,Whole Loan Sale,100.09875,7936.000000000021,0.0,153.06,-7596.94
5032688,385000.0,2.875,360,Cash-out refinance,2021-09-08,103.19,101.47125,Storgan Manley,19250.00000000002,Securitization (UMBS),103.19,6968.500000000004,0.0,12281.5,-6968.5
5032822,265000.0,2.99,300,Refinancing,2021-09-10,104.17,102.795,Bank of Americans,13250.000000000011,Securitization (UMBS),104.17,2199.4999999999927,0.0,11050.5,-2199.5
5032915,595000.0,2.375,360,Refinancing,2021-09-11,103.03,102.56125,Storgan Manley,29750.000000000025,Securitization (UMBS),103.03,11721.50000000003,0.0,18028.5,-11721.5
5032939,245000.0,2.875,360,Refinancing,2021-09-11,104.17,103.01375,Storgan Manley,12250.000000000011,Securitization (UMBS),104.17,2033.4999999999945,0.0,10216.5,-2033.5
5032969,225000.0,2.875,240,Cash-out refinance,2021-09-11,103.19,100.84625,Storgan Manley,11250.00000000001,Securitization (UMBS),103.19,4072.5,0.0,7177.5,-4072.5
5032972,345000.0,3.125,360,Refinancing,2021-09-11,104.17,102.17,Bank of Americans,17250.000000000015,Securitization (UMBS),104.17,2863.499999999991,0.0,14386.5,-2863.5
5032983,175000.0,2.99,360,Home purchase,2021-09-15,103.19,100.8775,Bank of Americans,8750.000000000007,Securitization (UMBS),103.19,3167.5,0.0,5582.5,-3167.5
5032987,195000.0,2.875,240,Refinancing,2021-09-15,103.19,101.47125,Storgan Manley,9750.00000000001,Securitization (UMBS),103.19,3529.500000000002,0.0,6220.5,-3529.5
5033008,405000.0,2.75,180,Cash-out refinance,2021-09-15,104.17,101.7325,Bank of Americans,20250.00000000002,Securitization (UMBS),104.17,3361.499999999989,0.0,16888.5,-3361.5
5033038,125000.0,2.5,180,Refinancing,2021-09-15,99.88,97.8175,Golden Sachs,6250.0000000000055,Securitization (UMBS),99.88,6400.000000000016,0.0,-150.0,-6400.0
5033049,495000.0,2.99,360,Cash-out refinance,2021-09-15,104.17,103.32625,Storgan Manley,24750.000000000022,Securitization (UMBS),104.17,4108.499999999985,0.0,20641.5,-4108.5
5033135,465000.0,2.875,360,Cash-out refinance,2021-09-16,103.19,101.3775,Bank of Americans,23250.000000000022,Securitization (UMBS),103.19,8416.500000000004,0.0,14833.5,-8416.5
5033175,415000.0,2.75,360,Refinancing,2021-09-16,103.19,101.2525,Bank of Americans,20750.00000000002,Securitization (UMBS),103.19,7511.500000000002,0.0,13238.5,-7511.5
5033217,395000.0,3.125,360,Cash-out refinance,2021-09-17,103.19,102.065,Bank of Americans,19750.00000000002,Securitization (UMBS),103.19,7149.500000000002,0.0,12600.5,-7149.5
5033298,315000.0,2.99,360,Home purchase,2021-09-17,104.17,103.70125,Storgan Manley,15750.000000000015,Securitization (UMBS),104.17,2614.4999999999927,0.0,13135.5,-2614.5
5033304,225000.0,2.875,360,Cash-out refinance,2021-09-08,103.19,101.22125,Storgan Manley,11250.00000000001,Securitization (UMBS),103.19,4072.5,0.0,7177.5,-4072.5
5033335,175000.0,3.25,360,Refinancing,2021-06-28,105.0,103.375,Bank of Americans,8750.000000000007,Securitization (UMBS),105.0,0.0,0.0,8750.0,-0.0
5033371,375000.0,2.75,360,Refinancing,2021-08-21,103.19,102.72125,Storgan Manley,18750.00000000002,Securitization (UMBS),103.19,6787.500000000004,0.0,11962.5,-6787.5
5033420,285000.0,2.5,240,Refinancing,2021-08-24,99.88,99.41125,Storgan Manley,14250.000000000013,Securitization (UMBS),99.88,14592.000000000038,0.0,-342.0,-14592.0
5033495,105000.0,1.99,180,Cash-out refinance,2021-08-24,97.45,95.60625,Storgan Manley,5250.000000000005,Securitization (UMBS),97.45,7927.500000000001,0.0,-2677.5,-7927.5
5033546,185000.0,3.5,360,Cash-out refinance,2021-08-24,104.61,102.735,Bank of Americans,9250.00000000001,Securitization (UMBS),104.61,721.5000000000036,0.0,8528.5,-721.5
5033599,285000.0,3.375,360,Cash-out refinance,2021-08-25,104.61,102.5475,Golden Sachs,14250.000000000013,Securitization (UMBS),104.61,1111.5000000000036,0.0,13138.5,-1111.5
5033634,505000.0,2.99,360,Home improvement,2021-08-26,103.19,100.84625,Bank of Americans,25250.000000000022,Securitization (UMBS),103.19,9140.500000000002,0.0,16109.5,-9140.5
5033797,85000.0,2.125,120,Refinancing,2021-08-28,97.45,95.23125,Storgan Manley,4250.000000000004,Securitization (UMBS),97.45,6417.500000000001,0.0,-2167.5,-6417.5
5033862,175000.0,3.19,360,Home improvement,2021-08-28,104.17,103.045,Bank of Americans,8750.000000000007,Securitization (UMBS),104.17,1452.4999999999945,0.0,7297.5,-1452.5
5033923,175000.0,2.75,360,Refinancing,2021-08-31,103.19,100.8775,Bank of Americans,8750.000000000007,Securitization (UMBS),103.19,3167.5,0.0,5582.5,-3167.5
5034040,165000.0,3.375,180,Cash-out refinance,2021-08-31,105.0,102.78125,Storgan Manley,8250.000000000007,Securitization (UMBS),105.0,0.0,0.0,8250.0,-0.0
5034045,75000.0,3.375,360,Other,2021-09-01,104.61,102.39125,Storgan Manley,3750.000000000003,Securitization (UMBS),104.61,292.5000000000009,0.0,3457.5,-292.5
5034181,545000.0,3.125,360,Refinancing,2021-09-01,103.19,101.34625,Storgan Manley,27250.000000000025,Securitization (UMBS),103.19,9864.500000000004,0.0,17385.5,-9864.5
5034228,145000.0,2.99,324,Refinancing,2021-09-02,103.19,101.47125,Storgan Manley,7250.000000000006,Securitization (UMBS),103.19,2624.500000000001,0.0,4625.5,-2624.5
5034254,145000.0,3.375,360,Home purchase,2021-09-03,104.61,101.26625,Storgan Manley,7250.000000000006,Securitization (UMBS),104.61,565.5000000000018,0.0,6684.5,-565.5
5034269,405000.0,3.125,360,Home purchase,2021-09-03,104.17,102.295,Bank of Americans,20250.00000000002,Securitization (UMBS),104.17,3361.499999999989,0.0,16888.5,-3361.5
5034272,115000.0,2.99,360,Refinancing,2021-09-03,103.19,100.7525,Bank of Americans,5750.0000000000055,Securitization (UMBS),103.19,2081.500000000001,0.0,3668.5,-2081.5
5034306,75000.0,3.25,240,Cash-out refinance,2021-09-03,105.0,103.28125,Storgan Manley,3750.000000000003,Securitization (UMBS),105.0,0.0,0.0,3750.0,-0.0
5034435,195000.0,2.875,360,Refinancing,2021-09-03,103.19,100.44,Bank of Americans,9750.00000000001,Securitization (UMBS),103.19,3529.500000000002,0.0,6220.5,-3529.5
5034489,205000.0,2.25,180,Refinancing,2021-09-03,99.88,98.09875,Storgan Manley,10250.00000000001,Securitization (UMBS),99.88,10496.000000000027,0.0,-246.0,-10496.0
5034531,95000.0,3.5,360,Refinancing,2021-09-04,104.61,102.735,Bank of Americans,4750.000000000005,Securitization (UMBS),104.61,370.5000000000018,0.0,4379.5,-370.5
5034605,285000.0,2.625,360,Refinancing,2021-09-04,99.88,99.41125,Storgan Manley,14250.000000000013,Securitization (UMBS),99.88,14592.000000000038,0.0,-342.0,-14592.0
5034720,395000.0,2.375,360,Cash-out refinance,2021-09-06,99.88,98.84875,Storgan Manley,19750.00000000002,Securitization (UMBS),99.88,20224.000000000055,0.0,-474.0,-20224.0
5034807,375000.0,3.25,360,Cash-out refinance,2021-09-06,105.0,103.96875,PJ Logan,18750.00000000002,Securitization (UMBS),105.0,0.0,0.0,18750.0,-0.0
5034822,175000.0,2.125,144,Refinancing,2021-09-07,97.45,95.73125,Storgan Manley,8750.000000000007,Securitization (UMBS),97.45,13212.500000000002,0.0,-4462.5,-13212.5
5034824,75000.0,3.25,240,Refinancing,2021-09-08,104.61,102.64125,Storgan Manley,3750.000000000003,Securitization (UMBS),104.61,292.5000000000009,0.0,3457.5,-292.5
5034870,365000.0,2.99,360,Cash-out refinance,2021-09-08,103.19,101.1275,Golden Sachs,18250.000000000015,Securitization (UMBS),103.19,6606.5,0.0,11643.5,-6606.5
5034942,105000.0,2.75,360,Cash-out refinance,2021-09-09,103.19,103.40875,Storgan Manley,5250.000000000005,Whole Loan Sale,103.40875,1900.5000000000005,0.0,3579.19,-1670.81
5034963,565000.0,3.25,360,Cash-out refinance,2021-09-09,104.61,103.76625,Storgan Manley,28250.000000000025,Securitization (UMBS),104.61,2203.5000000000073,0.0,26046.5,-2203.5
5034995,445000.0,2.69,360,Refinancing,2021-09-10,103.03,102.68625,Storgan Manley,22250.00000000002,Securitization (UMBS),103.03,8766.500000000022,0.0,13483.5,-8766.5
5035030,275000.0,2.75,132,Refinancing,2021-09-11,103.19,101.47125,Storgan Manley,13750.000000000013,Securitization (UMBS),103.19,4977.500000000002,0.0,8772.5,-4977.5
5035133,525000.0,2.625,360,Refinancing,2021-09-13,99.88,97.5675,Bank of Americans,26250.000000000022,Securitization (UMBS),99.88,26880.00000000007,0.0,-630.0,-26880.0
5035167,285000.0,2.75,360,Refinancing,2021-09-13,103.19,101.34625,Storgan Manley,14250.000000000013,Securitization (UMBS),103.19,5158.500000000002,0.0,9091.5,-5158.5
5035185,265000.0,2.99,360,Home purchase,2021-09-13,103.19,102.72125,Storgan Manley,13250.000000000011,Securitization (UMBS),103.19,4796.5,0.0,8453.5,-4796.5
5035314,215000.0,3.875,360,Refinancing,2021-09-14,105.77,105.42625,Storgan Manley,10750.00000000001,Securitization (UMBS),105.77,-1655.4999999999618,0.0,12405.5,1655.5
5035317,1505000.0,3.625,360,Cash-out refinance,2021-09-14,104.61,103.39125,Bank of Americans,75250.00000000007,Securitization (UMBS),104.61,5869.500000000029,0.0,69380.5,-5869.5
5035379,445000.0,2.75,360,Home purchase,2021-09-15,104.17,103.20125,Storgan Manley,22250.00000000002,Securitization (UMBS),104.17,3693.4999999999854,0.0,18556.5,-3693.5
5035450,375000.0,1.99,180,Cash-out refinance,2021-09-15,97.45,96.60625,Storgan Manley,18750.00000000002,Securitization (UMBS),97.45,28312.500000000007,0.0,-9562.5,-28312.5
5035456,95000.0,2.625,180,Refinancing,2021-09-15,99.88,98.84875,Storgan Manley,4750.000000000005,Securitization (UMBS),99.88,4864.000000000013,0.0,-114.0,-4864.0
5035555,305000.0,2.99,360,Home purchase,2021-09-16,104.17,102.17,Bank of Americans,15250.000000000013,Securitization (UMBS),104.17,2531.499999999991,0.0,12718.5,-2531.5
5035661,105000.0,2.75,180,Cash-out refinance,2021-09-17,103.19,102.84625,Storgan Manley,5250.000000000005,Securitization (UMBS),103.19,1900.5000000000005,0.0,3349.5,-1900.5
5035682,225000.0,3.25,360,Cash-out refinance,2021-09-17,104.61,103.45375,Storgan Manley,11250.00000000001,Securitization (UMBS),104.61,877.5000000000018,0.0,10372.5,-877.5
5035708,225000.0,2.375,240,Refinancing,2021-09-17,99.88,97.9425,Bank of Americans,11250.00000000001,Securitization (UMBS),99.88,11520.00000000003,0.0,-270.0,-11520.0
5035730,275000.0,2.375,240,Refinancing,2021-09-17,99.88,97.755,Golden Sachs,13750.000000000013,Securitization (UMBS),99.88,14080.000000000038,0.0,-330.0,-14080.0
5035740,175000.0,2.99,180,Refinancing,2021-09-10,104.17,103.70125,Storgan Manley,8750.000000000007,Securitization (UMBS),104.17,1452.4999999999945,0.0,7297.5,-1452.5
5035781,165000.0,3.5,240,Home purchase,2021-08-26,104.61,104.14125,Storgan Manley,8250.000000000007,Securitization (UMBS),104.61,643.5000000000027,0.0,7606.5,-643.5
5035817,205000.0,3.25,360,Cash-out refinance,2021-08-26,104.61,104.14125,Storgan Manley,10250.00000000001,Securitization (UMBS),104.61,799.5000000000036,0.0,9450.5,-799.5
5035848,375000.0,2.75,240,Refinancing,2021-08-28,103.19,101.2525,Bank of Americans,18750.00000000002,Securitization (UMBS),103.19,6787.500000000004,0.0,11962.5,-6787.5
5035881,325000.0,2.99,360,Home purchase,2021-08-28,104.17,102.1075,Golden Sachs,16250.000000000015,Securitization (UMBS),104.17,2697.499999999991,0.0,13552.5,-2697.5
5036070,205000.0,1.99,120,Refinancing,2021-08-28,100.93,99.46125,Storgan Manley,10250.00000000001,Securitization (UMBS),100.93,8343.49999999999,0.0,1906.5,-8343.5
5036193,375000.0,2.99,360,Cash-out refinance,2021-08-30,103.19,101.2525,Bank of Americans,18750.00000000002,Securitization (UMBS),103.19,6787.500000000004,0.0,11962.5,-6787.5
5036220,265000.0,3.375,360,Cash-out refinance,2021-09-01,104.61,104.82875,Storgan Manley,13250.000000000011,Whole Loan Sale,104.82875,1033.5000000000036,0.0,12796.19,-453.81
5036254,455000.0,3.19,360,Refinancing,2021-09-01,103.19,102.03375,Storgan Manley,22750.000000000022,Securitization (UMBS),103.19,8235.500000000004,0.0,14514.5,-8235.5
5036267,355000.0,3.375,360,Home purchase,2021-09-01,104.61,103.51625,Storgan Manley,17750.000000000015,Securitization (UMBS),104.61,1384.5000000000036,0.0,16365.5,-1384.5
5036285,485000.0,2.94,360,Cash-out refinance,2021-09-01,103.19,102.84625,Storgan Manley,24250.000000000022,Securitization (UMBS),103.19,8778.500000000002,0.0,15471.5,-8778.5
5036391,205000.0,3.375,360,Home purchase,2021-09-02,104.61,104.26625,Storgan Manley,10250.00000000001,Securitization (UMBS),104.61,799.5000000000036,0.0,9450.5,-799.5
5036409,635000.0,2.375,360,Refinancing,2021-09-02,99.88,99.03625,Storgan Manley,31750.00000000003,Securitization (UMBS),99.88,32512.000000000087,0.0,-762.0,-32512.0
5036426,155000.0,3.5,360,Cash-out refinance,2021-09-02,104.61,104.26625,Storgan Manley,7750.000000000007,Securitization (UMBS),104.61,604.5000000000027,0.0,7145.5,-604.5
5036566,225000.0,2.875,360,Cash-out refinance,2021-09-03,103.19,102.72125,Storgan Manley,11250.00000000001,Securitization (UMBS),103.19,4072.5,0.0,7177.5,-4072.5
5036583,205000.0,2.75,180,Refinancing,2021-09-03,103.19,102.72125,Storgan Manley,10250.00000000001,Securitization (UMBS),103.19,3710.500000000001,0.0,6539.5,-3710.5
5036629,825000.0,3.125,360,Home purchase,2021-09-03,103.19,102.72125,Storgan Manley,41250.00000000004,Securitization (UMBS),103.19,14932.500000000004,1633.2,26317.5,-14932.5
5036652,175000.0,2.375,180,Cash-out refinance,2021-09-04,99.88,100.09875,Storgan Manley,8750.000000000007,Whole Loan Sale,100.09875,8960.000000000024,0.0,172.81,-8577.19
5036690,105000.0,2.99,360,Refinancing,2021-09-06,103.19,101.90875,Storgan Manley,5250.000000000005,Securitization (UMBS),103.19,1900.5000000000005,0.0,3349.5,-1900.5
5036842,145000.0,3.125,360,Home purchase,2021-09-06,103.19,101.53375,Storgan Manley,7250.000000000006,Securitization (UMBS),103.19,2624.500000000001,0.0,4625.5,-2624.5
5036892,245000.0,2.75,180,Cash-out refinance,2021-09-07,103.19,101.53375,Storgan Manley,12250.000000000011,Securitization (UMBS),103.19,4434.500000000001,0.0,7815.5,-4434.5
5036910,155000.0,2.25,120,Refinancing,2021-09-08,103.03,101.99875,Storgan Manley,7750.000000000007,Securitization (UMBS),103.03,3053.500000000008,0.0,4696.5,-3053.5
5036954,205000.0,2.75,360,Cash-out refinance,2021-09-09,104.17,102.51375,Storgan Manley,10250.00000000001,Securitization (UMBS),104.17,1701.4999999999945,0.0,8548.5,-1701.5
5037056,345000.0,2.99,240,Home purchase,2021-09-09,103.19,101.3775,Bank of Americans,17250.000000000015,Securitization (UMBS),103.19,6244.500000000002,0.0,11005.5,-6244.5
5037233,455000.0,2.75,360,Home purchase,2021-09-09,104.17,101.82625,Storgan Manley,22750.000000000022,Securitization (UMBS),104.17,3776.499999999989,0.0,18973.5,-3776.5
5037334,225000.0,2.875,360,Refinancing,2021-09-10,104.17,101.82625,Storgan Manley,11250.00000000001,Securitization (UMBS),104.17,1867.4999999999927,0.0,9382.5,-1867.5
5037345,205000.0,2.99,360,Home purchase,2021-09-11,103.19,101.44,Bank of Americans,10250.00000000001,Securitization (UMBS),103.19,3710.500000000001,0.0,6539.5,-3710.5
5037355,235000.0,2.99,360,Cash-out refinance,2021-09-11,103.19,101.2525,Bank of Americans,11750.000000000011,Securitization (UMBS),103.19,4253.500000000002,0.0,7496.5,-4253.5
5037377,425000.0,2.625,360,Home purchase,2021-09-11,99.88,97.8175,Golden Sachs,21250.00000000002,Securitization (UMBS),99.88,21760.00000000006,0.0,-510.0,-21760.0
5037399,165000.0,2.625,144,Cash-out refinance,2021-09-11,99.88,98.505,Bank of Americans,8250.000000000007,Securitization (UMBS),99.88,8448.000000000022,0.0,-198.0,-8448.0
5037425,545000.0,2.99,360,Cash-out refinance,2021-09-11,103.19,101.565,Bank of Americans,27250.000000000025,Securitization (UMBS),103.19,9864.500000000004,0.0,17385.5,-9864.5
5037457,405000.0,2.625,180,Cash-out refinance,2021-09-11,99.88,97.4425,Bank of Americans,20250.00000000002,Securitization (UMBS),99.88,20736.000000000055,0.0,-486.0,-20736.0
5037471,245000.0,2.75,144,Home purchase,2021-09-13,103.19,101.97125,Storgan Manley,12250.000000000011,Securitization (UMBS),103.19,4434.500000000001,0.0,7815.5,-4434.5
5037481,455000.0,3.19,360,Home purchase,2021-09-14,103.19,102.90875,Storgan Manley,22750.000000000022,Securitization (UMBS),103.19,8235.500000000004,0.0,14514.5,-8235.5
5037527,145000.0,2.99,360,Refinancing,2021-09-14,103.19,102.90875,Storgan Manley,7250.000000000006,Securitization (UMBS),103.19,2624.500000000001,0.0,4625.5,-2624.5
5024333,215000.0,2.75,180,Cash-out refinance,2021-09-15,103.19,101.22125,Storgan Manley,10750.00000000001,Securitization (UMBS),103.19,3891.500000000001,0.0,6858.5,-3891.5
5024360,145000.0,2.875,360,Cash-out refinance,2021-09-15,103.19,102.84625,Storgan Manley,7250.000000000006,Securitization (UMBS),103.19,2624.500000000001,0.0,4625.5,-2624.5
5024434,105000.0,2.375,180,Cash-out refinance,2021-09-15,103.03,102.56125,Storgan Manley,5250.000000000005,Securitization (UMBS),103.03,2068.500000000005,0.0,3181.5,-2068.5
5024646,185000.0,2.875,360,Cash-out refinance,2021-09-16,103.19,102.72125,Storgan Manley,9250.00000000001,Securitization (UMBS),103.19,3348.500000000002,0.0,5901.5,-3348.5
5024870,465000.0,3.375,360,Home purchase,2021-09-16,104.61,102.6725,Bank of Americans,23250.000000000022,Securitization (UMBS),104.61,1813.5000000000073,0.0,21436.5,-1813.5
5025049,275000.0,2.75,360,Refinancing,2021-09-16,103.19,102.84625,Storgan Manley,13750.000000000013,Securitization (UMBS),103.19,4977.500000000002,0.0,8772.5,-4977.5
5025297,215000.0,2.75,240,Refinancing,2021-09-16,103.19,102.15875,Storgan Manley,10750.00000000001,Securitization (UMBS),103.19,3891.500000000001,0.0,6858.5,-3891.5
5025310,165000.0,2.875,360,Home purchase,2021-09-17,103.19,102.72125,Storgan Manley,8250.000000000007,Securitization (UMBS),103.19,2986.500000000001,0.0,5263.5,-2986.5
5025382,545000.0,2.99,360,Refinancing,2021-09-17,104.17,103.20125,Storgan Manley,27250.000000000025,Securitization (UMBS),104.17,4523.499999999985,0.0,22726.5,-4523.5
5025510,295000.0,2.75,240,Cash-out refinance,2021-09-17,103.19,100.97125,Storgan Manley,14750.000000000013,Securitization (UMBS),103.19,5339.500000000002,0.0,9410.5,-5339.5
5025679,175000.0,2.75,240,Refinancing,2021-09-17,103.19,101.815,Bank of Americans,8750.000000000007,Securitization (UMBS),103.19,3167.5,0.0,5582.5,-3167.5
5026018,265000.0,3.375,360,Cash-out refinance,2021-09-17,104.61,104.07875,Storgan Manley,13250.000000000011,Securitization (UMBS),104.61,1033.5000000000036,0.0,12216.5,-1033.5
5026274,785000.0,3.19,360,Cash-out refinance,2021-09-16,103.19,102.065,Bank of Americans,39250.00000000004,Securitization (UMBS),103.19,14208.500000000004,0.0,25041.5,-14208.5
5026316,145000.0,3.25,360,Cash-out refinance,2021-08-23,104.61,103.76625,Storgan Manley,7250.000000000006,Securitization (UMBS),104.61,565.5000000000018,0.0,6684.5,-565.5
5026450,505000.0,2.99,360,Cash-out refinance,2021-08-25,103.19,102.84625,Storgan Manley,25250.000000000022,Securitization (UMBS),103.19,9140.500000000002,0.0,16109.5,-9140.5
5026454,265000.0,2.75,360,Cash-out refinance,2021-08-25,103.19,100.7525,Bank of Americans,13250.000000000011,Securitization (UMBS),103.19,4796.5,0.0,8453.5,-4796.5
5026519,315000.0,2.75,168,Cash-out refinance,2021-08-26,103.19,101.065,Golden Sachs,15750.000000000015,Securitization (UMBS),103.19,5701.500000000002,0.0,10048.5,-5701.5
5026682,185000.0,3.375,360,Cash-out refinance,2021-08-27,104.61,103.235,Bank of Americans,9250.00000000001,Securitization (UMBS),104.61,721.5000000000036,0.0,8528.5,-721.5
5026739,145000.0,2.75,360,Cash-out refinance,2021-08-27,103.19,102.84625,Storgan Manley,7250.000000000006,Securitization (UMBS),103.19,2624.500000000001,0.0,4625.5,-2624.5
5026933,375000.0,3.375,360,Home purchase,2021-08-30,104.61,104.82875,Storgan Manley,18750.00000000002,Whole Loan Sale,104.82875,1462.5000000000073,0.0,18107.81,-642.19
5026959,255000.0,3.25,360,Refinancing,2021-08-31,104.61,102.735,Bank of Americans,12750.000000000011,Securitization (UMBS),104.61,994.5000000000036,0.0,11755.5,-994.5
5027219,425000.0,2.875,360,Home purchase,2021-08-31,103.19,0.0,Golden Sachs,21250.00000000002,Securitization (UMBS),103.19,7692.500000000002,0.0,13557.5,-7692.5
5027341,165000.0,3.875,360,Cash-out refinance,2021-08-31,106.41,104.3475,Bank of Americans,8250.000000000007,Securitization (UMBS),106.41,-2326.5,0.0,10576.5,2326.5
5027389,585000.0,2.94,360,Refinancing,2021-08-31,103.19,102.72125,Storgan Manley,29250.000000000025,Securitization (UMBS),103.19,10588.500000000004,0.0,18661.5,-10588.5
5027549,235000.0,2.75,360,Refinancing,2021-09-01,103.19,102.065,Bank of Americans,11750.000000000011,Securitization (UMBS),103.19,4253.500000000002,0.0,7496.5,-4253.5
5027751,245000.0,2.25,144,Refinancing,2021-09-01,99.88,98.28625,Storgan Manley,12250.000000000011,Securitization (UMBS),99.88,12544.000000000033,0.0,-294.0,-12544.0
5028166,175000.0,3.25,360,Cash-out refinance,2021-09-01,104.61,102.89125,Storgan Manley,8750.000000000007,Securitization (UMBS),104.61,682.5000000000018,0.0,8067.5,-682.5
5028233,155000.0,2.99,360,Refinancing,2021-09-02,103.19,102.84625,Storgan Manley,7750.000000000007,Securitization (UMBS),103.19,2805.500000000001,0.0,4944.5,-2805.5
5028256,585000.0,2.5,240,Cash-out refinance,2021-09-02,99.88,98.16125,Storgan Manley,29250.000000000025,Securitization (UMBS),99.88,29952.000000000076,0.0,-702.0,-29952.0
5028384,405000.0,2.625,312,Refinancing,2021-09-02,99.88,97.9425,Bank of Americans,20250.00000000002,Securitization (UMBS),99.88,20736.000000000055,0.0,-486.0,-20736.0
5028567,285000.0,2.75,360,Home purchase,2021-09-03,103.19,102.72125,Storgan Manley,14250.000000000013,Securitization (UMBS),103.19,5158.500000000002,0.0,9091.5,-5158.5
5028646,275000.0,2.99,360,Refinancing,2021-09-03,103.19,100.8775,Bank of Americans,13750.000000000013,Securitization (UMBS),103.19,4977.500000000002,0.0,8772.5,-4977.5
5028669,155000.0,2.99,180,Cash-out refinance,2021-09-06,103.19,102.09625,Storgan Manley,7750.000000000007,Securitization (UMBS),103.19,2805.500000000001,0.0,4944.5,-2805.5
5028835,675000.0,2.875,360,Refinancing,2021-09-06,103.19,101.565,Bank of Americans,33750.00000000003,Securitization (UMBS),103.19,12217.500000000004,0.0,21532.5,-12217.5
5028851,535000.0,2.99,360,Cash-out refinance,2021-09-06,103.19,101.22125,Storgan Manley,26750.000000000025,Securitization (UMBS),103.19,9683.500000000004,0.0,17066.5,-9683.5
5028911,245000.0,2.75,240,Refinancing,2021-09-06,103.19,101.34625,Storgan Manley,12250.000000000011,Securitization (UMBS),103.19,4434.500000000001,0.0,7815.5,-4434.5
5029131,375000.0,2.375,240,Home purchase,2021-09-06,99.88,97.66125,Storgan Manley,18750.00000000002,Securitization (UMBS),99.88,19200.00000000005,0.0,-450.0,-19200.0
5029218,515000.0,2.69,360,Refinancing,2021-09-06,99.88,97.38,Bank of Americans,25750.000000000022,Securitization (UMBS),99.88,26368.00000000007,0.0,-618.0,-26368.0
5029302,225000.0,3.375,360,Home purchase,2021-09-07,104.61,102.89125,Storgan Manley,11250.00000000001,Securitization (UMBS),104.61,877.5000000000018,0.0,10372.5,-877.5
5029305,165000.0,2.75,360,Home improvement,2021-09-07,103.19,100.8775,Bank of Americans,8250.000000000007,Securitization (UMBS),103.19,2986.500000000001,0.0,5263.5,-2986.5
5029329,115000.0,2.5,360,Refinancing,2021-09-07,103.03,101.06125,Storgan Manley,5750.0000000000055,Securitization (UMBS),103.03,2265.5000000000064,0.0,3484.5,-2265.5
5029726,265000.0,3.25,360,Cash-out refinance,2021-09-08,104.61,103.45375,Storgan Manley,13250.000000000011,Securitization (UMBS),104.61,1033.5000000000036,0.0,12216.5,-1033.5
5029739,435000.0,2.625,360,Refinancing,2021-09-08,99.88,97.9425,Bank of Americans,21750.00000000002,Securitization (UMBS),99.88,22272.00000000006,0.0,-522.0,-22272.0
5030229,105000.0,2.99,360,Refinancing,2021-09-09,103.19,101.69,Bank of Americans,5250.000000000005,Securitization (UMBS),103.19,1900.5000000000005,0.0,3349.5,-1900.5
5030302,445000.0,2.75,240,Cash-out refinance,2021-09-09,103.19,103.40875,Storgan Manley,22250.00000000002,Whole Loan Sale,103.40875,8054.5,0.0,15168.94,-7081.06
5030490,315000.0,1.99,180,Cash-out refinance,2021-09-10,97.45,95.3875,Bank of Americans,15750.000000000015,Securitization (UMBS),97.45,23782.500000000004,0.0,-8032.5,-23782.5
5030503,305000.0,2.99,360,Refinancing,2021-09-11,104.17,0.0,Golden Sachs,15250.000000000013,Securitization (UMBS),104.17,2531.499999999991,0.0,12718.5,-2531.5
5030841,145000.0,3.5,360,Refinancing,2021-09-11,104.61,104.82875,Storgan Manley,7250.000000000006,Whole Loan Sale,104.82875,565.5000000000018,0.0,7001.69,-248.31
5030846,205000.0,3.125,360,Cash-out refinance,2021-09-13,104.17,103.70125,Storgan Manley,10250.00000000001,Securitization (UMBS),104.17,1701.4999999999945,0.0,8548.5,-1701.5
5030933,365000.0,2.625,360,Refinancing,2021-09-14,103.03,102.68625,Storgan Manley,18250.000000000015,Securitization (UMBS),103.03,7190.500000000016,0.0,11059.5,-7190.5
5030960,115000.0,2.625,180,Refinancing,2021-09-14,103.03,103.24875,Storgan Manley,5750.0000000000055,Whole Loan Sale,103.24875,2265.5000000000064,0.0,3736.06,-2013.94
5030969,575000.0,2.875,360,Refinancing,2021-09-14,103.19,103.40875,Storgan Manley,28750.000000000025,Whole Loan Sale,103.40875,10407.500000000004,0.0,19600.31,-9149.69
5031055,325000.0,3.375,360,Refinancing,2021-09-15,104.61,104.14125,Storgan Manley,16250.000000000015,Securitization (UMBS),104.61,1267.5000000000055,0.0,14982.5,-1267.5
5031093,95000.0,3.25,360,Refinancing,2021-09-15,104.61,105.4225,Bank of Americans,4750.000000000005,Whole Loan Sale,105.4225,370.5000000000018,0.0,5151.38,401.37
5031117,185000.0,2.25,360,Refinancing,2021-09-15,99.88,98.755,Bank of Americans,9250.00000000001,Securitization (UMBS),99.88,9472.000000000025,0.0,-222.0,-9472.0
5031335,305000.0,2.25,360,Home purchase,2021-09-16,99.88,99.53625,Storgan Manley,15250.000000000013,Securitization (UMBS),99.88,15616.00000000004,0.0,-366.0,-15616.0
5031407,255000.0,2.875,360,Refinancing,2021-09-17,103.19,102.22125,Storgan Manley,12750.000000000011,Securitization (UMBS),103.19,4615.500000000001,0.0,8134.5,-4615.5
5031457,355000.0,2.75,360,Cash-out refinance,2021-09-17,104.17,102.1075,Bank of Americans,17750.000000000015,Securitization (UMBS),104.17,2946.499999999989,0.0,14803.5,-2946.5
5031826,135000.0,2.99,360,Cash-out refinance,2021-08-26,103.19,102.34625,Storgan Manley,6750.000000000006,Securitization (UMBS),103.19,2443.500000000001,0.0,4306.5,-2443.5
5032010,55000.0,2.99,180,Refinancing,2021-08-28,103.19,102.22125,Storgan Manley,2750.0000000000023,Securitization (UMBS),103.19,995.5,0.0,1754.5,-995.5
5032134,265000.0,2.625,180,Refinancing,2021-08-28,103.03,102.06125,Storgan Manley,13250.000000000011,Securitization (UMBS),103.03,5220.500000000013,0.0,8029.5,-5220.5
5032454,115000.0,3.375,240,Refinancing,2021-08-30,104.61,103.82875,Storgan Manley,5750.0000000000055,Securitization (UMBS),104.61,448.5000000000018,0.0,5301.5,-448.5
5032502,585000.0,3.25,360,Cash-out refinance,2021-08-30,104.61,105.4225,Bank of Americans,29250.000000000025,Whole Loan Sale,105.4225,2281.5000000000073,0.0,31721.62,2471.62
5032736,105000.0,3.25,360,Cash-out refinance,2021-08-31,104.61,104.9225,Bank of Americans,5250.000000000005,Whole Loan Sale,104.9225,409.5000000000018,0.0,5168.62,-81.38
5032882,355000.0,1.99,168,Refinancing,2021-08-31,97.45,95.23125,Storgan Manley,17750.000000000015,Securitization (UMBS),97.45,26802.500000000004,0.0,-9052.5,-26802.5
5033032,205000.0,3.375,360,Home purchase,2021-09-01,104.61,102.39125,Storgan Manley,10250.00000000001,Securitization (UMBS),104.61,799.5000000000036,0.0,9450.5,-799.5
5033402,155000.0,2.875,360,Cash-out refinance,2021-09-01,103.19,100.8775,Bank of Americans,7750.000000000007,Securitization (UMBS),103.19,2805.500000000001,0.0,4944.5,-2805.5
5033729,145000.0,2.875,240,Refinancing,2021-09-01,103.19,100.8775,Bank of Americans,7250.000000000006,Securitization (UMBS),103.19,2624.500000000001,0.0,4625.5,-2624.5
5033738,285000.0,2.375,180,Other,2021-09-01,99.88,97.16125,Storgan Manley,14250.000000000013,Securitization (UMBS),99.88,14592.000000000038,0.0,-342.0,-14592.0
5034213,465000.0,2.75,360,Cash-out refinance,2021-09-01,103.19,100.84625,Storgan Manley,23250.000000000022,Securitization (UMBS),103.19,8416.500000000004,0.0,14833.5,-8416.5
5034507,405000.0,3.37,360,Cash-out refinance,2021-09-01,104.61,102.11,Bank of Americans,20250.00000000002,Securitization (UMBS),104.61,1579.5000000000073,0.0,18670.5,-1579.5
5034693,95000.0,3.375,360,Refinancing,2021-09-01,105.0,103.0,Bank of Americans,4750.000000000005,Securitization (UMBS),105.0,0.0,0.0,4750.0,-0.0
5034753,135000.0,3.375,240,Cash-out refinance,2021-09-02,104.61,102.86,Bank of Americans,6750.000000000006,Securitization (UMBS),104.61,526.5000000000027,0.0,6223.5,-526.5
5034840,545000.0,2.99,360,Cash-out refinance,2021-09-02,103.19,101.44,Bank of Americans,27250.000000000025,Securitization (UMBS),103.19,9864.500000000004,0.0,17385.5,-9864.5
5034899,195000.0,3.625,360,Cash-out refinance,2021-09-02,105.0,102.75,Bank of Americans,9750.00000000001,Securitization (UMBS),105.0,0.0,0.0,9750.0,-0.0
5035001,395000.0,2.75,360,Home purchase,2021-09-03,103.19,101.0025,Golden Sachs,19750.00000000002,Securitization (UMBS),103.19,7149.500000000002,0.0,12600.5,-7149.5
5035082,325000.0,2.99,360,Home purchase,2021-09-03,103.19,101.1275,Golden Sachs,16250.000000000015,Securitization (UMBS),103.19,5882.500000000002,0.0,10367.5,-5882.5
5035641,225000.0,3.375,240,Refinancing,2021-09-03,104.61,101.0475,Golden Sachs,11250.00000000001,Securitization (UMBS),104.61,877.5000000000018,0.0,10372.5,-877.5
5035984,185000.0,3.75,360,Cash-out refinance,2021-09-03,105.77,103.77,Bank of Americans,9250.00000000001,Securitization (UMBS),105.77,-1424.4999999999654,0.0,10674.5,1424.5
5036011,285000.0,2.875,240,Refinancing,2021-09-03,104.17,104.38875,Storgan Manley,14250.000000000013,Whole Loan Sale,104.38875,2365.4999999999927,0.0,12507.94,-1742.06
5036098,115000.0,2.99,180,Refinancing,2021-09-04,104.17,102.545,Bank of Americans,5750.0000000000055,Securitization (UMBS),104.17,954.4999999999973,0.0,4795.5,-954.5
5036280,535000.0,2.99,360,Home purchase,2021-09-06,104.17,103.70125,Storgan Manley,26750.000000000025,Securitization (UMBS),104.17,4440.499999999989,0.0,22309.5,-4440.5
5036295,175000.0,2.75,180,Refinancing,2021-09-06,103.19,101.2525,Bank of Americans,8750.000000000007,Securitization (UMBS),103.19,3167.5,0.0,5582.5,-3167.5
5036576,205000.0,3.875,360,Cash-out refinance,2021-09-07,105.77,103.9575,Bank of Americans,10250.00000000001,Securitization (UMBS),105.77,-1578.4999999999636,0.0,11828.5,1578.5
5036612,345000.0,2.75,360,Cash-out refinance,2021-09-07,103.19,101.565,Bank of Americans,17250.000000000015,Securitization (UMBS),103.19,6244.500000000002,0.0,11005.5,-6244.5
5036853,475000.0,2.99,360,Cash-out refinance,2021-09-07,103.19,101.34625,Storgan Manley,23750.000000000022,Securitization (UMBS),103.19,8597.500000000004,0.0,15152.5,-8597.5
5036944,255000.0,2.75,180,Home purchase,2021-09-08,103.19,102.90875,Storgan Manley,12750.000000000011,Securitization (UMBS),103.19,4615.500000000001,0.0,8134.5,-4615.5
5037114,125000.0,2.75,180,Cash-out refinance,2021-09-08,103.19,100.69,Bank of Americans,6250.0000000000055,Securitization (UMBS),103.19,2262.5000000000005,0.0,3987.5,-2262.5
5037127,455000.0,2.5,360,Home purchase,2021-09-10,99.88,98.16125,Storgan Manley,22750.000000000022,Securitization (UMBS),99.88,23296.000000000062,0.0,-546.0,-23296.0
5037193,75000.0,3.375,240,Home improvement,2021-09-10,104.61,104.0475,Golden Sachs,3750.000000000003,Securitization (UMBS),104.61,292.5000000000009,0.0,3457.5,-292.5
5037313,115000.0,2.5,96,Refinancing,2021-09-11,99.88,99.03625,Storgan Manley,5750.0000000000055,Securitization (UMBS),99.88,5888.0000000000155,0.0,-138.0,-5888.0
5024047,775000.0,2.875,360,Home purchase,2021-09-11,104.17,103.70125,Storgan Manley,38750.00000000004,Securitization (UMBS),104.17,6432.499999999982,0.0,32317.5,-6432.5
5024069,165000.0,3.19,360,Refinancing,2021-09-13,103.19,101.47125,Storgan Manley,8250.000000000007,Securitization (UMBS),103.19,2986.500000000001,0.0,5263.5,-2986.5
5024102,135000.0,3.375,360,Cash-out refinance,2021-09-13,104.61,103.76625,Storgan Manley,6750.000000000006,Securitization (UMBS),104.61,526.5000000000027,0.0,6223.5,-526.5
5024121,375000.0,2.99,360,Cash-out refinance,2021-09-13,103.19,102.72125,Storgan Manley,18750.00000000002,Securitization (UMBS),103.19,6787.500000000004,0.0,11962.5,-6787.5
5024286,115000.0,2.99,360,Cash-out refinance,2021-09-14,103.19,100.8775,Bank of Americans,5750.0000000000055,Securitization (UMBS),103.19,2081.500000000001,0.0,3668.5,-2081.5
5024298,115000.0,2.99,360,Cash-out refinance,2021-09-14,104.17,101.67,Bank of Americans,5750.0000000000055,Securitization (UMBS),104.17,954.4999999999973,0.0,4795.5,-954.5
5024334,115000.0,2.875,240,Refinancing,2021-09-14,103.19,102.22125,Storgan Manley,5750.0000000000055,Securitization (UMBS),103.19,2081.500000000001,0.0,3668.5,-2081.5
5024335,235000.0,2.375,120,Cash-out refinance,2021-09-14,99.88,99.53625,Storgan Manley,11750.000000000011,Securitization (UMBS),99.88,12032.000000000033,0.0,-282.0,-12032.0
5024350,345000.0,2.25,180,Refinancing,2021-09-15,99.88,98.91125,Storgan Manley,17250.000000000015,Securitization (UMBS),99.88,17664.000000000047,0.0,-414.0,-17664.0
5024372,225000.0,2.99,360,Refinancing,2021-09-15,103.19,100.90875,Storgan Manley,11250.00000000001,Securitization (UMBS),103.19,4072.5,0.0,7177.5,-4072.5
5024536,155000.0,2.25,120,Cash-out refinance,2021-09-15,99.88,98.755,Bank of Americans,7750.000000000007,Securitization (UMBS),99.88,7936.000000000021,0.0,-186.0,-7936.0
5024548,625000.0,3.375,360,Home purchase,2021-09-16,104.61,103.76625,Storgan Manley,31250.00000000003,Securitization (UMBS),104.61,2437.500000000011,0.0,28812.5,-2437.5
5024552,355000.0,2.875,360,Refinancing,2021-09-16,104.17,103.32625,Storgan Manley,17750.000000000015,Securitization (UMBS),104.17,2946.499999999989,0.0,14803.5,-2946.5
5024815,375000.0,2.99,360,Home purchase,2021-09-16,104.17,102.42,Bank of Americans,18750.00000000002,Securitization (UMBS),104.17,3112.499999999991,0.0,15637.5,-3112.5
5024960,255000.0,2.99,360,Refinancing,2021-09-16,103.19,102.15875,Storgan Manley,12750.000000000011,Securitization (UMBS),103.19,4615.500000000001,0.0,8134.5,-4615.5
5024963,225000.0,2.75,180,Cash-out refinance,2021-09-16,103.19,103.40875,Storgan Manley,11250.00000000001,Whole Loan Sale,103.40875,4072.5,0.0,7669.69,-3580.31
5025012,545000.0,3.5,360,Cash-out refinance,2021-09-16,104.61,0.0,Golden Sachs,27250.000000000025,Securitization (UMBS),104.61,2125.500000000011,0.0,25124.5,-2125.5
5025058,415000.0,2.75,360,Cash-out refinance,2021-09-16,103.19,100.7525,Bank of Americans,20750.00000000002,Securitization (UMBS),103.19,7511.500000000002,0.0,13238.5,-7511.5
5025072,205000.0,2.625,240,Cash-out refinance,2021-09-16,99.88,97.4425,Bank of Americans,10250.00000000001,Securitization (UMBS),99.88,10496.000000000027,0.0,-246.0,-10496.0
5025100,465000.0,2.99,360,Cash-out refinance,2021-09-16,103.19,101.0025,Golden Sachs,23250.000000000022,Securitization (UMBS),103.19,8416.500000000004,0.0,14833.5,-8416.5
5025106,545000.0,2.99,360,Home purchase,2021-09-17,104.17,102.1075,Golden Sachs,27250.000000000025,Securitization (UMBS),104.17,4523.499999999985,0.0,22726.5,-4523.5
5025109,215000.0,2.75,360,Refinancing,2021-09-17,103.19,101.53375,Storgan Manley,10750.00000000001,Securitization (UMBS),103.19,3891.500000000001,0.0,6858.5,-3891.5
5025126,545000.0,2.625,180,Cash-out refinance,2021-09-09,99.88,97.53625,Storgan Manley,27250.000000000025,Securitization (UMBS),99.88,27904.000000000073,0.0,-654.0,-27904.0
5025162,315000.0,3.25,360,Home purchase,2021-09-15,104.61,104.14125,Storgan Manley,15750.000000000015,Securitization (UMBS),104.61,1228.5000000000055,1162.11,14521.5,-1228.5
5025189,335000.0,2.69,360,Cash-out refinance,2021-08-24,99.88,98.63,Bank of Americans,16750.000000000015,Securitization (UMBS),99.88,17152.000000000044,0.0,-402.0,-17152.0
5025198,255000.0,1.99,360,Refinancing,2021-08-24,97.45,95.73125,Storgan Manley,12750.000000000011,Securitization (UMBS),97.45,19252.500000000004,0.0,-6502.5,-19252.5
5025199,275000.0,2.99,360,Cash-out refinance,2021-08-25,103.19,102.90875,Storgan Manley,13750.000000000013,Securitization (UMBS),103.19,4977.500000000002,0.0,8772.5,-4977.5
5025209,275000.0,2.25,180,Cash-out refinance,2021-08-26,99.88,99.03625,Storgan Manley,13750.000000000013,Securitization (UMBS),99.88,14080.000000000038,0.0,-330.0,-14080.0
5025302,275000.0,2.75,300,Refinancing,2021-08-27,104.17,101.70125,Storgan Manley,13750.000000000013,Securitization (UMBS),104.17,2282.4999999999927,0.0,11467.5,-2282.5
5025328,425000.0,2.75,360,Cash-out refinance,2021-08-27,103.19,101.47125,Storgan Manley,21250.00000000002,Securitization (UMBS),103.19,7692.500000000002,0.0,13557.5,-7692.5
5025432,315000.0,2.99,360,Refinancing,2021-08-28,103.19,101.94,Bank of Americans,15750.000000000015,Securitization (UMBS),103.19,5701.500000000002,0.0,10048.5,-5701.5
5025451,245000.0,1.75,180,Refinancing,2021-08-28,97.45,95.825,Bank of Americans,12250.000000000011,Securitization (UMBS),97.45,18497.500000000004,0.0,-6247.5,-18497.5
5025496,445000.0,2.75,360,Home purchase,2021-08-30,103.19,101.47125,Storgan Manley,22250.00000000002,Securitization (UMBS),103.19,8054.5,0.0,14195.5,-8054.5
5025507,355000.0,2.75,360,Refinancing,2021-09-01,103.19,102.84625,Storgan Manley,17750.000000000015,Securitization (UMBS),103.19,6425.5,0.0,11324.5,-6425.5
5025758,195000.0,2.25,240,Cash-out refinance,2021-09-01,103.03,100.7175,Bank of Americans,9750.00000000001,Securitization (UMBS),103.03,3841.50000000001,0.0,5908.5,-3841.5
5025808,325000.0,3.375,360,Home purchase,2021-09-02,105.0,105.21875,Storgan Manley,16250.000000000015,Whole Loan Sale,105.21875,0.0,0.0,16960.94,710.94
5025859,525000.0,3.25,360,Home purchase,2021-09-02,104.61,103.36,Bank of Americans,26250.000000000022,Securitization (UMBS),104.61,2047.5000000000073,0.0,24202.5,-2047.5
5025876,225000.0,2.75,360,Cash-out refinance,2021-09-02,103.19,101.47125,Storgan Manley,11250.00000000001,Securitization (UMBS),103.19,4072.5,0.0,7177.5,-4072.5
5025893,585000.0,2.99,360,Refinancing,2021-09-02,103.19,101.44,Bank of Americans,29250.000000000025,Securitization (UMBS),103.19,10588.500000000004,0.0,18661.5,-10588.5
5025933,175000.0,2.5,180,Refinancing,2021-09-03,99.88,98.16125,Storgan Manley,8750.000000000007,Securitization (UMBS),99.88,8960.000000000024,0.0,-210.0,-8960.0
5025963,145000.0,2.99,360,Refinancing,2021-09-03,104.17,102.3575,Bank of Americans,7250.000000000006,Securitization (UMBS),104.17,1203.4999999999964,0.0,6046.5,-1203.5
5026000,195000.0,2.875,240,Cash-out refinance,2021-09-04,103.19,101.97125,Bank of Americans,9750.00000000001,Securitization (UMBS),103.19,3529.500000000002,0.0,6220.5,-3529.5
5026002,405000.0,2.625,360,Home purchase,2021-09-06,99.88,99.41125,Storgan Manley,20250.00000000002,Securitization (UMBS),99.88,20736.000000000055,0.0,-486.0,-20736.0
5026043,65000.0,3.25,240,Other,2021-09-06,104.61,104.26625,Storgan Manley,3250.0000000000027,Securitization (UMBS),104.61,253.5000000000009,0.0,2996.5,-253.5
5026083,115000.0,2.75,180,Refinancing,2021-09-07,103.19,102.59625,Storgan Manley,5750.0000000000055,Securitization (UMBS),103.19,2081.500000000001,0.0,3668.5,-2081.5
5026093,205000.0,1.99,144,Refinancing,2021-09-07,97.45,95.6375,Bank of Americans,10250.00000000001,Securitization (UMBS),97.45,15477.500000000004,0.0,-5227.5,-15477.5
5026140,235000.0,2.25,144,Refinancing,2021-09-07,103.03,101.0925,Bank of Americans,11750.000000000011,Securitization (UMBS),103.03,4629.500000000013,0.0,7120.5,-4629.5
5026170,295000.0,2.25,180,Refinancing,2021-09-08,99.88,98.255,Bank of Americans,14750.000000000013,Securitization (UMBS),99.88,15104.00000000004,0.0,-354.0,-15104.0
5026178,205000.0,3.375,360,Cash-out refinance,2021-09-08,104.61,102.2975,Bank of Americans,10250.00000000001,Securitization (UMBS),104.61,799.5000000000036,0.0,9450.5,-799.5
5026191,145000.0,2.25,120,Cash-out refinance,2021-09-08,99.88,98.755,Bank of Americans,7250.000000000006,Securitization (UMBS),99.88,7424.000000000019,0.0,-174.0,-7424.0
5026220,135000.0,3.5,240,Cash-out refinance,2021-09-10,105.0,102.78125,Storgan Manley,6750.000000000006,Securitization (UMBS),105.0,0.0,0.0,6750.0,-0.0
5026318,135000.0,2.5,180,Refinancing,2021-09-10,99.88,98.03625,Storgan Manley,6750.000000000006,Securitization (UMBS),99.88,6912.000000000018,0.0,-162.0,-6912.0
5026347,85000.0,2.99,360,Cash-out refinance,2021-09-11,103.19,100.84625,Storgan Manley,4250.000000000004,Securitization (UMBS),103.19,1538.5000000000005,0.0,2711.5,-1538.5
5026381,215000.0,3.25,360,Cash-out refinance,2021-09-11,105.0,103.0625,Bank of Americans,10750.00000000001,Securitization (UMBS),105.0,0.0,0.0,10750.0,-0.0
5026441,205000.0,3.99,360,Cash-out refinance,2021-09-11,105.77,104.395,Bank of Americans,10250.00000000001,Securitization (UMBS),105.77,-1578.4999999999636,0.0,11828.5,1578.5
5026524,735000.0,2.99,360,Home purchase,2021-09-13,104.17,103.88875,Storgan Manley,36750.00000000003,Securitization (UMBS),104.17,6100.499999999978,0.0,30649.5,-6100.5
5026574,215000.0,2.75,180,Cash-out refinance,2021-09-13,103.19,101.565,Bank of Americans,10750.00000000001,Securitization (UMBS),103.19,3891.500000000001,0.0,6858.5,-3891.5
5026616,195000.0,2.99,240,Refinancing,2021-09-13,104.17,102.95125,Bank of Americans,9750.00000000001,Securitization (UMBS),104.17,1618.4999999999955,0.0,8131.5,-1618.5
5026665,425000.0,2.99,360,Refinancing,2021-09-14,103.19,102.065,Bank of Americans,21250.00000000002,Securitization (UMBS),103.19,7692.500000000002,0.0,13557.5,-7692.5
5026672,165000.0,2.875,360,Cash-out refinance,2021-09-14,103.19,102.22125,Storgan Manley,8250.000000000007,Securitization (UMBS),103.19,2986.500000000001,0.0,5263.5,-2986.5
5026719,185000.0,3.25,360,Home purchase,2021-09-14,105.0,104.53125,Storgan Manley,9250.00000000001,Securitization (UMBS),105.0,0.0,0.0,9250.0,-0.0
5026808,105000.0,2.75,132,Refinancing,2021-09-15,103.19,102.72125,Storgan Manley,5250.000000000005,Securitization (UMBS),103.19,1900.5000000000005,0.0,3349.5,-1900.5
5026971,425000.0,2.75,360,Cash-out refinance,2021-09-15,104.17,102.51375,Storgan Manley,21250.00000000002,Securitization (UMBS),104.17,3527.499999999989,0.0,17722.5,-3527.5
5026974,175000.0,2.75,360,Refinancing,2021-09-15,103.19,102.22125,Storgan Manley,8750.000000000007,Securitization (UMBS),103.19,3167.5,0.0,5582.5,-3167.5
5026979,285000.0,3.375,360,Cash-out refinance,2021-09-15,104.61,104.14125,Storgan Manley,14250.000000000013,Securitization (UMBS),104.61,1111.5000000000036,0.0,13138.5,-1111.5
5026984,285000.0,3.25,360,Cash-out refinance,2021-09-15,104.61,101.76625,Storgan Manley,14250.000000000013,Securitization (UMBS),104.61,1111.5000000000036,0.0,13138.5,-1111.5
5026995,545000.0,2.99,360,Home purchase,2021-09-16,104.17,102.63875,Storgan Manley,27250.000000000025,Securitization (UMBS),104.17,4523.499999999985,1291.01,22726.5,-4523.5
5027023,105000.0,2.75,120,Refinancing,2021-09-16,103.19,101.065,Golden Sachs,5250.000000000005,Securitization (UMBS),103.19,1900.5000000000005,0.0,3349.5,-1900.5
5027103,235000.0,2.75,288,Refinancing,2021-09-17,103.19,102.72125,Storgan Manley,11750.000000000011,Securitization (UMBS),103.19,4253.500000000002,0.0,7496.5,-4253.5
5027125,255000.0,2.99,360,Cash-out refinance,2021-09-17,103.19,100.72125,Storgan Manley,12750.000000000011,Securitization (UMBS),103.19,4615.500000000001,0.0,8134.5,-4615.5
5027200,335000.0,3.25,360,Home purchase,2021-09-17,104.61,104.14125,Storgan Manley,16750.000000000015,Securitization (UMBS),104.61,1306.5000000000055,0.0,15443.5,-1306.5
5027205,145000.0,3.14,360,Refinancing,2021-09-17,103.19,101.44,Bank of Americans,7250.000000000006,Securitization (UMBS),103.19,2624.500000000001,0.0,4625.5,-2624.5
5027222,95000.0,2.375,180,Refinancing,2021-08-30,99.88,97.6925,Golden Sachs,4750.000000000005,Securitization (UMBS),99.88,4864.000000000013,0.0,-114.0,-4864.0
5027240,345000.0,2.99,360,Refinancing,2021-09-06,103.19,101.315,Bank of Americans,17250.000000000015,Securitization (UMBS),103.19,6244.500000000002,0.0,11005.5,-6244.5
5027284,235000.0,3.5,360,Cash-out refinance,2021-08-17,104.61,103.36,Bank of Americans,11750.000000000011,Securitization (UMBS),104.61,916.5000000000036,0.0,10833.5,-916.5
5027302,215000.0,2.99,360,Refinancing,2021-08-24,103.19,102.065,Bank of Americans,10750.00000000001,Securitization (UMBS),103.19,3891.500000000001,0.0,6858.5,-3891.5
5027467,105000.0,2.75,180,Refinancing,2021-08-26,104.17,102.3575,Bank of Americans,5250.000000000005,Securitization (UMBS),104.17,871.4999999999973,0.0,4378.5,-871.5
5027517,505000.0,3.375,360,Cash-out refinance,2021-08-26,104.61,0.0,Golden Sachs,25250.000000000022,Securitization (UMBS),104.61,1969.5000000000073,0.0,23280.5,-1969.5
5027522,225000.0,2.875,360,Cash-out refinance,2021-08-28,104.17,104.38875,Storgan Manley,11250.00000000001,Whole Loan Sale,104.38875,1867.4999999999927,0.0,9874.69,-1375.31
5027601,175000.0,2.75,240,Refinancing,2021-08-30,103.19,101.97125,Bank of Americans,8750.000000000007,Securitization (UMBS),103.19,3167.5,0.0,5582.5,-3167.5
5027642,265000.0,2.99,360,Home purchase,2021-08-30,103.19,102.34625,Storgan Manley,13250.000000000011,Securitization (UMBS),103.19,4796.5,0.0,8453.5,-4796.5
5027690,115000.0,2.625,96,Cash-out refinance,2021-08-31,103.03,102.68625,Storgan Manley,5750.0000000000055,Securitization (UMBS),103.03,2265.5000000000064,0.0,3484.5,-2265.5
5027853,135000.0,2.5,120,Cash-out refinance,2021-09-01,99.88,97.8175,Golden Sachs,6750.000000000006,Securitization (UMBS),99.88,6912.000000000018,0.0,-162.0,-6912.0
5027892,495000.0,3.125,360,Cash-out refinance,2021-09-01,103.19,100.97125,Storgan Manley,24750.000000000022,Securitization (UMBS),103.19,8959.500000000002,0.0,15790.5,-8959.5
5027926,195000.0,3.25,360,Home purchase,2021-09-01,104.61,104.26625,Storgan Manley,9750.00000000001,Securitization (UMBS),104.61,760.5000000000036,0.0,8989.5,-760.5
5028051,175000.0,2.99,360,Cash-out refinance,2021-09-02,103.19,103.40875,Storgan Manley,8750.000000000007,Whole Loan Sale,103.40875,3167.5,0.0,5965.31,-2784.69
5028085,95000.0,2.625,180,Refinancing,2021-09-02,99.88,98.91125,Storgan Manley,4750.000000000005,Securitization (UMBS),99.88,4864.000000000013,0.0,-114.0,-4864.0
5028116,825000.0,1.99,360,Refinancing,2021-09-02,97.45,96.29375,Storgan Manley,41250.00000000004,Securitization (UMBS),97.45,62287.500000000015,0.0,-21037.5,-62287.5
5028133,345000.0,2.99,240,Refinancing,2021-09-02,103.19,101.565,Bank of Americans,17250.000000000015,Securitization (UMBS),103.19,6244.500000000002,0.0,11005.5,-6244.5
5028169,615000.0,3.25,240,Cash-out refinance,2021-09-02,105.0,104.53125,Storgan Manley,30750.00000000003,Securitization (UMBS),105.0,0.0,0.0,30750.0,-0.0
5028214,135000.0,3.375,360,Cash-out refinance,2021-09-03,104.61,102.2975,Bank of Americans,6750.000000000006,Securitization (UMBS),104.61,526.5000000000027,0.0,6223.5,-526.5
5028243,225000.0,3.125,360,Cash-out refinance,2021-09-03,103.19,101.1275,Golden Sachs,11250.00000000001,Securitization (UMBS),103.19,4072.5,0.0,7177.5,-4072.5
5028269,465000.0,2.69,360,Refinancing,2021-09-03,99.88,98.255,Bank of Americans,23250.000000000022,Securitization (UMBS),99.88,23808.000000000065,0.0,-558.0,-23808.0
5028338,315000.0,3.25,360,Home purchase,2021-09-04,104.61,101.6725,Bank of Americans,15750.000000000015,Securitization (UMBS),104.61,1228.5000000000055,0.0,14521.5,-1228.5
5028339,215000.0,2.75,240,Refinancing,2021-09-04,103.19,102.34625,Storgan Manley,10750.00000000001,Securitization (UMBS),103.19,3891.500000000001,0.0,6858.5,-3891.5
5028374,475000.0,3.25,360,Refinancing,2021-09-04,105.0,102.6875,Bank of Americans,23750.000000000022,Securitization (UMBS),105.0,0.0,0.0,23750.0,-0.0
5028389,355000.0,2.875,360,Home purchase,2021-09-04,103.19,101.84625,Storgan Manley,17750.000000000015,Securitization (UMBS),103.19,6425.5,0.0,11324.5,-6425.5
5028409,335000.0,3.19,360,Refinancing,2021-09-06,103.19,101.97125,Bank of Americans,16750.000000000015,Securitization (UMBS),103.19,6063.500000000002,0.0,10686.5,-6063.5
5028513,495000.0,2.25,180,Refinancing,2021-09-06,99.88,98.755,Bank of Americans,24750.000000000022,Securitization (UMBS),99.88,25344.000000000065,0.0,-594.0,-25344.0
5028595,525000.0,1.99,360,Refinancing,2021-09-06,100.93,99.21125,Storgan Manley,26250.000000000022,Securitization (UMBS),100.93,21367.499999999978,0.0,4882.5,-21367.5
5028614,165000.0,2.99,360,Refinancing,2021-09-06,103.19,103.315,PJ Logan,8250.000000000007,Whole Loan Sale,103.315,2986.500000000001,0.0,5469.75,-2780.25
5028621,305000.0,2.75,360,Cash-out refinance,2021-09-07,103.19,102.90875,Storgan Manley,15250.000000000013,Securitization (UMBS),103.19,5520.5,0.0,9729.5,-5520.5
5028698,215000.0,2.25,180,Refinancing,2021-09-07,99.88,100.28625,Storgan Manley,10750.00000000001,Whole Loan Sale,100.28625,11008.00000000003,0.0,615.44,-10134.56
5028712,645000.0,2.875,360,Home purchase,2021-09-07,103.19,102.94,PJ Logan,32250.00000000003,Securitization (UMBS),103.19,11674.500000000004,0.0,20575.5,-11674.5
5028727,155000.0,2.75,240,Cash-out refinance,2021-09-08,103.19,102.94,PJ Logan,7750.000000000007,Securitization (UMBS),103.19,2805.500000000001,0.0,4944.5,-2805.5
5028729,205000.0,2.99,360,Refinancing,2021-09-08,103.19,102.94,PJ Logan,10250.00000000001,Securitization (UMBS),103.19,3710.500000000001,0.0,6539.5,-3710.5
5028771,155000.0,2.25,180,Refinancing,2021-09-08,103.03,102.7175,PJ Logan,7750.000000000007,Securitization (UMBS),103.03,3053.500000000008,0.0,4696.5,-3053.5
5028831,395000.0,2.69,360,Refinancing,2021-09-09,99.88,100.22375,Storgan Manley,19750.00000000002,Whole Loan Sale,100.22375,20224.000000000055,0.0,883.81,-18866.19
5028842,265000.0,2.875,360,Cash-out refinance,2021-09-10,103.19,103.40875,Storgan Manley,13250.000000000011,Whole Loan Sale,103.40875,4796.5,0.0,9033.19,-4216.81
5028876,175000.0,2.625,180,Cash-out refinance,2021-09-11,99.88,98.72375,Storgan Manley,8750.000000000007,Securitization (UMBS),99.88,8960.000000000024,0.0,-210.0,-8960.0
5028918,165000.0,3.625,360,Cash-out refinance,2021-09-11,104.61,105.01625,Storgan Manley,8250.000000000007,Whole Loan Sale,105.01625,643.5000000000027,0.0,8276.81,26.81
5028939,245000.0,2.99,216,Refinancing,2021-09-13,103.19,103.40875,Storgan Manley,12250.000000000011,Whole Loan Sale,103.40875,4434.500000000001,0.0,8351.44,-3898.56
5028953,115000.0,1.99,180,Refinancing,2021-09-13,100.93,100.77375,Storgan Manley,5750.0000000000055,Securitization (UMBS),100.93,4680.499999999995,0.0,1069.5,-4680.5
5028982,185000.0,2.875,360,Refinancing,2021-09-13,103.19,102.94,PJ Logan,9250.00000000001,Securitization (UMBS),103.19,3348.500000000002,0.0,5901.5,-3348.5
5029000,275000.0,2.75,300,Refinancing,2021-09-13,104.17,105.07625,Storgan Manley,13750.000000000013,Whole Loan Sale,105.07625,2282.4999999999927,0.0,13959.69,209.69
5029154,245000.0,3.125,240,Refinancing,2021-09-14,103.19,102.94,PJ Logan,12250.000000000011,Securitization (UMBS),103.19,4434.500000000001,0.0,7815.5,-4434.5
5029269,105000.0,3.375,180,Other,2021-09-14,104.61,104.95375,Storgan Manley,5250.000000000005,Whole Loan Sale,104.95375,409.5000000000018,0.0,5201.44,-48.56
5029276,265000.0,2.99,324,Refinancing,2021-09-14,103.19,102.94,PJ Logan,13250.000000000011,Securitization (UMBS),103.19,4796.5,0.0,8453.5,-4796.5
5029323,315000.0,2.75,360,Home purchase,2021-09-14,103.19,0.0,Golden Sachs,15750.000000000015,Securitization (UMBS),103.19,5701.500000000002,0.0,10048.5,-5701.5
5029334,355000.0,3.5,360,Cash-out refinance,2021-09-14,104.61,104.82875,Golden Sachs,17750.000000000015,Whole Loan Sale,104.82875,1384.5000000000036,0.0,17142.06,-607.94
5029389,175000.0,3.25,360,Refinancing,2021-09-15,104.61,104.36,PJ Logan,8750.000000000007,Securitization (UMBS),104.61,682.5000000000018,0.0,8067.5,-682.5
5029425,355000.0,3.375,360,Cash-out refinance,2021-09-15,104.61,104.36,PJ Logan,17750.000000000015,Securitization (UMBS),104.61,1384.5000000000036,0.0,16365.5,-1384.5
5029447,185000.0,3.375,360,Home purchase,2021-09-15,105.0,104.75,PJ Logan,9250.00000000001,Securitization (UMBS),105.0,0.0,0.0,9250.0,-0.0
5029512,355000.0,2.125,180,Cash-out refinance,2021-09-15,97.45,97.2,PJ Logan,17750.000000000015,Securitization (UMBS),97.45,26802.500000000004,0.0,-9052.5,-26802.5
5029539,505000.0,2.125,360,Refinancing,2021-09-16,97.45,97.85625,Storgan Manley,25250.000000000022,Whole Loan Sale,97.85625,38127.50000000001,0.0,-10825.94,-36075.94
5029581,195000.0,2.5,360,Other,2021-09-17,99.88,99.505,PJ Logan,9750.00000000001,Securitization (UMBS),99.88,9984.000000000027,0.0,-234.0,-9984.0
5029598,195000.0,3.25,360,Refinancing,2021-09-17,104.61,103.45375,Storgan Manley,9750.00000000001,Securitization (UMBS),104.61,760.5000000000036,0.0,8989.5,-760.5
5029624,445000.0,2.875,360,Cash-out refinance,2021-09-17,103.19,104.09625,Storgan Manley,22250.00000000002,Whole Loan Sale,104.09625,8054.5,0.0,18228.31,-4021.69
5029712,175000.0,2.94,360,Home purchase,2021-09-17,103.19,0.0,Golden Sachs,8750.000000000007,Securitization (UMBS),103.19,3167.5,0.0,5582.5,-3167.5
5029757,165000.0,2.99,360,Cash-out refinance,2021-09-17,103.19,103.53375,Storgan Manley,8250.000000000007,Whole Loan Sale,103.53375,2986.500000000001,0.0,5830.69,-2419.31
5029825,265000.0,3.375,360,Home purchase,2021-08-26,104.61,104.45375,Storgan Manley,13250.000000000011,Securitization (UMBS),104.61,1033.5000000000036,0.0,12216.5,-1033.5
5029833,485000.0,2.875,360,Refinancing,2021-08-20,103.19,103.59625,Storgan Manley,24250.000000000022,Whole Loan Sale,103.59625,8778.500000000002,0.0,17441.81,-6808.19
5029887,335000.0,2.99,360,Refinancing,2021-08-26,103.19,103.59625,Storgan Manley,16750.000000000015,Whole Loan Sale,103.59625,6063.500000000002,0.0,12047.44,-4702.56
5029952,795000.0,3.25,360,Cash-out refinance,2021-08-28,105.0,104.75,PJ Logan,39750.00000000004,Securitization (UMBS),105.0,0.0,0.0,39750.0,-0.0
5030075,215000.0,1.99,96,Home improvement,2021-08-30,97.45,97.29375,Storgan Manley,10750.00000000001,Securitization (UMBS),97.45,16232.500000000002,0.0,-5482.5,-16232.5
5030102,215000.0,1.99,180,Refinancing,2021-08-30,97.45,97.29375,Storgan Manley,10750.00000000001,Securitization (UMBS),97.45,16232.500000000002,0.0,-5482.5,-16232.5
5030106,255000.0,2.5,180,Cash-out refinance,2021-08-30,99.88,100.28625,Storgan Manley,12750.000000000011,Whole Loan Sale,100.28625,13056.000000000035,0.0,729.94,-12020.06
5030167,225000.0,3.125,360,Cash-out refinance,2021-08-30,103.19,103.59625,Storgan Manley,11250.00000000001,Whole Loan Sale,103.59625,4072.5,0.0,8091.56,-3158.44
5030170,515000.0,2.875,348,Refinancing,2021-09-02,103.19,102.72125,Golden Sachs,25750.000000000022,Securitization (UMBS),103.19,9321.5,0.0,16428.5,-9321.5
5030232,445000.0,2.875,360,Refinancing,2021-09-02,103.19,102.34625,Storgan Manley,22250.00000000002,Securitization (UMBS),103.19,8054.5,0.0,14195.5,-8054.5
5030295,295000.0,2.625,180,Refinancing,2021-09-03,99.88,99.03625,Storgan Manley,14750.000000000013,Securitization (UMBS),99.88,15104.00000000004,0.0,-354.0,-15104.0
5030362,285000.0,2.99,240,Refinancing,2021-09-03,103.19,102.34625,Storgan Manley,14250.000000000013,Securitization (UMBS),103.19,5158.500000000002,0.0,9091.5,-5158.5
5030438,135000.0,2.75,360,Refinancing,2021-09-04,103.19,103.40875,Storgan Manley,6750.000000000006,Whole Loan Sale,103.40875,2443.500000000001,0.0,4601.81,-2148.19
5030442,425000.0,2.75,360,Refinancing,2021-09-04,103.19,102.22125,Golden Sachs,21250.00000000002,Securitization (UMBS),103.19,7692.500000000002,0.0,13557.5,-7692.5
5030520,225000.0,3.375,360,Refinancing,2021-09-04,104.61,104.26625,Storgan Manley,11250.00000000001,Securitization (UMBS),104.61,877.5000000000018,0.0,10372.5,-877.5
5030525,335000.0,2.5,180,Cash-out refinance,2021-09-06,99.88,99.59875,Storgan Manley,16750.000000000015,Securitization (UMBS),99.88,17152.000000000044,0.0,-402.0,-17152.0
5030528,265000.0,2.875,360,Home purchase,2021-09-06,104.17,103.51375,Golden Sachs,13250.000000000011,Securitization (UMBS),104.17,2199.4999999999927,0.0,11050.5,-2199.5
5030556,225000.0,2.375,120,Refinancing,2021-09-07,99.88,99.03625,Storgan Manley,11250.00000000001,Securitization (UMBS),99.88,11520.00000000003,0.0,-270.0,-11520.0
5030579,415000.0,2.99,360,Refinancing,2021-09-07,103.19,102.72125,Golden Sachs,20750.00000000002,Securitization (UMBS),103.19,7511.500000000002,0.0,13238.5,-7511.5
5030625,265000.0,2.875,360,Home purchase,2021-09-07,103.19,102.34625,Storgan Manley,13250.000000000011,Securitization (UMBS),103.19,4796.5,2411.21,8453.5,-4796.5
5030710,305000.0,2.75,360,Cash-out refinance,2021-09-07,104.17,102.51375,Golden Sachs,15250.000000000013,Securitization (UMBS),104.17,2531.499999999991,0.0,12718.5,-2531.5
5030715,345000.0,2.75,324,Refinancing,2021-09-07,104.17,102.51375,Golden Sachs,17250.000000000015,Securitization (UMBS),104.17,2863.499999999991,0.0,14386.5,-2863.5
5030738,495000.0,3.375,360,Home purchase,2021-09-07,104.61,103.45375,Golden Sachs,24750.000000000022,Securitization (UMBS),104.61,1930.5000000000073,0.0,22819.5,-1930.5
5030752,165000.0,2.75,180,Refinancing,2021-09-08,103.19,101.65875,Storgan Manley,8250.000000000007,Securitization (UMBS),103.19,2986.500000000001,0.0,5263.5,-2986.5
5030756,205000.0,2.875,360,Cash-out refinance,2021-09-08,103.19,101.65875,Storgan Manley,10250.00000000001,Securitization (UMBS),103.19,3710.500000000001,0.0,6539.5,-3710.5
5030773,265000.0,4.25,360,Cash-out refinance,2021-09-08,105.78,104.74875,Storgan Manley,13250.000000000011,Securitization (UMBS),105.78,-2067.000000000009,0.0,15317.0,2067.0
5030799,455000.0,3.5,360,Cash-out refinance,2021-09-08,104.61,103.57875,Storgan Manley,22750.000000000022,Securitization (UMBS),104.61,1774.5000000000073,0.0,20975.5,-1774.5
5030808,515000.0,2.25,180,Refinancing,2021-09-08,99.88,98.34875,Storgan Manley,25750.000000000022,Securitization (UMBS),99.88,26368.00000000007,0.0,-618.0,-26368.0
5030836,275000.0,2.99,360,Home purchase,2021-09-09,103.19,101.65875,Storgan Manley,13750.000000000013,Securitization (UMBS),103.19,4977.500000000002,0.0,8772.5,-4977.5
5030881,115000.0,2.99,360,Cash-out refinance,2021-09-10,103.19,101.22125,Storgan Manley,5750.0000000000055,Securitization (UMBS),103.19,2081.500000000001,0.0,3668.5,-2081.5
5030888,185000.0,2.75,360,Cash-out refinance,2021-09-10,103.19,102.22125,Storgan Manley,9250.00000000001,Securitization (UMBS),103.19,3348.500000000002,0.0,5901.5,-3348.5
5030922,235000.0,2.99,360,Refinancing,2021-09-11,103.19,102.22125,Storgan Manley,11750.000000000011,Securitization (UMBS),103.19,4253.500000000002,0.0,7496.5,-4253.5
5031018,135000.0,3.25,360,Refinancing,2021-09-11,104.61,103.64125,Bank of Americans,6750.000000000006,Securitization (UMBS),104.61,526.5000000000027,0.0,6223.5,-526.5
5031088,245000.0,3.375,360,Cash-out refinance,2021-09-11,104.61,103.07875,Storgan Manley,12250.000000000011,Securitization (UMBS),104.61,955.5000000000036,0.0,11294.5,-955.5
5031103,85000.0,2.75,180,Refinancing,2021-09-13,103.19,101.65875,Storgan Manley,4250.000000000004,Securitization (UMBS),103.19,1538.5000000000005,0.0,2711.5,-1538.5
5031184,355000.0,2.875,360,Home purchase,2021-09-14,104.17,102.63875,Storgan Manley,17750.000000000015,Securitization (UMBS),104.17,2946.499999999989,0.0,14803.5,-2946.5
5031230,365000.0,3.875,360,Cash-out refinance,2021-09-14,105.77,104.73875,Storgan Manley,18250.000000000015,Securitization (UMBS),105.77,-2810.4999999999345,0.0,21060.5,2810.5
5031284,125000.0,3.375,360,Cash-out refinance,2021-09-14,104.61,104.14125,Storgan Manley,6250.0000000000055,Securitization (UMBS),104.61,487.5000000000018,0.0,5762.5,-487.5
5031364,155000.0,2.99,360,Cash-out refinance,2021-09-14,103.19,102.22125,Storgan Manley,7750.000000000007,Securitization (UMBS),103.19,2805.500000000001,0.0,4944.5,-2805.5
5031430,815000.0,3.25,360,Cash-out refinance,2021-09-15,105.0,104.53125,Storgan Manley,40750.00000000004,Securitization (UMBS),105.0,0.0,0.0,40750.0,-0.0
5031444,325000.0,2.5,180,Refinancing,2021-09-15,99.88,98.34875,Storgan Manley,16250.000000000015,Securitization (UMBS),99.88,16640.000000000044,0.0,-390.0,-16640.0
5031449,275000.0,3.125,360,Refinancing,2021-09-16,103.19,102.22125,Storgan Manley,13750.000000000013,Securitization (UMBS),103.19,4977.500000000002,0.0,8772.5,-4977.5
5031497,105000.0,2.875,180,Cash-out refinance,2021-09-17,103.19,102.22125,Storgan Manley,5250.000000000005,Securitization (UMBS),103.19,1900.5000000000005,0.0,3349.5,-1900.5
5031525,345000.0,2.94,360,Refinancing,2021-09-17,103.19,101.53375,Golden Sachs,17250.000000000015,Securitization (UMBS),103.19,6244.500000000002,0.0,11005.5,-6244.5
5031594,225000.0,2.375,360,Refinancing,2021-09-17,99.88,98.34875,Storgan Manley,11250.00000000001,Securitization (UMBS),99.88,11520.00000000003,0.0,-270.0,-11520.0
5031598,135000.0,2.99,360,Cash-out refinance,2021-09-17,104.17,102.63875,Storgan Manley,6750.000000000006,Securitization (UMBS),104.17,1120.4999999999973,0.0,5629.5,-1120.5
5031607,315000.0,2.5,240,Refinancing,2021-08-10,99.88,98.91125,Storgan Manley,15750.000000000015,Securitization (UMBS),99.88,16128.000000000044,0.0,-378.0,-16128.0
5031612,155000.0,2.875,360,Cash-out refinance,2021-09-04,103.19,101.90875,Golden Sachs,7750.000000000007,Securitization (UMBS),103.19,2805.500000000001,0.0,4944.5,-2805.5
5031637,125000.0,2.99,360,Refinancing,2021-09-03,103.19,101.53375,Golden Sachs,6250.0000000000055,Securitization (UMBS),103.19,2262.5000000000005,0.0,3987.5,-2262.5
5031640,355000.0,2.99,360,Cash-out refinance,2021-09-06,103.19,101.65875,Storgan Manley,17750.000000000015,Securitization (UMBS),103.19,6425.5,0.0,11324.5,-6425.5
5031782,455000.0,2.875,240,Refinancing,2021-09-06,103.19,101.84625,Golden Sachs,22750.000000000022,Securitization (UMBS),103.19,8235.500000000004,0.0,14514.5,-8235.5
5031853,205000.0,3.44,360,Home purchase,2021-08-25,104.61,102.82875,Golden Sachs,10250.00000000001,Securitization (UMBS),104.61,799.5000000000036,0.0,9450.5,-799.5
5031863,235000.0,2.875,360,Refinancing,2021-08-27,103.19,101.90875,Golden Sachs,11750.000000000011,Securitization (UMBS),103.19,4253.500000000002,0.0,7496.5,-4253.5
5031871,345000.0,2.5,240,Cash-out refinance,2021-08-28,99.88,98.03625,Golden Sachs,17250.000000000015,Securitization (UMBS),99.88,17664.000000000047,0.0,-414.0,-17664.0
5031971,335000.0,3.99,360,Home purchase,2021-08-28,105.77,103.98875,Golden Sachs,16750.000000000015,Securitization (UMBS),105.77,-2579.499999999938,0.0,19329.5,2579.5
5032011,175000.0,3.25,360,Refinancing,2021-08-30,104.61,102.82875,Golden Sachs,8750.000000000007,Securitization (UMBS),104.61,682.5000000000018,0.0,8067.5,-682.5
5032041,385000.0,2.69,360,Refinancing,2021-08-31,103.03,101.37375,Storgan Manley,19250.00000000002,Securitization (UMBS),103.03,7584.50000000002,0.0,11665.5,-7584.5
5032130,245000.0,2.25,180,Home purchase,2021-09-01,99.88,98.22375,Storgan Manley,12250.000000000011,Securitization (UMBS),99.88,12544.000000000033,0.0,-294.0,-12544.0
5032183,325000.0,3.125,360,Refinancing,2021-09-02,103.19,101.40875,Golden Sachs,16250.000000000015,Securitization (UMBS),103.19,5882.500000000002,0.0,10367.5,-5882.5
5032188,365000.0,2.99,360,Cash-out refinance,2021-09-02,103.19,101.40875,Golden Sachs,18250.000000000015,Securitization (UMBS),103.19,6606.5,0.0,11643.5,-6606.5
5032256,155000.0,2.875,360,Refinancing,2021-09-02,103.19,101.53375,Storgan Manley,7750.000000000007,Securitization (UMBS),103.19,2805.500000000001,0.0,4944.5,-2805.5
5032268,145000.0,2.75,360,Refinancing,2021-09-03,103.19,102.09625,Storgan Manley,7250.000000000006,Securitization (UMBS),103.19,2624.500000000001,0.0,4625.5,-2624.5
5032291,705000.0,2.625,360,Refinancing,2021-09-03,99.88,98.78625,Storgan Manley,35250.00000000003,Securitization (UMBS),99.88,36096.000000000095,0.0,-846.0,-36096.0
5032307,275000.0,2.99,360,Home purchase,2021-09-04,103.19,102.09625,Storgan Manley,13750.000000000013,Securitization (UMBS),103.19,4977.500000000002,0.0,8772.5,-4977.5
5032331,575000.0,3.5,360,Home purchase,2021-09-04,105.0,103.21875,Golden Sachs,28750.000000000025,Securitization (UMBS),105.0,0.0,0.0,28750.0,-0.0
5032354,535000.0,3.25,360,Cash-out refinance,2021-09-07,104.61,102.95375,Storgan Manley,26750.000000000025,Securitization (UMBS),104.61,2086.500000000011,0.0,24663.5,-2086.5
5032416,275000.0,2.69,360,Refinancing,2021-09-07,99.88,98.22375,Storgan Manley,13750.000000000013,Securitization (UMBS),99.88,14080.000000000038,0.0,-330.0,-14080.0
5032496,265000.0,2.25,180,Refinancing,2021-09-08,103.03,101.37375,Storgan Manley,13250.000000000011,Securitization (UMBS),103.03,5220.500000000013,0.0,8029.5,-5220.5
5032526,335000.0,2.99,324,Cash-out refinance,2021-09-09,103.19,101.53375,Storgan Manley,16750.000000000015,Securitization (UMBS),103.19,6063.500000000002,0.0,10686.5,-6063.5
5032580,125000.0,2.625,180,Refinancing,2021-09-09,99.88,98.78625,Storgan Manley,6250.0000000000055,Securitization (UMBS),99.88,6400.000000000016,0.0,-150.0,-6400.0
5032583,295000.0,2.99,360,Refinancing,2021-09-11,103.19,102.72125,Smells Largo,14750.000000000013,Securitization (UMBS),103.19,5339.500000000002,0.0,9410.5,-5339.5
5032594,155000.0,2.5,180,Cash-out refinance,2021-09-11,99.88,98.03625,Golden Sachs,7750.000000000007,Securitization (UMBS),99.88,7936.000000000021,0.0,-186.0,-7936.0
5032695,185000.0,2.875,360,Refinancing,2021-09-11,103.19,100.34625,Golden Sachs,9250.00000000001,Securitization (UMBS),103.19,3348.500000000002,0.0,5901.5,-3348.5
5032727,75000.0,3.5,360,Cash-out refinance,2021-09-13,104.61,102.82875,Golden Sachs,3750.000000000003,Securitization (UMBS),104.61,292.5000000000009,0.0,3457.5,-292.5
5032755,185000.0,3.625,360,Cash-out refinance,2021-09-13,104.61,103.20375,Golden Sachs,9250.00000000001,Securitization (UMBS),104.61,721.5000000000036,0.0,8528.5,-721.5
5032767,155000.0,3.25,360,Cash-out refinance,2021-09-15,104.61,103.51625,Storgan Manley,7750.000000000007,Securitization (UMBS),104.61,604.5000000000027,0.0,7145.5,-604.5
5032814,285000.0,2.375,180,Cash-out refinance,2021-09-16,103.03,102.56125,Smells Largo,14250.000000000013,Securitization (UMBS),103.03,5614.500000000015,0.0,8635.5,-5614.5
5032818,175000.0,3.125,360,Refinancing,2021-09-16,103.19,100.40875,Golden Sachs,8750.000000000007,Securitization (UMBS),103.19,3167.5,0.0,5582.5,-3167.5
5032966,295000.0,2.25,180,Refinancing,2021-09-16,99.88,98.09875,Golden Sachs,14750.000000000013,Securitization (UMBS),99.88,15104.00000000004,0.0,-354.0,-15104.0
5032997,205000.0,2.99,360,Refinancing,2021-09-17,103.19,101.40875,Golden Sachs,10250.00000000001,Securitization (UMBS),103.19,3710.500000000001,0.0,6539.5,-3710.5
5032999,95000.0,2.99,360,Cash-out refinance,2021-09-17,103.19,101.28375,Golden Sachs,4750.000000000005,Securitization (UMBS),103.19,1719.500000000001,0.0,3030.5,-1719.5
5033058,585000.0,2.875,360,Refinancing,2021-09-17,104.17,102.82625,Golden Sachs,29250.000000000025,Securitization (UMBS),104.17,4855.499999999985,0.0,24394.5,-4855.5
5033084,505000.0,1.99,180,Refinancing,2021-09-17,97.45,95.60625,Golden Sachs,25250.000000000022,Securitization (UMBS),97.45,38127.50000000001,0.0,-12877.5,-38127.5
5033159,115000.0,2.99,240,Refinancing,2021-09-01,103.19,101.28375,Golden Sachs,5750.0000000000055,Securitization (UMBS),103.19,2081.500000000001,0.0,3668.5,-2081.5
5033165,205000.0,2.75,360,Refinancing,2021-08-26,103.19,101.72125,Golden Sachs,10250.00000000001,Securitization (UMBS),103.19,3710.500000000001,0.0,6539.5,-3710.5
5033179,395000.0,2.375,180,Cash-out refinance,2021-08-20,99.88,98.41125,Golden Sachs,19750.00000000002,Securitization (UMBS),99.88,20224.000000000055,0.0,-474.0,-20224.0
5033259,145000.0,3.375,324,Refinancing,2021-08-23,104.61,103.26625,Golden Sachs,7250.000000000006,Securitization (UMBS),104.61,565.5000000000018,0.0,6684.5,-565.5
5033382,335000.0,2.75,240,Cash-out refinance,2021-08-28,103.19,101.90875,Golden Sachs,16750.000000000015,Securitization (UMBS),103.19,6063.500000000002,0.0,10686.5,-6063.5
5033415,585000.0,2.75,240,Refinancing,2021-08-31,103.19,103.03375,Storgan Manley,29250.000000000025,Securitization (UMBS),103.19,10588.500000000004,0.0,18661.5,-10588.5
5033557,305000.0,2.875,360,Home purchase,2021-09-01,103.19,103.59625,Storgan Manley,15250.000000000013,Whole Loan Sale,103.59625,5520.5,0.0,10968.56,-4281.44
5033570,545000.0,2.5,240,Home purchase,2021-09-01,99.88,99.53625,Storgan Manley,27250.000000000025,Securitization (UMBS),99.88,27904.000000000073,0.0,-654.0,-27904.0
5033605,285000.0,3.375,360,Cash-out refinance,2021-09-01,104.61,103.64125,Storgan Manley,14250.000000000013,Securitization (UMBS),104.61,1111.5000000000036,0.0,13138.5,-1111.5
5033657,245000.0,2.875,360,Cash-out refinance,2021-09-01,104.17,102.45125,Golden Sachs,12250.000000000011,Securitization (UMBS),104.17,2033.4999999999945,0.0,10216.5,-2033.5
5033743,305000.0,2.25,180,Refinancing,2021-09-02,99.88,98.78625,Storgan Manley,15250.000000000013,Securitization (UMBS),99.88,15616.00000000004,0.0,-366.0,-15616.0
5033750,205000.0,2.99,360,Refinancing,2021-09-02,103.19,102.8775,PJ Logan,10250.00000000001,Securitization (UMBS),103.19,3710.500000000001,0.0,6539.5,-3710.5
5033774,275000.0,3.25,360,Refinancing,2021-09-02,104.61,103.07875,Storgan Manley,13750.000000000013,Securitization (UMBS),104.61,1072.5000000000036,0.0,12677.5,-1072.5
5033835,155000.0,3.875,360,Home purchase,2021-09-02,105.77,105.0825,Golden Sachs,7750.000000000007,Securitization (UMBS),105.77,-1193.499999999971,0.0,8943.5,1193.5
5033934,365000.0,3.125,360,Refinancing,2021-09-02,103.19,103.03375,Storgan Manley,18250.000000000015,Securitization (UMBS),103.19,6606.5,0.0,11643.5,-6606.5
5033957,105000.0,2.75,360,Refinancing,2021-09-03,103.19,103.59625,Storgan Manley,5250.000000000005,Whole Loan Sale,103.59625,1900.5000000000005,0.0,3776.06,-1473.94
5034021,185000.0,2.875,216,Refinancing,2021-09-04,103.19,103.40875,Golden Sachs,9250.00000000001,Whole Loan Sale,103.40875,3348.500000000002,0.0,6306.19,-2943.81
5034076,265000.0,2.5,180,Refinancing,2021-09-04,99.88,98.78625,Storgan Manley,13250.000000000011,Securitization (UMBS),99.88,13568.000000000035,0.0,-318.0,-13568.0
5034081,135000.0,3.375,360,Refinancing,2021-09-04,104.61,103.32875,Golden Sachs,6750.000000000006,Securitization (UMBS),104.61,526.5000000000027,0.0,6223.5,-526.5
5034222,185000.0,2.375,180,Refinancing,2021-09-06,99.88,99.34875,Storgan Manley,9250.00000000001,Securitization (UMBS),99.88,9472.000000000025,0.0,-222.0,-9472.0
5034351,735000.0,3.75,360,Refinancing,2021-09-06,105.77,104.80125,Golden Sachs,36750.00000000003,Securitization (UMBS),105.77,-5659.499999999869,0.0,42409.5,5659.5
5034405,365000.0,2.94,360,Refinancing,2021-09-06,103.19,102.22125,Storgan Manley,18250.000000000015,Securitization (UMBS),103.19,6606.5,0.0,11643.5,-6606.5
5034563,365000.0,2.99,360,Refinancing,2021-09-06,103.19,101.53375,Storgan Manley,18250.000000000015,Securitization (UMBS),103.19,6606.5,0.0,11643.5,-6606.5
5034677,315000.0,2.875,360,Home purchase,2021-09-07,103.19,101.40875,Golden Sachs,15750.000000000015,Securitization (UMBS),103.19,5701.500000000002,0.0,10048.5,-5701.5
5034679,505000.0,2.75,180,Cash-out refinance,2021-09-07,103.19,101.34625,Golden Sachs,25250.000000000022,Securitization (UMBS),103.19,9140.500000000002,0.0,16109.5,-9140.5
5034977,175000.0,2.875,360,Cash-out refinance,2021-09-08,104.17,103.57625,Storgan Manley,8750.000000000007,Securitization (UMBS),104.17,1452.4999999999945,0.0,7297.5,-1452.5
5035019,405000.0,3.375,360,Cash-out refinance,2021-09-08,104.61,103.4225,Golden Sachs,20250.00000000002,Securitization (UMBS),104.61,1579.5000000000073,0.0,18670.5,-1579.5
5035138,215000.0,1.875,120,Refinancing,2021-09-08,97.45,98.35625,Storgan Manley,10750.00000000001,Whole Loan Sale,98.35625,16232.500000000002,0.0,-3534.06,-14284.06
5035141,355000.0,2.875,360,Cash-out refinance,2021-09-08,104.17,103.13875,Golden Sachs,17750.000000000015,Securitization (UMBS),104.17,2946.499999999989,0.0,14803.5,-2946.5
5035158,245000.0,2.875,180,Refinancing,2021-09-08,103.19,101.40875,Golden Sachs,12250.000000000011,Securitization (UMBS),103.19,4434.500000000001,0.0,7815.5,-4434.5
5035180,205000.0,2.75,360,Cash-out refinance,2021-09-09,103.19,101.40875,Golden Sachs,10250.00000000001,Securitization (UMBS),103.19,3710.500000000001,0.0,6539.5,-3710.5
5035198,135000.0,3.25,360,Refinancing,2021-09-09,104.61,104.01625,Storgan Manley,6750.000000000006,Securitization (UMBS),104.61,526.5000000000027,0.0,6223.5,-526.5
5035435,95000.0,2.875,180,Home purchase,2021-09-10,103.19,103.03375,Storgan Manley,4750.000000000005,Securitization (UMBS),103.19,1719.500000000001,0.0,3030.5,-1719.5
5035574,195000.0,2.99,360,Cash-out refinance,2021-09-11,103.19,101.53375,Golden Sachs,9750.00000000001,Securitization (UMBS),103.19,3529.500000000002,0.0,6220.5,-3529.5
5035609,495000.0,2.125,180,Refinancing,2021-09-11,97.45,97.16875,Storgan Manley,24750.000000000022,Securitization (UMBS),97.45,37372.50000000001,0.0,-12622.5,-37372.5
5035663,155000.0,2.99,360,Refinancing,2021-09-11,103.19,102.22125,Storgan Manley,7750.000000000007,Securitization (UMBS),103.19,2805.500000000001,0.0,4944.5,-2805.5
5035797,485000.0,3.19,360,Cash-out refinance,2021-09-11,103.19,102.03375,Storgan Manley,24250.000000000022,Securitization (UMBS),103.19,8778.500000000002,0.0,15471.5,-8778.5
5035802,245000.0,2.75,360,Home purchase,2021-09-11,103.19,101.40875,Golden Sachs,12250.000000000011,Securitization (UMBS),103.19,4434.500000000001,0.0,7815.5,-4434.5
5035805,355000.0,2.99,240,Refinancing,2021-09-11,103.19,103.03375,Storgan Manley,17750.000000000015,Securitization (UMBS),103.19,6425.5,0.0,11324.5,-6425.5
5035837,235000.0,3.19,360,Cash-out refinance,2021-09-13,103.19,103.03375,Storgan Manley,11750.000000000011,Securitization (UMBS),103.19,4253.500000000002,0.0,7496.5,-4253.5
5035923,605000.0,3.5,360,Home purchase,2021-09-13,105.0,104.03125,Golden Sachs,30250.000000000025,Securitization (UMBS),105.0,0.0,0.0,30250.0,-0.0
5035940,165000.0,2.875,360,Cash-out refinance,2021-09-14,103.19,102.72125,Golden Sachs,8250.000000000007,Securitization (UMBS),103.19,2986.500000000001,0.0,5263.5,-2986.5
5035950,95000.0,3.25,360,Cash-out refinance,2021-09-14,104.61,102.95375,Golden Sachs,4750.000000000005,Securitization (UMBS),104.61,370.5000000000018,0.0,4379.5,-370.5
5035974,155000.0,2.75,180,Refinancing,2021-09-14,103.19,101.53375,Golden Sachs,7750.000000000007,Securitization (UMBS),103.19,2805.500000000001,0.0,4944.5,-2805.5
5035981,375000.0,2.75,360,Refinancing,2021-09-14,103.19,102.94,PJ Logan,18750.00000000002,Securitization (UMBS),103.19,6787.500000000004,0.0,11962.5,-6787.5
5035986,115000.0,2.75,132,Refinancing,2021-09-15,103.19,101.65875,Storgan Manley,5750.0000000000055,Securitization (UMBS),103.19,2081.500000000001,0.0,3668.5,-2081.5
5036018,305000.0,3.25,360,Cash-out refinance,2021-09-16,104.61,103.20375,Golden Sachs,15250.000000000013,Securitization (UMBS),104.61,1189.5000000000036,0.0,14060.5,-1189.5
5036109,245000.0,2.375,180,Cash-out refinance,2021-09-16,103.03,101.18625,Golden Sachs,12250.000000000011,Securitization (UMBS),103.03,4826.500000000013,0.0,7423.5,-4826.5
5036188,255000.0,2.99,300,Refinancing,2021-09-16,103.19,101.53375,Golden Sachs,12750.000000000011,Securitization (UMBS),103.19,4615.500000000001,0.0,8134.5,-4615.5
5036330,175000.0,2.99,360,Other,2021-09-16,103.19,101.90875,Golden Sachs,8750.000000000007,Securitization (UMBS),103.19,3167.5,0.0,5582.5,-3167.5
5036345,155000.0,3.25,360,Cash-out refinance,2021-09-16,104.61,104.2975,PJ Logan,7750.000000000007,Securitization (UMBS),104.61,604.5000000000027,0.0,7145.5,-604.5
5036353,405000.0,2.875,360,Refinancing,2021-09-16,103.19,103.34625,Golden Sachs,20250.00000000002,Whole Loan Sale,103.34625,7330.500000000002,0.0,13552.31,-6697.69
5036360,105000.0,3.25,360,Other,2021-09-17,104.61,102.82875,Golden Sachs,5250.000000000005,Securitization (UMBS),104.61,409.5000000000018,0.0,4840.5,-409.5
5036432,505000.0,2.875,360,Home purchase,2021-09-17,103.19,101.72125,Golden Sachs,25250.000000000022,Securitization (UMBS),103.19,9140.500000000002,0.0,16109.5,-9140.5
5036443,395000.0,2.125,180,Cash-out refinance,2021-09-17,97.45,97.29375,Storgan Manley,19750.00000000002,Securitization (UMBS),97.45,29822.500000000007,0.0,-10072.5,-29822.5
5036455,445000.0,1.75,360,Refinancing,2021-08-24,97.45,98.35625,Storgan Manley,22250.00000000002,Whole Loan Sale,98.35625,33597.5,0.0,-7314.69,-29564.69
5036474,295000.0,2.99,240,Cash-out refinance,2021-09-01,103.19,104.65875,Golden Sachs,14750.000000000013,Whole Loan Sale,104.65875,5339.500000000002,0.0,13743.31,-1006.69
5036505,475000.0,2.875,360,Home purchase,2021-09-16,103.19,103.53375,Storgan Manley,23750.000000000022,Whole Loan Sale,103.53375,8597.500000000004,0.0,16785.31,-6964.69
5036516,435000.0,2.875,360,Cash-out refinance,2021-09-17,103.19,102.90875,Storgan Manley,21750.00000000002,Securitization (UMBS),103.19,7873.500000000002,0.0,13876.5,-7873.5
5036559,265000.0,3.5,360,Cash-out refinance,2021-08-24,104.61,102.76625,Golden Sachs,13250.000000000011,Securitization (UMBS),104.61,1033.5000000000036,0.0,12216.5,-1033.5
5036623,125000.0,3.25,240,Cash-out refinance,2021-08-25,104.61,103.07875,Golden Sachs,6250.0000000000055,Securitization (UMBS),104.61,487.5000000000018,0.0,5762.5,-487.5
5036748,235000.0,2.75,360,Cash-out refinance,2021-08-26,103.19,102.22125,Golden Sachs,11750.000000000011,Securitization (UMBS),103.19,4253.500000000002,0.0,7496.5,-4253.5
5036815,325000.0,2.75,360,Refinancing,2021-08-30,103.19,101.53375,Storgan Manley,16250.000000000015,Securitization (UMBS),103.19,5882.500000000002,0.0,10367.5,-5882.5
5036817,285000.0,2.99,360,Home purchase,2021-08-30,103.19,103.59625,Storgan Manley,14250.000000000013,Whole Loan Sale,103.59625,5158.500000000002,0.0,10249.31,-4000.69
5036829,345000.0,3.5,360,Home purchase,2021-09-01,104.61,103.76625,Storgan Manley,17250.000000000015,Securitization (UMBS),104.61,1345.5000000000036,0.0,15904.5,-1345.5
5036843,125000.0,2.375,120,Home purchase,2021-09-01,103.03,101.99875,Storgan Manley,6250.0000000000055,Securitization (UMBS),103.03,2462.5000000000064,0.0,3787.5,-2462.5
5036899,185000.0,2.25,120,Refinancing,2021-09-01,103.03,101.93625,Storgan Manley,9250.00000000001,Securitization (UMBS),103.03,3644.50000000001,0.0,5605.5,-3644.5
5036989,345000.0,3.5,360,Refinancing,2021-09-01,104.61,102.95375,Storgan Manley,17250.000000000015,Securitization (UMBS),104.61,1345.5000000000036,0.0,15904.5,-1345.5
5037134,265000.0,3.25,360,Cash-out refinance,2021-09-01,105.0,105.34375,Storgan Manley,13250.000000000011,Whole Loan Sale,105.34375,0.0,0.0,14160.94,910.94
5037214,985000.0,2.99,360,Refinancing,2021-09-02,103.19,102.94,PJ Logan,49250.000000000044,Securitization (UMBS),103.19,17828.500000000004,0.0,31421.5,-17828.5
5037254,255000.0,2.99,360,Cash-out refinance,2021-09-02,103.19,101.53375,Storgan Manley,12750.000000000011,Securitization (UMBS),103.19,4615.500000000001,0.0,8134.5,-4615.5
5037261,525000.0,2.69,360,Refinancing,2021-09-02,99.88,98.22375,Storgan Manley,26250.000000000022,Securitization (UMBS),99.88,26880.00000000007,0.0,-630.0,-26880.0
5037281,185000.0,2.5,240,Cash-out refinance,2021-09-02,99.88,98.66125,Golden Sachs,9250.00000000001,Securitization (UMBS),99.88,9472.000000000025,0.0,-222.0,-9472.0
5037285,75000.0,2.25,180,Refinancing,2021-09-04,99.88,98.78625,Storgan Manley,3750.000000000003,Securitization (UMBS),99.88,3840.00000000001,0.0,-90.0,-3840.0
5037315,195000.0,3.125,360,Cash-out refinance,2021-09-04,103.19,101.90875,Golden Sachs,9750.00000000001,Securitization (UMBS),103.19,3529.500000000002,0.0,6220.5,-3529.5
5037396,405000.0,2.99,360,Refinancing,2021-09-06,104.17,105.17,PJ Logan,20250.00000000002,Whole Loan Sale,105.17,3361.499999999989,0.0,20938.5,688.5
5037514,235000.0,2.99,360,Refinancing,2021-09-06,103.19,102.22125,Storgan Manley,11750.000000000011,Securitization (UMBS),103.19,4253.500000000002,0.0,7496.5,-4253.5
5037544,285000.0,2.75,360,Refinancing,2021-09-06,103.19,102.03375,Storgan Manley,14250.000000000013,Securitization (UMBS),103.19,5158.500000000002,0.0,9091.5,-5158.5
5037583,135000.0,2.75,360,Refinancing,2021-09-07,103.19,101.5025,Golden Sachs,6750.000000000006,Securitization (UMBS),103.19,2443.500000000001,0.0,4306.5,-2443.5
5037638,405000.0,2.99,360,Cash-out refinance,2021-09-07,103.19,102.94,PJ Logan,20250.00000000002,Securitization (UMBS),103.19,7330.500000000002,0.0,12919.5,-7330.5
5024036,205000.0,2.875,180,Cash-out refinance,2021-09-07,103.19,103.53375,Storgan Manley,10250.00000000001,Whole Loan Sale,103.53375,3710.500000000001,0.0,7244.19,-3005.81
5024056,105000.0,3.5,360,Refinancing,2021-09-07,104.61,103.45375,Golden Sachs,5250.000000000005,Securitization (UMBS),104.61,409.5000000000018,0.0,4840.5,-409.5
5024140,715000.0,4.25,360,Cash-out refinance,2021-09-08,107.09,105.55875,Storgan Manley,35750.00000000003,Securitization (UMBS),107.09,-14943.499999999942,0.0,50693.5,14943.5
5024151,375000.0,3.375,360,Home purchase,2021-09-08,104.61,104.51625,Storgan Manley,18750.00000000002,Securitization (UMBS),104.61,1462.5000000000073,0.0,17287.5,-1462.5
5024154,235000.0,2.25,180,Refinancing,2021-09-09,99.88,99.03625,Storgan Manley,11750.000000000011,Securitization (UMBS),99.88,12032.000000000033,0.0,-282.0,-12032.0
5024172,235000.0,3.5,360,Cash-out refinance,2021-09-09,104.61,104.82875,Golden Sachs,11750.000000000011,Whole Loan Sale,104.82875,916.5000000000036,0.0,11347.56,-402.44
5024219,465000.0,2.99,360,Cash-out refinance,2021-09-09,103.19,103.40875,Storgan Manley,23250.000000000022,Whole Loan Sale,103.40875,8416.500000000004,0.0,15850.69,-7399.31
5024261,365000.0,3.25,360,Cash-out refinance,2021-09-10,105.0,104.75,PJ Logan,18250.000000000015,Securitization (UMBS),105.0,0.0,0.0,18250.0,-0.0
5024482,135000.0,2.75,120,Refinancing,2021-09-11,103.19,103.59625,Storgan Manley,6750.000000000006,Whole Loan Sale,103.59625,2443.500000000001,0.0,4854.94,-1895.06
5024489,265000.0,3.375,360,Refinancing,2021-09-11,104.61,104.01625,Storgan Manley,13250.000000000011,Securitization (UMBS),104.61,1033.5000000000036,0.0,12216.5,-1033.5
5024574,775000.0,3.125,360,Home purchase,2021-09-11,103.19,102.90875,Storgan Manley,38750.00000000004,Securitization (UMBS),103.19,14027.500000000007,524.31,24722.5,-14027.5
5024610,105000.0,3.25,360,Home purchase,2021-09-13,104.61,102.82875,Golden Sachs,5250.000000000005,Securitization (UMBS),104.61,409.5000000000018,0.0,4840.5,-409.5
5024651,185000.0,2.99,360,Home purchase,2021-09-13,103.19,102.34625,Storgan Manley,9250.00000000001,Securitization (UMBS),103.19,3348.500000000002,0.0,5901.5,-3348.5
5024673,175000.0,2.875,240,Cash-out refinance,2021-09-14,103.19,101.40875,Golden Sachs,8750.000000000007,Securitization (UMBS),103.19,3167.5,0.0,5582.5,-3167.5
5024676,395000.0,2.99,360,Cash-out refinance,2021-09-14,103.19,103.03375,Storgan Manley,19750.00000000002,Securitization (UMBS),103.19,7149.500000000002,0.0,12600.5,-7149.5
5024700,545000.0,2.69,360,Cash-out refinance,2021-09-14,99.88,99.03625,Storgan Manley,27250.000000000025,Securitization (UMBS),99.88,27904.000000000073,0.0,-654.0,-27904.0
5024763,185000.0,2.99,360,Cash-out refinance,2021-09-14,104.17,103.01375,Golden Sachs,9250.00000000001,Securitization (UMBS),104.17,1535.4999999999964,0.0,7714.5,-1535.5
5024893,185000.0,1.99,180,Refinancing,2021-09-14,100.93,100.6175,PJ Logan,9250.00000000001,Securitization (UMBS),100.93,7529.499999999993,0.0,1720.5,-7529.5
5024958,305000.0,3.19,360,Cash-out refinance,2021-09-15,103.19,102.59625,Storgan Manley,15250.000000000013,Securitization (UMBS),103.19,5520.5,0.0,9729.5,-5520.5
5024967,485000.0,2.99,360,Refinancing,2021-09-15,103.19,103.03375,Storgan Manley,24250.000000000022,Securitization (UMBS),103.19,8778.500000000002,0.0,15471.5,-8778.5
5025180,225000.0,2.875,360,Refinancing,2021-09-16,103.19,101.65875,Storgan Manley,11250.00000000001,Securitization (UMBS),103.19,4072.5,0.0,7177.5,-4072.5
5025229,255000.0,2.99,360,Cash-out refinance,2021-09-17,104.17,102.51375,Golden Sachs,12750.000000000011,Securitization (UMBS),104.17,2116.4999999999927,0.0,10633.5,-2116.5
5025240,175000.0,2.99,360,Home purchase,2021-09-17,103.19,102.84625,Storgan Manley,8750.000000000007,Securitization (UMBS),103.19,3167.5,0.0,5582.5,-3167.5
5025248,445000.0,2.25,180,Refinancing,2021-09-17,99.88,98.09875,Golden Sachs,22250.00000000002,Securitization (UMBS),99.88,22784.00000000006,0.0,-534.0,-22784.0
5025265,235000.0,3.25,360,Refinancing,2021-08-31,104.61,103.51625,Storgan Manley,11750.000000000011,Securitization (UMBS),104.61,916.5000000000036,0.0,10833.5,-916.5
5025324,295000.0,3.25,360,Cash-out refinance,2021-09-15,104.61,104.26625,Storgan Manley,14750.000000000013,Securitization (UMBS),104.61,1150.5000000000036,0.0,13599.5,-1150.5
5025325,545000.0,2.125,180,Home purchase,2021-08-24,97.45,97.16875,Storgan Manley,27250.000000000025,Securitization (UMBS),97.45,41147.50000000001,0.0,-13897.5,-41147.5
5025388,215000.0,2.99,360,Home purchase,2021-08-25,103.19,102.59625,Storgan Manley,10750.00000000001,Securitization (UMBS),103.19,3891.500000000001,0.0,6858.5,-3891.5
5025389,695000.0,3.125,360,Home purchase,2021-08-25,103.19,104.09625,Storgan Manley,34750.00000000003,Whole Loan Sale,104.09625,12579.5,0.0,28468.94,-6281.06
5025594,135000.0,3.375,360,Refinancing,2021-08-25,104.61,105.01625,Storgan Manley,6750.000000000006,Whole Loan Sale,105.01625,526.5000000000027,0.0,6771.94,21.94
5025609,145000.0,3.25,360,Cash-out refinance,2021-08-27,105.0,103.34375,Golden Sachs,7250.000000000006,Securitization (UMBS),105.0,0.0,0.0,7250.0,-0.0
5025618,265000.0,2.99,360,Cash-out refinance,2021-08-30,103.19,101.90875,Golden Sachs,13250.000000000011,Securitization (UMBS),103.19,4796.5,0.0,8453.5,-4796.5
5025650,395000.0,2.69,360,Refinancing,2021-08-31,99.88,100.28625,Storgan Manley,19750.00000000002,Whole Loan Sale,100.28625,20224.000000000055,0.0,1130.69,-18619.31
5025733,305000.0,2.875,360,Cash-out refinance,2021-09-01,103.19,102.94,PJ Logan,15250.000000000013,Securitization (UMBS),103.19,5520.5,0.0,9729.5,-5520.5
5025745,145000.0,2.875,240,Refinancing,2021-09-01,103.19,103.53375,Storgan Manley,7250.000000000006,Whole Loan Sale,103.53375,2624.500000000001,0.0,5123.94,-2126.06
5025753,185000.0,2.99,360,Refinancing,2021-09-02,103.19,102.84625,Storgan Manley,9250.00000000001,Securitization (UMBS),103.19,3348.500000000002,0.0,5901.5,-3348.5
5025764,235000.0,2.99,360,Cash-out refinance,2021-09-03,103.19,101.65875,Storgan Manley,11750.000000000011,Securitization (UMBS),103.19,4253.500000000002,0.0,7496.5,-4253.5
5025786,245000.0,2.99,360,Home purchase,2021-09-04,103.19,101.47125,Golden Sachs,12250.000000000011,Securitization (UMBS),103.19,4434.500000000001,0.0,7815.5,-4434.5
5025811,255000.0,2.99,360,Cash-out refinance,2021-09-04,103.19,101.90875,Golden Sachs,12750.000000000011,Securitization (UMBS),103.19,4615.500000000001,0.0,8134.5,-4615.5
5025827,145000.0,2.99,240,Cash-out refinance,2021-09-06,103.19,101.40875,Golden Sachs,7250.000000000006,Securitization (UMBS),103.19,2624.500000000001,0.0,4625.5,-2624.5
5025829,305000.0,3.25,360,Home purchase,2021-09-06,104.61,103.07875,Storgan Manley,15250.000000000013,Securitization (UMBS),104.61,1189.5000000000036,0.0,14060.5,-1189.5
5025864,315000.0,2.99,360,Refinancing,2021-09-07,103.19,101.84625,Golden Sachs,15750.000000000015,Securitization (UMBS),103.19,5701.500000000002,0.0,10048.5,-5701.5
5025916,85000.0,2.75,144,Refinancing,2021-09-09,103.19,101.34625,Golden Sachs,4250.000000000004,Securitization (UMBS),103.19,1538.5000000000005,0.0,2711.5,-1538.5
5025959,335000.0,2.5,180,Cash-out refinance,2021-09-10,99.88,99.5675,PJ Logan,16750.000000000015,Securitization (UMBS),99.88,17152.000000000044,0.0,-402.0,-17152.0
5026100,485000.0,2.75,180,Refinancing,2021-09-10,103.19,103.40875,Storgan Manley,24250.000000000022,Whole Loan Sale,103.40875,8778.500000000002,0.0,16532.44,-7717.56
5026145,535000.0,2.875,360,Refinancing,2021-09-10,103.19,102.0025,Golden Sachs,26750.000000000025,Securitization (UMBS),103.19,9683.500000000004,0.0,17066.5,-9683.5
5026166,75000.0,3.125,240,Refinancing,2021-09-10,104.17,104.38875,Golden Sachs,3750.000000000003,Whole Loan Sale,104.38875,622.4999999999977,0.0,3291.56,-458.44
5026168,265000.0,3.25,360,Home purchase,2021-09-11,104.61,104.36,PJ Logan,13250.000000000011,Securitization (UMBS),104.61,1033.5000000000036,0.0,12216.5,-1033.5
5026487,455000.0,2.875,360,Home purchase,2021-09-13,103.19,102.22125,Golden Sachs,22750.000000000022,Securitization (UMBS),103.19,8235.500000000004,0.0,14514.5,-8235.5
5026564,365000.0,2.75,360,Refinancing,2021-09-13,103.19,101.65875,Storgan Manley,18250.000000000015,Securitization (UMBS),103.19,6606.5,0.0,11643.5,-6606.5
5026570,295000.0,2.25,168,Refinancing,2021-09-14,99.88,98.59875,Golden Sachs,14750.000000000013,Securitization (UMBS),99.88,15104.00000000004,0.0,-354.0,-15104.0
5026581,75000.0,3.375,324,Refinancing,2021-09-14,104.61,103.26625,Golden Sachs,3750.000000000003,Securitization (UMBS),104.61,292.5000000000009,0.0,3457.5,-292.5
5026600,165000.0,2.75,180,Refinancing,2021-09-14,103.19,103.40875,Golden Sachs,8250.000000000007,Whole Loan Sale,103.40875,2986.500000000001,0.0,5624.44,-2625.56
5026630,155000.0,2.625,240,Cash-out refinance,2021-09-15,99.88,100.09875,Golden Sachs,7750.000000000007,Whole Loan Sale,100.09875,7936.000000000021,0.0,153.06,-7596.94
5026750,235000.0,2.875,360,Cash-out refinance,2021-09-15,103.19,102.8775,PJ Logan,11750.000000000011,Securitization (UMBS),103.19,4253.500000000002,0.0,7496.5,-4253.5
5026763,215000.0,3.125,360,Home purchase,2021-09-16,103.19,104.09625,Storgan Manley,10750.00000000001,Whole Loan Sale,104.09625,3891.500000000001,0.0,8806.94,-1943.06
5026768,545000.0,3.375,360,Cash-out refinance,2021-09-16,105.0,104.65625,Storgan Manley,27250.000000000025,Securitization (UMBS),105.0,0.0,0.0,27250.0,-0.0
5026772,165000.0,3.5,360,Home purchase,2021-09-16,104.61,103.57875,Storgan Manley,8250.000000000007,Securitization (UMBS),104.61,643.5000000000027,0.0,7606.5,-643.5
5026795,275000.0,2.99,360,Refinancing,2021-09-16,103.19,101.53375,Storgan Manley,13750.000000000013,Securitization (UMBS),103.19,4977.500000000002,0.0,8772.5,-4977.5
5026857,155000.0,3.25,360,Cash-out refinance,2021-09-16,104.61,0.0,Golden Sachs,7750.000000000007,Securitization (UMBS),104.61,604.5000000000027,0.0,7145.5,-604.5
5026877,305000.0,2.625,168,Refinancing,2021-09-16,99.88,100.22375,Storgan Manley,15250.000000000013,Whole Loan Sale,100.22375,15616.00000000004,0.0,682.44,-14567.56
5026924,495000.0,1.99,180,Refinancing,2021-09-17,97.45,97.79375,Storgan Manley,24750.000000000022,Whole Loan Sale,97.79375,37372.50000000001,0.0,-10920.94,-35670.94
5026954,285000.0,3.5,360,Cash-out refinance,2021-09-17,104.61,102.76625,Storgan Manley,14250.000000000013,Securitization (UMBS),104.61,1111.5000000000036,0.0,13138.5,-1111.5
5027001,75000.0,2.75,180,Cash-out refinance,2021-09-01,103.19,101.40875,Golden Sachs,3750.000000000003,Securitization (UMBS),103.19,1357.5,0.0,2392.5,-1357.5
5027095,75000.0,3.375,360,Home purchase,2021-09-14,104.61,103.26625,Golden Sachs,3750.000000000003,Securitization (UMBS),104.61,292.5000000000009,0.0,3457.5,-292.5
5027115,545000.0,2.69,360,Refinancing,2021-08-27,99.88,0.0,Golden Sachs,27250.000000000025,Securitization (UMBS),99.88,27904.000000000073,0.0,-654.0,-27904.0
5027121,165000.0,3.25,360,Cash-out refinance,2021-08-23,104.61,103.64125,Storgan Manley,8250.000000000007,Securitization (UMBS),104.61,643.5000000000027,0.0,7606.5,-643.5
5027140,135000.0,2.99,360,Refinancing,2021-08-24,103.19,103.59625,Storgan Manley,6750.000000000006,Whole Loan Sale,103.59625,2443.500000000001,0.0,4854.94,-1895.06
5027151,495000.0,2.375,360,Refinancing,2021-08-25,99.88,98.78625,Storgan Manley,24750.000000000022,Securitization (UMBS),99.88,25344.000000000065,0.0,-594.0,-25344.0
5027294,295000.0,2.875,240,Refinancing,2021-08-26,103.19,102.84625,Storgan Manley,14750.000000000013,Securitization (UMBS),103.19,5339.500000000002,0.0,9410.5,-5339.5
5027315,275000.0,2.75,360,Cash-out refinance,2021-08-30,103.19,101.53375,Golden Sachs,13750.000000000013,Securitization (UMBS),103.19,4977.500000000002,0.0,8772.5,-4977.5
5027367,225000.0,3.25,360,Refinancing,2021-08-31,104.61,103.4225,Golden Sachs,11250.00000000001,Securitization (UMBS),104.61,877.5000000000018,0.0,10372.5,-877.5
5027472,125000.0,2.75,180,Cash-out refinance,2021-09-01,103.19,103.40875,Golden Sachs,6250.0000000000055,Whole Loan Sale,103.40875,2262.5000000000005,0.0,4260.94,-1989.06
5027488,475000.0,2.99,360,Cash-out refinance,2021-09-02,103.19,101.53375,Golden Sachs,23750.000000000022,Securitization (UMBS),103.19,8597.500000000004,0.0,15152.5,-8597.5
5027534,215000.0,2.99,180,Cash-out refinance,2021-09-02,103.19,102.03375,Storgan Manley,10750.00000000001,Securitization (UMBS),103.19,3891.500000000001,0.0,6858.5,-3891.5
5027584,315000.0,2.125,180,Refinancing,2021-09-02,97.45,96.41875,Storgan Manley,15750.000000000015,Securitization (UMBS),97.45,23782.500000000004,0.0,-8032.5,-23782.5
5027632,225000.0,3.375,360,Refinancing,2021-09-03,104.61,103.76625,Storgan Manley,11250.00000000001,Securitization (UMBS),104.61,877.5000000000018,0.0,10372.5,-877.5
5027637,345000.0,3.25,336,Refinancing,2021-09-03,105.0,104.03125,Storgan Manley,17250.000000000015,Securitization (UMBS),105.0,0.0,0.0,17250.0,-0.0
5027676,275000.0,3.375,360,Home purchase,2021-09-04,104.61,103.4225,Golden Sachs,13750.000000000013,Securitization (UMBS),104.61,1072.5000000000036,0.0,12677.5,-1072.5
5027679,285000.0,2.99,360,Cash-out refinance,2021-09-04,103.19,102.59625,Storgan Manley,14250.000000000013,Securitization (UMBS),103.19,5158.500000000002,0.0,9091.5,-5158.5
5027694,255000.0,2.99,180,Refinancing,2021-09-04,104.17,103.57625,Storgan Manley,12750.000000000011,Securitization (UMBS),104.17,2116.4999999999927,0.0,10633.5,-2116.5
5027819,125000.0,3.375,360,Refinancing,2021-09-04,105.0,105.34375,Storgan Manley,6250.0000000000055,Whole Loan Sale,105.34375,0.0,0.0,6679.69,429.69
5027823,75000.0,2.75,180,Home purchase,2021-09-04,103.19,102.94,PJ Logan,3750.000000000003,Securitization (UMBS),103.19,1357.5,0.0,2392.5,-1357.5
5027883,95000.0,2.875,240,Refinancing,2021-09-06,103.19,0.0,Golden Sachs,4750.000000000005,Securitization (UMBS),103.19,1719.500000000001,0.0,3030.5,-1719.5
5027937,175000.0,2.875,360,Cash-out refinance,2021-09-06,103.19,101.40875,Golden Sachs,8750.000000000007,Securitization (UMBS),103.19,3167.5,0.0,5582.5,-3167.5
5028016,145000.0,2.99,144,Cash-out refinance,2021-09-07,103.19,102.22125,Storgan Manley,7250.000000000006,Securitization (UMBS),103.19,2624.500000000001,0.0,4625.5,-2624.5
5028021,785000.0,2.94,360,Cash-out refinance,2021-09-07,103.19,102.72125,Storgan Manley,39250.00000000004,Securitization (UMBS),103.19,14208.500000000004,0.0,25041.5,-14208.5
5028093,325000.0,3.375,360,Cash-out refinance,2021-09-08,104.61,103.20375,Golden Sachs,16250.000000000015,Securitization (UMBS),104.61,1267.5000000000055,0.0,14982.5,-1267.5
5028098,55000.0,2.99,360,Cash-out refinance,2021-09-08,103.19,102.5025,Golden Sachs,2750.0000000000023,Securitization (UMBS),103.19,995.5,0.0,1754.5,-995.5
5028123,555000.0,2.69,360,Cash-out refinance,2021-09-08,99.88,100.09875,Golden Sachs,27750.000000000025,Whole Loan Sale,100.09875,28416.000000000076,0.0,548.06,-27201.94
5028128,195000.0,3.25,360,Cash-out refinance,2021-09-08,104.61,104.36,PJ Logan,9750.00000000001,Securitization (UMBS),104.61,760.5000000000036,0.0,8989.5,-760.5
5028223,935000.0,3.25,360,Refinancing,2021-09-09,104.61,104.14125,Golden Sachs,46750.000000000044,Securitization (UMBS),104.61,3646.5000000000146,0.0,43103.5,-3646.5
5028238,405000.0,2.875,180,Home purchase,2021-09-09,103.19,102.03375,Storgan Manley,20250.00000000002,Securitization (UMBS),103.19,7330.500000000002,0.0,12919.5,-7330.5
5028274,265000.0,2.99,360,Refinancing,2021-09-09,103.19,103.03375,Storgan Manley,13250.000000000011,Securitization (UMBS),103.19,4796.5,0.0,8453.5,-4796.5
5028287,575000.0,2.99,360,Refinancing,2021-09-09,104.17,103.70125,Storgan Manley,28750.000000000025,Securitization (UMBS),104.17,4772.499999999985,0.0,23977.5,-4772.5
5028315,165000.0,2.75,180,Home purchase,2021-09-09,103.19,102.34625,Storgan Manley,8250.000000000007,Securitization (UMBS),103.19,2986.500000000001,0.0,5263.5,-2986.5
5028391,335000.0,3.25,360,Cash-out refinance,2021-09-10,105.0,103.46875,Storgan Manley,16750.000000000015,Securitization (UMBS),105.0,0.0,0.0,16750.0,-0.0
5028398,55000.0,2.875,180,Refinancing,2021-09-11,103.19,101.90875,Golden Sachs,2750.0000000000023,Securitization (UMBS),103.19,995.5,0.0,1754.5,-995.5
5028421,115000.0,2.875,180,Cash-out refinance,2021-09-11,103.19,101.40875,Golden Sachs,5750.0000000000055,Securitization (UMBS),103.19,2081.500000000001,0.0,3668.5,-2081.5
5028461,235000.0,1.875,180,Refinancing,2021-09-13,100.93,99.77375,Golden Sachs,11750.000000000011,Securitization (UMBS),100.93,9564.49999999999,0.0,2185.5,-9564.5
5028500,155000.0,2.625,180,Home purchase,2021-09-13,99.88,100.28625,Storgan Manley,7750.000000000007,Whole Loan Sale,100.28625,7936.000000000021,0.0,443.69,-7306.31
5028610,395000.0,3.25,360,Home purchase,2021-09-14,104.61,102.95375,Golden Sachs,19750.00000000002,Securitization (UMBS),104.61,1540.5000000000073,0.0,18209.5,-1540.5
5028779,295000.0,3.125,360,Cash-out refinance,2021-09-14,103.19,101.40875,Golden Sachs,14750.000000000013,Securitization (UMBS),103.19,5339.500000000002,0.0,9410.5,-5339.5
5028888,545000.0,3.25,360,Home purchase,2021-09-15,104.61,103.32875,Golden Sachs,27250.000000000025,Securitization (UMBS),104.61,2125.500000000011,0.0,25124.5,-2125.5
5029018,285000.0,2.875,240,Cash-out refinance,2021-09-15,103.19,103.40875,Golden Sachs,14250.000000000013,Whole Loan Sale,103.40875,5158.500000000002,0.0,9714.94,-4535.06
5029046,75000.0,3.375,360,Cash-out refinance,2021-09-15,104.61,104.82875,Golden Sachs,3750.000000000003,Whole Loan Sale,104.82875,292.5000000000009,0.0,3621.56,-128.44
5029089,95000.0,3.375,300,Refinancing,2021-09-16,104.61,103.32875,Golden Sachs,4750.000000000005,Securitization (UMBS),104.61,370.5000000000018,0.0,4379.5,-370.5
5029140,485000.0,3.25,360,Cash-out refinance,2021-09-16,104.61,102.76625,Golden Sachs,24250.000000000022,Securitization (UMBS),104.61,1891.5000000000073,0.0,22358.5,-1891.5
5029312,335000.0,2.75,360,Cash-out refinance,2021-09-16,103.19,102.59625,Storgan Manley,16750.000000000015,Securitization (UMBS),103.19,6063.500000000002,0.0,10686.5,-6063.5
5029332,135000.0,3.375,360,Cash-out refinance,2021-09-16,105.0,104.90625,Golden Sachs,6750.000000000006,Securitization (UMBS),105.0,0.0,0.0,6750.0,-0.0
5029365,465000.0,2.75,360,Refinancing,2021-09-16,103.19,103.03375,Storgan Manley,23250.000000000022,Securitization (UMBS),103.19,8416.500000000004,0.0,14833.5,-8416.5
5029486,175000.0,2.94,360,Refinancing,2021-09-17,103.19,103.40875,Golden Sachs,8750.000000000007,Whole Loan Sale,103.40875,3167.5,0.0,5965.31,-2784.69
5029503,225000.0,2.375,180,Refinancing,2021-09-17,103.03,102.87375,Storgan Manley,11250.00000000001,Securitization (UMBS),103.03,4432.500000000011,0.0,6817.5,-4432.5
5029556,425000.0,2.375,180,Home purchase,2021-09-06,99.88,99.72375,Storgan Manley,21250.00000000002,Securitization (UMBS),99.88,21760.00000000006,0.0,-510.0,-21760.0
5029577,145000.0,2.99,360,Refinancing,2021-09-15,103.19,101.53375,Golden Sachs,7250.000000000006,Securitization (UMBS),103.19,2624.500000000001,0.0,4625.5,-2624.5
5029642,235000.0,3.375,360,Home purchase,2021-09-10,104.61,103.32875,Golden Sachs,11750.000000000011,Securitization (UMBS),104.61,916.5000000000036,0.0,10833.5,-916.5
5029779,565000.0,2.875,360,Cash-out refinance,2021-09-02,104.17,104.32625,Golden Sachs,28250.000000000025,Whole Loan Sale,104.32625,4689.499999999985,0.0,24443.31,-3806.69
5029802,205000.0,2.0,360,Refinancing,2021-08-20,97.45,97.16875,Golden Sachs,10250.00000000001,Securitization (UMBS),97.45,15477.500000000004,0.0,-5227.5,-15477.5
5029816,315000.0,1.99,180,Refinancing,2021-08-23,97.45,97.79375,Storgan Manley,15750.000000000015,Whole Loan Sale,97.79375,23782.500000000004,0.0,-6949.69,-22699.69
5029875,225000.0,2.25,180,Refinancing,2021-08-25,103.03,102.78,PJ Logan,11250.00000000001,Securitization (UMBS),103.03,4432.500000000011,0.0,6817.5,-4432.5
5029912,165000.0,3.25,240,Cash-out refinance,2021-08-25,104.61,104.95375,Storgan Manley,8250.000000000007,Whole Loan Sale,104.95375,643.5000000000027,0.0,8173.69,-76.31
5029915,175000.0,2.99,360,Refinancing,2021-08-26,103.19,104.19,PJ Logan,8750.000000000007,Whole Loan Sale,104.19,3167.5,0.0,7332.5,-1417.5
5029977,465000.0,2.99,360,Cash-out refinance,2021-08-27,103.19,103.03375,Storgan Manley,23250.000000000022,Securitization (UMBS),103.19,8416.500000000004,0.0,14833.5,-8416.5
5030032,685000.0,3.375,360,Cash-out refinance,2021-08-27,104.61,104.36,PJ Logan,34250.00000000003,Securitization (UMBS),104.61,2671.5000000000073,0.0,31578.5,-2671.5
5030059,275000.0,2.875,264,Refinancing,2021-08-31,103.19,103.03375,Storgan Manley,13750.000000000013,Securitization (UMBS),103.19,4977.500000000002,0.0,8772.5,-4977.5
5030107,385000.0,3.375,360,Cash-out refinance,2021-08-31,104.61,104.45375,Storgan Manley,19250.00000000002,Securitization (UMBS),104.61,1501.5000000000073,0.0,17748.5,-1501.5
5030113,205000.0,3.25,360,Cash-out refinance,2021-09-01,104.61,103.64125,Golden Sachs,10250.00000000001,Securitization (UMBS),104.61,799.5000000000036,0.0,9450.5,-799.5
5030156,675000.0,3.25,360,Cash-out refinance,2021-09-02,104.61,103.76625,Storgan Manley,33750.00000000003,Securitization (UMBS),104.61,2632.5000000000073,0.0,31117.5,-2632.5
5030222,245000.0,2.75,360,Refinancing,2021-09-02,103.19,102.34625,Storgan Manley,12250.000000000011,Securitization (UMBS),103.19,4434.500000000001,0.0,7815.5,-4434.5
5030281,255000.0,3.44,360,Refinancing,2021-09-02,104.61,104.26625,Storgan Manley,12750.000000000011,Securitization (UMBS),104.61,994.5000000000036,0.0,11755.5,-994.5
5030331,175000.0,3.25,360,Cash-out refinance,2021-09-02,105.0,105.21875,Storgan Manley,8750.000000000007,Whole Loan Sale,105.21875,0.0,0.0,9132.81,382.81
5030338,75000.0,2.875,180,Cash-out refinance,2021-09-02,103.19,102.84625,Storgan Manley,3750.000000000003,Securitization (UMBS),103.19,1357.5,0.0,2392.5,-1357.5
5030342,305000.0,3.25,360,Refinancing,2021-09-03,104.61,104.32875,Storgan Manley,15250.000000000013,Securitization (UMBS),104.61,1189.5000000000036,0.0,14060.5,-1189.5
5030390,295000.0,2.75,360,Refinancing,2021-09-03,104.17,102.51375,Golden Sachs,14750.000000000013,Securitization (UMBS),104.17,2448.4999999999927,0.0,12301.5,-2448.5
5030408,215000.0,2.25,180,Refinancing,2021-09-04,99.88,98.34875,Storgan Manley,10750.00000000001,Securitization (UMBS),99.88,11008.00000000003,0.0,-258.0,-11008.0
5030425,265000.0,2.99,360,Cash-out refinance,2021-09-04,103.19,101.65875,Storgan Manley,13250.000000000011,Securitization (UMBS),103.19,4796.5,0.0,8453.5,-4796.5
5030483,765000.0,2.75,360,Refinancing,2021-09-04,104.17,102.63875,Storgan Manley,38250.00000000004,Securitization (UMBS),104.17,6349.499999999982,0.0,31900.5,-6349.5
5030535,505000.0,2.99,360,Refinancing,2021-09-04,104.17,103.01375,Golden Sachs,25250.000000000022,Securitization (UMBS),104.17,4191.499999999985,0.0,21058.5,-4191.5
5030587,595000.0,2.99,360,Refinancing,2021-09-06,103.19,101.53375,Golden Sachs,29750.000000000025,Securitization (UMBS),103.19,10769.500000000004,0.0,18980.5,-10769.5
5030671,295000.0,1.99,120,Refinancing,2021-09-06,100.93,99.39875,Storgan Manley,14750.000000000013,Securitization (UMBS),100.93,12006.499999999987,0.0,2743.5,-12006.5
5030767,335000.0,2.375,360,Refinancing,2021-09-06,103.03,101.87375,Golden Sachs,16750.000000000015,Securitization (UMBS),103.03,6599.500000000016,0.0,10150.5,-6599.5
5030782,395000.0,2.5,360,Refinancing,2021-09-06,99.88,98.22375,Golden Sachs,19750.00000000002,Securitization (UMBS),99.88,20224.000000000055,0.0,-474.0,-20224.0
5030806,125000.0,2.875,360,Refinancing,2021-09-06,103.19,101.65875,Storgan Manley,6250.0000000000055,Securitization (UMBS),103.19,2262.5000000000005,0.0,3987.5,-2262.5
5030906,125000.0,3.25,360,Home purchase,2021-09-07,104.61,102.95375,Golden Sachs,6250.0000000000055,Securitization (UMBS),104.61,487.5000000000018,0.0,5762.5,-487.5
5030988,145000.0,3.5,360,Home purchase,2021-09-08,104.61,103.64125,Storgan Manley,7250.000000000006,Securitization (UMBS),104.61,565.5000000000018,0.0,6684.5,-565.5
5031016,535000.0,2.875,360,Cash-out refinance,2021-09-09,103.19,101.40875,Golden Sachs,26750.000000000025,Securitization (UMBS),103.19,9683.500000000004,0.0,17066.5,-9683.5
5031034,165000.0,2.625,252,Cash-out refinance,2021-09-09,99.88,98.22375,Storgan Manley,8250.000000000007,Securitization (UMBS),99.88,8448.000000000022,0.0,-198.0,-8448.0
5031057,285000.0,2.5,180,Cash-out refinance,2021-09-09,99.88,98.78625,Storgan Manley,14250.000000000013,Securitization (UMBS),99.88,14592.000000000038,0.0,-342.0,-14592.0
5031071,255000.0,2.375,180,Home improvement,2021-09-10,99.88,0.0,Golden Sachs,12750.000000000011,Securitization (UMBS),99.88,13056.000000000035,0.0,-306.0,-13056.0
5031101,395000.0,2.875,360,Home purchase,2021-09-10,103.19,103.22125,Smells Largo,19750.00000000002,Whole Loan Sale,103.22125,7149.500000000002,0.0,12723.94,-7026.06
5031155,245000.0,1.99,180,Refinancing,2021-09-11,97.45,95.66875,Golden Sachs,12250.000000000011,Securitization (UMBS),97.45,18497.500000000004,0.0,-6247.5,-18497.5
5031212,185000.0,2.875,240,Home purchase,2021-09-13,103.19,101.40875,Golden Sachs,9250.00000000001,Securitization (UMBS),103.19,3348.500000000002,0.0,5901.5,-3348.5
5031385,345000.0,2.625,360,Cash-out refinance,2021-09-13,99.88,98.22375,Storgan Manley,17250.000000000015,Securitization (UMBS),99.88,17664.000000000047,0.0,-414.0,-17664.0
5031436,135000.0,2.875,228,Refinancing,2021-09-13,103.19,102.59625,Storgan Manley,6750.000000000006,Securitization (UMBS),103.19,2443.500000000001,0.0,4306.5,-2443.5
5031505,385000.0,2.875,360,Refinancing,2021-09-13,103.19,101.84625,Golden Sachs,19250.00000000002,Securitization (UMBS),103.19,6968.500000000004,0.0,12281.5,-6968.5
5031634,125000.0,3.5,180,Cash-out refinance,2021-09-14,104.61,103.4225,Golden Sachs,6250.0000000000055,Securitization (UMBS),104.61,487.5000000000018,0.0,5762.5,-487.5
5031658,475000.0,2.99,360,Cash-out refinance,2021-09-15,103.19,0.0,Golden Sachs,23750.000000000022,Securitization (UMBS),103.19,8597.500000000004,0.0,15152.5,-8597.5
5031793,595000.0,3.25,360,Home purchase,2021-09-15,105.0,104.3125,Golden Sachs,29750.000000000025,Securitization (UMBS),105.0,0.0,0.0,29750.0,-0.0
5031831,215000.0,2.25,180,Cash-out refinance,2021-09-15,103.03,102.87375,Storgan Manley,10750.00000000001,Securitization (UMBS),103.03,4235.500000000011,0.0,6514.5,-4235.5
5031834,395000.0,2.875,360,Refinancing,2021-09-15,103.19,101.53375,Golden Sachs,19750.00000000002,Securitization (UMBS),103.19,7149.500000000002,0.0,12600.5,-7149.5
5031926,205000.0,2.375,120,Refinancing,2021-09-16,99.88,98.91125,Golden Sachs,10250.00000000001,Securitization (UMBS),99.88,10496.000000000027,0.0,-246.0,-10496.0
5031960,555000.0,2.99,360,Home purchase,2021-09-16,103.19,102.84625,Storgan Manley,27750.000000000025,Securitization (UMBS),103.19,10045.500000000004,0.0,17704.5,-10045.5
5031979,105000.0,3.25,360,Cash-out refinance,2021-09-17,104.61,104.82875,Storgan Manley,5250.000000000005,Whole Loan Sale,104.82875,409.5000000000018,0.0,5070.19,-179.81
5032080,155000.0,3.375,360,Home purchase,2021-09-17,104.61,104.95375,Storgan Manley,7750.000000000007,Whole Loan Sale,104.95375,604.5000000000027,0.0,7678.31,-71.69
5032231,365000.0,2.75,360,Home purchase,2021-09-17,103.19,102.72125,Golden Sachs,18250.000000000015,Securitization (UMBS),103.19,6606.5,0.0,11643.5,-6606.5
5032399,885000.0,2.875,360,Refinancing,2021-09-17,103.19,102.94,PJ Logan,44250.00000000004,Securitization (UMBS),103.19,16018.5,0.0,28231.5,-16018.5
5032433,235000.0,3.25,360,Cash-out refinance,2021-09-17,104.61,104.95375,Storgan Manley,11750.000000000011,Whole Loan Sale,104.95375,916.5000000000036,0.0,11641.31,-108.69
5032475,825000.0,3.19,360,Cash-out refinance,2021-09-17,103.19,103.40875,Storgan Manley,41250.00000000004,Whole Loan Sale,103.40875,14932.500000000004,0.0,28122.19,-13127.81
5032500,255000.0,3.125,300,Refinancing,2021-08-28,103.19,102.22125,Storgan Manley,12750.000000000011,Securitization (UMBS),103.19,4615.500000000001,0.0,8134.5,-4615.5
5032552,175000.0,3.125,360,Home purchase,2021-08-31,103.19,103.40875,Golden Sachs,8750.000000000007,Whole Loan Sale,103.40875,3167.5,0.0,5965.31,-2784.69
5032599,145000.0,3.25,360,Home purchase,2021-08-24,105.0,104.53125,Golden Sachs,7250.000000000006,Securitization (UMBS),105.0,0.0,0.0,7250.0,-0.0
5032661,435000.0,2.5,360,Refinancing,2021-08-25,99.88,98.22375,Golden Sachs,21750.00000000002,Securitization (UMBS),99.88,22272.00000000006,0.0,-522.0,-22272.0
5032708,285000.0,2.69,360,Refinancing,2021-08-26,99.88,99.63,PJ Logan,14250.000000000013,Securitization (UMBS),99.88,14592.000000000038,0.0,-342.0,-14592.0
5032709,395000.0,3.25,360,Cash-out refinance,2021-08-28,105.0,105.40625,Storgan Manley,19750.00000000002,Whole Loan Sale,105.40625,0.0,0.0,21354.69,1604.69
5032732,155000.0,2.375,180,Cash-out refinance,2021-08-30,99.88,100.09875,Golden Sachs,7750.000000000007,Whole Loan Sale,100.09875,7936.000000000021,0.0,153.06,-7596.94
5032776,155000.0,2.99,360,Home purchase,2021-08-31,104.17,104.51375,Storgan Manley,7750.000000000007,Whole Loan Sale,104.51375,1286.4999999999964,0.0,6996.31,-753.69
5032845,205000.0,1.875,180,Home purchase,2021-08-31,97.45,97.2,PJ Logan,10250.00000000001,Securitization (UMBS),97.45,15477.500000000004,0.0,-5227.5,-15477.5
5032904,155000.0,2.99,360,Cash-out refinance,2021-09-01,103.19,101.53375,Storgan Manley,7750.000000000007,Securitization (UMBS),103.19,2805.500000000001,0.0,4944.5,-2805.5
5032908,465000.0,2.875,360,Home purchase,2021-09-01,103.19,103.40875,Storgan Manley,23250.000000000022,Whole Loan Sale,103.40875,8416.500000000004,0.0,15850.69,-7399.31
5032930,105000.0,2.75,180,Cash-out refinance,2021-09-01,103.19,103.53375,Storgan Manley,5250.000000000005,Whole Loan Sale,103.53375,1900.5000000000005,0.0,3710.44,-1539.56
5032934,165000.0,3.25,360,Cash-out refinance,2021-09-01,104.61,104.01625,Storgan Manley,8250.000000000007,Securitization (UMBS),104.61,643.5000000000027,0.0,7606.5,-643.5
5032951,165000.0,2.99,240,Refinancing,2021-09-02,104.17,103.13875,Storgan Manley,8250.000000000007,Securitization (UMBS),104.17,1369.4999999999955,0.0,6880.5,-1369.5
5032971,135000.0,2.625,324,Refinancing,2021-09-02,99.88,98.91125,Storgan Manley,6750.000000000006,Securitization (UMBS),99.88,6912.000000000018,0.0,-162.0,-6912.0
5033021,215000.0,3.25,360,Cash-out refinance,2021-09-02,104.61,105.01625,Storgan Manley,10750.00000000001,Whole Loan Sale,105.01625,838.5000000000018,0.0,10784.94,34.94
5033047,125000.0,2.875,240,Cash-out refinance,2021-09-02,103.19,102.40875,Golden Sachs,6250.0000000000055,Securitization (UMBS),103.19,2262.5000000000005,0.0,3987.5,-2262.5
5033136,155000.0,2.99,360,Cash-out refinance,2021-09-02,104.17,102.82625,Golden Sachs,7750.000000000007,Securitization (UMBS),104.17,1286.4999999999964,0.0,6463.5,-1286.5
5033203,175000.0,3.25,360,Cash-out refinance,2021-09-02,104.61,104.14125,Golden Sachs,8750.000000000007,Securitization (UMBS),104.61,682.5000000000018,0.0,8067.5,-682.5
5033284,165000.0,2.875,360,Refinancing,2021-09-03,104.17,105.17,PJ Logan,8250.000000000007,Whole Loan Sale,105.17,1369.4999999999955,0.0,8530.5,280.5
5033311,515000.0,3.37,360,Cash-out refinance,2021-09-03,104.61,104.45375,Storgan Manley,25750.000000000022,Securitization (UMBS),104.61,2008.5000000000073,0.0,23741.5,-2008.5
5033353,465000.0,2.875,360,Home purchase,2021-09-03,103.19,101.84625,Golden Sachs,23250.000000000022,Securitization (UMBS),103.19,8416.500000000004,0.0,14833.5,-8416.5
5033387,225000.0,2.75,360,Refinancing,2021-09-04,104.17,104.51375,Storgan Manley,11250.00000000001,Whole Loan Sale,104.51375,1867.4999999999927,0.0,10155.94,-1094.06
5033463,165000.0,2.625,228,Cash-out refinance,2021-09-04,99.88,99.53625,Storgan Manley,8250.000000000007,Securitization (UMBS),99.88,8448.000000000022,0.0,-198.0,-8448.0
5033533,165000.0,2.625,180,Cash-out refinance,2021-09-04,99.88,98.72375,Storgan Manley,8250.000000000007,Securitization (UMBS),99.88,8448.000000000022,0.0,-198.0,-8448.0
5033603,335000.0,3.375,360,Cash-out refinance,2021-09-04,104.61,104.82875,Storgan Manley,16750.000000000015,Whole Loan Sale,104.82875,1306.5000000000055,0.0,16176.31,-573.69
5033788,105000.0,2.625,144,Cash-out refinance,2021-09-06,99.88,100.09875,Golden Sachs,5250.000000000005,Whole Loan Sale,100.09875,5376.000000000014,0.0,103.69,-5146.31
5033806,645000.0,2.375,180,Refinancing,2021-09-07,99.88,99.41125,Golden Sachs,32250.00000000003,Securitization (UMBS),99.88,33024.00000000009,0.0,-774.0,-33024.0
5033878,545000.0,2.875,360,Refinancing,2021-09-07,104.17,102.63875,Storgan Manley,27250.000000000025,Securitization (UMBS),104.17,4523.499999999985,0.0,22726.5,-4523.5
5033949,225000.0,2.99,360,Cash-out refinance,2021-09-08,103.19,101.53375,Storgan Manley,11250.00000000001,Securitization (UMBS),103.19,4072.5,0.0,7177.5,-4072.5
5033986,525000.0,2.75,180,Cash-out refinance,2021-09-08,103.19,102.59625,Storgan Manley,26250.000000000022,Securitization (UMBS),103.19,9502.5,0.0,16747.5,-9502.5
5033999,165000.0,2.125,180,Cash-out refinance,2021-09-09,97.45,97.79375,Storgan Manley,8250.000000000007,Whole Loan Sale,97.79375,12457.500000000002,0.0,-3640.31,-11890.31
5034089,195000.0,3.25,360,Refinancing,2021-09-09,104.61,104.45375,Storgan Manley,9750.00000000001,Securitization (UMBS),104.61,760.5000000000036,0.0,8989.5,-760.5
5034096,185000.0,2.625,360,Home purchase,2021-09-09,103.03,102.87375,Storgan Manley,9250.00000000001,Securitization (UMBS),103.03,3644.50000000001,0.0,5605.5,-3644.5
5034118,175000.0,3.25,360,Cash-out refinance,2021-09-09,105.0,103.96875,Storgan Manley,8750.000000000007,Securitization (UMBS),105.0,0.0,0.0,8750.0,-0.0
5034143,365000.0,2.99,360,Home purchase,2021-09-10,103.19,101.90875,Golden Sachs,18250.000000000015,Securitization (UMBS),103.19,6606.5,0.0,11643.5,-6606.5
5034186,255000.0,2.99,360,Refinancing,2021-09-10,104.17,102.32625,Golden Sachs,12750.000000000011,Securitization (UMBS),104.17,2116.4999999999927,0.0,10633.5,-2116.5
5034268,325000.0,2.69,360,Refinancing,2021-09-11,99.88,100.22375,Storgan Manley,16250.000000000015,Whole Loan Sale,100.22375,16640.000000000044,0.0,727.19,-15522.81
5034293,465000.0,1.99,180,Refinancing,2021-09-13,97.45,96.48125,Storgan Manley,23250.000000000022,Securitization (UMBS),97.45,35107.50000000001,0.0,-11857.5,-35107.5
5034342,265000.0,1.99,120,Refinancing,2021-09-14,97.45,97.66875,Golden Sachs,13250.000000000011,Whole Loan Sale,97.66875,20007.5,0.0,-6177.81,-19427.81
5034454,335000.0,2.75,240,Refinancing,2021-09-14,103.19,102.22125,Golden Sachs,16750.000000000015,Securitization (UMBS),103.19,6063.500000000002,0.0,10686.5,-6063.5
5034492,155000.0,3.375,360,Cash-out refinance,2021-09-14,104.61,103.9225,Golden Sachs,7750.000000000007,Securitization (UMBS),104.61,604.5000000000027,0.0,7145.5,-604.5
5034495,485000.0,2.75,360,Home purchase,2021-09-14,103.19,102.34625,Storgan Manley,24250.000000000022,Securitization (UMBS),103.19,8778.500000000002,0.0,15471.5,-8778.5
5034549,465000.0,2.69,360,Refinancing,2021-09-15,99.88,98.72375,Storgan Manley,23250.000000000022,Securitization (UMBS),99.88,23808.000000000065,0.0,-558.0,-23808.0
5034637,235000.0,3.25,360,Refinancing,2021-09-15,105.0,103.65625,Golden Sachs,11750.000000000011,Securitization (UMBS),105.0,0.0,0.0,11750.0,-0.0
5034674,655000.0,2.875,360,Home purchase,2021-09-16,104.17,102.38875,Golden Sachs,32750.00000000003,Securitization (UMBS),104.17,5436.499999999982,0.0,27313.5,-5436.5
5034731,225000.0,1.99,180,Other,2021-09-16,100.93,99.64875,Golden Sachs,11250.00000000001,Securitization (UMBS),100.93,9157.499999999989,0.0,2092.5,-9157.5
5034765,305000.0,3.19,360,Cash-out refinance,2021-09-16,103.19,101.53375,Storgan Manley,15250.000000000013,Securitization (UMBS),103.19,5520.5,0.0,9729.5,-5520.5
5035000,215000.0,2.875,360,Home purchase,2021-09-03,103.19,102.8775,PJ Logan,10750.00000000001,Securitization (UMBS),103.19,3891.500000000001,0.0,6858.5,-3891.5
5035090,155000.0,2.875,360,Cash-out refinance,2021-09-09,103.19,103.40875,Golden Sachs,7750.000000000007,Whole Loan Sale,103.40875,2805.500000000001,0.0,5283.56,-2466.44
5035130,215000.0,2.75,240,Cash-out refinance,2021-08-25,103.19,103.53375,Storgan Manley,10750.00000000001,Whole Loan Sale,103.53375,3891.500000000001,0.0,7597.56,-3152.44
5035162,265000.0,3.75,360,Refinancing,2021-08-25,105.77,105.23875,Golden Sachs,13250.000000000011,Securitization (UMBS),105.77,-2040.4999999999527,0.0,15290.5,2040.5
5035163,115000.0,2.5,180,Refinancing,2021-08-26,103.03,102.06125,Storgan Manley,5750.0000000000055,Securitization (UMBS),103.03,2265.5000000000064,0.0,3484.5,-2265.5
5035210,245000.0,2.99,360,Home purchase,2021-08-26,104.17,105.07625,Storgan Manley,12250.000000000011,Whole Loan Sale,105.07625,2033.4999999999945,0.0,12436.81,186.81
5035327,235000.0,2.375,240,Refinancing,2021-08-27,103.03,103.43625,Storgan Manley,11750.000000000011,Whole Loan Sale,103.43625,4629.500000000013,0.0,8075.19,-3674.81
5035462,405000.0,2.94,360,Refinancing,2021-08-30,103.19,103.03375,Storgan Manley,20250.00000000002,Securitization (UMBS),103.19,7330.500000000002,0.0,12919.5,-7330.5
5035553,115000.0,2.875,180,Cash-out refinance,2021-08-30,103.19,101.65875,Storgan Manley,5750.0000000000055,Securitization (UMBS),103.19,2081.500000000001,0.0,3668.5,-2081.5
5035594,275000.0,2.875,360,Refinancing,2021-09-01,103.19,101.78375,Golden Sachs,13750.000000000013,Securitization (UMBS),103.19,4977.500000000002,0.0,8772.5,-4977.5
5035617,425000.0,3.25,360,Cash-out refinance,2021-09-01,105.0,104.65625,Storgan Manley,21250.00000000002,Securitization (UMBS),105.0,0.0,0.0,21250.0,-0.0
5035630,515000.0,2.69,360,Refinancing,2021-09-02,99.88,100.09875,Golden Sachs,25750.000000000022,Whole Loan Sale,100.09875,26368.00000000007,0.0,508.56,-25241.44
5035716,305000.0,2.1,360,Refinancing,2021-09-03,100.93,99.96125,Golden Sachs,15250.000000000013,Securitization (UMBS),100.93,12413.499999999985,0.0,2836.5,-12413.5
5035818,235000.0,2.875,360,Cash-out refinance,2021-09-03,103.19,102.22125,Storgan Manley,11750.000000000011,Securitization (UMBS),103.19,4253.500000000002,0.0,7496.5,-4253.5
5035829,625000.0,2.875,360,Cash-out refinance,2021-09-04,103.19,0.0,Golden Sachs,31250.00000000003,Securitization (UMBS),103.19,11312.500000000004,0.0,19937.5,-11312.5
5035912,255000.0,3.375,360,Cash-out refinance,2021-09-06,105.0,103.96875,Storgan Manley,12750.000000000011,Securitization (UMBS),105.0,0.0,0.0,12750.0,-0.0
5036049,265000.0,2.5,360,Cash-out refinance,2021-09-06,103.03,101.87375,Storgan Manley,13250.000000000011,Securitization (UMBS),103.03,5220.500000000013,0.0,8029.5,-5220.5
5036094,165000.0,2.99,240,Cash-out refinance,2021-09-06,103.19,103.34625,Golden Sachs,8250.000000000007,Whole Loan Sale,103.34625,2986.500000000001,0.0,5521.31,-2728.69
5036155,235000.0,3.5,360,Cash-out refinance,2021-09-07,105.0,105.90625,Storgan Manley,11750.000000000011,Whole Loan Sale,105.90625,0.0,0.0,13879.69,2129.69
5036168,95000.0,2.99,240,Other,2021-09-07,103.19,101.53375,Storgan Manley,4750.000000000005,Securitization (UMBS),103.19,1719.500000000001,0.0,3030.5,-1719.5
5036196,255000.0,2.5,360,Cash-out refinance,2021-09-07,103.03,101.18625,Golden Sachs,12750.000000000011,Securitization (UMBS),103.03,5023.500000000013,0.0,7726.5,-5023.5
5036244,255000.0,3.25,360,Refinancing,2021-09-08,104.61,103.32875,Golden Sachs,12750.000000000011,Securitization (UMBS),104.61,994.5000000000036,0.0,11755.5,-994.5
5036290,175000.0,2.875,360,Refinancing,2021-09-08,103.19,101.84625,Golden Sachs,8750.000000000007,Securitization (UMBS),103.19,3167.5,0.0,5582.5,-3167.5
5036307,175000.0,2.625,180,Refinancing,2021-09-08,99.88,98.72375,Golden Sachs,8750.000000000007,Securitization (UMBS),99.88,8960.000000000024,0.0,-210.0,-8960.0
5036369,105000.0,2.99,180,Home improvement,2021-09-08,103.19,102.72125,Storgan Manley,5250.000000000005,Securitization (UMBS),103.19,1900.5000000000005,0.0,3349.5,-1900.5
5036485,525000.0,3.125,360,Cash-out refinance,2021-09-09,103.19,102.22125,Golden Sachs,26250.000000000022,Securitization (UMBS),103.19,9502.5,0.0,16747.5,-9502.5
5036504,365000.0,2.25,240,Refinancing,2021-09-09,99.88,100.28625,Storgan Manley,18250.000000000015,Whole Loan Sale,100.28625,18688.000000000047,0.0,1044.81,-17205.19
5036530,205000.0,2.99,360,Refinancing,2021-09-10,103.19,103.40875,Storgan Manley,10250.00000000001,Whole Loan Sale,103.40875,3710.500000000001,0.0,6987.94,-3262.06
5036561,175000.0,2.75,360,Home purchase,2021-09-10,103.19,101.40875,Golden Sachs,8750.000000000007,Securitization (UMBS),103.19,3167.5,0.0,5582.5,-3167.5
5036587,385000.0,2.625,360,Refinancing,2021-09-13,99.88,98.84875,Storgan Manley,19250.00000000002,Securitization (UMBS),99.88,19712.000000000055,0.0,-462.0,-19712.0
5036707,255000.0,2.99,360,Refinancing,2021-09-14,103.19,102.03375,Storgan Manley,12750.000000000011,Securitization (UMBS),103.19,4615.500000000001,0.0,8134.5,-4615.5
5036849,255000.0,1.99,144,Refinancing,2021-09-14,97.45,97.66875,Golden Sachs,12750.000000000011,Whole Loan Sale,97.66875,19252.500000000004,0.0,-5944.69,-18694.69
5036904,85000.0,3.375,120,Refinancing,2021-09-14,104.61,103.01625,Storgan Manley,4250.000000000004,Securitization (UMBS),104.61,331.5000000000009,0.0,3918.5,-331.5
5037065,285000.0,3.25,360,Refinancing,2021-09-14,105.0,105.34375,Storgan Manley,14250.000000000013,Whole Loan Sale,105.34375,0.0,0.0,15229.69,979.69
5037101,405000.0,2.625,360,Cash-out refinance,2021-09-16,99.88,98.91125,Storgan Manley,20250.00000000002,Securitization (UMBS),99.88,20736.000000000055,0.0,-486.0,-20736.0
5037160,175000.0,2.875,360,Refinancing,2021-09-17,103.19,101.53375,Storgan Manley,8750.000000000007,Securitization (UMBS),103.19,3167.5,0.0,5582.5,-3167.5
5037227,105000.0,3.625,360,Refinancing,2021-09-17,104.61,104.95375,Storgan Manley,5250.000000000005,Whole Loan Sale,104.95375,409.5000000000018,0.0,5201.44,-48.56
5037237,465000.0,2.5,360,Home purchase,2021-08-25,99.88,100.28625,Storgan Manley,23250.000000000022,Whole Loan Sale,100.28625,23808.000000000065,0.0,1331.06,-21918.94
5037287,545000.0,2.69,360,Home purchase,2021-09-09,103.03,101.93625,Storgan Manley,27250.000000000025,Securitization (UMBS),103.03,10736.50000000003,1242.21,16513.5,-10736.5
5037456,445000.0,2.69,360,Refinancing,2021-08-25,99.88,98.53625,Golden Sachs,22250.00000000002,Securitization (UMBS),99.88,22784.00000000006,0.0,-534.0,-22784.0
5037618,165000.0,2.5,180,Cash-out refinance,2021-08-23,99.88,99.59875,Storgan Manley,8250.000000000007,Securitization (UMBS),99.88,8448.000000000022,0.0,-198.0,-8448.0
5037636,215000.0,2.99,360,Refinancing,2021-08-24,103.19,103.40875,Golden Sachs,10750.00000000001,Whole Loan Sale,103.40875,3891.500000000001,0.0,7328.81,-3421.19
5024086,455000.0,2.69,360,Cash-out refinance,2021-08-24,103.03,101.37375,Golden Sachs,22750.000000000022,Securitization (UMBS),103.03,8963.500000000025,0.0,13786.5,-8963.5
5024161,445000.0,2.625,180,Cash-out refinance,2021-08-25,99.88,98.34875,Storgan Manley,22250.00000000002,Securitization (UMBS),99.88,22784.00000000006,0.0,-534.0,-22784.0
5024248,515000.0,2.0,360,Refinancing,2021-08-26,100.93,99.14875,Golden Sachs,25750.000000000022,Securitization (UMBS),100.93,20960.499999999978,0.0,4789.5,-20960.5
5024280,155000.0,2.5,180,Refinancing,2021-08-27,99.88,99.63,PJ Logan,7750.000000000007,Securitization (UMBS),99.88,7936.000000000021,0.0,-186.0,-7936.0
5024294,175000.0,2.75,360,Refinancing,2021-08-28,103.19,102.09625,Storgan Manley,8750.000000000007,Securitization (UMBS),103.19,3167.5,0.0,5582.5,-3167.5
5024354,155000.0,3.25,360,Home purchase,2021-08-28,104.61,103.32875,Golden Sachs,7750.000000000007,Securitization (UMBS),104.61,604.5000000000027,0.0,7145.5,-604.5
5024564,245000.0,3.25,360,Cash-out refinance,2021-08-28,104.61,105.51625,Storgan Manley,12250.000000000011,Whole Loan Sale,105.51625,955.5000000000036,0.0,13514.81,1264.81
5024591,705000.0,2.99,360,Home purchase,2021-09-01,103.19,102.65875,Golden Sachs,35250.00000000003,Securitization (UMBS),103.19,12760.5,0.0,22489.5,-12760.5
5024638,315000.0,2.875,360,Refinancing,2021-09-01,103.19,101.53375,Storgan Manley,15750.000000000015,Securitization (UMBS),103.19,5701.500000000002,0.0,10048.5,-5701.5
5024773,435000.0,3.25,360,Cash-out refinance,2021-09-02,104.61,103.45375,Golden Sachs,21750.00000000002,Securitization (UMBS),104.61,1696.5000000000036,0.0,20053.5,-1696.5
5024800,545000.0,3.25,360,Home purchase,2021-09-02,104.61,103.07875,Storgan Manley,27250.000000000025,Securitization (UMBS),104.61,2125.500000000011,0.0,25124.5,-2125.5
5024833,285000.0,2.25,180,Refinancing,2021-09-02,99.88,99.72375,Storgan Manley,14250.000000000013,Securitization (UMBS),99.88,14592.000000000038,0.0,-342.0,-14592.0
5025037,155000.0,3.25,360,Home purchase,2021-09-02,104.61,104.45375,Storgan Manley,7750.000000000007,Securitization (UMBS),104.61,604.5000000000027,0.0,7145.5,-604.5
5025057,325000.0,2.875,240,Refinancing,2021-09-03,104.17,102.63875,Storgan Manley,16250.000000000015,Securitization (UMBS),104.17,2697.499999999991,0.0,13552.5,-2697.5
5025061,175000.0,1.99,180,Refinancing,2021-09-03,97.45,95.91875,Storgan Manley,8750.000000000007,Securitization (UMBS),97.45,13212.500000000002,0.0,-4462.5,-13212.5
5025167,725000.0,3.125,360,Refinancing,2021-09-03,103.19,101.53375,Storgan Manley,36250.00000000003,Securitization (UMBS),103.19,13122.5,0.0,23127.5,-13122.5
5025187,185000.0,2.75,360,Cash-out refinance,2021-09-03,103.19,102.09625,Storgan Manley,9250.00000000001,Securitization (UMBS),103.19,3348.500000000002,0.0,5901.5,-3348.5
5025216,215000.0,2.75,180,Refinancing,2021-09-03,103.19,103.03375,Storgan Manley,10750.00000000001,Securitization (UMBS),103.19,3891.500000000001,0.0,6858.5,-3891.5
5025255,105000.0,3.25,360,Refinancing,2021-09-04,105.0,105.21875,Golden Sachs,5250.000000000005,Whole Loan Sale,105.21875,0.0,0.0,5479.69,229.69
5025376,285000.0,2.99,360,Home purchase,2021-09-04,104.17,103.92,PJ Logan,14250.000000000013,Securitization (UMBS),104.17,2365.4999999999927,0.0,11884.5,-2365.5
5025438,485000.0,2.875,360,Cash-out refinance,2021-09-04,103.19,104.09625,Storgan Manley,24250.000000000022,Whole Loan Sale,104.09625,8778.500000000002,0.0,19866.81,-4383.19
5025454,265000.0,2.875,360,Refinancing,2021-09-04,103.19,104.65875,Golden Sachs,13250.000000000011,Whole Loan Sale,104.65875,4796.5,0.0,12345.69,-904.31
5025462,135000.0,2.75,180,Cash-out refinance,2021-09-06,103.19,102.03375,Golden Sachs,6750.000000000006,Securitization (UMBS),103.19,2443.500000000001,0.0,4306.5,-2443.5
5025545,245000.0,2.875,360,Refinancing,2021-09-07,103.19,101.53375,Storgan Manley,12250.000000000011,Securitization (UMBS),103.19,4434.500000000001,0.0,7815.5,-4434.5
5025643,385000.0,2.875,360,Refinancing,2021-09-08,103.19,102.72125,Golden Sachs,19250.00000000002,Securitization (UMBS),103.19,6968.500000000004,0.0,12281.5,-6968.5
5025789,495000.0,2.375,180,Cash-out refinance,2021-09-08,99.88,99.41125,Storgan Manley,24750.000000000022,Securitization (UMBS),99.88,25344.000000000065,0.0,-594.0,-25344.0
5025854,515000.0,3.19,360,Home purchase,2021-09-08,103.19,102.72125,Storgan Manley,25750.000000000022,Securitization (UMBS),103.19,9321.5,0.0,16428.5,-9321.5
5025880,215000.0,2.99,180,Cash-out refinance,2021-09-08,103.19,104.09625,Storgan Manley,10750.00000000001,Whole Loan Sale,104.09625,3891.500000000001,0.0,8806.94,-1943.06
5025891,225000.0,2.99,240,Cash-out refinance,2021-09-09,104.17,104.38875,Golden Sachs,11250.00000000001,Whole Loan Sale,104.38875,1867.4999999999927,0.0,9874.69,-1375.31
5025904,165000.0,2.99,360,Cash-out refinance,2021-09-09,103.19,102.22125,Storgan Manley,8250.000000000007,Securitization (UMBS),103.19,2986.500000000001,0.0,5263.5,-2986.5
5025982,65000.0,3.625,360,Home purchase,2021-09-09,104.61,102.76625,Golden Sachs,3250.0000000000027,Securitization (UMBS),104.61,253.5000000000009,0.0,2996.5,-253.5
5026032,155000.0,3.375,360,Cash-out refinance,2021-09-09,104.61,103.45375,Storgan Manley,7750.000000000007,Securitization (UMBS),104.61,604.5000000000027,0.0,7145.5,-604.5
5026065,155000.0,2.625,180,Refinancing,2021-09-10,99.88,98.53625,Golden Sachs,7750.000000000007,Securitization (UMBS),99.88,7936.000000000021,0.0,-186.0,-7936.0
5026173,445000.0,2.99,360,Home purchase,2021-09-10,104.17,0.0,Golden Sachs,22250.00000000002,Securitization (UMBS),104.17,3693.4999999999854,0.0,18556.5,-3693.5
5026243,235000.0,2.25,180,Refinancing,2021-09-10,103.03,101.74875,Golden Sachs,11750.000000000011,Securitization (UMBS),103.03,4629.500000000013,0.0,7120.5,-4629.5
5026279,285000.0,2.75,180,Cash-out refinance,2021-09-10,103.19,103.40875,Golden Sachs,14250.000000000013,Whole Loan Sale,103.40875,5158.500000000002,0.0,9714.94,-4535.06
5026412,395000.0,2.75,360,Cash-out refinance,2021-09-10,103.19,103.40875,Storgan Manley,19750.00000000002,Whole Loan Sale,103.40875,7149.500000000002,0.0,13464.56,-6285.44
5026430,335000.0,2.99,240,Cash-out refinance,2021-09-10,104.17,105.17,PJ Logan,16750.000000000015,Whole Loan Sale,105.17,2780.499999999991,0.0,17319.5,569.5
5026444,435000.0,2.99,360,Cash-out refinance,2021-09-11,103.19,102.94,PJ Logan,21750.00000000002,Securitization (UMBS),103.19,7873.500000000002,0.0,13876.5,-7873.5
5026490,485000.0,2.625,360,Refinancing,2021-09-11,99.88,99.5675,PJ Logan,24250.000000000022,Securitization (UMBS),99.88,24832.000000000065,0.0,-582.0,-24832.0
5026512,155000.0,2.75,180,Cash-out refinance,2021-09-13,103.19,102.94,PJ Logan,7750.000000000007,Securitization (UMBS),103.19,2805.500000000001,0.0,4944.5,-2805.5
5026586,325000.0,2.99,360,Cash-out refinance,2021-09-14,104.17,104.38875,Storgan Manley,16250.000000000015,Whole Loan Sale,104.38875,2697.499999999991,0.0,14263.44,-1986.56
5026613,625000.0,2.875,360,Refinancing,2021-09-15,103.19,103.59625,Storgan Manley,31250.00000000003,Whole Loan Sale,103.59625,11312.500000000004,0.0,22476.56,-8773.44
5026645,165000.0,3.25,360,Home purchase,2021-09-15,104.61,104.36,PJ Logan,8250.000000000007,Securitization (UMBS),104.61,643.5000000000027,0.0,7606.5,-643.5
5026659,305000.0,2.99,288,Cash-out refinance,2021-09-15,103.19,103.03375,Storgan Manley,15250.000000000013,Securitization (UMBS),103.19,5520.5,0.0,9729.5,-5520.5
5026791,115000.0,2.5,120,Cash-out refinance,2021-09-16,99.88,100.22375,Storgan Manley,5750.0000000000055,Whole Loan Sale,100.22375,5888.0000000000155,0.0,257.31,-5492.69
5026836,625000.0,3.375,360,Home purchase,2021-09-16,104.61,104.95375,Storgan Manley,31250.00000000003,Whole Loan Sale,104.95375,2437.500000000011,0.0,30960.94,-289.06
5026964,305000.0,2.99,180,Cash-out refinance,2021-09-16,103.19,103.03375,Storgan Manley,15250.000000000013,Securitization (UMBS),103.19,5520.5,0.0,9729.5,-5520.5
5026992,195000.0,2.5,360,Refinancing,2021-09-16,99.88,100.78625,Storgan Manley,9750.00000000001,Whole Loan Sale,100.78625,9984.000000000027,0.0,1533.19,-8216.81
5027049,145000.0,3.5,360,Refinancing,2021-09-17,105.0,104.6875,PJ Logan,7250.000000000006,Securitization (UMBS),105.0,0.0,0.0,7250.0,-0.0
5027081,215000.0,2.25,180,Refinancing,2021-08-19,99.88,99.63,PJ Logan,10750.00000000001,Securitization (UMBS),99.88,11008.00000000003,0.0,-258.0,-11008.0
5027264,235000.0,2.875,360,Refinancing,2021-08-24,103.19,103.53375,Storgan Manley,11750.000000000011,Whole Loan Sale,103.53375,4253.500000000002,0.0,8304.31,-3445.69
5027322,75000.0,3.5,360,Home purchase,2021-08-24,104.61,103.64125,Golden Sachs,3750.000000000003,Securitization (UMBS),104.61,292.5000000000009,0.0,3457.5,-292.5
5027328,595000.0,2.99,360,Home purchase,2021-08-25,104.17,103.82625,Storgan Manley,29750.000000000025,Securitization (UMBS),104.17,4938.499999999982,0.0,24811.5,-4938.5
5027346,215000.0,3.25,360,Refinancing,2021-08-26,104.61,104.14125,Storgan Manley,10750.00000000001,Securitization (UMBS),104.61,838.5000000000018,0.0,9911.5,-838.5
5027370,575000.0,2.99,360,Home purchase,2021-08-27,103.19,101.65875,Storgan Manley,28750.000000000025,Securitization (UMBS),103.19,10407.500000000004,0.0,18342.5,-10407.5
5027375,185000.0,2.99,360,Cash-out refinance,2021-08-27,104.17,102.63875,Storgan Manley,9250.00000000001,Securitization (UMBS),104.17,1535.4999999999964,0.0,7714.5,-1535.5
5027400,295000.0,1.99,120,Refinancing,2021-08-31,97.45,95.91875,Storgan Manley,14750.000000000013,Securitization (UMBS),97.45,22272.500000000004,0.0,-7522.5,-22272.5
5027420,185000.0,2.5,120,Cash-out refinance,2021-08-31,99.88,98.91125,Storgan Manley,9250.00000000001,Securitization (UMBS),99.88,9472.000000000025,0.0,-222.0,-9472.0
5027435,135000.0,2.75,180,Cash-out refinance,2021-09-01,103.19,102.22125,Storgan Manley,6750.000000000006,Securitization (UMBS),103.19,2443.500000000001,0.0,4306.5,-2443.5
5027527,515000.0,3.125,360,Refinancing,2021-09-01,103.19,101.40875,Golden Sachs,25750.000000000022,Securitization (UMBS),103.19,9321.5,0.0,16428.5,-9321.5
5027536,245000.0,3.75,360,Cash-out refinance,2021-09-02,105.77,104.11375,Storgan Manley,12250.000000000011,Securitization (UMBS),105.77,-1886.4999999999545,0.0,14136.5,1886.5
5027570,315000.0,2.99,360,Cash-out refinance,2021-09-02,103.19,100.40875,Golden Sachs,15750.000000000015,Securitization (UMBS),103.19,5701.500000000002,0.0,10048.5,-5701.5
5027577,215000.0,2.25,120,Refinancing,2021-09-02,99.88,98.09875,Golden Sachs,10750.00000000001,Securitization (UMBS),99.88,11008.00000000003,0.0,-258.0,-11008.0
5027614,175000.0,3.25,360,Cash-out refinance,2021-09-02,104.61,103.45375,Storgan Manley,8750.000000000007,Securitization (UMBS),104.61,682.5000000000018,0.0,8067.5,-682.5
5027651,235000.0,2.875,360,Refinancing,2021-09-02,103.19,102.47125,Storgan Manley,11750.000000000011,Securitization (UMBS),103.19,4253.500000000002,0.0,7496.5,-4253.5
5027654,205000.0,2.75,360,Refinancing,2021-09-03,103.19,102.09625,Storgan Manley,10250.00000000001,Securitization (UMBS),103.19,3710.500000000001,0.0,6539.5,-3710.5
5027701,155000.0,2.625,180,Refinancing,2021-09-03,99.88,98.09875,Golden Sachs,7750.000000000007,Securitization (UMBS),99.88,7936.000000000021,0.0,-186.0,-7936.0
5027702,125000.0,2.875,360,Cash-out refinance,2021-09-03,103.19,102.03375,Storgan Manley,6250.0000000000055,Securitization (UMBS),103.19,2262.5000000000005,0.0,3987.5,-2262.5
5027733,255000.0,2.875,360,Home purchase,2021-09-03,103.19,102.09625,Storgan Manley,12750.000000000011,Securitization (UMBS),103.19,4615.500000000001,0.0,8134.5,-4615.5
5027743,255000.0,2.99,360,Refinancing,2021-09-04,103.19,101.53375,Storgan Manley,12750.000000000011,Securitization (UMBS),103.19,4615.500000000001,0.0,8134.5,-4615.5
5027794,245000.0,2.875,360,Cash-out refinance,2021-09-07,104.17,102.82625,Golden Sachs,12250.000000000011,Securitization (UMBS),104.17,2033.4999999999945,0.0,10216.5,-2033.5
5027844,295000.0,2.99,360,Cash-out refinance,2021-09-07,103.19,101.90875,Golden Sachs,14750.000000000013,Securitization (UMBS),103.19,5339.500000000002,0.0,9410.5,-5339.5
5027852,235000.0,2.99,360,Cash-out refinance,2021-09-09,103.19,101.40875,Golden Sachs,11750.000000000011,Securitization (UMBS),103.19,4253.500000000002,0.0,7496.5,-4253.5
5027854,175000.0,2.99,324,Refinancing,2021-09-09,103.19,101.90875,Golden Sachs,8750.000000000007,Securitization (UMBS),103.19,3167.5,0.0,5582.5,-3167.5
5027872,375000.0,2.99,360,Home purchase,2021-09-11,103.19,101.84625,Golden Sachs,18750.00000000002,Securitization (UMBS),103.19,6787.500000000004,0.0,11962.5,-6787.5
5027900,205000.0,1.99,132,Refinancing,2021-09-11,97.45,96.16875,Golden Sachs,10250.00000000001,Securitization (UMBS),97.45,15477.500000000004,0.0,-5227.5,-15477.5
5027904,295000.0,2.75,240,Refinancing,2021-09-11,103.19,101.90875,Golden Sachs,14750.000000000013,Securitization (UMBS),103.19,5339.500000000002,0.0,9410.5,-5339.5
5027914,185000.0,2.99,360,Cash-out refinance,2021-09-13,103.19,102.84625,Storgan Manley,9250.00000000001,Securitization (UMBS),103.19,3348.500000000002,0.0,5901.5,-3348.5
5027959,205000.0,3.125,360,Home purchase,2021-09-13,103.19,102.03375,Storgan Manley,10250.00000000001,Securitization (UMBS),103.19,3710.500000000001,0.0,6539.5,-3710.5
5027983,325000.0,3.25,360,Cash-out refinance,2021-09-13,104.61,104.95375,Storgan Manley,16250.000000000015,Whole Loan Sale,104.95375,1267.5000000000055,0.0,16099.69,-150.31
5028014,445000.0,1.75,180,Refinancing,2021-09-13,97.45,96.48125,Storgan Manley,22250.00000000002,Securitization (UMBS),97.45,33597.5,0.0,-11347.5,-33597.5
5028136,585000.0,2.75,360,Refinancing,2021-09-13,103.19,101.53375,Storgan Manley,29250.000000000025,Securitization (UMBS),103.19,10588.500000000004,0.0,18661.5,-10588.5
5028168,545000.0,3.125,360,Cash-out refinance,2021-09-14,104.17,102.38875,Golden Sachs,27250.000000000025,Securitization (UMBS),104.17,4523.499999999985,0.0,22726.5,-4523.5
5028180,545000.0,2.99,360,Home purchase,2021-09-15,104.17,103.92,PJ Logan,27250.000000000025,Securitization (UMBS),104.17,4523.499999999985,0.0,22726.5,-4523.5
5028280,105000.0,2.875,360,Refinancing,2021-09-16,103.19,102.09625,Storgan Manley,5250.000000000005,Securitization (UMBS),103.19,1900.5000000000005,0.0,3349.5,-1900.5
5028302,185000.0,2.125,180,Refinancing,2021-09-17,97.45,95.79375,Storgan Manley,9250.00000000001,Securitization (UMBS),97.45,13967.500000000004,0.0,-4717.5,-13967.5
5028469,365000.0,3.125,360,Refinancing,2021-09-17,103.19,102.84625,Bank of Americans,18250.000000000015,Securitization (UMBS),103.19,6606.5,0.0,11643.5,-6606.5
5028586,225000.0,2.75,240,Refinancing,2021-09-17,103.19,103.53375,Storgan Manley,11250.00000000001,Whole Loan Sale,103.53375,4072.5,0.0,7950.94,-3299.06
5028656,85000.0,2.875,180,Refinancing,2021-09-17,104.17,103.70125,Storgan Manley,4250.000000000004,Securitization (UMBS),104.17,705.4999999999977,0.0,3544.5,-705.5
5028759,255000.0,2.875,360,Home purchase,2021-08-31,103.19,102.09625,Storgan Manley,12750.000000000011,Securitization (UMBS),103.19,4615.500000000001,0.0,8134.5,-4615.5
5028802,255000.0,2.99,360,Refinancing,2021-09-15,104.17,102.38875,Golden Sachs,12750.000000000011,Securitization (UMBS),104.17,2116.4999999999927,0.0,10633.5,-2116.5
5028806,265000.0,2.69,360,Refinancing,2021-09-02,99.88,100.09875,Storgan Manley,13250.000000000011,Whole Loan Sale,100.09875,13568.000000000035,0.0,261.69,-12988.31
5028934,425000.0,3.375,360,Cash-out refinance,2021-08-24,104.61,103.61,PJ Logan,21250.00000000002,Securitization (UMBS),104.61,1657.5000000000073,0.0,19592.5,-1657.5
5028943,345000.0,2.375,180,Refinancing,2021-08-26,99.88,98.78625,Storgan Manley,17250.000000000015,Securitization (UMBS),99.88,17664.000000000047,0.0,-414.0,-17664.0
5028961,295000.0,2.5,180,Cash-out refinance,2021-08-27,99.88,98.22375,Golden Sachs,14750.000000000013,Securitization (UMBS),99.88,15104.00000000004,0.0,-354.0,-15104.0
5028967,175000.0,2.75,360,Cash-out refinance,2021-08-27,103.19,102.59625,Storgan Manley,8750.000000000007,Securitization (UMBS),103.19,3167.5,0.0,5582.5,-3167.5
5029058,255000.0,2.99,240,Refinancing,2021-08-28,103.19,101.53375,Golden Sachs,12750.000000000011,Securitization (UMBS),103.19,4615.500000000001,0.0,8134.5,-4615.5
5029078,95000.0,3.375,360,Cash-out refinance,2021-08-31,104.61,104.82875,Golden Sachs,4750.000000000005,Whole Loan Sale,104.82875,370.5000000000018,0.0,4587.31,-162.69
5029344,295000.0,3.375,360,Refinancing,2021-09-01,105.0,104.75,PJ Logan,14750.000000000013,Securitization (UMBS),105.0,0.0,0.0,14750.0,-0.0
5029348,255000.0,2.375,180,Refinancing,2021-09-01,99.88,99.72375,Storgan Manley,12750.000000000011,Securitization (UMBS),99.88,13056.000000000035,0.0,-306.0,-13056.0
5029429,225000.0,2.5,180,Refinancing,2021-09-01,103.03,103.18625,Golden Sachs,11250.00000000001,Whole Loan Sale,103.18625,4432.500000000011,0.0,7169.06,-4080.94
5029438,525000.0,2.99,360,Cash-out refinance,2021-09-01,103.19,0.0,Golden Sachs,26250.000000000022,Securitization (UMBS),103.19,9502.5,0.0,16747.5,-9502.5
5029443,115000.0,3.375,180,Home improvement,2021-09-02,104.61,104.36,PJ Logan,5750.0000000000055,Securitization (UMBS),104.61,448.5000000000018,0.0,5301.5,-448.5
5029456,615000.0,3.25,360,Home purchase,2021-09-03,104.61,104.26625,Storgan Manley,30750.00000000003,Securitization (UMBS),104.61,2398.500000000011,0.0,28351.5,-2398.5
5029532,355000.0,3.25,360,Cash-out refinance,2021-09-03,105.0,103.46875,Storgan Manley,17750.000000000015,Securitization (UMBS),105.0,0.0,0.0,17750.0,-0.0
5029629,115000.0,3.25,240,Refinancing,2021-09-03,104.61,103.51625,Storgan Manley,5750.0000000000055,Securitization (UMBS),104.61,448.5000000000018,0.0,5301.5,-448.5
5029705,185000.0,3.125,360,Refinancing,2021-09-04,103.19,101.34625,Golden Sachs,9250.00000000001,Securitization (UMBS),103.19,3348.500000000002,0.0,5901.5,-3348.5
5029758,185000.0,2.625,180,Cash-out refinance,2021-09-04,99.88,98.22375,Storgan Manley,9250.00000000001,Securitization (UMBS),99.88,9472.000000000025,0.0,-222.0,-9472.0
5029821,245000.0,2.375,180,Refinancing,2021-09-04,99.88,100.09875,Storgan Manley,12250.000000000011,Whole Loan Sale,100.09875,12544.000000000033,0.0,241.94,-12008.06
5029840,205000.0,2.99,240,Cash-out refinance,2021-09-04,103.19,101.53375,Storgan Manley,10250.00000000001,Securitization (UMBS),103.19,3710.500000000001,0.0,6539.5,-3710.5
5029854,165000.0,2.99,360,Refinancing,2021-09-04,103.19,101.40875,Golden Sachs,8250.000000000007,Securitization (UMBS),103.19,2986.500000000001,0.0,5263.5,-2986.5
5029856,225000.0,3.75,360,Home purchase,2021-09-07,105.77,103.98875,Golden Sachs,11250.00000000001,Securitization (UMBS),105.77,-1732.49999999996,0.0,12982.5,1732.5
5029880,305000.0,2.875,240,Refinancing,2021-09-07,103.19,103.03375,Storgan Manley,15250.000000000013,Securitization (UMBS),103.19,5520.5,0.0,9729.5,-5520.5
5029954,435000.0,3.25,360,Home purchase,2021-09-07,105.0,103.21875,Golden Sachs,21750.00000000002,Securitization (UMBS),105.0,0.0,6393.1,21750.0,-0.0
5030011,585000.0,2.875,360,Refinancing,2021-09-07,103.19,102.94,PJ Logan,29250.000000000025,Securitization (UMBS),103.19,10588.500000000004,0.0,18661.5,-10588.5
5030041,125000.0,2.75,144,Refinancing,2021-09-08,103.19,103.03375,Storgan Manley,6250.0000000000055,Securitization (UMBS),103.19,2262.5000000000005,0.0,3987.5,-2262.5
5030057,705000.0,3.44,360,Cash-out refinance,2021-09-08,104.61,105.01625,Storgan Manley,35250.00000000003,Whole Loan Sale,105.01625,2749.5000000000073,0.0,35364.56,114.56
5030066,135000.0,3.75,360,Other,2021-09-08,105.77,105.61375,Storgan Manley,6750.000000000006,Securitization (UMBS),105.77,-1039.4999999999754,0.0,7789.5,1039.5
5030216,165000.0,1.75,180,Refinancing,2021-09-08,97.45,95.91875,Storgan Manley,8250.000000000007,Securitization (UMBS),97.45,12457.500000000002,0.0,-4207.5,-12457.5
5030298,465000.0,2.875,360,Refinancing,2021-09-08,103.19,102.22125,Golden Sachs,23250.000000000022,Securitization (UMBS),103.19,8416.500000000004,0.0,14833.5,-8416.5
5030315,255000.0,2.625,180,Refinancing,2021-09-09,103.03,102.56125,Golden Sachs,12750.000000000011,Securitization (UMBS),103.03,5023.500000000013,0.0,7726.5,-5023.5
5030369,95000.0,3.375,360,Home purchase,2021-09-09,104.61,103.9225,Golden Sachs,4750.000000000005,Securitization (UMBS),104.61,370.5000000000018,0.0,4379.5,-370.5
5030415,125000.0,2.375,180,Refinancing,2021-09-09,99.88,99.63,PJ Logan,6250.0000000000055,Securitization (UMBS),99.88,6400.000000000016,0.0,-150.0,-6400.0
5030420,245000.0,2.99,360,Cash-out refinance,2021-09-09,103.19,101.03375,Storgan Manley,12250.000000000011,Securitization (UMBS),103.19,4434.500000000001,0.0,7815.5,-4434.5
5030471,195000.0,2.625,180,Cash-out refinance,2021-09-09,103.03,100.18625,Golden Sachs,9750.00000000001,Securitization (UMBS),103.03,3841.50000000001,0.0,5908.5,-3841.5
5030512,245000.0,3.125,360,Cash-out refinance,2021-09-10,103.19,103.315,PJ Logan,12250.000000000011,Whole Loan Sale,103.315,4434.500000000001,0.0,8121.75,-4128.25
5030604,365000.0,3.25,180,Home purchase,2021-09-10,104.61,102.95375,Golden Sachs,18250.000000000015,Securitization (UMBS),104.61,1423.5000000000036,0.0,16826.5,-1423.5
5030719,545000.0,2.125,180,Cash-out refinance,2021-09-10,97.45,96.98125,Storgan Manley,27250.000000000025,Securitization (UMBS),97.45,41147.50000000001,0.0,-13897.5,-41147.5
5030807,405000.0,2.99,360,Refinancing,2021-09-10,103.19,101.65875,Storgan Manley,20250.00000000002,Securitization (UMBS),103.19,7330.500000000002,0.0,12919.5,-7330.5
5030852,135000.0,2.99,360,Refinancing,2021-09-10,104.17,102.01375,Storgan Manley,6750.000000000006,Securitization (UMBS),104.17,1120.4999999999973,0.0,5629.5,-1120.5
5030916,85000.0,2.99,360,Refinancing,2021-09-11,104.17,103.20125,Golden Sachs,4250.000000000004,Securitization (UMBS),104.17,705.4999999999977,0.0,3544.5,-705.5
5031036,325000.0,2.625,180,Cash-out refinance,2021-09-11,99.88,98.53625,Golden Sachs,16250.000000000015,Securitization (UMBS),99.88,16640.000000000044,0.0,-390.0,-16640.0
5031043,475000.0,2.69,360,Refinancing,2021-09-11,103.03,103.43625,Storgan Manley,23750.000000000022,Whole Loan Sale,103.43625,9357.500000000025,0.0,16322.19,-7427.81
5031132,125000.0,2.99,360,Home purchase,2021-09-11,103.19,101.84625,Golden Sachs,6250.0000000000055,Securitization (UMBS),103.19,2262.5000000000005,0.0,3987.5,-2262.5
5031150,495000.0,2.99,360,Refinancing,2021-09-13,103.19,103.22125,Smells Largo,24750.000000000022,Whole Loan Sale,103.22125,8959.500000000002,0.0,15945.19,-8804.81
5031167,75000.0,2.75,180,Refinancing,2021-09-13,103.19,101.53375,Storgan Manley,3750.000000000003,Securitization (UMBS),103.19,1357.5,0.0,2392.5,-1357.5
5031192,505000.0,2.25,360,Other,2021-09-14,99.88,98.59875,Golden Sachs,25250.000000000022,Securitization (UMBS),99.88,25856.000000000065,0.0,-606.0,-25856.0
5031244,295000.0,2.75,180,Refinancing,2021-09-14,104.17,104.38875,Golden Sachs,14750.000000000013,Whole Loan Sale,104.38875,2448.4999999999927,0.0,12946.81,-1803.19
5031402,895000.0,2.75,360,Cash-out refinance,2021-09-14,103.19,101.90875,Golden Sachs,44750.00000000004,Securitization (UMBS),103.19,16199.5,0.0,28550.5,-16199.5
5031488,315000.0,3.125,360,Cash-out refinance,2021-09-15,104.17,102.88875,Golden Sachs,15750.000000000015,Securitization (UMBS),104.17,2614.4999999999927,0.0,13135.5,-2614.5
5031515,255000.0,3.25,360,Refinancing,2021-09-15,104.61,104.45375,Storgan Manley,12750.000000000011,Securitization (UMBS),104.61,994.5000000000036,0.0,11755.5,-994.5
5031597,375000.0,2.69,360,Refinancing,2021-09-16,99.88,99.63,PJ Logan,18750.00000000002,Securitization (UMBS),99.88,19200.00000000005,0.0,-450.0,-19200.0
5031645,165000.0,2.25,180,Refinancing,2021-09-16,99.88,98.91125,Storgan Manley,8250.000000000007,Securitization (UMBS),99.88,8448.000000000022,0.0,-198.0,-8448.0
5031654,365000.0,3.19,360,Cash-out refinance,2021-09-16,103.19,102.22125,Storgan Manley,18250.000000000015,Securitization (UMBS),103.19,6606.5,0.0,11643.5,-6606.5
5031679,205000.0,3.375,360,Refinancing,2021-09-17,104.61,103.4225,Golden Sachs,10250.00000000001,Securitization (UMBS),104.61,799.5000000000036,0.0,9450.5,-799.5
5031736,265000.0,2.75,360,Cash-out refinance,2021-09-17,103.19,102.94,PJ Logan,13250.000000000011,Securitization (UMBS),103.19,4796.5,0.0,8453.5,-4796.5
5031746,195000.0,3.375,360,Refinancing,2021-09-17,104.61,102.70375,Golden Sachs,9750.00000000001,Securitization (UMBS),104.61,760.5000000000036,0.0,8989.5,-760.5
5031756,255000.0,3.25,360,Cash-out refinance,2021-08-25,104.61,103.20375,Golden Sachs,12750.000000000011,Securitization (UMBS),104.61,994.5000000000036,0.0,11755.5,-994.5
5031767,235000.0,2.375,180,Cash-out refinance,2021-09-03,99.88,98.91125,Storgan Manley,11750.000000000011,Securitization (UMBS),99.88,12032.000000000033,0.0,-282.0,-12032.0
5031773,195000.0,2.99,360,Refinancing,2021-05-06,104.17,102.88875,Golden Sachs,9750.00000000001,Securitization (UMBS),104.17,1618.4999999999955,0.0,8131.5,-1618.5
5031803,305000.0,2.375,360,Refinancing,2021-08-02,103.03,101.37375,Golden Sachs,15250.000000000013,Securitization (UMBS),103.03,6008.500000000015,0.0,9241.5,-6008.5
5031807,175000.0,2.99,360,Refinancing,2021-08-12,104.17,103.82625,Storgan Manley,8750.000000000007,Securitization (UMBS),104.17,1452.4999999999945,0.0,7297.5,-1452.5
5031815,135000.0,2.125,120,Refinancing,2021-08-23,97.45,98.35625,Storgan Manley,6750.000000000006,Whole Loan Sale,98.35625,10192.500000000002,0.0,-2219.06,-8969.06
5031894,215000.0,2.25,144,Cash-out refinance,2021-08-24,99.88,100.22375,Storgan Manley,10750.00000000001,Whole Loan Sale,100.22375,11008.00000000003,0.0,481.06,-10268.94
5031911,195000.0,2.875,360,Refinancing,2021-08-25,104.17,103.8575,PJ Logan,9750.00000000001,Securitization (UMBS),104.17,1618.4999999999955,0.0,8131.5,-1618.5
5031969,535000.0,1.99,180,Refinancing,2021-08-27,97.45,96.85625,Storgan Manley,26750.000000000025,Securitization (UMBS),97.45,40392.50000000001,0.0,-13642.5,-40392.5
5032032,215000.0,2.125,180,Refinancing,2021-08-27,97.45,97.29375,Storgan Manley,10750.00000000001,Securitization (UMBS),97.45,16232.500000000002,0.0,-5482.5,-16232.5
5032088,305000.0,2.99,360,Refinancing,2021-08-30,103.19,102.34625,Storgan Manley,15250.000000000013,Securitization (UMBS),103.19,5520.5,0.0,9729.5,-5520.5
5032193,175000.0,2.875,360,Refinancing,2021-08-31,104.17,104.51375,Storgan Manley,8750.000000000007,Whole Loan Sale,104.51375,1452.4999999999945,0.0,7899.06,-850.94
5032213,695000.0,3.375,360,Home purchase,2021-08-31,104.61,103.45375,Storgan Manley,34750.00000000003,Securitization (UMBS),104.61,2710.5000000000073,0.0,32039.5,-2710.5
5032261,105000.0,2.75,180,Cash-out refinance,2021-09-01,104.17,104.51375,Storgan Manley,5250.000000000005,Whole Loan Sale,104.51375,871.4999999999973,0.0,4739.44,-510.56
5032325,205000.0,3.375,360,Refinancing,2021-09-01,104.61,104.82875,Golden Sachs,10250.00000000001,Whole Loan Sale,104.82875,799.5000000000036,0.0,9898.94,-351.06
5032348,155000.0,2.875,240,Refinancing,2021-09-02,103.19,103.03375,Storgan Manley,7750.000000000007,Securitization (UMBS),103.19,2805.500000000001,0.0,4944.5,-2805.5
5032382,465000.0,2.99,360,Home purchase,2021-09-02,103.19,101.34625,Golden Sachs,23250.000000000022,Securitization (UMBS),103.19,8416.500000000004,0.0,14833.5,-8416.5
5032406,495000.0,2.875,360,Refinancing,2021-09-02,104.17,102.82625,Golden Sachs,24750.000000000022,Securitization (UMBS),104.17,4108.499999999985,0.0,20641.5,-4108.5
5032463,245000.0,2.25,120,Refinancing,2021-09-02,103.03,102.68625,Storgan Manley,12250.000000000011,Securitization (UMBS),103.03,4826.500000000013,0.0,7423.5,-4826.5
5032470,155000.0,3.25,360,Cash-out refinance,2021-09-02,104.61,104.95375,Storgan Manley,7750.000000000007,Whole Loan Sale,104.95375,604.5000000000027,0.0,7678.31,-71.69
5032495,325000.0,3.19,360,Cash-out refinance,2021-09-02,103.19,103.03375,Storgan Manley,16250.000000000015,Securitization (UMBS),103.19,5882.500000000002,0.0,10367.5,-5882.5
5032604,275000.0,3.5,360,Cash-out refinance,2021-09-03,104.61,104.36,PJ Logan,13750.000000000013,Securitization (UMBS),104.61,1072.5000000000036,0.0,12677.5,-1072.5
5032638,215000.0,3.375,360,Refinancing,2021-09-04,105.0,104.84375,Storgan Manley,10750.00000000001,Securitization (UMBS),105.0,0.0,0.0,10750.0,-0.0
5032699,515000.0,2.75,360,Refinancing,2021-09-04,103.19,103.59625,Storgan Manley,25750.000000000022,Whole Loan Sale,103.59625,9321.5,0.0,18520.69,-7229.31
5032721,125000.0,2.75,360,Cash-out refinance,2021-09-06,103.19,102.72125,Golden Sachs,6250.0000000000055,Securitization (UMBS),103.19,2262.5000000000005,0.0,3987.5,-2262.5
5032786,195000.0,2.99,360,Cash-out refinance,2021-09-07,104.17,103.20125,Golden Sachs,9750.00000000001,Securitization (UMBS),104.17,1618.4999999999955,0.0,8131.5,-1618.5
5032791,355000.0,3.25,360,Cash-out refinance,2021-09-07,104.61,104.82875,Storgan Manley,17750.000000000015,Whole Loan Sale,104.82875,1384.5000000000036,0.0,17142.06,-607.94
5032799,105000.0,3.375,360,Cash-out refinance,2021-09-08,104.61,105.4225,Bank of Americans,5250.000000000005,Whole Loan Sale,105.4225,409.5000000000018,0.0,5693.62,443.62
5032870,435000.0,2.99,360,Home purchase,2021-09-08,103.19,102.34625,Storgan Manley,21750.00000000002,Securitization (UMBS),103.19,7873.500000000002,0.0,13876.5,-7873.5
5032900,85000.0,2.75,96,Cash-out refinance,2021-09-09,103.19,103.5025,Bank of Americans,4250.000000000004,Whole Loan Sale,103.5025,1538.5000000000005,0.0,2977.12,-1272.88
5032917,355000.0,2.875,360,Cash-out refinance,2021-09-09,104.17,103.70125,Golden Sachs,17750.000000000015,Securitization (UMBS),104.17,2946.499999999989,0.0,14803.5,-2946.5
5033013,355000.0,2.75,240,Refinancing,2021-09-09,103.19,102.84625,Storgan Manley,17750.000000000015,Securitization (UMBS),103.19,6425.5,0.0,11324.5,-6425.5
5033040,245000.0,2.69,360,Refinancing,2021-09-10,103.03,101.37375,Golden Sachs,12250.000000000011,Securitization (UMBS),103.03,4826.500000000013,0.0,7423.5,-4826.5
5033067,125000.0,2.875,360,Cash-out refinance,2021-09-11,103.19,101.53375,Golden Sachs,6250.0000000000055,Securitization (UMBS),103.19,2262.5000000000005,0.0,3987.5,-2262.5
5033099,515000.0,2.99,360,Refinancing,2021-09-11,104.17,103.01375,Golden Sachs,25750.000000000022,Securitization (UMBS),104.17,4274.499999999985,0.0,21475.5,-4274.5
5033110,505000.0,2.625,240,Cash-out refinance,2021-09-11,103.03,102.43625,Storgan Manley,25250.000000000022,Securitization (UMBS),103.03,9948.500000000025,0.0,15301.5,-9948.5
5033130,225000.0,2.625,168,Cash-out refinance,2021-09-13,99.88,98.03625,Golden Sachs,11250.00000000001,Securitization (UMBS),99.88,11520.00000000003,0.0,-270.0,-11520.0
5033212,245000.0,2.625,180,Refinancing,2021-09-13,99.88,98.47375,Golden Sachs,12250.000000000011,Securitization (UMBS),99.88,12544.000000000033,0.0,-294.0,-12544.0
5033219,335000.0,2.5,240,Cash-out refinance,2021-09-14,99.88,98.78625,Storgan Manley,16750.000000000015,Securitization (UMBS),99.88,17152.000000000044,0.0,-402.0,-17152.0
5033314,165000.0,3.375,360,Cash-out refinance,2021-09-14,104.61,102.82875,Golden Sachs,8250.000000000007,Securitization (UMBS),104.61,643.5000000000027,0.0,7606.5,-643.5
5033519,155000.0,2.75,180,Cash-out refinance,2021-09-14,103.19,101.34625,Golden Sachs,7750.000000000007,Securitization (UMBS),103.19,2805.500000000001,0.0,4944.5,-2805.5
5033524,285000.0,2.25,180,Cash-out refinance,2021-09-14,99.88,99.1925,Golden Sachs,14250.000000000013,Securitization (UMBS),99.88,14592.000000000038,0.0,-342.0,-14592.0
5033584,135000.0,2.99,360,Refinancing,2021-09-15,103.19,102.5025,Golden Sachs,6750.000000000006,Securitization (UMBS),103.19,2443.500000000001,0.0,4306.5,-2443.5
5033621,135000.0,3.875,360,Refinancing,2021-09-15,106.41,105.12875,Golden Sachs,6750.000000000006,Securitization (UMBS),106.41,-1903.499999999999,0.0,8653.5,1903.5
5033688,125000.0,3.125,180,Cash-out refinance,2021-09-15,103.19,101.34625,Golden Sachs,6250.0000000000055,Securitization (UMBS),103.19,2262.5000000000005,0.0,3987.5,-2262.5
5033794,285000.0,2.99,288,Cash-out refinance,2021-09-16,103.19,101.5025,Golden Sachs,14250.000000000013,Securitization (UMBS),103.19,5158.500000000002,0.0,9091.5,-5158.5
5034006,195000.0,1.875,180,Refinancing,2021-09-16,97.45,97.79375,Storgan Manley,9750.00000000001,Whole Loan Sale,97.79375,14722.500000000004,0.0,-4302.19,-14052.19
5034033,235000.0,3.19,360,Home purchase,2021-09-17,103.19,103.40875,Storgan Manley,11750.000000000011,Whole Loan Sale,103.40875,4253.500000000002,0.0,8010.56,-3739.44
5034131,125000.0,3.625,360,Cash-out refinance,2021-09-17,104.61,104.26625,Storgan Manley,6250.0000000000055,Securitization (UMBS),104.61,487.5000000000018,0.0,5762.5,-487.5
5034196,755000.0,2.875,360,Refinancing,2021-09-17,103.19,101.40875,Golden Sachs,37750.00000000004,Securitization (UMBS),103.19,13665.500000000007,0.0,24084.5,-13665.5
5034203,235000.0,2.99,360,Refinancing,2021-09-17,103.19,102.94,PJ Logan,11750.000000000011,Securitization (UMBS),103.19,4253.500000000002,0.0,7496.5,-4253.5
5034236,255000.0,2.99,360,Cash-out refinance,2021-09-13,103.19,101.65875,Storgan Manley,12750.000000000011,Securitization (UMBS),103.19,4615.500000000001,0.0,8134.5,-4615.5
5034311,265000.0,2.75,360,Home purchase,2021-09-03,103.19,101.53375,Golden Sachs,13250.000000000011,Securitization (UMBS),103.19,4796.5,0.0,8453.5,-4796.5
5034312,65000.0,3.125,180,Other,2021-08-27,103.19,101.65875,Storgan Manley,3250.0000000000027,Securitization (UMBS),103.19,1176.5,0.0,2073.5,-1176.5
5034319,315000.0,2.875,360,Refinancing,2021-08-21,103.19,103.59625,Storgan Manley,15750.000000000015,Whole Loan Sale,103.59625,5701.500000000002,0.0,11328.19,-4421.81
5034363,155000.0,2.99,360,Refinancing,2021-08-24,104.17,103.88875,Storgan Manley,7750.000000000007,Securitization (UMBS),104.17,1286.4999999999964,0.0,6463.5,-1286.5
5034394,75000.0,2.75,180,Refinancing,2021-08-24,103.19,0.0,Golden Sachs,3750.000000000003,Securitization (UMBS),103.19,1357.5,0.0,2392.5,-1357.5
5034413,155000.0,2.99,360,Cash-out refinance,2021-08-25,103.19,100.40875,Golden Sachs,7750.000000000007,Securitization (UMBS),103.19,2805.500000000001,0.0,4944.5,-2805.5
5034589,375000.0,3.375,360,Cash-out refinance,2021-08-26,105.0,104.84375,Storgan Manley,18750.00000000002,Securitization (UMBS),105.0,0.0,0.0,18750.0,-0.0
5034700,475000.0,3.375,360,Cash-out refinance,2021-08-26,104.61,105.01625,Storgan Manley,23750.000000000022,Whole Loan Sale,105.01625,1852.5000000000073,0.0,23827.19,77.19
5034725,315000.0,2.875,360,Cash-out refinance,2021-08-28,104.17,103.13875,Storgan Manley,15750.000000000015,Securitization (UMBS),104.17,2614.4999999999927,0.0,13135.5,-2614.5
5034727,235000.0,2.75,180,Refinancing,2021-08-30,103.19,101.09625,Storgan Manley,11750.000000000011,Securitization (UMBS),103.19,4253.500000000002,0.0,7496.5,-4253.5
5034754,65000.0,2.99,180,Cash-out refinance,2021-09-01,103.19,102.34625,Storgan Manley,3250.0000000000027,Securitization (UMBS),103.19,1176.5,0.0,2073.5,-1176.5
5034789,315000.0,2.75,360,Refinancing,2021-09-01,103.19,103.40875,Golden Sachs,15750.000000000015,Whole Loan Sale,103.40875,5701.500000000002,0.0,10737.56,-5012.44
5034796,375000.0,2.75,360,Refinancing,2021-09-01,103.19,102.22125,Storgan Manley,18750.00000000002,Securitization (UMBS),103.19,6787.500000000004,0.0,11962.5,-6787.5
5034820,455000.0,3.25,360,Cash-out refinance,2021-09-02,104.61,104.14125,Golden Sachs,22750.000000000022,Securitization (UMBS),104.61,1774.5000000000073,0.0,20975.5,-1774.5
5034897,205000.0,2.99,360,Home purchase,2021-09-02,104.17,103.92,PJ Logan,10250.00000000001,Securitization (UMBS),104.17,1701.4999999999945,0.0,8548.5,-1701.5
5034907,185000.0,2.99,360,Refinancing,2021-09-02,103.19,102.72125,Golden Sachs,9250.00000000001,Securitization (UMBS),103.19,3348.500000000002,0.0,5901.5,-3348.5
5034981,865000.0,2.99,360,Refinancing,2021-09-02,103.19,102.72125,Storgan Manley,43250.00000000004,Securitization (UMBS),103.19,15656.500000000004,0.0,27593.5,-15656.5
5035060,105000.0,2.875,240,Refinancing,2021-09-02,103.19,102.09625,Storgan Manley,5250.000000000005,Securitization (UMBS),103.19,1900.5000000000005,0.0,3349.5,-1900.5
5035077,165000.0,2.99,360,Home purchase,2021-09-04,103.19,103.59625,Storgan Manley,8250.000000000007,Whole Loan Sale,103.59625,2986.500000000001,0.0,5933.81,-2316.19
5035103,545000.0,2.875,360,Home purchase,2021-09-04,103.19,103.40875,Golden Sachs,27250.000000000025,Whole Loan Sale,103.40875,9864.500000000004,1056.32,18577.69,-8672.31
5035231,295000.0,2.875,240,Refinancing,2021-09-06,104.17,103.8575,PJ Logan,14750.000000000013,Securitization (UMBS),104.17,2448.4999999999927,0.0,12301.5,-2448.5
5035255,105000.0,3.5,360,Cash-out refinance,2021-09-06,104.61,103.76625,Storgan Manley,5250.000000000005,Securitization (UMBS),104.61,409.5000000000018,0.0,4840.5,-409.5
5035267,395000.0,2.69,360,Refinancing,2021-09-07,99.88,98.22375,Storgan Manley,19750.00000000002,Securitization (UMBS),99.88,20224.000000000055,0.0,-474.0,-20224.0
5035334,455000.0,2.875,360,Refinancing,2021-09-09,103.19,102.03375,Golden Sachs,22750.000000000022,Securitization (UMBS),103.19,8235.500000000004,0.0,14514.5,-8235.5
5035397,375000.0,2.875,360,Refinancing,2021-09-09,103.19,103.34625,Golden Sachs,18750.00000000002,Whole Loan Sale,103.34625,6787.500000000004,0.0,12548.44,-6201.56
5035427,265000.0,2.25,180,Cash-out refinance,2021-09-09,99.88,97.47375,Storgan Manley,13250.000000000011,Securitization (UMBS),99.88,13568.000000000035,0.0,-318.0,-13568.0
5035532,245000.0,2.875,360,Cash-out refinance,2021-09-09,104.17,103.92,PJ Logan,12250.000000000011,Securitization (UMBS),104.17,2033.4999999999945,0.0,10216.5,-2033.5
5035560,535000.0,3.19,360,Refinancing,2021-09-10,103.19,0.0,Golden Sachs,26750.000000000025,Securitization (UMBS),103.19,9683.500000000004,0.0,17066.5,-9683.5
5035584,625000.0,2.69,360,Home purchase,2021-09-10,103.03,103.43625,Storgan Manley,31250.00000000003,Whole Loan Sale,103.43625,12312.500000000033,0.0,21476.56,-9773.44
5035633,195000.0,3.125,360,Refinancing,2021-09-10,103.19,103.59625,Storgan Manley,9750.00000000001,Whole Loan Sale,103.59625,3529.500000000002,0.0,7012.69,-2737.31
5035709,295000.0,2.875,240,Cash-out refinance,2021-09-11,104.17,103.92,PJ Logan,14750.000000000013,Securitization (UMBS),104.17,2448.4999999999927,0.0,12301.5,-2448.5
5035752,135000.0,3.375,180,Refinancing,2021-09-13,104.61,104.36,PJ Logan,6750.000000000006,Securitization (UMBS),104.61,526.5000000000027,0.0,6223.5,-526.5
5035948,365000.0,2.875,360,Refinancing,2021-09-13,104.17,104.01375,Storgan Manley,18250.000000000015,Securitization (UMBS),104.17,3029.499999999989,0.0,15220.5,-3029.5
5036023,445000.0,3.5,360,Cash-out refinance,2021-09-13,105.0,104.75,PJ Logan,22250.00000000002,Securitization (UMBS),105.0,0.0,0.0,22250.0,-0.0
5036027,765000.0,2.25,180,Refinancing,2021-09-13,99.88,100.09875,Golden Sachs,38250.00000000004,Whole Loan Sale,100.09875,39168.0000000001,0.0,755.44,-37494.56
5036038,105000.0,3.375,360,Home purchase,2021-09-14,105.0,104.03125,Golden Sachs,5250.000000000005,Securitization (UMBS),105.0,0.0,0.0,5250.0,-0.0
5036091,235000.0,2.99,360,Home purchase,2021-09-15,103.19,102.34625,Storgan Manley,11750.000000000011,Securitization (UMBS),103.19,4253.500000000002,0.0,7496.5,-4253.5
5036119,205000.0,2.125,180,Cash-out refinance,2021-09-15,97.45,96.23125,Golden Sachs,10250.00000000001,Securitization (UMBS),97.45,15477.500000000004,0.0,-5227.5,-15477.5
5036187,115000.0,2.5,180,Refinancing,2021-09-16,99.88,98.22375,Golden Sachs,5750.0000000000055,Securitization (UMBS),99.88,5888.0000000000155,0.0,-138.0,-5888.0
5036243,335000.0,2.99,360,Refinancing,2021-09-16,103.19,102.03375,Storgan Manley,16750.000000000015,Securitization (UMBS),103.19,6063.500000000002,0.0,10686.5,-6063.5
5036343,105000.0,3.99,360,Cash-out refinance,2021-09-17,105.77,104.67625,Storgan Manley,5250.000000000005,Securitization (UMBS),105.77,-808.4999999999809,0.0,6058.5,808.5
5036352,135000.0,2.875,240,Refinancing,2021-09-13,104.17,103.07625,Storgan Manley,6750.000000000006,Securitization (UMBS),104.17,1120.4999999999973,0.0,5629.5,-1120.5
5036358,485000.0,2.75,360,Home purchase,2021-07-19,104.17,101.82625,Golden Sachs,24250.000000000022,Securitization (UMBS),104.17,4025.499999999989,0.0,20224.5,-4025.5
5036400,235000.0,3.25,360,Refinancing,2021-08-02,104.61,0.0,Golden Sachs,11750.000000000011,Securitization (UMBS),104.61,916.5000000000036,0.0,10833.5,-916.5
5036637,285000.0,3.25,360,Home purchase,2021-08-02,104.61,102.76625,Golden Sachs,14250.000000000013,Securitization (UMBS),104.61,1111.5000000000036,0.0,13138.5,-1111.5
5036805,85000.0,3.25,324,Refinancing,2021-08-24,104.61,102.95375,Golden Sachs,4250.000000000004,Securitization (UMBS),104.61,331.5000000000009,0.0,3918.5,-331.5
5036838,185000.0,3.25,156,Home purchase,2021-08-24,104.61,102.95375,Storgan Manley,9250.00000000001,Securitization (UMBS),104.61,721.5000000000036,0.0,8528.5,-721.5
5036866,195000.0,3.99,360,Cash-out refinance,2021-08-26,105.77,104.73875,Storgan Manley,9750.00000000001,Securitization (UMBS),105.77,-1501.4999999999636,0.0,11251.5,1501.5
5036919,265000.0,2.69,360,Cash-out refinance,2021-08-28,103.03,101.8425,Golden Sachs,13250.000000000011,Securitization (UMBS),103.03,5220.500000000013,0.0,8029.5,-5220.5
5036967,255000.0,2.125,120,Cash-out refinance,2021-08-30,97.45,97.60625,Golden Sachs,12750.000000000011,Whole Loan Sale,97.60625,19252.500000000004,0.0,-6104.06,-18854.06
5036984,745000.0,3.44,360,Home purchase,2021-08-30,104.61,103.45375,Storgan Manley,37250.00000000004,Securitization (UMBS),104.61,2905.5000000000146,0.0,34344.5,-2905.5
5037030,315000.0,2.75,360,Home purchase,2021-08-31,103.19,104.09625,Storgan Manley,15750.000000000015,Whole Loan Sale,104.09625,5701.500000000002,0.0,12903.19,-2846.81
5037107,625000.0,3.125,360,Home purchase,2021-08-31,104.17,103.57625,Storgan Manley,31250.00000000003,Securitization (UMBS),104.17,5187.499999999985,0.0,26062.5,-5187.5
5037198,75000.0,2.75,360,Cash-out refinance,2021-08-31,103.19,101.84625,Golden Sachs,3750.000000000003,Securitization (UMBS),103.19,1357.5,0.0,2392.5,-1357.5
5037206,465000.0,2.875,360,Home purchase,2021-09-01,103.19,104.09625,Storgan Manley,23250.000000000022,Whole Loan Sale,104.09625,8416.500000000004,0.0,19047.56,-4202.44
5037232,95000.0,3.375,240,Cash-out refinance,2021-09-02,104.61,104.14125,Golden Sachs,4750.000000000005,Securitization (UMBS),104.61,370.5000000000018,0.0,4379.5,-370.5
5037269,75000.0,2.99,360,Cash-out refinance,2021-09-02,103.19,101.53375,Storgan Manley,3750.000000000003,Securitization (UMBS),103.19,1357.5,0.0,2392.5,-1357.5
5037278,825000.0,2.25,180,Refinancing,2021-09-02,103.03,102.78,PJ Logan,41250.00000000004,Securitization (UMBS),103.03,16252.50000000004,0.0,24997.5,-16252.5
5037296,215000.0,2.125,180,Refinancing,2021-09-03,100.93,101.83625,Storgan Manley,10750.00000000001,Whole Loan Sale,101.83625,8750.49999999999,0.0,3947.94,-6802.06
5037403,195000.0,3.625,360,Cash-out refinance,2021-09-03,104.61,102.82875,Golden Sachs,9750.00000000001,Securitization (UMBS),104.61,760.5000000000036,0.0,8989.5,-760.5
5037467,135000.0,3.625,360,Cash-out refinance,2021-09-04,104.61,104.36,PJ Logan,6750.000000000006,Securitization (UMBS),104.61,526.5000000000027,0.0,6223.5,-526.5
5037495,355000.0,2.875,360,Home purchase,2021-09-04,103.19,104.09625,Storgan Manley,17750.000000000015,Whole Loan Sale,104.09625,6425.5,0.0,14541.69,-3208.31
5037535,305000.0,2.75,360,Cash-out refinance,2021-09-04,103.19,102.09625,Storgan Manley,15250.000000000013,Securitization (UMBS),103.19,5520.5,0.0,9729.5,-5520.5
5037563,185000.0,2.375,180,Cash-out refinance,2021-09-06,99.88,100.03625,Golden Sachs,9250.00000000001,Whole Loan Sale,100.03625,9472.000000000025,0.0,67.06,-9182.94
5037580,225000.0,2.875,240,Refinancing,2021-09-06,103.19,102.0025,Golden Sachs,11250.00000000001,Securitization (UMBS),103.19,4072.5,0.0,7177.5,-4072.5
5037599,1005000.0,3.25,360,Home purchase,2021-09-06,104.61,104.32875,Storgan Manley,50250.000000000044,Securitization (UMBS),104.61,3919.5000000000146,0.0,46330.5,-3919.5
5037607,165000.0,2.5,180,Cash-out refinance,2021-09-07,99.88,99.53625,Storgan Manley,8250.000000000007,Securitization (UMBS),99.88,8448.000000000022,0.0,-198.0,-8448.0
5024133,405000.0,2.94,360,Home purchase,2021-09-07,103.19,101.90875,Golden Sachs,20250.00000000002,Securitization (UMBS),103.19,7330.500000000002,0.0,12919.5,-7330.5
5024164,445000.0,2.99,360,Home purchase,2021-09-07,103.19,102.03375,Storgan Manley,22250.00000000002,Securitization (UMBS),103.19,8054.5,0.0,14195.5,-8054.5
5024167,285000.0,2.875,360,Cash-out refinance,2021-09-07,103.19,102.03375,Storgan Manley,14250.000000000013,Securitization (UMBS),103.19,5158.500000000002,0.0,9091.5,-5158.5
5024200,205000.0,2.875,360,Refinancing,2021-09-08,104.17,104.51375,Storgan Manley,10250.00000000001,Whole Loan Sale,104.51375,1701.4999999999945,0.0,9253.19,-996.81
5024278,105000.0,3.375,360,Cash-out refinance,2021-09-08,104.61,104.14125,Golden Sachs,5250.000000000005,Securitization (UMBS),104.61,409.5000000000018,0.0,4840.5,-409.5
5024314,505000.0,2.375,180,Cash-out refinance,2021-09-08,99.88,97.59875,Golden Sachs,25250.000000000022,Securitization (UMBS),99.88,25856.000000000065,0.0,-606.0,-25856.0
5024401,685000.0,2.875,360,Refinancing,2021-09-08,104.17,104.01375,Storgan Manley,34250.00000000003,Securitization (UMBS),104.17,5685.499999999982,0.0,28564.5,-5685.5
5024453,595000.0,2.875,360,Home purchase,2021-09-09,104.17,104.32625,Golden Sachs,29750.000000000025,Whole Loan Sale,104.32625,4938.499999999982,0.0,25741.19,-4008.81
5024454,345000.0,2.25,180,Refinancing,2021-09-09,99.88,98.09875,Golden Sachs,17250.000000000015,Securitization (UMBS),99.88,17664.000000000047,0.0,-414.0,-17664.0
5024459,285000.0,2.875,360,Refinancing,2021-09-09,103.19,103.03375,Storgan Manley,14250.000000000013,Securitization (UMBS),103.19,5158.500000000002,0.0,9091.5,-5158.5
5024472,295000.0,2.99,360,Refinancing,2021-09-10,103.19,102.78375,Storgan Manley,14750.000000000013,Securitization (UMBS),103.19,5339.500000000002,0.0,9410.5,-5339.5
5024497,435000.0,2.99,360,Cash-out refinance,2021-09-10,104.17,103.4825,Golden Sachs,21750.00000000002,Securitization (UMBS),104.17,3610.499999999989,0.0,18139.5,-3610.5
5024502,325000.0,3.625,360,Cash-out refinance,2021-09-10,104.61,104.82875,Golden Sachs,16250.000000000015,Whole Loan Sale,104.82875,1267.5000000000055,0.0,15693.44,-556.56
5024584,445000.0,3.19,360,Home purchase,2021-09-11,104.17,103.01375,Storgan Manley,22250.00000000002,Securitization (UMBS),104.17,3693.4999999999854,0.0,18556.5,-3693.5
5024644,275000.0,3.375,300,Cash-out refinance,2021-09-11,104.61,104.45375,Storgan Manley,13750.000000000013,Securitization (UMBS),104.61,1072.5000000000036,0.0,12677.5,-1072.5
5024895,175000.0,3.25,360,Cash-out refinance,2021-09-11,105.0,103.46875,Storgan Manley,8750.000000000007,Securitization (UMBS),105.0,0.0,0.0,8750.0,-0.0
5024926,215000.0,3.25,360,Cash-out refinance,2021-09-11,104.61,103.64125,Storgan Manley,10750.00000000001,Securitization (UMBS),104.61,838.5000000000018,0.0,9911.5,-838.5
5024932,175000.0,2.75,360,Cash-out refinance,2021-09-13,103.19,101.53375,Storgan Manley,8750.000000000007,Securitization (UMBS),103.19,3167.5,0.0,5582.5,-3167.5
5024944,305000.0,2.99,360,Refinancing,2021-09-14,103.19,103.59625,Storgan Manley,15250.000000000013,Whole Loan Sale,103.59625,5520.5,0.0,10968.56,-4281.44
5024971,325000.0,2.99,180,Cash-out refinance,2021-09-14,103.19,101.90875,Golden Sachs,16250.000000000015,Securitization (UMBS),103.19,5882.500000000002,0.0,10367.5,-5882.5
5024984,235000.0,2.75,240,Cash-out refinance,2021-09-14,103.19,102.90875,Storgan Manley,11750.000000000011,Securitization (UMBS),103.19,4253.500000000002,0.0,7496.5,-4253.5
5024991,255000.0,2.99,360,Refinancing,2021-09-14,103.19,104.09625,Storgan Manley,12750.000000000011,Whole Loan Sale,104.09625,4615.500000000001,0.0,10445.44,-2304.56
5025000,135000.0,3.375,360,Cash-out refinance,2021-09-14,105.0,104.75,PJ Logan,6750.000000000006,Securitization (UMBS),105.0,0.0,0.0,6750.0,-0.0
5025079,135000.0,2.99,240,Refinancing,2021-09-15,104.17,104.51375,Storgan Manley,6750.000000000006,Whole Loan Sale,104.51375,1120.4999999999973,0.0,6093.56,-656.44
5025085,385000.0,2.75,360,Refinancing,2021-09-15,103.19,102.15875,Golden Sachs,19250.00000000002,Securitization (UMBS),103.19,6968.500000000004,0.0,12281.5,-6968.5
5025108,605000.0,2.99,360,Cash-out refinance,2021-09-15,103.19,102.34625,Storgan Manley,30250.000000000025,Securitization (UMBS),103.19,10950.5,0.0,19299.5,-10950.5
5025144,145000.0,2.99,360,Cash-out refinance,2021-09-15,103.19,102.90875,Storgan Manley,7250.000000000006,Securitization (UMBS),103.19,2624.500000000001,0.0,4625.5,-2624.5
5025170,455000.0,2.25,180,Home purchase,2021-09-15,99.88,98.22375,Golden Sachs,22750.000000000022,Securitization (UMBS),99.88,23296.000000000062,0.0,-546.0,-23296.0
5025313,275000.0,2.99,360,Refinancing,2021-09-16,103.19,101.90875,Golden Sachs,13750.000000000013,Securitization (UMBS),103.19,4977.500000000002,0.0,8772.5,-4977.5
5025364,165000.0,3.25,240,Cash-out refinance,2021-09-16,105.0,103.96875,Storgan Manley,8250.000000000007,Securitization (UMBS),105.0,0.0,0.0,8250.0,-0.0
5025409,175000.0,2.875,360,Refinancing,2021-09-16,103.19,101.53375,Golden Sachs,8750.000000000007,Securitization (UMBS),103.19,3167.5,0.0,5582.5,-3167.5
5025497,375000.0,2.99,360,Home purchase,2021-09-16,104.17,103.13875,Storgan Manley,18750.00000000002,Securitization (UMBS),104.17,3112.499999999991,0.0,15637.5,-3112.5
5025523,545000.0,3.375,360,Cash-out refinance,2021-09-17,104.61,102.89125,Golden Sachs,27250.000000000025,Securitization (UMBS),104.61,2125.500000000011,0.0,25124.5,-2125.5
5025531,755000.0,2.69,360,Refinancing,2021-09-17,99.88,98.59875,Golden Sachs,37750.00000000004,Securitization (UMBS),99.88,38656.0000000001,0.0,-906.0,-38656.0
5025557,245000.0,2.99,360,Cash-out refinance,2021-09-16,103.19,101.40875,Golden Sachs,12250.000000000011,Securitization (UMBS),103.19,4434.500000000001,0.0,7815.5,-4434.5
5025586,285000.0,3.25,360,Home purchase,2021-09-13,104.61,102.20375,Storgan Manley,14250.000000000013,Securitization (UMBS),104.61,1111.5000000000036,0.0,13138.5,-1111.5
5025627,295000.0,2.125,180,Cash-out refinance,2021-08-06,100.93,99.58625,Golden Sachs,14750.000000000013,Securitization (UMBS),100.93,12006.499999999987,0.0,2743.5,-12006.5
5025647,325000.0,3.25,360,Cash-out refinance,2021-08-24,105.0,103.71875,Golden Sachs,16250.000000000015,Securitization (UMBS),105.0,0.0,0.0,16250.0,-0.0
5025686,635000.0,2.94,360,Home purchase,2021-08-25,103.19,100.40875,Golden Sachs,31750.00000000003,Securitization (UMBS),103.19,11493.500000000004,0.0,20256.5,-11493.5
5025691,175000.0,3.44,360,Cash-out refinance,2021-08-27,104.61,102.82875,Golden Sachs,8750.000000000007,Securitization (UMBS),104.61,682.5000000000018,0.0,8067.5,-682.5
5025699,515000.0,3.125,360,Cash-out refinance,2021-09-01,104.17,104.38875,Storgan Manley,25750.000000000022,Whole Loan Sale,104.38875,4274.499999999985,0.0,22602.06,-3147.94
5025736,195000.0,2.99,360,Refinancing,2021-09-01,103.19,101.90875,Golden Sachs,9750.00000000001,Securitization (UMBS),103.19,3529.500000000002,0.0,6220.5,-3529.5
5025766,225000.0,3.25,360,Refinancing,2021-09-01,104.61,104.95375,Storgan Manley,11250.00000000001,Whole Loan Sale,104.95375,877.5000000000018,0.0,11145.94,-104.06
5025800,175000.0,2.25,168,Cash-out refinance,2021-09-01,99.88,99.72375,Storgan Manley,8750.000000000007,Securitization (UMBS),99.88,8960.000000000024,0.0,-210.0,-8960.0
5025821,105000.0,2.75,144,Refinancing,2021-09-01,103.19,103.03375,Storgan Manley,5250.000000000005,Securitization (UMBS),103.19,1900.5000000000005,0.0,3349.5,-1900.5
5025898,455000.0,2.875,360,Home purchase,2021-09-01,103.19,102.22125,Storgan Manley,22750.000000000022,Securitization (UMBS),103.19,8235.500000000004,0.0,14514.5,-8235.5
5025902,125000.0,2.5,120,Refinancing,2021-09-01,99.88,98.78625,Storgan Manley,6250.0000000000055,Securitization (UMBS),99.88,6400.000000000016,0.0,-150.0,-6400.0
5025912,265000.0,2.875,240,Refinancing,2021-09-01,103.19,103.40875,Golden Sachs,13250.000000000011,Whole Loan Sale,103.40875,4796.5,0.0,9033.19,-4216.81
5026015,145000.0,2.875,360,Refinancing,2021-09-02,103.19,101.40875,Golden Sachs,7250.000000000006,Securitization (UMBS),103.19,2624.500000000001,0.0,4625.5,-2624.5
5026051,145000.0,2.625,180,Refinancing,2021-09-02,99.88,100.78625,Storgan Manley,7250.000000000006,Whole Loan Sale,100.78625,7424.000000000019,0.0,1140.06,-6109.94
5026053,245000.0,2.75,180,Refinancing,2021-09-03,104.17,102.63875,Storgan Manley,12250.000000000011,Securitization (UMBS),104.17,2033.4999999999945,0.0,10216.5,-2033.5
5026203,155000.0,2.75,360,Other,2021-09-03,103.19,103.59625,Storgan Manley,7750.000000000007,Whole Loan Sale,103.59625,2805.500000000001,0.0,5574.19,-2175.81
5026212,255000.0,3.375,360,Cash-out refinance,2021-09-03,104.61,104.2975,PJ Logan,12750.000000000011,Securitization (UMBS),104.61,994.5000000000036,0.0,11755.5,-994.5
5026286,275000.0,2.99,360,Refinancing,2021-09-04,103.19,102.84625,Storgan Manley,13750.000000000013,Securitization (UMBS),103.19,4977.500000000002,0.0,8772.5,-4977.5
5026294,65000.0,3.5,360,Home purchase,2021-09-06,104.61,103.9225,Golden Sachs,3250.0000000000027,Securitization (UMBS),104.61,253.5000000000009,0.0,2996.5,-253.5
5026352,215000.0,2.99,360,Refinancing,2021-09-06,104.17,103.70125,Golden Sachs,10750.00000000001,Securitization (UMBS),104.17,1784.4999999999945,0.0,8965.5,-1784.5
5026417,205000.0,2.99,360,Refinancing,2021-09-07,103.19,102.0025,Golden Sachs,10250.00000000001,Securitization (UMBS),103.19,3710.500000000001,0.0,6539.5,-3710.5
5026523,205000.0,2.875,360,Refinancing,2021-09-07,103.19,104.09625,Storgan Manley,10250.00000000001,Whole Loan Sale,104.09625,3710.500000000001,0.0,8397.31,-1852.69
5026559,435000.0,2.875,360,Cash-out refinance,2021-09-08,104.17,103.01375,Golden Sachs,21750.00000000002,Securitization (UMBS),104.17,3610.499999999989,0.0,18139.5,-3610.5
5026567,105000.0,2.75,360,Refinancing,2021-09-08,103.19,101.53375,Storgan Manley,5250.000000000005,Securitization (UMBS),103.19,1900.5000000000005,0.0,3349.5,-1900.5
5026611,205000.0,2.99,360,Refinancing,2021-09-09,103.19,101.34625,Golden Sachs,10250.00000000001,Securitization (UMBS),103.19,3710.500000000001,0.0,6539.5,-3710.5
5026746,605000.0,2.75,360,Other,2021-09-09,103.19,102.34625,Storgan Manley,30250.000000000025,Securitization (UMBS),103.19,10950.5,0.0,19299.5,-10950.5
5026797,125000.0,2.99,360,Home purchase,2021-09-09,103.19,101.47125,Golden Sachs,6250.0000000000055,Securitization (UMBS),103.19,2262.5000000000005,0.0,3987.5,-2262.5
5026829,235000.0,1.875,180,Refinancing,2021-09-13,97.45,97.29375,Storgan Manley,11750.000000000011,Securitization (UMBS),97.45,17742.500000000004,0.0,-5992.5,-17742.5
5026841,105000.0,2.99,180,Refinancing,2021-09-13,104.17,102.63875,Storgan Manley,5250.000000000005,Securitization (UMBS),104.17,871.4999999999973,0.0,4378.5,-871.5
5026853,265000.0,3.25,360,Cash-out refinance,2021-09-13,104.61,104.14125,Storgan Manley,13250.000000000011,Securitization (UMBS),104.61,1033.5000000000036,0.0,12216.5,-1033.5
5027111,215000.0,2.625,180,Cash-out refinance,2021-09-13,99.88,98.78625,Storgan Manley,10750.00000000001,Securitization (UMBS),99.88,11008.00000000003,0.0,-258.0,-11008.0
5027127,145000.0,2.99,360,Refinancing,2021-09-13,104.17,103.4825,Golden Sachs,7250.000000000006,Securitization (UMBS),104.17,1203.4999999999964,0.0,6046.5,-1203.5
5027225,195000.0,3.25,360,Other,2021-09-14,105.0,105.90625,Storgan Manley,9750.00000000001,Whole Loan Sale,105.90625,0.0,0.0,11517.19,1767.19
5027275,195000.0,2.75,240,Refinancing,2021-09-14,103.19,102.15875,Storgan Manley,9750.00000000001,Securitization (UMBS),103.19,3529.500000000002,0.0,6220.5,-3529.5
5027280,125000.0,2.99,360,Cash-out refinance,2021-09-15,103.19,101.40875,Golden Sachs,6250.0000000000055,Securitization (UMBS),103.19,2262.5000000000005,0.0,3987.5,-2262.5
5027309,725000.0,3.25,360,Cash-out refinance,2021-09-16,105.0,106.46875,Golden Sachs,36250.00000000003,Whole Loan Sale,106.46875,0.0,0.0,46898.44,10648.44
5027409,625000.0,3.125,360,Home purchase,2021-09-16,104.17,104.38875,Golden Sachs,31250.00000000003,Whole Loan Sale,104.38875,5187.499999999985,0.0,27429.69,-3820.31
5027444,355000.0,3.25,360,Cash-out refinance,2021-09-17,104.61,105.51625,Storgan Manley,17750.000000000015,Whole Loan Sale,105.51625,1384.5000000000036,0.0,19582.69,1832.69
5027473,165000.0,2.5,180,Cash-out refinance,2021-09-17,99.88,98.09875,Golden Sachs,8250.000000000007,Securitization (UMBS),99.88,8448.000000000022,0.0,-198.0,-8448.0
5027503,75000.0,3.25,180,Home purchase,2021-09-17,104.61,103.45375,Storgan Manley,3750.000000000003,Securitization (UMBS),104.61,292.5000000000009,0.0,3457.5,-292.5
5027544,295000.0,3.375,360,Cash-out refinance,2021-09-17,105.0,104.75,PJ Logan,14750.000000000013,Securitization (UMBS),105.0,0.0,0.0,14750.0,-0.0
5027665,175000.0,3.25,360,Home improvement,2021-09-17,104.61,103.4225,Golden Sachs,8750.000000000007,Securitization (UMBS),104.61,682.5000000000018,0.0,8067.5,-682.5
5027748,175000.0,2.875,360,Refinancing,2021-09-17,103.19,102.22125,Storgan Manley,8750.000000000007,Securitization (UMBS),103.19,3167.5,0.0,5582.5,-3167.5
5027775,155000.0,2.875,360,Cash-out refinance,2021-09-01,103.19,103.59625,Storgan Manley,7750.000000000007,Whole Loan Sale,103.59625,2805.500000000001,0.0,5574.19,-2175.81
5027799,75000.0,3.25,360,Refinancing,2021-09-16,104.61,102.76625,Golden Sachs,3750.000000000003,Securitization (UMBS),104.61,292.5000000000009,0.0,3457.5,-292.5
5027816,65000.0,3.625,360,Cash-out refinance,2021-08-25,104.61,103.32875,Golden Sachs,3250.0000000000027,Securitization (UMBS),104.61,253.5000000000009,0.0,2996.5,-253.5
5027836,345000.0,2.75,360,Home purchase,2021-08-28,104.17,103.92,PJ Logan,17250.000000000015,Securitization (UMBS),104.17,2863.499999999991,4251.5,14386.5,-2863.5
5027895,125000.0,3.375,180,Cash-out refinance,2021-08-30,104.61,104.32875,Storgan Manley,6250.0000000000055,Securitization (UMBS),104.61,487.5000000000018,0.0,5762.5,-487.5
5027901,305000.0,3.25,360,Home purchase,2021-09-01,104.61,102.45375,Storgan Manley,15250.000000000013,Securitization (UMBS),104.61,1189.5000000000036,0.0,14060.5,-1189.5
5027964,275000.0,2.99,360,Refinancing,2021-09-01,103.19,102.47125,Storgan Manley,13750.000000000013,Securitization (UMBS),103.19,4977.500000000002,0.0,8772.5,-4977.5
5028022,175000.0,2.99,360,Refinancing,2021-09-01,104.17,102.51375,Storgan Manley,8750.000000000007,Securitization (UMBS),104.17,1452.4999999999945,0.0,7297.5,-1452.5
5028045,235000.0,2.5,180,Refinancing,2021-09-01,103.03,101.87375,Golden Sachs,11750.000000000011,Securitization (UMBS),103.03,4629.500000000013,0.0,7120.5,-4629.5
5028055,275000.0,3.125,360,Home purchase,2021-09-01,103.19,103.28375,Storgan Manley,13750.000000000013,Whole Loan Sale,103.28375,4977.500000000002,0.0,9030.31,-4719.69
5028213,375000.0,2.99,360,Refinancing,2021-09-02,104.17,104.57625,Storgan Manley,18750.00000000002,Whole Loan Sale,104.57625,3112.499999999991,0.0,17160.94,-1589.06
5028279,95000.0,2.99,324,Refinancing,2021-09-02,103.19,103.53375,Storgan Manley,4750.000000000005,Whole Loan Sale,103.53375,1719.500000000001,0.0,3357.06,-1392.94
5028296,125000.0,3.375,360,Refinancing,2021-09-02,104.61,104.2975,PJ Logan,6250.0000000000055,Securitization (UMBS),104.61,487.5000000000018,0.0,5762.5,-487.5
5028349,665000.0,2.99,360,Home purchase,2021-09-02,104.17,104.01375,Storgan Manley,33250.00000000003,Securitization (UMBS),104.17,5519.499999999982,0.0,27730.5,-5519.5
5028369,265000.0,3.5,360,Home purchase,2021-09-03,104.61,104.82875,Golden Sachs,13250.000000000011,Whole Loan Sale,104.82875,1033.5000000000036,0.0,12796.19,-453.81
5028427,145000.0,2.875,360,Cash-out refinance,2021-09-04,103.19,103.53375,Storgan Manley,7250.000000000006,Whole Loan Sale,103.53375,2624.500000000001,0.0,5123.94,-2126.06
5028465,105000.0,3.375,360,Cash-out refinance,2021-09-04,105.0,104.84375,Storgan Manley,5250.000000000005,Securitization (UMBS),105.0,0.0,0.0,5250.0,-0.0
5028478,115000.0,2.875,360,Cash-out refinance,2021-09-04,103.19,103.59625,Storgan Manley,5750.0000000000055,Whole Loan Sale,103.59625,2081.500000000001,0.0,4135.69,-1614.31
5028562,175000.0,3.375,360,Refinancing,2021-09-04,104.61,104.36,PJ Logan,8750.000000000007,Securitization (UMBS),104.61,682.5000000000018,0.0,8067.5,-682.5
5028633,635000.0,2.5,180,Refinancing,2021-09-04,103.03,103.43625,Storgan Manley,31750.00000000003,Whole Loan Sale,103.43625,12509.500000000033,0.0,21820.19,-9929.81
5028673,235000.0,2.875,360,Refinancing,2021-09-04,103.19,103.03375,Storgan Manley,11750.000000000011,Securitization (UMBS),103.19,4253.500000000002,0.0,7496.5,-4253.5
5028709,165000.0,2.75,180,Cash-out refinance,2021-09-06,104.17,104.295,PJ Logan,8250.000000000007,Whole Loan Sale,104.295,1369.4999999999955,0.0,7086.75,-1163.25
5028781,275000.0,2.99,360,Refinancing,2021-09-06,104.17,104.01375,Storgan Manley,13750.000000000013,Securitization (UMBS),104.17,2282.4999999999927,0.0,11467.5,-2282.5
5028797,195000.0,2.75,240,Cash-out refinance,2021-09-07,103.19,104.09625,Storgan Manley,9750.00000000001,Whole Loan Sale,104.09625,3529.500000000002,0.0,7987.69,-1762.31
5028827,135000.0,3.375,360,Cash-out refinance,2021-09-08,105.0,104.53125,Golden Sachs,6750.000000000006,Securitization (UMBS),105.0,0.0,0.0,6750.0,-0.0
5028891,145000.0,2.375,180,Refinancing,2021-09-08,99.88,98.22375,Golden Sachs,7250.000000000006,Securitization (UMBS),99.88,7424.000000000019,0.0,-174.0,-7424.0
5028895,85000.0,3.375,360,Home purchase,2021-09-08,104.61,103.64125,Storgan Manley,4250.000000000004,Securitization (UMBS),104.61,331.5000000000009,0.0,3918.5,-331.5
5028965,205000.0,3.25,360,Cash-out refinance,2021-09-09,104.61,103.45375,Storgan Manley,10250.00000000001,Securitization (UMBS),104.61,799.5000000000036,0.0,9450.5,-799.5
5028977,295000.0,2.375,360,Refinancing,2021-09-09,99.88,98.91125,Storgan Manley,14750.000000000013,Securitization (UMBS),99.88,15104.00000000004,0.0,-354.0,-15104.0
5028990,165000.0,2.75,180,Cash-out refinance,2021-09-10,104.17,103.13875,Storgan Manley,8250.000000000007,Securitization (UMBS),104.17,1369.4999999999955,0.0,6880.5,-1369.5
5029017,115000.0,2.99,360,Cash-out refinance,2021-09-10,103.19,101.65875,Storgan Manley,5750.0000000000055,Securitization (UMBS),103.19,2081.500000000001,0.0,3668.5,-2081.5
5029118,505000.0,2.375,300,Refinancing,2021-09-10,99.88,98.78625,Storgan Manley,25250.000000000022,Securitization (UMBS),99.88,25856.000000000065,0.0,-606.0,-25856.0
5029239,265000.0,3.25,360,Home purchase,2021-09-11,104.61,102.95375,Storgan Manley,13250.000000000011,Securitization (UMBS),104.61,1033.5000000000036,0.0,12216.5,-1033.5
5029300,215000.0,2.875,360,Cash-out refinance,2021-09-13,103.19,102.03375,Storgan Manley,10750.00000000001,Securitization (UMBS),103.19,3891.500000000001,0.0,6858.5,-3891.5
5029345,255000.0,2.75,360,Refinancing,2021-09-13,104.17,102.38875,Golden Sachs,12750.000000000011,Securitization (UMBS),104.17,2116.4999999999927,0.0,10633.5,-2116.5
5029357,405000.0,2.875,360,Home purchase,2021-09-14,103.19,101.40875,Golden Sachs,20250.00000000002,Securitization (UMBS),103.19,7330.500000000002,0.0,12919.5,-7330.5
5029402,285000.0,3.375,360,Cash-out refinance,2021-09-14,104.61,101.82875,Golden Sachs,14250.000000000013,Securitization (UMBS),104.61,1111.5000000000036,0.0,13138.5,-1111.5
5029637,405000.0,3.44,360,Cash-out refinance,2021-09-15,104.61,102.45375,Storgan Manley,20250.00000000002,Securitization (UMBS),104.61,1579.5000000000073,0.0,18670.5,-1579.5
5029659,345000.0,2.875,360,Refinancing,2021-09-15,104.17,101.82625,Golden Sachs,17250.000000000015,Securitization (UMBS),104.17,2863.499999999991,0.0,14386.5,-2863.5
5029662,115000.0,3.375,360,Home purchase,2021-09-15,104.61,102.82875,Golden Sachs,5750.0000000000055,Securitization (UMBS),104.61,448.5000000000018,0.0,5301.5,-448.5
5029752,305000.0,2.375,180,Cash-out refinance,2021-09-15,103.03,102.3425,Golden Sachs,15250.000000000013,Securitization (UMBS),103.03,6008.500000000015,0.0,9241.5,-6008.5
5029850,225000.0,2.25,180,Refinancing,2021-09-15,99.88,0.0,Golden Sachs,11250.00000000001,Securitization (UMBS),99.88,11520.00000000003,0.0,-270.0,-11520.0
5029951,305000.0,3.125,360,Cash-out refinance,2021-09-16,103.19,103.03375,Storgan Manley,15250.000000000013,Securitization (UMBS),103.19,5520.5,0.0,9729.5,-5520.5
5029985,825000.0,3.19,360,Cash-out refinance,2021-09-16,103.19,100.40875,Golden Sachs,41250.00000000004,Securitization (UMBS),103.19,14932.500000000004,0.0,26317.5,-14932.5
5030021,215000.0,3.44,360,Home improvement,2021-09-16,104.61,104.82875,Golden Sachs,10750.00000000001,Whole Loan Sale,104.82875,838.5000000000018,0.0,10381.81,-368.19
5030037,235000.0,2.99,360,Cash-out refinance,2021-09-17,103.19,101.94,PJ Logan,11750.000000000011,Securitization (UMBS),103.19,4253.500000000002,0.0,7496.5,-4253.5
5030082,395000.0,2.99,360,Cash-out refinance,2021-08-25,104.17,103.88875,Storgan Manley,19750.00000000002,Securitization (UMBS),104.17,3278.499999999989,0.0,16471.5,-3278.5
5030138,345000.0,2.94,360,Refinancing,2021-07-05,103.19,101.90875,Golden Sachs,17250.000000000015,Securitization (UMBS),103.19,6244.500000000002,0.0,11005.5,-6244.5
5030203,155000.0,2.875,240,Refinancing,2021-08-25,103.19,102.22125,Storgan Manley,7750.000000000007,Securitization (UMBS),103.19,2805.500000000001,0.0,4944.5,-2805.5
5030220,165000.0,3.25,360,Refinancing,2021-08-26,105.0,103.21875,Golden Sachs,8250.000000000007,Securitization (UMBS),105.0,0.0,0.0,8250.0,-0.0
5030255,235000.0,2.375,180,Cash-out refinance,2021-08-26,99.88,98.22375,Storgan Manley,11750.000000000011,Securitization (UMBS),99.88,12032.000000000033,0.0,-282.0,-12032.0
5030267,145000.0,3.375,360,Home purchase,2021-08-31,104.61,103.64125,Storgan Manley,7250.000000000006,Securitization (UMBS),104.61,565.5000000000018,0.0,6684.5,-565.5
5030345,445000.0,3.125,324,Refinancing,2021-09-01,103.19,101.78375,Golden Sachs,22250.00000000002,Securitization (UMBS),103.19,8054.5,0.0,14195.5,-8054.5
5030486,245000.0,3.5,360,Cash-out refinance,2021-09-01,104.61,103.51625,Storgan Manley,12250.000000000011,Securitization (UMBS),104.61,955.5000000000036,0.0,11294.5,-955.5
5030547,265000.0,3.875,360,Cash-out refinance,2021-09-01,105.77,106.67625,Storgan Manley,13250.000000000011,Whole Loan Sale,106.67625,-2040.4999999999527,0.0,17692.06,4442.06
5030574,605000.0,3.25,360,Refinancing,2021-09-02,104.61,103.57875,Storgan Manley,30250.000000000025,Securitization (UMBS),104.61,2359.5000000000073,0.0,27890.5,-2359.5
5030792,215000.0,2.5,180,Cash-out refinance,2021-09-02,99.88,100.78625,Storgan Manley,10750.00000000001,Whole Loan Sale,100.78625,11008.00000000003,0.0,1690.44,-9059.56
5030821,125000.0,3.5,360,Home purchase,2021-09-02,105.0,105.34375,Storgan Manley,6250.0000000000055,Whole Loan Sale,105.34375,0.0,0.0,6679.69,429.69
5030931,385000.0,2.94,240,Cash-out refinance,2021-09-03,104.17,103.07625,Storgan Manley,19250.00000000002,Securitization (UMBS),104.17,3195.499999999991,0.0,16054.5,-3195.5
5030987,115000.0,2.625,180,Refinancing,2021-09-03,99.88,99.41125,Golden Sachs,5750.0000000000055,Securitization (UMBS),99.88,5888.0000000000155,0.0,-138.0,-5888.0
5031021,85000.0,2.75,132,Refinancing,2021-09-03,104.17,104.51375,Storgan Manley,4250.000000000004,Whole Loan Sale,104.51375,705.4999999999977,0.0,3836.69,-413.31
5031123,495000.0,3.125,360,Home purchase,2021-09-04,103.19,103.40875,Storgan Manley,24750.000000000022,Whole Loan Sale,103.40875,8959.500000000002,0.0,16873.31,-7876.69
5031134,245000.0,3.375,348,Refinancing,2021-09-04,104.61,102.76625,Golden Sachs,12250.000000000011,Securitization (UMBS),104.61,955.5000000000036,0.0,11294.5,-955.5
5031163,475000.0,3.375,360,Home purchase,2021-09-04,104.61,104.95375,Storgan Manley,23750.000000000022,Whole Loan Sale,104.95375,1852.5000000000073,0.0,23530.31,-219.69
5031189,165000.0,2.99,360,Refinancing,2021-09-04,103.19,103.03375,Storgan Manley,8250.000000000007,Securitization (UMBS),103.19,2986.500000000001,0.0,5263.5,-2986.5
5031227,185000.0,3.375,360,Refinancing,2021-09-06,105.0,102.71875,Golden Sachs,9250.00000000001,Securitization (UMBS),105.0,0.0,0.0,9250.0,-0.0
5031344,135000.0,2.99,180,Refinancing,2021-09-06,103.19,101.28375,Golden Sachs,6750.000000000006,Securitization (UMBS),103.19,2443.500000000001,0.0,4306.5,-2443.5
5031388,85000.0,2.75,180,Refinancing,2021-09-06,103.19,101.40875,Golden Sachs,4250.000000000004,Securitization (UMBS),103.19,1538.5000000000005,0.0,2711.5,-1538.5
5031569,165000.0,2.99,240,Cash-out refinance,2021-09-07,103.19,102.22125,Golden Sachs,8250.000000000007,Securitization (UMBS),103.19,2986.500000000001,0.0,5263.5,-2986.5
5031734,565000.0,3.5,360,Home purchase,2021-09-07,105.0,105.90625,Storgan Manley,28250.000000000025,Whole Loan Sale,105.90625,0.0,0.0,33370.31,5120.31
5031940,345000.0,3.375,360,Cash-out refinance,2021-09-07,105.0,105.90625,Storgan Manley,17250.000000000015,Whole Loan Sale,105.90625,0.0,0.0,20376.56,3126.56
5032051,235000.0,2.875,360,Cash-out refinance,2021-09-07,103.19,103.40875,Golden Sachs,11750.000000000011,Whole Loan Sale,103.40875,4253.500000000002,0.0,8010.56,-3739.44
5032114,335000.0,2.99,360,Cash-out refinance,2021-09-07,103.19,101.53375,Golden Sachs,16750.000000000015,Securitization (UMBS),103.19,6063.500000000002,0.0,10686.5,-6063.5
5032119,305000.0,3.25,360,Home purchase,2021-09-08,105.0,103.90625,Storgan Manley,15250.000000000013,Securitization (UMBS),105.0,0.0,0.0,15250.0,-0.0
5032123,395000.0,3.25,360,Home purchase,2021-09-08,104.61,102.82875,Golden Sachs,19750.00000000002,Securitization (UMBS),104.61,1540.5000000000073,0.0,18209.5,-1540.5
5032144,105000.0,2.75,120,Cash-out refinance,2021-09-08,103.19,101.40875,Golden Sachs,5250.000000000005,Securitization (UMBS),103.19,1900.5000000000005,0.0,3349.5,-1900.5
5032272,95000.0,2.375,180,Refinancing,2021-09-08,99.88,99.28625,Golden Sachs,4750.000000000005,Securitization (UMBS),99.88,4864.000000000013,0.0,-114.0,-4864.0
5032314,515000.0,2.125,180,Refinancing,2021-09-08,97.45,97.16875,Storgan Manley,25750.000000000022,Securitization (UMBS),97.45,38882.50000000001,0.0,-13132.5,-38882.5
5032361,195000.0,2.99,324,Refinancing,2021-09-09,104.17,103.01375,Storgan Manley,9750.00000000001,Securitization (UMBS),104.17,1618.4999999999955,0.0,8131.5,-1618.5
5032371,475000.0,2.5,360,Home purchase,2021-09-09,99.88,98.6925,Golden Sachs,23750.000000000022,Securitization (UMBS),99.88,24320.000000000065,0.0,-570.0,-24320.0
5032414,285000.0,2.875,240,Cash-out refinance,2021-09-09,103.19,0.0,Golden Sachs,14250.000000000013,Securitization (UMBS),103.19,5158.500000000002,0.0,9091.5,-5158.5
5032478,255000.0,2.99,360,Home purchase,2021-09-09,103.19,101.53375,Storgan Manley,12750.000000000011,Securitization (UMBS),103.19,4615.500000000001,0.0,8134.5,-4615.5
5032486,105000.0,3.375,360,Cash-out refinance,2021-09-10,105.0,105.21875,Golden Sachs,5250.000000000005,Whole Loan Sale,105.21875,0.0,0.0,5479.69,229.69
5032530,185000.0,2.75,240,Home purchase,2021-09-10,103.19,102.8775,PJ Logan,9250.00000000001,Securitization (UMBS),103.19,3348.500000000002,0.0,5901.5,-3348.5
5032618,195000.0,2.99,360,Home purchase,2021-09-11,103.19,101.34625,Golden Sachs,9750.00000000001,Securitization (UMBS),103.19,3529.500000000002,0.0,6220.5,-3529.5
5032649,135000.0,3.5,360,Cash-out refinance,2021-09-11,104.61,103.32875,Golden Sachs,6750.000000000006,Securitization (UMBS),104.61,526.5000000000027,0.0,6223.5,-526.5
5032692,265000.0,2.99,360,Cash-out refinance,2021-09-11,103.19,103.03375,Storgan Manley,13250.000000000011,Securitization (UMBS),103.19,4796.5,0.0,8453.5,-4796.5
5032750,175000.0,3.25,360,Cash-out refinance,2021-09-13,104.61,104.95375,Storgan Manley,8750.000000000007,Whole Loan Sale,104.95375,682.5000000000018,0.0,8669.06,-80.94
5032781,235000.0,2.69,360,Refinancing,2021-09-13,99.88,98.91125,Golden Sachs,11750.000000000011,Securitization (UMBS),99.88,12032.000000000033,0.0,-282.0,-12032.0
5032794,155000.0,2.75,180,Cash-out refinance,2021-09-14,103.19,102.15875,Storgan Manley,7750.000000000007,Securitization (UMBS),103.19,2805.500000000001,0.0,4944.5,-2805.5
5032849,475000.0,2.875,360,Home purchase,2021-09-15,104.17,104.51375,Storgan Manley,23750.000000000022,Whole Loan Sale,104.51375,3942.499999999989,0.0,21440.31,-2309.69
5032872,155000.0,2.99,360,Refinancing,2021-09-15,103.19,102.65875,Storgan Manley,7750.000000000007,Securitization (UMBS),103.19,2805.500000000001,0.0,4944.5,-2805.5
5032890,545000.0,2.75,360,Home purchase,2021-09-16,103.19,102.72125,Golden Sachs,27250.000000000025,Securitization (UMBS),103.19,9864.500000000004,0.0,17385.5,-9864.5
5032913,245000.0,2.99,360,Cash-out refinance,2021-09-17,103.19,102.90875,Storgan Manley,12250.000000000011,Securitization (UMBS),103.19,4434.500000000001,0.0,7815.5,-4434.5
5032992,505000.0,3.125,360,Home purchase,2021-09-17,103.19,102.94,PJ Logan,25250.000000000022,Securitization (UMBS),103.19,9140.500000000002,669.37,16109.5,-9140.5
5033000,185000.0,3.5,360,Home purchase,2021-09-02,104.61,103.45375,Storgan Manley,9250.00000000001,Securitization (UMBS),104.61,721.5000000000036,0.0,8528.5,-721.5
5033015,465000.0,2.875,360,Refinancing,2021-09-15,103.19,103.53375,Storgan Manley,23250.000000000022,Whole Loan Sale,103.53375,8416.500000000004,0.0,16431.94,-6818.06
5033024,545000.0,2.75,180,Cash-out refinance,2021-08-14,103.19,102.47125,Storgan Manley,27250.000000000025,Securitization (UMBS),103.19,9864.500000000004,0.0,17385.5,-9864.5
5033114,175000.0,2.5,240,Refinancing,2021-08-24,99.88,99.03625,Storgan Manley,8750.000000000007,Securitization (UMBS),99.88,8960.000000000024,0.0,-210.0,-8960.0
5033122,75000.0,2.99,180,Cash-out refinance,2021-08-27,104.17,103.88875,Storgan Manley,3750.000000000003,Securitization (UMBS),104.17,622.4999999999977,0.0,3127.5,-622.5
5033124,285000.0,2.75,360,Refinancing,2021-08-28,103.19,103.40875,Storgan Manley,14250.000000000013,Whole Loan Sale,103.40875,5158.500000000002,0.0,9714.94,-4535.06
5033154,215000.0,2.75,360,Refinancing,2021-08-30,103.19,102.22125,Golden Sachs,10750.00000000001,Securitization (UMBS),103.19,3891.500000000001,0.0,6858.5,-3891.5
5033343,165000.0,3.25,360,Home purchase,2021-09-01,104.61,104.82875,Golden Sachs,8250.000000000007,Whole Loan Sale,104.82875,643.5000000000027,0.0,7967.44,-282.56
5033377,275000.0,2.99,360,Cash-out refinance,2021-09-01,104.17,102.01375,Golden Sachs,13750.000000000013,Securitization (UMBS),104.17,2282.4999999999927,0.0,11467.5,-2282.5
5033388,275000.0,3.125,360,Home purchase,2021-09-01,103.19,103.40875,Golden Sachs,13750.000000000013,Whole Loan Sale,103.40875,4977.500000000002,0.0,9374.06,-4375.94
5033394,365000.0,2.99,360,Cash-out refinance,2021-09-01,104.17,103.70125,Smells Largo,18250.000000000015,Securitization (UMBS),104.17,3029.499999999989,0.0,15220.5,-3029.5
5033594,125000.0,2.875,288,Refinancing,2021-09-01,103.19,101.53375,Storgan Manley,6250.0000000000055,Securitization (UMBS),103.19,2262.5000000000005,0.0,3987.5,-2262.5
5033660,315000.0,2.99,360,Cash-out refinance,2021-09-01,103.19,102.0025,Golden Sachs,15750.000000000015,Securitization (UMBS),103.19,5701.500000000002,0.0,10048.5,-5701.5
5033667,205000.0,2.25,180,Cash-out refinance,2021-09-01,99.88,99.03625,Storgan Manley,10250.00000000001,Securitization (UMBS),99.88,10496.000000000027,0.0,-246.0,-10496.0
5033695,155000.0,2.75,240,Refinancing,2021-09-01,103.19,101.53375,Golden Sachs,7750.000000000007,Securitization (UMBS),103.19,2805.500000000001,0.0,4944.5,-2805.5
5033699,305000.0,3.25,360,Cash-out refinance,2021-09-01,104.61,105.01625,Storgan Manley,15250.000000000013,Whole Loan Sale,105.01625,1189.5000000000036,0.0,15299.56,49.56
5033724,115000.0,2.5,156,Refinancing,2021-09-01,99.88,100.22375,Storgan Manley,5750.0000000000055,Whole Loan Sale,100.22375,5888.0000000000155,0.0,257.31,-5492.69
5033730,75000.0,2.99,360,Other,2021-09-01,103.19,103.40875,Storgan Manley,3750.000000000003,Whole Loan Sale,103.40875,1357.5,0.0,2556.56,-1193.44
5033739,205000.0,2.875,360,Home purchase,2021-09-02,104.17,103.92,PJ Logan,10250.00000000001,Securitization (UMBS),104.17,1701.4999999999945,0.0,8548.5,-1701.5
5033755,125000.0,3.375,348,Refinancing,2021-09-02,105.0,105.34375,Storgan Manley,6250.0000000000055,Whole Loan Sale,105.34375,0.0,0.0,6679.69,429.69
5033771,205000.0,2.25,240,Cash-out refinance,2021-09-02,99.88,99.63,PJ Logan,10250.00000000001,Securitization (UMBS),99.88,10496.000000000027,0.0,-246.0,-10496.0
5033795,235000.0,2.75,360,Refinancing,2021-09-02,103.19,103.03375,Storgan Manley,11750.000000000011,Securitization (UMBS),103.19,4253.500000000002,0.0,7496.5,-4253.5
5033801,285000.0,2.99,360,Cash-out refinance,2021-09-03,104.17,104.51375,Storgan Manley,14250.000000000013,Whole Loan Sale,104.51375,2365.4999999999927,0.0,12864.19,-1385.81
5033827,505000.0,2.875,360,Refinancing,2021-09-03,103.19,104.0025,Bank of Americans,25250.000000000022,Whole Loan Sale,104.0025,9140.500000000002,0.0,20212.62,-5037.38
5033863,135000.0,2.99,360,Refinancing,2021-09-03,103.19,102.15875,Golden Sachs,6750.000000000006,Securitization (UMBS),103.19,2443.500000000001,0.0,4306.5,-2443.5
5033873,405000.0,3.375,360,Cash-out refinance,2021-09-04,104.61,103.64125,Golden Sachs,20250.00000000002,Securitization (UMBS),104.61,1579.5000000000073,0.0,18670.5,-1579.5
5033891,175000.0,2.625,180,Cash-out refinance,2021-09-06,99.88,99.03625,Storgan Manley,8750.000000000007,Securitization (UMBS),99.88,8960.000000000024,0.0,-210.0,-8960.0
5033896,355000.0,3.125,360,Refinancing,2021-09-07,103.19,101.40875,Golden Sachs,17750.000000000015,Securitization (UMBS),103.19,6425.5,0.0,11324.5,-6425.5
5033939,385000.0,2.99,360,Home purchase,2021-09-07,104.17,102.88875,Golden Sachs,19250.00000000002,Securitization (UMBS),104.17,3195.499999999991,0.0,16054.5,-3195.5
5033941,255000.0,2.75,360,Refinancing,2021-09-07,103.19,101.53375,Storgan Manley,12750.000000000011,Securitization (UMBS),103.19,4615.500000000001,0.0,8134.5,-4615.5
5034050,85000.0,4.25,360,Cash-out refinance,2021-09-07,105.78,104.5925,Golden Sachs,4250.000000000004,Securitization (UMBS),105.78,-663.0000000000027,0.0,4913.0,663.0
5034071,365000.0,3.25,360,Cash-out refinance,2021-09-08,105.0,103.78125,Golden Sachs,18250.000000000015,Securitization (UMBS),105.0,0.0,0.0,18250.0,-0.0
5034086,195000.0,2.875,312,Refinancing,2021-09-08,103.19,102.03375,Golden Sachs,9750.00000000001,Securitization (UMBS),103.19,3529.500000000002,0.0,6220.5,-3529.5
5034112,155000.0,3.25,360,Cash-out refinance,2021-09-08,104.61,102.82875,Golden Sachs,7750.000000000007,Securitization (UMBS),104.61,604.5000000000027,0.0,7145.5,-604.5
5034190,395000.0,2.75,360,Refinancing,2021-09-09,104.17,104.38875,Golden Sachs,19750.00000000002,Whole Loan Sale,104.38875,3278.499999999989,0.0,17335.56,-2414.44
5034252,175000.0,2.25,180,Refinancing,2021-09-09,103.03,102.18625,Storgan Manley,8750.000000000007,Securitization (UMBS),103.03,3447.500000000008,0.0,5302.5,-3447.5
5034274,435000.0,2.875,240,Refinancing,2021-09-09,103.19,103.34625,Golden Sachs,21750.00000000002,Whole Loan Sale,103.34625,7873.500000000002,0.0,14556.19,-7193.81
5034296,265000.0,2.5,180,Refinancing,2021-09-09,99.88,98.91125,Storgan Manley,13250.000000000011,Securitization (UMBS),99.88,13568.000000000035,0.0,-318.0,-13568.0
5034301,135000.0,2.5,240,Refinancing,2021-09-10,99.88,98.91125,Storgan Manley,6750.000000000006,Securitization (UMBS),99.88,6912.000000000018,0.0,-162.0,-6912.0
5034382,145000.0,3.25,360,Refinancing,2021-09-11,105.0,104.53125,Storgan Manley,7250.000000000006,Securitization (UMBS),105.0,0.0,0.0,7250.0,-0.0
5034426,685000.0,2.125,180,Refinancing,2021-09-11,97.45,95.98125,Golden Sachs,34250.00000000003,Securitization (UMBS),97.45,51717.50000000001,0.0,-17467.5,-51717.5
5034544,325000.0,2.5,240,Refinancing,2021-09-13,103.03,102.78,PJ Logan,16250.000000000015,Securitization (UMBS),103.03,6402.500000000016,0.0,9847.5,-6402.5
5034558,105000.0,2.375,180,Refinancing,2021-09-13,99.88,100.28625,Storgan Manley,5250.000000000005,Whole Loan Sale,100.28625,5376.000000000014,0.0,300.56,-4949.44
5034715,535000.0,3.375,360,Home purchase,2021-09-13,104.61,102.70375,Golden Sachs,26750.000000000025,Securitization (UMBS),104.61,2086.500000000011,3643.6,24663.5,-2086.5
5034812,205000.0,3.25,360,Cash-out refinance,2021-09-14,104.61,103.45375,Golden Sachs,10250.00000000001,Securitization (UMBS),104.61,799.5000000000036,0.0,9450.5,-799.5
5034927,135000.0,2.5,180,Refinancing,2021-09-14,99.88,99.03625,Storgan Manley,6750.000000000006,Securitization (UMBS),99.88,6912.000000000018,0.0,-162.0,-6912.0
5034944,505000.0,2.94,360,Refinancing,2021-09-14,103.19,103.03375,Storgan Manley,25250.000000000022,Securitization (UMBS),103.19,9140.500000000002,0.0,16109.5,-9140.5
5035040,175000.0,3.25,360,Cash-out refinance,2021-09-14,105.0,105.40625,Storgan Manley,8750.000000000007,Whole Loan Sale,105.40625,0.0,0.0,9460.94,710.94
5035064,365000.0,2.99,360,Home purchase,2021-09-15,103.19,101.53375,Golden Sachs,18250.000000000015,Securitization (UMBS),103.19,6606.5,0.0,11643.5,-6606.5
5035085,465000.0,2.69,360,Refinancing,2021-09-15,99.88,97.34875,Storgan Manley,23250.000000000022,Securitization (UMBS),99.88,23808.000000000065,0.0,-558.0,-23808.0
5035147,325000.0,2.625,360,Refinancing,2021-09-15,99.88,100.09875,Storgan Manley,16250.000000000015,Whole Loan Sale,100.09875,16640.000000000044,0.0,320.94,-15929.06
5035196,225000.0,1.75,180,Refinancing,2021-09-15,97.45,95.91875,Storgan Manley,11250.00000000001,Securitization (UMBS),97.45,16987.5,0.0,-5737.5,-16987.5
5035227,115000.0,2.99,96,Refinancing,2021-09-16,104.17,102.38875,Golden Sachs,5750.0000000000055,Securitization (UMBS),104.17,954.4999999999973,0.0,4795.5,-954.5
5035234,95000.0,2.625,180,Refinancing,2021-09-16,99.88,98.03625,Golden Sachs,4750.000000000005,Securitization (UMBS),99.88,4864.000000000013,0.0,-114.0,-4864.0
5035280,65000.0,2.625,180,Cash-out refinance,2021-09-16,99.88,98.72375,Golden Sachs,3250.0000000000027,Securitization (UMBS),99.88,3328.0000000000086,0.0,-78.0,-3328.0
5035322,535000.0,2.875,360,Home purchase,2021-09-07,104.17,103.4825,Golden Sachs,26750.000000000025,Securitization (UMBS),104.17,4440.499999999989,0.0,22309.5,-4440.5
5035323,405000.0,2.99,360,Refinancing,2021-09-17,103.19,104.09625,Storgan Manley,20250.00000000002,Whole Loan Sale,104.09625,7330.500000000002,0.0,16589.81,-3660.19
5035386,345000.0,2.5,360,Refinancing,2021-05-12,99.88,98.91125,Golden Sachs,17250.000000000015,Securitization (UMBS),99.88,17664.000000000047,0.0,-414.0,-17664.0
5035414,115000.0,2.75,120,Cash-out refinance,2021-08-20,104.17,103.70125,Golden Sachs,5750.0000000000055,Securitization (UMBS),104.17,954.4999999999973,0.0,4795.5,-954.5
5035439,105000.0,3.375,360,Refinancing,2021-08-25,104.61,103.45375,Storgan Manley,5250.000000000005,Securitization (UMBS),104.61,409.5000000000018,0.0,4840.5,-409.5
5035474,1505000.0,2.35,360,Other,2021-08-26,99.88,98.22375,Storgan Manley,75250.00000000007,Securitization (UMBS),99.88,77056.0000000002,0.0,-1806.0,-77056.0
5035603,155000.0,2.99,360,Refinancing,2021-08-28,103.19,102.0025,Golden Sachs,7750.000000000007,Securitization (UMBS),103.19,2805.500000000001,0.0,4944.5,-2805.5
5035618,135000.0,2.99,360,Cash-out refinance,2021-08-28,104.17,103.13875,Storgan Manley,6750.000000000006,Securitization (UMBS),104.17,1120.4999999999973,0.0,5629.5,-1120.5
5035643,595000.0,2.75,360,Refinancing,2021-08-30,103.19,101.53375,Golden Sachs,29750.000000000025,Securitization (UMBS),103.19,10769.500000000004,0.0,18980.5,-10769.5
5035653,225000.0,3.375,360,Home purchase,2021-08-30,104.61,103.9225,Golden Sachs,11250.00000000001,Securitization (UMBS),104.61,877.5000000000018,0.0,10372.5,-877.5
5035700,405000.0,2.75,360,Refinancing,2021-08-31,103.19,102.84625,Storgan Manley,20250.00000000002,Securitization (UMBS),103.19,7330.500000000002,0.0,12919.5,-7330.5
5035835,105000.0,2.99,360,Cash-out refinance,2021-09-01,104.17,102.88875,Golden Sachs,5250.000000000005,Securitization (UMBS),104.17,871.4999999999973,0.0,4378.5,-871.5
5035872,185000.0,2.5,180,Refinancing,2021-09-01,99.88,98.91125,Golden Sachs,9250.00000000001,Securitization (UMBS),99.88,9472.000000000025,0.0,-222.0,-9472.0
5035877,525000.0,2.875,360,Refinancing,2021-09-02,103.19,104.09625,Storgan Manley,26250.000000000022,Whole Loan Sale,104.09625,9502.5,0.0,21505.31,-4744.69
5035907,215000.0,2.25,144,Refinancing,2021-09-02,99.88,98.72375,Storgan Manley,10750.00000000001,Securitization (UMBS),99.88,11008.00000000003,0.0,-258.0,-11008.0
5035931,305000.0,2.875,360,Cash-out refinance,2021-09-03,103.19,101.65875,Storgan Manley,15250.000000000013,Securitization (UMBS),103.19,5520.5,0.0,9729.5,-5520.5
5036043,195000.0,3.75,360,Home purchase,2021-09-03,105.77,104.48875,Golden Sachs,9750.00000000001,Securitization (UMBS),105.77,-1501.4999999999636,0.0,11251.5,1501.5
5036123,175000.0,2.99,360,Refinancing,2021-09-03,103.19,103.40875,Golden Sachs,8750.000000000007,Whole Loan Sale,103.40875,3167.5,0.0,5965.31,-2784.69
5036127,155000.0,2.75,360,Cash-out refinance,2021-09-04,103.19,104.09625,Storgan Manley,7750.000000000007,Whole Loan Sale,104.09625,2805.500000000001,0.0,6349.19,-1400.81
5036136,485000.0,3.25,360,Cash-out refinance,2021-09-06,104.61,104.07875,Golden Sachs,24250.000000000022,Securitization (UMBS),104.61,1891.5000000000073,0.0,22358.5,-1891.5
5036214,355000.0,3.125,360,Cash-out refinance,2021-09-06,103.19,101.65875,Storgan Manley,17750.000000000015,Securitization (UMBS),103.19,6425.5,0.0,11324.5,-6425.5
5036272,85000.0,3.375,360,Home purchase,2021-09-06,104.61,104.45375,Storgan Manley,4250.000000000004,Securitization (UMBS),104.61,331.5000000000009,0.0,3918.5,-331.5
5036289,205000.0,3.25,360,Cash-out refinance,2021-09-07,104.61,103.76625,Storgan Manley,10250.00000000001,Securitization (UMBS),104.61,799.5000000000036,0.0,9450.5,-799.5
5036449,315000.0,2.75,240,Cash-out refinance,2021-09-09,104.17,103.70125,Golden Sachs,15750.000000000015,Securitization (UMBS),104.17,2614.4999999999927,0.0,13135.5,-2614.5
5036500,285000.0,2.75,360,Refinancing,2021-09-09,103.19,102.72125,Golden Sachs,14250.000000000013,Securitization (UMBS),103.19,5158.500000000002,0.0,9091.5,-5158.5
5036590,345000.0,2.125,180,Cash-out refinance,2021-09-09,97.45,96.48125,Storgan Manley,17250.000000000015,Securitization (UMBS),97.45,26047.500000000004,0.0,-8797.5,-26047.5
5036596,185000.0,3.375,360,Cash-out refinance,2021-09-10,105.0,103.46875,Storgan Manley,9250.00000000001,Securitization (UMBS),105.0,0.0,0.0,9250.0,-0.0
5036626,225000.0,2.99,360,Cash-out refinance,2021-09-10,103.19,102.72125,Golden Sachs,11250.00000000001,Securitization (UMBS),103.19,4072.5,0.0,7177.5,-4072.5
5036677,195000.0,1.75,180,Refinancing,2021-09-11,100.93,99.77375,Storgan Manley,9750.00000000001,Securitization (UMBS),100.93,7936.499999999993,0.0,1813.5,-7936.5
5036680,485000.0,2.25,180,Refinancing,2021-09-11,99.88,99.63,PJ Logan,24250.000000000022,Securitization (UMBS),99.88,24832.000000000065,0.0,-582.0,-24832.0
5036702,175000.0,3.25,360,Cash-out refinance,2021-09-13,104.61,103.4225,Golden Sachs,8750.000000000007,Securitization (UMBS),104.61,682.5000000000018,0.0,8067.5,-682.5
5036810,305000.0,3.25,360,Cash-out refinance,2021-09-13,104.61,103.57875,Storgan Manley,15250.000000000013,Securitization (UMBS),104.61,1189.5000000000036,0.0,14060.5,-1189.5
5036833,215000.0,2.75,360,Refinancing,2021-09-14,103.19,102.5025,Golden Sachs,10750.00000000001,Securitization (UMBS),103.19,3891.500000000001,0.0,6858.5,-3891.5
5036913,315000.0,2.94,360,Refinancing,2021-09-14,104.17,104.38875,Golden Sachs,15750.000000000015,Whole Loan Sale,104.38875,2614.4999999999927,0.0,13824.56,-1925.44
5037043,395000.0,2.69,360,Home purchase,2021-09-14,99.88,97.84875,Golden Sachs,19750.00000000002,Securitization (UMBS),99.88,20224.000000000055,0.0,-474.0,-20224.0
5037071,515000.0,3.375,360,Other,2021-09-15,104.61,104.26625,Storgan Manley,25750.000000000022,Securitization (UMBS),104.61,2008.5000000000073,0.0,23741.5,-2008.5
5037144,495000.0,2.99,360,Refinancing,2021-09-15,104.17,104.38875,Storgan Manley,24750.000000000022,Whole Loan Sale,104.38875,4108.499999999985,0.0,21724.31,-3025.69
5037274,575000.0,2.625,240,Refinancing,2021-09-16,99.88,100.005,PJ Logan,28750.000000000025,Whole Loan Sale,100.005,29440.000000000076,0.0,28.75,-28721.25
5037310,245000.0,1.75,180,Refinancing,2021-09-16,100.93,100.77375,Storgan Manley,12250.000000000011,Securitization (UMBS),100.93,9971.499999999989,0.0,2278.5,-9971.5
5037324,115000.0,3.375,360,Refinancing,2021-09-16,104.61,105.51625,Storgan Manley,5750.0000000000055,Whole Loan Sale,105.51625,448.5000000000018,0.0,6343.69,593.69
5037340,145000.0,3.5,360,Home purchase,2021-09-17,105.0,105.34375,Storgan Manley,7250.000000000006,Whole Loan Sale,105.34375,0.0,0.0,7748.44,498.44
5037382,525000.0,2.75,360,Refinancing,2021-09-17,103.19,104.09625,Storgan Manley,26250.000000000022,Whole Loan Sale,104.09625,9502.5,0.0,21505.31,-4744.69
5037429,195000.0,3.99,360,Cash-out refinance,2021-09-17,105.77,105.98875,Golden Sachs,9750.00000000001,Whole Loan Sale,105.98875,-1501.4999999999636,0.0,11678.06,1928.06
5037507,595000.0,2.99,360,Refinancing,2021-09-17,103.19,103.53375,Storgan Manley,29750.000000000025,Whole Loan Sale,103.53375,10769.500000000004,0.0,21025.81,-8724.19
5037594,145000.0,2.375,144,Refinancing,2021-08-31,99.88,99.63,PJ Logan,7250.000000000006,Securitization (UMBS),99.88,7424.000000000019,0.0,-174.0,-7424.0
5037621,155000.0,2.25,180,Refinancing,2021-09-07,99.88,99.59875,Golden Sachs,7750.000000000007,Securitization (UMBS),99.88,7936.000000000021,0.0,-186.0,-7936.0
5024227,265000.0,2.75,360,Home purchase,2021-09-08,103.19,103.03375,Storgan Manley,13250.000000000011,Securitization (UMBS),103.19,4796.5,0.0,8453.5,-4796.5
5024364,455000.0,2.875,360,Refinancing,2021-09-13,104.17,104.57625,Storgan Manley,22750.000000000022,Whole Loan Sale,104.57625,3776.499999999989,0.0,20821.94,-1928.06
5024382,125000.0,2.75,360,Home purchase,2021-08-27,103.19,102.94,PJ Logan,6250.0000000000055,Securitization (UMBS),103.19,2262.5000000000005,0.0,3987.5,-2262.5
5024384,75000.0,2.125,96,Refinancing,2021-08-28,100.93,101.2425,Bank of Americans,3750.000000000003,Whole Loan Sale,101.2425,3052.499999999997,0.0,931.88,-2818.12
5024385,315000.0,2.75,360,Refinancing,2021-08-28,104.17,104.38875,Storgan Manley,15750.000000000015,Whole Loan Sale,104.38875,2614.4999999999927,0.0,13824.56,-1925.44
5024393,1475000.0,3.375,360,Refinancing,2021-08-30,104.61,103.76625,Storgan Manley,73750.00000000007,Securitization (UMBS),104.61,5752.500000000029,120.0,67997.5,-5752.5
5024486,465000.0,2.25,180,Refinancing,2021-08-30,99.88,97.72375,Golden Sachs,23250.000000000022,Securitization (UMBS),99.88,23808.000000000065,0.0,-558.0,-23808.0
5024512,105000.0,2.75,180,Home purchase,2021-08-30,103.19,101.65875,Storgan Manley,5250.000000000005,Securitization (UMBS),103.19,1900.5000000000005,0.0,3349.5,-1900.5
5024559,145000.0,2.625,360,Refinancing,2021-08-31,99.88,98.41125,Storgan Manley,7250.000000000006,Securitization (UMBS),99.88,7424.000000000019,0.0,-174.0,-7424.0
5024568,155000.0,3.125,360,Cash-out refinance,2021-09-01,104.17,103.20125,Storgan Manley,7750.000000000007,Securitization (UMBS),104.17,1286.4999999999964,0.0,6463.5,-1286.5
5024615,435000.0,3.375,360,Cash-out refinance,2021-09-01,104.61,102.95375,Golden Sachs,21750.00000000002,Securitization (UMBS),104.61,1696.5000000000036,0.0,20053.5,-1696.5
5024617,255000.0,3.375,360,Home purchase,2021-09-01,105.0,103.46875,Storgan Manley,12750.000000000011,Securitization (UMBS),105.0,0.0,0.0,12750.0,-0.0
5024668,265000.0,3.14,360,Cash-out refinance,2021-09-02,103.19,101.84625,Golden Sachs,13250.000000000011,Securitization (UMBS),103.19,4796.5,0.0,8453.5,-4796.5
5024689,155000.0,2.625,240,Cash-out refinance,2021-09-02,99.88,97.34875,Golden Sachs,7750.000000000007,Securitization (UMBS),99.88,7936.000000000021,0.0,-186.0,-7936.0
5024724,585000.0,2.99,360,Refinancing,2021-09-02,104.17,103.01375,Storgan Manley,29250.000000000025,Securitization (UMBS),104.17,4855.499999999985,0.0,24394.5,-4855.5
5024845,265000.0,3.19,360,Cash-out refinance,2021-09-02,103.19,101.84625,Golden Sachs,13250.000000000011,Securitization (UMBS),103.19,4796.5,0.0,8453.5,-4796.5
5024902,145000.0,2.99,360,Cash-out refinance,2021-09-03,104.17,102.82625,Golden Sachs,7250.000000000006,Securitization (UMBS),104.17,1203.4999999999964,0.0,6046.5,-1203.5
5024995,575000.0,2.25,360,Refinancing,2021-09-03,99.88,100.22375,Storgan Manley,28750.000000000025,Whole Loan Sale,100.22375,29440.000000000076,0.0,1286.56,-27463.44
5025029,95000.0,2.99,360,Refinancing,2021-09-04,104.17,102.38875,Golden Sachs,4750.000000000005,Securitization (UMBS),104.17,788.4999999999977,0.0,3961.5,-788.5
5025122,705000.0,3.19,360,Cash-out refinance,2021-09-04,103.19,101.65875,Golden Sachs,35250.00000000003,Securitization (UMBS),103.19,12760.5,0.0,22489.5,-12760.5
5025201,275000.0,2.99,360,Refinancing,2021-09-04,103.19,103.53375,Storgan Manley,13750.000000000013,Whole Loan Sale,103.53375,4977.500000000002,0.0,9717.81,-4032.19
5025204,335000.0,2.875,204,Cash-out refinance,2021-09-06,104.17,104.51375,Storgan Manley,16750.000000000015,Whole Loan Sale,104.51375,2780.499999999991,0.0,15121.06,-1628.94
5025224,465000.0,2.75,360,Home purchase,2021-09-07,104.17,105.07625,Storgan Manley,23250.000000000022,Whole Loan Sale,105.07625,3859.499999999989,0.0,23604.56,354.56
5025225,385000.0,2.875,360,Home purchase,2021-09-07,103.19,101.65875,Storgan Manley,19250.00000000002,Securitization (UMBS),103.19,6968.500000000004,0.0,12281.5,-6968.5
5025235,315000.0,2.25,180,Refinancing,2021-09-07,99.88,98.72375,Storgan Manley,15750.000000000015,Securitization (UMBS),99.88,16128.000000000044,0.0,-378.0,-16128.0
5025261,145000.0,3.5,360,Cash-out refinance,2021-09-08,104.61,104.45375,Storgan Manley,7250.000000000006,Securitization (UMBS),104.61,565.5000000000018,0.0,6684.5,-565.5
5025320,225000.0,2.625,360,Cash-out refinance,2021-09-09,99.88,98.41125,Golden Sachs,11250.00000000001,Securitization (UMBS),99.88,11520.00000000003,0.0,-270.0,-11520.0
5025367,1795000.0,2.875,360,Refinancing,2021-09-11,103.19,101.78375,Storgan Manley,89750.00000000007,Securitization (UMBS),103.19,32489.5,0.0,57260.5,-32489.5
5025413,245000.0,2.99,360,Cash-out refinance,2021-09-13,104.17,103.70125,Storgan Manley,12250.000000000011,Securitization (UMBS),104.17,2033.4999999999945,0.0,10216.5,-2033.5
5025445,335000.0,2.75,360,Cash-out refinance,2021-09-14,103.19,102.03375,Storgan Manley,16750.000000000015,Securitization (UMBS),103.19,6063.500000000002,0.0,10686.5,-6063.5
5025511,535000.0,2.99,360,Cash-out refinance,2021-09-14,104.17,105.07625,Storgan Manley,26750.000000000025,Whole Loan Sale,105.07625,4440.499999999989,0.0,27157.94,407.94
5025598,255000.0,2.99,360,Cash-out refinance,2021-09-14,104.17,104.01375,Storgan Manley,12750.000000000011,Securitization (UMBS),104.17,2116.4999999999927,0.0,10633.5,-2116.5
5025602,175000.0,2.875,360,Home purchase,2021-09-14,103.19,104.09625,Storgan Manley,8750.000000000007,Whole Loan Sale,104.09625,3167.5,0.0,7168.44,-1581.56
5025778,135000.0,3.5,360,Cash-out refinance,2021-09-15,105.0,105.21875,Golden Sachs,6750.000000000006,Whole Loan Sale,105.21875,0.0,0.0,7045.31,295.31
5025869,945000.0,2.875,360,Refinancing,2021-09-15,103.19,102.22125,Storgan Manley,47250.000000000044,Securitization (UMBS),103.19,17104.500000000007,0.0,30145.5,-17104.5
5025878,265000.0,2.75,360,Refinancing,2021-09-15,103.19,103.40875,Golden Sachs,13250.000000000011,Whole Loan Sale,103.40875,4796.5,0.0,9033.19,-4216.81
5025942,365000.0,3.25,360,Cash-out refinance,2021-09-16,105.0,105.90625,Storgan Manley,18250.000000000015,Whole Loan Sale,105.90625,0.0,0.0,21557.81,3307.81
5025985,105000.0,3.5,360,Cash-out refinance,2021-09-16,104.61,104.14125,Storgan Manley,5250.000000000005,Securitization (UMBS),104.61,409.5000000000018,0.0,4840.5,-409.5
5025996,425000.0,2.99,180,Cash-out refinance,2021-09-16,103.19,103.53375,Storgan Manley,21250.00000000002,Whole Loan Sale,103.53375,7692.500000000002,0.0,15018.44,-6231.56
5026209,135000.0,2.875,360,Home purchase,2021-09-16,103.19,102.94,PJ Logan,6750.000000000006,Securitization (UMBS),103.19,2443.500000000001,0.0,4306.5,-2443.5
5026213,175000.0,2.75,360,Refinancing,2021-09-16,104.17,104.38875,Golden Sachs,8750.000000000007,Whole Loan Sale,104.38875,1452.4999999999945,0.0,7680.31,-1069.69
5026310,155000.0,3.125,360,Home purchase,2021-09-17,103.19,102.09625,Storgan Manley,7750.000000000007,Securitization (UMBS),103.19,2805.500000000001,0.0,4944.5,-2805.5
5026343,405000.0,2.75,360,Refinancing,2021-09-17,103.19,103.59625,Storgan Manley,20250.00000000002,Whole Loan Sale,103.59625,7330.500000000002,0.0,14564.81,-5685.19
5026384,335000.0,2.5,360,Cash-out refinance,2021-09-17,99.88,99.53625,Storgan Manley,16750.000000000015,Securitization (UMBS),99.88,17152.000000000044,0.0,-402.0,-17152.0
5026409,545000.0,2.99,360,Home purchase,2021-09-17,103.19,103.59625,Storgan Manley,27250.000000000025,Whole Loan Sale,103.59625,9864.500000000004,0.0,19599.56,-7650.44
5026539,475000.0,2.75,360,Cash-out refinance,2021-09-11,104.17,103.20125,Golden Sachs,23750.000000000022,Securitization (UMBS),104.17,3942.499999999989,0.0,19807.5,-3942.5
5026544,455000.0,2.75,360,Refinancing,2021-09-11,103.19,102.03375,Golden Sachs,22750.000000000022,Securitization (UMBS),103.19,8235.500000000004,0.0,14514.5,-8235.5
5026619,75000.0,2.99,180,Refinancing,2021-08-28,103.19,102.94,PJ Logan,3750.000000000003,Securitization (UMBS),103.19,1357.5,0.0,2392.5,-1357.5
5026687,245000.0,3.19,360,Cash-out refinance,2021-08-13,103.19,102.94,PJ Logan,12250.000000000011,Securitization (UMBS),103.19,4434.500000000001,0.0,7815.5,-4434.5
5026756,625000.0,2.99,360,Home purchase,2021-08-23,103.19,103.59625,Storgan Manley,31250.00000000003,Whole Loan Sale,103.59625,11312.500000000004,0.0,22476.56,-8773.44
5026909,195000.0,3.875,360,Cash-out refinance,2021-08-26,106.41,104.44125,Golden Sachs,9750.00000000001,Securitization (UMBS),106.41,-2749.5,0.0,12499.5,2749.5
5027057,615000.0,2.75,360,Home purchase,2021-08-30,103.19,102.94,PJ Logan,30750.00000000003,Securitization (UMBS),103.19,11131.500000000004,0.0,19618.5,-11131.5
5027065,165000.0,2.99,240,Cash-out refinance,2021-08-31,103.19,103.53375,Storgan Manley,8250.000000000007,Whole Loan Sale,103.53375,2986.500000000001,0.0,5830.69,-2419.31
5027147,445000.0,2.75,360,Home purchase,2021-09-01,103.19,101.65875,Storgan Manley,22250.00000000002,Securitization (UMBS),103.19,8054.5,0.0,14195.5,-8054.5
5027211,435000.0,2.625,360,Refinancing,2021-09-01,99.88,99.03625,Storgan Manley,21750.00000000002,Securitization (UMBS),99.88,22272.00000000006,0.0,-522.0,-22272.0
5027317,275000.0,3.25,360,Home purchase,2021-09-02,104.61,103.45375,Storgan Manley,13750.000000000013,Securitization (UMBS),104.61,1072.5000000000036,0.0,12677.5,-1072.5
5027349,245000.0,2.75,240,Refinancing,2021-09-02,103.19,102.90875,Storgan Manley,12250.000000000011,Securitization (UMBS),103.19,4434.500000000001,0.0,7815.5,-4434.5
5027439,285000.0,3.25,360,Cash-out refinance,2021-09-02,104.61,102.95375,Storgan Manley,14250.000000000013,Securitization (UMBS),104.61,1111.5000000000036,0.0,13138.5,-1111.5
5027470,125000.0,2.75,180,Cash-out refinance,2021-09-02,103.19,102.72125,Storgan Manley,6250.0000000000055,Securitization (UMBS),103.19,2262.5000000000005,0.0,3987.5,-2262.5
5027552,105000.0,2.75,132,Refinancing,2021-09-03,103.19,101.97125,Golden Sachs,5250.000000000005,Securitization (UMBS),103.19,1900.5000000000005,0.0,3349.5,-1900.5
5027557,215000.0,2.99,240,Cash-out refinance,2021-09-03,103.19,101.28375,Golden Sachs,10750.00000000001,Securitization (UMBS),103.19,3891.500000000001,0.0,6858.5,-3891.5
5027573,545000.0,2.5,180,Cash-out refinance,2021-09-03,103.03,103.43625,Storgan Manley,27250.000000000025,Whole Loan Sale,103.43625,10736.50000000003,0.0,18727.56,-8522.44
5027591,445000.0,3.125,360,Cash-out refinance,2021-09-03,103.19,103.59625,Storgan Manley,22250.00000000002,Whole Loan Sale,103.59625,8054.5,0.0,16003.31,-6246.69
5027595,245000.0,2.75,240,Refinancing,2021-09-04,103.19,0.0,Golden Sachs,12250.000000000011,Securitization (UMBS),103.19,4434.500000000001,0.0,7815.5,-4434.5
5027630,215000.0,2.875,240,Cash-out refinance,2021-09-04,103.19,102.72125,Storgan Manley,10750.00000000001,Securitization (UMBS),103.19,3891.500000000001,0.0,6858.5,-3891.5
5027633,225000.0,2.75,240,Cash-out refinance,2021-09-04,103.19,103.40875,Golden Sachs,11250.00000000001,Whole Loan Sale,103.40875,4072.5,0.0,7669.69,-3580.31
5027671,245000.0,3.25,360,Refinancing,2021-09-04,105.0,104.65625,Storgan Manley,12250.000000000011,Securitization (UMBS),105.0,0.0,0.0,12250.0,-0.0
5027686,145000.0,3.625,360,Cash-out refinance,2021-09-06,104.61,102.89125,Golden Sachs,7250.000000000006,Securitization (UMBS),104.61,565.5000000000018,0.0,6684.5,-565.5
5027768,465000.0,2.99,360,Refinancing,2021-09-06,104.17,104.51375,Storgan Manley,23250.000000000022,Whole Loan Sale,104.51375,3859.499999999989,0.0,20988.94,-2261.06
5027804,315000.0,3.125,360,Cash-out refinance,2021-09-07,103.19,102.90875,Storgan Manley,15750.000000000015,Securitization (UMBS),103.19,5701.500000000002,0.0,10048.5,-5701.5
5027868,85000.0,3.75,360,Refinancing,2021-09-07,105.77,105.98875,Golden Sachs,4250.000000000004,Whole Loan Sale,105.98875,-654.4999999999845,0.0,5090.44,840.44
5027902,165000.0,2.875,360,Refinancing,2021-09-07,103.19,101.65875,Storgan Manley,8250.000000000007,Securitization (UMBS),103.19,2986.500000000001,0.0,5263.5,-2986.5
5027987,345000.0,2.625,360,Cash-out refinance,2021-09-07,103.03,102.06125,Storgan Manley,17250.000000000015,Securitization (UMBS),103.03,6796.500000000016,0.0,10453.5,-6796.5
5028009,805000.0,2.75,360,Refinancing,2021-09-07,103.19,103.53375,Storgan Manley,40250.00000000004,Whole Loan Sale,103.53375,14570.500000000004,0.0,28446.69,-11803.31
5028049,305000.0,2.75,180,Refinancing,2021-09-07,104.17,102.88875,Golden Sachs,15250.000000000013,Securitization (UMBS),104.17,2531.499999999991,0.0,12718.5,-2531.5
5028097,315000.0,2.75,360,Cash-out refinance,2021-09-07,104.17,102.51375,Golden Sachs,15750.000000000015,Securitization (UMBS),104.17,2614.4999999999927,0.0,13135.5,-2614.5
5028201,175000.0,3.25,240,Home purchase,2021-09-08,104.61,103.07875,Golden Sachs,8750.000000000007,Securitization (UMBS),104.61,682.5000000000018,0.0,8067.5,-682.5
5028228,85000.0,3.75,360,Cash-out refinance,2021-09-08,105.77,104.80125,Storgan Manley,4250.000000000004,Securitization (UMBS),105.77,-654.4999999999845,0.0,4904.5,654.5
5028306,215000.0,2.5,216,Refinancing,2021-09-09,99.88,100.22375,Storgan Manley,10750.00000000001,Whole Loan Sale,100.22375,11008.00000000003,0.0,481.06,-10268.94
5028334,335000.0,1.99,168,Refinancing,2021-09-09,100.93,100.68,PJ Logan,16750.000000000015,Securitization (UMBS),100.93,13634.499999999985,0.0,3115.5,-13634.5
5028487,265000.0,2.875,360,Refinancing,2021-09-09,103.19,103.40875,Storgan Manley,13250.000000000011,Whole Loan Sale,103.40875,4796.5,0.0,9033.19,-4216.81
5028492,85000.0,2.875,240,Refinancing,2021-09-10,103.19,103.28375,Storgan Manley,4250.000000000004,Whole Loan Sale,103.28375,1538.5000000000005,0.0,2791.19,-1458.81
5028504,545000.0,2.875,360,Home purchase,2021-09-11,103.19,102.90875,Storgan Manley,27250.000000000025,Securitization (UMBS),103.19,9864.500000000004,0.0,17385.5,-9864.5
5028505,265000.0,2.99,360,Cash-out refinance,2021-09-11,104.17,103.01375,Golden Sachs,13250.000000000011,Securitization (UMBS),104.17,2199.4999999999927,0.0,11050.5,-2199.5
5028524,295000.0,2.125,180,Refinancing,2021-09-13,100.93,99.39875,Storgan Manley,14750.000000000013,Securitization (UMBS),100.93,12006.499999999987,0.0,2743.5,-12006.5
5028533,365000.0,2.99,360,Refinancing,2021-09-13,104.17,103.07625,Storgan Manley,18250.000000000015,Securitization (UMBS),104.17,3029.499999999989,0.0,15220.5,-3029.5
5028544,365000.0,2.875,360,Cash-out refinance,2021-09-13,103.19,102.5025,Golden Sachs,18250.000000000015,Securitization (UMBS),103.19,6606.5,0.0,11643.5,-6606.5
5028590,305000.0,2.375,240,Refinancing,2021-09-13,99.88,100.78625,Storgan Manley,15250.000000000013,Whole Loan Sale,100.78625,15616.00000000004,0.0,2398.06,-12851.94
5028603,105000.0,2.625,240,Refinancing,2021-09-14,99.88,99.28625,Storgan Manley,5250.000000000005,Securitization (UMBS),99.88,5376.000000000014,0.0,-126.0,-5376.0
5028692,175000.0,3.25,360,Cash-out refinance,2021-09-14,104.61,104.82875,Golden Sachs,8750.000000000007,Whole Loan Sale,104.82875,682.5000000000018,0.0,8450.31,-299.69
5028719,295000.0,2.75,180,Cash-out refinance,2021-09-14,104.17,104.51375,Storgan Manley,14750.000000000013,Whole Loan Sale,104.51375,2448.4999999999927,0.0,13315.56,-1434.44
5028850,205000.0,2.875,360,Cash-out refinance,2021-09-14,104.17,103.4825,Golden Sachs,10250.00000000001,Securitization (UMBS),104.17,1701.4999999999945,0.0,8548.5,-1701.5
5028996,185000.0,3.25,360,Cash-out refinance,2021-09-14,104.61,104.45375,Storgan Manley,9250.00000000001,Securitization (UMBS),104.61,721.5000000000036,0.0,8528.5,-721.5
5029029,415000.0,3.125,360,Cash-out refinance,2021-09-17,103.19,103.40875,Golden Sachs,20750.00000000002,Whole Loan Sale,103.40875,7511.500000000002,0.0,14146.31,-6603.69
5029073,135000.0,2.99,240,Refinancing,2021-09-17,103.19,102.03375,Golden Sachs,6750.000000000006,Securitization (UMBS),103.19,2443.500000000001,0.0,4306.5,-2443.5
5029085,465000.0,2.625,360,Home purchase,2021-09-04,103.03,103.24875,Golden Sachs,23250.000000000022,Whole Loan Sale,103.24875,9160.500000000025,0.0,15106.69,-8143.31
5029192,225000.0,2.875,240,Cash-out refinance,2021-06-12,103.19,103.315,PJ Logan,11250.00000000001,Whole Loan Sale,103.315,4072.5,0.0,7458.75,-3791.25
5029226,135000.0,2.99,360,Home purchase,2021-08-19,103.19,102.34625,Storgan Manley,6750.000000000006,Securitization (UMBS),103.19,2443.500000000001,0.0,4306.5,-2443.5
5029349,125000.0,3.125,360,Home purchase,2021-08-30,104.17,102.38875,Golden Sachs,6250.0000000000055,Securitization (UMBS),104.17,1037.4999999999964,0.0,5212.5,-1037.5
5029377,295000.0,2.875,336,Refinancing,2021-08-30,103.19,104.09625,Storgan Manley,14750.000000000013,Whole Loan Sale,104.09625,5339.500000000002,0.0,12083.94,-2666.06
5029424,165000.0,2.875,360,Cash-out refinance,2021-09-01,104.17,103.07625,Storgan Manley,8250.000000000007,Securitization (UMBS),104.17,1369.4999999999955,0.0,6880.5,-1369.5
5029528,225000.0,2.5,180,Refinancing,2021-09-01,103.03,103.24875,Golden Sachs,11250.00000000001,Whole Loan Sale,103.24875,4432.500000000011,0.0,7309.69,-3940.31
5029561,105000.0,3.25,360,Cash-out refinance,2021-09-01,104.61,104.45375,Storgan Manley,5250.000000000005,Securitization (UMBS),104.61,409.5000000000018,0.0,4840.5,-409.5
5029583,525000.0,3.14,360,Cash-out refinance,2021-09-01,103.19,102.72125,Golden Sachs,26250.000000000022,Securitization (UMBS),103.19,9502.5,0.0,16747.5,-9502.5
5029591,95000.0,2.99,360,Cash-out refinance,2021-09-01,104.17,103.32625,Storgan Manley,4750.000000000005,Securitization (UMBS),104.17,788.4999999999977,0.0,3961.5,-788.5
5029605,465000.0,3.25,360,Cash-out refinance,2021-09-02,105.0,103.34375,Golden Sachs,23250.000000000022,Securitization (UMBS),105.0,0.0,0.0,23250.0,-0.0
5029646,135000.0,2.99,324,Refinancing,2021-09-02,103.19,102.94,PJ Logan,6750.000000000006,Securitization (UMBS),103.19,2443.500000000001,0.0,4306.5,-2443.5
5029749,655000.0,2.99,360,Cash-out refinance,2021-09-02,103.19,102.09625,Storgan Manley,32750.00000000003,Securitization (UMBS),103.19,11855.500000000004,0.0,20894.5,-11855.5
5029959,125000.0,2.875,240,Cash-out refinance,2021-09-02,103.19,102.15875,Storgan Manley,6250.0000000000055,Securitization (UMBS),103.19,2262.5000000000005,0.0,3987.5,-2262.5
5029998,165000.0,1.99,180,Refinancing,2021-09-02,100.93,99.08625,Golden Sachs,8250.000000000007,Securitization (UMBS),100.93,6715.499999999993,0.0,1534.5,-6715.5
5030045,165000.0,2.25,180,Refinancing,2021-09-02,99.88,98.59875,Golden Sachs,8250.000000000007,Securitization (UMBS),99.88,8448.000000000022,0.0,-198.0,-8448.0
5030052,165000.0,2.625,240,Cash-out refinance,2021-09-03,103.03,101.74875,Golden Sachs,8250.000000000007,Securitization (UMBS),103.03,3250.500000000008,0.0,4999.5,-3250.5
5030073,165000.0,2.25,120,Refinancing,2021-09-03,99.88,99.72375,Storgan Manley,8250.000000000007,Securitization (UMBS),99.88,8448.000000000022,0.0,-198.0,-8448.0
5030173,305000.0,2.69,360,Refinancing,2021-09-03,99.88,100.22375,Storgan Manley,15250.000000000013,Whole Loan Sale,100.22375,15616.00000000004,0.0,682.44,-14567.56
5030182,165000.0,3.14,360,Refinancing,2021-09-03,103.19,104.19,PJ Logan,8250.000000000007,Whole Loan Sale,104.19,2986.500000000001,0.0,6913.5,-1336.5
5030303,165000.0,2.875,360,Cash-out refinance,2021-09-04,103.19,101.53375,Storgan Manley,8250.000000000007,Securitization (UMBS),103.19,2986.500000000001,0.0,5263.5,-2986.5
5030307,155000.0,2.5,120,Refinancing,2021-09-04,99.88,99.28625,Golden Sachs,7750.000000000007,Securitization (UMBS),99.88,7936.000000000021,0.0,-186.0,-7936.0
5030316,325000.0,2.99,360,Refinancing,2021-09-06,104.17,103.20125,Golden Sachs,16250.000000000015,Securitization (UMBS),104.17,2697.499999999991,0.0,13552.5,-2697.5
5030323,145000.0,3.375,360,Cash-out refinance,2021-09-06,104.61,104.14125,Storgan Manley,7250.000000000006,Securitization (UMBS),104.61,565.5000000000018,0.0,6684.5,-565.5
5030394,105000.0,3.375,360,Refinancing,2021-09-07,105.0,104.84375,Storgan Manley,5250.000000000005,Securitization (UMBS),105.0,0.0,0.0,5250.0,-0.0
5030406,225000.0,3.25,360,Refinancing,2021-09-07,105.0,104.15625,Storgan Manley,11250.00000000001,Securitization (UMBS),105.0,0.0,0.0,11250.0,-0.0
5030452,295000.0,2.875,360,Refinancing,2021-09-08,103.19,102.22125,Storgan Manley,14750.000000000013,Securitization (UMBS),103.19,5339.500000000002,0.0,9410.5,-5339.5
5030656,245000.0,2.875,360,Refinancing,2021-09-08,104.17,104.51375,Storgan Manley,12250.000000000011,Whole Loan Sale,104.51375,2033.4999999999945,0.0,11058.69,-1191.31
5030740,195000.0,2.99,360,Cash-out refinance,2021-09-09,103.19,101.90875,Golden Sachs,9750.00000000001,Securitization (UMBS),103.19,3529.500000000002,0.0,6220.5,-3529.5
5030861,205000.0,2.99,240,Cash-out refinance,2021-09-09,103.19,103.03375,Storgan Manley,10250.00000000001,Securitization (UMBS),103.19,3710.500000000001,0.0,6539.5,-3710.5
5031067,165000.0,2.75,360,Home purchase,2021-09-09,103.19,102.09625,Storgan Manley,8250.000000000007,Securitization (UMBS),103.19,2986.500000000001,0.0,5263.5,-2986.5
5031160,425000.0,2.625,360,Home purchase,2021-09-10,99.88,100.22375,Storgan Manley,21250.00000000002,Whole Loan Sale,100.22375,21760.00000000006,0.0,950.94,-20299.06
5031196,445000.0,3.14,360,Home purchase,2021-09-10,104.17,104.01375,Storgan Manley,22250.00000000002,Securitization (UMBS),104.17,3693.4999999999854,0.0,18556.5,-3693.5
5031293,405000.0,2.875,360,Home purchase,2021-09-10,103.19,103.40875,Golden Sachs,20250.00000000002,Whole Loan Sale,103.40875,7330.500000000002,0.0,13805.44,-6444.56
5031298,155000.0,3.25,360,Cash-out refinance,2021-09-10,104.61,104.82875,Golden Sachs,7750.000000000007,Whole Loan Sale,104.82875,604.5000000000027,0.0,7484.56,-265.44
5031303,135000.0,2.99,360,Refinancing,2021-09-11,103.19,101.34625,Golden Sachs,6750.000000000006,Securitization (UMBS),103.19,2443.500000000001,0.0,4306.5,-2443.5
5031331,285000.0,3.25,360,Home purchase,2021-09-13,104.61,103.07875,Storgan Manley,14250.000000000013,Securitization (UMBS),104.61,1111.5000000000036,0.0,13138.5,-1111.5
5031475,325000.0,2.75,180,Cash-out refinance,2021-09-13,104.17,105.07625,Storgan Manley,16250.000000000015,Whole Loan Sale,105.07625,2697.499999999991,0.0,16497.81,247.81
5031602,145000.0,2.99,360,Home purchase,2021-09-13,103.19,101.53375,Storgan Manley,7250.000000000006,Securitization (UMBS),103.19,2624.500000000001,0.0,4625.5,-2624.5
5031709,135000.0,3.99,360,Cash-out refinance,2021-09-13,105.77,106.11375,Storgan Manley,6750.000000000006,Whole Loan Sale,106.11375,-1039.4999999999754,0.0,8253.56,1503.56
5031740,105000.0,2.99,180,Refinancing,2021-09-14,103.19,103.40875,Storgan Manley,5250.000000000005,Whole Loan Sale,103.40875,1900.5000000000005,0.0,3579.19,-1670.81
5031751,305000.0,2.99,360,Cash-out refinance,2021-09-14,103.19,103.40875,Golden Sachs,15250.000000000013,Whole Loan Sale,103.40875,5520.5,0.0,10396.69,-4853.31
5031762,345000.0,2.375,240,Refinancing,2021-09-14,103.03,103.93625,Storgan Manley,17250.000000000015,Whole Loan Sale,103.93625,6796.500000000016,0.0,13580.06,-3669.94
5031796,275000.0,2.99,360,Cash-out refinance,2021-09-15,103.19,102.94,PJ Logan,13750.000000000013,Securitization (UMBS),103.19,4977.500000000002,0.0,8772.5,-4977.5
5031849,395000.0,2.375,144,Cash-out refinance,2021-09-15,99.88,99.53625,Storgan Manley,19750.00000000002,Securitization (UMBS),99.88,20224.000000000055,0.0,-474.0,-20224.0
5031919,345000.0,2.25,360,Home purchase,2021-09-16,99.88,97.72375,Golden Sachs,17250.000000000015,Securitization (UMBS),99.88,17664.000000000047,0.0,-414.0,-17664.0
5031932,225000.0,2.5,180,Cash-out refinance,2021-09-16,99.88,98.84875,Storgan Manley,11250.00000000001,Securitization (UMBS),99.88,11520.00000000003,0.0,-270.0,-11520.0
5032102,255000.0,2.5,240,Cash-out refinance,2021-09-16,99.88,98.53625,Golden Sachs,12750.000000000011,Securitization (UMBS),99.88,13056.000000000035,0.0,-306.0,-13056.0
5032136,105000.0,2.5,120,Cash-out refinance,2021-09-17,99.88,98.6925,Golden Sachs,5250.000000000005,Securitization (UMBS),99.88,5376.000000000014,0.0,-126.0,-5376.0
5032170,305000.0,3.375,360,Refinancing,2021-09-17,105.0,105.90625,Storgan Manley,15250.000000000013,Whole Loan Sale,105.90625,0.0,0.0,18014.06,2764.06
5032174,295000.0,2.75,180,Cash-out refinance,2021-09-17,104.17,102.88875,Golden Sachs,14750.000000000013,Securitization (UMBS),104.17,2448.4999999999927,0.0,12301.5,-2448.5
5032253,255000.0,2.875,360,Home purchase,2021-09-01,103.19,102.0025,Golden Sachs,12750.000000000011,Securitization (UMBS),103.19,4615.500000000001,0.0,8134.5,-4615.5
5032365,245000.0,2.99,360,Cash-out refinance,2021-08-24,104.17,102.38875,Golden Sachs,12250.000000000011,Securitization (UMBS),104.17,2033.4999999999945,0.0,10216.5,-2033.5
5032366,285000.0,2.875,360,Refinancing,2021-08-24,103.19,103.53375,Storgan Manley,14250.000000000013,Whole Loan Sale,103.53375,5158.500000000002,0.0,10071.19,-4178.81
5032451,325000.0,2.75,360,Home purchase,2021-08-25,103.19,102.03375,Storgan Manley,16250.000000000015,Securitization (UMBS),103.19,5882.500000000002,0.0,10367.5,-5882.5
5032480,335000.0,2.875,360,Home purchase,2021-08-25,104.17,104.57625,Storgan Manley,16750.000000000015,Whole Loan Sale,104.57625,2780.499999999991,0.0,15330.44,-1419.56
5032744,365000.0,2.5,360,Refinancing,2021-08-25,99.88,99.53625,Storgan Manley,18250.000000000015,Securitization (UMBS),99.88,18688.000000000047,0.0,-438.0,-18688.0
5032751,205000.0,2.5,240,Refinancing,2021-08-25,99.88,99.63,PJ Logan,10250.00000000001,Securitization (UMBS),99.88,10496.000000000027,0.0,-246.0,-10496.0
5032831,405000.0,2.99,360,Cash-out refinance,2021-08-26,103.19,102.22125,Storgan Manley,20250.00000000002,Securitization (UMBS),103.19,7330.500000000002,0.0,12919.5,-7330.5
5032973,415000.0,2.99,360,Cash-out refinance,2021-08-28,103.19,102.15875,Storgan Manley,20750.00000000002,Securitization (UMBS),103.19,7511.500000000002,0.0,13238.5,-7511.5
5032979,135000.0,3.25,180,Cash-out refinance,2021-08-30,104.61,102.89125,Golden Sachs,6750.000000000006,Securitization (UMBS),104.61,526.5000000000027,0.0,6223.5,-526.5
5033006,285000.0,2.5,180,Cash-out refinance,2021-09-01,103.03,102.56125,Golden Sachs,14250.000000000013,Securitization (UMBS),103.03,5614.500000000015,0.0,8635.5,-5614.5
5033034,195000.0,2.75,180,Refinancing,2021-09-01,103.19,102.72125,Golden Sachs,9750.00000000001,Securitization (UMBS),103.19,3529.500000000002,0.0,6220.5,-3529.5
5033044,75000.0,2.75,120,Refinancing,2021-09-02,103.19,101.84625,Golden Sachs,3750.000000000003,Securitization (UMBS),103.19,1357.5,0.0,2392.5,-1357.5
5033129,185000.0,2.75,180,Cash-out refinance,2021-09-02,104.17,103.13875,Storgan Manley,9250.00000000001,Securitization (UMBS),104.17,1535.4999999999964,0.0,7714.5,-1535.5
5033373,125000.0,3.125,360,Refinancing,2021-09-02,103.19,101.65875,Storgan Manley,6250.0000000000055,Securitization (UMBS),103.19,2262.5000000000005,0.0,3987.5,-2262.5
5033405,345000.0,2.75,240,Refinancing,2021-09-03,104.17,104.295,PJ Logan,17250.000000000015,Whole Loan Sale,104.295,2863.499999999991,0.0,14817.75,-2432.25
5033445,225000.0,2.875,360,Refinancing,2021-09-03,104.17,102.82625,Golden Sachs,11250.00000000001,Securitization (UMBS),104.17,1867.4999999999927,0.0,9382.5,-1867.5
5033457,315000.0,2.125,180,Refinancing,2021-09-03,97.45,95.91875,Storgan Manley,15750.000000000015,Securitization (UMBS),97.45,23782.500000000004,0.0,-8032.5,-23782.5
5033480,215000.0,2.875,360,Refinancing,2021-09-03,103.19,103.315,PJ Logan,10750.00000000001,Whole Loan Sale,103.315,3891.500000000001,0.0,7127.25,-3622.75
5033586,425000.0,2.875,360,Home purchase,2021-09-04,103.19,102.03375,Golden Sachs,21250.00000000002,Securitization (UMBS),103.19,7692.500000000002,3265.57,13557.5,-7692.5
5033606,505000.0,2.75,360,Cash-out refinance,2021-09-04,104.17,102.88875,Golden Sachs,25250.000000000022,Securitization (UMBS),104.17,4191.499999999985,0.0,21058.5,-4191.5
5033609,115000.0,2.75,360,Home purchase,2021-09-04,104.17,103.13875,Storgan Manley,5750.0000000000055,Securitization (UMBS),104.17,954.4999999999973,0.0,4795.5,-954.5
5033650,415000.0,2.875,360,Cash-out refinance,2021-09-04,103.19,102.09625,Storgan Manley,20750.00000000002,Securitization (UMBS),103.19,7511.500000000002,0.0,13238.5,-7511.5
5033662,95000.0,2.99,240,Refinancing,2021-09-06,103.19,103.40875,Golden Sachs,4750.000000000005,Whole Loan Sale,103.40875,1719.500000000001,0.0,3238.31,-1511.69
5033759,295000.0,2.75,336,Refinancing,2021-09-06,103.19,102.03375,Golden Sachs,14750.000000000013,Securitization (UMBS),103.19,5339.500000000002,0.0,9410.5,-5339.5
5033842,105000.0,3.375,360,Cash-out refinance,2021-09-06,104.61,104.14125,Storgan Manley,5250.000000000005,Securitization (UMBS),104.61,409.5000000000018,0.0,4840.5,-409.5
5033883,155000.0,2.99,360,Refinancing,2021-09-06,103.19,102.72125,Storgan Manley,7750.000000000007,Securitization (UMBS),103.19,2805.500000000001,0.0,4944.5,-2805.5
5033975,245000.0,2.75,360,Refinancing,2021-09-07,104.17,105.07625,Storgan Manley,12250.000000000011,Whole Loan Sale,105.07625,2033.4999999999945,0.0,12436.81,186.81
5034010,65000.0,2.75,108,Refinancing,2021-09-07,103.19,100.90875,Golden Sachs,3250.0000000000027,Securitization (UMBS),103.19,1176.5,0.0,2073.5,-1176.5
5034072,165000.0,2.875,240,Cash-out refinance,2021-09-07,103.19,102.94,PJ Logan,8250.000000000007,Securitization (UMBS),103.19,2986.500000000001,0.0,5263.5,-2986.5
5034119,105000.0,2.25,180,Refinancing,2021-09-08,103.03,103.37375,Storgan Manley,5250.000000000005,Whole Loan Sale,103.37375,2068.500000000005,0.0,3542.44,-1707.56
5034154,165000.0,2.99,360,Refinancing,2021-09-08,104.17,103.57625,Golden Sachs,8250.000000000007,Securitization (UMBS),104.17,1369.4999999999955,0.0,6880.5,-1369.5
5034165,115000.0,2.875,240,Cash-out refinance,2021-09-11,103.19,103.65875,PJ Logan,5750.0000000000055,Whole Loan Sale,103.65875,2081.500000000001,0.0,4207.56,-1542.44
5034244,325000.0,2.75,240,Refinancing,2021-09-11,103.19,104.315,PJ Logan,16250.000000000015,Whole Loan Sale,104.315,5882.500000000002,0.0,14023.75,-2226.25
5034333,185000.0,2.25,180,Cash-out refinance,2021-09-11,103.03,104.62375,Golden Sachs,9250.00000000001,Whole Loan Sale,104.62375,3644.50000000001,0.0,8553.94,-696.06
5034372,405000.0,2.75,360,Refinancing,2021-09-13,104.17,104.63875,PJ Logan,20250.00000000002,Whole Loan Sale,104.63875,3361.499999999989,0.0,18786.94,-1463.06
5034479,355000.0,2.625,360,Refinancing,2021-09-13,103.03,103.56125,Storgan Manley,17750.000000000015,Whole Loan Sale,103.56125,6993.500000000016,0.0,12642.44,-5107.56
5034522,265000.0,3.125,360,Refinancing,2021-09-14,103.19,104.1275,Golden Sachs,13250.000000000011,Whole Loan Sale,104.1275,4796.5,0.0,10937.87,-2312.13
5034539,155000.0,3.375,360,Cash-out refinance,2021-09-14,104.61,106.20375,Golden Sachs,7750.000000000007,Whole Loan Sale,106.20375,604.5000000000027,0.0,9615.81,1865.81
5034669,155000.0,3.375,360,Home purchase,2021-09-14,105.0,106.125,PJ Logan,7750.000000000007,Whole Loan Sale,106.125,0.0,0.0,9493.75,1743.75
5034684,315000.0,2.875,180,Cash-out refinance,2021-09-14,103.19,104.22125,Storgan Manley,15750.000000000015,Whole Loan Sale,104.22125,5701.500000000002,0.0,13296.94,-2453.06
5034740,175000.0,3.5,360,Home purchase,2021-09-14,104.61,106.20375,Golden Sachs,8750.000000000007,Whole Loan Sale,106.20375,682.5000000000018,0.0,10856.56,2106.56
5034769,225000.0,2.99,360,Cash-out refinance,2021-09-14,103.19,103.03375,PJ Logan,11250.00000000001,Securitization (UMBS),103.19,4072.5,0.0,7177.5,-4072.5
5034910,235000.0,3.375,360,Refinancing,2021-09-15,104.61,105.14125,Storgan Manley,11750.000000000011,Whole Loan Sale,105.14125,916.5000000000036,0.0,12081.94,331.94
5034982,245000.0,2.875,360,Refinancing,2021-09-15,103.19,104.315,PJ Logan,12250.000000000011,Whole Loan Sale,104.315,4434.500000000001,0.0,10571.75,-1678.25
5035056,225000.0,3.375,360,Cash-out refinance,2021-09-15,105.0,105.84375,PJ Logan,11250.00000000001,Whole Loan Sale,105.84375,0.0,0.0,13148.44,1898.44
5035124,455000.0,2.75,360,Refinancing,2021-09-15,103.19,103.72125,Storgan Manley,22750.000000000022,Whole Loan Sale,103.72125,8235.500000000004,0.0,16931.69,-5818.31
5035126,525000.0,2.5,360,Home purchase,2021-09-17,103.03,103.56125,Storgan Manley,26250.000000000022,Whole Loan Sale,103.56125,10342.500000000025,0.0,18696.56,-7553.44
5035264,655000.0,2.875,360,Home purchase,2021-09-17,103.19,104.22125,Storgan Manley,32750.00000000003,Whole Loan Sale,104.22125,11855.500000000004,0.0,27649.19,-5100.81
5035283,735000.0,2.875,360,Home purchase,2021-08-25,103.19,104.78375,Golden Sachs,36750.00000000003,Whole Loan Sale,104.78375,13303.5,0.0,35160.56,-1589.44
5035302,305000.0,2.75,360,Refinancing,2021-08-28,103.19,103.72125,Storgan Manley,15250.000000000013,Whole Loan Sale,103.72125,5520.5,0.0,11349.81,-3900.19
5035362,145000.0,2.625,180,Refinancing,2021-08-17,99.88,100.28625,PJ Logan,7250.000000000006,Whole Loan Sale,100.28625,7424.000000000019,0.0,415.06,-6834.94
5035375,665000.0,2.99,360,Refinancing,2021-08-24,103.19,104.22125,Storgan Manley,33250.00000000003,Whole Loan Sale,104.22125,12036.500000000004,0.0,28071.31,-5178.69
5035384,195000.0,2.625,360,Refinancing,2021-08-25,99.88,100.91125,Storgan Manley,9750.00000000001,Whole Loan Sale,100.91125,9984.000000000027,0.0,1776.94,-7973.06
5035446,175000.0,2.99,240,Cash-out refinance,2021-08-26,103.19,105.28375,PJ Logan,8750.000000000007,Whole Loan Sale,105.28375,3167.5,0.0,9246.56,496.56
5035464,325000.0,2.375,144,Refinancing,2021-08-26,99.88,100.91125,Storgan Manley,16250.000000000015,Whole Loan Sale,100.91125,16640.000000000044,0.0,2961.56,-13288.44
5035755,275000.0,2.75,360,Refinancing,2021-08-27,103.19,104.78375,Golden Sachs,13750.000000000013,Whole Loan Sale,104.78375,4977.500000000002,0.0,13155.31,-594.69
5035772,305000.0,3.25,360,Cash-out refinance,2021-08-27,104.61,105.07875,PJ Logan,15250.000000000013,Whole Loan Sale,105.07875,1189.5000000000036,0.0,15490.19,240.19
5035858,165000.0,3.25,360,Cash-out refinance,2021-08-31,104.61,106.32875,PJ Logan,8250.000000000007,Whole Loan Sale,106.32875,643.5000000000027,0.0,10442.44,2192.44
5035938,205000.0,2.25,180,Cash-out refinance,2021-09-01,99.88,100.38,PJ Logan,10250.00000000001,Whole Loan Sale,100.38,10496.000000000027,0.0,779.0,-9471.0
5035994,245000.0,2.99,360,Cash-out refinance,2021-09-01,104.17,104.57625,Storgan Manley,12250.000000000011,Whole Loan Sale,104.57625,2033.4999999999945,0.0,11211.81,-1038.19
5036061,155000.0,3.5,240,Cash-out refinance,2021-09-01,105.0,105.53125,Storgan Manley,7750.000000000007,Whole Loan Sale,105.53125,0.0,0.0,8573.44,823.44
5036081,115000.0,2.5,180,Refinancing,2021-09-01,99.88,100.41125,Storgan Manley,5750.0000000000055,Whole Loan Sale,100.41125,5888.0000000000155,0.0,472.94,-5277.06
5036121,615000.0,2.625,360,Cash-out refinance,2021-09-01,99.88,100.005,Golden Sachs,30750.00000000003,Whole Loan Sale,100.005,31488.000000000084,0.0,30.75,-30719.25
5036241,395000.0,2.75,360,Home purchase,2021-09-03,104.17,104.51375,Storgan Manley,19750.00000000002,Whole Loan Sale,104.51375,3278.499999999989,0.0,17829.31,-1920.69
5036301,695000.0,2.875,240,Cash-out refinance,2021-09-03,103.19,104.09625,Golden Sachs,34750.00000000003,Whole Loan Sale,104.09625,12579.5,0.0,28468.94,-6281.06
5036310,485000.0,2.875,360,Home purchase,2021-09-04,103.19,103.3775,Golden Sachs,24250.000000000022,Whole Loan Sale,103.3775,8778.500000000002,0.0,16380.87,-7869.13
5036320,205000.0,3.75,360,Cash-out refinance,2021-09-04,105.77,105.61375,Storgan Manley,10250.00000000001,Securitization (UMBS),105.77,-1578.4999999999636,0.0,11828.5,1578.5
5036323,235000.0,3.5,360,Cash-out refinance,2021-09-04,104.61,105.51625,Golden Sachs,11750.000000000011,Whole Loan Sale,105.51625,916.5000000000036,0.0,12963.19,1213.19
5036490,275000.0,2.875,360,Cash-out refinance,2021-09-06,104.17,103.57625,Golden Sachs,13750.000000000013,Securitization (UMBS),104.17,2282.4999999999927,0.0,11467.5,-2282.5
5036532,75000.0,3.5,240,Refinancing,2021-09-06,104.61,104.36,Golden Sachs,3750.000000000003,Securitization (UMBS),104.61,292.5000000000009,0.0,3457.5,-292.5
5036537,175000.0,3.375,360,Home purchase,2021-09-07,105.0,104.75,Golden Sachs,8750.000000000007,Securitization (UMBS),105.0,0.0,0.0,8750.0,-0.0
5036545,525000.0,2.875,360,Home purchase,2021-09-07,103.19,102.94,Golden Sachs,26250.000000000022,Securitization (UMBS),103.19,9502.5,0.0,16747.5,-9502.5
5036606,155000.0,3.25,360,Cash-out refinance,2021-09-07,104.61,104.01625,Golden Sachs,7750.000000000007,Securitization (UMBS),104.61,604.5000000000027,0.0,7145.5,-604.5
5036633,335000.0,2.125,240,Cash-out refinance,2021-09-08,97.45,98.35625,Golden Sachs,16750.000000000015,Whole Loan Sale,98.35625,25292.500000000004,0.0,-5506.56,-22256.56
5036662,265000.0,3.375,360,Cash-out refinance,2021-09-09,104.61,104.36,Golden Sachs,13250.000000000011,Securitization (UMBS),104.61,1033.5000000000036,0.0,12216.5,-1033.5
5036684,255000.0,2.625,180,Cash-out refinance,2021-09-14,99.88,99.72375,Storgan Manley,12750.000000000011,Securitization (UMBS),99.88,13056.000000000035,0.0,-306.0,-13056.0
5036739,275000.0,2.99,360,Cash-out refinance,2021-09-15,103.19,103.59625,Golden Sachs,13750.000000000013,Whole Loan Sale,103.59625,4977.500000000002,0.0,9889.69,-3860.31
5036880,105000.0,2.875,240,Refinancing,2021-09-15,103.19,103.59625,Golden Sachs,5250.000000000005,Whole Loan Sale,103.59625,1900.5000000000005,0.0,3776.06,-1473.94
5037000,165000.0,2.99,360,Cash-out refinance,2021-09-15,103.19,102.44,Golden Sachs,8250.000000000007,Securitization (UMBS),103.19,2986.500000000001,0.0,5263.5,-2986.5
5037009,625000.0,2.99,360,Cash-out refinance,2021-09-15,104.17,104.01375,Storgan Manley,31250.00000000003,Securitization (UMBS),104.17,5187.499999999985,0.0,26062.5,-5187.5
5037018,195000.0,3.25,360,Cash-out refinance,2021-09-16,105.0,105.40625,Golden Sachs,9750.00000000001,Whole Loan Sale,105.40625,0.0,0.0,10542.19,792.19
5037078,185000.0,2.75,360,Refinancing,2021-09-16,103.19,102.19,Golden Sachs,9250.00000000001,Securitization (UMBS),103.19,3348.500000000002,0.0,5901.5,-3348.5
5037097,255000.0,2.75,360,Cash-out refinance,2021-09-16,103.19,102.6275,Golden Sachs,12750.000000000011,Securitization (UMBS),103.19,4615.500000000001,0.0,8134.5,-4615.5
5037171,215000.0,2.875,360,Cash-out refinance,2021-09-16,103.19,102.2525,Golden Sachs,10750.00000000001,Securitization (UMBS),103.19,3891.500000000001,0.0,6858.5,-3891.5
5037288,175000.0,2.5,360,Other,2021-09-17,99.88,99.41125,Storgan Manley,8750.000000000007,Securitization (UMBS),99.88,8960.000000000024,0.0,-210.0,-8960.0
5037374,155000.0,2.875,180,Refinancing,2021-09-11,103.19,102.34625,Storgan Manley,7750.000000000007,Securitization (UMBS),103.19,2805.500000000001,0.0,4944.5,-2805.5
5037434,305000.0,2.625,360,Home purchase,2021-08-23,99.88,100.005,Bank of Americans,15250.000000000013,Whole Loan Sale,100.005,15616.00000000004,0.0,15.25,-15234.75
5037532,375000.0,2.125,180,Cash-out refinance,2021-08-24,97.45,97.2,Bank of Americans,18750.00000000002,Securitization (UMBS),97.45,28312.500000000007,0.0,-9562.5,-28312.5
5037540,505000.0,2.69,360,Refinancing,2021-08-24,99.88,100.13,Bank of Americans,25250.000000000022,Whole Loan Sale,100.13,25856.000000000065,0.0,656.5,-24593.5
5037590,325000.0,2.99,360,Refinancing,2021-08-26,103.19,102.94,Bank of Americans,16250.000000000015,Securitization (UMBS),103.19,5882.500000000002,0.0,10367.5,-5882.5
5024023,415000.0,2.75,360,Cash-out refinance,2021-08-26,103.19,102.34625,Storgan Manley,20750.00000000002,Securitization (UMBS),103.19,7511.500000000002,0.0,13238.5,-7511.5
5024073,245000.0,2.99,360,Refinancing,2021-08-27,103.19,102.34625,Storgan Manley,12250.000000000011,Securitization (UMBS),103.19,4434.500000000001,0.0,7815.5,-4434.5
5024274,115000.0,2.99,360,Refinancing,2021-08-27,103.19,102.94,Bank of Americans,5750.0000000000055,Securitization (UMBS),103.19,2081.500000000001,0.0,3668.5,-2081.5
5024527,545000.0,2.25,120,Cash-out refinance,2021-08-28,99.88,99.38,Golden Sachs,27250.000000000025,Securitization (UMBS),99.88,27904.000000000073,0.0,-654.0,-27904.0
5024543,185000.0,3.375,360,Home purchase,2021-08-30,104.61,103.6725,Golden Sachs,9250.00000000001,Securitization (UMBS),104.61,721.5000000000036,0.0,8528.5,-721.5
5024578,125000.0,3.25,360,Home purchase,2021-09-01,104.61,102.6725,Golden Sachs,6250.0000000000055,Securitization (UMBS),104.61,487.5000000000018,0.0,5762.5,-487.5
5024587,145000.0,2.5,180,Refinancing,2021-09-01,99.88,99.03625,Storgan Manley,7250.000000000006,Securitization (UMBS),99.88,7424.000000000019,0.0,-174.0,-7424.0
5024782,105000.0,3.25,360,Cash-out refinance,2021-09-02,104.61,104.26625,Storgan Manley,5250.000000000005,Securitization (UMBS),104.61,409.5000000000018,0.0,4840.5,-409.5
5024828,255000.0,3.375,360,Cash-out refinance,2021-09-02,104.61,104.86,Bank of Americans,12750.000000000011,Whole Loan Sale,104.86,994.5000000000036,0.0,12393.0,-357.0
5024863,185000.0,2.875,360,Refinancing,2021-09-02,104.17,103.67,Golden Sachs,9250.00000000001,Securitization (UMBS),104.17,1535.4999999999964,0.0,7714.5,-1535.5
5025010,305000.0,2.875,240,Cash-out refinance,2021-09-03,103.19,102.34625,Storgan Manley,15250.000000000013,Securitization (UMBS),103.19,5520.5,0.0,9729.5,-5520.5
5025086,305000.0,2.375,180,Refinancing,2021-09-03,99.88,100.005,Bank of Americans,15250.000000000013,Whole Loan Sale,100.005,15616.00000000004,0.0,15.25,-15234.75
5025133,205000.0,2.875,360,Refinancing,2021-09-03,103.19,103.44,Bank of Americans,10250.00000000001,Whole Loan Sale,103.44,3710.500000000001,0.0,7052.0,-3198.0
5025173,275000.0,2.875,180,Home purchase,2021-09-04,103.19,102.7525,Golden Sachs,13750.000000000013,Securitization (UMBS),103.19,4977.500000000002,0.0,8772.5,-4977.5
5025193,145000.0,2.99,360,Cash-out refinance,2021-09-04,103.19,102.2525,Golden Sachs,7250.000000000006,Securitization (UMBS),103.19,2624.500000000001,0.0,4625.5,-2624.5
5025258,115000.0,2.875,180,Cash-out refinance,2021-09-04,103.19,102.34625,Storgan Manley,5750.0000000000055,Securitization (UMBS),103.19,2081.500000000001,0.0,3668.5,-2081.5
5025277,305000.0,2.75,360,Home purchase,2021-09-06,103.19,102.1275,Golden Sachs,15250.000000000013,Securitization (UMBS),103.19,5520.5,0.0,9729.5,-5520.5
5025383,205000.0,2.99,360,Home purchase,2021-09-06,103.19,102.815,Bank of Americans,10250.00000000001,Securitization (UMBS),103.19,3710.500000000001,0.0,6539.5,-3710.5
5025447,165000.0,2.75,180,Refinancing,2021-09-07,103.19,102.815,Bank of Americans,8250.000000000007,Securitization (UMBS),103.19,2986.500000000001,0.0,5263.5,-2986.5
5025521,155000.0,2.875,360,Home improvement,2021-09-08,103.19,102.815,Bank of Americans,7750.000000000007,Securitization (UMBS),103.19,2805.500000000001,0.0,4944.5,-2805.5
5025544,285000.0,3.125,360,Refinancing,2021-09-08,103.19,102.815,Bank of Americans,14250.000000000013,Securitization (UMBS),103.19,5158.500000000002,0.0,9091.5,-5158.5
5025580,325000.0,2.99,360,Cash-out refinance,2021-09-08,103.19,102.22125,Storgan Manley,16250.000000000015,Securitization (UMBS),103.19,5882.500000000002,0.0,10367.5,-5882.5
5025614,275000.0,2.875,360,Cash-out refinance,2021-09-08,103.19,102.815,Bank of Americans,13750.000000000013,Securitization (UMBS),103.19,4977.500000000002,0.0,8772.5,-4977.5
5025683,165000.0,3.375,360,Cash-out refinance,2021-09-09,104.61,103.5475,Golden Sachs,8250.000000000007,Securitization (UMBS),104.61,643.5000000000027,0.0,7606.5,-643.5
5025768,195000.0,2.99,360,Cash-out refinance,2021-09-10,103.19,102.6275,Golden Sachs,9750.00000000001,Securitization (UMBS),103.19,3529.500000000002,0.0,6220.5,-3529.5
5025774,155000.0,2.5,180,Cash-out refinance,2021-09-10,99.88,97.8175,Golden Sachs,7750.000000000007,Securitization (UMBS),99.88,7936.000000000021,0.0,-186.0,-7936.0
5025807,195000.0,2.75,180,Cash-out refinance,2021-09-11,103.19,102.22125,Storgan Manley,9750.00000000001,Securitization (UMBS),103.19,3529.500000000002,0.0,6220.5,-3529.5
5025851,325000.0,3.25,360,Home purchase,2021-09-11,104.61,104.235,Bank of Americans,16250.000000000015,Securitization (UMBS),104.61,1267.5000000000055,0.0,14982.5,-1267.5
5025900,95000.0,3.25,288,Cash-out refinance,2021-09-11,104.61,103.235,Bank of Americans,4750.000000000005,Securitization (UMBS),104.61,370.5000000000018,0.0,4379.5,-370.5
5025935,375000.0,3.25,360,Cash-out refinance,2021-09-13,104.61,103.985,Golden Sachs,18750.00000000002,Securitization (UMBS),104.61,1462.5000000000073,0.0,17287.5,-1462.5
5025978,245000.0,2.75,360,Cash-out refinance,2021-09-14,103.19,102.1275,Golden Sachs,12250.000000000011,Securitization (UMBS),103.19,4434.500000000001,0.0,7815.5,-4434.5
5026064,215000.0,2.25,180,Cash-out refinance,2021-09-14,99.88,98.41125,Golden Sachs,10750.00000000001,Securitization (UMBS),99.88,11008.00000000003,0.0,-258.0,-11008.0
5026154,455000.0,2.75,360,Home purchase,2021-09-14,103.19,102.1275,Golden Sachs,22750.000000000022,Securitization (UMBS),103.19,8235.500000000004,0.0,14514.5,-8235.5
5026160,205000.0,2.375,180,Refinancing,2021-09-15,99.88,97.8175,Golden Sachs,10250.00000000001,Securitization (UMBS),99.88,10496.000000000027,0.0,-246.0,-10496.0
5026184,245000.0,2.99,360,Refinancing,2021-09-15,103.19,102.1275,Golden Sachs,12250.000000000011,Securitization (UMBS),103.19,4434.500000000001,0.0,7815.5,-4434.5
5026255,185000.0,2.875,360,Cash-out refinance,2021-09-16,103.19,102.5025,Golden Sachs,9250.00000000001,Securitization (UMBS),103.19,3348.500000000002,0.0,5901.5,-3348.5
5026261,125000.0,2.875,240,Refinancing,2021-09-16,103.19,102.5025,Golden Sachs,6250.0000000000055,Securitization (UMBS),103.19,2262.5000000000005,0.0,3987.5,-2262.5
5026270,165000.0,3.25,360,Refinancing,2021-09-16,104.61,104.51625,Golden Sachs,8250.000000000007,Securitization (UMBS),104.61,643.5000000000027,0.0,7606.5,-643.5
5026299,295000.0,3.25,360,Refinancing,2021-09-17,104.61,103.485,Golden Sachs,14750.000000000013,Securitization (UMBS),104.61,1150.5000000000036,0.0,13599.5,-1150.5
5026324,145000.0,2.5,180,Cash-out refinance,2021-09-17,103.03,101.905,Golden Sachs,7250.000000000006,Securitization (UMBS),103.03,2856.5000000000073,0.0,4393.5,-2856.5
5026325,185000.0,2.99,360,Cash-out refinance,2021-08-21,103.19,102.6275,Golden Sachs,9250.00000000001,Securitization (UMBS),103.19,3348.500000000002,0.0,5901.5,-3348.5
5026389,535000.0,2.625,360,Home purchase,2021-08-24,103.03,101.56125,Golden Sachs,26750.000000000025,Securitization (UMBS),103.03,10539.50000000003,0.0,16210.5,-10539.5
5026439,175000.0,2.99,360,Refinancing,2021-08-27,103.19,103.22125,Golden Sachs,8750.000000000007,Whole Loan Sale,103.22125,3167.5,0.0,5637.19,-3112.81
5026516,545000.0,2.75,180,Cash-out refinance,2021-08-30,103.19,102.72125,Golden Sachs,27250.000000000025,Securitization (UMBS),103.19,9864.500000000004,0.0,17385.5,-9864.5
5026530,105000.0,3.25,360,Cash-out refinance,2021-08-31,104.61,105.64125,Storgan Manley,5250.000000000005,Whole Loan Sale,105.64125,409.5000000000018,0.0,5923.31,673.31
5026648,335000.0,2.875,360,Refinancing,2021-09-01,103.19,102.22125,Storgan Manley,16750.000000000015,Securitization (UMBS),103.19,6063.500000000002,0.0,10686.5,-6063.5
5026663,155000.0,3.375,360,Cash-out refinance,2021-09-01,105.0,104.625,Bank of Americans,7750.000000000007,Securitization (UMBS),105.0,0.0,0.0,7750.0,-0.0
5026668,165000.0,2.875,360,Cash-out refinance,2021-09-01,103.19,104.315,PJ Logan,8250.000000000007,Whole Loan Sale,104.315,2986.500000000001,0.0,7119.75,-1130.25
5026781,125000.0,3.25,360,Cash-out refinance,2021-09-01,104.61,103.61,Golden Sachs,6250.0000000000055,Securitization (UMBS),104.61,487.5000000000018,0.0,5762.5,-487.5
5026936,255000.0,2.125,120,Refinancing,2021-09-01,97.45,96.325,Golden Sachs,12750.000000000011,Securitization (UMBS),97.45,19252.500000000004,0.0,-6502.5,-19252.5
5026980,325000.0,3.25,324,Refinancing,2021-09-02,104.61,105.64125,Bank of Americans,16250.000000000015,Whole Loan Sale,105.64125,1267.5000000000055,0.0,18334.06,2084.06
5027028,235000.0,2.75,180,Cash-out refinance,2021-09-02,103.19,102.1275,Golden Sachs,11750.000000000011,Securitization (UMBS),103.19,4253.500000000002,0.0,7496.5,-4253.5
5027041,725000.0,2.99,360,Refinancing,2021-09-03,103.19,103.59625,PJ Logan,36250.00000000003,Whole Loan Sale,103.59625,13122.5,0.0,26072.81,-10177.19
5027078,185000.0,2.875,240,Cash-out refinance,2021-09-03,104.17,104.70125,Storgan Manley,9250.00000000001,Whole Loan Sale,104.70125,1535.4999999999964,0.0,8697.31,-552.69
5027122,255000.0,3.25,360,Home purchase,2021-09-04,104.61,104.95375,Storgan Manley,12750.000000000011,Whole Loan Sale,104.95375,994.5000000000036,0.0,12632.06,-117.94
5027256,175000.0,2.875,360,Refinancing,2021-09-06,103.19,0.0,Golden Sachs,8750.000000000007,Securitization (UMBS),103.19,3167.5,0.0,5582.5,-3167.5
5027415,215000.0,2.99,360,Cash-out refinance,2021-09-06,103.19,102.84625,Storgan Manley,10750.00000000001,Securitization (UMBS),103.19,3891.500000000001,0.0,6858.5,-3891.5
5027497,235000.0,2.75,300,Refinancing,2021-09-06,103.19,0.0,Golden Sachs,11750.000000000011,Securitization (UMBS),103.19,4253.500000000002,0.0,7496.5,-4253.5
5027500,305000.0,3.375,360,Cash-out refinance,2021-09-06,104.61,103.76625,Storgan Manley,15250.000000000013,Securitization (UMBS),104.61,1189.5000000000036,0.0,14060.5,-1189.5
5027565,325000.0,2.875,360,Cash-out refinance,2021-09-07,103.19,102.1275,Golden Sachs,16250.000000000015,Securitization (UMBS),103.19,5882.500000000002,0.0,10367.5,-5882.5
5027618,185000.0,2.25,180,Refinancing,2021-09-07,103.03,101.905,Golden Sachs,9250.00000000001,Securitization (UMBS),103.03,3644.50000000001,0.0,5605.5,-3644.5
5027741,235000.0,2.99,360,Cash-out refinance,2021-09-08,103.19,102.565,Golden Sachs,11750.000000000011,Securitization (UMBS),103.19,4253.500000000002,0.0,7496.5,-4253.5
5027814,155000.0,3.875,360,Home improvement,2021-09-08,105.77,104.7075,Golden Sachs,7750.000000000007,Securitization (UMBS),105.77,-1193.499999999971,0.0,8943.5,1193.5
5027851,335000.0,3.375,240,Cash-out refinance,2021-09-09,104.61,104.1725,Golden Sachs,16750.000000000015,Securitization (UMBS),104.61,1306.5000000000055,0.0,15443.5,-1306.5
5027955,145000.0,2.625,180,Refinancing,2021-09-10,99.88,100.41125,Storgan Manley,7250.000000000006,Whole Loan Sale,100.41125,7424.000000000019,0.0,596.31,-6653.69
5028001,215000.0,2.99,360,Home purchase,2021-09-10,103.19,104.78375,Golden Sachs,10750.00000000001,Whole Loan Sale,104.78375,3891.500000000001,0.0,10285.06,-464.94
5028181,245000.0,2.99,360,Refinancing,2021-09-10,104.17,0.0,Golden Sachs,12250.000000000011,Securitization (UMBS),104.17,2033.4999999999945,0.0,10216.5,-2033.5
5028187,285000.0,2.75,360,Home purchase,2021-09-11,103.19,102.94,Golden Sachs,14250.000000000013,Securitization (UMBS),103.19,5158.500000000002,0.0,9091.5,-5158.5
5028252,395000.0,2.99,360,Home purchase,2021-09-11,103.19,103.53375,Storgan Manley,19750.00000000002,Whole Loan Sale,103.53375,7149.500000000002,0.0,13958.31,-5791.69
5028286,215000.0,3.25,360,Cash-out refinance,2021-09-13,104.61,105.485,Golden Sachs,10750.00000000001,Whole Loan Sale,105.485,838.5000000000018,0.0,11792.75,1042.75
5028311,285000.0,2.69,360,Refinancing,2021-09-13,99.88,101.47375,Golden Sachs,14250.000000000013,Whole Loan Sale,101.47375,14592.000000000038,0.0,4200.19,-10049.81
5028352,465000.0,2.875,360,Home purchase,2021-09-14,103.19,102.94,Golden Sachs,23250.000000000022,Securitization (UMBS),103.19,8416.500000000004,0.0,14833.5,-8416.5
5028424,545000.0,2.69,360,Refinancing,2021-09-14,99.88,99.255,Golden Sachs,27250.000000000025,Securitization (UMBS),99.88,27904.000000000073,0.0,-654.0,-27904.0
5028529,175000.0,2.375,180,Refinancing,2021-09-14,99.88,100.34875,PJ Logan,8750.000000000007,Whole Loan Sale,100.34875,8960.000000000024,0.0,610.31,-8139.69
5028555,145000.0,2.125,180,Refinancing,2021-09-15,97.45,97.2,Golden Sachs,7250.000000000006,Securitization (UMBS),97.45,10947.500000000002,0.0,-3697.5,-10947.5
5028625,265000.0,2.5,360,Refinancing,2021-09-15,103.03,102.655,Bank of Americans,13250.000000000011,Securitization (UMBS),103.03,5220.500000000013,0.0,8029.5,-5220.5
5028632,65000.0,3.25,240,Refinancing,2021-09-15,104.61,105.64125,Storgan Manley,3250.0000000000027,Whole Loan Sale,105.64125,253.5000000000009,0.0,3666.81,416.81
5028679,225000.0,3.375,360,Cash-out refinance,2021-09-16,104.61,104.86,Bank of Americans,11250.00000000001,Whole Loan Sale,104.86,877.5000000000018,0.0,10935.0,-315.0
5028733,65000.0,2.75,180,Refinancing,2021-09-16,104.17,103.2325,Golden Sachs,3250.0000000000027,Securitization (UMBS),104.17,539.4999999999982,0.0,2710.5,-539.5
5028741,245000.0,2.125,120,Refinancing,2021-09-16,97.45,96.825,Golden Sachs,12250.000000000011,Securitization (UMBS),97.45,18497.500000000004,0.0,-6247.5,-18497.5
5028743,235000.0,3.375,360,Cash-out refinance,2021-09-16,105.0,104.65625,Storgan Manley,11750.000000000011,Securitization (UMBS),105.0,0.0,0.0,11750.0,-0.0
5028752,475000.0,2.875,240,Refinancing,2021-09-17,103.19,103.315,Golden Sachs,23750.000000000022,Whole Loan Sale,103.315,8597.500000000004,0.0,15746.25,-8003.75
5028847,305000.0,3.375,360,Refinancing,2021-09-17,105.0,106.125,PJ Logan,15250.000000000013,Whole Loan Sale,106.125,0.0,0.0,18681.25,3431.25
5028892,185000.0,3.375,360,Cash-out refinance,2021-09-17,105.0,104.625,Bank of Americans,9250.00000000001,Securitization (UMBS),105.0,0.0,0.0,9250.0,-0.0
5028917,225000.0,2.99,360,Cash-out refinance,2021-09-17,103.19,103.59625,Golden Sachs,11250.00000000001,Whole Loan Sale,103.59625,4072.5,0.0,8091.56,-3158.44
5029008,305000.0,3.25,360,Cash-out refinance,2021-09-08,104.61,104.36,Bank of Americans,15250.000000000013,Securitization (UMBS),104.61,1189.5000000000036,0.0,14060.5,-1189.5
5029037,545000.0,2.5,360,Cash-out refinance,2021-09-14,103.03,103.43625,PJ Logan,27250.000000000025,Whole Loan Sale,103.43625,10736.50000000003,0.0,18727.56,-8522.44
5029136,135000.0,3.99,360,Home purchase,2021-08-10,106.41,108.00375,Golden Sachs,6750.000000000006,Whole Loan Sale,108.00375,-1903.499999999999,0.0,10805.06,4055.06
5029190,125000.0,2.99,360,Home purchase,2021-08-10,103.19,103.72125,Storgan Manley,6250.0000000000055,Whole Loan Sale,103.72125,2262.5000000000005,0.0,4651.56,-1598.44
5029205,385000.0,2.99,360,Refinancing,2021-08-20,103.19,103.315,Bank of Americans,19250.00000000002,Whole Loan Sale,103.315,6968.500000000004,0.0,12762.75,-6487.25
5029259,615000.0,2.94,360,Refinancing,2021-08-24,103.19,104.78375,Golden Sachs,30750.00000000003,Whole Loan Sale,104.78375,11131.500000000004,0.0,29420.06,-1329.94
5029420,245000.0,2.375,180,Refinancing,2021-08-25,103.03,104.62375,Golden Sachs,12250.000000000011,Whole Loan Sale,104.62375,4826.500000000013,0.0,11328.19,-921.81
5029472,505000.0,2.875,360,Cash-out refinance,2021-08-25,103.19,104.065,Golden Sachs,25250.000000000022,Whole Loan Sale,104.065,9140.500000000002,0.0,20528.25,-4721.75
5029696,305000.0,2.375,180,Cash-out refinance,2021-08-25,99.88,100.78625,Golden Sachs,15250.000000000013,Whole Loan Sale,100.78625,15616.00000000004,0.0,2398.06,-12851.94
5029697,485000.0,2.69,360,Home purchase,2021-08-25,99.88,99.13,Golden Sachs,24250.000000000022,Securitization (UMBS),99.88,24832.000000000065,0.0,-582.0,-24832.0
5029701,95000.0,2.625,120,Cash-out refinance,2021-08-27,99.88,100.41125,Storgan Manley,4750.000000000005,Whole Loan Sale,100.41125,4864.000000000013,0.0,390.69,-4359.31
5029879,425000.0,1.99,360,Home purchase,2021-08-28,100.93,101.18,Bank of Americans,21250.00000000002,Whole Loan Sale,101.18,17297.49999999998,0.0,5015.0,-16235.0
5029882,185000.0,2.625,180,Refinancing,2021-09-01,99.88,100.005,Bank of Americans,9250.00000000001,Whole Loan Sale,100.005,9472.000000000025,0.0,9.25,-9240.75
5029894,235000.0,2.75,360,Refinancing,2021-09-01,103.19,104.315,PJ Logan,11750.000000000011,Whole Loan Sale,104.315,4253.500000000002,0.0,10140.25,-1609.75
5030178,375000.0,2.99,360,Refinancing,2021-09-01,104.17,105.045,Golden Sachs,18750.00000000002,Whole Loan Sale,105.045,3112.499999999991,0.0,18918.75,168.75
5030200,225000.0,2.75,360,Refinancing,2021-09-02,103.19,102.94,Bank of Americans,11250.00000000001,Securitization (UMBS),103.19,4072.5,0.0,7177.5,-4072.5
5030234,235000.0,2.625,120,Refinancing,2021-09-03,99.88,100.28625,Golden Sachs,11750.000000000011,Whole Loan Sale,100.28625,12032.000000000033,0.0,672.69,-11077.31
5030242,175000.0,2.99,360,Home purchase,2021-09-03,103.19,104.065,Golden Sachs,8750.000000000007,Whole Loan Sale,104.065,3167.5,0.0,7113.75,-1636.25
5030263,175000.0,3.25,360,Refinancing,2021-09-03,104.61,0.0,Golden Sachs,8750.000000000007,Securitization (UMBS),104.61,682.5000000000018,0.0,8067.5,-682.5
5030326,235000.0,3.375,360,Cash-out refinance,2021-09-06,104.61,104.01625,Storgan Manley,11750.000000000011,Securitization (UMBS),104.61,916.5000000000036,0.0,10833.5,-916.5
5030373,95000.0,2.875,360,Refinancing,2021-09-06,103.19,103.315,Bank of Americans,4750.000000000005,Whole Loan Sale,103.315,1719.500000000001,0.0,3149.25,-1600.75
5030506,825000.0,2.94,360,Home purchase,2021-09-07,103.19,103.72125,Storgan Manley,41250.00000000004,Whole Loan Sale,103.72125,14932.500000000004,0.0,30700.31,-10549.69
5030532,345000.0,2.69,360,Refinancing,2021-09-07,103.03,102.06125,Storgan Manley,17250.000000000015,Securitization (UMBS),103.03,6796.500000000016,0.0,10453.5,-6796.5
5030542,515000.0,2.875,360,Home purchase,2021-09-07,103.19,103.65875,PJ Logan,25750.000000000022,Whole Loan Sale,103.65875,9321.5,0.0,18842.56,-6907.44
5030584,415000.0,2.99,360,Refinancing,2021-09-07,103.19,102.34625,Storgan Manley,20750.00000000002,Securitization (UMBS),103.19,7511.500000000002,0.0,13238.5,-7511.5
5030599,105000.0,2.25,144,Refinancing,2021-09-08,99.88,100.28625,Golden Sachs,5250.000000000005,Whole Loan Sale,100.28625,5376.000000000014,0.0,300.56,-4949.44
5030722,215000.0,3.375,360,Cash-out refinance,2021-09-08,105.0,104.75,Bank of Americans,10750.00000000001,Securitization (UMBS),105.0,0.0,0.0,10750.0,-0.0
5030748,235000.0,2.75,360,Cash-out refinance,2021-09-08,103.19,102.6275,Golden Sachs,11750.000000000011,Securitization (UMBS),103.19,4253.500000000002,0.0,7496.5,-4253.5
5030762,365000.0,2.75,360,Refinancing,2021-09-09,104.17,105.1075,Golden Sachs,18250.000000000015,Whole Loan Sale,105.1075,3029.499999999989,0.0,18642.38,392.37
5030800,225000.0,2.75,180,Cash-out refinance,2021-09-11,103.19,103.44,Bank of Americans,11250.00000000001,Whole Loan Sale,103.44,4072.5,0.0,7740.0,-3510.0
5030892,205000.0,2.5,240,Refinancing,2021-09-11,99.88,99.53625,Storgan Manley,10250.00000000001,Securitization (UMBS),99.88,10496.000000000027,0.0,-246.0,-10496.0
5031029,175000.0,2.875,240,Refinancing,2021-09-13,103.19,102.34625,Storgan Manley,8750.000000000007,Securitization (UMBS),103.19,3167.5,0.0,5582.5,-3167.5
5031062,1325000.0,2.99,360,Refinancing,2021-09-13,104.17,104.42,Bank of Americans,66250.00000000006,Whole Loan Sale,104.42,10997.499999999964,0.0,58565.0,-7685.0
5031082,595000.0,2.875,360,Home purchase,2021-09-13,103.19,104.315,PJ Logan,29750.000000000025,Whole Loan Sale,104.315,10769.500000000004,1636.72,25674.25,-4075.75
5031122,105000.0,3.375,180,Cash-out refinance,2021-09-14,104.61,105.64125,Storgan Manley,5250.000000000005,Whole Loan Sale,105.64125,409.5000000000018,0.0,5923.31,673.31
5031206,165000.0,3.25,360,Refinancing,2021-09-15,105.0,105.53125,Storgan Manley,8250.000000000007,Whole Loan Sale,105.53125,0.0,0.0,9126.56,876.56
5031391,565000.0,3.25,360,Refinancing,2021-09-15,104.61,105.70375,Golden Sachs,28250.000000000025,Whole Loan Sale,105.70375,2203.5000000000073,0.0,32226.19,3976.19
5031397,505000.0,3.25,360,Cash-out refinance,2021-09-16,105.0,106.59375,Golden Sachs,25250.000000000022,Whole Loan Sale,106.59375,0.0,0.0,33298.44,8048.44
5031468,415000.0,2.625,360,Home purchase,2021-09-16,99.88,100.755,Golden Sachs,20750.00000000002,Whole Loan Sale,100.755,21248.000000000055,0.0,3133.25,-17616.75
5031520,205000.0,3.14,360,Refinancing,2021-09-16,104.17,103.82625,Storgan Manley,10250.00000000001,Securitization (UMBS),104.17,1701.4999999999945,0.0,8548.5,-1701.5
5031545,235000.0,1.99,180,Refinancing,2021-09-17,97.45,96.5125,Golden Sachs,11750.000000000011,Securitization (UMBS),97.45,17742.500000000004,0.0,-5992.5,-17742.5
5031663,455000.0,2.25,180,Cash-out refinance,2021-09-17,99.88,99.4425,Golden Sachs,22750.000000000022,Securitization (UMBS),99.88,23296.000000000062,0.0,-546.0,-23296.0
5031694,465000.0,2.99,360,Cash-out refinance,2021-09-17,103.19,102.19,Golden Sachs,23250.000000000022,Securitization (UMBS),103.19,8416.500000000004,0.0,14833.5,-8416.5
5031699,175000.0,2.5,180,Refinancing,2021-09-17,103.03,102.4675,Golden Sachs,8750.000000000007,Securitization (UMBS),103.03,3447.500000000008,0.0,5302.5,-3447.5
5031777,245000.0,3.125,180,Refinancing,2021-09-10,103.19,103.94,Bank of Americans,12250.000000000011,Whole Loan Sale,103.94,4434.500000000001,0.0,9653.0,-2597.0
5031840,175000.0,2.75,144,Cash-out refinance,2021-09-15,103.19,104.1275,Golden Sachs,8750.000000000007,Whole Loan Sale,104.1275,3167.5,0.0,7223.12,-1526.88
5031867,565000.0,2.875,360,Refinancing,2021-09-01,103.19,103.65875,PJ Logan,28250.000000000025,Whole Loan Sale,103.65875,10226.500000000004,0.0,20671.94,-7578.06
5031883,95000.0,2.5,180,Cash-out refinance,2021-08-24,99.88,98.88,Golden Sachs,4750.000000000005,Securitization (UMBS),99.88,4864.000000000013,0.0,-114.0,-4864.0
5031903,105000.0,2.375,180,Home purchase,2021-08-24,99.88,100.91125,Storgan Manley,5250.000000000005,Whole Loan Sale,100.91125,5376.000000000014,0.0,956.81,-4293.19
5032055,125000.0,2.99,360,Home purchase,2021-08-25,103.19,104.09625,Golden Sachs,6250.0000000000055,Whole Loan Sale,104.09625,2262.5000000000005,0.0,5120.31,-1129.69
5032163,435000.0,2.5,240,Refinancing,2021-08-25,99.88,100.13,Bank of Americans,21750.00000000002,Whole Loan Sale,100.13,22272.00000000006,0.0,565.5,-21184.5
5032322,275000.0,2.75,360,Home purchase,2021-08-27,104.17,103.7325,Golden Sachs,13750.000000000013,Securitization (UMBS),104.17,2282.4999999999927,0.0,11467.5,-2282.5
5032381,305000.0,2.875,360,Cash-out refinance,2021-08-27,103.19,103.34625,Golden Sachs,15250.000000000013,Whole Loan Sale,103.34625,5520.5,0.0,10206.06,-5043.94
5032394,115000.0,3.375,360,Refinancing,2021-08-28,104.61,104.95375,Storgan Manley,5750.0000000000055,Whole Loan Sale,104.95375,448.5000000000018,0.0,5696.81,-53.19
5032460,595000.0,3.19,360,Cash-out refinance,2021-08-31,103.19,102.6275,Golden Sachs,29750.000000000025,Securitization (UMBS),103.19,10769.500000000004,0.0,18980.5,-10769.5
5032488,175000.0,3.25,324,Refinancing,2021-09-01,105.0,104.65625,Storgan Manley,8750.000000000007,Securitization (UMBS),105.0,0.0,0.0,8750.0,-0.0
5032514,275000.0,2.94,360,Home purchase,2021-09-01,104.17,104.20125,Storgan Manley,13750.000000000013,Whole Loan Sale,104.20125,2282.4999999999927,0.0,11553.44,-2196.56
5032537,425000.0,2.99,360,Home purchase,2021-09-02,103.19,102.6275,Golden Sachs,21250.00000000002,Securitization (UMBS),103.19,7692.500000000002,0.0,13557.5,-7692.5
5032624,385000.0,2.99,300,Refinancing,2021-09-02,103.19,103.315,Bank of Americans,19250.00000000002,Whole Loan Sale,103.315,6968.500000000004,0.0,12762.75,-6487.25
5032704,165000.0,2.875,360,Cash-out refinance,2021-09-02,103.19,102.6275,Golden Sachs,8250.000000000007,Securitization (UMBS),103.19,2986.500000000001,0.0,5263.5,-2986.5
5032763,175000.0,3.25,360,Cash-out refinance,2021-09-03,104.61,105.07875,PJ Logan,8750.000000000007,Whole Loan Sale,105.07875,682.5000000000018,0.0,8887.81,137.81
5032801,215000.0,2.25,180,Refinancing,2021-09-03,103.03,103.9675,Golden Sachs,10750.00000000001,Whole Loan Sale,103.9675,4235.500000000011,0.0,8530.13,-2219.88
5032862,255000.0,2.75,240,Refinancing,2021-09-03,103.19,0.0,Golden Sachs,12750.000000000011,Securitization (UMBS),103.19,4615.500000000001,0.0,8134.5,-4615.5
5032865,595000.0,3.375,360,Cash-out refinance,2021-09-04,104.61,106.14125,Bank of Americans,29750.000000000025,Whole Loan Sale,106.14125,2320.5000000000073,0.0,36540.44,6790.44
5032905,385000.0,2.25,180,Refinancing,2021-09-04,99.88,99.3175,Golden Sachs,19250.00000000002,Securitization (UMBS),99.88,19712.000000000055,0.0,-462.0,-19712.0
5033007,95000.0,2.99,312,Refinancing,2021-09-06,103.19,103.44,Golden Sachs,4750.000000000005,Whole Loan Sale,103.44,1719.500000000001,0.0,3268.0,-1482.0
5033026,205000.0,2.99,360,Refinancing,2021-09-06,103.19,102.34625,Storgan Manley,10250.00000000001,Securitization (UMBS),103.19,3710.500000000001,0.0,6539.5,-3710.5
5033054,255000.0,2.125,144,Cash-out refinance,2021-09-07,100.93,102.52375,Golden Sachs,12750.000000000011,Whole Loan Sale,102.52375,10378.499999999989,0.0,6435.56,-6314.44
5033184,135000.0,2.625,180,Refinancing,2021-09-07,99.88,99.755,PJ Logan,6750.000000000006,Securitization (UMBS),99.88,6912.000000000018,0.0,-162.0,-6912.0
5033206,375000.0,2.25,360,Refinancing,2021-09-07,99.88,102.0675,Golden Sachs,18750.00000000002,Whole Loan Sale,102.0675,19200.00000000005,0.0,7753.12,-10996.88
5033231,345000.0,2.69,360,Refinancing,2021-09-08,99.88,100.91125,Storgan Manley,17250.000000000015,Whole Loan Sale,100.91125,17664.000000000047,0.0,3143.81,-14106.19
5033243,245000.0,2.99,360,Cash-out refinance,2021-09-08,103.19,102.815,Bank of Americans,12250.000000000011,Securitization (UMBS),103.19,4434.500000000001,0.0,7815.5,-4434.5
5033265,135000.0,2.75,240,Cash-out refinance,2021-09-09,103.19,103.44,Golden Sachs,6750.000000000006,Whole Loan Sale,103.44,2443.500000000001,0.0,4644.0,-2106.0
5033317,125000.0,2.99,360,Refinancing,2021-09-10,103.19,104.315,PJ Logan,6250.0000000000055,Whole Loan Sale,104.315,2262.5000000000005,0.0,5393.75,-856.25
5033321,545000.0,2.75,240,Cash-out refinance,2021-09-13,103.19,104.1275,Golden Sachs,27250.000000000025,Whole Loan Sale,104.1275,9864.500000000004,0.0,22494.87,-4755.13
5033374,95000.0,2.625,180,Other,2021-09-14,103.03,102.7175,Golden Sachs,4750.000000000005,Securitization (UMBS),103.03,1871.500000000005,0.0,2878.5,-1871.5
5033376,195000.0,3.375,360,Cash-out refinance,2021-09-14,105.0,103.5625,Golden Sachs,9750.00000000001,Securitization (UMBS),105.0,0.0,0.0,9750.0,-0.0
5033426,345000.0,3.125,360,Cash-out refinance,2021-09-14,103.19,103.65875,PJ Logan,17250.000000000015,Whole Loan Sale,103.65875,6244.500000000002,0.0,12622.69,-4627.31
5033468,135000.0,2.875,240,Refinancing,2021-09-15,104.17,104.42,Bank of Americans,6750.000000000006,Whole Loan Sale,104.42,1120.4999999999973,0.0,5967.0,-783.0
5033474,545000.0,2.69,360,Cash-out refinance,2021-09-15,99.88,99.3175,Golden Sachs,27250.000000000025,Securitization (UMBS),99.88,27904.000000000073,0.0,-654.0,-27904.0
5033491,275000.0,2.625,180,Refinancing,2021-09-16,99.88,99.03625,Storgan Manley,13750.000000000013,Securitization (UMBS),99.88,14080.000000000038,0.0,-330.0,-14080.0
5033508,345000.0,2.75,240,Refinancing,2021-09-16,104.17,103.92,Golden Sachs,17250.000000000015,Securitization (UMBS),104.17,2863.499999999991,0.0,14386.5,-2863.5
5033543,115000.0,2.75,180,Refinancing,2021-09-16,103.19,0.0,Golden Sachs,5750.0000000000055,Securitization (UMBS),103.19,2081.500000000001,0.0,3668.5,-2081.5
5033641,125000.0,2.5,180,Cash-out refinance,2021-09-16,99.88,100.91125,Storgan Manley,6250.0000000000055,Whole Loan Sale,100.91125,6400.000000000016,0.0,1139.06,-5110.94
5033685,405000.0,2.99,360,Refinancing,2021-09-16,103.19,102.19,Golden Sachs,20250.00000000002,Securitization (UMBS),103.19,7330.500000000002,0.0,12919.5,-7330.5
5033784,295000.0,2.75,180,Cash-out refinance,2021-09-16,104.17,104.70125,Storgan Manley,14750.000000000013,Whole Loan Sale,104.70125,2448.4999999999927,0.0,13868.69,-881.31
5033888,585000.0,3.125,360,Cash-out refinance,2021-09-14,103.19,104.22125,Storgan Manley,29250.000000000025,Whole Loan Sale,104.22125,10588.500000000004,0.0,24694.31,-4555.69
5033944,735000.0,2.125,360,Refinancing,2021-09-15,97.45,97.575,Bank of Americans,36750.00000000003,Whole Loan Sale,97.575,55492.5,0.0,-17823.75,-54573.75
5033955,175000.0,3.125,180,Home purchase,2021-08-09,103.19,102.815,Bank of Americans,8750.000000000007,Securitization (UMBS),103.19,3167.5,0.0,5582.5,-3167.5
5033965,395000.0,1.99,180,Refinancing,2021-08-24,97.45,98.3875,Golden Sachs,19750.00000000002,Whole Loan Sale,98.3875,29822.500000000007,0.0,-6369.37,-26119.38
5033967,95000.0,2.99,324,Refinancing,2021-08-26,103.19,103.03375,Storgan Manley,4750.000000000005,Securitization (UMBS),103.19,1719.500000000001,0.0,3030.5,-1719.5
5033980,215000.0,3.25,360,Cash-out refinance,2021-08-27,104.61,103.5475,Golden Sachs,10750.00000000001,Securitization (UMBS),104.61,838.5000000000018,0.0,9911.5,-838.5
5033985,75000.0,2.375,120,Refinancing,2021-08-30,99.88,99.3175,Golden Sachs,3750.000000000003,Securitization (UMBS),99.88,3840.00000000001,0.0,-90.0,-3840.0
5034042,125000.0,2.99,240,Home purchase,2021-09-01,104.17,104.51375,Storgan Manley,6250.0000000000055,Whole Loan Sale,104.51375,1037.4999999999964,0.0,5642.19,-607.81
5034106,295000.0,2.69,360,Cash-out refinance,2021-09-02,99.88,100.16125,Storgan Manley,14750.000000000013,Whole Loan Sale,100.16125,15104.00000000004,0.0,475.69,-14274.31
5034358,195000.0,3.25,360,Cash-out refinance,2021-09-03,104.61,103.76625,Storgan Manley,9750.00000000001,Securitization (UMBS),104.61,760.5000000000036,0.0,8989.5,-760.5
5034410,365000.0,2.75,240,Cash-out refinance,2021-09-03,104.17,105.20125,Storgan Manley,18250.000000000015,Whole Loan Sale,105.20125,3029.499999999989,0.0,18984.56,734.56
5034428,145000.0,2.75,360,Refinancing,2021-09-03,103.19,103.59625,Golden Sachs,7250.000000000006,Whole Loan Sale,103.59625,2624.500000000001,0.0,5214.56,-2035.44
5034572,145000.0,2.125,180,Refinancing,2021-09-04,97.45,97.98125,Storgan Manley,7250.000000000006,Whole Loan Sale,97.98125,10947.500000000002,0.0,-2927.19,-10177.19
5034580,545000.0,2.875,360,Cash-out refinance,2021-09-04,104.17,105.1075,Golden Sachs,27250.000000000025,Whole Loan Sale,105.1075,4523.499999999985,0.0,27835.88,585.87
5034615,245000.0,3.25,360,Home purchase,2021-09-06,105.0,106.03125,Storgan Manley,12250.000000000011,Whole Loan Sale,106.03125,0.0,0.0,14776.56,2526.56
5034619,225000.0,2.625,240,Refinancing,2021-09-07,99.88,100.41125,Storgan Manley,11250.00000000001,Whole Loan Sale,100.41125,11520.00000000003,0.0,925.31,-10324.69
5034635,255000.0,2.5,180,Cash-out refinance,2021-09-07,99.88,99.72375,Storgan Manley,12750.000000000011,Securitization (UMBS),99.88,13056.000000000035,0.0,-306.0,-13056.0
5034641,315000.0,2.875,180,Cash-out refinance,2021-09-07,103.19,102.2525,Golden Sachs,15750.000000000015,Securitization (UMBS),103.19,5701.500000000002,0.0,10048.5,-5701.5
5034648,295000.0,2.125,180,Refinancing,2021-09-07,97.45,98.325,Bank of Americans,14750.000000000013,Whole Loan Sale,98.325,22272.500000000004,0.0,-4941.25,-19691.25
5034657,265000.0,2.99,360,Cash-out refinance,2021-09-07,103.19,103.44,Bank of Americans,13250.000000000011,Whole Loan Sale,103.44,4796.5,0.0,9116.0,-4134.0
5034706,515000.0,2.75,360,Home purchase,2021-09-08,104.17,105.1075,Golden Sachs,25750.000000000022,Whole Loan Sale,105.1075,4274.499999999985,0.0,26303.63,553.62
5034791,195000.0,2.25,240,Refinancing,2021-09-08,99.88,100.8175,Golden Sachs,9750.00000000001,Whole Loan Sale,100.8175,9984.000000000027,0.0,1594.12,-8155.88
5034803,105000.0,3.25,360,Cash-out refinance,2021-09-09,104.61,104.64125,Golden Sachs,5250.000000000005,Whole Loan Sale,104.64125,409.5000000000018,0.0,4873.31,-376.69
5034872,125000.0,3.375,180,Cash-out refinance,2021-09-10,104.61,106.32875,PJ Logan,6250.0000000000055,Whole Loan Sale,106.32875,487.5000000000018,0.0,7910.94,1660.94
5034898,275000.0,3.375,360,Cash-out refinance,2021-09-10,104.61,103.5475,Golden Sachs,13750.000000000013,Securitization (UMBS),104.61,1072.5000000000036,0.0,12677.5,-1072.5
5034902,315000.0,2.94,360,Refinancing,2021-09-11,103.19,102.565,Golden Sachs,15750.000000000015,Securitization (UMBS),103.19,5701.500000000002,0.0,10048.5,-5701.5
5035048,225000.0,3.25,300,Cash-out refinance,2021-09-13,104.61,103.985,Golden Sachs,11250.00000000001,Securitization (UMBS),104.61,877.5000000000018,0.0,10372.5,-877.5
5035063,145000.0,3.5,360,Cash-out refinance,2021-09-13,104.61,105.735,PJ Logan,7250.000000000006,Whole Loan Sale,105.735,565.5000000000018,0.0,8315.75,1065.75
5035076,155000.0,3.25,360,Cash-out refinance,2021-09-13,104.61,103.985,Golden Sachs,7750.000000000007,Securitization (UMBS),104.61,604.5000000000027,0.0,7145.5,-604.5
5035117,145000.0,2.875,360,Home purchase,2021-09-13,103.19,102.1275,Golden Sachs,7250.000000000006,Securitization (UMBS),103.19,2624.500000000001,0.0,4625.5,-2624.5
5035156,355000.0,3.25,360,Refinancing,2021-09-13,104.61,105.14125,Storgan Manley,17750.000000000015,Whole Loan Sale,105.14125,1384.5000000000036,0.0,18251.44,501.44
5035233,695000.0,3.19,360,Cash-out refinance,2021-09-14,103.19,103.65875,PJ Logan,34750.00000000003,Whole Loan Sale,103.65875,12579.5,0.0,25428.31,-9321.69
5035250,215000.0,2.5,180,Cash-out refinance,2021-09-14,103.03,104.62375,Golden Sachs,10750.00000000001,Whole Loan Sale,104.62375,4235.500000000011,0.0,9941.06,-808.94
5035331,285000.0,2.125,180,Refinancing,2021-09-14,97.45,98.48125,Storgan Manley,14250.000000000013,Whole Loan Sale,98.48125,21517.500000000004,0.0,-4328.44,-18578.44
5035341,115000.0,2.875,360,Refinancing,2021-09-14,103.19,104.22125,Storgan Manley,5750.0000000000055,Whole Loan Sale,104.22125,2081.500000000001,0.0,4854.44,-895.56
5035373,255000.0,2.99,360,Cash-out refinance,2021-09-14,103.19,104.09625,Storgan Manley,12750.000000000011,Whole Loan Sale,104.09625,4615.500000000001,0.0,10445.44,-2304.56
5035401,475000.0,2.5,180,Refinancing,2021-09-14,99.88,101.47375,Golden Sachs,23750.000000000022,Whole Loan Sale,101.47375,24320.000000000065,0.0,7000.31,-16749.69
5035428,365000.0,3.5,360,Cash-out refinance,2021-09-14,104.61,106.20375,Golden Sachs,18250.000000000015,Whole Loan Sale,106.20375,1423.5000000000036,0.0,22643.69,4393.69
5035490,735000.0,3.125,360,Cash-out refinance,2021-09-14,103.19,103.72125,Storgan Manley,36750.00000000003,Whole Loan Sale,103.72125,13303.5,0.0,27351.19,-9398.81
5035517,545000.0,3.25,360,Refinancing,2021-09-15,104.61,105.07875,PJ Logan,27250.000000000025,Whole Loan Sale,105.07875,2125.500000000011,0.0,27679.19,429.19
5035543,125000.0,2.375,180,Cash-out refinance,2021-09-16,103.03,103.43625,PJ Logan,6250.0000000000055,Whole Loan Sale,103.43625,2462.5000000000064,0.0,4295.31,-1954.69
5035572,155000.0,2.99,360,Refinancing,2021-09-16,104.17,105.76375,Golden Sachs,7750.000000000007,Whole Loan Sale,105.76375,1286.4999999999964,0.0,8933.81,1183.81
5035589,245000.0,2.99,360,Cash-out refinance,2021-09-17,103.19,104.22125,Storgan Manley,12250.000000000011,Whole Loan Sale,104.22125,4434.500000000001,0.0,10342.06,-1907.94
5035595,225000.0,3.44,360,Cash-out refinance,2021-09-17,104.61,105.07875,PJ Logan,11250.00000000001,Whole Loan Sale,105.07875,877.5000000000018,0.0,11427.19,177.19
5035677,275000.0,1.99,360,Home purchase,2021-09-01,97.45,97.48125,Storgan Manley,13750.000000000013,Whole Loan Sale,97.48125,20762.500000000004,0.0,-6926.56,-20676.56
5035686,65000.0,3.625,360,Home purchase,2021-09-06,104.61,105.735,PJ Logan,3250.0000000000027,Whole Loan Sale,105.735,253.5000000000009,0.0,3727.75,477.75
5035692,435000.0,2.625,240,Refinancing,2021-08-25,99.88,100.13,Golden Sachs,21750.00000000002,Whole Loan Sale,100.13,22272.00000000006,0.0,565.5,-21184.5
5035711,405000.0,2.875,360,Cash-out refinance,2021-08-26,103.19,103.315,Golden Sachs,20250.00000000002,Whole Loan Sale,103.315,7330.500000000002,0.0,13425.75,-6824.25
5035718,455000.0,3.125,360,Other,2021-08-27,103.19,103.03375,Storgan Manley,22750.000000000022,Securitization (UMBS),103.19,8235.500000000004,0.0,14514.5,-8235.5
5035754,285000.0,3.19,360,Cash-out refinance,2021-08-30,104.17,104.51375,Storgan Manley,14250.000000000013,Whole Loan Sale,104.51375,2365.4999999999927,0.0,12864.19,-1385.81
5035843,225000.0,2.875,360,Cash-out refinance,2021-08-31,103.19,104.09625,Golden Sachs,11250.00000000001,Whole Loan Sale,104.09625,4072.5,0.0,9216.56,-2033.44
5035967,335000.0,3.25,360,Cash-out refinance,2021-09-01,105.0,104.75,Golden Sachs,16750.000000000015,Securitization (UMBS),105.0,0.0,0.0,16750.0,-0.0
5036177,115000.0,3.125,360,Home purchase,2021-09-01,103.19,102.03375,Storgan Manley,5750.0000000000055,Securitization (UMBS),103.19,2081.500000000001,0.0,3668.5,-2081.5
5036277,255000.0,2.375,180,Cash-out refinance,2021-09-02,99.88,99.72375,Storgan Manley,12750.000000000011,Securitization (UMBS),99.88,13056.000000000035,0.0,-306.0,-13056.0
5036457,405000.0,2.99,360,Refinancing,2021-09-02,103.19,102.6275,Golden Sachs,20250.00000000002,Securitization (UMBS),103.19,7330.500000000002,0.0,12919.5,-7330.5
5036503,165000.0,2.94,360,Home purchase,2021-09-03,103.19,102.2525,Golden Sachs,8250.000000000007,Securitization (UMBS),103.19,2986.500000000001,0.0,5263.5,-2986.5
5036580,705000.0,2.99,360,Cash-out refinance,2021-09-03,103.19,102.7525,Golden Sachs,35250.00000000003,Securitization (UMBS),103.19,12760.5,0.0,22489.5,-12760.5
5036721,105000.0,3.125,180,Refinancing,2021-09-04,103.19,102.2525,Golden Sachs,5250.000000000005,Securitization (UMBS),103.19,1900.5000000000005,0.0,3349.5,-1900.5
5036819,75000.0,3.25,360,Cash-out refinance,2021-09-04,105.0,105.25,Bank of Americans,3750.000000000003,Whole Loan Sale,105.25,0.0,0.0,3937.5,187.5
5036871,155000.0,3.375,360,Home purchase,2021-09-04,104.61,104.26625,Storgan Manley,7750.000000000007,Securitization (UMBS),104.61,604.5000000000027,0.0,7145.5,-604.5
5036939,105000.0,2.75,180,Cash-out refinance,2021-09-06,103.19,102.2525,Golden Sachs,5250.000000000005,Securitization (UMBS),103.19,1900.5000000000005,0.0,3349.5,-1900.5
5036953,105000.0,2.625,180,Cash-out refinance,2021-09-06,99.88,98.91125,Storgan Manley,5250.000000000005,Securitization (UMBS),99.88,5376.000000000014,0.0,-126.0,-5376.0
5036972,505000.0,2.94,360,Refinancing,2021-09-06,103.19,102.815,Bank of Americans,25250.000000000022,Securitization (UMBS),103.19,9140.500000000002,0.0,16109.5,-9140.5
5037022,295000.0,2.625,180,Cash-out refinance,2021-09-08,99.88,98.8175,Golden Sachs,14750.000000000013,Securitization (UMBS),99.88,15104.00000000004,0.0,-354.0,-15104.0
5037123,285000.0,2.99,360,Cash-out refinance,2021-09-08,103.19,102.72125,Storgan Manley,14250.000000000013,Securitization (UMBS),103.19,5158.500000000002,0.0,9091.5,-5158.5
5037137,305000.0,2.375,240,Cash-out refinance,2021-09-08,99.88,99.41125,Storgan Manley,15250.000000000013,Securitization (UMBS),99.88,15616.00000000004,0.0,-366.0,-15616.0
5037235,305000.0,2.99,360,Cash-out refinance,2021-09-09,103.19,102.815,Bank of Americans,15250.000000000013,Securitization (UMBS),103.19,5520.5,0.0,9729.5,-5520.5
5037280,395000.0,2.69,360,Refinancing,2021-09-09,99.88,99.41125,Storgan Manley,19750.00000000002,Securitization (UMBS),99.88,20224.000000000055,0.0,-474.0,-20224.0
5037475,165000.0,2.75,120,Cash-out refinance,2021-09-09,103.19,102.1275,Golden Sachs,8250.000000000007,Securitization (UMBS),103.19,2986.500000000001,0.0,5263.5,-2986.5
5024031,285000.0,2.99,360,Refinancing,2021-09-09,104.17,103.6075,Golden Sachs,14250.000000000013,Securitization (UMBS),104.17,2365.4999999999927,0.0,11884.5,-2365.5
5024033,105000.0,3.625,360,Cash-out refinance,2021-09-09,104.61,104.0475,Golden Sachs,5250.000000000005,Securitization (UMBS),104.61,409.5000000000018,0.0,4840.5,-409.5
5024045,325000.0,2.75,360,Cash-out refinance,2021-09-10,103.19,103.09625,Golden Sachs,16250.000000000015,Securitization (UMBS),103.19,5882.500000000002,0.0,10367.5,-5882.5
5024159,315000.0,2.125,180,Refinancing,2021-09-10,97.45,98.075,Golden Sachs,15750.000000000015,Whole Loan Sale,98.075,23782.500000000004,0.0,-6063.75,-21813.75
5024175,395000.0,2.99,360,Cash-out refinance,2021-09-11,104.17,104.63875,PJ Logan,19750.00000000002,Whole Loan Sale,104.63875,3278.499999999989,0.0,18323.06,-1426.94
5024229,155000.0,2.5,180,Refinancing,2021-09-13,99.88,99.255,Golden Sachs,7750.000000000007,Securitization (UMBS),99.88,7936.000000000021,0.0,-186.0,-7936.0
5024272,215000.0,3.25,360,Cash-out refinance,2021-09-13,104.61,106.20375,Golden Sachs,10750.00000000001,Whole Loan Sale,106.20375,838.5000000000018,0.0,13338.06,2588.06
5024276,215000.0,2.375,180,Cash-out refinance,2021-09-13,99.88,99.505,Bank of Americans,10750.00000000001,Securitization (UMBS),99.88,11008.00000000003,0.0,-258.0,-11008.0
5024305,465000.0,2.99,180,Refinancing,2021-09-14,103.19,102.94,Bank of Americans,23250.000000000022,Securitization (UMBS),103.19,8416.500000000004,0.0,14833.5,-8416.5
5024358,305000.0,3.5,360,Cash-out refinance,2021-09-14,104.61,106.20375,Golden Sachs,15250.000000000013,Whole Loan Sale,106.20375,1189.5000000000036,0.0,18921.44,3671.44
5024524,325000.0,2.94,360,Cash-out refinance,2021-09-14,103.19,104.1275,Golden Sachs,16250.000000000015,Whole Loan Sale,104.1275,5882.500000000002,0.0,13414.37,-2835.63
5024571,155000.0,2.5,180,Cash-out refinance,2021-09-15,103.03,103.37375,Storgan Manley,7750.000000000007,Whole Loan Sale,103.37375,3053.500000000008,0.0,5229.31,-2520.69
5024582,245000.0,2.875,360,Home purchase,2021-09-16,103.19,102.2525,Golden Sachs,12250.000000000011,Securitization (UMBS),103.19,4434.500000000001,0.0,7815.5,-4434.5
5024642,625000.0,3.25,360,Cash-out refinance,2021-09-16,104.61,105.64125,Storgan Manley,31250.00000000003,Whole Loan Sale,105.64125,2437.500000000011,0.0,35257.81,4007.81
5024662,125000.0,2.625,180,Cash-out refinance,2021-09-16,103.03,103.655,Golden Sachs,6250.0000000000055,Whole Loan Sale,103.655,2462.5000000000064,0.0,4568.75,-1681.25
5024729,455000.0,2.25,360,Home purchase,2021-09-16,99.88,101.47375,Golden Sachs,22750.000000000022,Whole Loan Sale,101.47375,23296.000000000062,0.0,6705.56,-16044.44
5024802,305000.0,3.125,360,Other,2021-09-17,103.19,103.65875,PJ Logan,15250.000000000013,Whole Loan Sale,103.65875,5520.5,0.0,11159.19,-4090.81
5024865,425000.0,2.875,360,Refinancing,2021-08-05,103.19,102.84625,Storgan Manley,21250.00000000002,Securitization (UMBS),103.19,7692.500000000002,0.0,13557.5,-7692.5
5024922,95000.0,2.5,180,Refinancing,2021-08-24,99.88,99.3175,Golden Sachs,4750.000000000005,Securitization (UMBS),99.88,4864.000000000013,0.0,-114.0,-4864.0
5024930,495000.0,2.99,360,Refinancing,2021-08-26,103.19,102.7525,Golden Sachs,24750.000000000022,Securitization (UMBS),103.19,8959.500000000002,0.0,15790.5,-8959.5
5025016,245000.0,1.99,180,Cash-out refinance,2021-08-28,97.45,96.8875,Golden Sachs,12250.000000000011,Securitization (UMBS),97.45,18497.500000000004,0.0,-6247.5,-18497.5
5025211,125000.0,2.75,180,Cash-out refinance,2021-08-28,103.19,103.65875,PJ Logan,6250.0000000000055,Whole Loan Sale,103.65875,2262.5000000000005,0.0,4573.44,-1676.56
5025287,245000.0,3.25,360,Cash-out refinance,2021-08-30,104.61,104.5475,Golden Sachs,12250.000000000011,Securitization (UMBS),104.61,955.5000000000036,0.0,11294.5,-955.5
5025312,175000.0,2.99,360,Cash-out refinance,2021-08-30,104.17,105.20125,Storgan Manley,8750.000000000007,Whole Loan Sale,105.20125,1452.4999999999945,0.0,9102.19,352.19
5025354,295000.0,2.25,360,Refinancing,2021-08-31,99.88,100.13,Golden Sachs,14750.000000000013,Whole Loan Sale,100.13,15104.00000000004,0.0,383.5,-14366.5
5025415,475000.0,2.75,360,Cash-out refinance,2021-09-01,103.19,103.44,Golden Sachs,23750.000000000022,Whole Loan Sale,103.44,8597.500000000004,0.0,16340.0,-7410.0
5025421,315000.0,2.875,360,Cash-out refinance,2021-09-01,103.19,102.7525,Golden Sachs,15750.000000000015,Securitization (UMBS),103.19,5701.500000000002,0.0,10048.5,-5701.5
5025628,215000.0,2.875,180,Cash-out refinance,2021-09-01,103.19,101.34625,Storgan Manley,10750.00000000001,Securitization (UMBS),103.19,3891.500000000001,0.0,6858.5,-3891.5
5025772,205000.0,2.25,180,Refinancing,2021-09-02,103.03,102.56125,Storgan Manley,10250.00000000001,Securitization (UMBS),103.03,4038.50000000001,0.0,6211.5,-4038.5
5025825,195000.0,2.625,240,Refinancing,2021-09-02,103.03,102.68625,Storgan Manley,9750.00000000001,Securitization (UMBS),103.03,3841.50000000001,0.0,5908.5,-3841.5
5025860,215000.0,2.99,360,Cash-out refinance,2021-09-02,103.19,101.1275,Golden Sachs,10750.00000000001,Securitization (UMBS),103.19,3891.500000000001,0.0,6858.5,-3891.5
5025913,245000.0,2.99,360,Refinancing,2021-09-02,104.17,103.82625,Storgan Manley,12250.000000000011,Securitization (UMBS),104.17,2033.4999999999945,0.0,10216.5,-2033.5
5025992,105000.0,2.625,180,Cash-out refinance,2021-09-02,103.03,103.56125,Storgan Manley,5250.000000000005,Whole Loan Sale,103.56125,2068.500000000005,0.0,3739.31,-1510.69
5025999,85000.0,2.75,180,Cash-out refinance,2021-09-02,104.17,104.70125,Storgan Manley,4250.000000000004,Whole Loan Sale,104.70125,705.4999999999977,0.0,3996.06,-253.94
5026129,95000.0,2.99,360,Home improvement,2021-09-03,103.19,102.22125,Storgan Manley,4750.000000000005,Securitization (UMBS),103.19,1719.500000000001,0.0,3030.5,-1719.5
5026165,165000.0,2.99,360,Home purchase,2021-09-03,103.19,104.09625,Storgan Manley,8250.000000000007,Whole Loan Sale,104.09625,2986.500000000001,0.0,6758.81,-1491.19
5026240,135000.0,2.99,360,Refinancing,2021-09-03,104.17,104.3575,Golden Sachs,6750.000000000006,Whole Loan Sale,104.3575,1120.4999999999973,0.0,5882.63,-867.38
5026283,155000.0,2.625,180,Cash-out refinance,2021-09-03,99.88,100.13,Bank of Americans,7750.000000000007,Whole Loan Sale,100.13,7936.000000000021,0.0,201.5,-7548.5
5026429,285000.0,3.125,360,Refinancing,2021-09-04,103.19,102.2525,Golden Sachs,14250.000000000013,Securitization (UMBS),103.19,5158.500000000002,0.0,9091.5,-5158.5
5026463,145000.0,1.99,360,Refinancing,2021-09-06,97.45,97.0125,Golden Sachs,7250.000000000006,Securitization (UMBS),97.45,10947.500000000002,0.0,-3697.5,-10947.5
5026466,435000.0,2.25,240,Refinancing,2021-09-06,103.03,102.3425,Golden Sachs,21750.00000000002,Securitization (UMBS),103.03,8569.500000000022,0.0,13180.5,-8569.5
5026517,515000.0,2.75,240,Refinancing,2021-09-08,103.19,102.565,Golden Sachs,25750.000000000022,Securitization (UMBS),103.19,9321.5,0.0,16428.5,-9321.5
5026573,185000.0,2.25,180,Refinancing,2021-09-09,99.88,99.3175,Golden Sachs,9250.00000000001,Securitization (UMBS),99.88,9472.000000000025,0.0,-222.0,-9472.0
5026643,235000.0,1.99,180,Cash-out refinance,2021-09-09,97.45,98.95,PJ Logan,11750.000000000011,Whole Loan Sale,98.95,17742.500000000004,0.0,-2467.5,-14217.5
5026734,115000.0,2.875,360,Cash-out refinance,2021-09-11,104.17,103.1075,Golden Sachs,5750.0000000000055,Securitization (UMBS),104.17,954.4999999999973,0.0,4795.5,-954.5
5026784,355000.0,2.375,180,Refinancing,2021-09-11,99.88,100.22375,Storgan Manley,17750.000000000015,Whole Loan Sale,100.22375,18176.000000000047,0.0,794.31,-16955.69
5026793,105000.0,2.99,360,Refinancing,2021-09-13,103.19,102.815,Bank of Americans,5250.000000000005,Securitization (UMBS),103.19,1900.5000000000005,0.0,3349.5,-1900.5
5026825,95000.0,3.375,360,Refinancing,2021-09-13,105.0,105.9375,Golden Sachs,4750.000000000005,Whole Loan Sale,105.9375,0.0,0.0,5640.63,890.62
5026864,345000.0,2.99,180,Cash-out refinance,2021-09-13,103.19,103.59625,Golden Sachs,17250.000000000015,Whole Loan Sale,103.59625,6244.500000000002,0.0,12407.06,-4842.94
5026869,425000.0,2.99,360,Cash-out refinance,2021-09-13,103.19,103.44,Golden Sachs,21250.00000000002,Whole Loan Sale,103.44,7692.500000000002,0.0,14620.0,-6630.0
5026893,305000.0,2.875,360,Home purchase,2021-09-13,103.19,102.94,Golden Sachs,15250.000000000013,Securitization (UMBS),103.19,5520.5,0.0,9729.5,-5520.5
5026914,535000.0,3.125,360,Refinancing,2021-09-14,103.19,103.72125,Storgan Manley,26750.000000000025,Whole Loan Sale,103.72125,9683.500000000004,0.0,19908.69,-6841.31
5027069,65000.0,2.99,180,Refinancing,2021-09-16,103.19,103.65875,PJ Logan,3250.0000000000027,Whole Loan Sale,103.65875,1176.5,0.0,2378.19,-871.81
5027109,255000.0,2.5,180,Home purchase,2021-09-17,103.03,102.5925,Golden Sachs,12750.000000000011,Securitization (UMBS),103.03,5023.500000000013,0.0,7726.5,-5023.5
5027143,145000.0,3.99,360,Home purchase,2021-09-17,105.77,103.80125,Storgan Manley,7250.000000000006,Securitization (UMBS),105.77,-1116.4999999999736,0.0,8366.5,1116.5
5027155,155000.0,2.99,204,Refinancing,2021-09-17,103.19,102.1275,Golden Sachs,7750.000000000007,Securitization (UMBS),103.19,2805.500000000001,0.0,4944.5,-2805.5
5027190,465000.0,2.75,360,Refinancing,2021-09-17,103.19,102.44,Golden Sachs,23250.000000000022,Securitization (UMBS),103.19,8416.500000000004,0.0,14833.5,-8416.5
5027196,315000.0,2.875,360,Refinancing,2021-09-10,103.19,103.59625,Golden Sachs,15750.000000000015,Whole Loan Sale,103.59625,5701.500000000002,0.0,11328.19,-4421.81
5027215,205000.0,1.99,180,Refinancing,2021-08-09,97.45,96.3875,Golden Sachs,10250.00000000001,Securitization (UMBS),97.45,15477.500000000004,0.0,-5227.5,-15477.5
5027260,155000.0,2.375,240,Refinancing,2021-08-21,99.88,99.72375,Storgan Manley,7750.000000000007,Securitization (UMBS),99.88,7936.000000000021,0.0,-186.0,-7936.0
5027265,505000.0,2.375,240,Cash-out refinance,2021-08-24,99.88,99.255,Golden Sachs,25250.000000000022,Securitization (UMBS),99.88,25856.000000000065,0.0,-606.0,-25856.0
5027345,85000.0,2.99,360,Cash-out refinance,2021-08-24,103.19,104.22125,Storgan Manley,4250.000000000004,Whole Loan Sale,104.22125,1538.5000000000005,0.0,3588.06,-661.94
5027412,345000.0,2.75,240,Refinancing,2021-08-24,103.19,102.94,Bank of Americans,17250.000000000015,Securitization (UMBS),103.19,6244.500000000002,0.0,11005.5,-6244.5
5027477,165000.0,3.25,360,Other,2021-08-24,104.61,103.6725,Golden Sachs,8250.000000000007,Securitization (UMBS),104.61,643.5000000000027,0.0,7606.5,-643.5
5027542,345000.0,3.125,360,Home purchase,2021-08-24,103.19,102.44,Golden Sachs,17250.000000000015,Securitization (UMBS),103.19,6244.500000000002,0.0,11005.5,-6244.5
5027560,445000.0,2.875,360,Refinancing,2021-08-31,104.17,104.01375,Storgan Manley,22250.00000000002,Securitization (UMBS),104.17,3693.4999999999854,0.0,18556.5,-3693.5
5027605,305000.0,2.875,360,Cash-out refinance,2021-09-01,103.19,102.84625,Storgan Manley,15250.000000000013,Securitization (UMBS),103.19,5520.5,0.0,9729.5,-5520.5
5027609,675000.0,2.99,360,Home purchase,2021-09-01,103.19,103.44,Golden Sachs,33750.00000000003,Whole Loan Sale,103.44,12217.500000000004,0.0,23220.0,-10530.0
5027646,245000.0,2.5,240,Cash-out refinance,2021-09-01,99.88,100.28625,Golden Sachs,12250.000000000011,Whole Loan Sale,100.28625,12544.000000000033,0.0,701.31,-11548.69
5027667,295000.0,2.75,360,Refinancing,2021-09-01,103.19,102.1275,Golden Sachs,14750.000000000013,Securitization (UMBS),103.19,5339.500000000002,0.0,9410.5,-5339.5
5027807,155000.0,3.25,360,Refinancing,2021-09-01,104.61,104.735,Bank of Americans,7750.000000000007,Whole Loan Sale,104.735,604.5000000000027,0.0,7339.25,-410.75
5027812,265000.0,3.375,360,Cash-out refinance,2021-09-02,104.61,104.26625,Storgan Manley,13250.000000000011,Securitization (UMBS),104.61,1033.5000000000036,0.0,12216.5,-1033.5
5027898,405000.0,2.875,360,Cash-out refinance,2021-09-02,103.19,103.53375,Storgan Manley,20250.00000000002,Whole Loan Sale,103.53375,7330.500000000002,0.0,14311.69,-5938.31
5027951,545000.0,3.125,360,Home purchase,2021-09-03,103.19,103.3775,Golden Sachs,27250.000000000025,Whole Loan Sale,103.3775,9864.500000000004,0.0,18407.37,-8842.63
5027979,185000.0,2.99,360,Cash-out refinance,2021-09-04,103.19,102.065,Golden Sachs,9250.00000000001,Securitization (UMBS),103.19,3348.500000000002,0.0,5901.5,-3348.5
5028031,305000.0,3.25,360,Home purchase,2021-09-06,104.61,105.64125,Storgan Manley,15250.000000000013,Whole Loan Sale,105.64125,1189.5000000000036,0.0,17205.81,1955.81
5028043,155000.0,3.25,144,Refinancing,2021-09-06,105.0,105.34375,PJ Logan,7750.000000000007,Whole Loan Sale,105.34375,0.0,0.0,8282.81,532.81
5028080,235000.0,2.875,240,Cash-out refinance,2021-09-06,104.17,105.20125,Storgan Manley,11750.000000000011,Whole Loan Sale,105.20125,1950.4999999999945,0.0,12222.94,472.94
5028182,485000.0,1.99,180,Cash-out refinance,2021-09-07,100.93,102.055,PJ Logan,24250.000000000022,Whole Loan Sale,102.055,19739.499999999978,0.0,9966.75,-14283.25
5028210,355000.0,3.5,360,Cash-out refinance,2021-09-08,104.61,104.0475,Golden Sachs,17750.000000000015,Securitization (UMBS),104.61,1384.5000000000036,0.0,16365.5,-1384.5
5028318,265000.0,1.99,96,Refinancing,2021-09-08,100.93,99.7425,Golden Sachs,13250.000000000011,Securitization (UMBS),100.93,10785.499999999989,0.0,2464.5,-10785.5
5028322,185000.0,2.875,240,Refinancing,2021-09-09,103.19,102.6275,Golden Sachs,9250.00000000001,Securitization (UMBS),103.19,3348.500000000002,0.0,5901.5,-3348.5
5028355,155000.0,3.25,360,Refinancing,2021-09-10,104.61,104.235,Bank of Americans,7750.000000000007,Securitization (UMBS),104.61,604.5000000000027,0.0,7145.5,-604.5
5028367,175000.0,3.5,360,Home purchase,2021-09-10,104.61,104.64125,Golden Sachs,8750.000000000007,Whole Loan Sale,104.64125,682.5000000000018,0.0,8122.19,-627.81
5028403,195000.0,2.875,180,Refinancing,2021-09-10,104.17,103.795,Bank of Americans,9750.00000000001,Securitization (UMBS),104.17,1618.4999999999955,0.0,8131.5,-1618.5
5028415,135000.0,2.99,360,Home purchase,2021-09-10,103.19,102.7525,Golden Sachs,6750.000000000006,Securitization (UMBS),103.19,2443.500000000001,0.0,4306.5,-2443.5
5028457,135000.0,2.875,360,Other,2021-09-10,103.19,102.815,Bank of Americans,6750.000000000006,Securitization (UMBS),103.19,2443.500000000001,0.0,4306.5,-2443.5
5028502,385000.0,2.75,360,Cash-out refinance,2021-09-14,103.19,103.22125,Golden Sachs,19250.00000000002,Whole Loan Sale,103.22125,6968.500000000004,0.0,12401.81,-6848.19
5028557,105000.0,2.75,240,Refinancing,2021-09-14,103.19,104.1275,Golden Sachs,5250.000000000005,Whole Loan Sale,104.1275,1900.5000000000005,0.0,4333.87,-916.13
5028588,335000.0,2.5,180,Refinancing,2021-09-14,99.88,100.13,Golden Sachs,16750.000000000015,Whole Loan Sale,100.13,17152.000000000044,0.0,435.5,-16314.5
5028629,135000.0,2.75,360,Cash-out refinance,2021-09-14,103.19,104.22125,Storgan Manley,6750.000000000006,Whole Loan Sale,104.22125,2443.500000000001,0.0,5698.69,-1051.31
5028650,115000.0,2.875,360,Refinancing,2021-09-14,103.19,102.72125,Storgan Manley,5750.0000000000055,Securitization (UMBS),103.19,2081.500000000001,0.0,3668.5,-2081.5
5028687,295000.0,2.625,360,Refinancing,2021-09-14,99.88,100.13,Bank of Americans,14750.000000000013,Whole Loan Sale,100.13,15104.00000000004,0.0,383.5,-14366.5
5028690,195000.0,1.99,120,Cash-out refinance,2021-08-24,97.45,98.48125,Storgan Manley,9750.00000000001,Whole Loan Sale,98.48125,14722.500000000004,0.0,-2961.56,-12711.56
5028786,65000.0,2.99,240,Refinancing,2021-08-26,103.19,102.565,Golden Sachs,3250.0000000000027,Securitization (UMBS),103.19,1176.5,0.0,2073.5,-1176.5
5028830,125000.0,3.5,360,Cash-out refinance,2021-08-26,104.61,106.32875,PJ Logan,6250.0000000000055,Whole Loan Sale,106.32875,487.5000000000018,0.0,7910.94,1660.94
5028916,605000.0,2.875,360,Cash-out refinance,2021-08-27,103.19,104.22125,Storgan Manley,30250.000000000025,Whole Loan Sale,104.22125,10950.5,0.0,25538.56,-4711.44
5028969,205000.0,3.25,360,Refinancing,2021-08-28,104.61,105.5475,Golden Sachs,10250.00000000001,Whole Loan Sale,105.5475,799.5000000000036,0.0,11372.38,1122.37
5029012,395000.0,3.375,360,Cash-out refinance,2021-08-31,104.61,106.20375,Golden Sachs,19750.00000000002,Whole Loan Sale,106.20375,1540.5000000000073,0.0,24504.81,4754.81
5029023,155000.0,3.25,360,Cash-out refinance,2021-09-01,104.61,103.485,Golden Sachs,7750.000000000007,Securitization (UMBS),104.61,604.5000000000027,0.0,7145.5,-604.5
5029031,415000.0,2.125,132,Refinancing,2021-09-02,97.45,96.8875,Golden Sachs,20750.00000000002,Securitization (UMBS),97.45,31332.500000000007,0.0,-10582.5,-31332.5
5029056,225000.0,2.99,240,Home purchase,2021-09-02,103.19,103.03375,Storgan Manley,11250.00000000001,Securitization (UMBS),103.19,4072.5,0.0,7177.5,-4072.5
5029103,215000.0,2.375,180,Refinancing,2021-09-03,99.88,99.505,Bank of Americans,10750.00000000001,Securitization (UMBS),99.88,11008.00000000003,0.0,-258.0,-11008.0
5029168,105000.0,3.5,360,Cash-out refinance,2021-09-03,104.61,103.9225,Golden Sachs,5250.000000000005,Securitization (UMBS),104.61,409.5000000000018,0.0,4840.5,-409.5
5029264,185000.0,2.25,180,Cash-out refinance,2021-09-03,103.03,102.5925,Golden Sachs,9250.00000000001,Securitization (UMBS),103.03,3644.50000000001,0.0,5605.5,-3644.5
5029346,325000.0,2.125,180,Refinancing,2021-09-04,97.45,98.48125,Storgan Manley,16250.000000000015,Whole Loan Sale,98.48125,24537.500000000004,0.0,-4935.94,-21185.94
5029448,345000.0,2.75,360,Refinancing,2021-09-06,103.19,102.44,Golden Sachs,17250.000000000015,Securitization (UMBS),103.19,6244.500000000002,0.0,11005.5,-6244.5
5029617,105000.0,2.99,360,Cash-out refinance,2021-09-06,103.19,102.22125,Storgan Manley,5250.000000000005,Securitization (UMBS),103.19,1900.5000000000005,0.0,3349.5,-1900.5
5029627,125000.0,3.125,360,Refinancing,2021-09-06,103.19,103.22125,Storgan Manley,6250.0000000000055,Whole Loan Sale,103.22125,2262.5000000000005,0.0,4026.56,-2223.44
5029784,155000.0,3.5,360,Cash-out refinance,2021-09-07,104.61,103.985,Golden Sachs,7750.000000000007,Securitization (UMBS),104.61,604.5000000000027,0.0,7145.5,-604.5
5029862,185000.0,3.99,360,Refinancing,2021-09-09,105.77,106.7075,Golden Sachs,9250.00000000001,Whole Loan Sale,106.7075,-1424.4999999999654,0.0,12408.87,3158.87
5029909,95000.0,3.375,360,Refinancing,2021-09-10,104.61,105.64125,Storgan Manley,4750.000000000005,Whole Loan Sale,105.64125,370.5000000000018,0.0,5359.19,609.19
5029937,225000.0,2.625,132,Cash-out refinance,2021-09-11,99.88,101.005,PJ Logan,11250.00000000001,Whole Loan Sale,101.005,11520.00000000003,0.0,2261.25,-8988.75
5029993,175000.0,2.5,240,Refinancing,2021-09-11,99.88,100.8175,Golden Sachs,8750.000000000007,Whole Loan Sale,100.8175,8960.000000000024,0.0,1430.62,-7319.38
5030036,235000.0,2.25,180,Refinancing,2021-09-11,99.88,100.41125,Storgan Manley,11750.000000000011,Whole Loan Sale,100.41125,12032.000000000033,0.0,966.44,-10783.56
5030078,385000.0,3.375,360,Home purchase,2021-09-11,105.0,106.59375,Golden Sachs,19250.00000000002,Whole Loan Sale,106.59375,0.0,0.0,25385.94,6135.94
5030130,125000.0,2.99,360,Cash-out refinance,2021-09-13,103.19,104.1275,Golden Sachs,6250.0000000000055,Whole Loan Sale,104.1275,2262.5000000000005,0.0,5159.37,-1090.63
5030134,165000.0,2.875,240,Other,2021-09-13,103.19,104.315,PJ Logan,8250.000000000007,Whole Loan Sale,104.315,2986.500000000001,0.0,7119.75,-1130.25
5030159,165000.0,2.375,180,Cash-out refinance,2021-09-13,103.03,104.155,PJ Logan,8250.000000000007,Whole Loan Sale,104.155,3250.500000000008,0.0,6855.75,-1394.25
5030162,345000.0,3.125,360,Home purchase,2021-09-13,104.17,105.07625,Golden Sachs,17250.000000000015,Whole Loan Sale,105.07625,2863.499999999991,0.0,17513.06,263.06
5030276,135000.0,3.5,240,Cash-out refinance,2021-09-13,104.61,104.86,Golden Sachs,6750.000000000006,Whole Loan Sale,104.86,526.5000000000027,0.0,6561.0,-189.0
5030347,155000.0,3.125,360,Cash-out refinance,2021-09-13,103.19,104.72125,Bank of Americans,7750.000000000007,Whole Loan Sale,104.72125,2805.500000000001,0.0,7317.94,-432.06
5030364,65000.0,3.99,360,Refinancing,2021-09-14,105.77,105.52,Bank of Americans,3250.0000000000027,Securitization (UMBS),105.77,-500.4999999999882,0.0,3750.5,500.5
5030417,185000.0,2.99,360,Cash-out refinance,2021-09-14,104.17,105.045,Bank of Americans,9250.00000000001,Whole Loan Sale,105.045,1535.4999999999964,0.0,9333.25,83.25
5030568,135000.0,2.99,240,Cash-out refinance,2021-09-14,103.19,102.69,Golden Sachs,6750.000000000006,Securitization (UMBS),103.19,2443.500000000001,0.0,4306.5,-2443.5
5030614,95000.0,2.99,240,Refinancing,2021-09-14,103.19,102.84625,Storgan Manley,4750.000000000005,Securitization (UMBS),103.19,1719.500000000001,0.0,3030.5,-1719.5
5030696,85000.0,2.75,180,Cash-out refinance,2021-09-15,103.19,102.34625,Storgan Manley,4250.000000000004,Securitization (UMBS),103.19,1538.5000000000005,0.0,2711.5,-1538.5
5030727,275000.0,2.5,240,Refinancing,2021-09-15,99.88,99.63,Bank of Americans,13750.000000000013,Securitization (UMBS),99.88,14080.000000000038,0.0,-330.0,-14080.0
5030731,325000.0,2.875,360,Cash-out refinance,2021-09-15,103.19,0.0,Golden Sachs,16250.000000000015,Securitization (UMBS),103.19,5882.500000000002,0.0,10367.5,-5882.5
5030802,105000.0,2.25,180,Refinancing,2021-09-15,99.88,99.03625,Storgan Manley,5250.000000000005,Securitization (UMBS),99.88,5376.000000000014,0.0,-126.0,-5376.0
5030826,115000.0,2.875,180,Cash-out refinance,2021-09-15,103.19,102.84625,Storgan Manley,5750.0000000000055,Securitization (UMBS),103.19,2081.500000000001,0.0,3668.5,-2081.5
5030844,195000.0,3.25,360,Home purchase,2021-09-16,104.61,102.5475,Golden Sachs,9750.00000000001,Securitization (UMBS),104.61,760.5000000000036,0.0,8989.5,-760.5
5031084,105000.0,2.625,180,Refinancing,2021-09-16,103.03,102.56125,Storgan Manley,5250.000000000005,Securitization (UMBS),103.03,2068.500000000005,0.0,3181.5,-2068.5
5031125,345000.0,2.625,180,Refinancing,2021-09-16,99.88,98.8175,Golden Sachs,17250.000000000015,Securitization (UMBS),99.88,17664.000000000047,0.0,-414.0,-17664.0
5031151,115000.0,3.25,360,Cash-out refinance,2021-09-17,104.61,104.0475,Golden Sachs,5750.0000000000055,Securitization (UMBS),104.61,448.5000000000018,0.0,5301.5,-448.5
5031156,215000.0,3.25,360,Cash-out refinance,2021-09-17,104.61,103.64125,Storgan Manley,10750.00000000001,Securitization (UMBS),104.61,838.5000000000018,0.0,9911.5,-838.5
5031175,235000.0,3.375,360,Refinancing,2021-09-14,104.61,104.14125,Storgan Manley,11750.000000000011,Securitization (UMBS),104.61,916.5000000000036,0.0,10833.5,-916.5
5031325,285000.0,2.99,360,Refinancing,2021-09-03,103.19,103.315,Bank of Americans,14250.000000000013,Whole Loan Sale,103.315,5158.500000000002,0.0,9447.75,-4802.25
5031353,1405000.0,2.99,360,Cash-out refinance,2021-08-23,103.19,102.815,Bank of Americans,70250.00000000006,Securitization (UMBS),103.19,25430.5,0.0,44819.5,-25430.5
5031414,315000.0,3.14,360,Refinancing,2021-08-24,103.19,102.815,Bank of Americans,15750.000000000015,Securitization (UMBS),103.19,5701.500000000002,0.0,10048.5,-5701.5
5031456,405000.0,2.5,240,Refinancing,2021-08-24,99.88,99.3175,Golden Sachs,20250.00000000002,Securitization (UMBS),99.88,20736.000000000055,0.0,-486.0,-20736.0
5031465,255000.0,3.25,360,Cash-out refinance,2021-08-25,104.61,106.20375,Golden Sachs,12750.000000000011,Whole Loan Sale,106.20375,994.5000000000036,0.0,15819.56,3069.56
5031484,285000.0,2.99,240,Cash-out refinance,2021-08-27,104.17,103.045,Golden Sachs,14250.000000000013,Securitization (UMBS),104.17,2365.4999999999927,0.0,11884.5,-2365.5
5031492,125000.0,2.25,180,Refinancing,2021-09-01,103.03,102.405,Golden Sachs,6250.0000000000055,Securitization (UMBS),103.03,2462.5000000000064,0.0,3787.5,-2462.5
5031536,125000.0,2.875,324,Refinancing,2021-09-02,103.19,103.565,Bank of Americans,6250.0000000000055,Whole Loan Sale,103.565,2262.5000000000005,0.0,4456.25,-1793.75
5031554,145000.0,2.99,360,Refinancing,2021-09-02,103.19,102.84625,Storgan Manley,7250.000000000006,Securitization (UMBS),103.19,2624.500000000001,0.0,4625.5,-2624.5
5031555,355000.0,2.75,360,Refinancing,2021-09-02,103.19,102.7525,Golden Sachs,17750.000000000015,Securitization (UMBS),103.19,6425.5,0.0,11324.5,-6425.5
5031623,205000.0,2.875,360,Cash-out refinance,2021-09-03,103.19,103.44,Golden Sachs,10250.00000000001,Whole Loan Sale,103.44,3710.500000000001,0.0,7052.0,-3198.0
5031649,715000.0,1.625,360,Refinancing,2021-09-03,94.98,94.98,Bank of Americans,35750.00000000003,Securitization (UMBS),94.98,71642.99999999997,0.0,-35893.0,-71643.0
5031684,325000.0,2.75,360,Refinancing,2021-09-04,104.17,105.20125,Storgan Manley,16250.000000000015,Whole Loan Sale,105.20125,2697.499999999991,0.0,16904.06,654.06
5031715,185000.0,1.99,180,Refinancing,2021-09-04,100.93,101.18,Golden Sachs,9250.00000000001,Whole Loan Sale,101.18,7529.499999999993,0.0,2183.0,-7067.0
5031843,145000.0,2.99,360,Refinancing,2021-09-04,104.17,104.42,Bank of Americans,7250.000000000006,Whole Loan Sale,104.42,1203.4999999999964,0.0,6409.0,-841.0
5031915,105000.0,2.25,180,Refinancing,2021-09-06,99.88,98.66125,Storgan Manley,5250.000000000005,Securitization (UMBS),99.88,5376.000000000014,0.0,-126.0,-5376.0
5031938,205000.0,2.75,180,Cash-out refinance,2021-09-06,103.19,104.69,PJ Logan,10250.00000000001,Whole Loan Sale,104.69,3710.500000000001,0.0,9614.5,-635.5
5031961,205000.0,2.99,360,Refinancing,2021-09-07,103.19,103.65875,PJ Logan,10250.00000000001,Whole Loan Sale,103.65875,3710.500000000001,0.0,7500.44,-2749.56
5031988,235000.0,2.99,360,Refinancing,2021-09-07,104.17,103.82625,Storgan Manley,11750.000000000011,Securitization (UMBS),104.17,1950.4999999999945,0.0,9799.5,-1950.5
5032093,605000.0,2.875,360,Refinancing,2021-09-07,103.19,101.065,Golden Sachs,30250.000000000025,Securitization (UMBS),103.19,10950.5,0.0,19299.5,-10950.5
5032107,145000.0,2.25,180,Refinancing,2021-09-08,99.88,99.03625,Storgan Manley,7250.000000000006,Securitization (UMBS),99.88,7424.000000000019,0.0,-174.0,-7424.0
5032156,235000.0,3.5,360,Home purchase,2021-09-10,104.61,105.64125,Storgan Manley,11750.000000000011,Whole Loan Sale,105.64125,916.5000000000036,0.0,13256.94,1506.94
5032172,155000.0,2.75,240,Cash-out refinance,2021-09-10,103.19,104.22125,Storgan Manley,7750.000000000007,Whole Loan Sale,104.22125,2805.500000000001,0.0,6542.94,-1207.06
5032326,375000.0,3.375,360,Cash-out refinance,2021-09-11,104.61,105.51625,Golden Sachs,18750.00000000002,Whole Loan Sale,105.51625,1462.5000000000073,0.0,20685.94,1935.94
5032337,155000.0,2.99,240,Refinancing,2021-09-13,103.19,104.78375,Golden Sachs,7750.000000000007,Whole Loan Sale,104.78375,2805.500000000001,0.0,7414.81,-335.19
5032358,325000.0,3.125,360,Refinancing,2021-09-13,103.19,102.34625,Storgan Manley,16250.000000000015,Securitization (UMBS),103.19,5882.500000000002,0.0,10367.5,-5882.5
5032464,475000.0,3.25,360,Cash-out refinance,2021-09-14,104.61,106.20375,Golden Sachs,23750.000000000022,Whole Loan Sale,106.20375,1852.5000000000073,0.0,29467.81,5717.81
5032505,555000.0,2.875,360,Refinancing,2021-09-15,104.17,102.045,Golden Sachs,27750.000000000025,Securitization (UMBS),104.17,4606.499999999985,0.0,23143.5,-4606.5
5032565,505000.0,2.875,360,Other,2021-09-15,104.17,105.20125,Storgan Manley,25250.000000000022,Whole Loan Sale,105.20125,4191.499999999985,0.0,26266.31,1016.31
5032629,485000.0,2.75,360,Cash-out refinance,2021-09-16,103.19,102.22125,Storgan Manley,24250.000000000022,Securitization (UMBS),103.19,8778.500000000002,0.0,15471.5,-8778.5
5032757,305000.0,3.25,360,Cash-out refinance,2021-09-16,105.0,105.9375,Golden Sachs,15250.000000000013,Whole Loan Sale,105.9375,0.0,0.0,18109.38,2859.37
5032863,375000.0,2.99,360,Cash-out refinance,2021-09-16,103.19,102.94,Golden Sachs,18750.00000000002,Securitization (UMBS),103.19,6787.500000000004,0.0,11962.5,-6787.5
5033018,225000.0,2.99,360,Home purchase,2021-09-16,103.19,104.78375,Golden Sachs,11250.00000000001,Whole Loan Sale,104.78375,4072.5,0.0,10763.44,-486.56
5033045,475000.0,2.99,360,Cash-out refinance,2021-09-17,103.19,104.22125,Storgan Manley,23750.000000000022,Whole Loan Sale,104.22125,8597.500000000004,0.0,20050.94,-3699.06
5033155,175000.0,2.625,180,Cash-out refinance,2021-09-17,103.03,103.9675,Golden Sachs,8750.000000000007,Whole Loan Sale,103.9675,3447.500000000008,0.0,6943.13,-1806.88
5033229,335000.0,3.375,360,Refinancing,2021-09-17,105.0,105.90625,Golden Sachs,16750.000000000015,Whole Loan Sale,105.90625,0.0,0.0,19785.94,3035.94
5033239,75000.0,2.75,180,Refinancing,2021-09-17,103.19,103.72125,Storgan Manley,3750.000000000003,Whole Loan Sale,103.72125,1357.5,0.0,2790.94,-959.06
5033249,225000.0,2.875,276,Refinancing,2021-09-15,103.19,102.7525,Golden Sachs,11250.00000000001,Securitization (UMBS),103.19,4072.5,0.0,7177.5,-4072.5
5033360,95000.0,2.99,240,Refinancing,2021-08-26,103.19,104.22125,Storgan Manley,4750.000000000005,Whole Loan Sale,104.22125,1719.500000000001,0.0,4010.19,-739.81
5033409,515000.0,3.125,360,Cash-out refinance,2021-08-26,103.19,104.22125,Storgan Manley,25750.000000000022,Whole Loan Sale,104.22125,9321.5,0.0,21739.44,-4010.56
5033437,285000.0,2.75,360,Refinancing,2021-08-28,103.19,102.94,Golden Sachs,14250.000000000013,Securitization (UMBS),103.19,5158.500000000002,0.0,9091.5,-5158.5
5033487,295000.0,3.25,360,Refinancing,2021-08-30,104.61,104.64125,Golden Sachs,14750.000000000013,Whole Loan Sale,104.64125,1150.5000000000036,0.0,13691.69,-1058.31
5033503,315000.0,2.25,180,Cash-out refinance,2021-09-01,103.03,103.37375,Storgan Manley,15750.000000000015,Whole Loan Sale,103.37375,6205.500000000016,0.0,10627.31,-5122.69
5033548,625000.0,3.125,360,Home purchase,2021-09-01,103.19,103.44,Bank of Americans,31250.00000000003,Whole Loan Sale,103.44,11312.500000000004,0.0,21500.0,-9750.0
5033791,205000.0,2.75,360,Refinancing,2021-09-02,103.19,102.2525,Golden Sachs,10250.00000000001,Securitization (UMBS),103.19,3710.500000000001,0.0,6539.5,-3710.5
5033830,525000.0,3.375,360,Cash-out refinance,2021-09-02,105.0,103.9375,Golden Sachs,26250.000000000022,Securitization (UMBS),105.0,0.0,0.0,26250.0,-0.0
5033901,375000.0,2.875,360,Refinancing,2021-09-03,104.17,103.045,Golden Sachs,18750.00000000002,Securitization (UMBS),104.17,3112.499999999991,0.0,15637.5,-3112.5
5034028,325000.0,3.25,360,Refinancing,2021-09-03,104.61,103.61,Golden Sachs,16250.000000000015,Securitization (UMBS),104.61,1267.5000000000055,0.0,14982.5,-1267.5
5034062,185000.0,3.5,360,Cash-out refinance,2021-09-03,105.0,104.84375,Storgan Manley,9250.00000000001,Securitization (UMBS),105.0,0.0,0.0,9250.0,-0.0
5034063,345000.0,2.375,180,Cash-out refinance,2021-09-03,99.88,100.22375,Storgan Manley,17250.000000000015,Whole Loan Sale,100.22375,17664.000000000047,0.0,771.94,-16478.06
5034088,505000.0,2.25,360,Refinancing,2021-09-03,99.88,100.34875,PJ Logan,25250.000000000022,Whole Loan Sale,100.34875,25856.000000000065,0.0,1761.19,-23488.81
5034092,315000.0,3.375,360,Refinancing,2021-09-04,104.61,105.5475,Golden Sachs,15750.000000000015,Whole Loan Sale,105.5475,1228.5000000000055,0.0,17474.63,1724.62
5034209,205000.0,3.25,360,Refinancing,2021-09-04,104.61,105.01625,PJ Logan,10250.00000000001,Whole Loan Sale,105.01625,799.5000000000036,0.0,10283.31,33.31
5034330,135000.0,3.5,180,Refinancing,2021-09-06,104.61,103.26625,Storgan Manley,6750.000000000006,Securitization (UMBS),104.61,526.5000000000027,0.0,6223.5,-526.5
5034356,305000.0,2.375,180,Cash-out refinance,2021-09-06,99.88,101.005,PJ Logan,15250.000000000013,Whole Loan Sale,101.005,15616.00000000004,0.0,3065.25,-12184.75
5034365,205000.0,2.75,360,Cash-out refinance,2021-09-07,103.19,102.6275,Golden Sachs,10250.00000000001,Securitization (UMBS),103.19,3710.500000000001,0.0,6539.5,-3710.5
5034374,185000.0,2.75,360,Cash-out refinance,2021-09-08,103.19,102.2525,Golden Sachs,9250.00000000001,Securitization (UMBS),103.19,3348.500000000002,0.0,5901.5,-3348.5
5034378,115000.0,2.875,360,Home purchase,2021-09-09,103.19,104.065,Bank of Americans,5750.0000000000055,Whole Loan Sale,104.065,2081.500000000001,0.0,4674.75,-1075.25
5034398,265000.0,1.99,180,Refinancing,2021-09-10,97.45,96.325,Golden Sachs,13250.000000000011,Securitization (UMBS),97.45,20007.5,0.0,-6757.5,-20007.5
5034418,195000.0,2.99,360,Cash-out refinance,2021-09-10,103.19,102.72125,Storgan Manley,9750.00000000001,Securitization (UMBS),103.19,3529.500000000002,0.0,6220.5,-3529.5
5034436,365000.0,2.875,240,Refinancing,2021-09-11,104.17,104.51375,Storgan Manley,18250.000000000015,Whole Loan Sale,104.51375,3029.499999999989,0.0,16475.19,-1774.81
5034455,295000.0,2.5,180,Cash-out refinance,2021-09-11,103.03,102.18625,Storgan Manley,14750.000000000013,Securitization (UMBS),103.03,5811.500000000015,0.0,8938.5,-5811.5
5034471,265000.0,2.875,360,Home purchase,2021-09-13,103.19,104.78375,Golden Sachs,13250.000000000011,Whole Loan Sale,104.78375,4796.5,0.0,12676.94,-573.06
5034484,205000.0,2.375,180,Refinancing,2021-09-14,99.88,99.3175,Golden Sachs,10250.00000000001,Securitization (UMBS),99.88,10496.000000000027,0.0,-246.0,-10496.0
5034502,175000.0,2.99,360,Cash-out refinance,2021-09-14,104.17,103.545,Golden Sachs,8750.000000000007,Securitization (UMBS),104.17,1452.4999999999945,0.0,7297.5,-1452.5
5034527,155000.0,3.5,360,Cash-out refinance,2021-09-14,105.0,105.9375,Golden Sachs,7750.000000000007,Whole Loan Sale,105.9375,0.0,0.0,9203.13,1453.12
5034739,215000.0,2.5,180,Refinancing,2021-09-14,99.88,99.63,Golden Sachs,10750.00000000001,Securitization (UMBS),99.88,11008.00000000003,0.0,-258.0,-11008.0
5034785,115000.0,2.625,180,Refinancing,2021-09-15,99.88,100.8175,Golden Sachs,5750.0000000000055,Whole Loan Sale,100.8175,5888.0000000000155,0.0,940.12,-4809.88
5034909,345000.0,3.25,360,Home purchase,2021-09-15,104.61,105.5475,Golden Sachs,17250.000000000015,Whole Loan Sale,105.5475,1345.5000000000036,0.0,19138.88,1888.87
5034931,155000.0,2.875,180,Cash-out refinance,2021-09-16,103.19,104.065,Golden Sachs,7750.000000000007,Whole Loan Sale,104.065,2805.500000000001,0.0,6300.75,-1449.25
5034973,155000.0,2.99,240,Refinancing,2021-09-16,103.19,103.72125,Storgan Manley,7750.000000000007,Whole Loan Sale,103.72125,2805.500000000001,0.0,5767.94,-1982.06
5034985,215000.0,3.25,360,Cash-out refinance,2021-09-17,104.61,105.14125,Storgan Manley,10750.00000000001,Whole Loan Sale,105.14125,838.5000000000018,0.0,11053.69,303.69
5035074,115000.0,2.5,120,Refinancing,2021-09-17,99.88,98.8175,Golden Sachs,5750.0000000000055,Securitization (UMBS),99.88,5888.0000000000155,0.0,-138.0,-5888.0
5035109,255000.0,2.875,360,Home purchase,2021-07-15,103.19,103.72125,Storgan Manley,12750.000000000011,Whole Loan Sale,103.72125,4615.500000000001,0.0,9489.19,-3260.81
5035142,165000.0,1.875,120,Cash-out refinance,2021-08-26,100.93,101.8675,Golden Sachs,8250.000000000007,Whole Loan Sale,101.8675,6715.499999999993,0.0,3081.38,-5168.62
5035192,215000.0,2.99,360,Home purchase,2021-08-27,103.19,103.65875,PJ Logan,10750.00000000001,Whole Loan Sale,103.65875,3891.500000000001,0.0,7866.31,-2883.69
5035219,265000.0,2.94,360,Cash-out refinance,2021-08-28,104.17,105.295,PJ Logan,13250.000000000011,Whole Loan Sale,105.295,2199.4999999999927,0.0,14031.75,781.75
5035338,755000.0,3.25,360,Refinancing,2021-08-28,104.61,106.20375,Golden Sachs,37750.00000000004,Whole Loan Sale,106.20375,2944.5000000000146,0.0,46838.31,9088.31
5035469,465000.0,2.875,360,Refinancing,2021-08-30,103.19,104.09625,Storgan Manley,23250.000000000022,Whole Loan Sale,104.09625,8416.500000000004,0.0,19047.56,-4202.44
5035540,375000.0,2.69,360,Refinancing,2021-08-30,99.88,98.8175,Golden Sachs,18750.00000000002,Securitization (UMBS),99.88,19200.00000000005,0.0,-450.0,-19200.0
5035644,615000.0,3.19,360,Home purchase,2021-09-01,103.19,103.72125,Storgan Manley,30750.00000000003,Whole Loan Sale,103.72125,11131.500000000004,0.0,22885.69,-7864.31
5035798,165000.0,3.375,360,Cash-out refinance,2021-09-01,104.61,105.5475,Golden Sachs,8250.000000000007,Whole Loan Sale,105.5475,643.5000000000027,0.0,9153.38,903.37
5035821,305000.0,3.125,360,Cash-out refinance,2021-09-01,104.17,105.295,PJ Logan,15250.000000000013,Whole Loan Sale,105.295,2531.499999999991,0.0,16149.75,899.75
5035878,105000.0,2.125,108,Refinancing,2021-09-02,97.45,98.48125,Storgan Manley,5250.000000000005,Whole Loan Sale,98.48125,7927.500000000001,0.0,-1594.69,-6844.69
5035898,545000.0,2.875,360,Home purchase,2021-09-03,103.19,102.72125,Storgan Manley,27250.000000000025,Securitization (UMBS),103.19,9864.500000000004,0.0,17385.5,-9864.5
5035909,115000.0,2.75,180,Cash-out refinance,2021-09-03,103.19,103.44,Golden Sachs,5750.0000000000055,Whole Loan Sale,103.44,2081.500000000001,0.0,3956.0,-1794.0
5035959,85000.0,2.875,240,Home purchase,2021-09-03,104.17,105.20125,Storgan Manley,4250.000000000004,Whole Loan Sale,105.20125,705.4999999999977,0.0,4421.06,171.06
5035991,595000.0,2.625,360,Refinancing,2021-09-03,99.88,99.255,Golden Sachs,29750.000000000025,Securitization (UMBS),99.88,30464.00000000008,0.0,-714.0,-30464.0
5036006,115000.0,2.75,180,Refinancing,2021-09-04,103.19,104.09625,Storgan Manley,5750.0000000000055,Whole Loan Sale,104.09625,2081.500000000001,0.0,4710.69,-1039.31
5036104,495000.0,2.25,360,Cash-out refinance,2021-09-04,99.88,102.0675,Golden Sachs,24750.000000000022,Whole Loan Sale,102.0675,25344.000000000065,0.0,10234.12,-14515.88
5036112,435000.0,2.5,180,Cash-out refinance,2021-09-06,99.88,99.72375,PJ Logan,21750.00000000002,Securitization (UMBS),99.88,22272.00000000006,0.0,-522.0,-22272.0
5036328,125000.0,2.75,360,Refinancing,2021-09-06,103.19,104.1275,Golden Sachs,6250.0000000000055,Whole Loan Sale,104.1275,2262.5000000000005,0.0,5159.37,-1090.63
5036365,95000.0,3.5,360,Cash-out refinance,2021-09-06,105.0,106.03125,Storgan Manley,4750.000000000005,Whole Loan Sale,106.03125,0.0,0.0,5729.69,979.69
5036522,445000.0,2.99,360,Cash-out refinance,2021-09-08,104.17,104.63875,PJ Logan,22250.00000000002,Whole Loan Sale,104.63875,3693.4999999999854,0.0,20642.44,-1607.56
5036593,75000.0,2.75,120,Cash-out refinance,2021-09-08,103.19,103.59625,PJ Logan,3750.000000000003,Whole Loan Sale,103.59625,1357.5,0.0,2697.19,-1052.81
5036607,175000.0,2.99,360,Refinancing,2021-09-08,103.19,103.65875,PJ Logan,8750.000000000007,Whole Loan Sale,103.65875,3167.5,0.0,6402.81,-2347.19
5036643,175000.0,2.5,180,Refinancing,2021-09-09,99.88,101.47375,Golden Sachs,8750.000000000007,Whole Loan Sale,101.47375,8960.000000000024,0.0,2579.06,-6170.94
5036716,365000.0,2.99,360,Cash-out refinance,2021-09-10,103.19,104.78375,Golden Sachs,18250.000000000015,Whole Loan Sale,104.78375,6606.5,0.0,17460.69,-789.31
5036744,145000.0,3.375,360,Cash-out refinance,2021-09-10,104.61,103.6725,Golden Sachs,7250.000000000006,Securitization (UMBS),104.61,565.5000000000018,0.0,6684.5,-565.5
5036786,225000.0,3.99,360,Home purchase,2021-09-11,106.41,105.9725,Golden Sachs,11250.00000000001,Securitization (UMBS),106.41,-3172.500000000002,0.0,14422.5,3172.5
5036818,375000.0,2.99,360,Cash-out refinance,2021-09-11,104.17,103.2325,Golden Sachs,18750.00000000002,Securitization (UMBS),104.17,3112.499999999991,0.0,15637.5,-3112.5
5036875,205000.0,2.875,360,Cash-out refinance,2021-09-11,103.19,101.7525,Golden Sachs,10250.00000000001,Securitization (UMBS),103.19,3710.500000000001,0.0,6539.5,-3710.5
5036962,155000.0,2.875,360,Refinancing,2021-09-11,103.19,102.94,Bank of Americans,7750.000000000007,Securitization (UMBS),103.19,2805.500000000001,0.0,4944.5,-2805.5
5037046,535000.0,2.625,360,Refinancing,2021-09-13,103.03,102.06125,Storgan Manley,26750.000000000025,Securitization (UMBS),103.03,10539.50000000003,0.0,16210.5,-10539.5
5037069,225000.0,2.875,240,Refinancing,2021-09-13,103.19,102.72125,Storgan Manley,11250.00000000001,Securitization (UMBS),103.19,4072.5,0.0,7177.5,-4072.5
5037102,145000.0,3.375,360,Cash-out refinance,2021-09-13,105.0,104.03125,Storgan Manley,7250.000000000006,Securitization (UMBS),105.0,0.0,0.0,7250.0,-0.0
5037119,165000.0,3.75,360,Cash-out refinance,2021-09-14,105.77,105.17625,Storgan Manley,8250.000000000007,Securitization (UMBS),105.77,-1270.499999999971,0.0,9520.5,1270.5
5037173,225000.0,2.375,360,Refinancing,2021-09-14,99.88,99.3175,Golden Sachs,11250.00000000001,Securitization (UMBS),99.88,11520.00000000003,0.0,-270.0,-11520.0
5037257,295000.0,2.99,360,Cash-out refinance,2021-09-15,103.19,104.22125,Storgan Manley,14750.000000000013,Whole Loan Sale,104.22125,5339.500000000002,0.0,12452.69,-2297.31
5037336,285000.0,2.875,360,Refinancing,2021-09-15,103.19,103.97125,Golden Sachs,14250.000000000013,Whole Loan Sale,103.97125,5158.500000000002,0.0,11318.06,-2931.94
5037362,135000.0,2.75,180,Refinancing,2021-09-15,103.19,102.815,Bank of Americans,6750.000000000006,Securitization (UMBS),103.19,2443.500000000001,0.0,4306.5,-2443.5
5037389,155000.0,3.25,360,Cash-out refinance,2021-09-16,105.0,105.90625,Golden Sachs,7750.000000000007,Whole Loan Sale,105.90625,0.0,0.0,9154.69,1404.69
5037405,95000.0,2.625,180,Cash-out refinance,2021-09-16,103.03,104.06125,Storgan Manley,4750.000000000005,Whole Loan Sale,104.06125,1871.500000000005,0.0,3858.19,-891.81
5037478,155000.0,2.99,360,Refinancing,2021-09-17,103.19,102.94,Bank of Americans,7750.000000000007,Securitization (UMBS),103.19,2805.500000000001,0.0,4944.5,-2805.5
5037575,365000.0,2.69,240,Cash-out refinance,2021-09-17,99.88,100.28625,Golden Sachs,18250.000000000015,Whole Loan Sale,100.28625,18688.000000000047,0.0,1044.81,-17205.19
5037620,595000.0,2.69,360,Refinancing,2021-08-25,103.03,103.49875,PJ Logan,29750.000000000025,Whole Loan Sale,103.49875,11721.50000000003,0.0,20817.56,-8932.44
5037623,425000.0,3.5,360,Cash-out refinance,2021-08-26,104.61,104.11,Golden Sachs,21250.00000000002,Securitization (UMBS),104.61,1657.5000000000073,0.0,19592.5,-1657.5
5024423,155000.0,2.99,360,Home purchase,2021-08-26,103.19,102.6275,Golden Sachs,7750.000000000007,Securitization (UMBS),103.19,2805.500000000001,0.0,4944.5,-2805.5
5024537,135000.0,2.375,180,Refinancing,2021-08-26,99.88,100.8175,Golden Sachs,6750.000000000006,Whole Loan Sale,100.8175,6912.000000000018,0.0,1103.62,-5646.38
5024626,105000.0,2.75,360,Refinancing,2021-08-28,103.19,104.1275,Golden Sachs,5250.000000000005,Whole Loan Sale,104.1275,1900.5000000000005,0.0,4333.87,-916.13
5025131,505000.0,2.5,360,Refinancing,2021-08-28,99.88,99.8175,Golden Sachs,25250.000000000022,Securitization (UMBS),99.88,25856.000000000065,0.0,-606.0,-25856.0
5025676,105000.0,3.875,360,Cash-out refinance,2021-08-31,106.41,106.94125,Storgan Manley,5250.000000000005,Whole Loan Sale,106.94125,-1480.5,0.0,7288.31,2038.31
5025747,205000.0,2.99,360,Cash-out refinance,2021-08-31,104.17,104.63875,PJ Logan,10250.00000000001,Whole Loan Sale,104.63875,1701.4999999999945,0.0,9509.44,-740.56
5026427,345000.0,2.625,240,Cash-out refinance,2021-09-01,99.88,98.505,Bank of Americans,17250.000000000015,Securitization (UMBS),99.88,17664.000000000047,0.0,-414.0,-17664.0
5026589,335000.0,2.625,180,Cash-out refinance,2021-09-01,99.88,100.28625,Golden Sachs,16750.000000000015,Whole Loan Sale,100.28625,17152.000000000044,0.0,958.94,-15791.06
5026946,285000.0,3.25,360,Refinancing,2021-09-01,105.0,105.46875,PJ Logan,14250.000000000013,Whole Loan Sale,105.46875,0.0,0.0,15585.94,1335.94
5027187,155000.0,2.625,180,Cash-out refinance,2021-09-01,99.88,100.005,Bank of Americans,7750.000000000007,Whole Loan Sale,100.005,7936.000000000021,0.0,7.75,-7742.25
5027875,325000.0,3.25,360,Cash-out refinance,2021-09-01,104.61,104.64125,Golden Sachs,16250.000000000015,Whole Loan Sale,104.64125,1267.5000000000055,0.0,15084.06,-1165.94
5028121,285000.0,2.99,360,Refinancing,2021-09-02,103.19,104.09625,Golden Sachs,14250.000000000013,Whole Loan Sale,104.09625,5158.500000000002,0.0,11674.31,-2575.69
5028930,125000.0,2.875,360,Cash-out refinance,2021-09-02,103.19,104.1275,Golden Sachs,6250.0000000000055,Whole Loan Sale,104.1275,2262.5000000000005,0.0,5159.37,-1090.63
5028946,175000.0,3.375,312,Cash-out refinance,2021-09-02,104.61,105.64125,Storgan Manley,8750.000000000007,Whole Loan Sale,105.64125,682.5000000000018,0.0,9872.19,1122.19
5029185,125000.0,2.625,180,Cash-out refinance,2021-09-03,103.03,103.06125,Golden Sachs,6250.0000000000055,Whole Loan Sale,103.06125,2462.5000000000064,0.0,3826.56,-2423.44
5029684,135000.0,2.875,180,Cash-out refinance,2021-09-03,104.17,105.76375,Golden Sachs,6750.000000000006,Whole Loan Sale,105.76375,1120.4999999999973,0.0,7781.06,1031.06
5029798,165000.0,2.25,180,Refinancing,2021-09-03,99.88,98.9425,Golden Sachs,8250.000000000007,Securitization (UMBS),99.88,8448.000000000022,0.0,-198.0,-8448.0
5029945,545000.0,3.375,360,Cash-out refinance,2021-09-04,104.61,104.36,Golden Sachs,27250.000000000025,Securitization (UMBS),104.61,2125.500000000011,0.0,25124.5,-2125.5
5030069,315000.0,2.99,360,Home purchase,2021-09-04,103.19,103.03375,Storgan Manley,15750.000000000015,Securitization (UMBS),103.19,5701.500000000002,0.0,10048.5,-5701.5
5030237,275000.0,2.75,180,Cash-out refinance,2021-09-06,104.17,104.70125,Storgan Manley,13750.000000000013,Whole Loan Sale,104.70125,2282.4999999999927,0.0,12928.44,-821.56
5030470,205000.0,2.99,360,Cash-out refinance,2021-09-06,103.19,103.44,Bank of Americans,10250.00000000001,Whole Loan Sale,103.44,3710.500000000001,0.0,7052.0,-3198.0
5030476,235000.0,3.25,180,Cash-out refinance,2021-09-07,105.0,104.9375,Golden Sachs,11750.000000000011,Securitization (UMBS),105.0,0.0,0.0,11750.0,-0.0
5030632,235000.0,2.375,180,Cash-out refinance,2021-09-08,99.88,98.755,Golden Sachs,11750.000000000011,Securitization (UMBS),99.88,12032.000000000033,0.0,-282.0,-12032.0
5030639,485000.0,2.99,360,Cash-out refinance,2021-09-08,103.19,102.94,Bank of Americans,24250.000000000022,Securitization (UMBS),103.19,8778.500000000002,0.0,15471.5,-8778.5
5030768,205000.0,3.19,360,Cash-out refinance,2021-09-08,104.17,103.1075,Golden Sachs,10250.00000000001,Securitization (UMBS),104.17,1701.4999999999945,0.0,8548.5,-1701.5
5031405,175000.0,1.99,120,Refinancing,2021-09-09,97.45,97.91875,PJ Logan,8750.000000000007,Whole Loan Sale,97.91875,13212.500000000002,0.0,-3642.19,-12392.19
5031451,525000.0,1.99,180,Cash-out refinance,2021-09-09,97.45,95.48125,Storgan Manley,26250.000000000022,Securitization (UMBS),97.45,39637.50000000001,0.0,-13387.5,-39637.5
5031474,385000.0,2.94,360,Cash-out refinance,2021-09-09,103.19,103.72125,Storgan Manley,19250.00000000002,Whole Loan Sale,103.72125,6968.500000000004,0.0,14326.81,-4923.19
5032249,125000.0,3.99,360,Cash-out refinance,2021-09-10,105.77,0.0,Golden Sachs,6250.0000000000055,Securitization (UMBS),105.77,-962.4999999999773,0.0,7212.5,962.5
5032340,125000.0,3.375,360,Refinancing,2021-09-10,104.61,106.20375,Golden Sachs,6250.0000000000055,Whole Loan Sale,106.20375,487.5000000000018,0.0,7754.69,1504.69
5032397,425000.0,2.99,360,Home purchase,2021-09-10,103.19,104.22125,Storgan Manley,21250.00000000002,Whole Loan Sale,104.22125,7692.500000000002,0.0,17940.31,-3309.69
5032573,105000.0,3.25,360,Refinancing,2021-09-11,105.0,105.90625,Golden Sachs,5250.000000000005,Whole Loan Sale,105.90625,0.0,0.0,6201.56,951.56
5032909,395000.0,2.5,180,Refinancing,2021-09-11,99.88,99.3175,Golden Sachs,19750.00000000002,Securitization (UMBS),99.88,20224.000000000055,0.0,-474.0,-20224.0
5032956,135000.0,3.125,324,Refinancing,2021-09-11,103.19,103.44,Golden Sachs,6750.000000000006,Whole Loan Sale,103.44,2443.500000000001,0.0,4644.0,-2106.0
5033205,235000.0,3.375,360,Home improvement,2021-09-13,104.61,103.64125,Storgan Manley,11750.000000000011,Securitization (UMBS),104.61,916.5000000000036,0.0,10833.5,-916.5
5033331,245000.0,2.75,360,Refinancing,2021-09-13,103.19,104.315,PJ Logan,12250.000000000011,Whole Loan Sale,104.315,4434.500000000001,0.0,10571.75,-1678.25
5033362,505000.0,3.375,360,Home purchase,2021-09-13,105.0,106.03125,Storgan Manley,25250.000000000022,Whole Loan Sale,106.03125,0.0,0.0,30457.81,5207.81
5033399,255000.0,2.875,360,Refinancing,2021-09-13,103.19,103.315,Bank of Americans,12750.000000000011,Whole Loan Sale,103.315,4615.500000000001,0.0,8453.25,-4296.75
5033551,155000.0,2.875,360,Home purchase,2021-09-15,103.19,104.22125,Storgan Manley,7750.000000000007,Whole Loan Sale,104.22125,2805.500000000001,0.0,6542.94,-1207.06
5033816,325000.0,2.69,360,Refinancing,2021-09-15,99.88,100.8175,Golden Sachs,16250.000000000015,Whole Loan Sale,100.8175,16640.000000000044,0.0,2656.87,-13593.13
5033904,215000.0,2.25,180,Refinancing,2021-09-15,103.03,103.56125,Storgan Manley,10750.00000000001,Whole Loan Sale,103.56125,4235.500000000011,0.0,7656.69,-3093.31
5033970,265000.0,2.875,360,Refinancing,2021-09-16,103.19,104.1275,Golden Sachs,13250.000000000011,Whole Loan Sale,104.1275,4796.5,0.0,10937.87,-2312.13
5034587,75000.0,2.875,180,Refinancing,2021-09-16,103.19,103.44,Bank of Americans,3750.000000000003,Whole Loan Sale,103.44,1357.5,0.0,2580.0,-1170.0
5034646,315000.0,3.25,360,Cash-out refinance,2021-09-17,104.61,0.0,Golden Sachs,15750.000000000015,Securitization (UMBS),104.61,1228.5000000000055,0.0,14521.5,-1228.5
5035099,625000.0,3.375,360,Cash-out refinance,2021-09-17,104.61,103.985,Bank of Americans,31250.00000000003,Securitization (UMBS),104.61,2437.500000000011,0.0,28812.5,-2437.5
5035235,705000.0,3.19,360,Cash-out refinance,2021-09-13,104.17,105.295,PJ Logan,35250.00000000003,Whole Loan Sale,105.295,5851.499999999978,0.0,37329.75,2079.75
5035812,325000.0,3.19,360,Cash-out refinance,2021-09-09,103.19,104.09625,Storgan Manley,16250.000000000015,Whole Loan Sale,104.09625,5882.500000000002,0.0,13312.81,-2937.19
5035888,65000.0,2.99,180,Cash-out refinance,2021-08-20,103.19,0.0,Golden Sachs,3250.0000000000027,Securitization (UMBS),103.19,1176.5,0.0,2073.5,-1176.5
5035971,125000.0,2.875,360,Refinancing,2021-08-24,103.19,102.2525,Golden Sachs,6250.0000000000055,Securitization (UMBS),103.19,2262.5000000000005,0.0,3987.5,-2262.5
5036132,215000.0,2.25,180,Refinancing,2021-08-25,99.88,98.91125,Storgan Manley,10750.00000000001,Securitization (UMBS),99.88,11008.00000000003,0.0,-258.0,-11008.0
5036157,195000.0,3.375,360,Cash-out refinance,2021-08-27,105.0,105.875,Bank of Americans,9750.00000000001,Whole Loan Sale,105.875,0.0,0.0,11456.25,1706.25
5036507,105000.0,3.25,360,Refinancing,2021-08-27,104.61,105.5475,Golden Sachs,5250.000000000005,Whole Loan Sale,105.5475,409.5000000000018,0.0,5824.88,574.87
5036518,225000.0,2.25,180,Refinancing,2021-08-30,99.88,100.91125,Storgan Manley,11250.00000000001,Whole Loan Sale,100.91125,11520.00000000003,0.0,2050.31,-9199.69
5036630,85000.0,2.5,120,Refinancing,2021-09-01,99.88,98.3175,Golden Sachs,4250.000000000004,Securitization (UMBS),99.88,4352.000000000011,0.0,-102.0,-4352.0
5036782,135000.0,3.375,360,Cash-out refinance,2021-09-02,104.61,104.36,Golden Sachs,6750.000000000006,Securitization (UMBS),104.61,526.5000000000027,0.0,6223.5,-526.5
5037418,265000.0,2.99,360,Refinancing,2021-09-02,103.19,103.59625,PJ Logan,13250.000000000011,Whole Loan Sale,103.59625,4796.5,0.0,9530.06,-3719.94
5024025,235000.0,3.375,360,Cash-out refinance,2021-09-02,105.0,104.15625,Storgan Manley,11750.000000000011,Securitization (UMBS),105.0,0.0,0.0,11750.0,-0.0
5024110,145000.0,2.875,240,Refinancing,2021-09-03,104.17,103.7325,Golden Sachs,7250.000000000006,Securitization (UMBS),104.17,1203.4999999999964,0.0,6046.5,-1203.5
5024135,165000.0,3.25,360,Cash-out refinance,2021-09-03,104.61,104.86,Bank of Americans,8250.000000000007,Whole Loan Sale,104.86,643.5000000000027,0.0,8019.0,-231.0
5024143,245000.0,2.99,360,Refinancing,2021-09-03,103.19,104.03375,PJ Logan,12250.000000000011,Whole Loan Sale,104.03375,4434.500000000001,0.0,9882.69,-2367.31
5024146,225000.0,3.375,360,Cash-out refinance,2021-09-03,104.61,103.5475,Golden Sachs,11250.00000000001,Securitization (UMBS),104.61,877.5000000000018,0.0,10372.5,-877.5
5024188,235000.0,3.375,360,Home purchase,2021-09-04,104.61,104.45375,Storgan Manley,11750.000000000011,Securitization (UMBS),104.61,916.5000000000036,0.0,10833.5,-916.5
5024375,135000.0,3.375,360,Cash-out refinance,2021-09-04,104.61,105.07875,PJ Logan,6750.000000000006,Whole Loan Sale,105.07875,526.5000000000027,0.0,6856.31,106.31
5024379,545000.0,3.125,360,Cash-out refinance,2021-09-04,103.19,102.22125,Storgan Manley,27250.000000000025,Securitization (UMBS),103.19,9864.500000000004,0.0,17385.5,-9864.5
5024389,155000.0,2.75,360,Home purchase,2021-09-06,103.19,104.69,PJ Logan,7750.000000000007,Whole Loan Sale,104.69,2805.500000000001,0.0,7269.5,-480.5
5024487,245000.0,2.99,360,Refinancing,2021-09-06,103.19,102.94,Bank of Americans,12250.000000000011,Securitization (UMBS),103.19,4434.500000000001,0.0,7815.5,-4434.5
5024533,315000.0,2.99,360,Cash-out refinance,2021-09-07,103.19,102.565,Golden Sachs,15750.000000000015,Securitization (UMBS),103.19,5701.500000000002,0.0,10048.5,-5701.5
5024738,395000.0,2.875,360,Refinancing,2021-09-09,104.17,104.42,Bank of Americans,19750.00000000002,Whole Loan Sale,104.42,3278.499999999989,0.0,17459.0,-2291.0
5024768,145000.0,2.625,180,Cash-out refinance,2021-09-10,103.03,103.9675,Golden Sachs,7250.000000000006,Whole Loan Sale,103.9675,2856.5000000000073,0.0,5752.88,-1497.13
5024899,225000.0,2.99,360,Refinancing,2021-09-11,103.19,102.2525,Golden Sachs,11250.00000000001,Securitization (UMBS),103.19,4072.5,0.0,7177.5,-4072.5
5024909,625000.0,2.875,360,Refinancing,2021-09-11,104.17,103.6075,Golden Sachs,31250.00000000003,Securitization (UMBS),104.17,5187.499999999985,0.0,26062.5,-5187.5
5024937,435000.0,3.125,360,Home purchase,2021-09-11,103.19,104.78375,Golden Sachs,21750.00000000002,Whole Loan Sale,104.78375,7873.500000000002,0.0,20809.31,-940.69
5024978,375000.0,3.19,360,Home purchase,2021-09-11,103.19,103.65875,PJ Logan,18750.00000000002,Whole Loan Sale,103.65875,6787.500000000004,0.0,13720.31,-5029.69
5025082,325000.0,2.94,360,Home purchase,2021-09-13,103.19,104.315,PJ Logan,16250.000000000015,Whole Loan Sale,104.315,5882.500000000002,0.0,14023.75,-2226.25
5025145,175000.0,2.875,360,Cash-out refinance,2021-09-13,104.17,104.95125,PJ Logan,8750.000000000007,Whole Loan Sale,104.95125,1452.4999999999945,0.0,8664.69,-85.31
5025155,215000.0,2.25,180,Cash-out refinance,2021-09-13,99.88,100.34875,PJ Logan,10750.00000000001,Whole Loan Sale,100.34875,11008.00000000003,0.0,749.81,-10000.19
5025177,635000.0,2.875,360,Refinancing,2021-09-13,103.19,104.03375,PJ Logan,31750.00000000003,Whole Loan Sale,104.03375,11493.500000000004,0.0,25614.31,-6135.69
5025390,85000.0,2.875,180,Refinancing,2021-09-13,103.19,104.22125,Storgan Manley,4250.000000000004,Whole Loan Sale,104.22125,1538.5000000000005,0.0,3588.06,-661.94
5025514,365000.0,1.99,180,Refinancing,2021-09-13,97.45,97.91875,PJ Logan,18250.000000000015,Whole Loan Sale,97.91875,27557.5,0.0,-7596.56,-25846.56
5025640,215000.0,3.25,360,Refinancing,2021-09-14,105.0,105.46875,PJ Logan,10750.00000000001,Whole Loan Sale,105.46875,0.0,0.0,11757.81,1007.81
5025660,545000.0,2.99,360,Home purchase,2021-09-14,103.19,104.315,PJ Logan,27250.000000000025,Whole Loan Sale,104.315,9864.500000000004,0.0,23516.75,-3733.25
5025730,505000.0,2.625,360,Home purchase,2021-09-14,99.88,100.41125,Storgan Manley,25250.000000000022,Whole Loan Sale,100.41125,25856.000000000065,0.0,2076.81,-23173.19
5025805,265000.0,2.875,240,Refinancing,2021-09-14,104.17,105.20125,Storgan Manley,13250.000000000011,Whole Loan Sale,105.20125,2199.4999999999927,0.0,13783.31,533.31
5025954,235000.0,3.625,360,Home purchase,2021-09-15,104.61,106.11,PJ Logan,11750.000000000011,Whole Loan Sale,106.11,916.5000000000036,0.0,14358.5,2608.5
5026103,165000.0,2.99,240,Refinancing,2021-09-15,103.19,104.09625,Golden Sachs,8250.000000000007,Whole Loan Sale,104.09625,2986.500000000001,0.0,6758.81,-1491.19
5026125,435000.0,3.25,360,Cash-out refinance,2021-09-17,105.0,105.25,Golden Sachs,21750.00000000002,Whole Loan Sale,105.25,0.0,0.0,22837.5,1087.5
5026200,385000.0,2.875,360,Refinancing,2021-09-13,103.19,103.03375,Storgan Manley,19250.00000000002,Securitization (UMBS),103.19,6968.500000000004,0.0,12281.5,-6968.5
5026223,345000.0,2.99,360,Refinancing,2021-08-26,103.19,103.53375,Storgan Manley,17250.000000000015,Whole Loan Sale,103.53375,6244.500000000002,0.0,12191.44,-5058.56
5026268,315000.0,2.75,360,Refinancing,2021-08-27,103.19,103.59625,Golden Sachs,15750.000000000015,Whole Loan Sale,103.59625,5701.500000000002,0.0,11328.19,-4421.81
5026312,345000.0,3.125,360,Refinancing,2021-08-30,103.19,102.34625,Storgan Manley,17250.000000000015,Securitization (UMBS),103.19,6244.500000000002,0.0,11005.5,-6244.5
5026317,145000.0,2.99,324,Refinancing,2021-09-01,104.17,103.7325,Golden Sachs,7250.000000000006,Securitization (UMBS),104.17,1203.4999999999964,0.0,6046.5,-1203.5
5026351,185000.0,1.99,180,Cash-out refinance,2021-09-01,97.45,96.60625,Storgan Manley,9250.00000000001,Securitization (UMBS),97.45,13967.500000000004,0.0,-4717.5,-13967.5
5026392,735000.0,2.99,360,Cash-out refinance,2021-09-01,104.17,103.82625,Storgan Manley,36750.00000000003,Securitization (UMBS),104.17,6100.499999999978,0.0,30649.5,-6100.5
5026582,95000.0,2.5,180,Refinancing,2021-09-02,99.88,99.03625,Storgan Manley,4750.000000000005,Securitization (UMBS),99.88,4864.000000000013,0.0,-114.0,-4864.0
5026596,365000.0,2.875,360,Refinancing,2021-09-02,103.19,102.2525,Golden Sachs,18250.000000000015,Securitization (UMBS),103.19,6606.5,0.0,11643.5,-6606.5
5026639,275000.0,2.25,180,Cash-out refinance,2021-09-02,99.88,99.3175,Golden Sachs,13750.000000000013,Securitization (UMBS),99.88,14080.000000000038,0.0,-330.0,-14080.0
5026723,235000.0,2.99,360,Cash-out refinance,2021-09-02,103.19,101.22125,Storgan Manley,11750.000000000011,Securitization (UMBS),103.19,4253.500000000002,0.0,7496.5,-4253.5
5026752,125000.0,2.99,240,Refinancing,2021-09-02,104.17,103.20125,Storgan Manley,6250.0000000000055,Securitization (UMBS),104.17,1037.4999999999964,0.0,5212.5,-1037.5
5026758,195000.0,2.875,360,Home purchase,2021-09-02,103.19,102.72125,Storgan Manley,9750.00000000001,Securitization (UMBS),103.19,3529.500000000002,0.0,6220.5,-3529.5
5026777,135000.0,2.875,360,Refinancing,2021-09-03,103.19,102.065,Golden Sachs,6750.000000000006,Securitization (UMBS),103.19,2443.500000000001,0.0,4306.5,-2443.5
5026833,155000.0,3.25,360,Cash-out refinance,2021-09-03,104.61,103.5475,Golden Sachs,7750.000000000007,Securitization (UMBS),104.61,604.5000000000027,0.0,7145.5,-604.5
5026952,385000.0,2.875,360,Home purchase,2021-09-04,103.19,104.78375,Golden Sachs,19250.00000000002,Whole Loan Sale,104.78375,6968.500000000004,0.0,18417.44,-832.56
5026968,145000.0,3.375,360,Refinancing,2021-09-06,104.61,103.6725,Golden Sachs,7250.000000000006,Securitization (UMBS),104.61,565.5000000000018,0.0,6684.5,-565.5
5027000,85000.0,3.375,336,Refinancing,2021-09-06,105.0,105.9375,Golden Sachs,4250.000000000004,Whole Loan Sale,105.9375,0.0,0.0,5046.88,796.87
5027014,115000.0,2.99,360,Cash-out refinance,2021-09-07,103.19,103.44,Bank of Americans,5750.0000000000055,Whole Loan Sale,103.44,2081.500000000001,0.0,3956.0,-1794.0
5027029,285000.0,2.875,360,Cash-out refinance,2021-09-07,103.19,103.47125,Storgan Manley,14250.000000000013,Whole Loan Sale,103.47125,5158.500000000002,0.0,9893.06,-4356.94
5027195,155000.0,2.25,180,Refinancing,2021-09-07,99.88,100.13,Golden Sachs,7750.000000000007,Whole Loan Sale,100.13,7936.000000000021,0.0,201.5,-7548.5
5027251,285000.0,2.25,180,Refinancing,2021-09-08,103.03,102.4675,Golden Sachs,14250.000000000013,Securitization (UMBS),103.03,5614.500000000015,0.0,8635.5,-5614.5
5027373,155000.0,2.5,180,Refinancing,2021-09-09,99.88,99.03625,Storgan Manley,7750.000000000007,Securitization (UMBS),99.88,7936.000000000021,0.0,-186.0,-7936.0
5027378,195000.0,2.875,360,Home purchase,2021-09-10,103.19,102.6275,Golden Sachs,9750.00000000001,Securitization (UMBS),103.19,3529.500000000002,0.0,6220.5,-3529.5
5027462,395000.0,2.69,360,Cash-out refinance,2021-09-11,99.88,98.9425,Golden Sachs,19750.00000000002,Securitization (UMBS),99.88,20224.000000000055,0.0,-474.0,-20224.0
5027524,745000.0,2.69,360,Refinancing,2021-09-13,99.88,100.91125,Storgan Manley,37250.00000000004,Whole Loan Sale,100.91125,38144.0000000001,0.0,6788.81,-30461.19
5027712,165000.0,2.5,180,Refinancing,2021-09-13,103.03,104.62375,Golden Sachs,8250.000000000007,Whole Loan Sale,104.62375,3250.500000000008,0.0,7629.19,-620.81
5027782,145000.0,2.25,96,Refinancing,2021-09-14,99.88,100.34875,PJ Logan,7250.000000000006,Whole Loan Sale,100.34875,7424.000000000019,0.0,505.69,-6744.31
5027818,275000.0,2.69,360,Refinancing,2021-09-14,103.03,103.49875,PJ Logan,13750.000000000013,Whole Loan Sale,103.49875,5417.500000000015,0.0,9621.56,-4128.44
5027893,225000.0,3.25,360,Refinancing,2021-09-14,105.0,106.59375,Golden Sachs,11250.00000000001,Whole Loan Sale,106.59375,0.0,0.0,14835.94,3585.94
5027945,135000.0,2.875,360,Refinancing,2021-09-14,104.17,103.6075,Golden Sachs,6750.000000000006,Securitization (UMBS),104.17,1120.4999999999973,0.0,5629.5,-1120.5
5028057,115000.0,2.875,360,Refinancing,2021-09-15,104.17,105.20125,Storgan Manley,5750.0000000000055,Whole Loan Sale,105.20125,954.4999999999973,0.0,5981.44,231.44
5028090,295000.0,2.99,360,Home purchase,2021-09-15,103.19,102.94,Golden Sachs,14750.000000000013,Securitization (UMBS),103.19,5339.500000000002,0.0,9410.5,-5339.5
5028099,205000.0,2.375,180,Cash-out refinance,2021-09-16,99.88,98.63,Golden Sachs,10250.00000000001,Securitization (UMBS),99.88,10496.000000000027,0.0,-246.0,-10496.0
5028156,145000.0,3.5,240,Cash-out refinance,2021-09-16,104.61,105.5475,Golden Sachs,7250.000000000006,Whole Loan Sale,105.5475,565.5000000000018,0.0,8043.87,793.87
5028219,475000.0,2.25,240,Refinancing,2021-09-16,99.88,101.47375,Golden Sachs,23750.000000000022,Whole Loan Sale,101.47375,24320.000000000065,0.0,7000.31,-16749.69
5028364,285000.0,3.375,360,Home purchase,2021-09-17,105.0,104.53125,Golden Sachs,14250.000000000013,Securitization (UMBS),105.0,0.0,0.0,14250.0,-0.0
5028641,195000.0,3.375,360,Refinancing,2021-09-17,104.61,103.5475,Golden Sachs,9750.00000000001,Securitization (UMBS),104.61,760.5000000000036,0.0,8989.5,-760.5
5028657,285000.0,2.99,360,Home purchase,2021-09-17,103.19,103.65875,PJ Logan,14250.000000000013,Whole Loan Sale,103.65875,5158.500000000002,0.0,10427.44,-3822.56
5028745,165000.0,2.99,360,Cash-out refinance,2021-09-17,104.17,104.51375,Storgan Manley,8250.000000000007,Whole Loan Sale,104.51375,1369.4999999999955,0.0,7447.69,-802.31
5029043,285000.0,2.375,180,Cash-out refinance,2021-09-01,103.03,102.56125,Golden Sachs,14250.000000000013,Securitization (UMBS),103.03,5614.500000000015,0.0,8635.5,-5614.5
5029060,205000.0,2.75,180,Cash-out refinance,2021-09-17,103.19,103.44,Golden Sachs,10250.00000000001,Whole Loan Sale,103.44,3710.500000000001,0.0,7052.0,-3198.0
5029130,385000.0,3.25,360,Cash-out refinance,2021-08-10,105.0,104.375,Golden Sachs,19250.00000000002,Securitization (UMBS),105.0,0.0,0.0,19250.0,-0.0
5029208,305000.0,2.375,360,Refinancing,2021-08-11,103.03,102.56125,Storgan Manley,15250.000000000013,Securitization (UMBS),103.03,6008.500000000015,0.0,9241.5,-6008.5
5029385,305000.0,2.625,240,Refinancing,2021-08-25,99.88,100.755,Golden Sachs,15250.000000000013,Whole Loan Sale,100.755,15616.00000000004,0.0,2302.75,-12947.25
5029406,115000.0,2.625,180,Cash-out refinance,2021-08-27,99.88,100.34875,PJ Logan,5750.0000000000055,Whole Loan Sale,100.34875,5888.0000000000155,0.0,401.06,-5348.94
5029446,265000.0,2.5,180,Other,2021-08-27,103.03,104.06125,Storgan Manley,13250.000000000011,Whole Loan Sale,104.06125,5220.500000000013,0.0,10762.31,-2487.69
5029480,195000.0,1.99,168,Refinancing,2021-08-27,100.93,101.39875,PJ Logan,9750.00000000001,Whole Loan Sale,101.39875,7936.499999999993,0.0,2727.56,-7022.44
5029540,155000.0,3.25,360,Home purchase,2021-08-27,104.61,104.2975,Golden Sachs,7750.000000000007,Securitization (UMBS),104.61,604.5000000000027,0.0,7145.5,-604.5
5029569,195000.0,3.5,360,Home purchase,2021-08-30,105.0,105.25,Golden Sachs,9750.00000000001,Whole Loan Sale,105.25,0.0,0.0,10237.5,487.5
5029603,165000.0,3.875,360,Refinancing,2021-09-01,105.77,106.02,Bank of Americans,8250.000000000007,Whole Loan Sale,106.02,-1270.499999999971,0.0,9933.0,1683.0
5029651,315000.0,3.5,360,Cash-out refinance,2021-09-01,104.61,103.5475,Golden Sachs,15750.000000000015,Securitization (UMBS),104.61,1228.5000000000055,0.0,14521.5,-1228.5
5029692,315000.0,3.25,360,Home purchase,2021-09-02,104.61,105.07875,PJ Logan,15750.000000000015,Whole Loan Sale,105.07875,1228.5000000000055,0.0,15998.06,248.06
5029708,605000.0,2.75,360,Refinancing,2021-09-02,103.19,103.22125,Golden Sachs,30250.000000000025,Whole Loan Sale,103.22125,10950.5,0.0,19488.56,-10761.44
5029721,515000.0,2.625,360,Refinancing,2021-09-02,99.88,100.91125,Storgan Manley,25750.000000000022,Whole Loan Sale,100.91125,26368.00000000007,0.0,4692.94,-21057.06
5029735,105000.0,2.75,180,Cash-out refinance,2021-09-02,103.19,103.59625,PJ Logan,5250.000000000005,Whole Loan Sale,103.59625,1900.5000000000005,0.0,3776.06,-1473.94
5029768,205000.0,3.375,360,Cash-out refinance,2021-09-02,104.61,105.01625,Golden Sachs,10250.00000000001,Whole Loan Sale,105.01625,799.5000000000036,0.0,10283.31,33.31
5029883,165000.0,2.875,360,Refinancing,2021-09-03,103.19,104.22125,Storgan Manley,8250.000000000007,Whole Loan Sale,104.22125,2986.500000000001,0.0,6965.06,-1284.94
5029889,135000.0,3.25,360,Home purchase,2021-09-03,104.61,102.6725,Golden Sachs,6750.000000000006,Securitization (UMBS),104.61,526.5000000000027,0.0,6223.5,-526.5
5029929,415000.0,2.875,360,Refinancing,2021-09-03,103.19,102.1275,Golden Sachs,20750.00000000002,Securitization (UMBS),103.19,7511.500000000002,0.0,13238.5,-7511.5
5029980,105000.0,2.75,180,Cash-out refinance,2021-09-03,103.19,103.03375,Storgan Manley,5250.000000000005,Securitization (UMBS),103.19,1900.5000000000005,0.0,3349.5,-1900.5
5029994,535000.0,2.875,360,Cash-out refinance,2021-09-06,103.19,102.1275,Golden Sachs,26750.000000000025,Securitization (UMBS),103.19,9683.500000000004,0.0,17066.5,-9683.5
5030015,465000.0,3.19,360,Refinancing,2021-09-07,103.19,102.94,Golden Sachs,23250.000000000022,Securitization (UMBS),103.19,8416.500000000004,0.0,14833.5,-8416.5
5030112,335000.0,3.125,360,Home purchase,2021-09-07,103.19,103.22125,Golden Sachs,16750.000000000015,Whole Loan Sale,103.22125,6063.500000000002,0.0,10791.19,-5958.81
5030114,115000.0,3.375,360,Cash-out refinance,2021-09-08,105.0,105.90625,Golden Sachs,5750.0000000000055,Whole Loan Sale,105.90625,0.0,0.0,6792.19,1042.19
5030129,215000.0,2.5,240,Refinancing,2021-09-08,99.88,98.255,Golden Sachs,10750.00000000001,Securitization (UMBS),99.88,11008.00000000003,0.0,-258.0,-11008.0
5030145,235000.0,2.75,300,Cash-out refinance,2021-09-09,103.19,104.22125,Storgan Manley,11750.000000000011,Whole Loan Sale,104.22125,4253.500000000002,0.0,9919.94,-1830.06
5030184,295000.0,2.875,360,Refinancing,2021-09-10,103.19,102.1275,Golden Sachs,14750.000000000013,Securitization (UMBS),103.19,5339.500000000002,0.0,9410.5,-5339.5
5030208,325000.0,2.5,180,Refinancing,2021-09-10,99.88,99.3175,Golden Sachs,16250.000000000015,Securitization (UMBS),99.88,16640.000000000044,0.0,-390.0,-16640.0
5030217,385000.0,2.75,360,Refinancing,2021-09-11,104.17,105.1075,Golden Sachs,19250.00000000002,Whole Loan Sale,105.1075,3195.499999999991,0.0,19663.88,413.87
5030356,95000.0,2.99,240,Home purchase,2021-09-11,103.19,103.59625,Golden Sachs,4750.000000000005,Whole Loan Sale,103.59625,1719.500000000001,0.0,3416.44,-1333.56
5030365,115000.0,2.875,240,Cash-out refinance,2021-09-13,103.19,102.84625,Storgan Manley,5750.0000000000055,Securitization (UMBS),103.19,2081.500000000001,0.0,3668.5,-2081.5
5030382,125000.0,2.375,180,Refinancing,2021-09-13,99.88,100.22375,Storgan Manley,6250.0000000000055,Whole Loan Sale,100.22375,6400.000000000016,0.0,279.69,-5970.31
5030431,185000.0,2.5,180,Refinancing,2021-09-14,99.88,98.755,Golden Sachs,9250.00000000001,Securitization (UMBS),99.88,9472.000000000025,0.0,-222.0,-9472.0
5030495,195000.0,3.25,324,Refinancing,2021-09-14,104.61,105.01625,PJ Logan,9750.00000000001,Whole Loan Sale,105.01625,760.5000000000036,0.0,9781.69,31.69
5030500,195000.0,3.37,360,Cash-out refinance,2021-09-15,104.61,103.76625,Storgan Manley,9750.00000000001,Securitization (UMBS),104.61,760.5000000000036,0.0,8989.5,-760.5
5030524,745000.0,2.875,360,Refinancing,2021-09-15,104.17,104.42,Golden Sachs,37250.00000000004,Whole Loan Sale,104.42,6183.499999999985,0.0,32929.0,-4321.0
5030566,145000.0,2.99,240,Cash-out refinance,2021-09-15,103.19,103.44,Bank of Americans,7250.000000000006,Whole Loan Sale,103.44,2624.500000000001,0.0,4988.0,-2262.0
5030628,275000.0,2.75,180,Refinancing,2021-09-15,103.19,103.40875,Storgan Manley,13750.000000000013,Whole Loan Sale,103.40875,4977.500000000002,0.0,9374.06,-4375.94
5030644,105000.0,2.25,180,Cash-out refinance,2021-09-15,99.88,98.9425,Golden Sachs,5250.000000000005,Securitization (UMBS),99.88,5376.000000000014,0.0,-126.0,-5376.0
5030646,115000.0,3.25,360,Cash-out refinance,2021-09-16,104.61,103.985,Golden Sachs,5750.0000000000055,Securitization (UMBS),104.61,448.5000000000018,0.0,5301.5,-448.5
5030651,155000.0,2.99,324,Refinancing,2021-09-16,103.19,103.72125,Storgan Manley,7750.000000000007,Whole Loan Sale,103.72125,2805.500000000001,0.0,5767.94,-1982.06
5030660,665000.0,2.99,360,Refinancing,2021-09-17,103.19,104.1275,Golden Sachs,33250.00000000003,Whole Loan Sale,104.1275,12036.500000000004,0.0,27447.87,-5802.13
5030662,165000.0,2.5,180,Home purchase,2021-09-17,99.88,100.41125,Storgan Manley,8250.000000000007,Whole Loan Sale,100.41125,8448.000000000022,0.0,678.56,-7571.44
5030666,405000.0,2.99,360,Cash-out refinance,2021-09-17,103.19,103.72125,Storgan Manley,20250.00000000002,Whole Loan Sale,103.72125,7330.500000000002,0.0,15071.06,-5178.94
5030682,465000.0,1.75,360,Refinancing,2021-08-23,97.45,98.575,PJ Logan,23250.000000000022,Whole Loan Sale,98.575,35107.50000000001,0.0,-6626.25,-29876.25
5030857,445000.0,2.875,360,Home purchase,2021-08-24,103.19,104.065,Golden Sachs,22250.00000000002,Whole Loan Sale,104.065,8054.5,241.8,18089.25,-4160.75
5030901,705000.0,2.99,360,Refinancing,2021-08-25,104.17,105.045,Golden Sachs,35250.00000000003,Whole Loan Sale,105.045,5851.499999999978,0.0,35567.25,317.25
5030945,545000.0,2.99,360,Cash-out refinance,2021-08-25,103.19,104.78375,Golden Sachs,27250.000000000025,Whole Loan Sale,104.78375,9864.500000000004,0.0,26071.44,-1178.56
5031010,175000.0,2.75,360,Cash-out refinance,2021-08-26,103.19,104.1275,Golden Sachs,8750.000000000007,Whole Loan Sale,104.1275,3167.5,0.0,7223.12,-1526.88
5031025,165000.0,2.75,360,Home purchase,2021-08-30,104.17,104.70125,Storgan Manley,8250.000000000007,Whole Loan Sale,104.70125,1369.4999999999955,0.0,7757.06,-492.94
5031040,415000.0,2.75,360,Refinancing,2021-09-01,103.19,103.72125,Storgan Manley,20750.00000000002,Whole Loan Sale,103.72125,7511.500000000002,0.0,15443.19,-5306.81
5031108,205000.0,2.5,180,Other,2021-09-01,99.88,99.63,Golden Sachs,10250.00000000001,Securitization (UMBS),99.88,10496.000000000027,0.0,-246.0,-10496.0
5031249,495000.0,1.99,180,Refinancing,2021-09-02,97.45,98.48125,Bank of Americans,24750.000000000022,Whole Loan Sale,98.48125,37372.50000000001,0.0,-7517.81,-32267.81
5031316,115000.0,2.99,180,Cash-out refinance,2021-09-02,103.19,102.03375,Storgan Manley,5750.0000000000055,Securitization (UMBS),103.19,2081.500000000001,0.0,3668.5,-2081.5
5031324,205000.0,2.99,360,Refinancing,2021-09-03,103.19,103.53375,Storgan Manley,10250.00000000001,Whole Loan Sale,103.53375,3710.500000000001,0.0,7244.19,-3005.81
5031327,255000.0,2.99,360,Refinancing,2021-09-07,103.19,0.0,Golden Sachs,12750.000000000011,Securitization (UMBS),103.19,4615.500000000001,0.0,8134.5,-4615.5
5031333,215000.0,2.875,360,Refinancing,2021-09-07,103.19,102.94,Golden Sachs,10750.00000000001,Securitization (UMBS),103.19,3891.500000000001,0.0,6858.5,-3891.5
5031381,305000.0,2.94,360,Cash-out refinance,2021-09-07,104.17,103.67,Golden Sachs,15250.000000000013,Securitization (UMBS),104.17,2531.499999999991,0.0,12718.5,-2531.5
5031387,375000.0,2.5,240,Cash-out refinance,2021-09-08,103.03,102.03,Golden Sachs,18750.00000000002,Securitization (UMBS),103.03,7387.50000000002,0.0,11362.5,-7387.5
5031412,215000.0,2.875,360,Cash-out refinance,2021-09-08,103.19,102.84625,Storgan Manley,10750.00000000001,Securitization (UMBS),103.19,3891.500000000001,0.0,6858.5,-3891.5
5031421,495000.0,2.75,240,Cash-out refinance,2021-09-08,103.19,102.1275,Golden Sachs,24750.000000000022,Securitization (UMBS),103.19,8959.500000000002,0.0,15790.5,-8959.5
5031529,265000.0,3.25,360,Cash-out refinance,2021-09-08,104.61,103.5475,Golden Sachs,13250.000000000011,Securitization (UMBS),104.61,1033.5000000000036,0.0,12216.5,-1033.5
5031563,285000.0,2.125,180,Refinancing,2021-09-08,97.45,96.3875,Golden Sachs,14250.000000000013,Securitization (UMBS),97.45,21517.500000000004,0.0,-7267.5,-21517.5
5031686,125000.0,3.875,360,Cash-out refinance,2021-09-09,105.77,105.145,Golden Sachs,6250.0000000000055,Securitization (UMBS),105.77,-962.4999999999773,0.0,7212.5,962.5
5031900,955000.0,2.875,360,Refinancing,2021-09-09,103.19,103.22125,Golden Sachs,47750.000000000044,Whole Loan Sale,103.22125,17285.500000000007,0.0,30762.94,-16987.06
5031936,165000.0,3.125,360,Cash-out refinance,2021-09-09,103.19,102.1275,Golden Sachs,8250.000000000007,Securitization (UMBS),103.19,2986.500000000001,0.0,5263.5,-2986.5
5031942,155000.0,3.375,360,Cash-out refinance,2021-09-10,105.0,105.03125,Golden Sachs,7750.000000000007,Whole Loan Sale,105.03125,0.0,0.0,7798.44,48.44
5032020,185000.0,2.375,120,Cash-out refinance,2021-09-14,99.88,99.4425,Golden Sachs,9250.00000000001,Securitization (UMBS),99.88,9472.000000000025,0.0,-222.0,-9472.0
5032053,205000.0,2.99,324,Cash-out refinance,2021-09-14,103.19,102.22125,Storgan Manley,10250.00000000001,Securitization (UMBS),103.19,3710.500000000001,0.0,6539.5,-3710.5
5032083,125000.0,3.25,240,Cash-out refinance,2021-09-14,104.61,0.0,Golden Sachs,6250.0000000000055,Securitization (UMBS),104.61,487.5000000000018,0.0,5762.5,-487.5
5032111,155000.0,2.75,240,Cash-out refinance,2021-09-15,103.19,102.6275,Golden Sachs,7750.000000000007,Securitization (UMBS),103.19,2805.500000000001,0.0,4944.5,-2805.5
5032171,895000.0,3.5,360,Refinancing,2021-09-16,104.61,104.14125,Golden Sachs,44750.00000000004,Securitization (UMBS),104.61,3490.5000000000073,631.1,41259.5,-3490.5
5032242,395000.0,3.375,360,Cash-out refinance,2021-09-16,104.61,103.9225,Golden Sachs,19750.00000000002,Securitization (UMBS),104.61,1540.5000000000073,0.0,18209.5,-1540.5
5032250,275000.0,1.99,180,Refinancing,2021-09-17,100.93,100.305,Golden Sachs,13750.000000000013,Securitization (UMBS),100.93,11192.499999999989,0.0,2557.5,-11192.5
5032287,135000.0,3.375,360,Cash-out refinance,2021-09-17,105.0,105.9375,Golden Sachs,6750.000000000006,Whole Loan Sale,105.9375,0.0,0.0,8015.63,1265.62
5032402,125000.0,2.5,180,Refinancing,2021-09-17,103.03,102.4675,Golden Sachs,6250.0000000000055,Securitization (UMBS),103.03,2462.5000000000064,0.0,3787.5,-2462.5
5032519,525000.0,2.875,360,Cash-out refinance,2021-09-17,103.19,103.72125,Storgan Manley,26250.000000000022,Whole Loan Sale,103.72125,9502.5,0.0,19536.56,-6713.44
5032613,125000.0,3.25,360,Cash-out refinance,2021-09-15,105.0,105.53125,Storgan Manley,6250.0000000000055,Whole Loan Sale,105.53125,0.0,0.0,6914.06,664.06
5032656,335000.0,3.875,360,Cash-out refinance,2021-09-07,105.77,106.23875,PJ Logan,16750.000000000015,Whole Loan Sale,106.23875,-2579.499999999938,0.0,20899.81,4149.81
5032681,165000.0,3.75,360,Cash-out refinance,2021-08-24,105.77,105.2075,Golden Sachs,8250.000000000007,Securitization (UMBS),105.77,-1270.499999999971,0.0,9520.5,1270.5
5032683,225000.0,2.5,180,Refinancing,2021-08-25,103.03,101.4675,Golden Sachs,11250.00000000001,Securitization (UMBS),103.03,4432.500000000011,0.0,6817.5,-4432.5
5032742,825000.0,3.125,360,Cash-out refinance,2021-08-25,103.19,0.0,Golden Sachs,41250.00000000004,Securitization (UMBS),103.19,14932.500000000004,0.0,26317.5,-14932.5
5032748,325000.0,1.99,180,Refinancing,2021-08-25,97.45,96.8875,Golden Sachs,16250.000000000015,Securitization (UMBS),97.45,24537.500000000004,0.0,-8287.5,-24537.5
5032826,135000.0,2.125,180,Cash-out refinance,2021-08-26,97.45,97.45,Bank of Americans,6750.000000000006,Securitization (UMBS),97.45,10192.500000000002,0.0,-3442.5,-10192.5
5032842,375000.0,2.625,360,Refinancing,2021-08-31,99.88,100.13,Bank of Americans,18750.00000000002,Whole Loan Sale,100.13,19200.00000000005,0.0,487.5,-18262.5
5032918,85000.0,2.75,144,Cash-out refinance,2021-09-01,104.17,103.045,Golden Sachs,4250.000000000004,Securitization (UMBS),104.17,705.4999999999977,0.0,3544.5,-705.5
5032953,85000.0,3.375,360,Home purchase,2021-09-02,104.61,105.5475,Golden Sachs,4250.000000000004,Whole Loan Sale,105.5475,331.5000000000009,0.0,4715.38,465.37
5032982,205000.0,2.99,360,Cash-out refinance,2021-09-02,103.19,102.72125,Storgan Manley,10250.00000000001,Securitization (UMBS),103.19,3710.500000000001,0.0,6539.5,-3710.5
5032994,115000.0,2.99,360,Cash-out refinance,2021-09-03,103.19,102.34625,Storgan Manley,5750.0000000000055,Securitization (UMBS),103.19,2081.500000000001,0.0,3668.5,-2081.5
5033062,265000.0,2.625,180,Cash-out refinance,2021-09-03,99.88,99.505,Bank of Americans,13250.000000000011,Securitization (UMBS),99.88,13568.000000000035,0.0,-318.0,-13568.0
5033076,785000.0,3.25,360,Refinancing,2021-09-03,104.61,103.86,Golden Sachs,39250.00000000004,Securitization (UMBS),104.61,3061.5000000000146,0.0,36188.5,-3061.5
5033105,95000.0,2.99,360,Cash-out refinance,2021-09-03,103.19,102.19,Golden Sachs,4750.000000000005,Securitization (UMBS),103.19,1719.500000000001,0.0,3030.5,-1719.5
5033188,545000.0,2.69,360,Refinancing,2021-09-03,103.03,104.74875,PJ Logan,27250.000000000025,Whole Loan Sale,104.74875,10736.50000000003,0.0,25880.69,-1369.31
5033192,175000.0,3.25,276,Cash-out refinance,2021-09-04,104.61,104.95375,Storgan Manley,8750.000000000007,Whole Loan Sale,104.95375,682.5000000000018,0.0,8669.06,-80.94
5033247,335000.0,3.125,360,Refinancing,2021-09-06,103.19,103.65875,PJ Logan,16750.000000000015,Whole Loan Sale,103.65875,6063.500000000002,0.0,12256.81,-4493.19
5033269,155000.0,3.25,120,Cash-out refinance,2021-09-06,105.0,105.25,Golden Sachs,7750.000000000007,Whole Loan Sale,105.25,0.0,0.0,8137.5,387.5
5033288,365000.0,2.25,180,Refinancing,2021-09-06,99.88,101.47375,Golden Sachs,18250.000000000015,Whole Loan Sale,101.47375,18688.000000000047,0.0,5379.19,-12870.81
5033292,155000.0,3.625,360,Cash-out refinance,2021-09-07,104.61,105.735,PJ Logan,7750.000000000007,Whole Loan Sale,105.735,604.5000000000027,0.0,8889.25,1139.25
5033329,485000.0,3.25,360,Home purchase,2021-09-07,105.0,104.65625,Storgan Manley,24250.000000000022,Securitization (UMBS),105.0,0.0,0.0,24250.0,-0.0
5033348,355000.0,2.69,360,Cash-out refinance,2021-09-07,99.88,98.8175,Golden Sachs,17750.000000000015,Securitization (UMBS),99.88,18176.000000000047,0.0,-426.0,-18176.0
5033412,205000.0,2.875,240,Refinancing,2021-09-07,104.17,105.20125,Storgan Manley,10250.00000000001,Whole Loan Sale,105.20125,1701.4999999999945,0.0,10662.56,412.56
5033422,225000.0,2.5,180,Refinancing,2021-09-07,103.03,103.56125,Storgan Manley,11250.00000000001,Whole Loan Sale,103.56125,4432.500000000011,0.0,8012.81,-3237.19
5033450,315000.0,2.99,360,Refinancing,2021-09-08,104.17,105.07625,Golden Sachs,15750.000000000015,Whole Loan Sale,105.07625,2614.4999999999927,0.0,15990.19,240.19
5033498,185000.0,2.875,360,Cash-out refinance,2021-09-08,103.19,101.7525,Golden Sachs,9250.00000000001,Securitization (UMBS),103.19,3348.500000000002,0.0,5901.5,-3348.5
5033507,165000.0,2.99,180,Refinancing,2021-09-08,103.19,102.815,Bank of Americans,8250.000000000007,Securitization (UMBS),103.19,2986.500000000001,0.0,5263.5,-2986.5
5033510,275000.0,2.875,360,Cash-out refinance,2021-09-09,104.17,104.70125,Storgan Manley,13750.000000000013,Whole Loan Sale,104.70125,2282.4999999999927,0.0,12928.44,-821.56
5033566,115000.0,3.75,360,Home improvement,2021-09-09,105.77,105.52,Bank of Americans,5750.0000000000055,Securitization (UMBS),105.77,-885.4999999999791,0.0,6635.5,885.5
5033655,295000.0,2.875,240,Refinancing,2021-09-10,103.19,104.22125,Storgan Manley,14750.000000000013,Whole Loan Sale,104.22125,5339.500000000002,0.0,12452.69,-2297.31
5033733,355000.0,2.875,360,Refinancing,2021-09-10,104.17,103.2325,Golden Sachs,17750.000000000015,Securitization (UMBS),104.17,2946.499999999989,0.0,14803.5,-2946.5
5033802,335000.0,2.99,360,Refinancing,2021-09-11,103.19,102.815,Bank of Americans,16750.000000000015,Securitization (UMBS),103.19,6063.500000000002,0.0,10686.5,-6063.5
5033818,625000.0,2.625,180,Home purchase,2021-09-13,99.88,101.005,PJ Logan,31250.00000000003,Whole Loan Sale,101.005,32000.000000000084,0.0,6281.25,-24968.75
5033819,345000.0,1.99,180,Home purchase,2021-09-13,97.45,97.0125,Golden Sachs,17250.000000000015,Securitization (UMBS),97.45,26047.500000000004,0.0,-8797.5,-26047.5
5033856,545000.0,1.99,180,Refinancing,2021-09-13,97.45,97.2,Golden Sachs,27250.000000000025,Securitization (UMBS),97.45,41147.50000000001,0.0,-13897.5,-41147.5
5034066,605000.0,2.875,360,Refinancing,2021-09-14,103.19,103.315,Bank of Americans,30250.000000000025,Whole Loan Sale,103.315,10950.5,0.0,20055.75,-10194.25
5034067,535000.0,2.94,360,Home purchase,2021-09-14,103.19,102.22125,Storgan Manley,26750.000000000025,Securitization (UMBS),103.19,9683.500000000004,0.0,17066.5,-9683.5
5034107,305000.0,2.99,360,Cash-out refinance,2021-09-14,103.19,104.22125,Storgan Manley,15250.000000000013,Whole Loan Sale,104.22125,5520.5,0.0,12874.81,-2375.19
5034173,215000.0,2.99,300,Cash-out refinance,2021-09-14,103.19,102.565,Golden Sachs,10750.00000000001,Securitization (UMBS),103.19,3891.500000000001,0.0,6858.5,-3891.5
5034237,245000.0,3.25,360,Home purchase,2021-09-14,105.0,104.0625,Golden Sachs,12250.000000000011,Securitization (UMBS),105.0,0.0,0.0,12250.0,-0.0
5034279,135000.0,3.5,360,Home purchase,2021-09-15,105.0,105.40625,Golden Sachs,6750.000000000006,Whole Loan Sale,105.40625,0.0,0.0,7298.44,548.44
5034303,235000.0,2.875,324,Refinancing,2021-09-15,103.19,102.1275,Golden Sachs,11750.000000000011,Securitization (UMBS),103.19,4253.500000000002,0.0,7496.5,-4253.5
5034448,205000.0,3.875,360,Refinancing,2021-09-15,105.77,105.395,Bank of Americans,10250.00000000001,Securitization (UMBS),105.77,-1578.4999999999636,0.0,11828.5,1578.5
5034458,245000.0,3.25,360,Cash-out refinance,2021-09-17,104.61,105.5475,Golden Sachs,12250.000000000011,Whole Loan Sale,105.5475,955.5000000000036,0.0,13591.38,1341.37
5034567,595000.0,2.75,360,Refinancing,2021-09-17,104.17,104.51375,Storgan Manley,29750.000000000025,Whole Loan Sale,104.51375,4938.499999999982,0.0,26856.81,-2893.19
5034577,185000.0,2.75,180,Cash-out refinance,2021-09-17,103.19,104.1275,Golden Sachs,9250.00000000001,Whole Loan Sale,104.1275,3348.500000000002,0.0,7635.87,-1614.13
5034591,475000.0,1.875,180,Refinancing,2021-09-07,97.45,98.325,Golden Sachs,23750.000000000022,Whole Loan Sale,98.325,35862.50000000001,0.0,-7956.25,-31706.25
5034602,95000.0,2.875,360,Refinancing,2021-08-25,103.19,102.565,Golden Sachs,4750.000000000005,Securitization (UMBS),103.19,1719.500000000001,0.0,3030.5,-1719.5
5034614,195000.0,2.99,360,Cash-out refinance,2021-08-26,103.19,103.65875,PJ Logan,9750.00000000001,Whole Loan Sale,103.65875,3529.500000000002,0.0,7134.56,-2615.44
5034625,125000.0,2.125,360,Cash-out refinance,2021-08-27,97.45,98.325,Golden Sachs,6250.0000000000055,Whole Loan Sale,98.325,9437.500000000002,0.0,-2093.75,-8343.75
5034627,205000.0,2.99,360,Cash-out refinance,2021-08-28,104.17,104.70125,Storgan Manley,10250.00000000001,Whole Loan Sale,104.70125,1701.4999999999945,0.0,9637.56,-612.44
5034680,215000.0,2.875,360,Refinancing,2021-08-31,104.17,104.295,Bank of Americans,10750.00000000001,Whole Loan Sale,104.295,1784.4999999999945,0.0,9234.25,-1515.75
5034689,215000.0,2.99,360,Refinancing,2021-09-02,104.17,104.70125,Storgan Manley,10750.00000000001,Whole Loan Sale,104.70125,1784.4999999999945,0.0,10107.69,-642.31
5034702,125000.0,3.125,180,Home purchase,2021-09-02,103.19,103.65875,PJ Logan,6250.0000000000055,Whole Loan Sale,103.65875,2262.5000000000005,0.0,4573.44,-1676.56
5034726,365000.0,2.875,360,Home purchase,2021-09-02,103.19,104.065,Golden Sachs,18250.000000000015,Whole Loan Sale,104.065,6606.5,0.0,14837.25,-3412.75
5034748,515000.0,3.125,360,Home purchase,2021-09-02,103.19,103.72125,Storgan Manley,25750.000000000022,Whole Loan Sale,103.72125,9321.5,0.0,19164.44,-6585.56
5034777,205000.0,2.99,360,Refinancing,2021-09-03,103.19,103.065,Golden Sachs,10250.00000000001,Securitization (UMBS),103.19,3710.500000000001,0.0,6539.5,-3710.5
5034781,305000.0,2.875,360,Cash-out refinance,2021-09-03,103.19,103.72125,Storgan Manley,15250.000000000013,Whole Loan Sale,103.72125,5520.5,0.0,11349.81,-3900.19
5034832,205000.0,2.875,240,Cash-out refinance,2021-09-07,104.17,105.88875,PJ Logan,10250.00000000001,Whole Loan Sale,105.88875,1701.4999999999945,0.0,12071.94,1821.94
5034885,115000.0,2.99,360,Cash-out refinance,2021-09-07,103.19,101.84625,Storgan Manley,5750.0000000000055,Securitization (UMBS),103.19,2081.500000000001,0.0,3668.5,-2081.5
5034956,205000.0,3.25,360,Cash-out refinance,2021-09-07,104.61,103.76625,Storgan Manley,10250.00000000001,Securitization (UMBS),104.61,799.5000000000036,0.0,9450.5,-799.5
5034959,515000.0,3.375,240,Cash-out refinance,2021-09-07,105.0,104.15625,Storgan Manley,25750.000000000022,Securitization (UMBS),105.0,0.0,0.0,25750.0,-0.0
5035038,385000.0,2.99,360,Home purchase,2021-09-07,104.17,103.2325,Golden Sachs,19250.00000000002,Securitization (UMBS),104.17,3195.499999999991,0.0,16054.5,-3195.5
5035045,245000.0,3.25,360,Home purchase,2021-09-07,105.0,103.9375,Golden Sachs,12250.000000000011,Securitization (UMBS),105.0,0.0,0.0,12250.0,-0.0
5035205,465000.0,2.625,360,Refinancing,2021-09-08,99.88,98.91125,Storgan Manley,23250.000000000022,Securitization (UMBS),99.88,23808.000000000065,0.0,-558.0,-23808.0
5035243,175000.0,3.375,360,Cash-out refinance,2021-09-08,104.61,103.64125,Storgan Manley,8750.000000000007,Securitization (UMBS),104.61,682.5000000000018,0.0,8067.5,-682.5
5035407,455000.0,3.5,360,Cash-out refinance,2021-09-10,104.61,103.64125,Storgan Manley,22750.000000000022,Securitization (UMBS),104.61,1774.5000000000073,0.0,20975.5,-1774.5
5035411,275000.0,2.99,360,Refinancing,2021-09-10,103.19,102.315,Bank of Americans,13750.000000000013,Securitization (UMBS),103.19,4977.500000000002,0.0,8772.5,-4977.5
5035493,425000.0,3.125,360,Home purchase,2021-09-11,103.19,102.72125,Storgan Manley,21250.00000000002,Securitization (UMBS),103.19,7692.500000000002,0.0,13557.5,-7692.5
5035522,345000.0,2.99,360,Refinancing,2021-09-11,103.19,102.065,Golden Sachs,17250.000000000015,Securitization (UMBS),103.19,6244.500000000002,0.0,11005.5,-6244.5
5035579,185000.0,3.25,180,Cash-out refinance,2021-09-11,104.61,103.485,Golden Sachs,9250.00000000001,Securitization (UMBS),104.61,721.5000000000036,0.0,8528.5,-721.5
5035606,335000.0,2.5,240,Refinancing,2021-09-13,103.03,104.06125,Storgan Manley,16750.000000000015,Whole Loan Sale,104.06125,6599.500000000016,0.0,13605.19,-3144.81
5035673,185000.0,2.5,180,Refinancing,2021-09-13,99.88,101.47375,Golden Sachs,9250.00000000001,Whole Loan Sale,101.47375,9472.000000000025,0.0,2726.44,-6523.56
5035747,175000.0,3.375,360,Cash-out refinance,2021-09-13,105.0,103.9375,Golden Sachs,8750.000000000007,Securitization (UMBS),105.0,0.0,0.0,8750.0,-0.0
5035761,115000.0,2.99,360,Refinancing,2021-09-13,103.19,104.69,PJ Logan,5750.0000000000055,Whole Loan Sale,104.69,2081.500000000001,0.0,5393.5,-356.5
5035767,245000.0,3.125,360,Cash-out refinance,2021-09-14,103.19,0.0,Golden Sachs,12250.000000000011,Securitization (UMBS),103.19,4434.500000000001,0.0,7815.5,-4434.5
5035777,125000.0,2.99,360,Refinancing,2021-09-14,103.19,102.72125,Storgan Manley,6250.0000000000055,Securitization (UMBS),103.19,2262.5000000000005,0.0,3987.5,-2262.5
5035788,225000.0,3.25,360,Cash-out refinance,2021-09-15,104.61,104.64125,Storgan Manley,11250.00000000001,Whole Loan Sale,104.64125,877.5000000000018,0.0,10442.81,-807.19
5035792,225000.0,2.5,180,Refinancing,2021-09-16,99.88,100.8175,Golden Sachs,11250.00000000001,Whole Loan Sale,100.8175,11520.00000000003,0.0,1839.37,-9410.63
5035807,295000.0,3.44,360,Home purchase,2021-09-16,104.61,105.14125,Storgan Manley,14750.000000000013,Whole Loan Sale,105.14125,1150.5000000000036,0.0,15166.69,416.69
5035849,255000.0,2.625,360,Refinancing,2021-09-17,99.88,0.0,Golden Sachs,12750.000000000011,Securitization (UMBS),99.88,13056.000000000035,0.0,-306.0,-13056.0
5035885,165000.0,3.125,360,Cash-out refinance,2021-09-17,103.19,103.65875,PJ Logan,8250.000000000007,Whole Loan Sale,103.65875,2986.500000000001,0.0,6036.94,-2213.06
5035901,305000.0,2.75,180,Cash-out refinance,2021-08-14,103.19,104.1275,Golden Sachs,15250.000000000013,Whole Loan Sale,104.1275,5520.5,0.0,12588.87,-2661.13
5035918,205000.0,2.875,360,Cash-out refinance,2021-08-21,104.17,105.20125,Storgan Manley,10250.00000000001,Whole Loan Sale,105.20125,1701.4999999999945,0.0,10662.56,412.56
5036008,145000.0,2.75,180,Cash-out refinance,2021-08-25,103.19,102.1275,Golden Sachs,7250.000000000006,Securitization (UMBS),103.19,2624.500000000001,0.0,4625.5,-2624.5
5036015,105000.0,3.25,360,Home purchase,2021-08-30,104.61,104.26625,Storgan Manley,5250.000000000005,Securitization (UMBS),104.61,409.5000000000018,0.0,4840.5,-409.5
5036033,235000.0,2.625,360,Refinancing,2021-08-30,99.88,100.41125,Storgan Manley,11750.000000000011,Whole Loan Sale,100.41125,12032.000000000033,0.0,966.44,-10783.56
5036067,285000.0,2.875,360,Refinancing,2021-08-31,104.17,105.20125,Storgan Manley,14250.000000000013,Whole Loan Sale,105.20125,2365.4999999999927,0.0,14823.56,573.56
5036257,275000.0,1.99,180,Refinancing,2021-08-31,97.45,97.0125,Golden Sachs,13750.000000000013,Securitization (UMBS),97.45,20762.500000000004,0.0,-7012.5,-20762.5
5036282,405000.0,3.625,360,Home purchase,2021-09-01,105.0,106.59375,Golden Sachs,20250.00000000002,Whole Loan Sale,106.59375,0.0,0.0,26704.69,6454.69
5036483,515000.0,2.625,360,Refinancing,2021-09-01,99.88,100.755,Golden Sachs,25750.000000000022,Whole Loan Sale,100.755,26368.00000000007,0.0,3888.25,-21861.75
5036527,185000.0,2.375,180,Refinancing,2021-09-02,103.03,104.155,PJ Logan,9250.00000000001,Whole Loan Sale,104.155,3644.50000000001,0.0,7686.75,-1563.25
5036659,295000.0,2.5,360,Cash-out refinance,2021-09-02,99.88,98.6925,Golden Sachs,14750.000000000013,Securitization (UMBS),99.88,15104.00000000004,0.0,-354.0,-15104.0
5036660,355000.0,2.69,360,Refinancing,2021-09-02,99.88,100.8175,Golden Sachs,17750.000000000015,Whole Loan Sale,100.8175,18176.000000000047,0.0,2902.12,-14847.88
5036700,105000.0,3.375,360,Home purchase,2021-09-03,104.61,103.6725,Golden Sachs,5250.000000000005,Securitization (UMBS),104.61,409.5000000000018,0.0,4840.5,-409.5
5036746,135000.0,2.625,180,Cash-out refinance,2021-09-03,99.88,98.91125,Storgan Manley,6750.000000000006,Securitization (UMBS),99.88,6912.000000000018,0.0,-162.0,-6912.0
5036757,245000.0,2.875,240,Cash-out refinance,2021-09-04,103.19,104.1275,Golden Sachs,12250.000000000011,Whole Loan Sale,104.1275,4434.500000000001,0.0,10112.37,-2137.63
5036797,185000.0,2.25,120,Refinancing,2021-09-04,99.88,98.8175,Golden Sachs,9250.00000000001,Securitization (UMBS),99.88,9472.000000000025,0.0,-222.0,-9472.0
5036800,305000.0,2.75,360,Home purchase,2021-09-04,103.19,102.2525,Golden Sachs,15250.000000000013,Securitization (UMBS),103.19,5520.5,0.0,9729.5,-5520.5
5036854,135000.0,2.875,180,Cash-out refinance,2021-09-06,103.19,104.78375,Golden Sachs,6750.000000000006,Whole Loan Sale,104.78375,2443.500000000001,0.0,6458.06,-291.94
5036894,205000.0,2.5,180,Refinancing,2021-09-06,99.88,98.3175,Golden Sachs,10250.00000000001,Securitization (UMBS),99.88,10496.000000000027,0.0,-246.0,-10496.0
5037079,145000.0,2.75,180,Cash-out refinance,2021-09-06,103.19,102.72125,Storgan Manley,7250.000000000006,Securitization (UMBS),103.19,2624.500000000001,0.0,4625.5,-2624.5
5037089,215000.0,2.5,180,Refinancing,2021-09-07,103.03,104.06125,Storgan Manley,10750.00000000001,Whole Loan Sale,104.06125,4235.500000000011,0.0,8731.69,-2018.31
5037139,275000.0,3.5,360,Cash-out refinance,2021-09-07,105.0,106.125,PJ Logan,13750.000000000013,Whole Loan Sale,106.125,0.0,0.0,16843.75,3093.75
5037159,75000.0,2.5,180,Cash-out refinance,2021-09-07,99.88,101.005,PJ Logan,3750.000000000003,Whole Loan Sale,101.005,3840.00000000001,0.0,753.75,-2996.25
5037177,125000.0,3.25,360,Cash-out refinance,2021-09-08,105.0,105.25,Golden Sachs,6250.0000000000055,Whole Loan Sale,105.25,0.0,0.0,6562.5,312.5
5037247,135000.0,3.375,360,Cash-out refinance,2021-09-08,104.61,104.14125,Storgan Manley,6750.000000000006,Securitization (UMBS),104.61,526.5000000000027,0.0,6223.5,-526.5
5037291,105000.0,2.625,180,Refinancing,2021-09-08,99.88,99.505,Bank of Americans,5250.000000000005,Securitization (UMBS),99.88,5376.000000000014,0.0,-126.0,-5376.0
5037400,205000.0,2.375,120,Refinancing,2021-09-09,99.88,100.005,Bank of Americans,10250.00000000001,Whole Loan Sale,100.005,10496.000000000027,0.0,10.25,-10239.75
5037500,245000.0,1.99,180,Refinancing,2021-09-09,97.45,97.075,Bank of Americans,12250.000000000011,Securitization (UMBS),97.45,18497.500000000004,0.0,-6247.5,-18497.5
5037566,125000.0,2.99,240,Refinancing,2021-09-09,103.19,102.815,Bank of Americans,6250.0000000000055,Securitization (UMBS),103.19,2262.5000000000005,0.0,3987.5,-2262.5
5037617,545000.0,2.875,360,Other,2021-09-09,103.19,104.22125,Storgan Manley,27250.000000000025,Whole Loan Sale,104.22125,9864.500000000004,0.0,23005.81,-4244.19
5037624,125000.0,2.625,180,Refinancing,2021-09-10,99.88,100.78625,Golden Sachs,6250.0000000000055,Whole Loan Sale,100.78625,6400.000000000016,0.0,982.81,-5267.19
5024842,205000.0,2.625,360,Refinancing,2021-09-10,99.88,98.91125,Storgan Manley,10250.00000000001,Securitization (UMBS),99.88,10496.000000000027,0.0,-246.0,-10496.0
5025068,125000.0,2.75,360,Cash-out refinance,2021-09-10,103.19,103.65875,PJ Logan,6250.0000000000055,Whole Loan Sale,103.65875,2262.5000000000005,0.0,4573.44,-1676.56
5025343,125000.0,2.99,360,Cash-out refinance,2021-09-10,104.17,105.1075,Golden Sachs,6250.0000000000055,Whole Loan Sale,105.1075,1037.4999999999964,0.0,6384.38,134.37
5025386,145000.0,3.25,360,Cash-out refinance,2021-09-11,104.61,104.235,Bank of Americans,7250.000000000006,Securitization (UMBS),104.61,565.5000000000018,0.0,6684.5,-565.5
5025414,245000.0,2.875,300,Cash-out refinance,2021-09-11,103.19,102.6275,Golden Sachs,12250.000000000011,Securitization (UMBS),103.19,4434.500000000001,0.0,7815.5,-4434.5
5025486,285000.0,2.25,180,Refinancing,2021-09-13,99.88,99.4425,Golden Sachs,14250.000000000013,Securitization (UMBS),99.88,14592.000000000038,0.0,-342.0,-14592.0
5026246,105000.0,2.875,360,Refinancing,2021-09-13,104.17,103.20125,Golden Sachs,5250.000000000005,Securitization (UMBS),104.17,871.4999999999973,0.0,4378.5,-871.5
5026696,365000.0,2.99,360,Cash-out refinance,2021-09-14,103.19,102.2525,Golden Sachs,18250.000000000015,Securitization (UMBS),103.19,6606.5,0.0,11643.5,-6606.5
5026727,185000.0,3.375,360,Home purchase,2021-09-14,104.61,103.6725,Golden Sachs,9250.00000000001,Securitization (UMBS),104.61,721.5000000000036,0.0,8528.5,-721.5
5027037,705000.0,2.75,360,Home purchase,2021-09-15,104.17,103.2325,Golden Sachs,35250.00000000003,Securitization (UMBS),104.17,5851.499999999978,0.0,29398.5,-5851.5
5027305,165000.0,2.75,180,Cash-out refinance,2021-09-15,103.19,104.1275,Golden Sachs,8250.000000000007,Whole Loan Sale,104.1275,2986.500000000001,0.0,6810.37,-1439.63
5027342,125000.0,2.5,180,Refinancing,2021-09-16,99.88,99.1925,Golden Sachs,6250.0000000000055,Securitization (UMBS),99.88,6400.000000000016,0.0,-150.0,-6400.0
5027364,95000.0,3.25,240,Refinancing,2021-09-16,105.0,106.03125,Storgan Manley,4750.000000000005,Whole Loan Sale,106.03125,0.0,0.0,5729.69,979.69
5027578,295000.0,2.75,360,Home purchase,2021-09-17,103.19,101.84625,Storgan Manley,14750.000000000013,Securitization (UMBS),103.19,5339.500000000002,0.0,9410.5,-5339.5
5027832,255000.0,2.875,360,Cash-out refinance,2021-09-17,103.19,101.565,Golden Sachs,12750.000000000011,Securitization (UMBS),103.19,4615.500000000001,0.0,8134.5,-4615.5
5027860,225000.0,2.875,360,Home purchase,2021-08-10,103.19,104.315,PJ Logan,11250.00000000001,Whole Loan Sale,104.315,4072.5,0.0,9708.75,-1541.25
5027998,155000.0,2.99,240,Refinancing,2021-08-14,103.19,104.09625,Storgan Manley,7750.000000000007,Whole Loan Sale,104.09625,2805.500000000001,0.0,6349.19,-1400.81
5028189,255000.0,2.125,180,Refinancing,2021-08-18,97.45,97.91875,PJ Logan,12750.000000000011,Whole Loan Sale,97.91875,19252.500000000004,0.0,-5307.19,-18057.19
5028485,235000.0,1.99,180,Cash-out refinance,2021-08-25,100.93,101.8675,Golden Sachs,11750.000000000011,Whole Loan Sale,101.8675,9564.49999999999,0.0,4388.63,-7361.37
5028774,125000.0,3.25,360,Cash-out refinance,2021-08-27,104.61,104.45375,Storgan Manley,6250.0000000000055,Securitization (UMBS),104.61,487.5000000000018,0.0,5762.5,-487.5
5029146,505000.0,2.69,360,Refinancing,2021-08-28,99.88,101.41125,Bank of Americans,25250.000000000022,Whole Loan Sale,101.41125,25856.000000000065,0.0,7126.81,-18123.19
5029222,105000.0,3.25,360,Refinancing,2021-08-30,104.61,104.1725,Golden Sachs,5250.000000000005,Securitization (UMBS),104.61,409.5000000000018,0.0,4840.5,-409.5
5029737,75000.0,2.375,120,Refinancing,2021-08-30,99.88,99.03625,Storgan Manley,3750.000000000003,Securitization (UMBS),99.88,3840.00000000001,0.0,-90.0,-3840.0
5029918,155000.0,2.5,180,Refinancing,2021-08-30,103.03,102.78,Bank of Americans,7750.000000000007,Securitization (UMBS),103.03,3053.500000000008,0.0,4696.5,-3053.5
5030038,65000.0,2.75,96,Refinancing,2021-09-01,103.19,103.44,Bank of Americans,3250.0000000000027,Whole Loan Sale,103.44,1176.5,0.0,2236.0,-1014.0
5030595,305000.0,2.99,360,Home purchase,2021-09-01,103.19,102.065,Golden Sachs,15250.000000000013,Securitization (UMBS),103.19,5520.5,3744.52,9729.5,-5520.5
5030830,215000.0,2.75,96,Refinancing,2021-09-01,103.19,102.1275,Golden Sachs,10750.00000000001,Securitization (UMBS),103.19,3891.500000000001,0.0,6858.5,-3891.5
5030982,275000.0,2.75,240,Cash-out refinance,2021-09-01,103.19,102.6275,Golden Sachs,13750.000000000013,Securitization (UMBS),103.19,4977.500000000002,0.0,8772.5,-4977.5
5031112,155000.0,2.625,240,Refinancing,2021-09-02,99.88,98.91125,Storgan Manley,7750.000000000007,Securitization (UMBS),99.88,7936.000000000021,0.0,-186.0,-7936.0
5031257,135000.0,2.94,360,Refinancing,2021-09-02,104.17,103.545,Golden Sachs,6750.000000000006,Securitization (UMBS),104.17,1120.4999999999973,0.0,5629.5,-1120.5
5031262,245000.0,2.625,240,Refinancing,2021-09-02,103.03,102.4675,Golden Sachs,12250.000000000011,Securitization (UMBS),103.03,4826.500000000013,0.0,7423.5,-4826.5
5031288,205000.0,2.125,180,Refinancing,2021-09-02,97.45,98.48125,Storgan Manley,10250.00000000001,Whole Loan Sale,98.48125,15477.500000000004,0.0,-3113.44,-13363.44
5031320,85000.0,3.125,240,Cash-out refinance,2021-09-02,103.19,102.22125,Storgan Manley,4250.000000000004,Securitization (UMBS),103.19,1538.5000000000005,0.0,2711.5,-1538.5
5032139,245000.0,2.99,360,Home purchase,2021-09-03,103.19,104.1275,Golden Sachs,12250.000000000011,Whole Loan Sale,104.1275,4434.500000000001,376.41,10112.37,-2137.63
5032203,115000.0,2.875,360,Cash-out refinance,2021-09-03,103.19,102.565,Golden Sachs,5750.0000000000055,Securitization (UMBS),103.19,2081.500000000001,0.0,3668.5,-2081.5
5032441,255000.0,2.25,180,Refinancing,2021-09-03,99.88,100.41125,Storgan Manley,12750.000000000011,Whole Loan Sale,100.41125,13056.000000000035,0.0,1048.69,-11701.31
5032677,215000.0,2.25,144,Refinancing,2021-09-04,103.03,103.37375,Storgan Manley,10750.00000000001,Whole Loan Sale,103.37375,4235.500000000011,0.0,7253.56,-3496.44
5032893,415000.0,3.375,360,Refinancing,2021-09-04,104.61,105.14125,Storgan Manley,20750.00000000002,Whole Loan Sale,105.14125,1618.5000000000073,0.0,21336.19,586.19
5033234,395000.0,3.25,360,Cash-out refinance,2021-09-06,104.61,105.51625,Golden Sachs,19750.00000000002,Whole Loan Sale,105.51625,1540.5000000000073,0.0,21789.19,2039.19
5033994,515000.0,2.625,180,Refinancing,2021-09-06,99.88,99.3175,Golden Sachs,25750.000000000022,Securitization (UMBS),99.88,26368.00000000007,0.0,-618.0,-26368.0
5034583,475000.0,2.375,360,Cash-out refinance,2021-09-09,103.03,103.93625,Golden Sachs,23750.000000000022,Whole Loan Sale,103.93625,9357.500000000025,0.0,18697.19,-5052.81
5034621,105000.0,2.25,120,Cash-out refinance,2021-09-09,103.03,103.43625,Golden Sachs,5250.000000000005,Whole Loan Sale,103.43625,2068.500000000005,0.0,3608.06,-1641.94
5034939,75000.0,2.625,180,Refinancing,2021-09-09,99.88,100.41125,Storgan Manley,3750.000000000003,Whole Loan Sale,100.41125,3840.00000000001,0.0,308.44,-3441.56
5035208,245000.0,3.375,360,Cash-out refinance,2021-09-10,104.61,103.735,Bank of Americans,12250.000000000011,Securitization (UMBS),104.61,955.5000000000036,0.0,11294.5,-955.5
5035347,265000.0,3.375,240,Cash-out refinance,2021-09-10,104.61,105.64125,Storgan Manley,13250.000000000011,Whole Loan Sale,105.64125,1033.5000000000036,0.0,14949.31,1699.31
5035457,525000.0,3.25,360,Refinancing,2021-09-10,104.61,105.64125,Storgan Manley,26250.000000000022,Whole Loan Sale,105.64125,2047.5000000000073,0.0,29616.56,3366.56
5036174,495000.0,3.25,360,Refinancing,2021-09-13,105.0,104.5625,Golden Sachs,24750.000000000022,Securitization (UMBS),105.0,0.0,0.0,24750.0,-0.0
5036206,815000.0,1.375,360,Refinancing,2021-09-13,94.98,94.23,Bank of Americans,40750.00000000004,Securitization (UMBS),94.98,81662.99999999997,0.0,-40913.0,-81663.0
5036462,215000.0,3.99,360,Cash-out refinance,2021-09-13,105.77,106.23875,PJ Logan,10750.00000000001,Whole Loan Sale,106.23875,-1655.4999999999618,0.0,13413.31,2663.31
5036526,225000.0,2.99,360,Refinancing,2021-09-14,103.19,104.1275,Golden Sachs,11250.00000000001,Whole Loan Sale,104.1275,4072.5,0.0,9286.87,-1963.13
5036718,215000.0,2.5,180,Home purchase,2021-09-14,99.88,100.8175,Golden Sachs,10750.00000000001,Whole Loan Sale,100.8175,11008.00000000003,0.0,1757.62,-8992.38
5036887,175000.0,1.99,168,Cash-out refinance,2021-09-14,100.93,101.8675,Golden Sachs,8750.000000000007,Whole Loan Sale,101.8675,7122.499999999993,0.0,3268.13,-5481.87
5036916,645000.0,3.19,360,Refinancing,2021-09-14,103.19,103.565,Bank of Americans,32250.00000000003,Whole Loan Sale,103.565,11674.500000000004,0.0,22994.25,-9255.75
5037252,225000.0,2.99,240,Cash-out refinance,2021-09-16,103.19,103.72125,Storgan Manley,11250.00000000001,Whole Loan Sale,103.72125,4072.5,0.0,8372.81,-2877.19
5037264,135000.0,2.75,120,Cash-out refinance,2021-09-16,103.19,103.65875,PJ Logan,6750.000000000006,Whole Loan Sale,103.65875,2443.500000000001,0.0,4939.31,-1810.69
5037367,285000.0,2.25,168,Refinancing,2021-09-17,103.03,103.49875,PJ Logan,14250.000000000013,Whole Loan Sale,103.49875,5614.500000000015,0.0,9971.44,-4278.56
5024054,135000.0,3.375,240,Cash-out refinance,2021-09-17,105.0,106.125,PJ Logan,6750.000000000006,Whole Loan Sale,106.125,0.0,0.0,8268.75,1518.75
5024243,365000.0,2.99,360,Home purchase,2021-09-17,104.17,103.2325,Golden Sachs,18250.000000000015,Securitization (UMBS),104.17,3029.499999999989,0.0,15220.5,-3029.5
5024282,175000.0,3.25,360,Cash-out refinance,2021-09-10,105.0,103.9375,Golden Sachs,8750.000000000007,Securitization (UMBS),105.0,0.0,0.0,8750.0,-0.0
5024325,145000.0,2.99,360,Refinancing,2021-09-17,103.19,0.0,Golden Sachs,7250.000000000006,Securitization (UMBS),103.19,2624.500000000001,0.0,4625.5,-2624.5
5024340,645000.0,2.875,360,Home purchase,2021-08-24,103.19,102.84625,Storgan Manley,32250.00000000003,Securitization (UMBS),103.19,11674.500000000004,0.0,20575.5,-11674.5
5024369,75000.0,3.75,360,Cash-out refinance,2021-08-26,106.41,106.535,Bank of Americans,3750.000000000003,Whole Loan Sale,106.535,-1057.5000000000005,0.0,4901.25,1151.25
5024416,205000.0,2.5,180,Refinancing,2021-08-31,103.03,104.06125,Storgan Manley,10250.00000000001,Whole Loan Sale,104.06125,4038.50000000001,0.0,8325.56,-1924.44
5024418,815000.0,2.875,360,Home purchase,2021-09-01,103.19,0.0,Golden Sachs,40750.00000000004,Securitization (UMBS),103.19,14751.500000000004,0.0,25998.5,-14751.5
5024441,235000.0,2.375,180,Refinancing,2021-09-01,99.88,98.8175,Golden Sachs,11750.000000000011,Securitization (UMBS),99.88,12032.000000000033,0.0,-282.0,-12032.0
5024477,215000.0,2.99,360,Cash-out refinance,2021-09-02,103.19,104.315,PJ Logan,10750.00000000001,Whole Loan Sale,104.315,3891.500000000001,0.0,9277.25,-1472.75
5024506,175000.0,3.25,360,Cash-out refinance,2021-09-02,104.61,103.485,Golden Sachs,8750.000000000007,Securitization (UMBS),104.61,682.5000000000018,0.0,8067.5,-682.5
5024516,145000.0,3.125,360,Refinancing,2021-09-02,104.17,104.295,Bank of Americans,7250.000000000006,Whole Loan Sale,104.295,1203.4999999999964,0.0,6227.75,-1022.25
5024521,125000.0,2.875,360,Refinancing,2021-09-03,103.19,103.65875,PJ Logan,6250.0000000000055,Whole Loan Sale,103.65875,2262.5000000000005,0.0,4573.44,-1676.56
5024636,165000.0,3.875,360,Home purchase,2021-09-03,105.77,106.11375,Storgan Manley,8250.000000000007,Whole Loan Sale,106.11375,-1270.499999999971,0.0,10087.69,1837.69
5024664,285000.0,2.875,360,Cash-out refinance,2021-09-03,104.17,103.1075,Golden Sachs,14250.000000000013,Securitization (UMBS),104.17,2365.4999999999927,0.0,11884.5,-2365.5
5024679,105000.0,2.99,180,Cash-out refinance,2021-09-04,103.19,104.315,PJ Logan,5250.000000000005,Whole Loan Sale,104.315,1900.5000000000005,0.0,4530.75,-719.25
5024711,155000.0,2.99,360,Refinancing,2021-09-06,104.17,105.20125,Storgan Manley,7750.000000000007,Whole Loan Sale,105.20125,1286.4999999999964,0.0,8061.94,311.94
5024746,325000.0,2.25,180,Refinancing,2021-09-06,99.88,99.53625,Storgan Manley,16250.000000000015,Securitization (UMBS),99.88,16640.000000000044,0.0,-390.0,-16640.0
5024749,205000.0,2.125,180,Cash-out refinance,2021-09-06,97.45,96.825,Golden Sachs,10250.00000000001,Securitization (UMBS),97.45,15477.500000000004,0.0,-5227.5,-15477.5
5024785,325000.0,2.94,360,Home purchase,2021-09-07,104.17,103.32625,Storgan Manley,16250.000000000015,Securitization (UMBS),104.17,2697.499999999991,0.0,13552.5,-2697.5
5024823,605000.0,2.625,180,Refinancing,2021-09-07,99.88,99.03625,Storgan Manley,30250.000000000025,Securitization (UMBS),99.88,30976.00000000008,0.0,-726.0,-30976.0
5024839,405000.0,2.99,360,Cash-out refinance,2021-09-07,104.17,104.63875,PJ Logan,20250.00000000002,Whole Loan Sale,104.63875,3361.499999999989,0.0,18786.94,-1463.06
5024876,195000.0,2.875,360,Cash-out refinance,2021-09-08,104.17,105.295,PJ Logan,9750.00000000001,Whole Loan Sale,105.295,1618.4999999999955,0.0,10325.25,575.25
5024885,225000.0,3.75,360,Cash-out refinance,2021-09-08,106.41,105.9725,Golden Sachs,11250.00000000001,Securitization (UMBS),106.41,-3172.500000000002,0.0,14422.5,3172.5
5024992,265000.0,2.375,180,Cash-out refinance,2021-09-08,103.03,102.56125,Storgan Manley,13250.000000000011,Securitization (UMBS),103.03,5220.500000000013,0.0,8029.5,-5220.5
5025135,345000.0,3.5,360,Refinancing,2021-09-09,104.61,105.5475,Golden Sachs,17250.000000000015,Whole Loan Sale,105.5475,1345.5000000000036,0.0,19138.88,1888.87
5025150,485000.0,3.375,360,Cash-out refinance,2021-09-09,105.0,104.375,Golden Sachs,24250.000000000022,Securitization (UMBS),105.0,0.0,0.0,24250.0,-0.0
5025269,115000.0,3.25,360,Refinancing,2021-09-09,104.61,103.985,Bank of Americans,5750.0000000000055,Securitization (UMBS),104.61,448.5000000000018,0.0,5301.5,-448.5
5025488,395000.0,2.875,360,Refinancing,2021-09-10,104.17,103.545,Golden Sachs,19750.00000000002,Securitization (UMBS),104.17,3278.499999999989,0.0,16471.5,-3278.5
5025513,175000.0,3.25,360,Cash-out refinance,2021-09-10,105.0,105.9375,Golden Sachs,8750.000000000007,Whole Loan Sale,105.9375,0.0,0.0,10390.63,1640.62
5025582,225000.0,2.625,180,Refinancing,2021-09-11,103.03,104.06125,Storgan Manley,11250.00000000001,Whole Loan Sale,104.06125,4432.500000000011,0.0,9137.81,-2112.19
5025583,455000.0,2.75,360,Home purchase,2021-09-11,104.17,105.20125,Storgan Manley,22750.000000000022,Whole Loan Sale,105.20125,3776.499999999989,0.0,23665.69,915.69
5025619,605000.0,3.375,360,Cash-out refinance,2021-09-11,104.61,104.64125,Golden Sachs,30250.000000000025,Whole Loan Sale,104.64125,2359.5000000000073,0.0,28079.56,-2170.44
5025656,275000.0,2.99,360,Home purchase,2021-09-13,103.19,103.72125,Storgan Manley,13750.000000000013,Whole Loan Sale,103.72125,4977.500000000002,0.0,10233.44,-3516.56
5025696,125000.0,2.99,360,Home purchase,2021-09-13,104.17,105.76375,Golden Sachs,6250.0000000000055,Whole Loan Sale,105.76375,1037.4999999999964,0.0,7204.69,954.69
5025727,415000.0,1.99,180,Refinancing,2021-09-15,100.93,101.46125,Storgan Manley,20750.00000000002,Whole Loan Sale,101.46125,16890.49999999998,0.0,6064.19,-14685.81
5025728,505000.0,2.75,360,Home purchase,2021-09-15,103.19,104.315,PJ Logan,25250.000000000022,Whole Loan Sale,104.315,9140.500000000002,0.0,21790.75,-3459.25
5025796,55000.0,3.375,360,Refinancing,2021-09-15,104.61,104.64125,Storgan Manley,2750.0000000000023,Whole Loan Sale,104.64125,214.50000000000045,0.0,2552.69,-197.31
5025833,305000.0,2.5,180,Cash-out refinance,2021-09-16,103.03,102.405,Golden Sachs,15250.000000000013,Securitization (UMBS),103.03,6008.500000000015,0.0,9241.5,-6008.5
5025843,145000.0,3.25,240,Cash-out refinance,2021-09-16,105.0,104.53125,Storgan Manley,7250.000000000006,Securitization (UMBS),105.0,0.0,0.0,7250.0,-0.0
5025873,175000.0,2.99,360,Refinancing,2021-09-16,104.17,105.20125,Storgan Manley,8750.000000000007,Whole Loan Sale,105.20125,1452.4999999999945,0.0,9102.19,352.19
5026023,205000.0,2.875,180,Cash-out refinance,2021-09-17,103.19,102.22125,Storgan Manley,10250.00000000001,Securitization (UMBS),103.19,3710.500000000001,0.0,6539.5,-3710.5
5026028,305000.0,2.99,360,Refinancing,2021-09-17,104.17,103.295,Golden Sachs,15250.000000000013,Securitization (UMBS),104.17,2531.499999999991,0.0,12718.5,-2531.5
5026059,85000.0,2.75,180,Refinancing,2021-09-17,104.17,105.76375,Golden Sachs,4250.000000000004,Whole Loan Sale,105.76375,705.4999999999977,0.0,4899.19,649.19
5026112,115000.0,3.25,360,Home purchase,2021-08-16,104.61,104.14125,Storgan Manley,5750.0000000000055,Securitization (UMBS),104.61,448.5000000000018,0.0,5301.5,-448.5
5026124,175000.0,2.875,180,Cash-out refinance,2021-08-23,103.19,103.72125,Storgan Manley,8750.000000000007,Whole Loan Sale,103.72125,3167.5,0.0,6512.19,-2237.81
5026192,195000.0,2.875,360,Refinancing,2021-08-26,103.19,102.94,Golden Sachs,9750.00000000001,Securitization (UMBS),103.19,3529.500000000002,0.0,6220.5,-3529.5
5026235,255000.0,2.375,180,Refinancing,2021-08-26,103.03,102.93625,Golden Sachs,12750.000000000011,Securitization (UMBS),103.03,5023.500000000013,0.0,7726.5,-5023.5
5026338,145000.0,3.125,360,Refinancing,2021-08-27,103.19,103.03375,Storgan Manley,7250.000000000006,Securitization (UMBS),103.19,2624.500000000001,0.0,4625.5,-2624.5
5026395,345000.0,2.99,360,Refinancing,2021-08-30,103.19,102.2525,Golden Sachs,17250.000000000015,Securitization (UMBS),103.19,6244.500000000002,0.0,11005.5,-6244.5
5026511,585000.0,2.94,240,Cash-out refinance,2021-08-30,104.17,103.2325,Golden Sachs,29250.000000000025,Securitization (UMBS),104.17,4855.499999999985,0.0,24394.5,-4855.5
5026633,205000.0,2.875,360,Refinancing,2021-09-01,103.19,101.2525,Golden Sachs,10250.00000000001,Securitization (UMBS),103.19,3710.500000000001,0.0,6539.5,-3710.5
5026731,145000.0,2.5,360,Refinancing,2021-09-01,103.03,102.78,Bank of Americans,7250.000000000006,Securitization (UMBS),103.03,2856.5000000000073,0.0,4393.5,-2856.5
5026787,145000.0,2.99,324,Refinancing,2021-09-02,104.17,104.42,Bank of Americans,7250.000000000006,Whole Loan Sale,104.42,1203.4999999999964,0.0,6409.0,-841.0
5026801,475000.0,2.125,180,Cash-out refinance,2021-09-02,97.45,96.325,Golden Sachs,23750.000000000022,Securitization (UMBS),97.45,35862.50000000001,0.0,-12112.5,-35862.5
5026845,245000.0,2.75,360,Refinancing,2021-09-03,104.17,103.20125,Storgan Manley,12250.000000000011,Securitization (UMBS),104.17,2033.4999999999945,0.0,10216.5,-2033.5
5026899,195000.0,3.25,360,Home purchase,2021-09-03,104.61,104.735,Bank of Americans,9750.00000000001,Whole Loan Sale,104.735,760.5000000000036,0.0,9233.25,-516.75
5026948,205000.0,2.5,240,Refinancing,2021-09-06,99.88,98.8175,Golden Sachs,10250.00000000001,Securitization (UMBS),99.88,10496.000000000027,0.0,-246.0,-10496.0
5027005,135000.0,2.99,360,Refinancing,2021-09-07,103.19,102.22125,Storgan Manley,6750.000000000006,Securitization (UMBS),103.19,2443.500000000001,0.0,4306.5,-2443.5
5027019,265000.0,1.99,108,Cash-out refinance,2021-09-07,100.93,100.055,Bank of Americans,13250.000000000011,Securitization (UMBS),100.93,10785.499999999989,0.0,2464.5,-10785.5
5027034,315000.0,3.25,360,Home purchase,2021-09-07,104.61,102.5475,Golden Sachs,15750.000000000015,Securitization (UMBS),104.61,1228.5000000000055,0.0,14521.5,-1228.5
5027052,195000.0,3.5,360,Cash-out refinance,2021-09-08,104.61,103.985,Golden Sachs,9750.00000000001,Securitization (UMBS),104.61,760.5000000000036,0.0,8989.5,-760.5
5027132,245000.0,2.625,240,Refinancing,2021-09-10,103.03,102.4675,Golden Sachs,12250.000000000011,Securitization (UMBS),103.03,4826.500000000013,0.0,7423.5,-4826.5
5027159,215000.0,2.375,120,Refinancing,2021-09-10,99.88,99.91125,Golden Sachs,10750.00000000001,Whole Loan Sale,99.91125,11008.00000000003,0.0,-190.81,-10940.81
5027292,215000.0,2.99,360,Cash-out refinance,2021-09-10,103.19,104.1275,Golden Sachs,10750.00000000001,Whole Loan Sale,104.1275,3891.500000000001,0.0,8874.12,-1875.88
5027295,175000.0,3.375,360,Cash-out refinance,2021-09-11,104.61,103.76625,Storgan Manley,8750.000000000007,Securitization (UMBS),104.61,682.5000000000018,0.0,8067.5,-682.5
5027398,275000.0,2.99,360,Refinancing,2021-09-11,103.19,102.815,Bank of Americans,13750.000000000013,Securitization (UMBS),103.19,4977.500000000002,0.0,8772.5,-4977.5
5027424,185000.0,2.99,360,Refinancing,2021-09-13,104.17,104.42,Golden Sachs,9250.00000000001,Whole Loan Sale,104.42,1535.4999999999964,0.0,8177.0,-1073.0
5027432,185000.0,2.99,360,Cash-out refinance,2021-09-14,103.19,104.22125,Storgan Manley,9250.00000000001,Whole Loan Sale,104.22125,3348.500000000002,0.0,7809.31,-1440.69
5027483,105000.0,3.25,180,Cash-out refinance,2021-09-15,104.61,102.86,Golden Sachs,5250.000000000005,Securitization (UMBS),104.61,409.5000000000018,0.0,4840.5,-409.5
5027514,825000.0,2.75,180,Refinancing,2021-09-16,103.19,102.94,Bank of Americans,41250.00000000004,Securitization (UMBS),103.19,14932.500000000004,0.0,26317.5,-14932.5
5027728,355000.0,2.875,180,Refinancing,2021-09-16,103.19,101.065,Golden Sachs,17750.000000000015,Securitization (UMBS),103.19,6425.5,0.0,11324.5,-6425.5
5027745,155000.0,3.375,360,Refinancing,2021-09-17,104.61,104.735,Bank of Americans,7750.000000000007,Whole Loan Sale,104.735,604.5000000000027,0.0,7339.25,-410.75
5027755,365000.0,3.25,360,Home purchase,2021-09-17,104.61,104.7975,Golden Sachs,18250.000000000015,Whole Loan Sale,104.7975,1423.5000000000036,0.0,17510.88,-739.13
5027778,395000.0,2.99,360,Refinancing,2021-09-17,103.19,104.1275,Golden Sachs,19750.00000000002,Whole Loan Sale,104.1275,7149.500000000002,0.0,16303.62,-3446.38
5027828,185000.0,3.625,360,Cash-out refinance,2021-09-08,104.61,105.39125,Golden Sachs,9250.00000000001,Whole Loan Sale,105.39125,721.5000000000036,0.0,9973.81,723.81
5027970,105000.0,3.125,360,Refinancing,2021-08-02,103.19,103.22125,Golden Sachs,5250.000000000005,Whole Loan Sale,103.22125,1900.5000000000005,0.0,3382.31,-1867.69
5028018,75000.0,3.75,360,Refinancing,2021-08-20,105.77,106.80125,Bank of Americans,3750.000000000003,Whole Loan Sale,106.80125,-577.4999999999868,0.0,5100.94,1350.94
5028026,465000.0,2.75,360,Refinancing,2021-08-26,103.19,105.3775,Golden Sachs,23250.000000000022,Whole Loan Sale,105.3775,8416.500000000004,0.0,25005.37,1755.37
5028033,285000.0,2.625,360,Refinancing,2021-08-27,99.88,100.34875,PJ Logan,14250.000000000013,Whole Loan Sale,100.34875,14592.000000000038,0.0,993.94,-13256.06
5028034,335000.0,2.75,240,Refinancing,2021-08-27,103.19,102.6275,Golden Sachs,16750.000000000015,Securitization (UMBS),103.19,6063.500000000002,0.0,10686.5,-6063.5
5028079,355000.0,3.375,360,Home purchase,2021-09-01,104.61,105.5475,Golden Sachs,17750.000000000015,Whole Loan Sale,105.5475,1384.5000000000036,0.0,19693.63,1943.62
5028173,345000.0,2.75,240,Refinancing,2021-09-01,103.19,102.94,Bank of Americans,17250.000000000015,Securitization (UMBS),103.19,6244.500000000002,0.0,11005.5,-6244.5
5028291,255000.0,2.875,360,Refinancing,2021-09-01,103.19,103.78375,Golden Sachs,12750.000000000011,Whole Loan Sale,103.78375,4615.500000000001,0.0,9648.56,-3101.44
5028359,515000.0,2.875,360,Other,2021-09-01,103.19,102.6275,Golden Sachs,25750.000000000022,Securitization (UMBS),103.19,9321.5,0.0,16428.5,-9321.5
5028373,105000.0,2.75,180,Refinancing,2021-09-01,103.19,102.6275,Golden Sachs,5250.000000000005,Securitization (UMBS),103.19,1900.5000000000005,0.0,3349.5,-1900.5
5028432,135000.0,2.375,240,Refinancing,2021-09-03,103.03,103.9675,Golden Sachs,6750.000000000006,Whole Loan Sale,103.9675,2659.5000000000073,0.0,5356.13,-1393.88
5028447,305000.0,3.25,360,Cash-out refinance,2021-09-03,104.61,105.5475,Golden Sachs,15250.000000000013,Whole Loan Sale,105.5475,1189.5000000000036,0.0,16919.88,1669.87
5028449,125000.0,2.99,360,Cash-out refinance,2021-09-04,103.19,104.22125,Bank of Americans,6250.0000000000055,Whole Loan Sale,104.22125,2262.5000000000005,0.0,5276.56,-973.44
5028473,85000.0,2.75,240,Refinancing,2021-09-04,103.19,104.78375,Golden Sachs,4250.000000000004,Whole Loan Sale,104.78375,1538.5000000000005,0.0,4066.19,-183.81
5028522,485000.0,2.99,360,Home purchase,2021-09-06,103.19,102.065,Golden Sachs,24250.000000000022,Securitization (UMBS),103.19,8778.500000000002,0.0,15471.5,-8778.5
5028535,205000.0,3.375,360,Refinancing,2021-09-06,104.61,104.86,Golden Sachs,10250.00000000001,Whole Loan Sale,104.86,799.5000000000036,0.0,9963.0,-287.0
5028546,175000.0,2.875,360,Refinancing,2021-09-09,103.19,104.1275,Golden Sachs,8750.000000000007,Whole Loan Sale,104.1275,3167.5,0.0,7223.12,-1526.88
5028552,245000.0,2.875,360,Refinancing,2021-09-10,103.19,102.22125,Storgan Manley,12250.000000000011,Securitization (UMBS),103.19,4434.500000000001,0.0,7815.5,-4434.5
5028556,245000.0,2.75,360,Refinancing,2021-09-10,103.19,104.09625,Golden Sachs,12250.000000000011,Whole Loan Sale,104.09625,4434.500000000001,0.0,10035.81,-2214.19
5028597,295000.0,2.75,360,Cash-out refinance,2021-09-11,104.17,105.76375,Golden Sachs,14750.000000000013,Whole Loan Sale,105.76375,2448.4999999999927,0.0,17003.06,2253.06
5028598,155000.0,3.5,360,Cash-out refinance,2021-09-14,105.0,0.0,Golden Sachs,7750.000000000007,Securitization (UMBS),105.0,0.0,0.0,7750.0,-0.0
5028600,105000.0,2.375,180,Cash-out refinance,2021-09-15,99.88,100.005,Bank of Americans,5250.000000000005,Whole Loan Sale,100.005,5376.000000000014,0.0,5.25,-5244.75
5028615,135000.0,2.125,120,Cash-out refinance,2021-09-15,97.45,96.325,Golden Sachs,6750.000000000006,Securitization (UMBS),97.45,10192.500000000002,0.0,-3442.5,-10192.5
5028677,275000.0,3.25,360,Home purchase,2021-09-15,104.61,103.485,Golden Sachs,13750.000000000013,Securitization (UMBS),104.61,1072.5000000000036,0.0,12677.5,-1072.5
5028724,245000.0,2.25,120,Refinancing,2021-09-16,99.88,99.63,Bank of Americans,12250.000000000011,Securitization (UMBS),99.88,12544.000000000033,0.0,-294.0,-12544.0
5028837,265000.0,2.75,180,Cash-out refinance,2021-09-16,103.19,102.69,Golden Sachs,13250.000000000011,Securitization (UMBS),103.19,4796.5,0.0,8453.5,-4796.5
5028890,175000.0,3.375,180,Cash-out refinance,2021-09-16,105.0,103.8125,Golden Sachs,8750.000000000007,Securitization (UMBS),105.0,0.0,0.0,8750.0,-0.0
5028908,375000.0,2.875,360,Cash-out refinance,2021-09-16,104.17,105.1075,Golden Sachs,18750.00000000002,Whole Loan Sale,105.1075,3112.499999999991,0.0,19153.13,403.12
5028948,235000.0,3.125,360,Cash-out refinance,2021-09-17,103.19,103.03375,Storgan Manley,11750.000000000011,Securitization (UMBS),103.19,4253.500000000002,0.0,7496.5,-4253.5
5028972,235000.0,1.99,180,Refinancing,2021-09-17,100.93,99.08625,Storgan Manley,11750.000000000011,Securitization (UMBS),100.93,9564.49999999999,0.0,2185.5,-9564.5
5029001,315000.0,3.25,360,Home purchase,2021-09-08,104.61,104.45375,Storgan Manley,15750.000000000015,Securitization (UMBS),104.61,1228.5000000000055,0.0,14521.5,-1228.5
5029004,235000.0,2.75,360,Refinancing,2021-08-21,104.17,105.07625,Golden Sachs,11750.000000000011,Whole Loan Sale,105.07625,1950.4999999999945,0.0,11929.19,179.19
5029019,265000.0,2.875,360,Cash-out refinance,2021-08-24,103.19,102.94,Bank of Americans,13250.000000000011,Securitization (UMBS),103.19,4796.5,0.0,8453.5,-4796.5
5029042,205000.0,3.25,360,Home purchase,2021-08-26,105.0,104.34375,Storgan Manley,10250.00000000001,Securitization (UMBS),105.0,0.0,0.0,10250.0,-0.0
5029051,135000.0,2.75,180,Refinancing,2021-08-26,103.19,104.1275,Golden Sachs,6750.000000000006,Whole Loan Sale,104.1275,2443.500000000001,0.0,5572.12,-1177.88
5029110,185000.0,2.875,204,Refinancing,2021-08-27,103.19,104.1275,Golden Sachs,9250.00000000001,Whole Loan Sale,104.1275,3348.500000000002,0.0,7635.87,-1614.13
5029214,155000.0,2.625,180,Cash-out refinance,2021-09-01,103.03,104.155,PJ Logan,7750.000000000007,Whole Loan Sale,104.155,3053.500000000008,0.0,6440.25,-1309.75
5029235,125000.0,2.375,96,Cash-out refinance,2021-09-01,99.88,100.8175,Golden Sachs,6250.0000000000055,Whole Loan Sale,100.8175,6400.000000000016,0.0,1021.87,-5228.13
5029242,245000.0,3.375,360,Cash-out refinance,2021-09-01,104.61,104.36,Golden Sachs,12250.000000000011,Securitization (UMBS),104.61,955.5000000000036,0.0,11294.5,-955.5
5029392,515000.0,2.99,360,Refinancing,2021-09-01,104.17,104.01375,Storgan Manley,25750.000000000022,Securitization (UMBS),104.17,4274.499999999985,0.0,21475.5,-4274.5
5029498,385000.0,2.99,360,Refinancing,2021-09-02,103.19,102.94,Golden Sachs,19250.00000000002,Securitization (UMBS),103.19,6968.500000000004,0.0,12281.5,-6968.5
5029519,555000.0,2.875,360,Home purchase,2021-09-04,103.19,103.59625,Golden Sachs,27750.000000000025,Whole Loan Sale,103.59625,10045.500000000004,0.0,19959.19,-7790.81
5029612,295000.0,2.875,360,Cash-out refinance,2021-09-06,103.19,103.59625,Golden Sachs,14750.000000000013,Whole Loan Sale,103.59625,5339.500000000002,0.0,10608.94,-4141.06
5029628,235000.0,3.375,180,Cash-out refinance,2021-09-06,105.0,104.5,Golden Sachs,11750.000000000011,Securitization (UMBS),105.0,0.0,0.0,11750.0,-0.0
5029639,575000.0,2.875,360,Refinancing,2021-09-07,104.17,103.7325,Golden Sachs,28750.000000000025,Securitization (UMBS),104.17,4772.499999999985,0.0,23977.5,-4772.5
5029670,185000.0,2.625,180,Cash-out refinance,2021-09-07,103.03,101.78,Bank of Americans,9250.00000000001,Securitization (UMBS),103.03,3644.50000000001,0.0,5605.5,-3644.5
5029713,225000.0,2.625,180,Cash-out refinance,2021-09-07,103.03,103.155,Bank of Americans,11250.00000000001,Whole Loan Sale,103.155,4432.500000000011,0.0,7098.75,-4151.25
5029773,205000.0,2.99,360,Cash-out refinance,2021-09-08,103.19,102.59625,Storgan Manley,10250.00000000001,Securitization (UMBS),103.19,3710.500000000001,0.0,6539.5,-3710.5
5029845,345000.0,3.125,360,Home purchase,2021-09-08,104.17,104.295,Bank of Americans,17250.000000000015,Whole Loan Sale,104.295,2863.499999999991,0.0,14817.75,-2432.25
5029869,105000.0,3.25,360,Home purchase,2021-09-08,105.0,104.375,Golden Sachs,5250.000000000005,Securitization (UMBS),105.0,0.0,0.0,5250.0,-0.0
5029873,405000.0,2.5,240,Cash-out refinance,2021-09-09,99.88,0.0,Golden Sachs,20250.00000000002,Securitization (UMBS),99.88,20736.000000000055,0.0,-486.0,-20736.0
5029964,385000.0,3.44,360,Home purchase,2021-09-10,105.0,105.46875,PJ Logan,19250.00000000002,Whole Loan Sale,105.46875,0.0,0.0,21054.69,1804.69
5030109,155000.0,2.625,180,Refinancing,2021-09-11,103.03,104.62375,Golden Sachs,7750.000000000007,Whole Loan Sale,104.62375,3053.500000000008,0.0,7166.81,-583.19
5030131,195000.0,3.25,360,Refinancing,2021-09-11,105.0,103.875,Golden Sachs,9750.00000000001,Securitization (UMBS),105.0,0.0,0.0,9750.0,-0.0
5030191,115000.0,2.375,180,Refinancing,2021-09-11,99.88,99.63,Bank of Americans,5750.0000000000055,Securitization (UMBS),99.88,5888.0000000000155,0.0,-138.0,-5888.0
5030264,265000.0,1.75,180,Refinancing,2021-09-13,97.45,98.3875,Golden Sachs,13250.000000000011,Whole Loan Sale,98.3875,20007.5,0.0,-4273.12,-17523.13
5030285,485000.0,2.99,240,Refinancing,2021-09-14,104.17,104.3575,Golden Sachs,24250.000000000022,Whole Loan Sale,104.3575,4025.499999999989,0.0,21133.88,-3116.13
5030290,485000.0,2.75,360,Home purchase,2021-09-15,103.19,103.53375,Storgan Manley,24250.000000000022,Whole Loan Sale,103.53375,8778.500000000002,0.0,17138.69,-7111.31
5030305,165000.0,2.75,360,Refinancing,2021-09-15,104.17,103.67,Golden Sachs,8250.000000000007,Securitization (UMBS),104.17,1369.4999999999955,0.0,6880.5,-1369.5
5030357,245000.0,2.875,240,Refinancing,2021-09-16,104.17,105.88875,PJ Logan,12250.000000000011,Whole Loan Sale,105.88875,2033.4999999999945,0.0,14427.44,2177.44
5030377,275000.0,2.75,240,Refinancing,2021-09-16,104.17,103.1075,Golden Sachs,13750.000000000013,Securitization (UMBS),104.17,2282.4999999999927,0.0,11467.5,-2282.5
5030384,155000.0,2.875,240,Cash-out refinance,2021-09-17,103.19,103.65875,PJ Logan,7750.000000000007,Whole Loan Sale,103.65875,2805.500000000001,0.0,5671.06,-2078.94
5030433,245000.0,2.875,240,Refinancing,2021-09-17,104.17,104.63875,PJ Logan,12250.000000000011,Whole Loan Sale,104.63875,2033.4999999999945,0.0,11364.94,-885.06
5030445,275000.0,2.99,360,Cash-out refinance,2021-09-17,103.19,104.1275,Golden Sachs,13750.000000000013,Whole Loan Sale,104.1275,4977.500000000002,0.0,11350.62,-2399.38
5030448,125000.0,2.875,360,Cash-out refinance,2021-08-31,103.19,102.0025,Golden Sachs,6250.0000000000055,Securitization (UMBS),103.19,2262.5000000000005,0.0,3987.5,-2262.5
5030597,185000.0,2.875,312,Refinancing,2021-08-31,103.19,104.315,PJ Logan,9250.00000000001,Whole Loan Sale,104.315,3348.500000000002,0.0,7982.75,-1267.25
5030605,105000.0,2.75,144,Refinancing,2021-09-01,103.19,104.1275,Golden Sachs,5250.000000000005,Whole Loan Sale,104.1275,1900.5000000000005,0.0,4333.87,-916.13
5030621,155000.0,2.99,360,Refinancing,2021-09-01,103.19,103.72125,Storgan Manley,7750.000000000007,Whole Loan Sale,103.72125,2805.500000000001,0.0,5767.94,-1982.06
5030657,305000.0,2.25,180,Cash-out refinance,2021-09-02,103.03,104.62375,Golden Sachs,15250.000000000013,Whole Loan Sale,104.62375,6008.500000000015,0.0,14102.44,-1147.56
5030673,335000.0,2.125,180,Refinancing,2021-09-02,97.45,98.3875,Golden Sachs,16750.000000000015,Whole Loan Sale,98.3875,25292.500000000004,0.0,-5401.87,-22151.88
5030706,195000.0,2.625,180,Refinancing,2021-09-02,99.88,99.53625,Storgan Manley,9750.00000000001,Securitization (UMBS),99.88,9984.000000000027,0.0,-234.0,-9984.0
5030787,95000.0,2.99,360,Cash-out refinance,2021-09-03,103.19,103.315,Bank of Americans,4750.000000000005,Whole Loan Sale,103.315,1719.500000000001,0.0,3149.25,-1600.75
5030794,445000.0,2.25,180,Refinancing,2021-09-03,103.03,104.62375,Golden Sachs,22250.00000000002,Whole Loan Sale,104.62375,8766.500000000022,0.0,20575.69,-1674.31
5030840,865000.0,2.99,360,Cash-out refinance,2021-09-03,103.19,101.94,Bank of Americans,43250.00000000004,Securitization (UMBS),103.19,15656.500000000004,0.0,27593.5,-15656.5
5030876,215000.0,2.875,240,Refinancing,2021-09-04,104.17,103.1075,Golden Sachs,10750.00000000001,Securitization (UMBS),104.17,1784.4999999999945,0.0,8965.5,-1784.5
5030925,95000.0,2.875,240,Cash-out refinance,2021-09-04,103.19,101.72125,Storgan Manley,4750.000000000005,Securitization (UMBS),103.19,1719.500000000001,0.0,3030.5,-1719.5
5031001,295000.0,2.75,180,Refinancing,2021-09-06,104.17,105.76375,Golden Sachs,14750.000000000013,Whole Loan Sale,105.76375,2448.4999999999927,0.0,17003.06,2253.06
5031106,185000.0,2.25,180,Cash-out refinance,2021-09-06,99.88,100.8175,Golden Sachs,9250.00000000001,Whole Loan Sale,100.8175,9472.000000000025,0.0,1512.37,-7737.63
5031199,115000.0,3.375,360,Cash-out refinance,2021-09-06,104.61,104.01625,Golden Sachs,5750.0000000000055,Securitization (UMBS),104.61,448.5000000000018,0.0,5301.5,-448.5
5031233,615000.0,2.625,180,Refinancing,2021-09-07,103.03,103.905,Golden Sachs,30750.00000000003,Whole Loan Sale,103.905,12115.500000000033,0.0,24015.75,-6734.25
5031252,345000.0,2.75,180,Cash-out refinance,2021-09-08,104.17,105.88875,PJ Logan,17250.000000000015,Whole Loan Sale,105.88875,2863.499999999991,0.0,20316.19,3066.19
5031377,185000.0,2.875,360,Cash-out refinance,2021-09-08,103.19,104.09625,Golden Sachs,9250.00000000001,Whole Loan Sale,104.09625,3348.500000000002,0.0,7578.06,-1671.94
5031440,325000.0,2.75,180,Refinancing,2021-09-09,103.19,102.94,Golden Sachs,16250.000000000015,Securitization (UMBS),103.19,5882.500000000002,0.0,10367.5,-5882.5
5031462,135000.0,3.25,360,Refinancing,2021-09-10,105.0,106.03125,Storgan Manley,6750.000000000006,Whole Loan Sale,106.03125,0.0,0.0,8142.19,1392.19
5031653,215000.0,2.875,360,Refinancing,2021-09-10,103.19,104.315,PJ Logan,10750.00000000001,Whole Loan Sale,104.315,3891.500000000001,0.0,9277.25,-1472.75
5031671,125000.0,2.99,360,Home purchase,2021-09-13,103.19,102.1275,Golden Sachs,6250.0000000000055,Securitization (UMBS),103.19,2262.5000000000005,0.0,3987.5,-2262.5
5031712,715000.0,2.25,180,Refinancing,2021-09-13,99.88,100.005,Bank of Americans,35750.00000000003,Whole Loan Sale,100.005,36608.000000000095,0.0,35.75,-35714.25
5031790,655000.0,3.25,360,Cash-out refinance,2021-09-13,104.61,106.20375,Golden Sachs,32750.00000000003,Whole Loan Sale,106.20375,2554.500000000011,0.0,40634.56,7884.56
5031822,125000.0,2.5,180,Cash-out refinance,2021-09-13,99.88,99.28625,Golden Sachs,6250.0000000000055,Securitization (UMBS),99.88,6400.000000000016,0.0,-150.0,-6400.0
5031858,295000.0,2.875,240,Cash-out refinance,2021-09-13,104.17,103.57625,Golden Sachs,14750.000000000013,Securitization (UMBS),104.17,2448.4999999999927,0.0,12301.5,-2448.5
5031879,255000.0,2.99,360,Cash-out refinance,2021-09-14,103.19,102.565,Golden Sachs,12750.000000000011,Securitization (UMBS),103.19,4615.500000000001,0.0,8134.5,-4615.5
5031927,275000.0,2.99,360,Refinancing,2021-09-14,104.17,104.42,Golden Sachs,13750.000000000013,Whole Loan Sale,104.42,2282.4999999999927,0.0,12155.0,-1595.0
5031973,315000.0,2.99,360,Cash-out refinance,2021-09-15,104.17,104.295,Bank of Americans,15750.000000000015,Whole Loan Sale,104.295,2614.4999999999927,0.0,13529.25,-2220.75
5032023,295000.0,2.875,240,Cash-out refinance,2021-09-16,103.19,103.22125,Golden Sachs,14750.000000000013,Whole Loan Sale,103.22125,5339.500000000002,0.0,9502.69,-5247.31
5032025,175000.0,2.375,180,Refinancing,2021-09-16,99.88,98.9425,Golden Sachs,8750.000000000007,Securitization (UMBS),99.88,8960.000000000024,0.0,-210.0,-8960.0
5032045,285000.0,2.875,360,Refinancing,2021-09-17,104.17,105.76375,Golden Sachs,14250.000000000013,Whole Loan Sale,105.76375,2365.4999999999927,0.0,16426.69,2176.69
5032068,325000.0,2.875,360,Refinancing,2021-09-17,103.19,103.65875,PJ Logan,16250.000000000015,Whole Loan Sale,103.65875,5882.500000000002,0.0,11890.94,-4359.06
5032100,495000.0,2.875,360,Refinancing,2021-08-03,103.19,104.78375,Golden Sachs,24750.000000000022,Whole Loan Sale,104.78375,8959.500000000002,0.0,23679.56,-1070.44
5032154,235000.0,2.75,240,Refinancing,2021-08-24,104.17,105.1075,Golden Sachs,11750.000000000011,Whole Loan Sale,105.1075,1950.4999999999945,0.0,12002.63,252.62
5032390,825000.0,2.875,360,Refinancing,2021-08-25,103.19,104.22125,Storgan Manley,41250.00000000004,Whole Loan Sale,104.22125,14932.500000000004,0.0,34825.31,-6424.69
5032404,135000.0,2.75,180,Refinancing,2021-08-26,103.19,104.315,PJ Logan,6750.000000000006,Whole Loan Sale,104.315,2443.500000000001,0.0,5825.25,-924.75
5032424,245000.0,2.875,360,Cash-out refinance,2021-08-27,104.17,105.295,PJ Logan,12250.000000000011,Whole Loan Sale,105.295,2033.4999999999945,0.0,12972.75,722.75
5032447,505000.0,2.99,360,Refinancing,2021-08-28,104.17,104.70125,Storgan Manley,25250.000000000022,Whole Loan Sale,104.70125,4191.499999999985,0.0,23741.31,-1508.69
5032490,295000.0,2.75,240,Refinancing,2021-08-31,103.19,103.65875,PJ Logan,14750.000000000013,Whole Loan Sale,103.65875,5339.500000000002,0.0,10793.31,-3956.69
5032532,165000.0,2.99,360,Refinancing,2021-09-01,103.19,104.03375,PJ Logan,8250.000000000007,Whole Loan Sale,104.03375,2986.500000000001,0.0,6655.69,-1594.31
5032562,265000.0,3.25,360,Cash-out refinance,2021-09-02,105.0,106.03125,Storgan Manley,13250.000000000011,Whole Loan Sale,106.03125,0.0,0.0,15982.81,2732.81
5032668,225000.0,3.375,360,Cash-out refinance,2021-09-02,104.61,105.14125,Storgan Manley,11250.00000000001,Whole Loan Sale,105.14125,877.5000000000018,0.0,11567.81,317.81
5032848,665000.0,2.94,360,Home purchase,2021-09-03,103.19,104.065,Golden Sachs,33250.00000000003,Whole Loan Sale,104.065,12036.500000000004,0.0,27032.25,-6217.75
5032858,75000.0,2.75,180,Other,2021-09-04,104.17,105.1075,Golden Sachs,3750.000000000003,Whole Loan Sale,105.1075,622.4999999999977,0.0,3830.63,80.62
5032886,125000.0,2.99,180,Cash-out refinance,2021-09-06,104.17,105.1075,Golden Sachs,6250.0000000000055,Whole Loan Sale,105.1075,1037.4999999999964,0.0,6384.38,134.37
5032950,255000.0,3.25,360,Cash-out refinance,2021-09-07,105.0,106.59375,Golden Sachs,12750.000000000011,Whole Loan Sale,106.59375,0.0,0.0,16814.06,4064.06
5033223,295000.0,2.875,360,Refinancing,2021-09-07,104.17,104.6075,Golden Sachs,14750.000000000013,Whole Loan Sale,104.6075,2448.4999999999927,0.0,13592.13,-1157.88
5033297,315000.0,2.94,360,Refinancing,2021-09-08,103.19,103.72125,Storgan Manley,15750.000000000015,Whole Loan Sale,103.72125,5701.500000000002,0.0,11721.94,-4028.06
5033303,275000.0,2.25,180,Refinancing,2021-09-09,99.88,100.8175,Golden Sachs,13750.000000000013,Whole Loan Sale,100.8175,14080.000000000038,0.0,2248.12,-11501.88
5033439,175000.0,3.375,360,Cash-out refinance,2021-09-13,104.61,105.485,Golden Sachs,8750.000000000007,Whole Loan Sale,105.485,682.5000000000018,0.0,9598.75,848.75
5033515,385000.0,2.99,360,Cash-out refinance,2021-09-13,103.19,103.65875,PJ Logan,19250.00000000002,Whole Loan Sale,103.65875,6968.500000000004,0.0,14086.19,-5163.81
5033575,235000.0,2.625,360,Refinancing,2021-09-14,99.88,101.47375,Golden Sachs,11750.000000000011,Whole Loan Sale,101.47375,12032.000000000033,0.0,3463.31,-8286.69
5033626,225000.0,2.99,360,Refinancing,2021-09-14,104.17,105.76375,Golden Sachs,11250.00000000001,Whole Loan Sale,105.76375,1867.4999999999927,0.0,12968.44,1718.44
5033629,195000.0,3.125,360,Refinancing,2021-09-15,103.19,102.53375,Storgan Manley,9750.00000000001,Securitization (UMBS),103.19,3529.500000000002,0.0,6220.5,-3529.5
5033640,105000.0,2.99,360,Refinancing,2021-09-15,104.17,103.01375,Storgan Manley,5250.000000000005,Securitization (UMBS),104.17,871.4999999999973,0.0,4378.5,-871.5
5033649,195000.0,2.99,360,Cash-out refinance,2021-09-15,103.19,104.09625,Golden Sachs,9750.00000000001,Whole Loan Sale,104.09625,3529.500000000002,0.0,7987.69,-1762.31
5033708,165000.0,2.99,360,Refinancing,2021-09-15,103.19,102.59625,Golden Sachs,8250.000000000007,Securitization (UMBS),103.19,2986.500000000001,0.0,5263.5,-2986.5
5033712,105000.0,2.625,120,Refinancing,2021-09-16,99.88,98.9425,Golden Sachs,5250.000000000005,Securitization (UMBS),99.88,5376.000000000014,0.0,-126.0,-5376.0
5033741,175000.0,2.625,360,Cash-out refinance,2021-09-16,103.03,102.18625,Storgan Manley,8750.000000000007,Securitization (UMBS),103.03,3447.500000000008,0.0,5302.5,-3447.5
5033764,255000.0,3.125,360,Refinancing,2021-09-16,104.17,103.92,Bank of Americans,12750.000000000011,Securitization (UMBS),104.17,2116.4999999999927,0.0,10633.5,-2116.5
5033868,345000.0,3.19,360,Refinancing,2021-09-17,103.19,102.7525,Golden Sachs,17250.000000000015,Securitization (UMBS),103.19,6244.500000000002,0.0,11005.5,-6244.5
5033909,115000.0,2.99,360,Refinancing,2021-09-17,104.17,103.7325,Golden Sachs,5750.0000000000055,Securitization (UMBS),104.17,954.4999999999973,0.0,4795.5,-954.5
5033926,185000.0,3.625,360,Cash-out refinance,2021-09-17,104.61,104.86,Bank of Americans,9250.00000000001,Whole Loan Sale,104.86,721.5000000000036,0.0,8991.0,-259.0
5033963,155000.0,2.99,360,Cash-out refinance,2021-08-16,103.19,102.94,Bank of Americans,7750.000000000007,Securitization (UMBS),103.19,2805.500000000001,0.0,4944.5,-2805.5
5033983,215000.0,2.99,240,Cash-out refinance,2021-08-23,104.17,103.045,Golden Sachs,10750.00000000001,Securitization (UMBS),104.17,1784.4999999999945,0.0,8965.5,-1784.5
5034002,115000.0,3.375,360,Cash-out refinance,2021-08-24,104.61,104.61,Bank of Americans,5750.0000000000055,Securitization (UMBS),104.61,448.5000000000018,0.0,5301.5,-448.5
5034026,135000.0,2.99,360,Cash-out refinance,2021-08-25,103.19,101.47125,Storgan Manley,6750.000000000006,Securitization (UMBS),103.19,2443.500000000001,0.0,4306.5,-2443.5
5034122,205000.0,2.875,240,Refinancing,2021-09-01,104.17,103.1075,Golden Sachs,10250.00000000001,Securitization (UMBS),104.17,1701.4999999999945,0.0,8548.5,-1701.5
5034168,425000.0,2.875,360,Home purchase,2021-09-01,103.19,102.22125,Storgan Manley,21250.00000000002,Securitization (UMBS),103.19,7692.500000000002,0.0,13557.5,-7692.5
5034178,85000.0,2.99,360,Refinancing,2021-09-02,103.19,102.065,Golden Sachs,4250.000000000004,Securitization (UMBS),103.19,1538.5000000000005,0.0,2711.5,-1538.5
5034182,385000.0,2.625,240,Refinancing,2021-09-02,99.88,98.755,Golden Sachs,19250.00000000002,Securitization (UMBS),99.88,19712.000000000055,0.0,-462.0,-19712.0
5034206,215000.0,2.99,360,Cash-out refinance,2021-09-02,104.17,102.545,Golden Sachs,10750.00000000001,Securitization (UMBS),104.17,1784.4999999999945,0.0,8965.5,-1784.5
5034226,825000.0,2.75,360,Home purchase,2021-09-03,103.19,102.565,Golden Sachs,41250.00000000004,Securitization (UMBS),103.19,14932.500000000004,0.0,26317.5,-14932.5
5034245,535000.0,2.875,360,Home purchase,2021-09-03,103.19,102.6275,Golden Sachs,26750.000000000025,Securitization (UMBS),103.19,9683.500000000004,0.0,17066.5,-9683.5
5034265,355000.0,2.99,360,Cash-out refinance,2021-09-03,103.19,102.5025,Golden Sachs,17750.000000000015,Securitization (UMBS),103.19,6425.5,0.0,11324.5,-6425.5
5034285,115000.0,2.99,360,Refinancing,2021-09-03,103.19,102.72125,Golden Sachs,5750.0000000000055,Securitization (UMBS),103.19,2081.500000000001,0.0,3668.5,-2081.5
5034329,155000.0,3.0,180,Home purchase,2021-09-04,103.19,103.53375,Storgan Manley,7750.000000000007,Whole Loan Sale,103.53375,2805.500000000001,0.0,5477.31,-2272.69
5034349,405000.0,1.99,180,Cash-out refinance,2021-09-04,100.93,101.96125,Storgan Manley,20250.00000000002,Whole Loan Sale,101.96125,16483.49999999998,0.0,7943.06,-12306.94
5034370,225000.0,2.99,360,Refinancing,2021-09-04,103.19,102.565,Golden Sachs,11250.00000000001,Securitization (UMBS),103.19,4072.5,0.0,7177.5,-4072.5
5034431,455000.0,2.75,360,Cash-out refinance,2021-09-04,103.19,102.22125,Storgan Manley,22750.000000000022,Securitization (UMBS),103.19,8235.500000000004,0.0,14514.5,-8235.5
5034515,295000.0,2.875,360,Cash-out refinance,2021-09-04,103.19,104.065,Golden Sachs,14750.000000000013,Whole Loan Sale,104.065,5339.500000000002,0.0,11991.75,-2758.25
5034628,385000.0,2.875,360,Home purchase,2021-09-04,103.19,102.34625,Storgan Manley,19250.00000000002,Securitization (UMBS),103.19,6968.500000000004,96.3,12281.5,-6968.5
5034710,135000.0,2.25,180,Refinancing,2021-09-06,99.88,99.41125,Storgan Manley,6750.000000000006,Securitization (UMBS),99.88,6912.000000000018,0.0,-162.0,-6912.0
5034736,225000.0,2.75,204,Refinancing,2021-09-07,104.17,105.76375,Golden Sachs,11250.00000000001,Whole Loan Sale,105.76375,1867.4999999999927,0.0,12968.44,1718.44
5034819,185000.0,2.875,240,Cash-out refinance,2021-09-08,104.17,104.295,Bank of Americans,9250.00000000001,Whole Loan Sale,104.295,1535.4999999999964,0.0,7945.75,-1304.25
5034836,235000.0,2.875,360,Cash-out refinance,2021-09-11,103.19,102.815,Bank of Americans,11750.000000000011,Securitization (UMBS),103.19,4253.500000000002,0.0,7496.5,-4253.5
5034848,325000.0,2.99,360,Cash-out refinance,2021-09-11,103.19,104.315,PJ Logan,16250.000000000015,Whole Loan Sale,104.315,5882.500000000002,0.0,14023.75,-2226.25
5034860,445000.0,2.75,240,Refinancing,2021-09-13,103.19,102.84625,Storgan Manley,22250.00000000002,Securitization (UMBS),103.19,8054.5,0.0,14195.5,-8054.5
5034888,135000.0,3.375,360,Home purchase,2021-09-14,105.0,103.9375,Golden Sachs,6750.000000000006,Securitization (UMBS),105.0,0.0,0.0,6750.0,-0.0
5034915,135000.0,3.875,360,Cash-out refinance,2021-09-16,106.41,107.3475,Golden Sachs,6750.000000000006,Whole Loan Sale,107.3475,-1903.499999999999,0.0,9919.12,3169.12
5034937,565000.0,2.75,360,Home purchase,2021-09-16,103.19,102.72125,Storgan Manley,28250.000000000025,Securitization (UMBS),103.19,10226.500000000004,0.0,18023.5,-10226.5
5035033,105000.0,3.5,360,Cash-out refinance,2021-09-17,105.0,104.53125,Storgan Manley,5250.000000000005,Securitization (UMBS),105.0,0.0,0.0,5250.0,-0.0
5035112,85000.0,2.75,360,Refinancing,2021-09-17,103.19,104.22125,Storgan Manley,4250.000000000004,Whole Loan Sale,104.22125,1538.5000000000005,0.0,3588.06,-661.94
5035153,655000.0,2.875,360,Refinancing,2021-08-24,104.17,104.6075,Golden Sachs,32750.00000000003,Whole Loan Sale,104.6075,5436.499999999982,0.0,30179.13,-2570.88
5035218,335000.0,2.69,360,Refinancing,2021-08-24,99.88,101.47375,Golden Sachs,16750.000000000015,Whole Loan Sale,101.47375,17152.000000000044,0.0,4937.06,-11812.94
5035265,135000.0,2.99,360,Refinancing,2021-08-24,104.17,103.32625,Storgan Manley,6750.000000000006,Securitization (UMBS),104.17,1120.4999999999973,0.0,5629.5,-1120.5
5035275,325000.0,2.5,240,Cash-out refinance,2021-08-26,99.88,100.005,Bank of Americans,16250.000000000015,Whole Loan Sale,100.005,16640.000000000044,0.0,16.25,-16233.75
5035328,745000.0,3.125,360,Refinancing,2021-08-26,103.19,102.6275,Golden Sachs,37250.00000000004,Securitization (UMBS),103.19,13484.500000000007,0.0,23765.5,-13484.5
5035359,215000.0,2.875,360,Cash-out refinance,2021-08-26,103.19,103.44,Golden Sachs,10750.00000000001,Whole Loan Sale,103.44,3891.500000000001,0.0,7396.0,-3354.0
5035528,405000.0,2.75,240,Refinancing,2021-08-27,103.19,102.97125,Storgan Manley,20250.00000000002,Securitization (UMBS),103.19,7330.500000000002,0.0,12919.5,-7330.5
5035613,265000.0,2.99,360,Cash-out refinance,2021-08-28,104.17,105.67,PJ Logan,13250.000000000011,Whole Loan Sale,105.67,2199.4999999999927,0.0,15025.5,1775.5
5035621,245000.0,2.25,180,Refinancing,2021-08-30,99.88,99.03625,Storgan Manley,12250.000000000011,Securitization (UMBS),99.88,12544.000000000033,0.0,-294.0,-12544.0
5035658,285000.0,2.25,180,Refinancing,2021-09-01,103.03,104.155,PJ Logan,14250.000000000013,Whole Loan Sale,104.155,5614.500000000015,0.0,11841.75,-2408.25
5035690,565000.0,2.99,360,Refinancing,2021-09-01,103.19,103.22125,Golden Sachs,28250.000000000025,Whole Loan Sale,103.22125,10226.500000000004,0.0,18200.06,-10049.94
5035694,405000.0,1.99,180,Refinancing,2021-09-02,100.93,101.27375,Storgan Manley,20250.00000000002,Whole Loan Sale,101.27375,16483.49999999998,0.0,5158.69,-15091.31
5035702,455000.0,3.25,360,Home purchase,2021-09-02,105.0,106.59375,Golden Sachs,22750.000000000022,Whole Loan Sale,106.59375,0.0,0.0,30001.56,7251.56
5035819,295000.0,3.25,360,Home purchase,2021-09-04,104.61,103.0475,Golden Sachs,14750.000000000013,Securitization (UMBS),104.61,1150.5000000000036,0.0,13599.5,-1150.5
5035830,195000.0,2.875,360,Cash-out refinance,2021-09-04,103.19,103.44,Bank of Americans,9750.00000000001,Whole Loan Sale,103.44,3529.500000000002,0.0,6708.0,-3042.0
5035927,335000.0,3.25,360,Cash-out refinance,2021-09-04,104.61,103.485,Golden Sachs,16750.000000000015,Securitization (UMBS),104.61,1306.5000000000055,0.0,15443.5,-1306.5
5036057,185000.0,2.875,360,Cash-out refinance,2021-09-07,104.17,105.76375,Golden Sachs,9250.00000000001,Whole Loan Sale,105.76375,1535.4999999999964,0.0,10662.94,1412.94
5036075,365000.0,3.25,360,Cash-out refinance,2021-09-08,105.0,104.0625,Golden Sachs,18250.000000000015,Securitization (UMBS),105.0,0.0,0.0,18250.0,-0.0
5036087,355000.0,2.625,180,Cash-out refinance,2021-09-08,99.88,100.91125,Storgan Manley,17750.000000000015,Whole Loan Sale,100.91125,18176.000000000047,0.0,3234.94,-14515.06
5036147,275000.0,2.75,240,Cash-out refinance,2021-09-09,104.17,103.045,Golden Sachs,13750.000000000013,Securitization (UMBS),104.17,2282.4999999999927,0.0,11467.5,-2282.5
5036419,555000.0,2.69,360,Refinancing,2021-09-09,103.03,102.3425,Golden Sachs,27750.000000000025,Securitization (UMBS),103.03,10933.50000000003,0.0,16816.5,-10933.5
5036423,195000.0,3.25,240,Cash-out refinance,2021-09-10,104.61,104.26625,Storgan Manley,9750.00000000001,Securitization (UMBS),104.61,760.5000000000036,0.0,8989.5,-760.5
5036427,355000.0,3.375,360,Cash-out refinance,2021-09-10,104.61,104.14125,Golden Sachs,17750.000000000015,Securitization (UMBS),104.61,1384.5000000000036,0.0,16365.5,-1384.5
5036447,225000.0,3.25,360,Cash-out refinance,2021-09-10,104.61,106.20375,Golden Sachs,11250.00000000001,Whole Loan Sale,106.20375,877.5000000000018,0.0,13958.44,2708.44
5036471,135000.0,2.99,360,Refinancing,2021-09-11,104.17,104.42,Bank of Americans,6750.000000000006,Whole Loan Sale,104.42,1120.4999999999973,0.0,5967.0,-783.0
5036631,415000.0,2.75,360,Cash-out refinance,2021-09-11,103.19,0.0,Golden Sachs,20750.00000000002,Securitization (UMBS),103.19,7511.500000000002,0.0,13238.5,-7511.5
5036703,165000.0,2.875,240,Cash-out refinance,2021-09-11,104.17,105.1075,Golden Sachs,8250.000000000007,Whole Loan Sale,105.1075,1369.4999999999955,0.0,8427.38,177.37
5036749,145000.0,2.625,180,Cash-out refinance,2021-09-11,103.03,104.155,PJ Logan,7250.000000000006,Whole Loan Sale,104.155,2856.5000000000073,0.0,6024.75,-1225.25
5036792,115000.0,2.375,96,Refinancing,2021-09-13,99.88,99.505,Bank of Americans,5750.0000000000055,Securitization (UMBS),99.88,5888.0000000000155,0.0,-138.0,-5888.0
5036926,575000.0,2.5,360,Refinancing,2021-09-13,103.03,104.62375,Golden Sachs,28750.000000000025,Whole Loan Sale,104.62375,11327.50000000003,0.0,26586.56,-2163.44
5037002,345000.0,2.99,360,Home purchase,2021-09-14,103.19,102.565,Golden Sachs,17250.000000000015,Securitization (UMBS),103.19,6244.500000000002,0.0,11005.5,-6244.5
5037072,405000.0,3.75,360,Home purchase,2021-09-14,105.77,106.11375,Storgan Manley,20250.00000000002,Whole Loan Sale,106.11375,-3118.4999999999272,0.0,24760.69,4510.69
5037163,475000.0,2.875,240,Refinancing,2021-09-16,104.17,104.20125,Golden Sachs,23750.000000000022,Whole Loan Sale,104.20125,3942.499999999989,0.0,19955.94,-3794.06
5037223,225000.0,2.25,180,Refinancing,2021-09-16,103.03,104.06125,Storgan Manley,11250.00000000001,Whole Loan Sale,104.06125,4432.500000000011,0.0,9137.81,-2112.19
5037289,695000.0,2.99,360,Home purchase,2021-09-16,103.19,103.44,Bank of Americans,34750.00000000003,Whole Loan Sale,103.44,12579.5,0.0,23908.0,-10842.0
5037294,255000.0,2.875,360,Cash-out refinance,2021-09-17,104.17,104.07625,Golden Sachs,12750.000000000011,Securitization (UMBS),104.17,2116.4999999999927,0.0,10633.5,-2116.5
5037304,145000.0,2.5,180,Cash-out refinance,2021-08-02,99.88,98.91125,Storgan Manley,7250.000000000006,Securitization (UMBS),99.88,7424.000000000019,0.0,-174.0,-7424.0
5037320,465000.0,2.125,240,Refinancing,2021-08-16,100.93,99.8675,Golden Sachs,23250.000000000022,Securitization (UMBS),100.93,18925.49999999998,0.0,4324.5,-18925.5
5037351,185000.0,2.99,360,Cash-out refinance,2021-08-23,103.19,104.1275,Golden Sachs,9250.00000000001,Whole Loan Sale,104.1275,3348.500000000002,0.0,7635.87,-1614.13
5037358,415000.0,2.375,360,Refinancing,2021-08-24,99.88,101.47375,Golden Sachs,20750.00000000002,Whole Loan Sale,101.47375,21248.000000000055,0.0,6116.06,-14633.94
5037384,195000.0,2.75,180,Cash-out refinance,2021-08-25,104.17,104.70125,Storgan Manley,9750.00000000001,Whole Loan Sale,104.70125,1618.4999999999955,0.0,9167.44,-582.56
5037410,765000.0,2.99,360,Refinancing,2021-08-26,103.19,103.59625,Golden Sachs,38250.00000000004,Whole Loan Sale,103.59625,13846.500000000007,0.0,27511.31,-10738.69
5037447,545000.0,2.375,360,Home purchase,2021-08-26,99.88,99.63,Bank of Americans,27250.000000000025,Securitization (UMBS),99.88,27904.000000000073,0.0,-654.0,-27904.0
5037460,145000.0,2.99,240,Cash-out refinance,2021-08-27,103.19,102.22125,Storgan Manley,7250.000000000006,Securitization (UMBS),103.19,2624.500000000001,0.0,4625.5,-2624.5
5037493,365000.0,2.75,360,Cash-out refinance,2021-08-28,103.19,102.72125,Golden Sachs,18250.000000000015,Securitization (UMBS),103.19,6606.5,0.0,11643.5,-6606.5
5037511,315000.0,2.375,360,Home purchase,2021-08-31,99.88,98.755,Golden Sachs,15750.000000000015,Securitization (UMBS),99.88,16128.000000000044,0.0,-378.0,-16128.0
5037547,215000.0,2.99,288,Refinancing,2021-09-01,103.19,101.6275,Golden Sachs,10750.00000000001,Securitization (UMBS),103.19,3891.500000000001,0.0,6858.5,-3891.5
5037587,1015000.0,3.375,360,Refinancing,2021-09-01,104.61,105.64125,Storgan Manley,50750.000000000044,Whole Loan Sale,105.64125,3958.5000000000146,0.0,57258.69,6508.69
5024092,205000.0,3.25,360,Cash-out refinance,2021-09-01,105.0,104.53125,Storgan Manley,10250.00000000001,Securitization (UMBS),105.0,0.0,0.0,10250.0,-0.0
5024238,205000.0,1.99,180,Refinancing,2021-09-02,97.45,98.35625,Golden Sachs,10250.00000000001,Whole Loan Sale,98.35625,15477.500000000004,0.0,-3369.69,-13619.69
5024352,365000.0,2.875,360,Refinancing,2021-09-02,103.19,102.815,Bank of Americans,18250.000000000015,Securitization (UMBS),103.19,6606.5,0.0,11643.5,-6606.5
5024605,75000.0,2.5,144,Refinancing,2021-09-02,103.03,103.24875,Storgan Manley,3750.000000000003,Whole Loan Sale,103.24875,1477.5000000000036,0.0,2436.56,-1313.44
5024947,155000.0,2.99,360,Cash-out refinance,2021-09-03,104.17,104.63875,PJ Logan,7750.000000000007,Whole Loan Sale,104.63875,1286.4999999999964,0.0,7190.06,-559.94
5025063,115000.0,2.5,180,Cash-out refinance,2021-09-07,99.88,99.255,Golden Sachs,5750.0000000000055,Securitization (UMBS),99.88,5888.0000000000155,0.0,-138.0,-5888.0
5025274,125000.0,3.125,360,Cash-out refinance,2021-09-08,104.17,105.1075,Golden Sachs,6250.0000000000055,Whole Loan Sale,105.1075,1037.4999999999964,0.0,6384.38,134.37
5025363,115000.0,2.625,180,Cash-out refinance,2021-09-11,99.88,100.255,Bank of Americans,5750.0000000000055,Whole Loan Sale,100.255,5888.0000000000155,0.0,293.25,-5456.75
5025847,245000.0,1.99,180,Refinancing,2021-09-13,100.93,101.52375,Golden Sachs,12250.000000000011,Whole Loan Sale,101.52375,9971.499999999989,0.0,3733.19,-8516.81
5025909,275000.0,3.25,360,Refinancing,2021-09-14,104.61,103.5475,Golden Sachs,13750.000000000013,Securitization (UMBS),104.61,1072.5000000000036,0.0,12677.5,-1072.5
5026095,255000.0,2.99,360,Refinancing,2021-09-14,103.19,102.0025,Golden Sachs,12750.000000000011,Securitization (UMBS),103.19,4615.500000000001,0.0,8134.5,-4615.5
5026216,225000.0,2.75,180,Cash-out refinance,2021-09-15,103.19,102.0025,Golden Sachs,11250.00000000001,Securitization (UMBS),103.19,4072.5,0.0,7177.5,-4072.5
5026650,225000.0,2.99,360,Refinancing,2021-09-15,103.19,103.1275,Golden Sachs,11250.00000000001,Securitization (UMBS),103.19,4072.5,0.0,7177.5,-4072.5
5027044,545000.0,3.375,360,Home purchase,2021-09-16,105.0,106.03125,Storgan Manley,27250.000000000025,Whole Loan Sale,106.03125,0.0,0.0,32870.31,5620.31
5027383,275000.0,3.25,360,Cash-out refinance,2021-09-16,104.61,104.1725,Golden Sachs,13750.000000000013,Securitization (UMBS),104.61,1072.5000000000036,0.0,12677.5,-1072.5
5027454,225000.0,3.375,360,Refinancing,2021-09-17,105.0,104.65625,Storgan Manley,11250.00000000001,Securitization (UMBS),105.0,0.0,0.0,11250.0,-0.0
5027508,225000.0,2.625,180,Cash-out refinance,2021-09-17,103.03,102.53,Golden Sachs,11250.00000000001,Securitization (UMBS),103.03,4432.500000000011,0.0,6817.5,-4432.5
5027808,325000.0,2.875,360,Cash-out refinance,2021-09-04,104.17,103.92,Bank of Americans,16250.000000000015,Securitization (UMBS),104.17,2697.499999999991,0.0,13552.5,-2697.5
5028103,95000.0,2.5,180,Refinancing,2021-08-25,99.88,101.005,PJ Logan,4750.000000000005,Whole Loan Sale,101.005,4864.000000000013,0.0,954.75,-3795.25
5028207,315000.0,2.25,180,Refinancing,2021-08-25,103.03,104.155,PJ Logan,15750.000000000015,Whole Loan Sale,104.155,6205.500000000016,0.0,13088.25,-2661.75
5028801,315000.0,3.25,360,Cash-out refinance,2021-08-28,105.0,105.125,Bank of Americans,15750.000000000015,Whole Loan Sale,105.125,0.0,0.0,16143.75,393.75
5028985,345000.0,2.69,360,Refinancing,2021-08-30,99.88,100.91125,Storgan Manley,17250.000000000015,Whole Loan Sale,100.91125,17664.000000000047,0.0,3143.81,-14106.19
5029022,265000.0,3.25,360,Refinancing,2021-09-01,104.61,105.64125,Storgan Manley,13250.000000000011,Whole Loan Sale,105.64125,1033.5000000000036,0.0,14949.31,1699.31
5029094,155000.0,2.75,360,Refinancing,2021-09-03,104.17,102.7325,Golden Sachs,7750.000000000007,Securitization (UMBS),104.17,1286.4999999999964,0.0,6463.5,-1286.5
5029114,125000.0,3.25,360,Home purchase,2021-09-03,104.61,104.14125,Storgan Manley,6250.0000000000055,Securitization (UMBS),104.61,487.5000000000018,0.0,5762.5,-487.5
5029126,265000.0,2.75,204,Refinancing,2021-09-03,103.19,101.72125,Storgan Manley,13250.000000000011,Securitization (UMBS),103.19,4796.5,0.0,8453.5,-4796.5
5029206,295000.0,2.25,180,Refinancing,2021-09-04,99.88,100.91125,Storgan Manley,14750.000000000013,Whole Loan Sale,100.91125,15104.00000000004,0.0,2688.19,-12061.81
5029475,375000.0,2.625,360,Refinancing,2021-09-06,99.88,100.28625,Golden Sachs,18750.00000000002,Whole Loan Sale,100.28625,19200.00000000005,0.0,1073.44,-17676.56
5029482,425000.0,2.875,360,Refinancing,2021-09-07,103.19,102.1275,Golden Sachs,21250.00000000002,Securitization (UMBS),103.19,7692.500000000002,0.0,13557.5,-7692.5
5029504,185000.0,3.375,360,Cash-out refinance,2021-09-07,105.0,105.34375,Storgan Manley,9250.00000000001,Whole Loan Sale,105.34375,0.0,0.0,9885.94,635.94
5029584,65000.0,3.99,360,Home improvement,2021-09-07,105.77,106.80125,Storgan Manley,3250.0000000000027,Whole Loan Sale,106.80125,-500.4999999999882,0.0,4420.81,1170.81
5030047,105000.0,2.5,120,Cash-out refinance,2021-09-07,99.88,100.28625,PJ Logan,5250.000000000005,Whole Loan Sale,100.28625,5376.000000000014,0.0,300.56,-4949.44
5030105,545000.0,2.5,360,Refinancing,2021-09-08,99.88,99.0675,Golden Sachs,27250.000000000025,Securitization (UMBS),99.88,27904.000000000073,0.0,-654.0,-27904.0
5030118,225000.0,2.75,360,Home purchase,2021-09-08,103.19,103.03375,Storgan Manley,11250.00000000001,Securitization (UMBS),103.19,4072.5,0.0,7177.5,-4072.5
5030392,285000.0,3.375,360,Cash-out refinance,2021-09-09,105.0,105.375,Bank of Americans,14250.000000000013,Whole Loan Sale,105.375,0.0,0.0,15318.75,1068.75
5030424,155000.0,2.625,156,Refinancing,2021-09-09,103.03,102.87375,Storgan Manley,7750.000000000007,Securitization (UMBS),103.03,3053.500000000008,0.0,4696.5,-3053.5
5030428,245000.0,2.875,240,Refinancing,2021-09-09,104.17,104.63875,PJ Logan,12250.000000000011,Whole Loan Sale,104.63875,2033.4999999999945,0.0,11364.94,-885.06
5030515,355000.0,3.375,360,Cash-out refinance,2021-09-11,104.61,103.26625,Storgan Manley,17750.000000000015,Securitization (UMBS),104.61,1384.5000000000036,0.0,16365.5,-1384.5
5030607,1585000.0,3.125,360,Home purchase,2021-09-11,103.19,104.09625,Storgan Manley,79250.00000000007,Whole Loan Sale,104.09625,28688.500000000007,0.0,64925.56,-14324.44
5031272,105000.0,2.99,360,Cash-out refinance,2021-09-11,104.17,103.70125,Storgan Manley,5250.000000000005,Securitization (UMBS),104.17,871.4999999999973,0.0,4378.5,-871.5
5031283,75000.0,2.75,180,Cash-out refinance,2021-09-11,103.19,104.1275,Golden Sachs,3750.000000000003,Whole Loan Sale,104.1275,1357.5,0.0,3095.62,-654.38
5031581,275000.0,3.25,240,Cash-out refinance,2021-09-14,105.0,106.125,PJ Logan,13750.000000000013,Whole Loan Sale,106.125,0.0,0.0,16843.75,3093.75
5031667,135000.0,2.99,360,Cash-out refinance,2021-09-14,103.19,103.59625,PJ Logan,6750.000000000006,Whole Loan Sale,103.59625,2443.500000000001,0.0,4854.94,-1895.06
5031730,235000.0,2.75,360,Refinancing,2021-09-15,103.19,103.72125,Storgan Manley,11750.000000000011,Whole Loan Sale,103.72125,4253.500000000002,0.0,8744.94,-3005.06
5032077,325000.0,2.25,240,Refinancing,2021-09-17,99.88,100.8175,Golden Sachs,16250.000000000015,Whole Loan Sale,100.8175,16640.000000000044,0.0,2656.87,-13593.13
5032179,135000.0,2.75,180,Cash-out refinance,2021-08-11,104.17,105.76375,Golden Sachs,6750.000000000006,Whole Loan Sale,105.76375,1120.4999999999973,0.0,7781.06,1031.06
5032196,215000.0,3.375,360,Refinancing,2021-08-24,105.0,105.90625,Golden Sachs,10750.00000000001,Whole Loan Sale,105.90625,0.0,0.0,12698.44,1948.44
5033151,185000.0,3.25,180,Home purchase,2021-08-25,104.61,104.36,Golden Sachs,9250.00000000001,Securitization (UMBS),104.61,721.5000000000036,0.0,8528.5,-721.5
5033197,155000.0,2.99,360,Cash-out refinance,2021-08-25,104.17,104.01375,Storgan Manley,7750.000000000007,Securitization (UMBS),104.17,1286.4999999999964,0.0,6463.5,-1286.5
5033253,455000.0,2.625,360,Refinancing,2021-08-30,103.03,103.28,Bank of Americans,22750.000000000022,Whole Loan Sale,103.28,8963.500000000025,0.0,14924.0,-7826.0
5033352,395000.0,2.875,360,Refinancing,2021-08-31,103.19,102.34625,Storgan Manley,19750.00000000002,Securitization (UMBS),103.19,7149.500000000002,0.0,12600.5,-7149.5
5033389,335000.0,3.125,360,Home purchase,2021-09-01,104.17,103.32625,Storgan Manley,16750.000000000015,Securitization (UMBS),104.17,2780.499999999991,0.0,13969.5,-2780.5
5033483,425000.0,2.99,360,Cash-out refinance,2021-09-01,103.19,102.34625,Storgan Manley,21250.00000000002,Securitization (UMBS),103.19,7692.500000000002,0.0,13557.5,-7692.5
5033555,365000.0,2.625,360,Refinancing,2021-09-02,99.88,99.3175,Golden Sachs,18250.000000000015,Securitization (UMBS),99.88,18688.000000000047,0.0,-438.0,-18688.0
5033677,425000.0,3.25,360,Cash-out refinance,2021-09-03,104.61,103.5475,Golden Sachs,21250.00000000002,Securitization (UMBS),104.61,1657.5000000000073,0.0,19592.5,-1657.5
5033857,385000.0,3.375,360,Cash-out refinance,2021-09-03,104.61,105.07875,PJ Logan,19250.00000000002,Whole Loan Sale,105.07875,1501.5000000000073,0.0,19553.19,303.19
5034193,195000.0,2.99,360,Home purchase,2021-09-06,103.19,102.6275,Golden Sachs,9750.00000000001,Securitization (UMBS),103.19,3529.500000000002,0.0,6220.5,-3529.5
5034314,95000.0,2.99,360,Refinancing,2021-09-07,103.19,102.1275,Golden Sachs,4750.000000000005,Securitization (UMBS),103.19,1719.500000000001,0.0,3030.5,-1719.5
5034514,155000.0,2.25,180,Refinancing,2021-09-09,99.88,101.47375,Golden Sachs,7750.000000000007,Whole Loan Sale,101.47375,7936.000000000021,0.0,2284.31,-5465.69
5034553,465000.0,1.99,180,Refinancing,2021-09-10,97.45,96.825,Golden Sachs,23250.000000000022,Securitization (UMBS),97.45,35107.50000000001,0.0,-11857.5,-35107.5
5035214,115000.0,2.5,216,Cash-out refinance,2021-09-11,99.88,99.91125,Storgan Manley,5750.0000000000055,Whole Loan Sale,99.91125,5888.0000000000155,0.0,-102.06,-5852.06
5035365,215000.0,2.99,360,Refinancing,2021-09-13,103.19,103.59625,Golden Sachs,10750.00000000001,Whole Loan Sale,103.59625,3891.500000000001,0.0,7731.94,-3018.06
5035504,685000.0,3.25,360,Refinancing,2021-09-13,105.0,104.625,Bank of Americans,34250.00000000003,Securitization (UMBS),105.0,0.0,0.0,34250.0,-0.0
5035567,665000.0,2.75,360,Cash-out refinance,2021-09-13,103.19,104.78375,Golden Sachs,33250.00000000003,Whole Loan Sale,104.78375,12036.500000000004,0.0,31811.94,-1438.06
5035629,215000.0,3.25,360,Refinancing,2021-09-14,104.61,105.64125,Storgan Manley,10750.00000000001,Whole Loan Sale,105.64125,838.5000000000018,0.0,12128.69,1378.69
5035847,185000.0,3.25,336,Refinancing,2021-09-14,104.61,105.01625,PJ Logan,9250.00000000001,Whole Loan Sale,105.01625,721.5000000000036,0.0,9280.06,30.06
5036146,295000.0,1.99,180,Refinancing,2021-09-14,97.45,96.825,Golden Sachs,14750.000000000013,Securitization (UMBS),97.45,22272.500000000004,0.0,-7522.5,-22272.5
5037092,145000.0,2.375,180,Home purchase,2021-09-14,103.03,104.155,PJ Logan,7250.000000000006,Whole Loan Sale,104.155,2856.5000000000073,0.0,6024.75,-1225.25
5037451,255000.0,2.94,360,Refinancing,2021-09-15,103.19,104.1275,Golden Sachs,12750.000000000011,Whole Loan Sale,104.1275,4615.500000000001,0.0,10525.12,-2224.88
5037612,515000.0,2.5,360,Cash-out refinance,2021-09-15,99.88,99.3175,Golden Sachs,25750.000000000022,Securitization (UMBS),99.88,26368.00000000007,0.0,-618.0,-26368.0
5024051,375000.0,2.75,360,Refinancing,2021-09-16,103.19,103.65875,PJ Logan,18750.00000000002,Whole Loan Sale,103.65875,6787.500000000004,0.0,13720.31,-5029.69
5024087,255000.0,3.25,360,Home purchase,2021-09-16,104.61,105.51625,Golden Sachs,12750.000000000011,Whole Loan Sale,105.51625,994.5000000000036,0.0,14066.44,1316.44
5024114,205000.0,2.875,180,Cash-out refinance,2021-08-26,104.17,103.20125,Storgan Manley,10250.00000000001,Securitization (UMBS),104.17,1701.4999999999945,0.0,8548.5,-1701.5
5024215,105000.0,2.625,240,Refinancing,2021-08-27,99.88,98.755,Golden Sachs,5250.000000000005,Securitization (UMBS),99.88,5376.000000000014,0.0,-126.0,-5376.0
5024289,195000.0,2.25,180,Cash-out refinance,2021-08-30,99.88,100.8175,Golden Sachs,9750.00000000001,Whole Loan Sale,100.8175,9984.000000000027,0.0,1594.12,-8155.88
5024311,205000.0,2.875,360,Cash-out refinance,2021-09-01,103.19,103.72125,Storgan Manley,10250.00000000001,Whole Loan Sale,103.72125,3710.500000000001,0.0,7628.56,-2621.44
5024396,105000.0,3.375,360,Cash-out refinance,2021-09-01,104.61,0.0,Golden Sachs,5250.000000000005,Securitization (UMBS),104.61,409.5000000000018,0.0,4840.5,-409.5
5024632,75000.0,2.99,360,Refinancing,2021-09-02,103.19,102.94,Bank of Americans,3750.000000000003,Securitization (UMBS),103.19,1357.5,0.0,2392.5,-1357.5
5024753,155000.0,2.375,180,Refinancing,2021-09-02,99.88,98.8175,Golden Sachs,7750.000000000007,Securitization (UMBS),99.88,7936.000000000021,0.0,-186.0,-7936.0
5024777,135000.0,2.99,360,Cash-out refinance,2021-09-02,103.19,102.1275,Golden Sachs,6750.000000000006,Securitization (UMBS),103.19,2443.500000000001,0.0,4306.5,-2443.5
5024805,125000.0,2.5,180,Refinancing,2021-09-02,99.88,98.755,Golden Sachs,6250.0000000000055,Securitization (UMBS),99.88,6400.000000000016,0.0,-150.0,-6400.0
5024959,125000.0,3.875,360,Home purchase,2021-09-03,105.77,106.895,PJ Logan,6250.0000000000055,Whole Loan Sale,106.895,-962.4999999999773,0.0,8618.75,2368.75
5024983,585000.0,2.75,360,Refinancing,2021-09-03,103.19,102.2525,Golden Sachs,29250.000000000025,Securitization (UMBS),103.19,10588.500000000004,0.0,18661.5,-10588.5
5025043,95000.0,2.875,240,Refinancing,2021-09-04,103.19,102.7525,Golden Sachs,4750.000000000005,Securitization (UMBS),103.19,1719.500000000001,0.0,3030.5,-1719.5
5025048,125000.0,2.25,180,Home purchase,2021-09-06,103.03,103.28,Bank of Americans,6250.0000000000055,Whole Loan Sale,103.28,2462.5000000000064,0.0,4100.0,-2150.0
5025051,405000.0,1.99,360,Home purchase,2021-09-06,97.45,99.04375,Golden Sachs,20250.00000000002,Whole Loan Sale,99.04375,30577.500000000007,0.0,-3872.81,-24122.81
5025160,195000.0,2.875,360,Cash-out refinance,2021-09-06,103.19,103.44,Bank of Americans,9750.00000000001,Whole Loan Sale,103.44,3529.500000000002,0.0,6708.0,-3042.0
5025184,485000.0,2.875,360,Refinancing,2021-09-07,103.19,102.1275,Golden Sachs,24250.000000000022,Securitization (UMBS),103.19,8778.500000000002,0.0,15471.5,-8778.5
5025558,655000.0,3.25,360,Cash-out refinance,2021-09-07,105.0,105.125,Bank of Americans,32750.00000000003,Whole Loan Sale,105.125,0.0,0.0,33568.75,818.75
5025572,265000.0,3.99,360,Cash-out refinance,2021-09-08,105.77,105.2075,Golden Sachs,13250.000000000011,Securitization (UMBS),105.77,-2040.4999999999527,0.0,15290.5,2040.5
5025703,285000.0,3.375,360,Home purchase,2021-09-08,104.61,105.64125,Storgan Manley,14250.000000000013,Whole Loan Sale,105.64125,1111.5000000000036,0.0,16077.56,1827.56
5025706,95000.0,2.875,156,Refinancing,2021-09-09,104.17,105.07625,Golden Sachs,4750.000000000005,Whole Loan Sale,105.07625,788.4999999999977,0.0,4822.44,72.44
5025714,105000.0,2.75,180,Cash-out refinance,2021-09-10,103.19,103.59625,PJ Logan,5250.000000000005,Whole Loan Sale,103.59625,1900.5000000000005,0.0,3776.06,-1473.94
5025723,215000.0,2.875,360,Cash-out refinance,2021-09-11,103.19,104.78375,Golden Sachs,10750.00000000001,Whole Loan Sale,104.78375,3891.500000000001,0.0,10285.06,-464.94
5025755,125000.0,2.99,180,Refinancing,2021-09-11,103.19,104.065,Golden Sachs,6250.0000000000055,Whole Loan Sale,104.065,2262.5000000000005,0.0,5081.25,-1168.75
5025782,85000.0,3.25,360,Refinancing,2021-09-13,104.61,105.5475,Golden Sachs,4250.000000000004,Whole Loan Sale,105.5475,331.5000000000009,0.0,4715.38,465.37
5025834,295000.0,2.99,360,Refinancing,2021-09-13,103.19,103.65875,PJ Logan,14750.000000000013,Whole Loan Sale,103.65875,5339.500000000002,0.0,10793.31,-3956.69
5025848,225000.0,2.99,360,Refinancing,2021-09-14,103.19,104.22125,Storgan Manley,11250.00000000001,Whole Loan Sale,104.22125,4072.5,0.0,9497.81,-1752.19
5026079,235000.0,2.5,180,Refinancing,2021-09-15,99.88,100.91125,Storgan Manley,11750.000000000011,Whole Loan Sale,100.91125,12032.000000000033,0.0,2141.44,-9608.56
5026143,225000.0,2.875,360,Refinancing,2021-09-17,104.17,104.6075,Golden Sachs,11250.00000000001,Whole Loan Sale,104.6075,1867.4999999999927,0.0,10366.88,-883.13
5026149,115000.0,2.75,120,Refinancing,2021-09-17,103.19,103.22125,Storgan Manley,5750.0000000000055,Whole Loan Sale,103.22125,2081.500000000001,0.0,3704.44,-2045.56
5026163,505000.0,1.99,180,Home purchase,2021-08-11,100.93,100.4925,Golden Sachs,25250.000000000022,Securitization (UMBS),100.93,20553.499999999978,0.0,4696.5,-20553.5
5026171,155000.0,2.625,180,Refinancing,2021-08-18,99.88,0.0,Golden Sachs,7750.000000000007,Securitization (UMBS),99.88,7936.000000000021,0.0,-186.0,-7936.0
5026187,345000.0,3.5,360,Refinancing,2021-08-25,105.0,103.5,Golden Sachs,17250.000000000015,Securitization (UMBS),105.0,0.0,0.0,17250.0,-0.0
5026196,305000.0,2.99,240,Refinancing,2021-08-25,103.19,102.2525,Golden Sachs,15250.000000000013,Securitization (UMBS),103.19,5520.5,0.0,9729.5,-5520.5
5026345,725000.0,2.375,180,Home purchase,2021-08-25,99.88,97.8175,Golden Sachs,36250.00000000003,Securitization (UMBS),99.88,37120.000000000095,0.0,-870.0,-37120.0
5026346,105000.0,3.25,360,Refinancing,2021-08-26,104.61,103.5475,Golden Sachs,5250.000000000005,Securitization (UMBS),104.61,409.5000000000018,0.0,4840.5,-409.5
5026366,265000.0,2.75,360,Refinancing,2021-08-27,103.19,102.22125,Storgan Manley,13250.000000000011,Securitization (UMBS),103.19,4796.5,0.0,8453.5,-4796.5
5026449,405000.0,2.99,360,Cash-out refinance,2021-09-01,103.19,103.3775,Golden Sachs,20250.00000000002,Whole Loan Sale,103.3775,7330.500000000002,0.0,13678.87,-6571.13
5026472,235000.0,2.625,180,Refinancing,2021-09-02,99.88,100.91125,Storgan Manley,11750.000000000011,Whole Loan Sale,100.91125,12032.000000000033,0.0,2141.44,-9608.56
5026485,125000.0,3.375,360,Cash-out refinance,2021-09-06,104.61,104.1725,Golden Sachs,6250.0000000000055,Securitization (UMBS),104.61,487.5000000000018,0.0,5762.5,-487.5
5026506,335000.0,3.375,360,Refinancing,2021-09-08,104.61,105.70375,Golden Sachs,16750.000000000015,Whole Loan Sale,105.70375,1306.5000000000055,0.0,19107.56,2357.56
5026546,295000.0,2.99,360,Cash-out refinance,2021-09-08,104.17,103.20125,Storgan Manley,14750.000000000013,Securitization (UMBS),104.17,2448.4999999999927,0.0,12301.5,-2448.5
5026595,75000.0,2.875,180,Cash-out refinance,2021-09-08,104.17,105.295,PJ Logan,3750.000000000003,Whole Loan Sale,105.295,622.4999999999977,0.0,3971.25,221.25
5026622,715000.0,2.875,360,Cash-out refinance,2021-09-09,103.19,103.3775,Golden Sachs,35750.00000000003,Whole Loan Sale,103.3775,12941.5,0.0,24149.12,-11600.88
5026712,355000.0,2.99,360,Refinancing,2021-09-10,103.19,102.065,Golden Sachs,17750.000000000015,Securitization (UMBS),103.19,6425.5,0.0,11324.5,-6425.5
5026819,345000.0,2.25,180,Refinancing,2021-09-11,103.03,104.06125,Storgan Manley,17250.000000000015,Whole Loan Sale,104.06125,6796.500000000016,0.0,14011.31,-3238.69
5026887,295000.0,2.69,360,Home purchase,2021-09-11,99.88,101.59875,PJ Logan,14750.000000000013,Whole Loan Sale,101.59875,15104.00000000004,0.0,4716.31,-10033.69
5026967,135000.0,2.99,360,Refinancing,2021-09-11,104.17,105.1075,Golden Sachs,6750.000000000006,Whole Loan Sale,105.1075,1120.4999999999973,0.0,6895.13,145.12
5027026,355000.0,3.875,360,Home purchase,2021-09-11,105.77,107.36375,Golden Sachs,17750.000000000015,Whole Loan Sale,107.36375,-2733.499999999938,0.0,26141.31,8391.31
5027074,195000.0,2.75,360,Cash-out refinance,2021-09-13,103.19,102.815,Bank of Americans,9750.00000000001,Securitization (UMBS),103.19,3529.500000000002,0.0,6220.5,-3529.5
5027093,175000.0,2.5,240,Cash-out refinance,2021-09-14,99.88,100.91125,Storgan Manley,8750.000000000007,Whole Loan Sale,100.91125,8960.000000000024,0.0,1594.69,-7155.31
5027110,165000.0,3.25,360,Home purchase,2021-09-14,104.61,103.95375,Storgan Manley,8250.000000000007,Securitization (UMBS),104.61,643.5000000000027,0.0,7606.5,-643.5
5027126,335000.0,3.19,360,Refinancing,2021-09-14,104.17,105.1075,Golden Sachs,16750.000000000015,Whole Loan Sale,105.1075,2780.499999999991,0.0,17110.13,360.12
5027207,505000.0,2.125,360,Refinancing,2021-09-14,97.45,95.60625,Storgan Manley,25250.000000000022,Securitization (UMBS),97.45,38127.50000000001,0.0,-12877.5,-38127.5
5027235,305000.0,2.99,240,Cash-out refinance,2021-09-15,103.19,102.94,Golden Sachs,15250.000000000013,Securitization (UMBS),103.19,5520.5,0.0,9729.5,-5520.5
5027259,215000.0,2.5,180,Refinancing,2021-09-16,103.03,102.78,Golden Sachs,10750.00000000001,Securitization (UMBS),103.03,4235.500000000011,0.0,6514.5,-4235.5
5027441,425000.0,3.25,360,Cash-out refinance,2021-09-17,104.61,103.5475,Golden Sachs,21250.00000000002,Securitization (UMBS),104.61,1657.5000000000073,0.0,19592.5,-1657.5
5027587,185000.0,3.375,360,Cash-out refinance,2021-08-26,105.0,106.5,PJ Logan,9250.00000000001,Whole Loan Sale,106.5,0.0,0.0,12025.0,2775.0
5027596,265000.0,2.99,240,Refinancing,2021-08-27,103.19,105.3775,Golden Sachs,13250.000000000011,Whole Loan Sale,105.3775,4796.5,0.0,14250.37,1000.37
5027635,405000.0,2.99,360,Refinancing,2021-08-27,103.19,103.65875,PJ Logan,20250.00000000002,Whole Loan Sale,103.65875,7330.500000000002,0.0,14817.94,-5432.06
5027672,195000.0,2.875,240,Refinancing,2021-08-27,103.19,102.065,Golden Sachs,9750.00000000001,Securitization (UMBS),103.19,3529.500000000002,0.0,6220.5,-3529.5
5027683,325000.0,2.875,360,Home purchase,2021-08-30,104.17,105.1075,Golden Sachs,16250.000000000015,Whole Loan Sale,105.1075,2697.499999999991,0.0,16599.38,349.37
5027720,135000.0,2.625,204,Refinancing,2021-08-31,99.88,99.53625,Storgan Manley,6750.000000000006,Securitization (UMBS),99.88,6912.000000000018,0.0,-162.0,-6912.0
5027773,165000.0,3.25,360,Cash-out refinance,2021-09-01,104.61,105.5475,Golden Sachs,8250.000000000007,Whole Loan Sale,105.5475,643.5000000000027,0.0,9153.38,903.37
5027827,195000.0,2.99,360,Home purchase,2021-09-01,103.19,102.5025,Golden Sachs,9750.00000000001,Securitization (UMBS),103.19,3529.500000000002,0.0,6220.5,-3529.5
5027967,415000.0,2.625,360,Refinancing,2021-09-01,99.88,100.09875,Storgan Manley,20750.00000000002,Whole Loan Sale,100.09875,21248.000000000055,0.0,409.81,-20340.19
5027985,545000.0,2.5,360,Refinancing,2021-09-02,99.88,99.41125,Storgan Manley,27250.000000000025,Securitization (UMBS),99.88,27904.000000000073,0.0,-654.0,-27904.0
5027999,265000.0,1.875,180,Cash-out refinance,2021-09-02,97.45,98.575,PJ Logan,13250.000000000011,Whole Loan Sale,98.575,20007.5,0.0,-3776.25,-17026.25
5028138,355000.0,2.99,324,Cash-out refinance,2021-09-02,104.17,104.57625,Golden Sachs,17750.000000000015,Whole Loan Sale,104.57625,2946.499999999989,0.0,16245.69,-1504.31
5028157,685000.0,2.25,240,Refinancing,2021-09-02,99.88,100.91125,Storgan Manley,34250.00000000003,Whole Loan Sale,100.91125,35072.00000000009,0.0,6242.06,-28007.94
5028222,335000.0,3.25,360,Home purchase,2021-09-06,105.0,105.46875,PJ Logan,16750.000000000015,Whole Loan Sale,105.46875,0.0,0.0,18320.31,1570.31
5028264,105000.0,1.99,108,Refinancing,2021-09-06,100.93,101.96125,Storgan Manley,5250.000000000005,Whole Loan Sale,101.96125,4273.499999999995,0.0,2059.31,-3190.69
5028378,345000.0,2.99,360,Home purchase,2021-09-07,104.17,103.70125,Storgan Manley,17250.000000000015,Securitization (UMBS),104.17,2863.499999999991,0.0,14386.5,-2863.5
5028412,205000.0,3.25,360,Refinancing,2021-09-08,104.61,104.14125,Storgan Manley,10250.00000000001,Securitization (UMBS),104.61,799.5000000000036,0.0,9450.5,-799.5
5028515,155000.0,3.25,360,Refinancing,2021-09-09,104.61,103.0475,Golden Sachs,7750.000000000007,Securitization (UMBS),104.61,604.5000000000027,0.0,7145.5,-604.5
5028543,285000.0,3.375,360,Cash-out refinance,2021-09-10,105.0,104.375,Golden Sachs,14250.000000000013,Securitization (UMBS),105.0,0.0,0.0,14250.0,-0.0
5028581,555000.0,2.99,360,Refinancing,2021-09-11,103.19,103.65875,PJ Logan,27750.000000000025,Whole Loan Sale,103.65875,10045.500000000004,0.0,20306.06,-7443.94
5028693,205000.0,2.5,180,Refinancing,2021-09-11,99.88,99.53625,Storgan Manley,10250.00000000001,Securitization (UMBS),99.88,10496.000000000027,0.0,-246.0,-10496.0
5028750,145000.0,2.875,360,Refinancing,2021-09-13,104.17,105.1075,Golden Sachs,7250.000000000006,Whole Loan Sale,105.1075,1203.4999999999964,0.0,7405.88,155.87
5028880,265000.0,2.99,360,Cash-out refinance,2021-09-14,104.17,103.32625,Storgan Manley,13250.000000000011,Securitization (UMBS),104.17,2199.4999999999927,0.0,11050.5,-2199.5
5029083,225000.0,2.75,360,Refinancing,2021-09-14,104.17,104.63875,PJ Logan,11250.00000000001,Whole Loan Sale,104.63875,1867.4999999999927,0.0,10437.19,-812.81
5029123,245000.0,2.75,360,Refinancing,2021-09-14,103.19,104.78375,Golden Sachs,12250.000000000011,Whole Loan Sale,104.78375,4434.500000000001,0.0,11720.19,-529.81
5029143,95000.0,3.99,360,Cash-out refinance,2021-09-15,105.77,0.0,Golden Sachs,4750.000000000005,Securitization (UMBS),105.77,-731.4999999999827,0.0,5481.5,731.5
5029413,225000.0,2.99,360,Home purchase,2021-09-15,103.19,103.72125,Storgan Manley,11250.00000000001,Whole Loan Sale,103.72125,4072.5,0.0,8372.81,-2877.19
5029544,225000.0,3.5,360,Refinancing,2021-09-15,104.61,106.20375,Golden Sachs,11250.00000000001,Whole Loan Sale,106.20375,877.5000000000018,0.0,13958.44,2708.44
5029596,135000.0,2.75,360,Refinancing,2021-09-15,103.19,104.22125,Storgan Manley,6750.000000000006,Whole Loan Sale,104.22125,2443.500000000001,0.0,5698.69,-1051.31
5029763,215000.0,2.75,240,Refinancing,2021-09-15,104.17,0.0,Golden Sachs,10750.00000000001,Securitization (UMBS),104.17,1784.4999999999945,0.0,8965.5,-1784.5
5029792,265000.0,2.99,240,Refinancing,2021-09-15,103.19,103.65875,PJ Logan,13250.000000000011,Whole Loan Sale,103.65875,4796.5,0.0,9695.69,-3554.31
5029809,245000.0,2.99,360,Cash-out refinance,2021-09-16,103.19,102.94,Golden Sachs,12250.000000000011,Securitization (UMBS),103.19,4434.500000000001,0.0,7815.5,-4434.5
5029860,125000.0,2.375,180,Refinancing,2021-09-16,99.88,99.63,Bank of Americans,6250.0000000000055,Securitization (UMBS),99.88,6400.000000000016,0.0,-150.0,-6400.0
5029906,135000.0,2.99,240,Cash-out refinance,2021-09-17,103.19,102.2525,Golden Sachs,6750.000000000006,Securitization (UMBS),103.19,2443.500000000001,0.0,4306.5,-2443.5
5029925,615000.0,2.99,360,Cash-out refinance,2021-09-01,103.19,103.565,Bank of Americans,30750.00000000003,Whole Loan Sale,103.565,11131.500000000004,0.0,21924.75,-8825.25
5029950,195000.0,2.99,360,Cash-out refinance,2021-08-24,103.19,102.815,Bank of Americans,9750.00000000001,Securitization (UMBS),103.19,3529.500000000002,0.0,6220.5,-3529.5
5029960,475000.0,2.25,180,Cash-out refinance,2021-08-26,99.88,98.91125,Storgan Manley,23750.000000000022,Securitization (UMBS),99.88,24320.000000000065,0.0,-570.0,-24320.0
5030079,285000.0,2.625,360,Refinancing,2021-08-26,99.88,98.8175,Golden Sachs,14250.000000000013,Securitization (UMBS),99.88,14592.000000000038,0.0,-342.0,-14592.0
5030091,395000.0,2.25,120,Refinancing,2021-08-27,99.88,98.755,Golden Sachs,19750.00000000002,Securitization (UMBS),99.88,20224.000000000055,0.0,-474.0,-20224.0
5030123,225000.0,2.5,180,Cash-out refinance,2021-08-30,103.03,103.28,Golden Sachs,11250.00000000001,Whole Loan Sale,103.28,4432.500000000011,0.0,7380.0,-3870.0
5030125,325000.0,2.875,360,Cash-out refinance,2021-09-01,104.17,105.1075,Golden Sachs,16250.000000000015,Whole Loan Sale,105.1075,2697.499999999991,0.0,16599.38,349.37
5030140,215000.0,2.99,360,Cash-out refinance,2021-09-01,104.17,103.8575,Golden Sachs,10750.00000000001,Securitization (UMBS),104.17,1784.4999999999945,0.0,8965.5,-1784.5
5030238,295000.0,3.99,360,Cash-out refinance,2021-09-02,105.77,106.30125,Storgan Manley,14750.000000000013,Whole Loan Sale,106.30125,-2271.4999999999472,0.0,18588.69,3838.69
5030548,545000.0,3.25,360,Home purchase,2021-09-03,104.61,105.735,PJ Logan,27250.000000000025,Whole Loan Sale,105.735,2125.500000000011,0.0,31255.75,4005.75
5030677,505000.0,2.75,360,Refinancing,2021-09-03,103.19,102.815,Bank of Americans,25250.000000000022,Securitization (UMBS),103.19,9140.500000000002,0.0,16109.5,-9140.5
5030685,455000.0,2.625,240,Refinancing,2021-09-03,99.88,99.34875,PJ Logan,22750.000000000022,Securitization (UMBS),99.88,23296.000000000062,0.0,-546.0,-23296.0
5030744,265000.0,2.99,360,Refinancing,2021-09-03,103.19,104.22125,Storgan Manley,13250.000000000011,Whole Loan Sale,104.22125,4796.5,0.0,11186.31,-2063.69
5030780,285000.0,3.25,360,Cash-out refinance,2021-09-04,105.0,105.84375,PJ Logan,14250.000000000013,Whole Loan Sale,105.84375,0.0,0.0,16654.69,2404.69
5030867,255000.0,2.875,360,Refinancing,2021-09-07,104.17,105.20125,Storgan Manley,12750.000000000011,Whole Loan Sale,105.20125,2116.4999999999927,0.0,13263.19,513.19
5030911,95000.0,2.75,96,Cash-out refinance,2021-09-07,103.19,103.44,Bank of Americans,4750.000000000005,Whole Loan Sale,103.44,1719.500000000001,0.0,3268.0,-1482.0
5030930,165000.0,2.875,360,Refinancing,2021-09-07,103.19,104.22125,Storgan Manley,8250.000000000007,Whole Loan Sale,104.22125,2986.500000000001,0.0,6965.06,-1284.94
5031003,245000.0,2.75,360,Refinancing,2021-09-07,104.17,104.51375,Storgan Manley,12250.000000000011,Whole Loan Sale,104.51375,2033.4999999999945,0.0,11058.69,-1191.31
5031015,535000.0,2.125,180,Cash-out refinance,2021-09-10,97.45,97.2,Bank of Americans,26750.000000000025,Securitization (UMBS),97.45,40392.50000000001,0.0,-13642.5,-40392.5
5031164,125000.0,2.875,360,Home purchase,2021-09-10,104.17,105.76375,Golden Sachs,6250.0000000000055,Whole Loan Sale,105.76375,1037.4999999999964,0.0,7204.69,954.69
5031235,195000.0,2.75,360,Refinancing,2021-09-11,103.19,103.65875,PJ Logan,9750.00000000001,Whole Loan Sale,103.65875,3529.500000000002,0.0,7134.56,-2615.44
5031266,315000.0,2.75,360,Refinancing,2021-09-13,103.19,104.22125,Storgan Manley,15750.000000000015,Whole Loan Sale,104.22125,5701.500000000002,0.0,13296.94,-2453.06
5031338,215000.0,2.75,360,Refinancing,2021-09-16,104.17,105.1075,Golden Sachs,10750.00000000001,Whole Loan Sale,105.1075,1784.4999999999945,0.0,10981.13,231.12
5031418,415000.0,2.75,360,Home purchase,2021-09-16,104.17,0.0,Golden Sachs,20750.00000000002,Securitization (UMBS),104.17,3444.499999999989,0.0,17305.5,-3444.5
5031573,205000.0,3.19,360,Home purchase,2021-09-17,103.19,103.47125,Storgan Manley,10250.00000000001,Whole Loan Sale,103.47125,3710.500000000001,0.0,7116.06,-3133.94
5031675,75000.0,2.875,240,Cash-out refinance,2021-08-30,103.19,103.65875,PJ Logan,3750.000000000003,Whole Loan Sale,103.65875,1357.5,0.0,2744.06,-1005.94
5031721,205000.0,3.19,360,Home purchase,2021-08-30,103.19,104.90875,PJ Logan,10250.00000000001,Whole Loan Sale,104.90875,3710.500000000001,0.0,10062.94,-187.06
5031800,335000.0,2.75,360,Home purchase,2021-08-31,103.19,104.22125,Storgan Manley,16750.000000000015,Whole Loan Sale,104.22125,6063.500000000002,0.0,14141.19,-2608.81
5031810,305000.0,2.875,360,Cash-out refinance,2021-09-01,103.19,103.44,Bank of Americans,15250.000000000013,Whole Loan Sale,103.44,5520.5,0.0,10492.0,-4758.0
5031821,135000.0,2.625,180,Refinancing,2021-09-02,99.88,101.005,PJ Logan,6750.000000000006,Whole Loan Sale,101.005,6912.000000000018,0.0,1356.75,-5393.25
5031896,105000.0,3.375,180,Other,2021-09-04,104.61,102.5475,Golden Sachs,5250.000000000005,Securitization (UMBS),104.61,409.5000000000018,0.0,4840.5,-409.5
5031970,105000.0,2.75,180,Cash-out refinance,2021-09-07,103.19,102.22125,Storgan Manley,5250.000000000005,Securitization (UMBS),103.19,1900.5000000000005,0.0,3349.5,-1900.5
5032065,265000.0,2.125,180,Refinancing,2021-09-09,100.93,101.96125,Storgan Manley,13250.000000000011,Whole Loan Sale,101.96125,10785.499999999989,0.0,5197.31,-8052.69
5032116,445000.0,2.99,360,Cash-out refinance,2021-09-10,103.19,102.1275,Golden Sachs,22250.00000000002,Securitization (UMBS),103.19,8054.5,0.0,14195.5,-8054.5
5032143,355000.0,3.19,360,Refinancing,2021-09-10,104.17,103.92,Golden Sachs,17750.000000000015,Securitization (UMBS),104.17,2946.499999999989,0.0,14803.5,-2946.5
5032159,275000.0,3.5,360,Cash-out refinance,2021-09-13,104.61,104.26625,Storgan Manley,13750.000000000013,Securitization (UMBS),104.61,1072.5000000000036,0.0,12677.5,-1072.5
5032218,235000.0,2.99,360,Cash-out refinance,2021-09-13,103.19,103.72125,Storgan Manley,11750.000000000011,Whole Loan Sale,103.72125,4253.500000000002,0.0,8744.94,-3005.06
5032236,275000.0,3.25,360,Home purchase,2021-09-14,104.61,104.235,Bank of Americans,13750.000000000013,Securitization (UMBS),104.61,1072.5000000000036,0.0,12677.5,-1072.5
5032264,325000.0,3.375,360,Cash-out refinance,2021-09-14,105.0,105.03125,Golden Sachs,16250.000000000015,Whole Loan Sale,105.03125,0.0,0.0,16351.56,101.56
5032282,245000.0,2.375,240,Home purchase,2021-09-15,103.03,104.62375,Golden Sachs,12250.000000000011,Whole Loan Sale,104.62375,4826.500000000013,0.0,11328.19,-921.81
5032585,245000.0,3.125,360,Home purchase,2021-09-16,103.19,104.1275,Golden Sachs,12250.000000000011,Whole Loan Sale,104.1275,4434.500000000001,0.0,10112.37,-2137.63
5032643,185000.0,2.75,360,Refinancing,2021-07-23,103.19,102.19,Golden Sachs,9250.00000000001,Securitization (UMBS),103.19,3348.500000000002,0.0,5901.5,-3348.5
5032647,185000.0,2.875,360,Refinancing,2021-08-17,103.19,104.1275,Golden Sachs,9250.00000000001,Whole Loan Sale,104.1275,3348.500000000002,0.0,7635.87,-1614.13
5032654,355000.0,2.25,180,Other,2021-08-24,99.88,100.28625,Golden Sachs,17750.000000000015,Whole Loan Sale,100.28625,18176.000000000047,0.0,1016.19,-16733.81
5032686,205000.0,2.99,360,Cash-out refinance,2021-08-27,103.19,102.2525,Golden Sachs,10250.00000000001,Securitization (UMBS),103.19,3710.500000000001,0.0,6539.5,-3710.5
5032830,545000.0,2.69,360,Cash-out refinance,2021-08-28,99.88,100.8175,Golden Sachs,27250.000000000025,Whole Loan Sale,100.8175,27904.000000000073,0.0,4455.37,-22794.63
5032925,355000.0,3.375,180,Cash-out refinance,2021-08-30,104.61,103.5475,Golden Sachs,17750.000000000015,Securitization (UMBS),104.61,1384.5000000000036,0.0,16365.5,-1384.5
5033009,135000.0,2.99,240,Refinancing,2021-09-01,104.17,105.1075,Golden Sachs,6750.000000000006,Whole Loan Sale,105.1075,1120.4999999999973,0.0,6895.13,145.12
5033091,265000.0,2.875,324,Refinancing,2021-09-01,103.19,103.72125,Storgan Manley,13250.000000000011,Whole Loan Sale,103.72125,4796.5,0.0,9861.31,-3388.69
5033096,295000.0,2.75,240,Refinancing,2021-09-02,103.19,103.65875,PJ Logan,14750.000000000013,Whole Loan Sale,103.65875,5339.500000000002,0.0,10793.31,-3956.69
5033143,245000.0,3.19,360,Other,2021-09-02,104.17,104.01375,Storgan Manley,12250.000000000011,Securitization (UMBS),104.17,2033.4999999999945,0.0,10216.5,-2033.5
5033170,405000.0,2.25,180,Refinancing,2021-09-02,103.03,103.93625,Golden Sachs,20250.00000000002,Whole Loan Sale,103.93625,7978.50000000002,0.0,15941.81,-4308.19
5033216,325000.0,3.375,360,Cash-out refinance,2021-09-03,104.61,104.1725,Golden Sachs,16250.000000000015,Securitization (UMBS),104.61,1267.5000000000055,0.0,14982.5,-1267.5
5033224,345000.0,2.99,360,Refinancing,2021-09-03,103.19,0.0,Golden Sachs,17250.000000000015,Securitization (UMBS),103.19,6244.500000000002,0.0,11005.5,-6244.5
5033363,105000.0,3.375,360,Cash-out refinance,2021-09-04,105.0,103.375,Golden Sachs,5250.000000000005,Securitization (UMBS),105.0,0.0,0.0,5250.0,-0.0
5033367,365000.0,3.125,360,Cash-out refinance,2021-09-04,103.19,102.1275,Golden Sachs,18250.000000000015,Securitization (UMBS),103.19,6606.5,0.0,11643.5,-6606.5
5033477,545000.0,2.25,180,Cash-out refinance,2021-09-04,103.03,101.56125,Storgan Manley,27250.000000000025,Securitization (UMBS),103.03,10736.50000000003,0.0,16513.5,-10736.5
5033589,95000.0,2.75,120,Cash-out refinance,2021-09-06,104.17,103.795,Bank of Americans,4750.000000000005,Securitization (UMBS),104.17,788.4999999999977,0.0,3961.5,-788.5
5033639,125000.0,2.99,240,Cash-out refinance,2021-09-06,103.19,102.815,Bank of Americans,6250.0000000000055,Securitization (UMBS),103.19,2262.5000000000005,0.0,3987.5,-2262.5
5033643,445000.0,2.99,360,Cash-out refinance,2021-09-09,103.19,102.565,Golden Sachs,22250.00000000002,Securitization (UMBS),103.19,8054.5,0.0,14195.5,-8054.5
5033680,435000.0,3.25,360,Cash-out refinance,2021-09-11,104.61,102.485,Golden Sachs,21750.00000000002,Securitization (UMBS),104.61,1696.5000000000036,0.0,20053.5,-1696.5
5033703,275000.0,2.99,360,Cash-out refinance,2021-09-13,103.19,102.72125,Golden Sachs,13750.000000000013,Securitization (UMBS),103.19,4977.500000000002,0.0,8772.5,-4977.5
5033709,145000.0,2.875,108,Refinancing,2021-09-13,104.17,103.1075,Golden Sachs,7250.000000000006,Securitization (UMBS),104.17,1203.4999999999964,0.0,6046.5,-1203.5
5033720,185000.0,2.99,360,Cash-out refinance,2021-09-14,103.19,102.6275,Golden Sachs,9250.00000000001,Securitization (UMBS),103.19,3348.500000000002,0.0,5901.5,-3348.5
5033808,105000.0,3.375,360,Cash-out refinance,2021-09-15,105.0,104.5625,Golden Sachs,5250.000000000005,Securitization (UMBS),105.0,0.0,0.0,5250.0,-0.0
5033991,185000.0,3.375,360,Cash-out refinance,2021-09-15,104.61,105.64125,Storgan Manley,9250.00000000001,Whole Loan Sale,105.64125,721.5000000000036,0.0,10436.31,1186.31
5034117,275000.0,2.875,360,Cash-out refinance,2021-09-15,103.19,103.59625,Golden Sachs,13750.000000000013,Whole Loan Sale,103.59625,4977.500000000002,0.0,9889.69,-3860.31
5034127,225000.0,2.25,120,Refinancing,2021-09-17,99.88,99.91125,Storgan Manley,11250.00000000001,Whole Loan Sale,99.91125,11520.00000000003,0.0,-199.69,-11449.69
5034160,105000.0,3.5,360,Cash-out refinance,2021-09-17,105.0,105.03125,Storgan Manley,5250.000000000005,Whole Loan Sale,105.03125,0.0,0.0,5282.81,32.81
5034239,395000.0,2.75,360,Cash-out refinance,2021-09-17,103.19,104.315,PJ Logan,19750.00000000002,Whole Loan Sale,104.315,7149.500000000002,0.0,17044.25,-2705.75
5034259,115000.0,2.99,360,Refinancing,2021-08-26,103.19,104.1275,Golden Sachs,5750.0000000000055,Whole Loan Sale,104.1275,2081.500000000001,0.0,4746.62,-1003.38
5034264,65000.0,3.625,360,Refinancing,2021-08-27,104.61,105.5475,Golden Sachs,3250.0000000000027,Whole Loan Sale,105.5475,253.5000000000009,0.0,3605.88,355.87
5034334,135000.0,2.99,360,Refinancing,2021-09-01,103.19,102.6275,Golden Sachs,6750.000000000006,Securitization (UMBS),103.19,2443.500000000001,0.0,4306.5,-2443.5
5034386,125000.0,2.875,360,Refinancing,2021-09-01,104.17,102.82625,Storgan Manley,6250.0000000000055,Securitization (UMBS),104.17,1037.4999999999964,0.0,5212.5,-1037.5
5034422,225000.0,2.625,240,Refinancing,2021-09-01,99.88,100.8175,Golden Sachs,11250.00000000001,Whole Loan Sale,100.8175,11520.00000000003,0.0,1839.37,-9410.63
5034445,155000.0,1.99,180,Refinancing,2021-09-03,97.45,98.575,PJ Logan,7750.000000000007,Whole Loan Sale,98.575,11702.500000000002,0.0,-2208.75,-9958.75
5034661,205000.0,3.5,360,Cash-out refinance,2021-09-04,104.61,105.14125,Storgan Manley,10250.00000000001,Whole Loan Sale,105.14125,799.5000000000036,0.0,10539.56,289.56
5034668,305000.0,2.99,360,Home purchase,2021-09-06,103.19,104.1275,Golden Sachs,15250.000000000013,Whole Loan Sale,104.1275,5520.5,0.0,12588.87,-2661.13
5034737,295000.0,3.25,360,Cash-out refinance,2021-09-07,104.61,104.45375,Storgan Manley,14750.000000000013,Securitization (UMBS),104.61,1150.5000000000036,0.0,13599.5,-1150.5
5034744,265000.0,3.375,360,Cash-out refinance,2021-09-08,104.61,104.1725,Golden Sachs,13250.000000000011,Securitization (UMBS),104.61,1033.5000000000036,0.0,12216.5,-1033.5
5034762,165000.0,2.99,240,Cash-out refinance,2021-09-08,104.17,104.295,Bank of Americans,8250.000000000007,Whole Loan Sale,104.295,1369.4999999999955,0.0,7086.75,-1163.25
5034795,355000.0,2.75,360,Refinancing,2021-09-08,103.19,101.815,Bank of Americans,17750.000000000015,Securitization (UMBS),103.19,6425.5,0.0,11324.5,-6425.5
5034850,255000.0,2.99,360,Cash-out refinance,2021-09-08,103.19,102.1275,Golden Sachs,12750.000000000011,Securitization (UMBS),103.19,4615.500000000001,0.0,8134.5,-4615.5
5034881,305000.0,2.375,180,Refinancing,2021-09-10,99.88,100.22375,Storgan Manley,15250.000000000013,Whole Loan Sale,100.22375,15616.00000000004,0.0,682.44,-14567.56
5034893,125000.0,3.25,360,Cash-out refinance,2021-09-10,104.61,105.51625,Golden Sachs,6250.0000000000055,Whole Loan Sale,105.51625,487.5000000000018,0.0,6895.31,645.31
5034922,185000.0,2.75,240,Cash-out refinance,2021-09-11,103.19,103.44,Bank of Americans,9250.00000000001,Whole Loan Sale,103.44,3348.500000000002,0.0,6364.0,-2886.0
5034934,245000.0,2.75,360,Cash-out refinance,2021-09-11,103.19,0.0,Golden Sachs,12250.000000000011,Securitization (UMBS),103.19,4434.500000000001,0.0,7815.5,-4434.5
5034986,255000.0,2.375,180,Cash-out refinance,2021-09-11,99.88,100.13,Golden Sachs,12750.000000000011,Whole Loan Sale,100.13,13056.000000000035,0.0,331.5,-12418.5
5035053,425000.0,2.94,360,Cash-out refinance,2021-09-13,103.19,104.22125,Storgan Manley,21250.00000000002,Whole Loan Sale,104.22125,7692.500000000002,0.0,17940.31,-3309.69
5035069,145000.0,2.99,240,Cash-out refinance,2021-09-13,103.19,102.72125,Storgan Manley,7250.000000000006,Securitization (UMBS),103.19,2624.500000000001,0.0,4625.5,-2624.5
5035097,865000.0,3.25,360,Home purchase,2021-09-15,104.61,105.07875,PJ Logan,43250.00000000004,Whole Loan Sale,105.07875,3373.5000000000073,725.21,43931.19,681.19
5035190,155000.0,3.375,360,Cash-out refinance,2021-09-15,105.0,106.59375,Golden Sachs,7750.000000000007,Whole Loan Sale,106.59375,0.0,0.0,10220.31,2470.31
5035200,295000.0,2.875,360,Cash-out refinance,2021-09-15,104.17,105.1075,Golden Sachs,14750.000000000013,Whole Loan Sale,105.1075,2448.4999999999927,0.0,15067.13,317.12
5035229,245000.0,3.25,240,Refinancing,2021-07-30,105.0,106.03125,Storgan Manley,12250.000000000011,Whole Loan Sale,106.03125,0.0,0.0,14776.56,2526.56
5035369,335000.0,2.25,144,Refinancing,2021-08-28,99.88,0.0,Golden Sachs,16750.000000000015,Securitization (UMBS),99.88,17152.000000000044,0.0,-402.0,-17152.0
5035405,305000.0,2.75,360,Home purchase,2021-08-30,103.19,102.6275,Golden Sachs,15250.000000000013,Securitization (UMBS),103.19,5520.5,0.0,9729.5,-5520.5
5035512,475000.0,1.99,180,Cash-out refinance,2021-09-01,97.45,99.04375,Golden Sachs,23750.000000000022,Whole Loan Sale,99.04375,35862.50000000001,0.0,-4542.19,-28292.19
5035537,125000.0,3.625,360,Cash-out refinance,2021-09-01,104.61,103.76625,Storgan Manley,6250.0000000000055,Securitization (UMBS),104.61,487.5000000000018,0.0,5762.5,-487.5
5035564,105000.0,2.25,96,Refinancing,2021-09-02,103.03,103.155,Bank of Americans,5250.000000000005,Whole Loan Sale,103.155,2068.500000000005,0.0,3312.75,-1937.25
5035598,165000.0,2.875,360,Cash-out refinance,2021-09-02,104.17,103.795,Bank of Americans,8250.000000000007,Securitization (UMBS),104.17,1369.4999999999955,0.0,6880.5,-1369.5
5035599,285000.0,2.875,360,Cash-out refinance,2021-09-02,103.19,102.94,Bank of Americans,14250.000000000013,Securitization (UMBS),103.19,5158.500000000002,0.0,9091.5,-5158.5
5035721,285000.0,2.875,360,Cash-out refinance,2021-09-03,103.19,104.1275,Golden Sachs,14250.000000000013,Whole Loan Sale,104.1275,5158.500000000002,0.0,11763.37,-2486.63
5035782,105000.0,2.75,360,Refinancing,2021-09-03,103.19,102.815,Bank of Americans,5250.000000000005,Securitization (UMBS),103.19,1900.5000000000005,0.0,3349.5,-1900.5
5035823,225000.0,2.99,360,Refinancing,2021-09-04,103.19,102.815,Bank of Americans,11250.00000000001,Securitization (UMBS),103.19,4072.5,0.0,7177.5,-4072.5
5035827,515000.0,2.99,240,Refinancing,2021-09-04,104.17,103.545,Golden Sachs,25750.000000000022,Securitization (UMBS),104.17,4274.499999999985,0.0,21475.5,-4274.5
5035854,175000.0,2.99,360,Refinancing,2021-09-06,104.17,103.67,Golden Sachs,8750.000000000007,Securitization (UMBS),104.17,1452.4999999999945,0.0,7297.5,-1452.5
5036016,445000.0,2.875,360,Cash-out refinance,2021-09-07,103.19,103.72125,Storgan Manley,22250.00000000002,Whole Loan Sale,103.72125,8054.5,0.0,16559.56,-5690.44
5036210,425000.0,3.25,360,Cash-out refinance,2021-09-08,105.0,104.5625,Golden Sachs,21250.00000000002,Securitization (UMBS),105.0,0.0,0.0,21250.0,-0.0
5036262,785000.0,2.69,240,Refinancing,2021-09-08,103.03,0.0,Golden Sachs,39250.00000000004,Securitization (UMBS),103.03,15464.50000000004,0.0,23785.5,-15464.5
5036302,145000.0,1.99,180,Refinancing,2021-09-11,100.93,99.8675,Golden Sachs,7250.000000000006,Securitization (UMBS),100.93,5901.499999999994,0.0,1348.5,-5901.5
5036374,315000.0,2.75,360,Home purchase,2021-09-11,103.19,0.0,Golden Sachs,15750.000000000015,Securitization (UMBS),103.19,5701.500000000002,0.0,10048.5,-5701.5
5036411,395000.0,2.375,180,Cash-out refinance,2021-09-13,103.03,101.905,Golden Sachs,19750.00000000002,Securitization (UMBS),103.03,7781.50000000002,0.0,11968.5,-7781.5
5036416,335000.0,2.875,360,Home purchase,2021-09-14,104.17,105.1075,Golden Sachs,16750.000000000015,Whole Loan Sale,105.1075,2780.499999999991,0.0,17110.13,360.12
5036425,325000.0,2.5,180,Cash-out refinance,2021-09-14,103.03,102.18625,Storgan Manley,16250.000000000015,Securitization (UMBS),103.03,6402.500000000016,0.0,9847.5,-6402.5
5036466,1105000.0,3.375,360,Cash-out refinance,2021-09-15,104.61,104.45375,Storgan Manley,55250.00000000005,Securitization (UMBS),104.61,4309.500000000015,0.0,50940.5,-4309.5
5036600,285000.0,2.375,240,Refinancing,2021-09-17,103.03,102.78,Golden Sachs,14250.000000000013,Securitization (UMBS),103.03,5614.500000000015,0.0,8635.5,-5614.5
5036610,215000.0,2.875,360,Cash-out refinance,2021-09-17,104.17,103.545,Golden Sachs,10750.00000000001,Securitization (UMBS),104.17,1784.4999999999945,0.0,8965.5,-1784.5
5036614,185000.0,2.99,240,Cash-out refinance,2021-08-25,103.19,103.65875,PJ Logan,9250.00000000001,Whole Loan Sale,103.65875,3348.500000000002,0.0,6768.69,-2481.31
5036741,335000.0,2.625,360,Refinancing,2021-08-27,103.03,102.56125,Storgan Manley,16750.000000000015,Securitization (UMBS),103.03,6599.500000000016,0.0,10150.5,-6599.5
5036756,145000.0,2.99,360,Refinancing,2021-08-30,104.17,105.1075,Golden Sachs,7250.000000000006,Whole Loan Sale,105.1075,1203.4999999999964,0.0,7405.88,155.87
5036777,145000.0,3.125,360,Cash-out refinance,2021-09-01,103.19,104.315,PJ Logan,7250.000000000006,Whole Loan Sale,104.315,2624.500000000001,0.0,6256.75,-993.25
5036861,135000.0,3.875,360,Home purchase,2021-09-10,105.77,106.895,PJ Logan,6750.000000000006,Whole Loan Sale,106.895,-1039.4999999999754,0.0,9308.25,2558.25
5036995,185000.0,2.75,360,Home purchase,2021-09-11,103.19,103.72125,Storgan Manley,9250.00000000001,Whole Loan Sale,103.72125,3348.500000000002,0.0,6884.31,-2365.69
5037059,185000.0,2.875,240,Cash-out refinance,2021-09-14,103.19,104.1275,Golden Sachs,9250.00000000001,Whole Loan Sale,104.1275,3348.500000000002,0.0,7635.87,-1614.13
5037062,285000.0,2.99,360,Home purchase,2021-09-16,104.17,105.20125,Storgan Manley,14250.000000000013,Whole Loan Sale,105.20125,2365.4999999999927,0.0,14823.56,573.56
5037147,235000.0,2.75,360,Home purchase,2021-09-16,103.19,102.2525,Golden Sachs,11750.000000000011,Securitization (UMBS),103.19,4253.500000000002,0.0,7496.5,-4253.5
5037203,225000.0,2.625,180,Refinancing,2021-09-17,103.03,102.4675,Golden Sachs,11250.00000000001,Securitization (UMBS),103.03,4432.500000000011,0.0,6817.5,-4432.5
5037266,265000.0,2.125,360,Cash-out refinance,2021-09-17,100.93,101.96125,Storgan Manley,13250.000000000011,Whole Loan Sale,101.96125,10785.499999999989,0.0,5197.31,-8052.69
5037272,75000.0,3.75,360,Other,2021-06-23,105.77,105.0825,Golden Sachs,3750.000000000003,Securitization (UMBS),105.77,-577.4999999999868,0.0,4327.5,577.5
5037328,605000.0,2.69,360,Refinancing,2021-08-24,99.88,100.8175,Golden Sachs,30250.000000000025,Whole Loan Sale,100.8175,30976.00000000008,0.0,4945.87,-25304.13
5037350,295000.0,3.25,360,Cash-out refinance,2021-08-28,104.61,105.735,PJ Logan,14750.000000000013,Whole Loan Sale,105.735,1150.5000000000036,0.0,16918.25,2168.25
5037522,75000.0,3.75,360,Home improvement,2021-08-30,105.77,104.645,Golden Sachs,3750.000000000003,Securitization (UMBS),105.77,-577.4999999999868,0.0,4327.5,577.5
5037556,285000.0,2.99,360,Cash-out refinance,2021-08-31,104.17,103.6075,Golden Sachs,14250.000000000013,Securitization (UMBS),104.17,2365.4999999999927,0.0,11884.5,-2365.5
5037576,605000.0,2.94,360,Cash-out refinance,2021-09-01,103.19,103.315,Golden Sachs,30250.000000000025,Whole Loan Sale,103.315,10950.5,0.0,20055.75,-10194.25
5037641,255000.0,2.875,360,Refinancing,2021-09-02,103.19,101.59625,Storgan Manley,12750.000000000011,Securitization (UMBS),103.19,4615.500000000001,0.0,8134.5,-4615.5
5037646,95000.0,3.375,360,Refinancing,2021-09-02,105.0,105.46875,PJ Logan,4750.000000000005,Whole Loan Sale,105.46875,0.0,0.0,5195.31,445.31
5024193,505000.0,2.875,360,Cash-out refinance,2021-09-03,104.17,104.70125,Storgan Manley,25250.000000000022,Whole Loan Sale,104.70125,4191.499999999985,0.0,23741.31,-1508.69
5024331,945000.0,3.125,360,Home purchase,2021-09-03,104.17,104.70125,Storgan Manley,47250.000000000044,Whole Loan Sale,104.70125,7843.499999999978,0.0,44426.81,-2823.19
5024849,275000.0,3.44,360,Cash-out refinance,2021-09-04,105.0,106.03125,Storgan Manley,13750.000000000013,Whole Loan Sale,106.03125,0.0,0.0,16585.94,2835.94
5024911,525000.0,2.69,360,Refinancing,2021-09-04,103.03,103.9675,Golden Sachs,26250.000000000022,Whole Loan Sale,103.9675,10342.500000000025,0.0,20829.38,-5420.63
5025154,115000.0,2.875,204,Refinancing,2021-09-07,103.19,103.72125,Storgan Manley,5750.0000000000055,Whole Loan Sale,103.72125,2081.500000000001,0.0,4279.44,-1470.56
5025303,295000.0,3.5,360,Home purchase,2021-09-08,105.0,104.84375,Storgan Manley,14750.000000000013,Securitization (UMBS),105.0,0.0,0.0,14750.0,-0.0
5025636,185000.0,2.625,168,Refinancing,2021-09-08,99.88,99.63,Bank of Americans,9250.00000000001,Securitization (UMBS),99.88,9472.000000000025,0.0,-222.0,-9472.0
5025946,105000.0,2.99,240,Refinancing,2021-09-09,104.17,103.70125,Storgan Manley,5250.000000000005,Securitization (UMBS),104.17,871.4999999999973,0.0,4378.5,-871.5
5025953,355000.0,3.25,360,Home purchase,2021-09-10,105.0,105.40625,PJ Logan,17750.000000000015,Whole Loan Sale,105.40625,0.0,0.0,19192.19,1442.19
5026232,145000.0,2.75,180,Cash-out refinance,2021-09-11,103.19,103.78375,Golden Sachs,7250.000000000006,Whole Loan Sale,103.78375,2624.500000000001,0.0,5486.44,-1763.56
5026266,75000.0,2.99,180,Home improvement,2021-09-13,104.17,105.76375,Golden Sachs,3750.000000000003,Whole Loan Sale,105.76375,622.4999999999977,0.0,4322.81,572.81
5026492,235000.0,2.99,360,Refinancing,2021-09-13,103.19,104.09625,Storgan Manley,11750.000000000011,Whole Loan Sale,104.09625,4253.500000000002,0.0,9626.19,-2123.81
5026568,445000.0,2.875,360,Cash-out refinance,2021-09-13,104.17,103.32625,Storgan Manley,22250.00000000002,Securitization (UMBS),104.17,3693.4999999999854,0.0,18556.5,-3693.5
5026868,205000.0,3.375,360,Cash-out refinance,2021-09-14,105.0,105.125,Bank of Americans,10250.00000000001,Whole Loan Sale,105.125,0.0,0.0,10506.25,256.25
5027230,115000.0,2.375,180,Home purchase,2021-09-14,99.88,98.755,Golden Sachs,5750.0000000000055,Securitization (UMBS),99.88,5888.0000000000155,0.0,-138.0,-5888.0
5027456,105000.0,2.99,240,Cash-out refinance,2021-09-15,104.17,103.6075,Golden Sachs,5250.000000000005,Securitization (UMBS),104.17,871.4999999999973,0.0,4378.5,-871.5
5027813,385000.0,3.25,360,Cash-out refinance,2021-09-15,104.61,104.45375,Storgan Manley,19250.00000000002,Securitization (UMBS),104.61,1501.5000000000073,0.0,17748.5,-1501.5
5027859,205000.0,3.25,360,Home purchase,2021-09-16,105.0,106.59375,Golden Sachs,10250.00000000001,Whole Loan Sale,106.59375,0.0,0.0,13517.19,3267.19
5028139,375000.0,2.875,360,Cash-out refinance,2021-09-16,104.17,104.70125,Storgan Manley,18750.00000000002,Whole Loan Sale,104.70125,3112.499999999991,0.0,17629.69,-1120.31
5029115,225000.0,2.99,324,Refinancing,2021-09-16,104.17,104.42,Bank of Americans,11250.00000000001,Whole Loan Sale,104.42,1867.4999999999927,0.0,9945.0,-1305.0
5029247,255000.0,2.875,324,Refinancing,2021-09-17,103.19,103.44,Bank of Americans,12750.000000000011,Whole Loan Sale,103.44,4615.500000000001,0.0,8772.0,-3978.0
5029252,355000.0,2.75,360,Refinancing,2021-09-17,103.19,103.44,Golden Sachs,17750.000000000015,Whole Loan Sale,103.44,6425.5,0.0,12212.0,-5538.0
5029339,155000.0,2.99,360,Cash-out refinance,2021-08-24,103.19,102.22125,Golden Sachs,7750.000000000007,Securitization (UMBS),103.19,2805.500000000001,0.0,4944.5,-2805.5
5029517,305000.0,2.25,180,Other,2021-08-26,103.03,104.62375,Golden Sachs,15250.000000000013,Whole Loan Sale,104.62375,6008.500000000015,0.0,14102.44,-1147.56
5029607,275000.0,1.99,132,Refinancing,2021-08-28,97.45,0.0,Golden Sachs,13750.000000000013,Securitization (UMBS),97.45,20762.500000000004,0.0,-7012.5,-20762.5
5029838,585000.0,3.125,360,Cash-out refinance,2021-09-01,104.17,103.7325,Golden Sachs,29250.000000000025,Securitization (UMBS),104.17,4855.499999999985,0.0,24394.5,-4855.5
5030181,315000.0,3.25,360,Cash-out refinance,2021-09-01,104.61,103.485,Golden Sachs,15750.000000000015,Securitization (UMBS),104.61,1228.5000000000055,0.0,14521.5,-1228.5
5030272,125000.0,3.5,360,Cash-out refinance,2021-09-01,104.61,104.45375,Storgan Manley,6250.0000000000055,Securitization (UMBS),104.61,487.5000000000018,0.0,5762.5,-487.5
5030318,215000.0,2.94,360,Refinancing,2021-09-02,104.17,104.57625,PJ Logan,10750.00000000001,Whole Loan Sale,104.57625,1784.4999999999945,0.0,9838.94,-911.06
5030456,275000.0,2.75,240,Cash-out refinance,2021-09-02,104.17,104.57625,Golden Sachs,13750.000000000013,Whole Loan Sale,104.57625,2282.4999999999927,0.0,12584.69,-1165.31
5030946,305000.0,2.5,180,Cash-out refinance,2021-09-03,99.88,99.13,Golden Sachs,15250.000000000013,Securitization (UMBS),99.88,15616.00000000004,0.0,-366.0,-15616.0
5031510,115000.0,2.5,180,Refinancing,2021-09-03,99.88,100.41125,Storgan Manley,5750.0000000000055,Whole Loan Sale,100.41125,5888.0000000000155,0.0,472.94,-5277.06
5031819,215000.0,2.25,180,Refinancing,2021-09-03,99.88,99.91125,Storgan Manley,10750.00000000001,Whole Loan Sale,99.91125,11008.00000000003,0.0,-190.81,-10940.81
5032091,605000.0,3.125,360,Refinancing,2021-09-04,103.19,103.1275,Golden Sachs,30250.000000000025,Securitization (UMBS),103.19,10950.5,0.0,19299.5,-10950.5
5032146,775000.0,2.875,360,Refinancing,2021-09-04,103.19,102.84625,Storgan Manley,38750.00000000004,Securitization (UMBS),103.19,14027.500000000007,0.0,24722.5,-14027.5
5032521,85000.0,2.875,360,Refinancing,2021-09-06,104.17,105.76375,Golden Sachs,4250.000000000004,Whole Loan Sale,105.76375,705.4999999999977,0.0,4899.19,649.19
5032576,115000.0,2.75,180,Cash-out refinance,2021-09-06,103.19,102.2525,Golden Sachs,5750.0000000000055,Securitization (UMBS),103.19,2081.500000000001,0.0,3668.5,-2081.5
5032756,385000.0,2.875,240,Refinancing,2021-09-07,104.17,105.1075,Golden Sachs,19250.00000000002,Whole Loan Sale,105.1075,3195.499999999991,0.0,19663.88,413.87
5032895,285000.0,2.69,360,Refinancing,2021-09-08,103.03,0.0,Golden Sachs,14250.000000000013,Securitization (UMBS),103.03,5614.500000000015,0.0,8635.5,-5614.5
5033767,125000.0,2.875,180,Cash-out refinance,2021-09-09,104.17,105.76375,Golden Sachs,6250.0000000000055,Whole Loan Sale,105.76375,1037.4999999999964,0.0,7204.69,954.69
5034345,315000.0,2.75,144,Refinancing,2021-09-09,103.19,103.03375,Storgan Manley,15750.000000000015,Securitization (UMBS),103.19,5701.500000000002,0.0,10048.5,-5701.5
5034444,195000.0,2.99,360,Cash-out refinance,2021-09-09,104.17,103.32625,Storgan Manley,9750.00000000001,Securitization (UMBS),104.17,1618.4999999999955,0.0,8131.5,-1618.5
5034653,125000.0,3.375,360,Cash-out refinance,2021-09-10,104.61,103.5475,Golden Sachs,6250.0000000000055,Securitization (UMBS),104.61,487.5000000000018,0.0,5762.5,-487.5
5034806,205000.0,2.875,360,Home purchase,2021-09-11,103.19,0.0,Golden Sachs,10250.00000000001,Securitization (UMBS),103.19,3710.500000000001,0.0,6539.5,-3710.5
5035220,545000.0,2.875,360,Cash-out refinance,2021-09-13,103.19,104.78375,Golden Sachs,27250.000000000025,Whole Loan Sale,104.78375,9864.500000000004,0.0,26071.44,-1178.56
5035226,685000.0,3.125,360,Home purchase,2021-09-13,103.19,104.78375,Golden Sachs,34250.00000000003,Whole Loan Sale,104.78375,12398.500000000004,0.0,32768.69,-1481.31
5035441,165000.0,2.75,360,Refinancing,2021-09-13,103.19,103.65875,PJ Logan,8250.000000000007,Whole Loan Sale,103.65875,2986.500000000001,0.0,6036.94,-2213.06
5036246,175000.0,3.125,360,Cash-out refinance,2021-09-13,103.19,103.72125,Storgan Manley,8750.000000000007,Whole Loan Sale,103.72125,3167.5,0.0,6512.19,-2237.81
5036395,175000.0,2.99,360,Cash-out refinance,2021-09-14,103.19,104.1275,Golden Sachs,8750.000000000007,Whole Loan Sale,104.1275,3167.5,0.0,7223.12,-1526.88
5037047,315000.0,2.99,360,Refinancing,2021-09-15,103.19,102.28375,Storgan Manley,15750.000000000015,Securitization (UMBS),103.19,5701.500000000002,0.0,10048.5,-5701.5
5037552,265000.0,2.375,180,Refinancing,2021-09-16,103.03,102.4675,Golden Sachs,13250.000000000011,Securitization (UMBS),103.03,5220.500000000013,0.0,8029.5,-5220.5
5024060,255000.0,2.75,360,Cash-out refinance,2021-08-24,103.19,104.78375,Golden Sachs,12750.000000000011,Whole Loan Sale,104.78375,4615.500000000001,0.0,12198.56,-551.44
5024095,155000.0,3.625,360,Cash-out refinance,2021-08-25,105.0,104.4375,Golden Sachs,7750.000000000007,Securitization (UMBS),105.0,0.0,0.0,7750.0,-0.0
5024104,345000.0,3.25,360,Cash-out refinance,2021-08-27,104.61,105.5475,Golden Sachs,17250.000000000015,Whole Loan Sale,105.5475,1345.5000000000036,0.0,19138.88,1888.87
5024232,245000.0,2.875,360,Other,2021-08-28,103.19,102.565,Golden Sachs,12250.000000000011,Securitization (UMBS),103.19,4434.500000000001,0.0,7815.5,-4434.5
5024236,95000.0,2.99,360,Cash-out refinance,2021-08-30,103.19,102.1275,Golden Sachs,4750.000000000005,Securitization (UMBS),103.19,1719.500000000001,0.0,3030.5,-1719.5
5024292,205000.0,3.25,360,Cash-out refinance,2021-09-01,105.0,104.15625,Storgan Manley,10250.00000000001,Securitization (UMBS),105.0,0.0,0.0,10250.0,-0.0
5024306,345000.0,3.375,240,Cash-out refinance,2021-09-01,104.61,103.5475,Golden Sachs,17250.000000000015,Securitization (UMBS),104.61,1345.5000000000036,0.0,15904.5,-1345.5
5024328,445000.0,2.75,360,Refinancing,2021-09-01,104.17,105.20125,Storgan Manley,22250.00000000002,Whole Loan Sale,105.20125,3693.4999999999854,0.0,23145.56,895.56
5024395,75000.0,3.375,180,Cash-out refinance,2021-09-03,104.61,105.735,PJ Logan,3750.000000000003,Whole Loan Sale,105.735,292.5000000000009,0.0,4301.25,551.25
5024405,445000.0,2.69,324,Refinancing,2021-09-04,99.88,100.41125,Storgan Manley,22250.00000000002,Whole Loan Sale,100.41125,22784.00000000006,0.0,1830.06,-20419.94
5024410,275000.0,2.375,360,Cash-out refinance,2021-09-06,103.03,103.905,Golden Sachs,13750.000000000013,Whole Loan Sale,103.905,5417.500000000015,0.0,10738.75,-3011.25
5024428,125000.0,4.25,360,Cash-out refinance,2021-09-07,107.09,106.84,Golden Sachs,6250.0000000000055,Securitization (UMBS),107.09,-2612.499999999989,0.0,8862.5,2612.5
5024437,395000.0,2.99,360,Refinancing,2021-09-08,103.19,102.34625,Storgan Manley,19750.00000000002,Securitization (UMBS),103.19,7149.500000000002,0.0,12600.5,-7149.5
5024448,295000.0,2.75,360,Cash-out refinance,2021-09-08,104.17,102.4825,Golden Sachs,14750.000000000013,Securitization (UMBS),104.17,2448.4999999999927,0.0,12301.5,-2448.5
5024467,355000.0,2.94,360,Refinancing,2021-09-08,104.17,105.20125,Storgan Manley,17750.000000000015,Whole Loan Sale,105.20125,2946.499999999989,0.0,18464.44,714.44
5024491,125000.0,3.625,360,Refinancing,2021-09-08,105.0,104.90625,Golden Sachs,6250.0000000000055,Securitization (UMBS),105.0,0.0,0.0,6250.0,-0.0
5024618,515000.0,2.625,300,Refinancing,2021-09-09,99.88,100.91125,Storgan Manley,25750.000000000022,Whole Loan Sale,100.91125,26368.00000000007,0.0,4692.94,-21057.06
5024660,415000.0,3.25,360,Home purchase,2021-09-09,105.0,104.03125,Storgan Manley,20750.00000000002,Securitization (UMBS),105.0,0.0,0.0,20750.0,-0.0
5024681,265000.0,2.99,360,Home purchase,2021-09-09,103.19,102.6275,Golden Sachs,13250.000000000011,Securitization (UMBS),103.19,4796.5,0.0,8453.5,-4796.5
5024693,185000.0,2.99,360,Refinancing,2021-09-10,104.17,105.295,PJ Logan,9250.00000000001,Whole Loan Sale,105.295,1535.4999999999964,0.0,9795.75,545.75
5024728,515000.0,2.375,360,Refinancing,2021-09-13,99.88,100.8175,Golden Sachs,25750.000000000022,Whole Loan Sale,100.8175,26368.00000000007,0.0,4210.12,-21539.88
5024810,355000.0,2.99,360,Cash-out refinance,2021-09-13,103.19,104.1275,Golden Sachs,17750.000000000015,Whole Loan Sale,104.1275,6425.5,0.0,14652.62,-3097.38
5024818,265000.0,2.75,360,Cash-out refinance,2021-09-15,103.19,101.72125,Storgan Manley,13250.000000000011,Securitization (UMBS),103.19,4796.5,0.0,8453.5,-4796.5
5024860,405000.0,2.875,360,Home purchase,2021-09-15,103.19,104.1275,Golden Sachs,20250.00000000002,Whole Loan Sale,104.1275,7330.500000000002,0.0,16716.37,-3533.63
5024888,75000.0,3.25,120,Refinancing,2021-09-15,105.0,104.5625,Golden Sachs,3750.000000000003,Securitization (UMBS),105.0,0.0,0.0,3750.0,-0.0
5024993,215000.0,2.125,180,Refinancing,2021-09-15,97.45,97.575,PJ Logan,10750.00000000001,Whole Loan Sale,97.575,16232.500000000002,0.0,-5213.75,-15963.75
5025005,155000.0,2.875,360,Refinancing,2021-09-15,103.19,103.44,Bank of Americans,7750.000000000007,Whole Loan Sale,103.44,2805.500000000001,0.0,5332.0,-2418.0
5025020,105000.0,3.25,360,Home purchase,2021-09-16,104.61,104.0475,Golden Sachs,5250.000000000005,Securitization (UMBS),104.61,409.5000000000018,0.0,4840.5,-409.5
5025025,545000.0,2.875,360,Cash-out refinance,2021-09-16,104.17,105.1075,Golden Sachs,27250.000000000025,Whole Loan Sale,105.1075,4523.499999999985,0.0,27835.88,585.87
5025103,515000.0,2.875,360,Home purchase,2021-09-16,103.19,102.94,Bank of Americans,25750.000000000022,Securitization (UMBS),103.19,9321.5,0.0,16428.5,-9321.5
5025245,235000.0,3.25,360,Refinancing,2021-09-17,104.61,104.36,Golden Sachs,11750.000000000011,Securitization (UMBS),104.61,916.5000000000036,0.0,10833.5,-916.5
5025283,265000.0,2.75,228,Cash-out refinance,2021-08-24,104.17,103.70125,Storgan Manley,13250.000000000011,Securitization (UMBS),104.17,2199.4999999999927,0.0,11050.5,-2199.5
5025317,255000.0,2.75,240,Cash-out refinance,2021-08-26,103.19,103.65875,PJ Logan,12750.000000000011,Whole Loan Sale,103.65875,4615.500000000001,0.0,9329.81,-3420.19
5025349,325000.0,3.375,360,Cash-out refinance,2021-08-28,105.0,105.9375,Golden Sachs,16250.000000000015,Whole Loan Sale,105.9375,0.0,0.0,19296.88,3046.87
5025371,135000.0,3.25,360,Refinancing,2021-08-30,105.0,104.0,Golden Sachs,6750.000000000006,Securitization (UMBS),105.0,0.0,0.0,6750.0,-0.0
5025399,545000.0,2.625,360,Cash-out refinance,2021-08-30,103.03,0.0,Golden Sachs,27250.000000000025,Securitization (UMBS),103.03,10736.50000000003,0.0,16513.5,-10736.5
5025405,155000.0,3.25,360,Cash-out refinance,2021-09-01,104.61,103.5475,Golden Sachs,7750.000000000007,Securitization (UMBS),104.61,604.5000000000027,0.0,7145.5,-604.5
5025417,115000.0,3.625,360,Home purchase,2021-09-02,104.61,105.5475,Golden Sachs,5750.0000000000055,Whole Loan Sale,105.5475,448.5000000000018,0.0,6379.63,629.62
5025435,145000.0,3.375,360,Cash-out refinance,2021-09-03,104.61,104.36,Bank of Americans,7250.000000000006,Securitization (UMBS),104.61,565.5000000000018,0.0,6684.5,-565.5
5025533,405000.0,3.19,360,Cash-out refinance,2021-09-03,104.17,104.51375,Storgan Manley,20250.00000000002,Whole Loan Sale,104.51375,3361.499999999989,0.0,18280.69,-1969.31
5025561,215000.0,2.75,180,Refinancing,2021-09-04,104.17,104.20125,Storgan Manley,10750.00000000001,Whole Loan Sale,104.20125,1784.4999999999945,0.0,9032.69,-1717.31
5025590,445000.0,2.99,360,Cash-out refinance,2021-09-04,104.17,105.045,Golden Sachs,22250.00000000002,Whole Loan Sale,105.045,3693.4999999999854,0.0,22450.25,200.25
5025592,205000.0,3.5,360,Cash-out refinance,2021-09-06,104.61,106.7975,Golden Sachs,10250.00000000001,Whole Loan Sale,106.7975,799.5000000000036,0.0,13934.87,3684.87
5025623,535000.0,3.19,360,Cash-out refinance,2021-09-06,103.19,104.315,PJ Logan,26750.000000000025,Whole Loan Sale,104.315,9683.500000000004,0.0,23085.25,-3664.75
5025634,685000.0,3.125,360,Cash-out refinance,2021-09-07,104.17,105.295,PJ Logan,34250.00000000003,Whole Loan Sale,105.295,5685.499999999982,0.0,36270.75,2020.75
5025667,175000.0,3.375,360,Refinancing,2021-09-09,104.61,103.95375,Storgan Manley,8750.000000000007,Securitization (UMBS),104.61,682.5000000000018,0.0,8067.5,-682.5
5025671,425000.0,2.99,360,Refinancing,2021-09-09,104.17,103.17,Golden Sachs,21250.00000000002,Securitization (UMBS),104.17,3527.499999999989,0.0,17722.5,-3527.5
5025740,375000.0,2.125,180,Refinancing,2021-09-10,100.93,100.555,Bank of Americans,18750.00000000002,Securitization (UMBS),100.93,15262.499999999985,0.0,3487.5,-15262.5
5025752,275000.0,3.25,360,Cash-out refinance,2021-09-10,104.61,103.64125,Storgan Manley,13750.000000000013,Securitization (UMBS),104.61,1072.5000000000036,0.0,12677.5,-1072.5
5025816,225000.0,2.875,228,Cash-out refinance,2021-09-11,103.19,101.84625,Storgan Manley,11250.00000000001,Securitization (UMBS),103.19,4072.5,0.0,7177.5,-4072.5
5025840,105000.0,3.25,360,Home purchase,2021-09-11,104.61,104.735,Bank of Americans,5250.000000000005,Whole Loan Sale,104.735,409.5000000000018,0.0,4971.75,-278.25
5025965,125000.0,2.75,180,Refinancing,2021-09-14,104.17,105.1075,Golden Sachs,6250.0000000000055,Whole Loan Sale,105.1075,1037.4999999999964,0.0,6384.38,134.37
5025973,185000.0,2.75,360,Home purchase,2021-09-15,104.17,0.0,Golden Sachs,9250.00000000001,Securitization (UMBS),104.17,1535.4999999999964,0.0,7714.5,-1535.5
5026039,235000.0,2.25,180,Refinancing,2021-09-16,99.88,99.63,Bank of Americans,11750.000000000011,Securitization (UMBS),99.88,12032.000000000033,0.0,-282.0,-12032.0
5026042,145000.0,2.75,180,Refinancing,2021-09-17,103.19,104.72125,Bank of Americans,7250.000000000006,Whole Loan Sale,104.72125,2624.500000000001,0.0,6845.81,-404.19
5026048,265000.0,2.625,240,Cash-out refinance,2021-08-26,99.88,101.005,PJ Logan,13250.000000000011,Whole Loan Sale,101.005,13568.000000000035,0.0,2663.25,-10586.75
5026056,495000.0,1.875,180,Refinancing,2021-08-30,97.45,96.98125,Storgan Manley,24750.000000000022,Securitization (UMBS),97.45,37372.50000000001,0.0,-12622.5,-37372.5
5026117,285000.0,2.875,360,Home purchase,2021-09-02,103.19,104.1275,Golden Sachs,14250.000000000013,Whole Loan Sale,104.1275,5158.500000000002,0.0,11763.37,-2486.63
5026134,145000.0,3.625,360,Home purchase,2021-09-02,104.61,105.01625,Storgan Manley,7250.000000000006,Whole Loan Sale,105.01625,565.5000000000018,0.0,7273.56,23.56
5026135,175000.0,2.875,240,Cash-out refinance,2021-09-03,104.17,103.32625,Storgan Manley,8750.000000000007,Securitization (UMBS),104.17,1452.4999999999945,0.0,7297.5,-1452.5
5026228,195000.0,3.125,360,Refinancing,2021-09-04,103.19,102.22125,Storgan Manley,9750.00000000001,Securitization (UMBS),103.19,3529.500000000002,0.0,6220.5,-3529.5
5026467,345000.0,2.5,360,Home purchase,2021-09-06,103.03,101.9675,Golden Sachs,17250.000000000015,Securitization (UMBS),103.03,6796.500000000016,0.0,10453.5,-6796.5
5026480,315000.0,2.625,240,Cash-out refinance,2021-09-08,103.03,103.9675,Golden Sachs,15750.000000000015,Whole Loan Sale,103.9675,6205.500000000016,0.0,12497.63,-3252.38
5026496,125000.0,2.875,360,Cash-out refinance,2021-09-08,103.19,102.94,Golden Sachs,6250.0000000000055,Securitization (UMBS),103.19,2262.5000000000005,0.0,3987.5,-2262.5
5026527,235000.0,2.99,360,Refinancing,2021-09-10,103.19,104.315,PJ Logan,11750.000000000011,Whole Loan Sale,104.315,4253.500000000002,0.0,10140.25,-1609.75
5026605,505000.0,2.75,360,Cash-out refinance,2021-09-13,103.19,104.22125,Bank of Americans,25250.000000000022,Whole Loan Sale,104.22125,9140.500000000002,0.0,21317.31,-3932.69
5026620,135000.0,2.875,360,Refinancing,2021-09-13,103.19,103.44,Golden Sachs,6750.000000000006,Whole Loan Sale,103.44,2443.500000000001,0.0,4644.0,-2106.0
5026693,255000.0,3.25,360,Refinancing,2021-09-16,104.61,105.485,Golden Sachs,12750.000000000011,Whole Loan Sale,105.485,994.5000000000036,0.0,13986.75,1236.75
5026803,105000.0,2.5,180,Refinancing,2021-09-17,103.03,103.49875,PJ Logan,5250.000000000005,Whole Loan Sale,103.49875,2068.500000000005,0.0,3673.69,-1576.31
5026822,485000.0,1.75,180,Refinancing,2021-09-17,97.45,99.04375,Golden Sachs,24250.000000000022,Whole Loan Sale,99.04375,36617.50000000001,0.0,-4637.81,-28887.81
5026900,265000.0,2.99,360,Cash-out refinance,2021-09-17,103.19,104.315,PJ Logan,13250.000000000011,Whole Loan Sale,104.315,4796.5,0.0,11434.75,-1815.25
5027086,1245000.0,3.25,360,Home purchase,2021-08-27,105.0,104.53125,Storgan Manley,62250.00000000006,Securitization (UMBS),105.0,0.0,0.0,62250.0,-0.0
5027087,265000.0,2.99,240,Cash-out refinance,2021-09-01,103.19,104.22125,Storgan Manley,13250.000000000011,Whole Loan Sale,104.22125,4796.5,0.0,11186.31,-2063.69
5027091,115000.0,2.875,360,Cash-out refinance,2021-09-07,104.17,104.42,Bank of Americans,5750.0000000000055,Whole Loan Sale,104.42,954.4999999999973,0.0,5083.0,-667.0
5027133,275000.0,2.99,360,Refinancing,2021-09-08,104.17,103.7325,Golden Sachs,13750.000000000013,Securitization (UMBS),104.17,2282.4999999999927,0.0,11467.5,-2282.5
5027134,405000.0,3.125,360,Home purchase,2021-09-09,103.19,103.72125,Storgan Manley,20250.00000000002,Whole Loan Sale,103.72125,7330.500000000002,1860.07,15071.06,-5178.94
5027176,375000.0,2.875,360,Home purchase,2021-09-09,103.19,102.815,Bank of Americans,18750.00000000002,Securitization (UMBS),103.19,6787.500000000004,0.0,11962.5,-6787.5
5027183,155000.0,3.375,180,Cash-out refinance,2021-09-11,105.0,106.03125,Storgan Manley,7750.000000000007,Whole Loan Sale,106.03125,0.0,0.0,9348.44,1598.44
5027243,405000.0,2.75,360,Cash-out refinance,2021-09-11,103.19,104.22125,Storgan Manley,20250.00000000002,Whole Loan Sale,104.22125,7330.500000000002,0.0,17096.06,-3153.94
5027287,275000.0,2.375,180,Refinancing,2021-09-13,103.03,104.06125,Storgan Manley,13750.000000000013,Whole Loan Sale,104.06125,5417.500000000015,0.0,11168.44,-2581.56
5027306,425000.0,2.75,360,Cash-out refinance,2021-09-13,103.19,102.03375,Storgan Manley,21250.00000000002,Securitization (UMBS),103.19,7692.500000000002,0.0,13557.5,-7692.5
5027376,285000.0,2.99,360,Refinancing,2021-09-13,103.19,104.1275,Golden Sachs,14250.000000000013,Whole Loan Sale,104.1275,5158.500000000002,0.0,11763.37,-2486.63
5027426,195000.0,3.375,276,Refinancing,2021-09-13,104.61,105.14125,Storgan Manley,9750.00000000001,Whole Loan Sale,105.14125,760.5000000000036,0.0,10025.44,275.44
5027445,175000.0,2.99,180,Cash-out refinance,2021-09-15,104.17,105.76375,Golden Sachs,8750.000000000007,Whole Loan Sale,105.76375,1452.4999999999945,0.0,10086.56,1336.56
5027492,435000.0,3.75,360,Cash-out refinance,2021-09-15,106.41,106.94125,Storgan Manley,21750.00000000002,Whole Loan Sale,106.94125,-6133.5,0.0,30194.44,8444.44
5027504,155000.0,3.375,360,Cash-out refinance,2021-09-16,105.0,106.125,PJ Logan,7750.000000000007,Whole Loan Sale,106.125,0.0,0.0,9493.75,1743.75
5027511,335000.0,2.375,360,Cash-out refinance,2021-09-17,99.88,100.005,PJ Logan,16750.000000000015,Whole Loan Sale,100.005,17152.000000000044,0.0,16.75,-16733.25
5027530,255000.0,2.75,180,Refinancing,2021-08-24,103.19,104.315,PJ Logan,12750.000000000011,Whole Loan Sale,104.315,4615.500000000001,0.0,11003.25,-1746.75
5027540,95000.0,2.875,360,Refinancing,2021-08-25,103.19,103.03375,Storgan Manley,4750.000000000005,Securitization (UMBS),103.19,1719.500000000001,0.0,3030.5,-1719.5
5027704,105000.0,2.625,180,Refinancing,2021-08-26,99.88,100.16125,Golden Sachs,5250.000000000005,Whole Loan Sale,100.16125,5376.000000000014,0.0,169.31,-5080.69
5027760,435000.0,3.375,360,Cash-out refinance,2021-08-26,104.61,103.6725,Golden Sachs,21750.00000000002,Securitization (UMBS),104.61,1696.5000000000036,0.0,20053.5,-1696.5
5027763,145000.0,2.99,360,Refinancing,2021-08-31,103.19,102.34625,Storgan Manley,7250.000000000006,Securitization (UMBS),103.19,2624.500000000001,0.0,4625.5,-2624.5
5027792,145000.0,3.25,360,Refinancing,2021-09-01,104.61,103.64125,Storgan Manley,7250.000000000006,Securitization (UMBS),104.61,565.5000000000018,0.0,6684.5,-565.5
5027841,105000.0,3.375,360,Home purchase,2021-09-02,105.0,103.9375,Golden Sachs,5250.000000000005,Securitization (UMBS),105.0,0.0,0.0,5250.0,-0.0
5027909,925000.0,2.875,360,Home purchase,2021-09-03,104.17,103.6075,Golden Sachs,46250.000000000044,Securitization (UMBS),104.17,7677.499999999978,0.0,38572.5,-7677.5
5027936,275000.0,2.25,180,Cash-out refinance,2021-09-03,99.88,99.1925,Golden Sachs,13750.000000000013,Securitization (UMBS),99.88,14080.000000000038,0.0,-330.0,-14080.0
5028004,235000.0,3.375,360,Cash-out refinance,2021-09-04,105.0,103.9375,Golden Sachs,11750.000000000011,Securitization (UMBS),105.0,0.0,0.0,11750.0,-0.0
5028070,85000.0,4.375,360,Home purchase,2021-09-06,107.09,108.68375,Golden Sachs,4250.000000000004,Whole Loan Sale,108.68375,-1776.4999999999936,0.0,7381.19,3131.19
5028088,125000.0,2.99,180,Refinancing,2021-09-07,104.17,103.70125,Storgan Manley,6250.0000000000055,Securitization (UMBS),104.17,1037.4999999999964,0.0,5212.5,-1037.5
5028147,255000.0,3.375,180,Cash-out refinance,2021-09-08,104.61,103.485,Golden Sachs,12750.000000000011,Securitization (UMBS),104.61,994.5000000000036,0.0,11755.5,-994.5
5028175,225000.0,2.875,360,Cash-out refinance,2021-09-10,103.19,103.72125,Storgan Manley,11250.00000000001,Whole Loan Sale,103.72125,4072.5,0.0,8372.81,-2877.19
5028186,425000.0,2.94,360,Refinancing,2021-09-10,104.17,103.7325,Golden Sachs,21250.00000000002,Securitization (UMBS),104.17,3527.499999999989,0.0,17722.5,-3527.5
5028200,125000.0,3.375,360,Cash-out refinance,2021-09-10,104.61,103.95375,Storgan Manley,6250.0000000000055,Securitization (UMBS),104.61,487.5000000000018,0.0,5762.5,-487.5
5028332,135000.0,2.75,360,Refinancing,2021-09-10,104.17,105.295,PJ Logan,6750.000000000006,Whole Loan Sale,105.295,1120.4999999999973,0.0,7148.25,398.25
5028394,235000.0,2.625,180,Refinancing,2021-09-13,99.88,100.34875,PJ Logan,11750.000000000011,Whole Loan Sale,100.34875,12032.000000000033,0.0,819.56,-10930.44
5028405,135000.0,3.25,360,Home purchase,2021-09-13,104.61,104.36,Bank of Americans,6750.000000000006,Securitization (UMBS),104.61,526.5000000000027,0.0,6223.5,-526.5
5028452,215000.0,2.625,360,Refinancing,2021-09-14,99.88,99.63,Golden Sachs,10750.00000000001,Securitization (UMBS),99.88,11008.00000000003,0.0,-258.0,-11008.0
5028480,595000.0,2.69,360,Refinancing,2021-09-14,99.88,98.8175,Golden Sachs,29750.000000000025,Securitization (UMBS),99.88,30464.00000000008,0.0,-714.0,-30464.0
5028496,495000.0,2.125,180,Refinancing,2021-09-14,97.45,96.45,Bank of Americans,24750.000000000022,Securitization (UMBS),97.45,37372.50000000001,0.0,-12622.5,-37372.5
5028662,425000.0,2.75,360,Home purchase,2021-09-15,103.19,104.1275,Golden Sachs,21250.00000000002,Whole Loan Sale,104.1275,7692.500000000002,1906.6,17541.87,-3708.13
5028763,615000.0,1.99,360,Home purchase,2021-08-20,97.45,98.325,Golden Sachs,30750.00000000003,Whole Loan Sale,98.325,46432.50000000001,0.0,-10301.25,-41051.25
5028819,505000.0,3.25,360,Cash-out refinance,2021-09-02,105.0,104.53125,Storgan Manley,25250.000000000022,Securitization (UMBS),105.0,0.0,0.0,25250.0,-0.0
5028855,275000.0,2.69,360,Refinancing,2021-09-03,99.88,100.8175,Golden Sachs,13750.000000000013,Whole Loan Sale,100.8175,14080.000000000038,0.0,2248.12,-11501.88
5028897,285000.0,2.5,240,Refinancing,2021-09-06,99.88,99.72375,Storgan Manley,14250.000000000013,Securitization (UMBS),99.88,14592.000000000038,0.0,-342.0,-14592.0
5028901,415000.0,3.25,360,Refinancing,2021-09-06,105.0,104.9375,Golden Sachs,20750.00000000002,Securitization (UMBS),105.0,0.0,0.0,20750.0,-0.0
5028956,135000.0,2.5,180,Refinancing,2021-09-07,99.88,101.47375,Golden Sachs,6750.000000000006,Whole Loan Sale,101.47375,6912.000000000018,0.0,1989.56,-4760.44
5028980,305000.0,3.25,360,Refinancing,2021-09-10,104.61,105.5475,Golden Sachs,15250.000000000013,Whole Loan Sale,105.5475,1189.5000000000036,0.0,16919.88,1669.87
5029065,325000.0,2.875,360,Cash-out refinance,2021-09-10,103.19,104.78375,Golden Sachs,16250.000000000015,Whole Loan Sale,104.78375,5882.500000000002,0.0,15547.19,-702.81
5029132,215000.0,2.875,360,Home purchase,2021-09-10,103.19,103.09625,Storgan Manley,10750.00000000001,Securitization (UMBS),103.19,3891.500000000001,0.0,6858.5,-3891.5
5029256,285000.0,2.5,180,Refinancing,2021-09-13,103.03,103.905,Golden Sachs,14250.000000000013,Whole Loan Sale,103.905,5614.500000000015,0.0,11129.25,-3120.75
5029398,545000.0,3.375,360,Home purchase,2021-09-14,104.61,105.64125,Storgan Manley,27250.000000000025,Whole Loan Sale,105.64125,2125.500000000011,0.0,30744.81,3494.81
5029417,135000.0,2.25,120,Refinancing,2021-09-15,103.03,102.78,Golden Sachs,6750.000000000006,Securitization (UMBS),103.03,2659.5000000000073,0.0,4090.5,-2659.5
5029433,575000.0,2.375,360,Refinancing,2021-09-16,99.88,100.91125,Storgan Manley,28750.000000000025,Whole Loan Sale,100.91125,29440.000000000076,0.0,5239.69,-23510.31
5029440,65000.0,3.75,360,Refinancing,2021-08-25,106.41,107.44125,Storgan Manley,3250.0000000000027,Whole Loan Sale,107.44125,-916.5,0.0,4836.81,1586.81
5029493,385000.0,2.99,360,Cash-out refinance,2021-08-26,104.17,105.1075,Golden Sachs,19250.00000000002,Whole Loan Sale,105.1075,3195.499999999991,0.0,19663.88,413.87
5029564,255000.0,3.25,360,Cash-out refinance,2021-09-02,104.61,105.14125,Storgan Manley,12750.000000000011,Whole Loan Sale,105.14125,994.5000000000036,0.0,13110.19,360.19
5029633,275000.0,2.5,180,Cash-out refinance,2021-09-04,99.88,100.78625,Golden Sachs,13750.000000000013,Whole Loan Sale,100.78625,14080.000000000038,0.0,2162.19,-11587.81
5029683,385000.0,3.5,360,Cash-out refinance,2021-09-06,104.61,0.0,Golden Sachs,19250.00000000002,Securitization (UMBS),104.61,1501.5000000000073,0.0,17748.5,-1501.5
5029733,345000.0,2.75,360,Refinancing,2021-09-07,103.19,103.315,Golden Sachs,17250.000000000015,Whole Loan Sale,103.315,6244.500000000002,0.0,11436.75,-5813.25
5029777,325000.0,3.125,360,Refinancing,2021-09-08,103.19,103.97125,PJ Logan,16250.000000000015,Whole Loan Sale,103.97125,5882.500000000002,0.0,12906.56,-3343.44
5029787,285000.0,3.125,360,Home purchase,2021-09-09,104.17,104.70125,Storgan Manley,14250.000000000013,Whole Loan Sale,104.70125,2365.4999999999927,0.0,13398.56,-851.44
5029831,105000.0,3.25,180,Cash-out refinance,2021-09-11,104.61,105.735,PJ Logan,5250.000000000005,Whole Loan Sale,105.735,409.5000000000018,0.0,6021.75,771.75
5030087,395000.0,2.75,360,Refinancing,2021-09-11,104.17,103.32625,Storgan Manley,19750.00000000002,Securitization (UMBS),104.17,3278.499999999989,0.0,16471.5,-3278.5
5030194,375000.0,2.99,360,Cash-out refinance,2021-09-11,103.19,102.72125,Storgan Manley,18750.00000000002,Securitization (UMBS),103.19,6787.500000000004,0.0,11962.5,-6787.5
5030215,155000.0,3.5,240,Refinancing,2021-09-13,105.0,104.65625,Storgan Manley,7750.000000000007,Securitization (UMBS),105.0,0.0,0.0,7750.0,-0.0
5030250,225000.0,2.375,240,Refinancing,2021-09-13,103.03,101.8425,Golden Sachs,11250.00000000001,Securitization (UMBS),103.03,4432.500000000011,0.0,6817.5,-4432.5
5030286,115000.0,2.75,360,Refinancing,2021-09-14,104.17,104.57625,Golden Sachs,5750.0000000000055,Whole Loan Sale,104.57625,954.4999999999973,0.0,5262.69,-487.31
5030293,275000.0,2.99,360,Cash-out refinance,2021-09-14,103.19,102.2525,Golden Sachs,13750.000000000013,Securitization (UMBS),103.19,4977.500000000002,0.0,8772.5,-4977.5
5030310,135000.0,3.375,360,Refinancing,2021-08-26,105.0,0.0,Golden Sachs,6750.000000000006,Securitization (UMBS),105.0,0.0,0.0,6750.0,-0.0
5030389,545000.0,2.625,360,Cash-out refinance,2021-08-28,99.88,99.53625,Storgan Manley,27250.000000000025,Securitization (UMBS),99.88,27904.000000000073,0.0,-654.0,-27904.0
5030572,275000.0,2.75,360,Refinancing,2021-08-30,103.19,102.72125,Storgan Manley,13750.000000000013,Securitization (UMBS),103.19,4977.500000000002,0.0,8772.5,-4977.5
5030609,315000.0,3.125,360,Cash-out refinance,2021-09-01,104.17,102.70125,Storgan Manley,15750.000000000015,Securitization (UMBS),104.17,2614.4999999999927,0.0,13135.5,-2614.5
5030734,155000.0,2.875,180,Cash-out refinance,2021-09-02,104.17,105.3575,Golden Sachs,7750.000000000007,Whole Loan Sale,105.3575,1286.4999999999964,0.0,8304.13,554.12
5030838,245000.0,3.25,360,Cash-out refinance,2021-09-03,104.61,104.26625,Storgan Manley,12250.000000000011,Securitization (UMBS),104.61,955.5000000000036,0.0,11294.5,-955.5
5030873,545000.0,2.875,360,Refinancing,2021-09-03,104.17,103.82625,Storgan Manley,27250.000000000025,Securitization (UMBS),104.17,4523.499999999985,0.0,22726.5,-4523.5
5030941,315000.0,2.375,180,Cash-out refinance,2021-09-03,99.88,98.255,Golden Sachs,15750.000000000015,Securitization (UMBS),99.88,16128.000000000044,0.0,-378.0,-16128.0
5030980,105000.0,2.625,180,Cash-out refinance,2021-09-03,103.03,103.56125,Storgan Manley,5250.000000000005,Whole Loan Sale,103.56125,2068.500000000005,0.0,3739.31,-1510.69
5031008,485000.0,2.875,360,Cash-out refinance,2021-09-06,103.19,102.065,Golden Sachs,24250.000000000022,Securitization (UMBS),103.19,8778.500000000002,0.0,15471.5,-8778.5
5031050,515000.0,2.69,360,Cash-out refinance,2021-09-08,99.88,99.3175,Golden Sachs,25750.000000000022,Securitization (UMBS),99.88,26368.00000000007,0.0,-618.0,-26368.0
5031078,205000.0,2.625,180,Cash-out refinance,2021-09-08,103.03,103.28,Golden Sachs,10250.00000000001,Whole Loan Sale,103.28,4038.50000000001,0.0,6724.0,-3526.0
5031147,105000.0,2.75,180,Cash-out refinance,2021-09-11,104.17,103.92,Golden Sachs,5250.000000000005,Securitization (UMBS),104.17,871.4999999999973,0.0,4378.5,-871.5
5031210,515000.0,2.875,360,Other,2021-09-13,103.19,102.72125,Golden Sachs,25750.000000000022,Securitization (UMBS),103.19,9321.5,0.0,16428.5,-9321.5
5031240,115000.0,2.75,180,Refinancing,2021-09-13,103.19,102.94,Bank of Americans,5750.0000000000055,Securitization (UMBS),103.19,2081.500000000001,0.0,3668.5,-2081.5
5031289,325000.0,3.125,360,Cash-out refinance,2021-09-16,103.19,102.84625,Storgan Manley,16250.000000000015,Securitization (UMBS),103.19,5882.500000000002,0.0,10367.5,-5882.5
5031311,235000.0,2.99,360,Refinancing,2021-09-16,103.19,102.34625,Storgan Manley,11750.000000000011,Securitization (UMBS),103.19,4253.500000000002,0.0,7496.5,-4253.5
5031323,125000.0,2.5,180,Refinancing,2021-09-17,99.88,100.8175,Golden Sachs,6250.0000000000055,Whole Loan Sale,100.8175,6400.000000000016,0.0,1021.87,-5228.13
5031363,335000.0,3.125,360,Cash-out refinance,2021-08-23,104.17,105.76375,Golden Sachs,16750.000000000015,Whole Loan Sale,105.76375,2780.499999999991,0.0,19308.56,2558.56
5031366,945000.0,3.5,360,Refinancing,2021-08-24,105.0,0.0,Golden Sachs,47250.000000000044,Securitization (UMBS),105.0,0.0,0.0,47250.0,-0.0
5031372,495000.0,2.69,360,Refinancing,2021-08-24,99.88,99.28625,Storgan Manley,24750.000000000022,Securitization (UMBS),99.88,25344.000000000065,0.0,-594.0,-25344.0
5031572,275000.0,2.99,324,Cash-out refinance,2021-08-27,104.17,103.6075,Golden Sachs,13750.000000000013,Securitization (UMBS),104.17,2282.4999999999927,0.0,11467.5,-2282.5
5031591,205000.0,2.99,360,Cash-out refinance,2021-08-27,104.17,105.20125,Storgan Manley,10250.00000000001,Whole Loan Sale,105.20125,1701.4999999999945,0.0,10662.56,412.56
5031618,495000.0,2.99,360,Cash-out refinance,2021-09-01,103.19,103.65875,PJ Logan,24750.000000000022,Whole Loan Sale,103.65875,8959.500000000002,0.0,18110.81,-6639.19
5031705,125000.0,2.875,180,Cash-out refinance,2021-09-02,103.19,104.22125,Storgan Manley,6250.0000000000055,Whole Loan Sale,104.22125,2262.5000000000005,0.0,5276.56,-973.44
5031719,455000.0,2.94,360,Home purchase,2021-09-03,103.19,103.44,Golden Sachs,22750.000000000022,Whole Loan Sale,103.44,8235.500000000004,0.0,15652.0,-7098.0
5031755,125000.0,3.25,360,Cash-out refinance,2021-09-03,105.0,104.03125,Storgan Manley,6250.0000000000055,Securitization (UMBS),105.0,0.0,0.0,6250.0,-0.0
5031758,275000.0,2.625,180,Refinancing,2021-09-06,99.88,101.47375,Golden Sachs,13750.000000000013,Whole Loan Sale,101.47375,14080.000000000038,0.0,4052.81,-9697.19
5031868,245000.0,2.5,360,Cash-out refinance,2021-09-06,103.03,104.62375,Golden Sachs,12250.000000000011,Whole Loan Sale,104.62375,4826.500000000013,0.0,11328.19,-921.81
5031954,205000.0,2.875,324,Refinancing,2021-09-07,104.17,105.20125,Storgan Manley,10250.00000000001,Whole Loan Sale,105.20125,1701.4999999999945,0.0,10662.56,412.56
5032027,475000.0,2.75,240,Home purchase,2021-09-08,104.17,105.20125,Storgan Manley,23750.000000000022,Whole Loan Sale,105.20125,3942.499999999989,0.0,24705.94,955.94
5032226,505000.0,1.875,180,Refinancing,2021-09-08,100.93,100.77375,Storgan Manley,25250.000000000022,Securitization (UMBS),100.93,20553.499999999978,0.0,4696.5,-20553.5
5032298,165000.0,3.125,180,Cash-out refinance,2021-09-09,103.19,102.94,Bank of Americans,8250.000000000007,Securitization (UMBS),103.19,2986.500000000001,0.0,5263.5,-2986.5
5032333,495000.0,2.99,360,Refinancing,2021-09-09,104.17,103.2325,Golden Sachs,24750.000000000022,Securitization (UMBS),104.17,4108.499999999985,0.0,20641.5,-4108.5
5032355,525000.0,2.99,360,Refinancing,2021-09-10,103.19,101.815,Bank of Americans,26250.000000000022,Securitization (UMBS),103.19,9502.5,0.0,16747.5,-9502.5
5032386,155000.0,3.375,360,Cash-out refinance,2021-09-11,104.61,104.95375,Storgan Manley,7750.000000000007,Whole Loan Sale,104.95375,604.5000000000027,0.0,7678.31,-71.69
5032407,165000.0,2.875,360,Refinancing,2021-09-11,103.19,102.565,Golden Sachs,8250.000000000007,Securitization (UMBS),103.19,2986.500000000001,0.0,5263.5,-2986.5
5032557,665000.0,2.99,360,Refinancing,2021-09-13,103.19,103.65875,PJ Logan,33250.00000000003,Whole Loan Sale,103.65875,12036.500000000004,0.0,24330.69,-8919.31
5032627,295000.0,3.375,360,Home purchase,2021-09-13,104.61,105.5475,Golden Sachs,14750.000000000013,Whole Loan Sale,105.5475,1150.5000000000036,0.0,16365.12,1615.12
5032672,455000.0,2.99,360,Home purchase,2021-09-13,104.17,103.32625,Storgan Manley,22750.000000000022,Securitization (UMBS),104.17,3776.499999999989,0.0,18973.5,-3776.5
5032678,225000.0,2.875,360,Refinancing,2021-09-14,104.17,105.295,PJ Logan,11250.00000000001,Whole Loan Sale,105.295,1867.4999999999927,0.0,11913.75,663.75
5032684,205000.0,2.99,240,Refinancing,2021-09-15,104.17,104.70125,Storgan Manley,10250.00000000001,Whole Loan Sale,104.70125,1701.4999999999945,0.0,9637.56,-612.44
5032877,105000.0,3.25,180,Refinancing,2021-09-16,104.61,103.235,Bank of Americans,5250.000000000005,Securitization (UMBS),104.61,409.5000000000018,0.0,4840.5,-409.5
5032922,225000.0,2.625,180,Cash-out refinance,2021-08-24,103.03,103.49875,PJ Logan,11250.00000000001,Whole Loan Sale,103.49875,4432.500000000011,0.0,7872.19,-3377.81
5032962,305000.0,2.99,360,Cash-out refinance,2021-08-30,104.17,105.20125,Bank of Americans,15250.000000000013,Whole Loan Sale,105.20125,2531.499999999991,0.0,15863.81,613.81
5032974,245000.0,2.375,240,Refinancing,2021-09-01,103.03,102.18625,Storgan Manley,12250.000000000011,Securitization (UMBS),103.03,4826.500000000013,0.0,7423.5,-4826.5
5033079,105000.0,3.5,360,Cash-out refinance,2021-09-03,104.61,103.5475,Golden Sachs,5250.000000000005,Securitization (UMBS),104.61,409.5000000000018,0.0,4840.5,-409.5
5033082,305000.0,2.875,360,Home purchase,2021-09-06,104.17,105.1075,Golden Sachs,15250.000000000013,Whole Loan Sale,105.1075,2531.499999999991,0.0,15577.88,327.87
5033088,135000.0,3.25,360,Home purchase,2021-09-06,105.0,106.03125,Storgan Manley,6750.000000000006,Whole Loan Sale,106.03125,0.0,0.0,8142.19,1392.19
5033106,465000.0,3.125,180,Cash-out refinance,2021-09-07,103.19,104.315,PJ Logan,23250.000000000022,Whole Loan Sale,104.315,8416.500000000004,0.0,20064.75,-3185.25
5033238,405000.0,3.19,360,Cash-out refinance,2021-09-11,103.19,102.565,Golden Sachs,20250.00000000002,Securitization (UMBS),103.19,7330.500000000002,0.0,12919.5,-7330.5
5033254,125000.0,3.5,360,Cash-out refinance,2021-09-11,104.61,104.0475,Golden Sachs,6250.0000000000055,Securitization (UMBS),104.61,487.5000000000018,0.0,5762.5,-487.5
5033282,275000.0,2.75,360,Home purchase,2021-09-13,104.17,105.1075,Golden Sachs,13750.000000000013,Whole Loan Sale,105.1075,2282.4999999999927,0.0,14045.63,295.62
5033324,195000.0,2.75,360,Cash-out refinance,2021-09-14,104.17,103.7325,Golden Sachs,9750.00000000001,Securitization (UMBS),104.17,1618.4999999999955,0.0,8131.5,-1618.5
5033340,255000.0,2.875,360,Cash-out refinance,2021-09-17,103.19,102.315,Bank of Americans,12750.000000000011,Securitization (UMBS),103.19,4615.500000000001,0.0,8134.5,-4615.5
5033416,335000.0,3.625,360,Cash-out refinance,2021-08-28,104.61,104.86,Golden Sachs,16750.000000000015,Whole Loan Sale,104.86,1306.5000000000055,0.0,16281.0,-469.0
5033428,215000.0,2.99,360,Cash-out refinance,2021-08-31,104.17,105.20125,Storgan Manley,10750.00000000001,Whole Loan Sale,105.20125,1784.4999999999945,0.0,11182.69,432.69
5033446,545000.0,2.75,360,Home purchase,2021-09-02,104.17,105.20125,Storgan Manley,27250.000000000025,Whole Loan Sale,105.20125,4523.499999999985,0.0,28346.81,1096.81
5033502,285000.0,2.99,360,Cash-out refinance,2021-09-02,103.19,104.78375,Golden Sachs,14250.000000000013,Whole Loan Sale,104.78375,5158.500000000002,0.0,13633.69,-616.31
5033512,75000.0,3.99,360,Cash-out refinance,2021-09-03,106.41,107.535,PJ Logan,3750.000000000003,Whole Loan Sale,107.535,-1057.5000000000005,0.0,5651.25,1901.25
5033528,495000.0,2.25,180,Refinancing,2021-09-04,99.88,98.755,Golden Sachs,24750.000000000022,Securitization (UMBS),99.88,25344.000000000065,0.0,-594.0,-25344.0
5033538,225000.0,2.75,360,Refinancing,2021-09-04,103.19,102.6275,Golden Sachs,11250.00000000001,Securitization (UMBS),103.19,4072.5,0.0,7177.5,-4072.5
5033576,135000.0,2.75,360,Cash-out refinance,2021-09-04,103.19,102.065,Golden Sachs,6750.000000000006,Securitization (UMBS),103.19,2443.500000000001,0.0,4306.5,-2443.5
5033579,315000.0,2.99,360,Home purchase,2021-09-06,103.19,102.6275,Golden Sachs,15750.000000000015,Securitization (UMBS),103.19,5701.500000000002,0.0,10048.5,-5701.5
5033614,75000.0,3.875,360,Refinancing,2021-09-08,106.41,107.44125,Storgan Manley,3750.000000000003,Whole Loan Sale,107.44125,-1057.5000000000005,0.0,5580.94,1830.94
5033618,165000.0,2.5,180,Cash-out refinance,2021-09-09,103.03,103.49875,PJ Logan,8250.000000000007,Whole Loan Sale,103.49875,3250.500000000008,0.0,5772.94,-2477.06
5033811,145000.0,2.125,96,Cash-out refinance,2021-09-10,100.93,101.39875,PJ Logan,7250.000000000006,Whole Loan Sale,101.39875,5901.499999999994,0.0,2028.19,-5221.81
5033845,155000.0,2.75,324,Refinancing,2021-09-13,103.19,101.815,Bank of Americans,7750.000000000007,Securitization (UMBS),103.19,2805.500000000001,0.0,4944.5,-2805.5
5033851,325000.0,2.25,360,Refinancing,2021-09-13,99.88,100.28625,Storgan Manley,16250.000000000015,Whole Loan Sale,100.28625,16640.000000000044,0.0,930.31,-15319.69
5033913,85000.0,2.875,240,Refinancing,2021-09-16,104.17,103.82625,Storgan Manley,4250.000000000004,Securitization (UMBS),104.17,705.4999999999977,0.0,3544.5,-705.5
5034019,135000.0,3.25,360,Refinancing,2021-09-16,104.61,104.14125,Golden Sachs,6750.000000000006,Securitization (UMBS),104.61,526.5000000000027,0.0,6223.5,-526.5
5034037,315000.0,3.625,360,Home purchase,2021-08-25,104.61,105.735,PJ Logan,15750.000000000015,Whole Loan Sale,105.735,1228.5000000000055,0.0,18065.25,2315.25
5034101,535000.0,2.94,360,Refinancing,2021-08-25,103.19,103.44,Bank of Americans,26750.000000000025,Whole Loan Sale,103.44,9683.500000000004,0.0,18404.0,-8346.0
5034144,245000.0,2.5,180,Cash-out refinance,2021-08-30,99.88,98.8175,Golden Sachs,12250.000000000011,Securitization (UMBS),99.88,12544.000000000033,0.0,-294.0,-12544.0
5034315,605000.0,3.19,360,Refinancing,2021-08-30,104.17,103.6075,Golden Sachs,30250.000000000025,Securitization (UMBS),104.17,5021.499999999982,0.0,25228.5,-5021.5
5034633,265000.0,3.375,360,Cash-out refinance,2021-09-01,104.61,106.7975,Golden Sachs,13250.000000000011,Whole Loan Sale,106.7975,1033.5000000000036,0.0,18013.38,4763.37
5034667,155000.0,2.625,180,Refinancing,2021-09-01,103.03,103.9675,Golden Sachs,7750.000000000007,Whole Loan Sale,103.9675,3053.500000000008,0.0,6149.63,-1600.38
5034780,175000.0,3.625,360,Cash-out refinance,2021-09-02,104.61,104.45375,Storgan Manley,8750.000000000007,Securitization (UMBS),104.61,682.5000000000018,0.0,8067.5,-682.5
5034817,455000.0,3.375,360,Cash-out refinance,2021-09-03,104.61,103.5475,Golden Sachs,22750.000000000022,Securitization (UMBS),104.61,1774.5000000000073,0.0,20975.5,-1774.5
5034845,515000.0,3.19,360,Home purchase,2021-09-03,104.17,103.795,Bank of Americans,25750.000000000022,Securitization (UMBS),104.17,4274.499999999985,0.0,21475.5,-4274.5
5034869,215000.0,2.99,360,Cash-out refinance,2021-09-03,104.17,105.76375,Golden Sachs,10750.00000000001,Whole Loan Sale,105.76375,1784.4999999999945,0.0,12392.06,1642.06
5034906,145000.0,2.5,180,Refinancing,2021-09-04,103.03,103.9675,Golden Sachs,7250.000000000006,Whole Loan Sale,103.9675,2856.5000000000073,0.0,5752.88,-1497.13
5034968,205000.0,2.375,240,Cash-out refinance,2021-09-04,99.88,100.91125,Storgan Manley,10250.00000000001,Whole Loan Sale,100.91125,10496.000000000027,0.0,1868.06,-8381.94
5035028,155000.0,4.125,360,Cash-out refinance,2021-09-06,106.41,106.87875,PJ Logan,7750.000000000007,Whole Loan Sale,106.87875,-2185.5,0.0,10662.06,2912.06
5035149,275000.0,2.75,180,Cash-out refinance,2021-09-08,103.19,102.565,Golden Sachs,13750.000000000013,Securitization (UMBS),103.19,4977.500000000002,0.0,8772.5,-4977.5
5035170,545000.0,2.875,360,Cash-out refinance,2021-09-10,103.19,104.315,PJ Logan,27250.000000000025,Whole Loan Sale,104.315,9864.500000000004,0.0,23516.75,-3733.25
5035189,185000.0,3.25,360,Cash-out refinance,2021-09-10,105.0,104.4375,Golden Sachs,9250.00000000001,Securitization (UMBS),105.0,0.0,0.0,9250.0,-0.0
5035312,655000.0,2.75,300,Refinancing,2021-09-11,104.17,103.7325,Golden Sachs,32750.00000000003,Securitization (UMBS),104.17,5436.499999999982,0.0,27313.5,-5436.5
5035357,275000.0,2.875,360,Refinancing,2021-09-15,103.19,104.1275,Golden Sachs,13750.000000000013,Whole Loan Sale,104.1275,4977.500000000002,0.0,11350.62,-2399.38
5035391,275000.0,2.875,240,Refinancing,2021-09-16,104.17,104.295,Bank of Americans,13750.000000000013,Whole Loan Sale,104.295,2282.4999999999927,0.0,11811.25,-1938.75
5035410,365000.0,3.375,360,Refinancing,2021-09-17,104.61,105.07875,PJ Logan,18250.000000000015,Whole Loan Sale,105.07875,1423.5000000000036,0.0,18537.44,287.44
5035430,265000.0,2.75,240,Refinancing,2021-08-27,103.19,0.0,Golden Sachs,13250.000000000011,Securitization (UMBS),103.19,4796.5,0.0,8453.5,-4796.5
5035486,105000.0,2.75,180,Cash-out refinance,2021-08-28,103.19,103.1275,Golden Sachs,5250.000000000005,Securitization (UMBS),103.19,1900.5000000000005,0.0,3349.5,-1900.5
5035735,335000.0,3.125,360,Cash-out refinance,2021-08-30,104.17,104.51375,Storgan Manley,16750.000000000015,Whole Loan Sale,104.51375,2780.499999999991,0.0,15121.06,-1628.94
5035786,105000.0,3.99,360,Cash-out refinance,2021-08-31,106.41,105.66,Bank of Americans,5250.000000000005,Securitization (UMBS),106.41,-1480.5,0.0,6730.5,1480.5
5035916,75000.0,2.99,360,Home purchase,2021-09-01,103.19,102.19,Golden Sachs,3750.000000000003,Securitization (UMBS),103.19,1357.5,0.0,2392.5,-1357.5
5036024,215000.0,3.25,360,Cash-out refinance,2021-09-02,104.61,105.5475,Golden Sachs,10750.00000000001,Whole Loan Sale,105.5475,838.5000000000018,0.0,11927.13,1177.12
5036055,335000.0,2.625,360,Cash-out refinance,2021-09-03,99.88,0.0,Golden Sachs,16750.000000000015,Securitization (UMBS),99.88,17152.000000000044,0.0,-402.0,-17152.0
5036129,465000.0,2.125,240,Refinancing,2021-09-04,100.93,101.8675,Golden Sachs,23250.000000000022,Whole Loan Sale,101.8675,18925.49999999998,0.0,8683.88,-14566.12
5036150,305000.0,2.125,168,Cash-out refinance,2021-09-07,100.93,101.33625,PJ Logan,15250.000000000013,Whole Loan Sale,101.33625,12413.499999999985,0.0,4075.56,-11174.44
5036163,105000.0,3.25,360,Cash-out refinance,2021-09-08,105.0,103.9375,Golden Sachs,5250.000000000005,Securitization (UMBS),105.0,0.0,0.0,5250.0,-0.0
5036170,145000.0,2.75,180,Refinancing,2021-09-09,103.19,102.72125,Storgan Manley,7250.000000000006,Securitization (UMBS),103.19,2624.500000000001,0.0,4625.5,-2624.5
5036180,95000.0,2.99,360,Cash-out refinance,2021-09-09,104.17,103.795,Bank of Americans,4750.000000000005,Securitization (UMBS),104.17,788.4999999999977,0.0,3961.5,-788.5
5036265,365000.0,2.625,240,Refinancing,2021-09-09,99.88,99.255,Golden Sachs,18250.000000000015,Securitization (UMBS),99.88,18688.000000000047,0.0,-438.0,-18688.0
5036349,255000.0,2.875,240,Cash-out refinance,2021-09-10,104.17,104.42,Golden Sachs,12750.000000000011,Whole Loan Sale,104.42,2116.4999999999927,0.0,11271.0,-1479.0
5036382,105000.0,2.875,144,Refinancing,2021-09-10,103.19,102.84625,Storgan Manley,5250.000000000005,Securitization (UMBS),103.19,1900.5000000000005,0.0,3349.5,-1900.5
5036529,485000.0,2.94,360,Home purchase,2021-09-13,103.19,104.22125,Storgan Manley,24250.000000000022,Whole Loan Sale,104.22125,8778.500000000002,0.0,20473.06,-3776.94
5036549,135000.0,3.125,360,Cash-out refinance,2021-09-13,104.17,103.1075,Golden Sachs,6750.000000000006,Securitization (UMBS),104.17,1120.4999999999973,0.0,5629.5,-1120.5
5036571,155000.0,3.25,360,Cash-out refinance,2021-09-15,105.0,0.0,Golden Sachs,7750.000000000007,Securitization (UMBS),105.0,0.0,0.0,7750.0,-0.0
5036665,125000.0,3.375,360,Cash-out refinance,2021-09-16,105.0,0.0,Golden Sachs,6250.0000000000055,Securitization (UMBS),105.0,0.0,0.0,6250.0,-0.0
5036669,245000.0,2.99,360,Cash-out refinance,2021-09-16,103.19,0.0,Golden Sachs,12250.000000000011,Securitization (UMBS),103.19,4434.500000000001,0.0,7815.5,-4434.5
5036674,215000.0,3.125,360,Home purchase,2021-06-26,104.17,105.76375,Golden Sachs,10750.00000000001,Whole Loan Sale,105.76375,1784.4999999999945,0.0,12392.06,1642.06
5036712,545000.0,3.375,360,Cash-out refinance,2021-09-02,105.0,105.9375,Golden Sachs,27250.000000000025,Whole Loan Sale,105.9375,0.0,0.0,32359.38,5109.37
5036736,175000.0,1.99,180,Refinancing,2021-09-03,100.93,100.68,Golden Sachs,8750.000000000007,Securitization (UMBS),100.93,7122.499999999993,0.0,1627.5,-7122.5
5036760,135000.0,2.99,360,Refinancing,2021-09-03,103.19,102.2525,Golden Sachs,6750.000000000006,Securitization (UMBS),103.19,2443.500000000001,0.0,4306.5,-2443.5
5036769,125000.0,3.625,360,Refinancing,2021-09-04,105.0,103.4375,Golden Sachs,6250.0000000000055,Securitization (UMBS),105.0,0.0,0.0,6250.0,-0.0
5036808,235000.0,2.875,240,Refinancing,2021-09-10,104.17,103.045,Golden Sachs,11750.000000000011,Securitization (UMBS),104.17,1950.4999999999945,0.0,9799.5,-1950.5
5036824,265000.0,2.875,240,Cash-out refinance,2021-09-13,103.19,103.65875,PJ Logan,13250.000000000011,Whole Loan Sale,103.65875,4796.5,0.0,9695.69,-3554.31
5036828,115000.0,3.875,360,Cash-out refinance,2021-09-15,105.77,104.645,Golden Sachs,5750.0000000000055,Securitization (UMBS),105.77,-885.4999999999791,0.0,6635.5,885.5
5036858,505000.0,2.69,360,Refinancing,2021-09-17,99.88,99.53625,Storgan Manley,25250.000000000022,Securitization (UMBS),99.88,25856.000000000065,0.0,-606.0,-25856.0
5036908,155000.0,2.5,180,Refinancing,2021-08-25,99.88,100.91125,Storgan Manley,7750.000000000007,Whole Loan Sale,100.91125,7936.000000000021,0.0,1412.44,-6337.56
5037052,265000.0,3.125,360,Cash-out refinance,2021-08-26,104.17,103.545,Golden Sachs,13250.000000000011,Securitization (UMBS),104.17,2199.4999999999927,0.0,11050.5,-2199.5
5037110,145000.0,1.99,144,Refinancing,2021-08-30,97.45,99.6375,Golden Sachs,7250.000000000006,Whole Loan Sale,99.6375,10947.500000000002,0.0,-525.62,-7775.63
5037111,535000.0,2.875,360,Refinancing,2021-08-31,103.19,104.69,PJ Logan,26750.000000000025,Whole Loan Sale,104.69,9683.500000000004,0.0,25091.5,-1658.5
5037130,205000.0,2.75,360,Home purchase,2021-09-01,103.19,101.565,Golden Sachs,10250.00000000001,Securitization (UMBS),103.19,3710.500000000001,0.0,6539.5,-3710.5
5037211,205000.0,2.75,360,Home purchase,2021-09-02,103.19,104.1275,Golden Sachs,10250.00000000001,Whole Loan Sale,104.1275,3710.500000000001,0.0,8461.37,-1788.63
5037330,205000.0,2.75,180,Cash-out refinance,2021-09-02,104.17,105.1075,Golden Sachs,10250.00000000001,Whole Loan Sale,105.1075,1701.4999999999945,0.0,10470.38,220.37
5037415,155000.0,2.99,360,Cash-out refinance,2021-09-02,103.19,102.84625,Storgan Manley,7750.000000000007,Securitization (UMBS),103.19,2805.500000000001,0.0,4944.5,-2805.5
5037421,155000.0,2.875,360,Refinancing,2021-09-03,104.17,103.42,Golden Sachs,7750.000000000007,Securitization (UMBS),104.17,1286.4999999999964,0.0,6463.5,-1286.5
5037444,175000.0,3.375,360,Home purchase,2021-09-04,104.61,103.485,Golden Sachs,8750.000000000007,Securitization (UMBS),104.61,682.5000000000018,0.0,8067.5,-682.5
5037503,145000.0,3.375,360,Refinancing,2021-09-06,104.61,104.36,Bank of Americans,7250.000000000006,Securitization (UMBS),104.61,565.5000000000018,0.0,6684.5,-565.5
5024427,75000.0,2.75,180,Home improvement,2021-09-06,103.19,102.5025,Golden Sachs,3750.000000000003,Securitization (UMBS),103.19,1357.5,0.0,2392.5,-1357.5
5024503,165000.0,3.375,360,Cash-out refinance,2021-09-08,105.0,103.875,Golden Sachs,8250.000000000007,Securitization (UMBS),105.0,0.0,0.0,8250.0,-0.0
5024510,65000.0,3.75,360,Refinancing,2021-09-10,106.41,107.5975,Golden Sachs,3250.0000000000027,Whole Loan Sale,107.5975,-916.5,0.0,4938.37,1688.37
5024887,225000.0,2.5,180,Cash-out refinance,2021-09-11,99.88,100.34875,PJ Logan,11250.00000000001,Whole Loan Sale,100.34875,11520.00000000003,0.0,784.69,-10465.31
5024915,365000.0,2.75,360,Home purchase,2021-09-13,104.17,105.295,PJ Logan,18250.000000000015,Whole Loan Sale,105.295,3029.499999999989,0.0,19326.75,1076.75
5025095,215000.0,2.75,360,Home purchase,2021-09-13,104.17,105.295,PJ Logan,10750.00000000001,Whole Loan Sale,105.295,1784.4999999999945,0.0,11384.25,634.25
5025114,85000.0,3.5,180,Cash-out refinance,2021-09-15,104.61,104.1725,Golden Sachs,4250.000000000004,Securitization (UMBS),104.61,331.5000000000009,0.0,3918.5,-331.5
5025250,425000.0,2.875,240,Refinancing,2021-08-24,103.19,102.7525,Golden Sachs,21250.00000000002,Securitization (UMBS),103.19,7692.500000000002,0.0,13557.5,-7692.5
5025756,115000.0,3.25,360,Cash-out refinance,2021-08-25,104.61,104.0475,Golden Sachs,5750.0000000000055,Securitization (UMBS),104.61,448.5000000000018,0.0,5301.5,-448.5
5025931,125000.0,2.75,360,Refinancing,2021-08-25,104.17,105.20125,Storgan Manley,6250.0000000000055,Whole Loan Sale,105.20125,1037.4999999999964,0.0,6501.56,251.56
5026328,165000.0,2.99,240,Refinancing,2021-08-26,104.17,104.57625,Golden Sachs,8250.000000000007,Whole Loan Sale,104.57625,1369.4999999999955,0.0,7550.81,-699.19
5026591,175000.0,2.375,180,Cash-out refinance,2021-09-01,99.88,100.41125,Storgan Manley,8750.000000000007,Whole Loan Sale,100.41125,8960.000000000024,0.0,719.69,-8030.31
5026811,215000.0,2.875,180,Cash-out refinance,2021-09-04,103.19,103.53375,Storgan Manley,10750.00000000001,Whole Loan Sale,103.53375,3891.500000000001,0.0,7597.56,-3152.44
5027135,285000.0,2.875,360,Refinancing,2021-09-06,104.17,105.76375,Golden Sachs,14250.000000000013,Whole Loan Sale,105.76375,2365.4999999999927,0.0,16426.69,2176.69
5028328,505000.0,3.25,360,Home purchase,2021-09-07,105.0,105.9375,Golden Sachs,25250.000000000022,Whole Loan Sale,105.9375,0.0,0.0,29984.38,4734.37
5028459,195000.0,2.875,240,Refinancing,2021-09-09,104.17,104.42,Golden Sachs,9750.00000000001,Whole Loan Sale,104.42,1618.4999999999955,0.0,8619.0,-1131.0
5028518,505000.0,3.25,360,Cash-out refinance,2021-09-10,104.61,104.26625,Storgan Manley,25250.000000000022,Securitization (UMBS),104.61,1969.5000000000073,0.0,23280.5,-1969.5
5028913,175000.0,2.5,240,Refinancing,2021-09-13,103.03,103.56125,Storgan Manley,8750.000000000007,Whole Loan Sale,103.56125,3447.500000000008,0.0,6232.19,-2517.81
5029730,125000.0,2.875,240,Cash-out refinance,2021-09-13,103.19,104.78375,Golden Sachs,6250.0000000000055,Whole Loan Sale,104.78375,2262.5000000000005,0.0,5979.69,-270.31
5030023,415000.0,2.375,180,Refinancing,2021-09-14,99.88,100.91125,Storgan Manley,20750.00000000002,Whole Loan Sale,100.91125,21248.000000000055,0.0,3781.69,-16968.31
5030480,115000.0,3.375,360,Cash-out refinance,2021-09-16,104.61,105.51625,Golden Sachs,5750.0000000000055,Whole Loan Sale,105.51625,448.5000000000018,0.0,6343.69,593.69
5031347,475000.0,2.875,360,Refinancing,2021-08-21,104.17,104.63875,PJ Logan,23750.000000000022,Whole Loan Sale,104.63875,3942.499999999989,0.0,22034.06,-1715.94
5031838,155000.0,1.875,180,Refinancing,2021-09-02,100.93,101.39875,PJ Logan,7750.000000000007,Whole Loan Sale,101.39875,6308.499999999994,0.0,2168.06,-5581.94
5031845,365000.0,2.375,180,Refinancing,2021-09-02,99.88,0.0,Golden Sachs,18250.000000000015,Securitization (UMBS),99.88,18688.000000000047,0.0,-438.0,-18688.0
5032036,385000.0,2.94,360,Cash-out refinance,2021-09-03,104.17,103.6075,Golden Sachs,19250.00000000002,Securitization (UMBS),104.17,3195.499999999991,0.0,16054.5,-3195.5
5032541,145000.0,2.99,360,Refinancing,2021-09-04,104.17,104.63875,PJ Logan,7250.000000000006,Whole Loan Sale,104.63875,1203.4999999999964,0.0,6726.19,-523.81
5032807,115000.0,3.25,360,Cash-out refinance,2021-09-04,104.61,104.26625,Storgan Manley,5750.0000000000055,Securitization (UMBS),104.61,448.5000000000018,0.0,5301.5,-448.5
5033307,115000.0,2.75,360,Refinancing,2021-09-11,104.17,105.76375,Golden Sachs,5750.0000000000055,Whole Loan Sale,105.76375,954.4999999999973,0.0,6628.31,878.31
5033559,125000.0,2.99,240,Refinancing,2021-09-14,103.19,105.3775,Golden Sachs,6250.0000000000055,Whole Loan Sale,105.3775,2262.5000000000005,0.0,6721.87,471.87
5033710,505000.0,2.75,264,Cash-out refinance,2021-09-15,104.17,105.20125,Storgan Manley,25250.000000000022,Whole Loan Sale,105.20125,4191.499999999985,0.0,26266.31,1016.31
5034403,155000.0,2.99,360,Home purchase,2021-09-17,103.19,102.815,Bank of Americans,7750.000000000007,Securitization (UMBS),103.19,2805.500000000001,0.0,4944.5,-2805.5
5035024,175000.0,2.75,180,Refinancing,2021-08-24,104.17,105.76375,Golden Sachs,8750.000000000007,Whole Loan Sale,105.76375,1452.4999999999945,0.0,10086.56,1336.56
5035502,485000.0,3.25,360,Refinancing,2021-08-26,105.0,106.59375,Golden Sachs,24250.000000000022,Whole Loan Sale,106.59375,0.0,0.0,31979.69,7729.69
5035524,285000.0,3.25,360,Refinancing,2021-09-01,104.61,104.95375,Storgan Manley,14250.000000000013,Whole Loan Sale,104.95375,1111.5000000000036,0.0,14118.19,-131.81
5036604,335000.0,2.99,360,Cash-out refinance,2021-09-01,104.17,103.7325,Golden Sachs,16750.000000000015,Securitization (UMBS),104.17,2780.499999999991,0.0,13969.5,-2780.5
5036930,175000.0,3.14,360,Cash-out refinance,2021-09-03,104.17,103.6075,Golden Sachs,8750.000000000007,Securitization (UMBS),104.17,1452.4999999999945,0.0,7297.5,-1452.5
5036991,505000.0,2.875,360,Home purchase,2021-09-09,104.17,0.0,Golden Sachs,25250.000000000022,Securitization (UMBS),104.17,4191.499999999985,0.0,21058.5,-4191.5
5037401,275000.0,2.375,180,Refinancing,2021-09-13,103.03,102.87375,Storgan Manley,13750.000000000013,Securitization (UMBS),103.03,5417.500000000015,0.0,8332.5,-5417.5
5024065,285000.0,3.375,360,Home purchase,2021-09-13,104.61,105.64125,Storgan Manley,14250.000000000013,Whole Loan Sale,105.64125,1111.5000000000036,0.0,16077.56,1827.56
5024099,385000.0,2.75,324,Refinancing,2021-09-13,104.17,104.70125,Storgan Manley,19250.00000000002,Whole Loan Sale,104.70125,3195.499999999991,0.0,18099.81,-1150.19
5024173,695000.0,3.25,360,Refinancing,2021-09-15,104.61,105.51625,Golden Sachs,34750.00000000003,Whole Loan Sale,105.51625,2710.5000000000073,0.0,38337.94,3587.94
5024179,415000.0,2.375,240,Refinancing,2021-08-25,103.03,103.43625,Golden Sachs,20750.00000000002,Whole Loan Sale,103.43625,8175.50000000002,0.0,14260.44,-6489.56
5024185,175000.0,3.5,360,Home purchase,2021-08-26,104.61,0.0,Golden Sachs,8750.000000000007,Securitization (UMBS),104.61,682.5000000000018,0.0,8067.5,-682.5
5024203,235000.0,2.99,360,Cash-out refinance,2021-09-01,104.17,104.01375,Storgan Manley,11750.000000000011,Securitization (UMBS),104.17,1950.4999999999945,0.0,9799.5,-1950.5
5024211,295000.0,3.25,360,Refinancing,2021-09-04,104.61,105.64125,Storgan Manley,14750.000000000013,Whole Loan Sale,105.64125,1150.5000000000036,0.0,16641.69,1891.69
5024223,425000.0,3.25,300,Cash-out refinance,2021-09-06,104.61,104.1725,Golden Sachs,21250.00000000002,Securitization (UMBS),104.61,1657.5000000000073,0.0,19592.5,-1657.5
5024316,135000.0,3.125,360,Cash-out refinance,2021-09-08,104.17,105.20125,Storgan Manley,6750.000000000006,Whole Loan Sale,105.20125,1120.4999999999973,0.0,7021.69,271.69
5024602,165000.0,2.125,108,Cash-out refinance,2021-09-15,100.93,102.52375,Golden Sachs,8250.000000000007,Whole Loan Sale,102.52375,6715.499999999993,0.0,4164.19,-4085.81
5024629,375000.0,1.875,360,Refinancing,2021-09-17,97.45,96.48125,Storgan Manley,18750.00000000002,Securitization (UMBS),97.45,28312.500000000007,0.0,-9562.5,-28312.5
5024652,285000.0,2.5,240,Refinancing,2021-08-25,103.03,100.9675,Golden Sachs,14250.000000000013,Securitization (UMBS),103.03,5614.500000000015,0.0,8635.5,-5614.5
5024684,305000.0,3.375,324,Refinancing,2021-08-27,104.61,106.20375,Golden Sachs,15250.000000000013,Whole Loan Sale,106.20375,1189.5000000000036,0.0,18921.44,3671.44
5024719,335000.0,3.375,360,Cash-out refinance,2021-08-28,104.61,103.76625,Storgan Manley,16750.000000000015,Securitization (UMBS),104.61,1306.5000000000055,0.0,15443.5,-1306.5
5024797,165000.0,2.25,180,Refinancing,2021-08-28,99.88,100.41125,Storgan Manley,8250.000000000007,Whole Loan Sale,100.41125,8448.000000000022,0.0,678.56,-7571.44
5024817,335000.0,2.99,360,Cash-out refinance,2021-08-30,103.19,102.6275,Golden Sachs,16750.000000000015,Securitization (UMBS),103.19,6063.500000000002,0.0,10686.5,-6063.5
5024874,265000.0,2.75,360,Cash-out refinance,2021-08-31,103.19,104.78375,Golden Sachs,13250.000000000011,Whole Loan Sale,104.78375,4796.5,0.0,12676.94,-573.06
5024952,145000.0,3.25,360,Cash-out refinance,2021-09-02,105.0,106.03125,Storgan Manley,7250.000000000006,Whole Loan Sale,106.03125,0.0,0.0,8745.31,1495.31
5024957,195000.0,2.875,240,Refinancing,2021-09-03,104.17,105.07625,Golden Sachs,9750.00000000001,Whole Loan Sale,105.07625,1618.4999999999955,0.0,9898.69,148.69
5024986,305000.0,2.5,240,Cash-out refinance,2021-09-04,99.88,100.28625,Golden Sachs,15250.000000000013,Whole Loan Sale,100.28625,15616.00000000004,0.0,873.06,-14376.94
5025052,825000.0,2.99,360,Home purchase,2021-09-08,104.17,104.42,Golden Sachs,41250.00000000004,Whole Loan Sale,104.42,6847.499999999978,0.0,36465.0,-4785.0
5025251,275000.0,3.25,360,Home purchase,2021-09-14,104.61,103.61,Golden Sachs,13750.000000000013,Securitization (UMBS),104.61,1072.5000000000036,0.0,12677.5,-1072.5
5025441,485000.0,2.375,360,Home purchase,2021-09-16,103.03,102.0925,Golden Sachs,24250.000000000022,Securitization (UMBS),103.03,9554.500000000025,0.0,14695.5,-9554.5
5025463,105000.0,3.25,360,Cash-out refinance,2021-09-01,104.61,104.86,Bank of Americans,5250.000000000005,Whole Loan Sale,104.86,409.5000000000018,0.0,5103.0,-147.0
5025478,505000.0,2.99,360,Cash-out refinance,2021-09-06,103.19,104.315,PJ Logan,25250.000000000022,Whole Loan Sale,104.315,9140.500000000002,0.0,21790.75,-3459.25
5025493,105000.0,2.75,144,Cash-out refinance,2021-09-06,103.19,104.22125,Storgan Manley,5250.000000000005,Whole Loan Sale,104.22125,1900.5000000000005,0.0,4432.31,-817.69
5025539,545000.0,2.75,180,Refinancing,2021-09-06,104.17,103.6075,Golden Sachs,27250.000000000025,Securitization (UMBS),104.17,4523.499999999985,0.0,22726.5,-4523.5
5025554,135000.0,3.875,360,Home purchase,2021-09-08,105.77,106.30125,Storgan Manley,6750.000000000006,Whole Loan Sale,106.30125,-1039.4999999999754,78.24,8506.69,1756.69
5025596,165000.0,3.125,360,Home purchase,2021-09-09,103.19,104.78375,Golden Sachs,8250.000000000007,Whole Loan Sale,104.78375,2986.500000000001,0.0,7893.19,-356.81
5025632,465000.0,3.25,360,Home purchase,2021-09-10,104.61,103.36,Bank of Americans,23250.000000000022,Securitization (UMBS),104.61,1813.5000000000073,0.0,21436.5,-1813.5
5025743,265000.0,2.875,360,Cash-out refinance,2021-09-15,103.19,102.065,Golden Sachs,13250.000000000011,Securitization (UMBS),103.19,4796.5,0.0,8453.5,-4796.5
5025744,335000.0,2.99,360,Refinancing,2021-08-30,103.19,103.65875,PJ Logan,16750.000000000015,Whole Loan Sale,103.65875,6063.500000000002,0.0,12256.81,-4493.19
5025748,325000.0,2.375,180,Refinancing,2021-09-02,103.03,102.06125,Storgan Manley,16250.000000000015,Securitization (UMBS),103.03,6402.500000000016,0.0,9847.5,-6402.5
5025775,125000.0,2.875,180,Refinancing,2021-09-02,103.19,104.315,PJ Logan,6250.0000000000055,Whole Loan Sale,104.315,2262.5000000000005,0.0,5393.75,-856.25
5025835,135000.0,3.625,360,Refinancing,2021-09-03,104.61,104.36,Golden Sachs,6750.000000000006,Securitization (UMBS),104.61,526.5000000000027,0.0,6223.5,-526.5
5026119,305000.0,2.75,360,Refinancing,2021-09-04,103.19,104.315,PJ Logan,15250.000000000013,Whole Loan Sale,104.315,5520.5,0.0,13160.75,-2089.25
5026126,825000.0,2.875,360,Cash-out refinance,2021-09-06,103.19,102.6275,Golden Sachs,41250.00000000004,Securitization (UMBS),103.19,14932.500000000004,0.0,26317.5,-14932.5
5026148,305000.0,2.875,240,Cash-out refinance,2021-09-07,104.17,105.20125,Storgan Manley,15250.000000000013,Whole Loan Sale,105.20125,2531.499999999991,0.0,15863.81,613.81
5026290,295000.0,2.875,360,Refinancing,2021-09-08,103.19,104.22125,Storgan Manley,14750.000000000013,Whole Loan Sale,104.22125,5339.500000000002,0.0,12452.69,-2297.31
5026339,335000.0,2.125,180,Refinancing,2021-09-09,97.45,95.98125,Golden Sachs,16750.000000000015,Securitization (UMBS),97.45,25292.500000000004,0.0,-8542.5,-25292.5
5026501,285000.0,2.69,360,Cash-out refinance,2021-09-09,99.88,100.91125,Storgan Manley,14250.000000000013,Whole Loan Sale,100.91125,14592.000000000038,0.0,2597.06,-11652.94
5026572,185000.0,2.99,360,Refinancing,2021-09-10,104.17,103.545,Golden Sachs,9250.00000000001,Securitization (UMBS),104.17,1535.4999999999964,0.0,7714.5,-1535.5
5026675,275000.0,2.875,360,Refinancing,2021-09-11,103.19,0.0,Golden Sachs,13750.000000000013,Securitization (UMBS),103.19,4977.500000000002,0.0,8772.5,-4977.5
5026679,235000.0,3.375,360,Home purchase,2021-09-11,104.61,106.20375,Golden Sachs,11750.000000000011,Whole Loan Sale,106.20375,916.5000000000036,0.0,14578.81,2828.81
5026690,255000.0,2.875,180,Refinancing,2021-09-14,104.17,105.20125,Storgan Manley,12750.000000000011,Whole Loan Sale,105.20125,2116.4999999999927,0.0,13263.19,513.19
5026704,165000.0,2.5,180,Refinancing,2021-09-14,103.03,104.06125,Storgan Manley,8250.000000000007,Whole Loan Sale,104.06125,3250.500000000008,0.0,6701.06,-1548.94
5026839,255000.0,2.125,180,Refinancing,2021-09-14,100.93,101.96125,Storgan Manley,12750.000000000011,Whole Loan Sale,101.96125,10378.499999999989,0.0,5001.19,-7748.81
5026862,245000.0,3.125,360,Cash-out refinance,2021-09-15,104.17,104.3575,Golden Sachs,12250.000000000011,Whole Loan Sale,104.3575,2033.4999999999945,0.0,10675.88,-1574.13
5026882,255000.0,2.94,360,Cash-out refinance,2021-09-15,103.19,104.09625,Golden Sachs,12750.000000000011,Whole Loan Sale,104.09625,4615.500000000001,0.0,10445.44,-2304.56
5026949,205000.0,2.625,180,Cash-out refinance,2021-09-15,99.88,100.28625,Golden Sachs,10250.00000000001,Whole Loan Sale,100.28625,10496.000000000027,0.0,586.81,-9663.19
5026988,185000.0,2.75,300,Refinancing,2021-09-15,103.19,104.065,Golden Sachs,9250.00000000001,Whole Loan Sale,104.065,3348.500000000002,0.0,7520.25,-1729.75
5027016,125000.0,2.875,240,Refinancing,2021-08-24,103.19,103.44,Golden Sachs,6250.0000000000055,Whole Loan Sale,103.44,2262.5000000000005,0.0,4300.0,-1950.0
5027088,705000.0,3.25,360,Refinancing,2021-09-01,104.61,103.5475,Golden Sachs,35250.00000000003,Securitization (UMBS),104.61,2749.5000000000073,0.0,32500.5,-2749.5
5027286,145000.0,3.25,360,Cash-out refinance,2021-09-01,104.61,106.20375,Golden Sachs,7250.000000000006,Whole Loan Sale,106.20375,565.5000000000018,0.0,8995.44,1745.44
5027293,305000.0,2.75,180,Home purchase,2021-09-01,103.19,102.065,Golden Sachs,15250.000000000013,Securitization (UMBS),103.19,5520.5,0.0,9729.5,-5520.5
5027333,325000.0,2.875,288,Cash-out refinance,2021-09-03,103.19,102.94,Bank of Americans,16250.000000000015,Securitization (UMBS),103.19,5882.500000000002,0.0,10367.5,-5882.5
5027374,815000.0,2.94,360,Home purchase,2021-09-03,103.19,102.22125,Storgan Manley,40750.00000000004,Securitization (UMBS),103.19,14751.500000000004,0.0,25998.5,-14751.5
5027385,155000.0,2.875,360,Refinancing,2021-09-09,103.19,0.0,Golden Sachs,7750.000000000007,Securitization (UMBS),103.19,2805.500000000001,0.0,4944.5,-2805.5
5027431,325000.0,2.69,360,Refinancing,2021-09-13,99.88,100.47375,Golden Sachs,16250.000000000015,Whole Loan Sale,100.47375,16640.000000000044,0.0,1539.69,-14710.31
5027457,385000.0,2.4,360,Refinancing,2021-09-14,103.03,103.56125,Storgan Manley,19250.00000000002,Whole Loan Sale,103.56125,7584.50000000002,0.0,13710.81,-5539.19
5027528,185000.0,2.75,180,Cash-out refinance,2021-09-17,104.17,104.42,Golden Sachs,9250.00000000001,Whole Loan Sale,104.42,1535.4999999999964,0.0,8177.0,-1073.0
5027623,185000.0,3.375,204,Refinancing,2021-08-25,104.61,104.0475,Golden Sachs,9250.00000000001,Securitization (UMBS),104.61,721.5000000000036,0.0,8528.5,-721.5
5027624,325000.0,2.99,360,Cash-out refinance,2021-08-28,103.19,103.72125,Storgan Manley,16250.000000000015,Whole Loan Sale,103.72125,5882.500000000002,0.0,12094.06,-4155.94
5027658,375000.0,3.125,300,Refinancing,2021-09-01,104.17,104.3575,Golden Sachs,18750.00000000002,Whole Loan Sale,104.3575,3112.499999999991,0.0,16340.63,-2409.38
5027725,245000.0,2.875,360,Cash-out refinance,2021-09-01,104.17,103.545,Golden Sachs,12250.000000000011,Securitization (UMBS),104.17,2033.4999999999945,0.0,10216.5,-2033.5
5027865,265000.0,3.125,360,Home purchase,2021-09-03,103.19,102.815,Bank of Americans,13250.000000000011,Securitization (UMBS),103.19,4796.5,0.0,8453.5,-4796.5
5027986,145000.0,2.75,144,Refinancing,2021-09-04,104.17,103.92,Bank of Americans,7250.000000000006,Securitization (UMBS),104.17,1203.4999999999964,0.0,6046.5,-1203.5
5028042,105000.0,3.25,360,Cash-out refinance,2021-09-08,105.0,105.46875,PJ Logan,5250.000000000005,Whole Loan Sale,105.46875,0.0,0.0,5742.19,492.19
5028077,115000.0,2.5,180,Refinancing,2021-09-09,103.03,103.905,Golden Sachs,5750.0000000000055,Whole Loan Sale,103.905,2265.5000000000064,0.0,4490.75,-1259.25
5028153,325000.0,1.99,180,Refinancing,2021-09-13,100.93,0.0,Golden Sachs,16250.000000000015,Securitization (UMBS),100.93,13227.499999999987,0.0,3022.5,-13227.5
5028193,265000.0,2.75,240,Refinancing,2021-09-14,103.19,104.22125,Storgan Manley,13250.000000000011,Whole Loan Sale,104.22125,4796.5,0.0,11186.31,-2063.69
5028197,415000.0,2.75,240,Cash-out refinance,2021-08-27,103.19,102.69,Golden Sachs,20750.00000000002,Securitization (UMBS),103.19,7511.500000000002,0.0,13238.5,-7511.5
5028248,335000.0,3.375,360,Cash-out refinance,2021-08-31,104.61,0.0,Golden Sachs,16750.000000000015,Securitization (UMBS),104.61,1306.5000000000055,0.0,15443.5,-1306.5
5028261,555000.0,2.99,360,Cash-out refinance,2021-09-04,103.19,102.2525,Golden Sachs,27750.000000000025,Securitization (UMBS),103.19,10045.500000000004,0.0,17704.5,-10045.5
5028281,135000.0,3.625,360,Cash-out refinance,2021-09-09,105.0,105.9375,Golden Sachs,6750.000000000006,Whole Loan Sale,105.9375,0.0,0.0,8015.63,1265.62
5028379,225000.0,2.5,228,Refinancing,2021-09-10,103.03,102.5925,Golden Sachs,11250.00000000001,Securitization (UMBS),103.03,4432.500000000011,0.0,6817.5,-4432.5
5028408,475000.0,2.625,360,Refinancing,2021-09-11,103.03,101.9675,Golden Sachs,23750.000000000022,Securitization (UMBS),103.03,9357.500000000025,0.0,14392.5,-9357.5
5028418,125000.0,3.375,360,Home purchase,2021-09-14,104.61,104.26625,Storgan Manley,6250.0000000000055,Securitization (UMBS),104.61,487.5000000000018,0.0,5762.5,-487.5
5028442,405000.0,2.875,360,Refinancing,2021-09-16,104.17,103.545,Golden Sachs,20250.00000000002,Securitization (UMBS),104.17,3361.499999999989,0.0,16888.5,-3361.5
5028532,415000.0,2.75,240,Cash-out refinance,2021-08-25,103.19,104.22125,Storgan Manley,20750.00000000002,Whole Loan Sale,104.22125,7511.500000000002,0.0,17518.19,-3231.81
5028551,205000.0,2.99,360,Refinancing,2021-08-26,104.17,104.70125,Storgan Manley,10250.00000000001,Whole Loan Sale,104.70125,1701.4999999999945,0.0,9637.56,-612.44
5028568,755000.0,2.5,360,Refinancing,2021-08-30,99.88,100.34875,PJ Logan,37750.00000000004,Whole Loan Sale,100.34875,38656.0000000001,0.0,2633.06,-35116.94
5028599,245000.0,2.625,360,Refinancing,2021-09-03,103.03,103.93625,Storgan Manley,12250.000000000011,Whole Loan Sale,103.93625,4826.500000000013,0.0,9643.81,-2606.19
5028664,215000.0,2.99,144,Refinancing,2021-09-09,104.17,103.70125,Storgan Manley,10750.00000000001,Securitization (UMBS),104.17,1784.4999999999945,0.0,8965.5,-1784.5
5028731,265000.0,3.375,360,Cash-out refinance,2021-09-14,105.0,104.03125,Golden Sachs,13250.000000000011,Securitization (UMBS),105.0,0.0,0.0,13250.0,-0.0
5028870,325000.0,2.125,120,Refinancing,2021-09-15,97.45,98.3875,Golden Sachs,16250.000000000015,Whole Loan Sale,98.3875,24537.500000000004,0.0,-5240.62,-21490.63
5028871,235000.0,2.25,240,Refinancing,2021-09-17,103.03,104.06125,Storgan Manley,11750.000000000011,Whole Loan Sale,104.06125,4629.500000000013,0.0,9543.94,-2206.06
5028883,365000.0,2.875,360,Refinancing,2021-09-17,103.19,103.53375,Storgan Manley,18250.000000000015,Whole Loan Sale,103.53375,6606.5,0.0,12898.19,-5351.81
5028886,205000.0,2.75,360,Refinancing,2021-08-25,104.17,104.01375,Storgan Manley,10250.00000000001,Securitization (UMBS),104.17,1701.4999999999945,0.0,8548.5,-1701.5
5028922,425000.0,2.99,360,Cash-out refinance,2021-08-31,103.19,0.0,Golden Sachs,21250.00000000002,Securitization (UMBS),103.19,7692.500000000002,0.0,13557.5,-7692.5
5029033,355000.0,2.875,360,Cash-out refinance,2021-09-02,104.17,105.1075,Golden Sachs,17750.000000000015,Whole Loan Sale,105.1075,2946.499999999989,0.0,18131.63,381.62
5029158,345000.0,2.99,360,Cash-out refinance,2021-09-08,103.19,103.59625,Golden Sachs,17250.000000000015,Whole Loan Sale,103.59625,6244.500000000002,0.0,12407.06,-4842.94
5029160,145000.0,2.625,180,Refinancing,2021-09-09,103.03,102.87375,Storgan Manley,7250.000000000006,Securitization (UMBS),103.03,2856.5000000000073,0.0,4393.5,-2856.5
5029164,405000.0,2.875,360,Other,2021-09-11,103.19,102.815,Bank of Americans,20250.00000000002,Securitization (UMBS),103.19,7330.500000000002,0.0,12919.5,-7330.5
5029181,495000.0,3.875,360,Cash-out refinance,2021-09-16,106.41,104.8475,Golden Sachs,24750.000000000022,Securitization (UMBS),106.41,-6979.5,0.0,31729.5,6979.5
5029197,285000.0,3.375,360,Cash-out refinance,2021-09-16,104.61,104.235,Golden Sachs,14250.000000000013,Securitization (UMBS),104.61,1111.5000000000036,0.0,13138.5,-1111.5
5029209,315000.0,2.99,360,Refinancing,2021-09-16,103.19,102.6275,Golden Sachs,15750.000000000015,Securitization (UMBS),103.19,5701.500000000002,0.0,10048.5,-5701.5
5029274,175000.0,2.99,360,Refinancing,2021-08-09,103.19,104.78375,Golden Sachs,8750.000000000007,Whole Loan Sale,104.78375,3167.5,0.0,8371.56,-378.44
5029280,515000.0,2.625,180,Refinancing,2021-09-02,103.03,102.3425,Golden Sachs,25750.000000000022,Securitization (UMBS),103.03,10145.500000000025,0.0,15604.5,-10145.5
5029328,185000.0,2.875,240,Refinancing,2021-09-02,103.19,0.0,Golden Sachs,9250.00000000001,Securitization (UMBS),103.19,3348.500000000002,0.0,5901.5,-3348.5
5029352,295000.0,2.5,360,Refinancing,2021-09-02,99.88,100.8175,Golden Sachs,14750.000000000013,Whole Loan Sale,100.8175,15104.00000000004,0.0,2411.62,-12338.38
5029452,205000.0,2.99,360,Refinancing,2021-09-04,104.17,105.20125,Storgan Manley,10250.00000000001,Whole Loan Sale,105.20125,1701.4999999999945,0.0,10662.56,412.56
5029462,255000.0,2.75,360,Cash-out refinance,2021-09-10,104.17,103.795,Bank of Americans,12750.000000000011,Securitization (UMBS),104.17,2116.4999999999927,0.0,10633.5,-2116.5
5029502,365000.0,3.25,360,Cash-out refinance,2021-09-11,105.0,105.625,Golden Sachs,18250.000000000015,Whole Loan Sale,105.625,0.0,0.0,20531.25,2281.25
5029618,145000.0,2.99,360,Refinancing,2021-09-13,103.19,104.1275,Golden Sachs,7250.000000000006,Whole Loan Sale,104.1275,2624.500000000001,0.0,5984.87,-1265.13
5029664,195000.0,2.625,180,Cash-out refinance,2021-09-06,99.88,99.3175,Golden Sachs,9750.00000000001,Securitization (UMBS),99.88,9984.000000000027,0.0,-234.0,-9984.0
5029667,305000.0,2.75,180,Cash-out refinance,2021-09-09,103.19,0.0,Golden Sachs,15250.000000000013,Securitization (UMBS),103.19,5520.5,0.0,9729.5,-5520.5
5029681,975000.0,3.25,360,Cash-out refinance,2021-09-13,105.0,106.03125,Storgan Manley,48750.000000000044,Whole Loan Sale,106.03125,0.0,0.0,58804.69,10054.69
5029744,275000.0,2.875,180,Refinancing,2021-09-13,103.19,102.565,Golden Sachs,13750.000000000013,Securitization (UMBS),103.19,4977.500000000002,0.0,8772.5,-4977.5
5029751,235000.0,3.25,360,Home purchase,2021-08-28,104.61,105.64125,Storgan Manley,11750.000000000011,Whole Loan Sale,105.64125,916.5000000000036,0.0,13256.94,1506.94
5029753,225000.0,2.5,180,Cash-out refinance,2021-09-04,103.03,104.06125,Storgan Manley,11250.00000000001,Whole Loan Sale,104.06125,4432.500000000011,0.0,9137.81,-2112.19
5029813,615000.0,2.99,360,Refinancing,2021-09-04,103.19,102.065,Golden Sachs,30750.00000000003,Securitization (UMBS),103.19,11131.500000000004,0.0,19618.5,-11131.5
5029859,295000.0,1.99,180,Refinancing,2021-09-06,100.93,101.46125,Storgan Manley,14750.000000000013,Whole Loan Sale,101.46125,12006.499999999987,0.0,4310.69,-10439.31
5029863,475000.0,2.99,360,Home purchase,2021-09-07,104.17,105.76375,Golden Sachs,23750.000000000022,Whole Loan Sale,105.76375,3942.499999999989,0.0,27377.81,3627.81
5029901,175000.0,2.99,360,Cash-out refinance,2021-09-13,104.17,103.6075,Golden Sachs,8750.000000000007,Securitization (UMBS),104.17,1452.4999999999945,0.0,7297.5,-1452.5
5029921,235000.0,3.25,360,Cash-out refinance,2021-09-14,104.61,104.14125,Golden Sachs,11750.000000000011,Securitization (UMBS),104.61,916.5000000000036,0.0,10833.5,-916.5
5029932,325000.0,2.875,360,Refinancing,2021-08-24,104.17,104.20125,Golden Sachs,16250.000000000015,Whole Loan Sale,104.20125,2697.499999999991,0.0,13654.06,-2595.94
5030006,225000.0,2.99,360,Cash-out refinance,2021-08-25,104.17,103.795,Bank of Americans,11250.00000000001,Securitization (UMBS),104.17,1867.4999999999927,0.0,9382.5,-1867.5
5030018,165000.0,2.375,180,Refinancing,2021-08-28,103.03,0.0,Golden Sachs,8250.000000000007,Securitization (UMBS),103.03,3250.500000000008,0.0,4999.5,-3250.5
5030072,205000.0,2.875,360,Refinancing,2021-09-02,104.17,104.42,Bank of Americans,10250.00000000001,Whole Loan Sale,104.42,1701.4999999999945,0.0,9061.0,-1189.0
5030175,175000.0,3.375,360,Cash-out refinance,2021-09-06,104.61,103.5475,Golden Sachs,8750.000000000007,Securitization (UMBS),104.61,682.5000000000018,0.0,8067.5,-682.5
5030196,145000.0,2.75,120,Refinancing,2021-09-10,104.17,104.295,Bank of Americans,7250.000000000006,Whole Loan Sale,104.295,1203.4999999999964,0.0,6227.75,-1022.25
5030248,435000.0,2.75,360,Refinancing,2021-09-10,104.17,104.70125,Storgan Manley,21750.00000000002,Whole Loan Sale,104.70125,3610.499999999989,0.0,20450.44,-1299.56
5030256,255000.0,2.99,360,Cash-out refinance,2021-09-11,103.19,103.72125,Storgan Manley,12750.000000000011,Whole Loan Sale,103.72125,4615.500000000001,0.0,9489.19,-3260.81
5030336,135000.0,2.375,240,Cash-out refinance,2021-09-15,103.03,103.28,Golden Sachs,6750.000000000006,Whole Loan Sale,103.28,2659.5000000000073,0.0,4428.0,-2322.0
5030461,545000.0,2.875,360,Refinancing,2021-09-02,104.17,104.20125,Golden Sachs,27250.000000000025,Whole Loan Sale,104.20125,4523.499999999985,0.0,22896.81,-4353.19
5030618,285000.0,2.875,240,Refinancing,2021-09-04,104.17,105.20125,Storgan Manley,14250.000000000013,Whole Loan Sale,105.20125,2365.4999999999927,0.0,14823.56,573.56
5030680,235000.0,2.125,180,Refinancing,2021-09-08,97.45,98.3875,Golden Sachs,11750.000000000011,Whole Loan Sale,98.3875,17742.500000000004,0.0,-3789.37,-15539.38
5030763,495000.0,2.125,180,Refinancing,2021-09-16,100.93,101.33625,Golden Sachs,24750.000000000022,Whole Loan Sale,101.33625,20146.499999999978,0.0,6614.44,-18135.56
5030816,345000.0,2.99,360,Refinancing,2021-09-06,104.17,103.2325,Golden Sachs,17250.000000000015,Securitization (UMBS),104.17,2863.499999999991,0.0,14386.5,-2863.5
5030970,165000.0,3.375,360,Cash-out refinance,2021-09-07,104.61,103.64125,Golden Sachs,8250.000000000007,Securitization (UMBS),104.61,643.5000000000027,0.0,7606.5,-643.5
5030997,415000.0,3.19,360,Home purchase,2021-09-10,103.19,0.0,Golden Sachs,20750.00000000002,Securitization (UMBS),103.19,7511.500000000002,0.0,13238.5,-7511.5
5031060,205000.0,2.99,360,Refinancing,2021-09-11,104.17,104.51375,Storgan Manley,10250.00000000001,Whole Loan Sale,104.51375,1701.4999999999945,0.0,9253.19,-996.81
5031128,115000.0,2.75,180,Refinancing,2021-09-17,104.17,104.70125,Storgan Manley,5750.0000000000055,Whole Loan Sale,104.70125,954.4999999999973,0.0,5406.44,-343.56
5031348,145000.0,3.25,360,Cash-out refinance,2021-09-03,105.0,104.5625,Golden Sachs,7250.000000000006,Securitization (UMBS),105.0,0.0,0.0,7250.0,-0.0
5031467,125000.0,2.75,180,Cash-out refinance,2021-09-06,104.17,105.76375,Golden Sachs,6250.0000000000055,Whole Loan Sale,105.76375,1037.4999999999964,0.0,7204.69,954.69
5031586,125000.0,2.99,180,Other,2021-09-08,104.17,105.1075,Golden Sachs,6250.0000000000055,Whole Loan Sale,105.1075,1037.4999999999964,0.0,6384.38,134.37
5031641,375000.0,2.875,360,Home purchase,2021-09-08,103.19,103.44,Golden Sachs,18750.00000000002,Whole Loan Sale,103.44,6787.500000000004,0.0,12900.0,-5850.0
5031692,185000.0,2.99,360,Cash-out refinance,2021-09-08,103.19,102.2525,Golden Sachs,9250.00000000001,Securitization (UMBS),103.19,3348.500000000002,0.0,5901.5,-3348.5
5031693,415000.0,2.125,180,Refinancing,2021-09-09,97.45,96.10625,Storgan Manley,20750.00000000002,Securitization (UMBS),97.45,31332.500000000007,0.0,-10582.5,-31332.5
5031725,445000.0,2.5,360,Cash-out refinance,2021-09-13,99.88,99.63,Bank of Americans,22250.00000000002,Securitization (UMBS),99.88,22784.00000000006,0.0,-534.0,-22784.0
5031749,615000.0,2.75,360,Refinancing,2021-09-14,104.17,105.1075,Golden Sachs,30750.00000000003,Whole Loan Sale,105.1075,5104.499999999985,0.0,31411.13,661.12
5031885,75000.0,2.75,180,Refinancing,2021-09-16,104.17,104.42,Golden Sachs,3750.000000000003,Whole Loan Sale,104.42,622.4999999999977,0.0,3315.0,-435.0
5031957,305000.0,2.375,180,Refinancing,2021-09-16,99.88,99.3175,Golden Sachs,15250.000000000013,Securitization (UMBS),99.88,15616.00000000004,0.0,-366.0,-15616.0
5031984,125000.0,1.99,120,Cash-out refinance,2021-08-07,100.93,101.8675,Golden Sachs,6250.0000000000055,Whole Loan Sale,101.8675,5087.4999999999945,0.0,2334.38,-3915.62
5032121,755000.0,3.375,360,Home purchase,2021-08-27,104.61,0.0,Golden Sachs,37750.00000000004,Securitization (UMBS),104.61,2944.5000000000146,0.0,34805.5,-2944.5
5032138,185000.0,2.99,360,Cash-out refinance,2021-08-31,103.19,102.34625,Storgan Manley,9250.00000000001,Securitization (UMBS),103.19,3348.500000000002,0.0,5901.5,-3348.5
5032149,345000.0,2.75,360,Refinancing,2021-09-08,103.19,104.1275,Golden Sachs,17250.000000000015,Whole Loan Sale,104.1275,6244.500000000002,0.0,14239.87,-3010.13
5032207,295000.0,3.75,360,Cash-out refinance,2021-09-08,106.41,106.87875,PJ Logan,14750.000000000013,Whole Loan Sale,106.87875,-4159.500000000002,0.0,20292.31,5542.31
5032301,505000.0,2.125,180,Refinancing,2021-09-09,100.93,101.39875,PJ Logan,25250.000000000022,Whole Loan Sale,101.39875,20553.499999999978,0.0,7063.69,-18186.31
5032311,295000.0,3.25,360,Cash-out refinance,2021-09-10,105.0,106.5,PJ Logan,14750.000000000013,Whole Loan Sale,106.5,0.0,0.0,19175.0,4425.0
5032336,395000.0,3.19,360,Cash-out refinance,2021-09-10,104.17,105.1075,Golden Sachs,19750.00000000002,Whole Loan Sale,105.1075,3278.499999999989,0.0,20174.63,424.62
5032351,105000.0,3.25,240,Home improvement,2021-09-13,104.61,103.64125,Storgan Manley,5250.000000000005,Securitization (UMBS),104.61,409.5000000000018,0.0,4840.5,-409.5
5032417,145000.0,2.99,180,Home purchase,2021-09-15,103.19,102.5025,Golden Sachs,7250.000000000006,Securitization (UMBS),103.19,2624.500000000001,0.0,4625.5,-2624.5
5032479,415000.0,2.5,180,Cash-out refinance,2021-08-03,103.03,103.9675,Golden Sachs,20750.00000000002,Whole Loan Sale,103.9675,8175.50000000002,0.0,16465.13,-4284.88
5032509,95000.0,2.5,180,Cash-out refinance,2021-08-28,99.88,100.34875,PJ Logan,4750.000000000005,Whole Loan Sale,100.34875,4864.000000000013,0.0,331.31,-4418.69
5032525,205000.0,2.75,240,Refinancing,2021-09-01,104.17,105.76375,Golden Sachs,10250.00000000001,Whole Loan Sale,105.76375,1701.4999999999945,0.0,11815.69,1565.69
5032546,115000.0,2.75,180,Cash-out refinance,2021-09-02,103.19,104.22125,Storgan Manley,5750.0000000000055,Whole Loan Sale,104.22125,2081.500000000001,0.0,4854.44,-895.56
5032564,235000.0,2.875,360,Home purchase,2021-09-04,104.17,102.57625,Storgan Manley,11750.000000000011,Securitization (UMBS),104.17,1950.4999999999945,0.0,9799.5,-1950.5
5032568,255000.0,2.75,360,Cash-out refinance,2021-09-07,104.17,103.6075,Golden Sachs,12750.000000000011,Securitization (UMBS),104.17,2116.4999999999927,0.0,10633.5,-2116.5
5032570,175000.0,2.875,108,Cash-out refinance,2021-08-23,103.19,0.0,Golden Sachs,8750.000000000007,Securitization (UMBS),103.19,3167.5,0.0,5582.5,-3167.5
5032590,145000.0,2.5,180,Cash-out refinance,2021-08-27,99.88,99.53625,Storgan Manley,7250.000000000006,Securitization (UMBS),99.88,7424.000000000019,0.0,-174.0,-7424.0
5032719,305000.0,3.375,360,Other,2021-09-02,104.61,106.20375,Golden Sachs,15250.000000000013,Whole Loan Sale,106.20375,1189.5000000000036,0.0,18921.44,3671.44
5032771,495000.0,2.875,360,Refinancing,2021-09-03,104.17,103.82625,Storgan Manley,24750.000000000022,Securitization (UMBS),104.17,4108.499999999985,0.0,20641.5,-4108.5
5032783,205000.0,2.75,180,Other,2021-09-06,103.19,102.2525,Golden Sachs,10250.00000000001,Securitization (UMBS),103.19,3710.500000000001,0.0,6539.5,-3710.5
5032837,135000.0,2.625,240,Refinancing,2021-09-09,99.88,99.28625,Storgan Manley,6750.000000000006,Securitization (UMBS),99.88,6912.000000000018,0.0,-162.0,-6912.0
5032844,145000.0,3.25,360,Home purchase,2021-09-14,104.61,0.0,Golden Sachs,7250.000000000006,Securitization (UMBS),104.61,565.5000000000018,0.0,6684.5,-565.5
5032853,305000.0,2.75,360,Refinancing,2021-09-16,104.17,105.1075,Golden Sachs,15250.000000000013,Whole Loan Sale,105.1075,2531.499999999991,0.0,15577.88,327.87
5032873,495000.0,2.99,360,Cash-out refinance,2021-09-17,104.17,105.20125,Storgan Manley,24750.000000000022,Whole Loan Sale,105.20125,4108.499999999985,0.0,25746.19,996.19
5032935,145000.0,2.875,360,Home purchase,2021-09-17,103.19,102.2525,Golden Sachs,7250.000000000006,Securitization (UMBS),103.19,2624.500000000001,0.0,4625.5,-2624.5
5033147,405000.0,2.99,360,Cash-out refinance,2021-08-04,103.19,104.315,PJ Logan,20250.00000000002,Whole Loan Sale,104.315,7330.500000000002,0.0,17475.75,-2774.25
5033263,375000.0,1.99,180,Refinancing,2021-09-02,100.93,101.83625,Golden Sachs,18750.00000000002,Whole Loan Sale,101.83625,15262.499999999985,0.0,6885.94,-11864.06
5033273,445000.0,3.19,360,Cash-out refinance,2021-09-04,103.19,103.59625,PJ Logan,22250.00000000002,Whole Loan Sale,103.59625,8054.5,0.0,16003.31,-6246.69
5033357,65000.0,3.5,360,Refinancing,2021-09-17,105.0,104.53125,Storgan Manley,3250.0000000000027,Securitization (UMBS),105.0,0.0,0.0,3250.0,-0.0
5033386,285000.0,2.99,360,Refinancing,2021-08-05,103.19,102.6275,Golden Sachs,14250.000000000013,Securitization (UMBS),103.19,5158.500000000002,0.0,9091.5,-5158.5
5033410,145000.0,2.75,288,Refinancing,2021-08-23,104.17,105.20125,Storgan Manley,7250.000000000006,Whole Loan Sale,105.20125,1203.4999999999964,0.0,7541.81,291.81
5033461,425000.0,3.25,360,Cash-out refinance,2021-09-06,105.0,105.875,Golden Sachs,21250.00000000002,Whole Loan Sale,105.875,0.0,0.0,24968.75,3718.75
5033485,165000.0,3.375,360,Cash-out refinance,2021-09-06,104.61,104.0475,Golden Sachs,8250.000000000007,Securitization (UMBS),104.61,643.5000000000027,0.0,7606.5,-643.5
5033523,195000.0,2.875,240,Refinancing,2021-09-11,103.19,102.1275,Golden Sachs,9750.00000000001,Securitization (UMBS),103.19,3529.500000000002,0.0,6220.5,-3529.5
5033582,195000.0,3.25,360,Cash-out refinance,2021-09-14,104.61,103.4225,Golden Sachs,9750.00000000001,Securitization (UMBS),104.61,760.5000000000036,0.0,8989.5,-760.5
5033595,65000.0,2.625,180,Refinancing,2021-09-16,103.03,104.06125,Storgan Manley,3250.0000000000027,Whole Loan Sale,104.06125,1280.5000000000032,0.0,2639.81,-610.19
5033645,605000.0,3.375,360,Cash-out refinance,2021-08-28,105.0,0.0,Golden Sachs,30250.000000000025,Securitization (UMBS),105.0,0.0,0.0,30250.0,-0.0
5033670,315000.0,2.94,360,Refinancing,2021-09-14,103.19,104.065,Golden Sachs,15750.000000000015,Whole Loan Sale,104.065,5701.500000000002,0.0,12804.75,-2945.25
5033690,175000.0,3.25,360,Home purchase,2021-09-03,105.0,104.90625,Golden Sachs,8750.000000000007,Securitization (UMBS),105.0,0.0,0.0,8750.0,-0.0
5033693,395000.0,2.99,360,Cash-out refinance,2021-09-07,104.17,103.545,Golden Sachs,19750.00000000002,Securitization (UMBS),104.17,3278.499999999989,0.0,16471.5,-3278.5
5033746,155000.0,2.875,360,Refinancing,2021-09-07,104.17,0.0,Golden Sachs,7750.000000000007,Securitization (UMBS),104.17,1286.4999999999964,0.0,6463.5,-1286.5
5033824,155000.0,2.875,240,Cash-out refinance,2021-09-10,103.19,103.44,Bank of Americans,7750.000000000007,Whole Loan Sale,103.44,2805.500000000001,0.0,5332.0,-2418.0
5033931,195000.0,3.25,360,Home purchase,2021-09-14,104.61,103.76625,Storgan Manley,9750.00000000001,Securitization (UMBS),104.61,760.5000000000036,0.0,8989.5,-760.5
5033950,225000.0,2.99,360,Refinancing,2021-08-28,103.19,103.72125,Storgan Manley,11250.00000000001,Whole Loan Sale,103.72125,4072.5,0.0,8372.81,-2877.19
5034014,225000.0,3.25,360,Refinancing,2021-08-30,105.0,0.0,Golden Sachs,11250.00000000001,Securitization (UMBS),105.0,0.0,0.0,11250.0,-0.0
5034158,585000.0,2.75,360,Refinancing,2021-09-15,104.17,0.0,Golden Sachs,29250.000000000025,Securitization (UMBS),104.17,4855.499999999985,0.0,24394.5,-4855.5
5034183,265000.0,2.75,360,Cash-out refinance,2021-08-26,104.17,106.3575,Golden Sachs,13250.000000000011,Whole Loan Sale,106.3575,2199.4999999999927,0.0,16847.38,3597.37
5034281,455000.0,2.5,180,Cash-out refinance,2021-09-01,103.03,103.28,Golden Sachs,22750.000000000022,Whole Loan Sale,103.28,8963.500000000025,0.0,14924.0,-7826.0
5034324,155000.0,2.875,360,Refinancing,2021-09-03,103.19,102.065,Golden Sachs,7750.000000000007,Securitization (UMBS),103.19,2805.500000000001,0.0,4944.5,-2805.5
5034433,85000.0,3.375,360,Cash-out refinance,2021-09-10,105.0,105.40625,PJ Logan,4250.000000000004,Whole Loan Sale,105.40625,0.0,0.0,4595.31,345.31
5034509,405000.0,2.5,240,Home purchase,2021-09-13,99.88,0.0,Golden Sachs,20250.00000000002,Securitization (UMBS),99.88,20736.000000000055,0.0,-486.0,-20736.0
5034594,365000.0,2.375,240,Cash-out refinance,2021-09-15,103.03,0.0,Golden Sachs,18250.000000000015,Securitization (UMBS),103.03,7190.500000000016,0.0,11059.5,-7190.5
5034610,675000.0,2.875,360,Refinancing,2021-09-16,104.17,105.20125,Storgan Manley,33750.00000000003,Whole Loan Sale,105.20125,5602.499999999982,0.0,35108.44,1358.44
5034654,205000.0,1.99,360,Cash-out refinance,2021-08-24,97.45,99.04375,Golden Sachs,10250.00000000001,Whole Loan Sale,99.04375,15477.500000000004,0.0,-1960.31,-12210.31
5034759,195000.0,3.5,360,Cash-out refinance,2021-09-07,105.0,104.03125,Golden Sachs,9750.00000000001,Securitization (UMBS),105.0,0.0,0.0,9750.0,-0.0
5034829,405000.0,2.875,360,Cash-out refinance,2021-09-15,103.19,104.22125,Storgan Manley,20250.00000000002,Whole Loan Sale,104.22125,7330.500000000002,0.0,17096.06,-3153.94
5034867,395000.0,2.75,360,Cash-out refinance,2021-08-26,103.19,102.065,Golden Sachs,19750.00000000002,Securitization (UMBS),103.19,7149.500000000002,0.0,12600.5,-7149.5
5034918,725000.0,3.44,360,Cash-out refinance,2021-09-04,105.0,104.75,Golden Sachs,36250.00000000003,Securitization (UMBS),105.0,0.0,0.0,36250.0,-0.0
5034988,375000.0,2.375,180,Cash-out refinance,2021-09-17,99.88,99.91125,Golden Sachs,18750.00000000002,Whole Loan Sale,99.91125,19200.00000000005,0.0,-332.81,-19082.81
5035014,405000.0,2.625,360,Cash-out refinance,2021-09-08,99.88,100.47375,Golden Sachs,20250.00000000002,Whole Loan Sale,100.47375,20736.000000000055,0.0,1918.69,-18331.31
5035043,235000.0,3.125,360,Home purchase,2021-09-03,103.19,102.72125,Storgan Manley,11750.000000000011,Securitization (UMBS),103.19,4253.500000000002,0.0,7496.5,-4253.5
5035104,125000.0,2.875,360,Refinancing,2021-09-08,103.19,0.0,Golden Sachs,6250.0000000000055,Securitization (UMBS),103.19,2262.5000000000005,0.0,3987.5,-2262.5
5035106,215000.0,3.375,360,Refinancing,2021-09-15,105.0,105.1875,Golden Sachs,10750.00000000001,Whole Loan Sale,105.1875,0.0,0.0,11153.13,403.12
5035174,215000.0,2.25,240,Refinancing,2021-09-03,103.03,102.5925,Golden Sachs,10750.00000000001,Securitization (UMBS),103.03,4235.500000000011,0.0,6514.5,-4235.5
5035201,255000.0,2.625,180,Cash-out refinance,2021-09-04,99.88,100.13,Golden Sachs,12750.000000000011,Whole Loan Sale,100.13,13056.000000000035,0.0,331.5,-12418.5
5035203,505000.0,2.99,360,Refinancing,2021-09-13,103.19,0.0,Golden Sachs,25250.000000000022,Securitization (UMBS),103.19,9140.500000000002,0.0,16109.5,-9140.5
5035240,415000.0,2.99,360,Home purchase,2021-09-16,103.19,103.315,Bank of Americans,20750.00000000002,Whole Loan Sale,103.315,7511.500000000002,0.0,13757.25,-6992.75
5035270,245000.0,2.875,360,Refinancing,2021-09-17,103.19,102.34625,Storgan Manley,12250.000000000011,Securitization (UMBS),103.19,4434.500000000001,0.0,7815.5,-4434.5
5035306,535000.0,2.625,168,Cash-out refinance,2021-08-27,99.88,98.9425,Golden Sachs,26750.000000000025,Securitization (UMBS),99.88,27392.000000000073,0.0,-642.0,-27392.0
5035352,125000.0,3.25,360,Cash-out refinance,2021-09-01,105.0,0.0,Golden Sachs,6250.0000000000055,Securitization (UMBS),105.0,0.0,0.0,6250.0,-0.0
5035358,165000.0,2.875,324,Refinancing,2021-09-06,103.19,103.72125,Storgan Manley,8250.000000000007,Whole Loan Sale,103.72125,2986.500000000001,0.0,6140.06,-2109.94
5035482,125000.0,3.25,180,Refinancing,2021-09-08,105.0,105.53125,Storgan Manley,6250.0000000000055,Whole Loan Sale,105.53125,0.0,0.0,6914.06,664.06
5035548,125000.0,3.625,360,Home purchase,2021-09-13,104.61,103.485,Golden Sachs,6250.0000000000055,Securitization (UMBS),104.61,487.5000000000018,0.0,5762.5,-487.5
5035625,315000.0,2.99,360,Cash-out refinance,2021-09-15,104.17,0.0,Golden Sachs,15750.000000000015,Securitization (UMBS),104.17,2614.4999999999927,0.0,13135.5,-2614.5
5035640,795000.0,2.75,360,Refinancing,2021-09-14,103.19,102.34625,Storgan Manley,39750.00000000004,Securitization (UMBS),103.19,14389.500000000004,0.0,25360.5,-14389.5
5035662,115000.0,2.25,120,Cash-out refinance,2021-08-25,103.03,102.06125,Storgan Manley,5750.0000000000055,Securitization (UMBS),103.03,2265.5000000000064,0.0,3484.5,-2265.5
5035698,85000.0,2.75,180,Refinancing,2021-09-07,104.17,104.42,Golden Sachs,4250.000000000004,Whole Loan Sale,104.42,705.4999999999977,0.0,3757.0,-493.0
5035868,255000.0,2.25,180,Refinancing,2021-08-25,99.88,98.755,Golden Sachs,12750.000000000011,Securitization (UMBS),99.88,13056.000000000035,0.0,-306.0,-13056.0
5035978,335000.0,2.25,180,Cash-out refinance,2021-09-01,103.03,102.56125,Storgan Manley,16750.000000000015,Securitization (UMBS),103.03,6599.500000000016,0.0,10150.5,-6599.5
5036002,75000.0,3.5,360,Refinancing,2021-09-03,104.61,0.0,Golden Sachs,3750.000000000003,Securitization (UMBS),104.61,292.5000000000009,0.0,3457.5,-292.5
5036003,505000.0,2.875,360,Home purchase,2021-09-07,103.19,104.09625,Golden Sachs,25250.000000000022,Whole Loan Sale,104.09625,9140.500000000002,0.0,20686.06,-4563.94
5036053,205000.0,3.625,360,Cash-out refinance,2021-09-07,104.61,105.14125,Storgan Manley,10250.00000000001,Whole Loan Sale,105.14125,799.5000000000036,0.0,10539.56,289.56
5036097,265000.0,1.99,180,Cash-out refinance,2021-09-04,97.45,97.575,Golden Sachs,13250.000000000011,Whole Loan Sale,97.575,20007.5,0.0,-6426.25,-19676.25
5036099,365000.0,2.94,360,Cash-out refinance,2021-09-08,103.19,103.59625,PJ Logan,18250.000000000015,Whole Loan Sale,103.59625,6606.5,0.0,13126.31,-5123.69
5036117,245000.0,2.99,360,Cash-out refinance,2021-09-10,103.19,0.0,Golden Sachs,12250.000000000011,Securitization (UMBS),103.19,4434.500000000001,0.0,7815.5,-4434.5
5036141,235000.0,2.75,360,Refinancing,2021-09-14,103.19,0.0,Golden Sachs,11750.000000000011,Securitization (UMBS),103.19,4253.500000000002,0.0,7496.5,-4253.5
5036184,465000.0,2.5,360,Refinancing,2021-09-16,99.88,0.0,Golden Sachs,23250.000000000022,Securitization (UMBS),99.88,23808.000000000065,0.0,-558.0,-23808.0
5036230,125000.0,3.375,360,Home purchase,2021-09-04,105.0,105.53125,Storgan Manley,6250.0000000000055,Whole Loan Sale,105.53125,0.0,0.0,6914.06,664.06
5036236,215000.0,2.5,180,Refinancing,2021-09-10,99.88,0.0,Golden Sachs,10750.00000000001,Securitization (UMBS),99.88,11008.00000000003,0.0,-258.0,-11008.0
5036255,175000.0,2.99,360,Cash-out refinance,2021-09-17,104.17,104.57625,PJ Logan,8750.000000000007,Whole Loan Sale,104.57625,1452.4999999999945,0.0,8008.44,-741.56
5036339,155000.0,2.99,360,Cash-out refinance,2021-09-01,104.17,105.76375,Golden Sachs,7750.000000000007,Whole Loan Sale,105.76375,1286.4999999999964,0.0,8933.81,1183.81
5036368,175000.0,2.625,360,Refinancing,2021-09-02,103.03,102.4675,Golden Sachs,8750.000000000007,Securitization (UMBS),103.03,3447.500000000008,0.0,5302.5,-3447.5
5036385,275000.0,2.875,360,Home purchase,2021-09-15,103.19,0.0,Golden Sachs,13750.000000000013,Securitization (UMBS),103.19,4977.500000000002,0.0,8772.5,-4977.5
5036413,445000.0,2.99,360,Refinancing,2021-09-02,103.19,104.22125,Storgan Manley,22250.00000000002,Whole Loan Sale,104.22125,8054.5,0.0,18784.56,-3465.44
5036544,225000.0,2.69,360,Refinancing,2021-09-08,99.88,100.8175,Golden Sachs,11250.00000000001,Whole Loan Sale,100.8175,11520.00000000003,0.0,1839.37,-9410.63
5036639,135000.0,3.375,360,Refinancing,2021-08-28,104.61,105.64125,Storgan Manley,6750.000000000006,Whole Loan Sale,105.64125,526.5000000000027,0.0,7615.69,865.69
5036726,105000.0,3.125,360,Refinancing,2021-09-08,103.19,104.22125,Storgan Manley,5250.000000000005,Whole Loan Sale,104.22125,1900.5000000000005,0.0,4432.31,-817.69
5036731,195000.0,2.99,240,Refinancing,2021-09-07,103.19,102.7525,Golden Sachs,9750.00000000001,Securitization (UMBS),103.19,3529.500000000002,0.0,6220.5,-3529.5
5036752,225000.0,3.44,360,Home purchase,2021-09-03,105.0,106.125,PJ Logan,11250.00000000001,Whole Loan Sale,106.125,0.0,0.0,13781.25,2531.25
5036774,325000.0,2.875,360,Refinancing,2021-09-13,104.17,105.20125,Storgan Manley,16250.000000000015,Whole Loan Sale,105.20125,2697.499999999991,0.0,16904.06,654.06
5036917,385000.0,2.99,360,Cash-out refinance,2021-09-08,103.19,104.1275,Golden Sachs,19250.00000000002,Whole Loan Sale,104.1275,6968.500000000004,0.0,15890.87,-3359.13
5036921,85000.0,3.75,360,Cash-out refinance,2021-09-17,105.77,106.80125,Storgan Manley,4250.000000000004,Whole Loan Sale,106.80125,-654.4999999999845,0.0,5781.06,1531.06
5037010,335000.0,2.875,360,Refinancing,2021-09-17,104.17,104.295,PJ Logan,16750.000000000015,Whole Loan Sale,104.295,2780.499999999991,0.0,14388.25,-2361.75
5037033,585000.0,2.875,360,Home purchase,2021-09-13,104.17,105.76375,Golden Sachs,29250.000000000025,Whole Loan Sale,105.76375,4855.499999999985,0.0,33717.94,4467.94
5037037,165000.0,3.19,360,Cash-out refinance,2021-09-02,103.19,0.0,Golden Sachs,8250.000000000007,Securitization (UMBS),103.19,2986.500000000001,0.0,5263.5,-2986.5
5037166,135000.0,2.99,240,Cash-out refinance,2021-09-04,103.19,102.1275,Golden Sachs,6750.000000000006,Securitization (UMBS),103.19,2443.500000000001,0.0,4306.5,-2443.5
5037185,125000.0,2.75,120,Cash-out refinance,2021-09-06,104.17,105.76375,Golden Sachs,6250.0000000000055,Whole Loan Sale,105.76375,1037.4999999999964,0.0,7204.69,954.69
5037249,125000.0,2.875,360,Home purchase,2021-09-17,103.19,102.565,Golden Sachs,6250.0000000000055,Securitization (UMBS),103.19,2262.5000000000005,0.0,3987.5,-2262.5
5037265,205000.0,2.5,180,Refinancing,2021-09-17,99.88,0.0,Golden Sachs,10250.00000000001,Securitization (UMBS),99.88,10496.000000000027,0.0,-246.0,-10496.0
5037439,765000.0,2.5,360,Refinancing,2021-08-30,103.03,102.655,Bank of Americans,38250.00000000004,Securitization (UMBS),103.03,15070.50000000004,0.0,23179.5,-15070.5
5037440,515000.0,2.75,360,Home purchase,2021-09-14,104.17,103.82625,Storgan Manley,25750.000000000022,Securitization (UMBS),104.17,4274.499999999985,0.0,21475.5,-4274.5
5037498,175000.0,2.99,360,Cash-out refinance,2021-09-08,103.19,0.0,Golden Sachs,8750.000000000007,Securitization (UMBS),103.19,3167.5,0.0,5582.5,-3167.5
5037550,215000.0,2.25,240,Refinancing,2021-09-03,99.88,100.8175,Golden Sachs,10750.00000000001,Whole Loan Sale,100.8175,11008.00000000003,0.0,1757.62,-8992.38
