loan_id,closing_date,file_in_audit,file_audit_complete,file_sent_to_custodian,file_at_custodian
5023130,2021-04-01,2021-04-05 19:36:02.972,,,
5031773,2021-05-06,2021-05-10 09:07:39.400,2021-05-13 04:58:02.148,2021-05-14 04:58:02.148,
5035386,2021-05-12,2021-05-14 16:07:05.664,,,
5029192,2021-06-12,,,,
5037272,2021-06-23,2021-06-28 09:37:23.762,,,
5036674,2021-06-26,2021-06-29 23:56:11.917,,,
5033335,2021-06-28,,,,
5030138,2021-07-05,2021-07-09 01:57:35.283,,,
5033452,2021-07-07,2021-07-12 16:52:59.122,2021-07-14 16:52:59.122,2021-07-15 16:52:59.122,
5035109,2021-07-15,2021-07-19 00:00:00.000,,,
5023992,2021-07-15,,,,
5036358,2021-07-19,2021-07-23 00:51:18.294,,,
5022494,2021-07-20,2021-07-22 00:00:00.000,,,
5032643,2021-07-23,2021-07-27 17:32:31.036,,,
5030776,2021-07-26,2021-07-28 00:00:00.000,2021-08-02 21:44:51.381,2021-08-04 13:30:14.398,2021-09-17 00:00:00.000
5035229,2021-07-30,2021-08-04 17:22:40.110,2021-08-06 20:46:46.222,2021-08-09 03:31:08.914,
5031803,2021-08-02,2021-08-04 00:00:00.000,2021-08-06 02:18:55.483,2021-08-09 02:18:55.483,2021-09-13 00:00:00.000
5036400,2021-08-02,2021-08-04 00:00:00.000,2021-08-06 08:31:55.489,2021-08-09 21:38:09.161,
5037304,2021-08-02,2021-08-05 04:13:31.490,2021-08-09 04:13:31.490,2021-08-09 16:18:53.930,2021-09-17 00:00:00.000
5036637,2021-08-02,2021-08-06 22:07:06.041,2021-08-09 22:07:06.041,2021-08-09 22:07:06.041,
5027970,2021-08-02,,,,
5030953,2021-08-02,,,,
5032479,2021-08-03,2021-08-09 09:42:43.102,2021-08-09 09:42:43.102,2021-08-11 19:03:05.549,2021-09-15 00:00:00.000
5021444,2021-08-03,2021-08-10 07:41:05.660,2021-08-16 17:53:02.049,2021-08-16 17:53:02.049,2021-09-15 00:00:00.000
5032100,2021-08-03,2021-08-12 14:36:39.581,,,
5033147,2021-08-04,2021-08-09 02:00:29.312,2021-08-09 14:30:46.622,2021-08-10 14:30:46.622,
5033386,2021-08-05,2021-08-09 07:20:48.976,2021-08-12 01:38:25.288,2021-08-13 01:38:25.288,
5024865,2021-08-05,2021-08-09 13:43:51.188,2021-08-13 02:47:06.594,,
5032821,2021-08-05,2021-08-10 07:20:35.862,,,
5023503,2021-08-06,2021-08-09 00:00:00.000,2021-08-10 00:00:00.000,2021-08-11 00:00:00.000,
5031133,2021-08-06,2021-08-09 00:00:00.000,2021-08-10 00:00:00.000,,
5025627,2021-08-06,2021-08-09 06:34:56.461,2021-08-11 16:55:48.658,2021-08-12 16:55:48.658,
5031984,2021-08-07,2021-08-10 10:36:56.083,2021-08-12 10:36:56.083,2021-08-13 10:36:56.083,
5033493,2021-08-07,,,,
5027215,2021-08-09,2021-08-12 09:33:57.163,2021-08-16 09:33:57.163,2021-08-16 09:33:57.163,
5029274,2021-08-09,2021-08-16 11:55:13.451,2021-08-18 12:30:32.072,2021-08-19 15:39:26.203,
5033955,2021-08-09,,,,
5022994,2021-08-09,,,,
5029130,2021-08-10,2021-08-12 00:00:00.000,2021-08-16 00:00:00.000,2021-08-16 01:36:17.898,
5024017,2021-08-10,2021-08-13 22:19:01.043,,,
5031607,2021-08-10,2021-08-16 10:48:41.389,,,
5027860,2021-08-10,,,,
5021946,2021-08-10,,,,
5029136,2021-08-10,,,,
5024078,2021-08-10,,,,
5029190,2021-08-10,,,,
5023396,2021-08-11,2021-08-16 03:21:56.620,,,
5032179,2021-08-11,2021-08-16 06:15:34.057,,,
5026163,2021-08-11,2021-08-16 06:36:24.815,,,
5029208,2021-08-11,2021-08-16 14:49:35.347,,,
5022847,2021-08-12,2021-08-16 10:10:53.792,,,
5035465,2021-08-12,2021-08-18 01:25:18.605,,,
5031807,2021-08-12,2021-08-18 05:32:40.163,,,
5022340,2021-08-12,2021-08-18 21:23:48.894,,,
5026687,2021-08-13,2021-08-16 00:00:00.000,,,
5022892,2021-08-14,2021-08-16 00:00:00.000,2021-08-19 22:35:49.292,,
5033024,2021-08-14,2021-08-16 16:39:55.222,2021-08-18 16:39:55.222,,
5023771,2021-08-14,2021-08-18 02:40:34.861,,,
5027998,2021-08-14,2021-08-18 06:03:53.591,,,
5031172,2021-08-14,2021-08-23 20:39:56.168,2021-08-24 20:39:56.168,2021-08-25 23:59:02.500,2021-08-27 23:59:02.500
5035901,2021-08-14,,,,
5037320,2021-08-16,2021-08-18 23:20:01.398,2021-08-20 23:20:01.398,2021-08-23 23:20:01.398,2021-08-25 23:20:01.398
5033963,2021-08-16,2021-08-20 02:38:08.962,2021-08-24 03:08:30.712,2021-08-25 10:31:12.367,2021-08-27 10:31:12.367
5026112,2021-08-16,2021-08-20 21:18:38.553,2021-08-23 21:18:38.553,2021-08-23 21:18:38.553,2021-08-25 21:18:38.553
5035362,2021-08-17,2021-08-20 07:39:24.590,2021-08-23 07:39:24.590,2021-08-23 07:39:24.590,2021-08-25 07:39:24.590
5027284,2021-08-17,2021-08-23 03:31:19.775,2021-08-24 03:31:19.775,2021-08-26 09:11:22.518,2021-08-30 09:11:22.518
5032647,2021-08-17,2021-08-23 16:08:14.530,2021-08-24 16:08:14.530,2021-08-25 22:33:49.804,2021-08-27 22:33:49.804
5024202,2021-08-18,2021-08-20 00:00:00.000,2021-08-23 15:25:28.073,2021-08-24 15:25:28.073,2021-08-26 15:25:28.073
5026171,2021-08-18,2021-08-23 06:59:20.292,2021-08-25 06:59:20.292,2021-08-26 06:59:20.292,2021-08-30 06:59:20.292
5027918,2021-08-18,2021-08-24 00:09:11.589,2021-08-26 14:45:34.953,2021-08-27 23:20:08.570,2021-08-30 23:20:08.570
5028189,2021-08-18,2021-08-24 22:58:04.538,2021-08-27 04:16:07.353,2021-08-30 04:16:07.353,
5024320,2021-08-19,2021-08-23 00:00:00.000,2021-08-23 00:00:00.000,2021-08-24 07:47:45.884,2021-08-26 07:47:45.884
5029226,2021-08-19,,,2021-08-26 10:32:02.507,2021-08-30 10:32:02.507
5031275,2021-08-19,,,2021-08-26 17:50:36.674,2021-08-30 17:50:36.674
5031358,2021-08-19,,,2021-08-30 01:09:17.222,2021-09-01 01:09:17.222
5027081,2021-08-19,,,2021-08-30 10:39:04.837,2021-09-01 10:39:04.837
5029205,2021-08-20,2021-08-23 05:05:25.987,2021-08-27 19:19:53.772,2021-08-30 19:19:53.772,2021-09-01 19:19:53.772
5035414,2021-08-20,2021-08-23 16:09:41.744,2021-08-24 16:09:41.744,2021-08-26 00:56:07.322,2021-08-30 00:56:07.322
5035888,2021-08-20,2021-08-23 23:00:22.224,2021-08-26 18:28:47.929,2021-08-27 18:28:47.929,2021-08-30 18:28:47.929
5028763,2021-08-20,2021-08-24 12:31:08.939,2021-08-27 12:05:59.629,,
5029833,2021-08-20,2021-08-24 23:53:34.904,2021-08-30 03:30:36.936,2021-08-31 05:02:24.053,2021-09-02 05:02:24.053
5029802,2021-08-20,2021-08-25 02:16:17.981,2021-08-30 06:10:22.889,2021-08-30 06:10:22.889,2021-09-01 06:10:22.889
5033179,2021-08-20,2021-08-25 21:12:39.742,2021-08-27 21:12:39.742,2021-08-30 21:12:39.742,2021-09-01 21:12:39.742
5028018,2021-08-20,,,2021-08-25 03:01:37.396,2021-08-27 03:01:37.396
5022229,2021-08-21,2021-08-23 00:00:00.000,2021-08-25 00:00:00.000,2021-08-26 04:01:06.503,2021-08-30 04:01:06.503
5033371,2021-08-21,2021-08-23 06:18:05.500,2021-08-25 20:19:04.666,2021-08-27 18:29:21.293,2021-08-30 18:29:21.293
5023387,2021-08-21,2021-08-23 22:04:36.267,2021-08-27 11:20:03.649,2021-08-30 11:20:03.649,2021-09-01 11:20:03.649
5026325,2021-08-21,2021-08-23 23:31:34.687,2021-08-31 07:05:53.719,2021-09-02 01:08:11.410,2021-09-06 01:08:11.410
5035918,2021-08-21,2021-08-24 07:40:12.916,2021-08-26 15:51:59.830,2021-08-27 15:51:59.830,2021-08-30 15:51:59.830
5033563,2021-08-21,2021-08-24 20:44:09.786,2021-08-30 18:04:10.900,2021-08-31 23:14:58.235,2021-09-02 23:14:58.235
5028299,2021-08-21,2021-08-25 04:32:55.569,2021-08-27 04:32:55.569,2021-08-30 20:01:06.723,2021-09-01 20:01:06.723
5029004,2021-08-21,2021-08-25 07:44:10.252,2021-08-27 07:44:10.252,2021-08-30 01:31:19.602,2021-09-01 01:31:19.602
5030783,2021-08-21,2021-08-25 12:48:01.556,2021-08-27 12:48:01.556,2021-08-30 12:48:01.556,2021-09-01 12:48:01.556
5027260,2021-08-21,2021-08-26 00:32:00.539,2021-08-30 00:32:00.539,2021-08-30 00:32:00.539,2021-09-01 00:32:00.539
5031347,2021-08-21,2021-08-26 03:13:15.819,2021-08-30 04:08:12.617,2021-08-31 09:12:23.745,2021-09-02 09:12:23.745
5034319,2021-08-21,2021-08-27 23:08:47.391,2021-08-31 06:21:21.335,2021-09-01 06:21:21.335,2021-09-03 06:21:21.335
5021369,2021-08-21,2021-08-30 15:51:20.402,2021-08-31 15:51:20.402,2021-09-01 15:51:20.402,2021-09-03 15:51:20.402
5030682,2021-08-23,2021-08-25 00:00:00.000,2021-08-27 00:05:54.330,2021-08-30 00:05:54.330,2021-09-01 00:05:54.330
5026446,2021-08-23,2021-08-25 00:00:00.000,2021-08-27 02:10:18.788,2021-08-30 02:10:18.788,2021-09-01 02:10:18.788
5029816,2021-08-23,2021-08-25 00:00:00.000,2021-08-27 07:53:37.111,2021-08-30 07:53:37.111,2021-09-01 07:53:37.111
5023427,2021-08-23,2021-08-25 00:00:00.000,2021-08-27 17:55:15.680,2021-08-30 17:55:15.680,2021-09-01 17:55:15.680
5026316,2021-08-23,2021-08-25 00:00:00.000,2021-08-31 18:35:01.892,2021-09-01 23:48:05.324,2021-09-03 23:48:05.324
5031363,2021-08-23,2021-08-25 06:01:52.271,2021-08-27 12:55:38.204,2021-08-30 10:13:23.140,2021-09-01 10:13:23.140
5037618,2021-08-23,2021-08-25 06:42:57.939,2021-08-27 06:42:57.939,2021-08-30 11:46:06.248,2021-09-01 11:46:06.248
5037434,2021-08-23,2021-08-25 07:03:50.318,2021-08-27 07:03:50.318,2021-08-30 07:03:50.318,2021-09-01 07:03:50.318
5033410,2021-08-23,2021-08-26 05:31:42.127,2021-08-30 05:31:42.127,2021-08-30 05:31:42.127,2021-09-01 05:31:42.127
5034923,2021-08-23,2021-08-26 18:57:08.694,2021-08-30 00:17:02.114,2021-08-30 09:20:07.394,2021-09-01 09:20:07.394
5031815,2021-08-23,2021-08-26 23:27:14.140,2021-09-02 06:20:11.023,2021-09-03 20:21:27.657,2021-09-06 20:21:27.657
5021576,2021-08-23,2021-08-27 04:52:20.981,2021-08-30 20:16:47.468,2021-08-30 20:16:47.468,2021-09-01 20:16:47.468
5032570,2021-08-23,2021-08-27 13:56:33.793,2021-08-30 15:19:42.152,2021-08-31 15:19:42.152,2021-09-02 15:19:42.152
5032834,2021-08-23,2021-08-27 17:29:03.002,2021-08-31 15:36:06.854,2021-09-02 10:46:55.436,2021-09-06 10:46:55.436
5037351,2021-08-23,2021-08-27 22:46:08.307,2021-08-30 22:46:08.307,2021-08-30 22:46:08.307,2021-09-01 22:46:08.307
5026124,2021-08-23,2021-08-30 03:54:05.185,2021-08-30 04:35:38.511,2021-08-31 04:35:38.511,2021-09-02 04:35:38.511
5028975,2021-08-23,2021-08-30 07:27:17.991,2021-08-30 12:10:28.731,2021-08-31 12:10:28.731,2021-09-02 12:10:28.731
5023515,2021-08-23,2021-08-30 07:53:24.043,2021-09-01 17:32:33.075,2021-09-03 15:22:25.153,2021-09-06 15:22:25.153
5033983,2021-08-23,2021-08-30 08:19:33.120,2021-08-31 08:19:33.120,2021-09-01 08:19:33.120,2021-09-03 08:19:33.120
5031353,2021-08-23,2021-08-30 09:49:00.826,2021-08-31 17:02:22.462,2021-09-01 23:42:09.360,2021-09-03 23:42:09.360
5033259,2021-08-23,2021-08-30 10:31:54.577,2021-09-03 12:55:48.692,2021-09-06 12:55:48.692,2021-09-08 12:55:48.692
5027121,2021-08-23,2021-08-30 13:15:25.786,2021-08-30 13:15:25.786,2021-08-31 13:15:25.786,2021-09-02 13:15:25.786
5026756,2021-08-23,2021-08-30 14:45:06.994,2021-08-31 14:45:06.994,2021-09-01 14:45:06.994,2021-09-03 14:45:06.994
5037532,2021-08-24,2021-08-26 00:00:00.000,2021-08-30 00:00:00.000,2021-08-30 00:00:00.000,2021-09-01 00:00:00.000
5035218,2021-08-24,2021-08-26 00:00:00.000,2021-08-30 00:00:00.000,2021-08-30 00:00:00.000,2021-09-01 00:00:00.000
5027995,2021-08-24,2021-08-26 00:00:00.000,2021-08-30 00:00:00.000,2021-08-30 00:00:00.000,2021-09-01 00:00:00.000
5028344,2021-08-24,2021-08-26 00:00:00.000,2021-08-30 00:00:00.000,2021-08-30 00:00:00.000,2021-09-01 00:00:00.000
5027477,2021-08-24,2021-08-26 00:00:00.000,2021-08-30 00:00:00.000,2021-08-30 00:00:00.000,2021-09-01 00:00:00.000
5031456,2021-08-24,2021-08-26 00:00:00.000,2021-08-30 00:00:00.000,2021-08-30 00:00:00.000,2021-09-01 00:00:00.000
5026459,2021-08-24,2021-08-26 00:00:00.000,2021-08-30 00:00:00.000,2021-08-30 10:11:00.887,2021-09-01 10:11:00.887
5024361,2021-08-24,2021-08-26 00:00:00.000,2021-08-30 00:00:00.000,2021-08-30 11:19:19.415,2021-09-01 11:19:19.415
5032681,2021-08-24,2021-08-26 00:00:00.000,2021-08-30 00:00:00.000,2021-08-30 19:10:14.563,2021-09-01 19:10:14.563
5037540,2021-08-24,2021-08-26 00:00:00.000,2021-08-30 00:00:00.000,2021-08-30 22:19:51.854,2021-09-01 22:19:51.854
5023419,2021-08-24,2021-08-26 00:00:00.000,2021-08-30 00:07:18.993,2021-09-01 14:03:01.149,2021-09-03 14:03:01.149
5021912,2021-08-24,2021-08-26 00:00:00.000,2021-08-30 08:23:29.999,2021-08-31 21:19:57.364,2021-09-02 21:19:57.364
5021597,2021-08-24,2021-08-26 00:00:00.000,2021-08-30 16:34:55.792,2021-08-31 04:46:44.036,2021-09-02 04:46:44.036
5022521,2021-08-24,2021-08-26 00:00:00.000,2021-08-30 21:51:12.177,2021-08-30 21:51:12.177,2021-09-01 21:51:12.177
5027016,2021-08-24,2021-08-26 01:43:30.866,2021-08-30 01:43:30.866,2021-08-30 01:43:30.866,2021-09-01 01:43:30.866
5028934,2021-08-24,2021-08-26 04:09:21.322,2021-08-30 14:08:27.386,2021-08-30 14:08:27.386,2021-09-01 14:08:27.386
5035153,2021-08-24,2021-08-26 04:26:40.163,2021-08-30 04:26:40.163,2021-08-30 05:32:21.227,2021-09-01 05:32:21.227
5033918,2021-08-24,2021-08-26 05:26:56.064,2021-08-30 22:16:08.135,2021-08-30 23:58:42.643,2021-09-01 23:58:42.643
5033420,2021-08-24,2021-08-26 06:34:04.821,2021-08-30 06:25:47.755,2021-08-30 11:30:53.877,2021-09-01 11:30:53.877
5027542,2021-08-24,2021-08-26 07:11:48.213,2021-08-30 20:03:28.086,2021-08-30 08:20:11.988,2021-09-01 08:20:11.988
5027322,2021-08-24,2021-08-26 07:53:26.088,2021-08-30 07:53:26.088,2021-08-30 07:53:26.088,2021-09-01 07:53:26.088
5031883,2021-08-24,2021-08-26 10:29:29.226,2021-08-31 09:17:59.764,2021-09-01 09:17:59.764,2021-09-03 09:17:59.764
5035971,2021-08-24,2021-08-26 10:35:28.032,2021-08-30 10:35:28.032,2021-08-30 04:32:43.242,2021-09-01 04:32:43.242
5033114,2021-08-24,2021-08-26 11:59:38.426,2021-08-31 22:58:34.590,2021-09-02 01:57:29.327,2021-09-06 01:57:29.327
5031894,2021-08-24,2021-08-26 12:29:59.405,2021-08-30 23:22:07.560,2021-08-31 05:25:49.807,2021-09-02 05:25:49.807
5036559,2021-08-24,2021-08-26 13:20:21.645,2021-08-30 13:20:21.645,2021-08-30 13:20:21.645,2021-09-01 13:20:21.645
5022509,2021-08-24,2021-08-26 15:36:08.506,2021-08-31 19:20:59.353,2021-09-02 15:08:06.608,2021-09-06 15:08:06.608
5024879,2021-08-24,2021-08-26 15:54:26.965,2021-08-30 15:54:26.965,2021-08-30 22:27:14.355,2021-09-01 22:27:14.355
5035024,2021-08-24,2021-08-26 16:09:53.378,2021-08-30 16:09:53.378,2021-08-30 16:09:53.378,2021-09-01 16:09:53.378
5027264,2021-08-24,2021-08-26 17:26:54.196,2021-08-30 17:26:54.196,2021-08-30 17:26:54.196,2021-09-01 17:26:54.196
5023516,2021-08-24,2021-08-26 17:36:39.718,2021-08-30 17:36:39.718,2021-08-30 04:53:09.141,2021-09-01 04:53:09.141
5024060,2021-08-24,2021-08-26 22:07:42.594,2021-08-30 23:53:39.278,2021-08-30 11:23:14.850,2021-09-01 11:23:14.850
5025189,2021-08-24,2021-08-26 22:11:55.637,2021-08-30 00:40:22.363,2021-08-30 09:44:40.853,2021-09-01 09:44:40.853
5024086,2021-08-24,2021-08-26 23:05:32.098,2021-08-30 23:05:32.098,2021-08-30 23:05:32.098,2021-09-01 23:05:32.098
5022858,2021-08-24,2021-08-27 00:35:17.745,2021-08-30 00:35:17.745,2021-08-30 00:35:17.745,2021-09-01 00:35:17.745
5028912,2021-08-24,2021-08-27 04:58:40.745,2021-08-30 04:58:40.745,2021-08-30 04:58:40.745,2021-09-01 04:58:40.745
5033160,2021-08-24,2021-08-27 05:52:15.300,2021-08-30 05:52:15.300,2021-08-30 05:52:15.300,2021-09-01 05:52:15.300
5035375,2021-08-24,2021-08-27 06:08:43.287,2021-08-30 06:08:43.287,2021-08-30 23:01:01.709,2021-09-01 23:01:01.709
5027412,2021-08-24,2021-08-27 06:38:37.165,2021-08-30 06:38:37.165,2021-08-30 06:38:37.165,2021-09-01 06:38:37.165
5033546,2021-08-24,2021-08-27 07:22:31.614,2021-09-01 15:12:23.758,2021-09-02 15:12:23.758,2021-09-06 15:12:23.758
5033495,2021-08-24,2021-08-27 07:26:44.225,2021-08-30 07:26:44.225,2021-08-30 07:26:44.225,2021-09-01 07:26:44.225
5025283,2021-08-24,2021-08-27 08:02:26.229,2021-08-30 08:02:26.229,2021-08-30 19:31:19.259,2021-09-01 19:31:19.259
5028690,2021-08-24,2021-08-27 08:05:53.926,2021-08-30 13:40:40.268,2021-08-30 13:40:40.268,2021-09-01 13:40:40.268
5037604,2021-08-24,2021-08-27 08:19:23.487,2021-08-30 08:19:23.487,2021-08-31 04:07:47.035,2021-09-02 04:07:47.035
5027140,2021-08-24,2021-08-27 08:36:40.080,2021-08-30 08:36:40.080,2021-08-30 21:44:51.149,2021-09-01 21:44:51.149
5022315,2021-08-24,2021-08-27 08:50:44.637,2021-08-30 08:50:44.637,2021-08-30 19:14:07.832,2021-09-01 19:14:07.832
5024304,2021-08-24,2021-08-27 08:58:31.193,2021-08-30 08:58:31.193,2021-08-30 08:58:31.193,2021-09-01 08:58:31.193
5032196,2021-08-24,2021-08-27 11:07:38.057,2021-08-30 11:07:38.057,2021-08-31 02:35:54.559,2021-09-02 02:35:54.559
5021519,2021-08-24,2021-08-27 11:28:59.441,2021-08-30 11:28:59.441,2021-08-30 23:12:15.387,2021-09-01 23:12:15.387
5030857,2021-08-24,2021-08-27 11:33:35.322,2021-08-30 20:18:30.797,2021-08-31 22:42:43.521,2021-09-02 22:42:43.521
5027530,2021-08-24,2021-08-27 11:53:21.836,2021-08-30 11:53:21.836,2021-08-31 04:43:41.858,2021-09-02 04:43:41.858
5023012,2021-08-24,2021-08-27 13:06:23.738,2021-08-30 13:06:23.738,2021-08-31 23:41:28.843,2021-09-02 23:41:28.843
5031366,2021-08-24,2021-08-27 13:48:28.027,2021-08-31 11:14:14.491,2021-09-01 11:14:14.491,2021-09-03 11:14:14.491
5029339,2021-08-24,2021-08-27 13:58:59.833,2021-08-30 13:58:59.833,2021-08-30 13:58:59.833,2021-09-01 13:58:59.833
5036455,2021-08-24,2021-08-27 14:13:33.641,2021-09-06 08:45:56.690,2021-09-06 08:45:56.690,2021-09-08 08:45:56.690
5037328,2021-08-24,2021-08-27 16:01:38.974,2021-08-30 16:01:38.974,2021-08-30 16:01:38.974,2021-09-01 16:01:38.974
5025647,2021-08-24,2021-08-27 16:06:39.835,2021-08-30 22:26:37.438,2021-09-01 02:44:56.648,2021-09-03 02:44:56.648
5027302,2021-08-24,2021-08-27 20:05:24.152,2021-08-30 20:05:24.152,2021-09-01 16:39:11.976,2021-09-03 16:39:11.976
5033672,2021-08-24,2021-08-27 20:49:58.825,2021-08-30 20:49:58.825,2021-08-30 20:49:58.825,2021-09-01 20:49:58.825
5023020,2021-08-24,2021-08-27 22:46:41.459,2021-08-30 21:23:35.426,2021-08-31 21:23:35.426,2021-09-02 21:23:35.426
5029950,2021-08-24,2021-08-27 23:01:18.660,2021-08-30 23:01:18.660,2021-08-31 20:32:32.447,2021-09-02 20:32:32.447
5031372,2021-08-24,2021-08-30 00:23:01.866,2021-08-30 00:23:01.866,2021-08-31 16:45:02.049,2021-09-02 16:45:02.049
5031427,2021-08-24,2021-08-30 02:15:02.572,2021-08-30 04:09:54.030,2021-09-01 01:20:24.853,2021-09-03 01:20:24.853
5026389,2021-08-24,2021-08-30 03:54:29.997,2021-09-01 21:37:55.206,2021-09-03 00:55:18.728,2021-09-06 00:55:18.728
5022719,2021-08-24,2021-08-30 05:19:54.262,2021-08-31 13:21:39.127,2021-09-01 21:51:26.423,2021-09-03 21:51:26.423
5031414,2021-08-24,2021-08-30 06:07:52.700,2021-08-31 06:07:52.700,2021-09-01 06:07:52.700,2021-09-03 06:07:52.700
5029308,2021-08-24,2021-08-30 06:50:03.589,2021-08-31 06:50:03.589,2021-09-03 00:44:27.048,2021-09-06 00:44:27.048
5023717,2021-08-24,2021-08-30 06:52:26.695,2021-08-30 06:52:26.695,2021-08-31 06:52:26.695,2021-09-02 06:52:26.695
5034363,2021-08-24,2021-08-30 07:27:05.398,2021-08-31 07:27:05.398,2021-09-01 07:27:05.398,2021-09-03 07:27:05.398
5032154,2021-08-24,2021-08-30 07:40:22.601,2021-08-31 07:40:22.601,2021-09-02 19:46:18.032,2021-09-06 19:46:18.032
5032922,2021-08-24,2021-08-30 07:48:16.501,2021-08-30 17:47:37.791,2021-08-31 17:47:37.791,2021-09-02 17:47:37.791
5029259,2021-08-24,2021-08-30 08:13:52.569,2021-08-31 19:10:43.071,2021-09-01 19:10:43.071,2021-09-03 19:10:43.071
5029932,2021-08-24,2021-08-30 08:42:24.078,2021-09-01 08:42:24.078,2021-09-02 08:42:24.078,2021-09-06 08:42:24.078
5029019,2021-08-24,2021-08-30 08:44:27.168,2021-08-31 08:44:27.168,2021-09-01 08:44:27.168,2021-09-03 08:44:27.168
5027265,2021-08-24,2021-08-30 08:55:21.513,2021-09-01 19:34:48.296,2021-09-02 19:34:48.296,2021-09-06 19:34:48.296
5021758,2021-08-24,2021-08-30 09:22:32.270,2021-08-30 09:22:32.270,2021-08-31 09:22:32.270,2021-09-02 09:22:32.270
5036838,2021-08-24,2021-08-30 10:08:20.766,2021-08-30 10:08:20.766,2021-08-31 19:09:01.746,2021-09-02 19:09:01.746
5034654,2021-08-24,2021-08-30 10:19:20.702,2021-08-30 10:19:20.702,2021-08-31 10:19:20.702,2021-09-02 10:19:20.702
5034394,2021-08-24,2021-08-30 11:57:58.939,2021-08-30 16:40:31.149,2021-09-01 18:29:52.794,2021-09-03 18:29:52.794
5037636,2021-08-24,2021-08-30 12:06:55.006,2021-09-01 05:34:00.024,2021-09-02 05:34:00.024,2021-09-06 05:34:00.024
5031903,2021-08-24,2021-08-30 12:12:59.236,2021-08-31 08:19:46.463,2021-09-01 18:23:30.449,2021-09-03 18:23:30.449
5024340,2021-08-24,2021-08-30 12:22:05.517,2021-09-01 12:22:05.517,2021-09-06 11:21:35.748,2021-09-08 11:21:35.748
5032366,2021-08-24,2021-08-30 12:51:55.048,2021-08-31 12:51:55.048,2021-09-01 12:51:55.048,2021-09-03 12:51:55.048
5034002,2021-08-24,2021-08-30 13:16:47.078,2021-09-06 00:11:11.710,2021-09-06 00:11:11.710,2021-09-08 00:11:11.710
5024323,2021-08-24,2021-08-30 13:17:00.323,2021-08-30 13:17:00.323,2021-08-31 13:17:00.323,2021-09-02 13:17:00.323
5032599,2021-08-24,2021-08-30 14:54:55.902,2021-09-01 21:27:09.475,2021-09-02 21:27:09.475,2021-09-06 21:27:09.475
5025250,2021-08-24,2021-08-30 15:36:26.727,2021-08-31 15:36:26.727,2021-09-01 15:36:26.727,2021-09-03 15:36:26.727
5035265,2021-08-24,2021-08-30 15:39:54.292,2021-08-31 15:39:54.292,2021-09-01 15:39:54.292,2021-09-03 15:39:54.292
5024557,2021-08-24,2021-08-30 16:02:14.588,2021-08-30 16:02:14.588,2021-09-01 04:15:09.874,2021-09-03 04:15:09.874
5037358,2021-08-24,2021-08-30 16:10:40.079,2021-09-02 02:19:42.120,2021-09-03 02:19:42.120,2021-09-06 02:19:42.120
5025325,2021-08-24,2021-08-30 18:09:33.454,2021-09-01 20:36:57.863,2021-09-06 06:49:24.157,2021-09-08 06:49:24.157
5032654,2021-08-24,2021-08-30 18:20:08.600,2021-09-01 00:15:24.053,2021-09-02 06:09:19.863,2021-09-06 06:09:19.863
5036805,2021-08-24,2021-08-30 18:23:40.314,2021-08-30 18:23:40.314,2021-09-01 11:36:59.726,2021-09-03 11:36:59.726
5021673,2021-08-24,2021-08-30 19:43:09.005,2021-08-31 01:31:50.485,2021-09-01 14:29:14.440,2021-09-03 14:29:14.440
5024540,2021-08-24,2021-08-30 20:01:38.852,2021-09-01 05:20:35.215,2021-09-02 20:17:37.492,2021-09-06 20:17:37.492
5032365,2021-08-24,2021-08-30 21:21:47.709,2021-09-03 06:58:35.020,2021-09-06 06:58:35.020,2021-09-08 06:58:35.020
5033965,2021-08-24,2021-08-30 22:47:31.851,2021-08-30 22:47:31.851,2021-09-01 04:44:17.724,2021-09-03 04:44:17.724
5033635,2021-08-24,2021-08-30 22:56:10.342,2021-09-03 15:20:44.872,2021-09-06 17:15:09.142,2021-09-08 17:15:09.142
5021955,2021-08-24,2021-08-31 03:21:30.644,2021-09-02 03:21:30.644,2021-09-03 03:21:30.644,2021-09-06 03:21:30.644
5023370,2021-08-24,2021-08-31 10:20:06.890,2021-09-02 10:20:06.890,2021-09-03 10:20:06.890,2021-09-06 10:20:06.890
5022379,2021-08-24,2021-08-31 14:31:42.166,2021-09-02 14:31:42.166,2021-09-03 14:31:42.166,2021-09-06 14:31:42.166
5021468,2021-08-24,2021-08-31 21:38:01.163,2021-09-06 14:44:28.731,2021-09-06 00:01:53.774,2021-09-08 00:01:53.774
5025198,2021-08-24,2021-09-01 12:11:46.101,2021-09-03 12:11:46.101,2021-09-06 23:11:16.850,2021-09-08 23:11:16.850
5022596,2021-08-24,2021-09-01 14:21:19.899,2021-09-06 03:58:28.212,2021-09-07 03:58:28.212,2021-09-09 03:58:28.212
5024922,2021-08-24,2021-09-01 14:29:07.609,2021-09-06 17:57:18.456,2021-09-07 20:26:19.556,2021-09-09 20:26:19.556
5027345,2021-08-24,2021-09-02 03:23:48.844,2021-09-06 05:24:38.495,2021-09-07 06:52:37.205,2021-09-09 06:52:37.205
5023489,2021-08-24,2021-09-02 14:31:40.366,2021-09-06 14:31:40.366,2021-09-06 14:31:40.366,2021-09-08 14:31:40.366
5021496,2021-08-25,2021-08-27 00:00:00.000,2021-08-30 00:00:00.000,2021-08-30 00:00:00.000,2021-09-01 00:00:00.000
5031431,2021-08-25,2021-08-27 00:00:00.000,2021-08-30 00:00:00.000,2021-08-30 00:00:00.000,2021-09-01 00:00:00.000
5032742,2021-08-25,2021-08-27 00:00:00.000,2021-08-30 00:00:00.000,2021-08-30 00:00:00.000,2021-09-01 00:00:00.000
5024652,2021-08-25,2021-08-27 00:00:00.000,2021-08-30 00:00:00.000,2021-08-30 00:00:00.000,2021-09-01 00:00:00.000
5025931,2021-08-25,2021-08-27 00:00:00.000,2021-08-30 00:00:00.000,2021-08-30 00:00:00.000,2021-09-01 00:00:00.000
5032055,2021-08-25,2021-08-27 00:00:00.000,2021-08-30 00:00:00.000,2021-08-30 00:09:45.381,2021-09-01 00:09:45.381
5028485,2021-08-25,2021-08-27 00:00:00.000,2021-08-30 00:00:00.000,2021-08-30 04:44:59.885,2021-09-01 04:44:59.885
5024179,2021-08-25,2021-08-27 00:00:00.000,2021-08-30 00:00:00.000,2021-08-30 13:12:42.260,2021-09-01 13:12:42.260
5032163,2021-08-25,2021-08-27 00:00:00.000,2021-08-30 00:00:00.000,2021-08-30 17:48:33.651,2021-09-01 17:48:33.651
5027816,2021-08-25,2021-08-27 00:00:00.000,2021-08-30 00:00:00.000,2021-08-30 21:40:35.010,2021-09-01 21:40:35.010
5025199,2021-08-25,2021-08-27 00:00:00.000,2021-08-30 00:00:00.000,2021-08-31 01:25:48.103,2021-09-02 01:25:48.103
5024640,2021-08-25,2021-08-27 00:00:00.000,2021-08-30 00:00:00.000,2021-08-31 14:22:59.273,2021-09-02 14:22:59.273
5027328,2021-08-25,2021-08-27 00:00:00.000,2021-08-30 00:00:00.000,2021-08-31 19:12:18.907,2021-09-02 19:12:18.907
5021881,2021-08-25,2021-08-27 00:00:00.000,2021-08-30 10:19:42.003,2021-08-30 14:27:33.823,2021-09-01 14:27:33.823
5034602,2021-08-25,2021-08-27 00:00:00.000,2021-08-30 19:38:02.952,2021-08-31 17:30:37.989,2021-09-02 17:30:37.989
5023259,2021-08-25,2021-08-27 00:00:00.000,2021-08-31 15:40:04.060,2021-09-01 15:40:04.060,2021-09-03 15:40:04.060
5024766,2021-08-25,2021-08-27 00:41:44.398,2021-09-01 09:10:20.018,2021-09-03 08:21:54.174,2021-09-06 08:21:54.174
5032683,2021-08-25,2021-08-27 01:22:11.180,2021-08-30 01:22:11.180,2021-08-30 01:22:11.180,2021-09-01 01:22:11.180
5029875,2021-08-25,2021-08-27 05:42:15.091,2021-08-30 05:42:15.091,2021-08-30 05:42:15.091,2021-09-01 05:42:15.091
5032751,2021-08-25,2021-08-27 06:18:45.955,2021-08-31 12:10:50.069,2021-09-02 08:53:54.699,2021-09-06 08:53:54.699
5032748,2021-08-25,2021-08-27 07:35:41.747,2021-08-30 07:35:41.747,2021-08-31 01:16:37.057,2021-09-02 01:16:37.057
5026450,2021-08-25,2021-08-27 10:09:02.567,2021-08-30 10:09:02.567,2021-08-30 12:12:52.669,2021-09-01 12:12:52.669
5033599,2021-08-25,2021-08-27 11:00:10.578,2021-08-30 11:00:10.578,2021-08-30 11:00:10.578,2021-09-01 11:00:10.578
5022234,2021-08-25,2021-08-27 11:32:08.314,2021-08-30 14:50:53.365,2021-08-30 15:02:00.004,2021-09-01 15:02:00.004
5026187,2021-08-25,2021-08-27 12:12:37.994,2021-08-30 12:12:37.994,2021-08-30 12:12:37.994,2021-09-01 12:12:37.994
5027623,2021-08-25,2021-08-27 13:29:37.984,2021-09-02 09:48:28.747,2021-09-03 20:51:33.839,2021-09-06 20:51:33.839
5035692,2021-08-25,2021-08-27 14:22:40.838,2021-08-31 13:27:47.660,2021-09-02 04:09:57.403,2021-09-06 04:09:57.403
5035868,2021-08-25,2021-08-27 14:22:41.148,2021-08-30 09:29:59.063,2021-08-31 23:50:58.284,2021-09-02 23:50:58.284
5034413,2021-08-25,2021-08-27 14:48:44.718,2021-08-31 06:35:38.998,2021-09-01 06:35:38.998,2021-09-03 06:35:38.998
5022323,2021-08-25,2021-08-27 15:04:26.780,2021-08-31 05:19:10.395,2021-09-01 05:19:10.395,2021-09-03 05:19:10.395
5026454,2021-08-25,2021-08-27 16:35:39.342,2021-08-31 06:30:54.476,2021-09-01 10:58:58.114,2021-09-03 10:58:58.114
5030203,2021-08-25,2021-08-27 18:33:53.791,2021-08-30 18:33:53.791,2021-08-30 21:52:55.377,2021-09-01 21:52:55.377
5024095,2021-08-25,2021-08-30 00:06:07.096,2021-09-01 00:06:07.096,2021-09-02 00:06:07.096,2021-09-06 00:06:07.096
5036623,2021-08-25,2021-08-30 00:10:57.121,2021-09-01 03:40:07.817,2021-09-02 03:40:07.817,2021-09-06 03:40:07.817
5037620,2021-08-25,2021-08-30 00:16:45.965,2021-09-06 05:32:22.975,2021-09-06 05:32:22.975,2021-09-08 05:32:22.975
5034101,2021-08-25,2021-08-30 00:19:11.125,2021-09-02 11:06:27.320,2021-09-06 01:34:35.236,2021-09-08 01:34:35.236
5022548,2021-08-25,2021-08-30 01:01:42.438,2021-08-31 17:32:45.771,2021-09-01 19:25:22.352,2021-09-03 19:25:22.352
5034199,2021-08-25,2021-08-30 01:17:06.961,2021-09-02 02:11:01.527,2021-09-03 02:11:01.527,2021-09-06 02:11:01.527
5022565,2021-08-25,2021-08-30 01:39:35.409,2021-09-01 01:39:35.409,2021-09-02 01:39:35.409,2021-09-06 01:39:35.409
5036008,2021-08-25,2021-08-30 01:49:03.966,2021-09-01 01:49:03.966,2021-09-03 13:24:43.398,2021-09-06 13:24:43.398
5032661,2021-08-25,2021-08-30 02:03:01.809,2021-09-01 08:26:20.609,2021-09-02 08:26:20.609,2021-09-06 08:26:20.609
5023211,2021-08-25,2021-08-30 02:23:41.371,2021-09-01 02:23:41.371,2021-09-02 21:51:04.621,2021-09-06 21:51:04.621
5037456,2021-08-25,2021-08-30 02:59:09.076,2021-08-31 02:59:09.076,2021-09-01 02:59:09.076,2021-09-03 02:59:09.076
5021950,2021-08-25,2021-08-30 03:44:47.801,2021-08-30 23:10:47.863,2021-09-01 18:59:59.318,2021-09-03 18:59:59.318
5033151,2021-08-25,2021-08-30 04:01:16.263,2021-08-30 04:01:16.263,2021-08-31 04:01:16.263,2021-09-02 04:01:16.263
5029697,2021-08-25,2021-08-30 04:09:10.354,2021-09-02 05:35:35.031,2021-09-06 09:39:29.362,2021-09-08 09:39:29.362
5028103,2021-08-25,2021-08-30 04:37:17.268,2021-08-31 04:37:17.268,2021-09-01 05:13:38.485,2021-09-03 05:13:38.485
5035439,2021-08-25,2021-08-30 04:49:48.999,2021-08-31 17:25:24.349,2021-09-01 17:25:24.349,2021-09-03 17:25:24.349
5032480,2021-08-25,2021-08-30 05:29:47.115,2021-08-31 05:29:47.115,2021-09-02 20:54:16.948,2021-09-06 20:54:16.948
5031911,2021-08-25,2021-08-30 06:20:26.339,2021-08-31 06:20:26.339,2021-09-01 06:20:26.339,2021-09-03 06:20:26.339
5035954,2021-08-25,2021-08-30 06:31:55.700,2021-08-31 01:52:25.969,2021-09-02 02:30:53.750,2021-09-06 02:30:53.750
5028207,2021-08-25,2021-08-30 06:32:35.087,2021-09-06 15:38:13.715,2021-09-06 15:38:13.715,2021-09-08 15:38:13.715
5023637,2021-08-25,2021-08-30 06:38:18.594,2021-09-06 05:12:57.993,2021-09-06 05:12:57.993,2021-09-08 05:12:57.993
5026196,2021-08-25,2021-08-30 06:59:00.448,2021-08-31 16:49:47.406,2021-09-01 16:49:47.406,2021-09-03 16:49:47.406
5028886,2021-08-25,2021-08-30 07:10:27.809,2021-09-01 10:35:27.984,2021-09-02 10:35:27.984,2021-09-06 10:35:27.984
5036132,2021-08-25,2021-08-30 07:57:44.506,2021-09-01 07:57:44.506,2021-09-02 08:29:21.458,2021-09-06 08:29:21.458
5021480,2021-08-25,2021-08-30 08:07:53.661,2021-08-31 11:20:21.434,2021-09-02 14:50:47.966,2021-09-06 14:50:47.966
5034026,2021-08-25,2021-08-30 08:39:32.454,2021-09-02 03:57:42.446,2021-09-03 16:27:02.208,2021-09-06 16:27:02.208
5024161,2021-08-25,2021-08-30 08:48:51.592,2021-08-30 08:48:51.592,2021-08-31 08:48:51.592,2021-09-02 08:48:51.592
5032451,2021-08-25,2021-08-30 08:53:52.592,2021-09-01 03:36:09.037,2021-09-02 03:53:19.475,2021-09-06 03:53:19.475
5029440,2021-08-25,2021-08-30 09:01:01.892,2021-09-01 18:53:57.757,2021-09-06 23:04:03.260,2021-09-08 23:04:03.260
5031756,2021-08-25,2021-08-30 09:31:48.144,2021-08-30 09:31:48.144,2021-08-31 17:57:10.966,2021-09-02 17:57:10.966
5030901,2021-08-25,2021-08-30 09:37:05.868,2021-09-03 05:59:02.397,2021-09-06 05:59:02.397,2021-09-08 05:59:02.397
5031465,2021-08-25,2021-08-30 09:48:21.000,2021-08-30 09:48:21.000,2021-09-01 13:42:27.543,2021-09-03 13:42:27.543
5025594,2021-08-25,2021-08-30 10:15:08.956,2021-09-03 09:49:07.880,2021-09-06 09:49:07.880,2021-09-08 09:49:07.880
5025388,2021-08-25,2021-08-30 11:01:29.968,2021-09-01 11:01:29.968,2021-09-02 13:36:43.421,2021-09-06 13:36:43.421
5027540,2021-08-25,2021-08-30 11:34:04.144,2021-09-02 19:03:09.005,2021-09-03 23:20:54.449,2021-09-06 23:20:54.449
5029420,2021-08-25,2021-08-30 11:44:57.582,2021-08-31 11:44:57.582,2021-09-01 14:17:29.495,2021-09-03 14:17:29.495
5027151,2021-08-25,2021-08-30 11:54:04.048,2021-08-30 11:54:04.048,2021-08-31 11:54:04.048,2021-09-02 11:54:04.048
5029696,2021-08-25,2021-08-30 12:27:41.651,2021-09-02 10:30:11.285,2021-09-03 10:30:11.285,2021-09-06 10:30:11.285
5024808,2021-08-25,2021-08-30 12:48:00.225,2021-09-01 12:48:00.225,2021-09-02 12:48:00.225,2021-09-06 12:48:00.225
5032744,2021-08-25,2021-08-30 12:48:16.670,2021-08-31 12:48:16.670,2021-09-01 12:48:16.670,2021-09-03 12:48:16.670
5025389,2021-08-25,2021-08-30 13:02:48.097,2021-08-31 23:15:55.151,2021-09-01 23:15:55.151,2021-09-03 23:15:55.151
5022687,2021-08-25,2021-08-30 14:06:08.136,2021-09-01 14:06:08.136,2021-09-03 10:47:34.463,2021-09-06 10:47:34.463
5026335,2021-08-25,2021-08-30 14:46:50.331,2021-08-31 23:41:27.521,2021-09-01 23:41:27.521,2021-09-03 23:41:27.521
5029912,2021-08-25,2021-08-30 16:02:37.150,2021-09-01 18:58:06.976,2021-09-06 02:49:40.297,2021-09-08 02:49:40.297
5037237,2021-08-25,2021-08-30 16:51:10.468,2021-08-31 18:21:47.591,2021-09-01 18:21:47.591,2021-09-03 18:21:47.591
5035283,2021-08-25,2021-08-30 17:02:31.669,2021-09-01 17:02:31.669,2021-09-02 17:02:31.669,2021-09-06 17:02:31.669
5022879,2021-08-25,2021-08-30 17:16:39.472,2021-09-01 17:16:39.472,2021-09-03 02:10:56.371,2021-09-06 02:10:56.371
5023157,2021-08-25,2021-08-30 18:18:59.219,2021-08-30 18:18:59.219,2021-08-31 18:18:59.219,2021-09-02 18:18:59.219
5026333,2021-08-25,2021-08-30 19:12:31.229,2021-09-01 15:05:40.821,2021-09-03 22:09:25.296,2021-09-06 22:09:25.296
5023261,2021-08-25,2021-08-30 19:53:26.876,2021-09-03 20:54:14.118,2021-09-06 05:53:47.556,2021-09-08 05:53:47.556
5035662,2021-08-25,2021-08-30 19:55:14.760,2021-09-03 02:50:18.940,2021-09-06 11:31:53.856,2021-09-08 11:31:53.856
5035384,2021-08-25,2021-08-30 20:01:45.482,2021-09-01 06:37:19.441,2021-09-02 19:12:22.874,2021-09-06 19:12:22.874
5035162,2021-08-25,2021-08-30 20:03:05.701,2021-08-30 20:03:05.701,2021-08-31 20:03:05.701,2021-09-02 20:03:05.701
5030006,2021-08-25,2021-08-30 20:29:54.036,2021-08-31 20:29:54.036,2021-09-02 21:46:13.444,2021-09-06 21:46:13.444
5032390,2021-08-25,2021-08-30 20:31:56.789,2021-08-30 20:31:56.789,2021-08-31 20:31:56.789,2021-09-02 20:31:56.789
5035466,2021-08-25,2021-08-30 20:41:39.252,2021-08-31 14:28:27.680,2021-09-01 18:29:32.870,2021-09-03 18:29:32.870
5029385,2021-08-25,2021-08-30 21:01:57.974,2021-09-01 08:24:16.698,2021-09-02 11:56:40.626,2021-09-06 11:56:40.626
5025686,2021-08-25,2021-08-30 21:23:38.554,2021-08-31 21:23:38.554,2021-09-02 03:18:00.706,2021-09-06 03:18:00.706
5026345,2021-08-25,2021-08-30 21:55:25.238,2021-09-03 03:54:09.432,2021-09-06 03:54:09.432,2021-09-08 03:54:09.432
5031853,2021-08-25,2021-08-30 22:40:16.391,2021-09-06 13:14:51.172,2021-09-06 13:14:51.172,2021-09-08 13:14:51.172
5028532,2021-08-25,2021-08-30 22:44:32.092,2021-08-30 23:47:08.997,2021-09-01 09:01:30.824,2021-09-03 09:01:30.824
5021713,2021-08-25,2021-08-30 23:59:07.417,2021-09-01 21:37:02.902,2021-09-02 21:37:02.902,2021-09-06 21:37:02.902
5025756,2021-08-25,2021-08-31 02:10:08.215,2021-09-03 06:37:20.348,2021-09-06 06:37:20.348,2021-09-08 06:37:20.348
5030945,2021-08-25,2021-08-31 02:56:13.362,2021-09-02 02:56:13.362,2021-09-03 02:56:13.362,2021-09-06 02:56:13.362
5022682,2021-08-25,2021-08-31 05:26:33.121,2021-09-02 05:26:33.121,2021-09-03 05:26:33.121,2021-09-06 05:26:33.121
5023782,2021-08-25,2021-08-31 07:31:23.362,2021-09-02 07:31:23.362,2021-09-06 15:22:58.284,2021-09-08 15:22:58.284
5029472,2021-08-25,2021-08-31 08:06:18.051,2021-09-02 08:06:18.051,2021-09-03 08:12:57.799,2021-09-06 08:12:57.799
5021484,2021-08-25,2021-08-31 09:51:23.967,2021-09-02 09:51:23.967,2021-09-03 12:18:06.779,2021-09-06 12:18:06.779
5026699,2021-08-25,2021-08-31 15:19:33.409,2021-09-02 15:19:33.409,2021-09-06 05:04:49.235,2021-09-08 05:04:49.235
5029149,2021-08-25,2021-08-31 17:09:27.178,2021-09-02 17:09:27.178,2021-09-03 17:09:27.178,2021-09-06 17:09:27.178
5030082,2021-08-25,2021-08-31 17:21:45.573,2021-09-02 17:21:45.573,2021-09-06 01:48:13.098,2021-09-08 01:48:13.098
5034037,2021-08-25,2021-08-31 17:38:16.993,2021-09-06 00:11:13.629,2021-09-06 00:11:13.629,2021-09-08 00:11:13.629
5036614,2021-08-25,2021-08-31 18:23:36.892,2021-09-02 18:23:36.892,2021-09-06 09:55:31.505,2021-09-08 09:55:31.505
5024597,2021-08-25,2021-08-31 20:24:42.508,2021-09-06 08:56:36.234,2021-09-06 08:56:36.234,2021-09-08 08:56:36.234
5037384,2021-08-25,2021-08-31 20:46:16.730,2021-09-06 07:57:34.027,2021-09-06 07:57:34.027,2021-09-08 07:57:34.027
5028382,2021-08-25,2021-08-31 22:58:45.375,2021-09-02 22:58:45.375,2021-09-03 22:58:45.375,2021-09-06 22:58:45.375
5035130,2021-08-25,2021-09-01 03:18:23.653,2021-09-06 02:10:02.695,2021-09-06 02:10:02.695,2021-09-08 02:10:02.695
5033197,2021-08-25,2021-09-01 08:34:40.926,2021-09-06 14:36:53.680,2021-09-06 14:36:53.680,2021-09-08 14:36:53.680
5024413,2021-08-25,2021-09-01 11:18:57.760,2021-09-03 11:18:57.760,2021-09-06 08:04:06.570,2021-09-08 08:04:06.570
5033850,2021-08-25,2021-09-01 22:24:08.884,2021-09-03 22:24:08.884,2021-09-06 22:24:08.884,2021-09-08 22:24:08.884
5023525,2021-08-25,2021-09-02 07:40:25.068,2021-09-06 07:40:25.068,2021-09-06 07:40:25.068,2021-09-08 07:40:25.068
5036908,2021-08-25,2021-09-03 00:44:39.303,2021-09-06 00:44:39.303,2021-09-06 00:47:44.092,2021-09-08 00:47:44.092
5029025,2021-08-25,2021-09-03 15:05:39.833,2021-09-06 15:05:39.833,2021-09-08 14:33:27.024,2021-09-10 14:33:27.024
5026519,2021-08-26,2021-08-30 00:00:00.000,2021-08-30 00:00:00.000,2021-08-31 00:00:00.000,2021-09-02 00:00:00.000
5034589,2021-08-26,2021-08-30 00:00:00.000,2021-08-30 00:00:00.000,2021-08-31 00:00:00.000,2021-09-02 00:00:00.000
5037410,2021-08-26,2021-08-30 00:00:00.000,2021-08-30 00:00:00.000,2021-08-31 00:00:00.000,2021-09-02 00:00:00.000
5035275,2021-08-26,2021-08-30 00:00:00.000,2021-08-30 00:00:00.000,2021-08-31 00:00:00.000,2021-09-02 00:00:00.000
5035225,2021-08-26,2021-08-30 00:00:00.000,2021-08-30 00:00:00.000,2021-08-31 00:00:00.000,2021-09-02 00:00:00.000
5034183,2021-08-26,2021-08-30 00:00:00.000,2021-08-30 00:00:00.000,2021-08-31 00:00:00.000,2021-09-02 00:00:00.000
5037623,2021-08-26,2021-08-30 00:00:00.000,2021-08-30 00:00:00.000,2021-08-31 00:00:00.000,2021-09-02 00:00:00.000
5023681,2021-08-26,2021-08-30 00:00:00.000,2021-08-30 00:00:00.000,2021-08-31 23:27:12.742,2021-09-02 23:27:12.742
5023551,2021-08-26,2021-08-30 00:00:00.000,2021-08-30 00:00:00.000,2021-09-02 00:33:37.867,2021-09-06 00:33:37.867
5022003,2021-08-26,2021-08-30 00:00:00.000,2021-08-30 07:09:54.019,2021-08-31 07:09:54.019,2021-09-02 07:09:54.019
5021763,2021-08-26,2021-08-30 00:00:00.000,2021-08-30 10:05:35.962,2021-09-01 13:25:34.369,2021-09-03 13:25:34.369
5036866,2021-08-26,2021-08-30 00:00:00.000,2021-08-31 00:12:59.336,2021-09-03 02:54:34.973,2021-09-06 02:54:34.973
5029960,2021-08-26,2021-08-30 00:00:00.000,2021-08-31 00:23:01.355,2021-09-01 05:17:53.101,2021-09-03 05:17:53.101
5034867,2021-08-26,2021-08-30 00:00:00.000,2021-09-02 05:47:22.455,2021-09-03 05:47:22.455,2021-09-06 05:47:22.455
5025921,2021-08-26,2021-08-30 00:28:43.612,2021-09-01 00:28:43.612,2021-09-02 00:28:43.612,2021-09-06 00:28:43.612
5032831,2021-08-26,2021-08-30 00:30:35.035,2021-09-02 20:27:42.400,2021-09-06 06:17:15.316,2021-09-08 06:17:15.316
5027346,2021-08-26,2021-08-30 00:36:33.803,2021-09-03 08:26:52.263,2021-09-06 08:26:52.263,2021-09-08 08:26:52.263
5032404,2021-08-26,2021-08-30 01:16:46.598,2021-09-02 09:44:35.951,2021-09-03 21:46:31.006,2021-09-06 21:46:31.006
5035781,2021-08-26,2021-08-30 01:21:05.941,2021-09-02 01:19:33.772,2021-09-06 09:00:00.593,2021-09-08 09:00:00.593
5034614,2021-08-26,2021-08-30 01:24:13.712,2021-08-30 01:24:13.712,2021-09-01 17:51:33.144,2021-09-03 17:51:33.144
5026192,2021-08-26,2021-08-30 01:34:04.526,2021-09-01 03:25:30.784,2021-09-02 03:25:30.784,2021-09-06 03:25:30.784
5026346,2021-08-26,2021-08-30 02:09:53.797,2021-09-01 02:09:53.797,2021-09-02 02:09:53.797,2021-09-06 02:09:53.797
5028943,2021-08-26,2021-08-30 02:12:12.500,2021-08-31 02:12:12.500,2021-09-01 08:15:52.174,2021-09-03 08:15:52.174
5028608,2021-08-26,2021-08-30 02:16:52.677,2021-09-01 15:08:23.155,2021-09-03 19:55:19.529,2021-09-06 19:55:19.529
5022733,2021-08-26,2021-08-30 02:36:18.993,2021-09-01 18:03:26.959,2021-09-06 20:59:03.926,2021-09-08 20:59:03.926
5037447,2021-08-26,2021-08-30 03:03:47.895,2021-09-01 03:03:47.895,2021-09-02 06:38:56.275,2021-09-06 06:38:56.275
5028551,2021-08-26,2021-08-30 03:11:00.320,2021-09-01 03:11:00.320,2021-09-02 11:45:12.294,2021-09-06 11:45:12.294
5035474,2021-08-26,2021-08-30 03:44:29.516,2021-08-31 03:44:29.516,2021-09-01 20:25:40.030,2021-09-03 20:25:40.030
5034442,2021-08-26,2021-08-30 04:00:51.144,2021-09-01 04:00:51.144,2021-09-03 05:53:05.819,2021-09-06 05:53:05.819
5031479,2021-08-26,2021-08-30 04:14:47.590,2021-08-30 04:14:47.590,2021-08-31 20:01:16.621,2021-09-02 20:01:16.621
5027587,2021-08-26,2021-08-30 04:56:14.026,2021-09-03 11:38:39.317,2021-09-06 14:20:30.806,2021-09-08 14:20:30.806
5037629,2021-08-26,2021-08-30 06:42:02.963,2021-09-01 06:42:02.963,2021-09-02 13:31:01.570,2021-09-06 13:31:01.570
5023526,2021-08-26,2021-08-30 07:12:17.304,2021-08-30 07:12:17.304,2021-08-31 15:16:09.111,2021-09-02 15:16:09.111
5029887,2021-08-26,2021-08-30 07:18:30.652,2021-09-03 11:50:50.245,2021-09-06 19:11:24.732,2021-09-08 19:11:24.732
5024369,2021-08-26,2021-08-30 08:45:37.029,2021-09-03 17:30:48.357,2021-09-06 20:59:09.050,2021-09-08 20:59:09.050
5024114,2021-08-26,2021-08-30 09:00:59.935,2021-08-30 09:00:59.935,2021-08-31 09:00:59.935,2021-09-02 09:00:59.935
5034946,2021-08-26,2021-08-30 09:41:44.929,2021-09-06 07:42:58.666,2021-09-06 07:42:58.666,2021-09-08 07:42:58.666
5024537,2021-08-26,2021-08-30 09:49:36.910,2021-09-01 09:49:36.910,2021-09-03 00:00:08.267,2021-09-06 00:00:08.267
5026328,2021-08-26,2021-08-30 10:44:25.880,2021-08-31 11:47:27.706,2021-09-03 02:35:43.507,2021-09-06 02:35:43.507
5027294,2021-08-26,2021-08-30 10:56:54.429,2021-09-01 09:55:21.735,2021-09-02 14:16:53.720,2021-09-06 14:16:53.720
5035210,2021-08-26,2021-08-30 11:15:18.187,2021-08-30 11:15:18.187,2021-08-31 11:15:18.187,2021-09-02 11:15:18.187
5029915,2021-08-26,2021-08-30 11:23:41.920,2021-09-03 10:21:16.782,2021-09-06 10:33:41.335,2021-09-08 10:33:41.335
5033165,2021-08-26,2021-08-30 12:16:20.918,2021-08-31 12:16:20.918,2021-09-01 12:16:20.918,2021-09-03 12:16:20.918
5035711,2021-08-26,2021-08-30 12:37:08.356,2021-08-30 12:37:08.356,2021-08-31 13:03:29.899,2021-09-02 13:03:29.899
5027517,2021-08-26,2021-08-30 12:45:03.623,2021-09-01 12:45:03.623,2021-09-06 13:05:59.737,2021-09-08 13:05:59.737
5029042,2021-08-26,2021-08-30 12:47:59.033,2021-08-31 02:25:15.783,2021-09-01 10:49:36.923,2021-09-03 10:49:36.923
5028446,2021-08-26,2021-08-30 12:54:13.220,2021-09-01 23:10:48.559,2021-09-02 23:10:48.559,2021-09-06 23:10:48.559
5030079,2021-08-26,2021-08-30 13:00:22.384,2021-08-31 12:45:45.727,2021-09-01 12:45:45.727,2021-09-03 12:45:45.727
5033967,2021-08-26,2021-08-30 13:41:47.560,2021-09-03 03:26:53.744,2021-09-06 06:36:53.100,2021-09-08 06:36:53.100
5026909,2021-08-26,2021-08-30 13:45:03.592,2021-08-31 13:45:03.592,2021-09-01 17:41:32.965,2021-09-03 17:41:32.965
5024248,2021-08-26,2021-08-30 13:55:32.190,2021-08-31 02:22:45.907,2021-09-01 12:57:23.152,2021-09-03 12:57:23.152
5030310,2021-08-26,2021-08-30 14:06:07.920,2021-08-31 14:06:07.920,2021-09-01 23:38:13.190,2021-09-03 23:38:13.190
5035502,2021-08-26,2021-08-30 14:11:01.842,2021-08-31 14:11:01.842,2021-09-03 07:47:30.739,2021-09-06 07:47:30.739
5024917,2021-08-26,2021-08-30 14:22:44.120,2021-09-02 14:04:52.952,2021-09-03 14:04:52.952,2021-09-06 14:04:52.952
5024023,2021-08-26,2021-08-30 14:46:20.912,2021-09-01 01:44:35.358,2021-09-03 09:32:25.308,2021-09-06 09:32:25.308
5021970,2021-08-26,2021-08-30 14:50:50.427,2021-09-01 14:50:50.427,2021-09-03 06:51:14.089,2021-09-06 06:51:14.089
5026717,2021-08-26,2021-08-30 14:51:53.459,2021-09-01 16:29:56.076,2021-09-06 16:32:08.513,2021-09-08 16:32:08.513
5035446,2021-08-26,2021-08-30 15:13:48.900,2021-09-03 01:36:51.376,2021-09-06 19:38:42.440,2021-09-08 19:38:42.440
5031502,2021-08-26,2021-08-30 16:05:34.964,2021-09-01 16:05:34.964,2021-09-02 16:05:34.964,2021-09-06 16:05:34.964
5023998,2021-08-26,2021-08-30 16:37:35.531,2021-08-30 16:37:35.531,2021-08-31 16:37:35.531,2021-09-02 16:37:35.531
5028104,2021-08-26,2021-08-30 16:43:11.559,2021-09-01 11:49:32.934,2021-09-02 11:49:32.934,2021-09-06 11:49:32.934
5025317,2021-08-26,2021-08-30 18:01:30.608,2021-09-01 03:04:48.893,2021-09-02 03:17:14.221,2021-09-06 03:17:14.221
5035464,2021-08-26,2021-08-30 18:22:29.971,2021-08-31 18:22:29.971,2021-09-01 23:13:05.682,2021-09-03 23:13:05.682
5036748,2021-08-26,2021-08-30 18:28:11.742,2021-09-01 18:28:11.742,2021-09-02 18:28:11.742,2021-09-06 18:28:11.742
5029293,2021-08-26,2021-08-30 19:02:29.393,2021-09-06 07:07:31.889,2021-09-06 20:11:37.314,2021-09-08 20:11:37.314
5026223,2021-08-26,2021-08-30 19:25:51.727,2021-08-31 19:25:51.727,2021-09-01 19:25:51.727,2021-09-03 19:25:51.727
5023787,2021-08-26,2021-08-30 19:27:53.735,2021-09-03 06:31:03.731,2021-09-06 06:31:03.731,2021-09-08 06:31:03.731
5024882,2021-08-26,2021-08-30 19:45:25.305,2021-08-30 19:45:25.305,2021-08-31 19:45:25.305,2021-09-02 19:45:25.305
5031826,2021-08-26,2021-08-30 19:55:21.223,2021-09-03 12:26:11.511,2021-09-06 19:32:28.666,2021-09-08 19:32:28.666
5037052,2021-08-26,2021-08-30 20:03:07.219,2021-09-01 20:03:07.219,2021-09-03 00:06:54.770,2021-09-06 00:06:54.770
5034700,2021-08-26,2021-08-30 20:10:05.896,2021-08-31 23:55:07.408,2021-09-01 23:55:07.408,2021-09-03 23:55:07.408
5024929,2021-08-26,2021-08-30 20:19:33.332,2021-09-01 20:19:33.332,2021-09-03 02:17:48.302,2021-09-06 02:17:48.302
5022694,2021-08-26,2021-08-30 20:50:45.601,2021-09-02 02:22:53.037,2021-09-06 01:51:25.804,2021-09-08 01:51:25.804
5029051,2021-08-26,2021-08-30 20:54:12.903,2021-09-06 08:41:46.239,2021-09-08 20:54:01.448,2021-09-10 20:54:01.448
5022391,2021-08-26,2021-08-30 21:05:23.506,2021-09-06 21:12:43.137,2021-09-06 06:41:11.036,2021-09-08 06:41:11.036
5035328,2021-08-26,2021-08-30 21:12:58.891,2021-09-01 21:12:58.891,2021-09-02 21:12:58.891,2021-09-06 21:12:58.891
5033360,2021-08-26,2021-08-30 21:23:52.944,2021-08-31 21:23:52.944,2021-09-01 21:23:52.944,2021-09-03 21:23:52.944
5022566,2021-08-26,2021-08-30 21:45:42.374,2021-09-01 21:45:42.374,2021-09-02 22:44:40.372,2021-09-06 22:44:40.372
5028786,2021-08-26,2021-08-30 21:55:03.077,2021-08-30 21:55:03.077,2021-09-01 04:44:49.235,2021-09-03 04:44:49.235
5027704,2021-08-26,2021-08-30 22:01:47.929,2021-09-01 22:01:47.929,2021-09-03 20:50:49.028,2021-09-06 20:50:49.028
5032826,2021-08-26,2021-08-30 22:18:28.648,2021-09-06 22:56:57.752,2021-09-06 22:56:57.752,2021-09-08 22:56:57.752
5035817,2021-08-26,2021-08-30 22:39:57.048,2021-09-02 23:01:11.602,2021-09-06 03:08:00.402,2021-09-08 03:08:00.402
5021664,2021-08-26,2021-08-30 22:48:52.592,2021-08-30 22:48:52.592,2021-08-31 22:48:52.592,2021-09-02 22:48:52.592
5023491,2021-08-26,2021-08-30 23:18:16.614,2021-08-30 23:18:16.614,2021-09-02 22:52:09.434,2021-09-06 22:52:09.434
5026235,2021-08-26,2021-08-30 23:31:44.656,2021-08-31 12:05:06.121,2021-09-01 12:05:06.121,2021-09-03 12:05:06.121
5025930,2021-08-26,2021-08-30 23:32:50.945,2021-08-30 23:32:50.945,2021-09-02 09:32:16.091,2021-09-06 09:32:16.091
5035473,2021-08-26,2021-08-30 23:34:00.576,2021-08-31 23:34:00.576,2021-09-02 12:32:29.820,2021-09-06 12:32:29.820
5031010,2021-08-26,2021-08-30 23:36:41.433,2021-09-01 16:34:55.470,2021-09-06 08:10:19.624,2021-09-08 08:10:19.624
5029493,2021-08-26,2021-08-31 00:26:10.939,2021-09-02 00:26:10.939,2021-09-06 08:31:03.401,2021-09-08 08:31:03.401
5031624,2021-08-26,2021-08-31 04:01:01.423,2021-09-02 04:01:01.423,2021-09-03 04:01:01.423,2021-09-06 04:01:01.423
5030220,2021-08-26,2021-08-31 04:14:57.125,2021-09-02 04:14:57.125,2021-09-03 06:44:00.407,2021-09-06 06:44:00.407
5021957,2021-08-26,2021-08-31 04:22:04.445,2021-09-02 04:22:04.445,2021-09-03 12:25:43.048,2021-09-06 12:25:43.048
5024123,2021-08-26,2021-08-31 07:54:17.621,2021-09-02 07:54:17.621,2021-09-03 17:18:47.297,2021-09-06 17:18:47.297
5037590,2021-08-26,2021-08-31 10:41:16.553,2021-09-02 10:41:16.553,2021-09-03 10:41:16.553,2021-09-06 10:41:16.553
5029069,2021-08-26,2021-08-31 12:30:22.961,2021-09-02 12:30:22.961,2021-09-03 12:30:22.961,2021-09-06 12:30:22.961
5025209,2021-08-26,2021-08-31 13:51:07.851,2021-09-02 13:51:07.851,2021-09-03 14:58:50.408,2021-09-06 14:58:50.408
5035163,2021-08-26,2021-08-31 17:27:24.285,2021-09-06 16:26:40.911,2021-09-06 01:45:51.681,2021-09-08 01:45:51.681
5035142,2021-08-26,2021-08-31 17:33:13.860,2021-09-06 13:37:38.370,2021-09-06 13:37:38.370,2021-09-08 13:37:38.370
5033409,2021-08-26,2021-08-31 19:28:40.176,2021-09-06 13:31:45.479,2021-09-06 13:31:45.479,2021-09-08 13:31:45.479
5032708,2021-08-26,2021-08-31 20:16:41.023,2021-09-02 20:16:41.023,2021-09-06 09:04:14.408,2021-09-08 09:04:14.408
5029825,2021-08-26,2021-08-31 20:49:48.266,2021-09-06 17:14:48.747,2021-09-06 22:45:09.873,2021-09-08 22:45:09.873
5034259,2021-08-26,2021-08-31 20:53:24.584,2021-09-02 20:53:24.584,2021-09-06 10:02:52.977,2021-09-08 10:02:52.977
5028026,2021-08-26,2021-08-31 20:58:26.404,2021-09-02 20:58:26.404,2021-09-06 05:15:39.502,2021-09-08 05:15:39.502
5024930,2021-08-26,2021-08-31 22:49:29.132,2021-09-06 19:03:49.049,2021-09-06 19:03:49.049,2021-09-08 19:03:49.049
5035359,2021-08-26,2021-09-01 02:15:12.368,2021-09-03 02:15:12.368,2021-09-06 02:15:12.368,2021-09-08 02:15:12.368
5021772,2021-08-26,2021-09-01 03:48:33.499,2021-09-06 01:28:42.489,2021-09-06 01:28:42.489,2021-09-08 01:28:42.489
5028830,2021-08-26,2021-09-01 05:18:16.688,2021-09-03 05:18:16.688,2021-09-06 05:18:16.688,2021-09-08 05:18:16.688
5027467,2021-08-26,2021-09-01 06:30:35.582,2021-09-06 11:59:12.303,2021-09-06 11:59:12.303,2021-09-08 11:59:12.303
5021405,2021-08-26,2021-09-01 08:20:50.769,2021-09-06 08:11:28.093,2021-09-06 08:11:28.093,2021-09-08 08:11:28.093
5027760,2021-08-26,2021-09-01 08:55:34.405,2021-09-03 08:55:34.405,2021-09-06 08:55:34.405,2021-09-08 08:55:34.405
5030255,2021-08-26,2021-09-01 13:12:46.725,2021-09-06 00:15:06.264,2021-09-06 00:15:06.264,2021-09-08 00:15:06.264
5021939,2021-08-26,2021-09-01 18:55:55.004,2021-09-06 22:46:30.258,2021-09-06 22:46:30.258,2021-09-08 22:46:30.258
5026048,2021-08-26,2021-09-01 21:52:42.427,2021-09-03 21:52:42.427,2021-09-07 02:40:28.688,2021-09-09 02:40:28.688
5026360,2021-08-26,2021-09-01 23:26:08.826,2021-09-03 23:26:08.826,2021-09-06 23:24:39.671,2021-09-08 23:24:39.671
5029517,2021-08-26,2021-09-01 23:42:08.039,2021-09-06 17:56:46.341,2021-09-06 17:56:46.341,2021-09-08 17:56:46.341
5024423,2021-08-26,2021-09-02 05:02:24.678,2021-09-06 19:37:41.481,2021-09-08 23:50:16.880,2021-09-10 23:50:16.880
5023474,2021-08-26,2021-09-02 05:08:28.662,2021-09-06 13:21:24.098,2021-09-06 13:21:24.098,2021-09-08 13:21:24.098
5033634,2021-08-26,2021-09-02 14:38:24.134,2021-09-06 14:38:24.134,2021-09-06 14:38:24.134,2021-09-08 14:38:24.134
5024185,2021-08-26,2021-09-02 15:07:52.616,2021-09-06 15:07:52.616,2021-09-06 01:07:38.598,2021-09-08 01:07:38.598
5033195,2021-08-26,2021-09-02 22:11:46.820,2021-09-06 01:04:58.189,2021-09-06 18:23:13.548,2021-09-08 18:23:13.548
5031704,2021-08-26,2021-09-03 11:01:46.388,2021-09-06 11:01:46.388,2021-09-06 11:01:46.388,2021-09-08 11:01:46.388
5036079,2021-08-26,2021-09-03 12:38:06.333,2021-09-06 12:38:06.333,2021-09-06 12:38:06.333,2021-09-08 12:38:06.333
5029480,2021-08-27,2021-08-30 00:00:00.000,2021-08-31 00:00:00.000,2021-09-01 00:00:00.000,2021-09-03 00:00:00.000
5028197,2021-08-27,2021-08-30 00:00:00.000,2021-08-31 00:00:00.000,2021-09-01 00:00:00.000,2021-09-03 00:00:00.000
5021815,2021-08-27,2021-08-30 00:00:00.000,2021-08-31 00:00:00.000,2021-09-01 00:00:00.000,2021-09-03 00:00:00.000
5022703,2021-08-27,2021-08-30 00:00:00.000,2021-08-31 00:00:00.000,2021-09-01 00:00:00.000,2021-09-03 00:00:00.000
5022914,2021-08-27,2021-08-30 00:00:00.000,2021-08-31 00:00:00.000,2021-09-01 00:00:00.000,2021-09-03 00:00:00.000
5033855,2021-08-27,2021-08-30 00:00:00.000,2021-08-31 00:00:00.000,2021-09-01 00:00:00.000,2021-09-03 00:00:00.000
5029317,2021-08-27,2021-08-30 00:00:00.000,2021-08-31 00:00:00.000,2021-09-01 00:00:00.000,2021-09-03 00:00:00.000
5030091,2021-08-27,2021-08-30 00:00:00.000,2021-08-31 00:00:00.000,2021-09-01 00:00:00.000,2021-09-03 00:00:00.000
5027635,2021-08-27,2021-08-30 00:00:00.000,2021-08-31 00:00:00.000,2021-09-01 02:03:24.841,2021-09-03 02:03:24.841
5022711,2021-08-27,2021-08-30 00:00:00.000,2021-08-31 00:00:00.000,2021-09-01 05:50:36.890,2021-09-03 05:50:36.890
5029540,2021-08-27,2021-08-30 00:00:00.000,2021-08-31 00:00:00.000,2021-09-03 05:34:15.164,2021-09-06 05:34:15.164
5022907,2021-08-27,2021-08-30 00:00:00.000,2021-08-31 04:10:38.376,2021-09-01 04:10:38.376,2021-09-03 04:10:38.376
5032590,2021-08-27,2021-08-30 00:00:00.000,2021-08-31 08:56:43.354,2021-09-01 08:56:43.354,2021-09-03 08:56:43.354
5032381,2021-08-27,2021-08-30 00:00:00.000,2021-08-31 17:53:38.903,2021-09-02 05:18:48.305,2021-09-06 05:18:48.305
5036122,2021-08-27,2021-08-30 00:00:00.000,2021-09-03 07:22:02.297,2021-09-06 07:22:02.297,2021-09-08 07:22:02.297
5025302,2021-08-27,2021-08-30 00:00:00.000,2021-09-06 04:09:35.050,2021-09-06 14:13:09.035,2021-09-08 14:13:09.035
5024104,2021-08-27,2021-08-30 00:45:19.097,2021-09-03 11:30:51.224,2021-09-06 02:28:55.124,2021-09-08 02:28:55.124
5022919,2021-08-27,2021-08-30 01:13:23.773,2021-09-01 04:06:27.407,2021-09-02 04:06:27.407,2021-09-06 04:06:27.407
5031969,2021-08-27,2021-08-30 01:14:45.401,2021-09-01 01:14:45.401,2021-09-02 01:14:45.401,2021-09-06 01:14:45.401
5027672,2021-08-27,2021-08-30 02:13:43.026,2021-08-31 07:03:42.735,2021-09-01 11:03:41.026,2021-09-03 11:03:41.026
5023835,2021-08-27,2021-08-30 02:47:12.276,2021-09-01 02:47:12.276,2021-09-02 11:28:54.217,2021-09-06 11:28:54.217
5035192,2021-08-27,2021-08-30 04:06:05.223,2021-09-03 04:27:12.202,2021-09-06 03:37:40.049,2021-09-08 03:37:40.049
5029977,2021-08-27,2021-08-30 04:22:50.917,2021-09-02 02:09:26.250,2021-09-03 02:09:26.250,2021-09-06 02:09:26.250
5034784,2021-08-27,2021-08-30 06:30:41.722,2021-08-31 17:55:21.370,2021-09-02 08:33:13.441,2021-09-06 08:33:13.441
5032322,2021-08-27,2021-08-30 07:18:34.183,2021-09-01 07:18:34.183,2021-09-02 22:19:40.921,2021-09-06 22:19:40.921
5036157,2021-08-27,2021-08-30 07:51:10.370,2021-09-02 06:06:00.645,2021-09-03 06:06:00.645,2021-09-06 06:06:00.645
5026873,2021-08-27,2021-08-30 09:29:27.578,2021-09-01 10:48:51.296,2021-09-02 10:48:51.296,2021-09-06 10:48:51.296
5032121,2021-08-27,2021-08-30 09:56:30.317,2021-08-31 09:56:30.317,2021-09-03 01:56:08.780,2021-09-06 01:56:08.780
5028916,2021-08-27,2021-08-30 11:12:01.427,2021-09-01 11:12:01.427,2021-09-02 11:12:01.427,2021-09-06 11:12:01.427
5027115,2021-08-27,2021-08-30 12:12:33.585,2021-09-02 13:55:53.621,2021-09-03 13:55:53.621,2021-09-06 13:55:53.621
5036741,2021-08-27,2021-08-30 12:13:21.444,2021-09-01 12:13:21.444,2021-09-02 12:13:21.444,2021-09-06 12:13:21.444
5024073,2021-08-27,2021-08-30 12:16:48.913,2021-09-01 12:16:48.913,2021-09-02 12:16:48.913,2021-09-06 12:16:48.913
5035772,2021-08-27,2021-08-30 13:43:33.857,2021-09-02 17:23:36.616,2021-09-03 19:08:28.446,2021-09-06 19:08:28.446
5029110,2021-08-27,2021-08-30 14:32:32.456,2021-09-01 14:32:32.456,2021-09-03 01:01:33.310,2021-09-06 01:01:33.310
5033980,2021-08-27,2021-08-30 15:12:53.904,2021-09-01 15:12:53.904,2021-09-02 15:12:53.904,2021-09-06 15:12:53.904
5032424,2021-08-27,2021-08-30 15:47:13.446,2021-09-06 07:30:41.839,2021-09-06 07:30:41.839,2021-09-08 07:30:41.839
5026439,2021-08-27,2021-08-30 16:38:28.155,2021-08-31 18:11:34.287,2021-09-01 18:11:34.287,2021-09-03 18:11:34.287
5029406,2021-08-27,2021-08-30 16:57:30.145,2021-08-31 16:57:30.145,2021-09-02 07:44:29.992,2021-09-06 07:44:29.992
5026739,2021-08-27,2021-08-30 17:38:54.397,2021-09-01 17:38:54.397,2021-09-06 04:08:28.628,2021-09-08 04:08:28.628
5035718,2021-08-27,2021-08-30 17:39:16.499,2021-08-31 17:39:16.499,2021-09-01 19:07:49.600,2021-09-03 19:07:49.600
5028033,2021-08-27,2021-08-30 18:52:02.062,2021-09-02 06:46:27.027,2021-09-03 06:46:27.027,2021-09-06 06:46:27.027
5028967,2021-08-27,2021-08-30 19:08:21.514,2021-09-03 17:58:06.844,2021-09-07 05:13:48.532,2021-09-09 05:13:48.532
5029326,2021-08-27,2021-08-30 19:52:45.542,2021-09-02 18:49:52.590,2021-09-03 18:49:52.590,2021-09-06 18:49:52.590
5033198,2021-08-27,2021-08-30 20:24:24.148,2021-09-03 23:38:38.157,2021-09-06 23:38:38.157,2021-09-08 23:38:38.157
5024274,2021-08-27,2021-08-30 20:26:12.199,2021-09-01 20:26:12.199,2021-09-02 23:38:45.080,2021-09-06 23:38:45.080
5025609,2021-08-27,2021-08-30 21:10:27.678,2021-08-31 23:12:53.754,2021-09-01 23:12:53.754,2021-09-03 23:12:53.754
5024683,2021-08-27,2021-08-30 21:36:10.693,2021-09-02 10:04:55.276,2021-09-03 21:52:55.276,2021-09-06 21:52:55.276
5028034,2021-08-27,2021-08-30 22:13:28.563,2021-09-03 08:01:26.037,2021-09-06 08:01:26.037,2021-09-08 08:01:26.037
5032686,2021-08-27,2021-08-31 00:14:05.903,2021-09-02 00:14:05.903,2021-09-03 00:14:05.903,2021-09-06 00:14:05.903
5026400,2021-08-27,2021-08-31 00:33:17.082,2021-09-02 00:33:17.082,2021-09-03 10:59:02.537,2021-09-06 10:59:02.537
5029446,2021-08-27,2021-08-31 03:12:11.126,2021-09-02 03:12:11.126,2021-09-03 03:12:11.126,2021-09-06 03:12:11.126
5027375,2021-08-27,2021-08-31 03:36:08.100,2021-09-02 03:36:08.100,2021-09-03 03:36:08.100,2021-09-06 03:36:08.100
5031661,2021-08-27,2021-08-31 05:49:07.618,2021-09-02 05:49:07.618,2021-09-03 19:26:15.759,2021-09-06 19:26:15.759
5031863,2021-08-27,2021-08-31 07:07:42.085,2021-09-06 14:06:20.060,2021-09-06 14:06:20.060,2021-09-08 14:06:20.060
5037460,2021-08-27,2021-08-31 07:11:38.320,2021-09-02 07:11:38.320,2021-09-03 19:10:53.928,2021-09-06 19:10:53.928
5024898,2021-08-27,2021-08-31 07:19:23.332,2021-09-02 07:19:23.332,2021-09-06 00:56:17.669,2021-09-08 00:56:17.669
5026366,2021-08-27,2021-08-31 08:06:17.723,2021-09-02 08:06:17.723,2021-09-03 08:06:17.723,2021-09-06 08:06:17.723
5034312,2021-08-27,2021-08-31 08:32:25.823,2021-09-07 00:30:32.841,2021-09-08 00:30:32.841,2021-09-10 00:30:32.841
5031591,2021-08-27,2021-08-31 09:28:05.290,2021-09-02 11:00:08.441,2021-09-03 11:00:08.441,2021-09-06 11:00:08.441
5032032,2021-08-27,2021-08-31 10:05:22.451,2021-09-03 02:22:01.127,2021-09-06 22:51:59.674,2021-09-08 22:51:59.674
5035430,2021-08-27,2021-08-31 10:46:43.110,2021-09-03 01:06:11.889,2021-09-06 10:00:08.739,2021-09-08 10:00:08.739
5026741,2021-08-27,2021-08-31 11:40:14.050,2021-09-06 17:16:46.299,2021-09-06 21:58:29.676,2021-09-08 21:58:29.676
5035755,2021-08-27,2021-08-31 12:09:29.593,2021-09-06 12:30:10.298,2021-09-06 12:30:10.298,2021-09-08 12:30:10.298
5028112,2021-08-27,2021-08-31 13:12:22.554,2021-09-03 10:46:10.375,2021-09-06 10:46:10.375,2021-09-08 10:46:10.375
5034625,2021-08-27,2021-08-31 13:29:21.178,2021-09-07 09:04:00.192,2021-09-08 09:04:00.192,2021-09-10 09:04:00.192
5022586,2021-08-27,2021-08-31 13:55:43.524,2021-09-03 15:09:55.508,2021-09-06 22:45:25.156,2021-09-08 22:45:25.156
5027596,2021-08-27,2021-08-31 14:56:59.245,2021-09-06 11:51:49.108,2021-09-07 20:06:27.235,2021-09-09 20:06:27.235
5029362,2021-08-27,2021-08-31 17:51:03.834,2021-09-02 17:51:03.834,2021-09-03 17:51:03.834,2021-09-06 17:51:03.834
5033122,2021-08-27,2021-08-31 19:37:23.730,2021-09-02 19:37:23.730,2021-09-03 19:37:23.730,2021-09-06 19:37:23.730
5024009,2021-08-27,2021-08-31 23:58:01.648,2021-09-02 23:58:01.648,2021-09-03 23:58:01.648,2021-09-06 23:58:01.648
5030032,2021-08-27,2021-09-01 00:22:46.104,2021-09-03 09:58:51.519,2021-09-06 09:58:51.519,2021-09-08 09:58:51.519
5029701,2021-08-27,2021-09-01 00:44:48.200,2021-09-06 05:28:45.446,2021-09-06 05:28:45.446,2021-09-08 05:28:45.446
5021367,2021-08-27,2021-09-01 00:59:59.982,2021-09-03 00:59:59.982,2021-09-06 00:59:59.982,2021-09-08 00:59:59.982
5025328,2021-08-27,2021-09-01 01:40:23.452,2021-09-06 07:01:14.805,2021-09-06 07:01:14.805,2021-09-08 07:01:14.805
5035528,2021-08-27,2021-09-01 01:54:28.006,2021-09-03 01:54:28.006,2021-09-06 01:54:28.006,2021-09-08 01:54:28.006
5031743,2021-08-27,2021-09-01 02:04:35.502,2021-09-06 09:48:13.558,2021-09-07 00:18:21.540,2021-09-09 00:18:21.540
5026682,2021-08-27,2021-09-01 03:09:47.902,2021-09-03 03:09:47.902,2021-09-06 04:04:18.703,2021-09-08 04:04:18.703
5027086,2021-08-27,2021-09-01 03:15:58.732,2021-09-03 03:15:58.732,2021-09-06 06:56:10.286,2021-09-08 06:56:10.286
5024684,2021-08-27,2021-09-01 07:42:15.425,2021-09-06 03:20:05.067,2021-09-07 03:20:05.067,2021-09-09 03:20:05.067
5025092,2021-08-27,2021-09-01 08:41:07.868,2021-09-06 05:58:38.636,2021-09-06 05:58:38.636,2021-09-08 05:58:38.636
5021961,2021-08-27,2021-09-01 09:59:43.120,2021-09-03 09:59:43.120,2021-09-06 09:59:43.120,2021-09-08 09:59:43.120
5034264,2021-08-27,2021-09-01 10:59:36.968,2021-09-06 11:53:04.863,2021-09-06 18:43:22.764,2021-09-08 18:43:22.764
5026268,2021-08-27,2021-09-01 11:36:55.282,2021-09-06 22:28:28.913,2021-09-08 22:16:01.229,2021-09-10 22:16:01.229
5036507,2021-08-27,2021-09-01 11:38:20.103,2021-09-06 22:22:04.145,2021-09-06 08:57:46.801,2021-09-08 08:57:46.801
5031572,2021-08-27,2021-09-01 13:46:56.065,2021-09-03 13:46:56.065,2021-09-06 13:46:56.065,2021-09-08 13:46:56.065
5031484,2021-08-27,2021-09-01 16:21:30.997,2021-09-03 16:21:30.997,2021-09-06 01:19:55.327,2021-09-08 01:19:55.327
5035327,2021-08-27,2021-09-01 20:14:42.457,2021-09-06 18:22:42.710,2021-09-06 18:22:42.710,2021-09-08 18:22:42.710
5022641,2021-08-27,2021-09-01 21:13:26.795,2021-09-03 21:13:26.795,2021-09-06 09:39:21.988,2021-09-08 09:39:21.988
5022568,2021-08-27,2021-09-02 05:17:57.549,2021-09-06 05:17:57.549,2021-09-06 05:17:57.549,2021-09-08 05:17:57.549
5024215,2021-08-27,2021-09-02 08:17:17.868,2021-09-06 15:34:39.235,2021-09-07 15:34:39.235,2021-09-09 15:34:39.235
5035306,2021-08-27,2021-09-02 10:05:38.991,2021-09-06 10:05:38.991,2021-09-06 10:05:38.991,2021-09-08 10:05:38.991
5030832,2021-08-27,2021-09-02 12:03:46.577,2021-09-06 14:59:14.136,2021-09-07 05:19:10.740,2021-09-09 05:19:10.740
5027370,2021-08-27,2021-09-02 12:26:00.029,2021-09-06 20:56:18.085,2021-09-07 20:56:18.085,2021-09-09 20:56:18.085
5031691,2021-08-27,2021-09-02 13:00:26.289,2021-09-06 13:00:26.289,2021-09-06 09:00:31.788,2021-09-08 09:00:31.788
5035479,2021-08-27,2021-09-02 23:13:13.120,2021-09-07 10:10:44.887,2021-09-08 10:10:44.887,2021-09-10 10:10:44.887
5024280,2021-08-27,2021-09-03 03:01:13.348,2021-09-06 16:30:32.539,2021-09-07 16:30:32.539,2021-09-09 16:30:32.539
5028961,2021-08-27,2021-09-03 11:34:26.717,2021-09-06 11:34:26.717,2021-09-06 11:34:26.717,2021-09-08 11:34:26.717
5029134,2021-08-27,2021-09-03 19:26:07.337,2021-09-07 21:17:12.633,2021-09-08 21:17:12.633,2021-09-10 21:17:12.633
5024382,2021-08-27,2021-09-06 01:20:55.038,2021-09-06 01:20:55.038,2021-09-07 01:20:55.038,2021-09-09 01:20:55.038
5026338,2021-08-27,2021-09-06 06:41:42.353,2021-09-06 06:41:42.353,2021-09-07 17:16:03.165,2021-09-09 17:16:03.165
5025691,2021-08-27,2021-09-06 15:08:14.079,2021-09-07 15:08:14.079,2021-09-10 17:35:05.661,2021-09-13 17:35:05.661
5028774,2021-08-27,2021-09-06 15:26:26.389,2021-09-07 21:41:06.888,2021-09-08 21:41:06.888,2021-09-10 21:41:06.888
5033645,2021-08-28,2021-08-30 00:00:00.000,2021-09-01 00:00:00.000,2021-09-02 00:00:00.000,2021-09-06 00:00:00.000
5032394,2021-08-28,2021-08-30 00:00:00.000,2021-09-01 00:00:00.000,2021-09-02 00:00:00.000,2021-09-06 00:00:00.000
5037493,2021-08-28,2021-08-30 00:00:00.000,2021-09-01 00:00:00.000,2021-09-02 00:00:00.000,2021-09-06 00:00:00.000
5029751,2021-08-28,2021-08-30 00:00:00.000,2021-09-01 00:00:00.000,2021-09-02 00:00:00.000,2021-09-06 00:00:00.000
5036070,2021-08-28,2021-08-30 00:00:00.000,2021-09-01 00:00:00.000,2021-09-02 00:00:00.000,2021-09-06 00:00:00.000
5025016,2021-08-28,2021-08-30 00:00:00.000,2021-09-01 00:00:00.000,2021-09-02 00:00:00.000,2021-09-06 00:00:00.000
5033950,2021-08-28,2021-08-30 00:00:00.000,2021-09-01 00:00:00.000,2021-09-02 00:00:00.000,2021-09-06 00:00:00.000
5022692,2021-08-28,2021-08-30 00:00:00.000,2021-09-01 00:00:00.000,2021-09-02 01:23:35.302,2021-09-06 01:23:35.302
5033437,2021-08-28,2021-08-30 00:00:00.000,2021-09-01 00:00:00.000,2021-09-02 05:12:55.036,2021-09-06 05:12:55.036
5032830,2021-08-28,2021-08-30 00:00:00.000,2021-09-01 00:00:00.000,2021-09-02 14:04:28.718,2021-09-06 14:04:28.718
5036639,2021-08-28,2021-08-30 00:00:00.000,2021-09-01 00:00:00.000,2021-09-02 22:33:14.146,2021-09-06 22:33:14.146
5035613,2021-08-28,2021-08-30 00:00:00.000,2021-09-01 00:00:00.000,2021-09-03 08:24:23.966,2021-09-06 08:24:23.966
5036919,2021-08-28,2021-08-30 00:00:00.000,2021-09-01 00:00:00.000,2021-09-03 11:25:32.872,2021-09-06 11:25:32.872
5021526,2021-08-28,2021-08-30 00:00:00.000,2021-09-01 00:00:00.000,2021-09-03 13:12:43.083,2021-09-06 13:12:43.083
5024695,2021-08-28,2021-08-30 00:00:00.000,2021-09-01 13:20:47.277,2021-09-02 13:20:47.277,2021-09-06 13:20:47.277
5027624,2021-08-28,2021-08-30 00:00:00.000,2021-09-01 14:19:39.099,2021-09-02 20:15:37.899,2021-09-06 20:15:37.899
5024527,2021-08-28,2021-08-30 00:00:00.000,2021-09-02 05:11:12.555,2021-09-06 07:55:21.135,2021-09-08 07:55:21.135
5021998,2021-08-28,2021-08-30 00:00:00.000,2021-09-02 20:06:47.906,2021-09-03 20:06:47.906,2021-09-06 20:06:47.906
5028801,2021-08-28,2021-08-30 00:00:00.000,2021-09-06 03:28:48.778,2021-09-06 03:28:48.778,2021-09-08 03:28:48.778
5032134,2021-08-28,2021-08-30 03:49:17.875,2021-09-01 03:49:17.875,2021-09-02 03:49:17.875,2021-09-06 03:49:17.875
5035848,2021-08-28,2021-08-30 09:12:31.158,2021-09-02 22:54:37.067,2021-09-06 07:58:56.623,2021-09-08 07:58:56.623
5033382,2021-08-28,2021-08-30 12:38:11.379,2021-09-06 12:10:01.730,2021-09-08 14:39:26.311,2021-09-10 14:39:26.311
5021965,2021-08-28,2021-08-30 12:38:13.078,2021-09-01 12:38:13.078,2021-09-03 21:19:59.333,2021-09-06 21:19:59.333
5026435,2021-08-28,2021-08-30 12:43:55.281,2021-09-03 02:47:59.146,2021-09-06 06:29:12.169,2021-09-08 06:29:12.169
5033124,2021-08-28,2021-08-30 13:14:45.287,2021-09-02 04:36:35.800,2021-09-03 08:36:19.191,2021-09-06 08:36:19.191
5031771,2021-08-28,2021-08-30 15:09:07.048,2021-09-01 15:09:07.048,2021-09-03 07:28:25.657,2021-09-06 07:28:25.657
5029952,2021-08-28,2021-08-30 16:43:02.745,2021-09-03 02:50:26.224,2021-09-06 07:17:49.400,2021-09-08 07:17:49.400
5035298,2021-08-28,2021-08-30 20:39:46.279,2021-09-01 20:39:46.279,2021-09-02 20:39:46.279,2021-09-06 20:39:46.279
5026401,2021-08-28,2021-08-30 23:49:00.814,2021-09-02 19:35:48.038,2021-09-03 19:35:48.038,2021-09-06 19:35:48.038
5029411,2021-08-28,2021-08-31 01:32:29.988,2021-09-02 01:32:29.988,2021-09-03 01:32:29.988,2021-09-06 01:32:29.988
5024232,2021-08-28,2021-08-31 01:43:12.338,2021-09-06 05:00:40.574,2021-09-06 14:00:46.440,2021-09-08 14:00:46.440
5032500,2021-08-28,2021-08-31 03:23:45.666,2021-09-03 10:38:07.827,2021-09-06 18:35:37.022,2021-09-08 18:35:37.022
5037350,2021-08-28,2021-08-31 03:46:57.978,2021-09-06 21:58:32.575,2021-09-06 21:58:32.575,2021-09-08 21:58:32.575
5024719,2021-08-28,2021-08-31 03:53:16.541,2021-09-02 03:53:16.541,2021-09-03 03:53:16.541,2021-09-06 03:53:16.541
5024564,2021-08-28,2021-08-31 04:04:48.619,2021-09-06 01:59:26.726,2021-09-06 01:59:26.726,2021-09-08 01:59:26.726
5031532,2021-08-28,2021-08-31 05:24:36.487,2021-09-02 07:02:23.796,2021-09-06 12:54:46.109,2021-09-08 12:54:46.109
5035603,2021-08-28,2021-08-31 07:00:41.677,2021-09-02 07:00:41.677,2021-09-03 11:14:53.110,2021-09-06 11:14:53.110
5023946,2021-08-28,2021-08-31 07:16:49.369,2021-09-02 19:48:25.838,2021-09-06 08:28:53.322,2021-09-08 08:28:53.322
5021719,2021-08-28,2021-08-31 07:52:33.231,2021-09-06 14:29:38.067,2021-09-06 14:29:38.067,2021-09-08 14:29:38.067
5025432,2021-08-28,2021-08-31 09:41:09.215,2021-09-06 02:06:28.865,2021-09-06 02:06:28.865,2021-09-08 02:06:28.865
5031871,2021-08-28,2021-08-31 10:00:12.167,2021-09-02 10:00:12.167,2021-09-03 10:00:12.167,2021-09-06 10:00:12.167
5022824,2021-08-28,2021-08-31 10:36:02.494,2021-09-02 10:36:02.494,2021-09-03 10:36:02.494,2021-09-06 10:36:02.494
5033862,2021-08-28,2021-08-31 12:13:25.578,2021-09-02 12:13:25.578,2021-09-06 09:35:19.187,2021-09-08 09:35:19.187
5025349,2021-08-28,2021-08-31 13:41:46.082,2021-09-02 23:46:05.683,2021-09-03 23:46:05.683,2021-09-06 23:46:05.683
5032709,2021-08-28,2021-08-31 15:27:56.551,2021-09-02 19:31:12.075,2021-09-03 19:31:12.075,2021-09-06 19:31:12.075
5027836,2021-08-28,2021-08-31 15:44:04.308,2021-09-02 15:44:04.308,2021-09-03 15:44:04.308,2021-09-06 15:44:04.308
5022028,2021-08-28,2021-08-31 17:38:39.349,2021-09-06 08:53:32.095,2021-09-08 03:25:56.159,2021-09-10 03:25:56.159
5024384,2021-08-28,2021-08-31 18:08:57.512,2021-09-03 06:45:11.400,2021-09-06 10:16:06.721,2021-09-08 10:16:06.721
5035286,2021-08-28,2021-08-31 18:57:17.263,2021-09-03 23:36:03.850,2021-09-06 14:39:31.644,2021-09-08 14:39:31.644
5033416,2021-08-28,2021-08-31 21:05:23.743,2021-09-02 21:05:23.743,2021-09-06 02:58:31.028,2021-09-08 02:58:31.028
5025211,2021-08-28,2021-08-31 21:31:26.067,2021-09-03 18:21:49.159,2021-09-06 18:21:49.159,2021-09-08 18:21:49.159
5024354,2021-08-28,2021-08-31 22:27:38.448,2021-09-06 02:11:55.987,2021-09-06 02:11:55.987,2021-09-08 02:11:55.987
5024385,2021-08-28,2021-09-01 00:33:17.206,2021-09-03 21:16:42.078,2021-09-06 00:51:31.706,2021-09-08 00:51:31.706
5026619,2021-08-28,2021-09-01 03:00:55.248,2021-09-06 22:49:03.710,2021-09-07 22:49:03.710,2021-09-09 22:49:03.710
5033797,2021-08-28,2021-09-01 04:22:06.441,2021-09-03 04:22:06.441,2021-09-06 07:50:15.940,2021-09-08 07:50:15.940
5030018,2021-08-28,2021-09-01 04:28:59.378,2021-09-03 04:28:59.378,2021-09-06 04:28:59.378,2021-09-08 04:28:59.378
5034627,2021-08-28,2021-09-01 04:55:15.641,2021-09-03 04:55:15.641,2021-09-06 04:55:15.641,2021-09-08 04:55:15.641
5029879,2021-08-28,2021-09-01 05:00:55.885,2021-09-03 05:00:55.885,2021-09-06 04:05:12.556,2021-09-08 04:05:12.556
5024294,2021-08-28,2021-09-01 05:32:47.898,2021-09-06 13:57:24.792,2021-09-07 09:03:30.480,2021-09-09 09:03:30.480
5032010,2021-08-28,2021-09-01 05:53:52.058,2021-09-03 05:53:52.058,2021-09-06 20:03:07.329,2021-09-08 20:03:07.329
5029457,2021-08-28,2021-09-01 05:59:36.171,2021-09-03 05:59:36.171,2021-09-06 10:49:08.496,2021-09-08 10:49:08.496
5028969,2021-08-28,2021-09-01 07:18:31.709,2021-09-06 09:29:50.139,2021-09-06 17:05:48.643,2021-09-08 17:05:48.643
5031847,2021-08-28,2021-09-01 12:01:06.316,2021-09-03 12:01:06.316,2021-09-06 15:20:55.956,2021-09-08 15:20:55.956
5035302,2021-08-28,2021-09-01 15:08:24.170,2021-09-03 15:08:24.170,2021-09-06 19:05:16.305,2021-09-08 19:05:16.305
5023395,2021-08-28,2021-09-01 15:27:57.622,2021-09-06 00:49:50.196,2021-09-06 01:50:00.123,2021-09-08 01:50:00.123
5024626,2021-08-28,2021-09-01 15:55:40.641,2021-09-06 14:43:43.365,2021-09-07 14:43:43.365,2021-09-09 14:43:43.365
5035338,2021-08-28,2021-09-01 16:41:57.553,2021-09-07 00:26:55.855,2021-09-08 00:26:55.855,2021-09-10 00:26:55.855
5035219,2021-08-28,2021-09-01 18:29:28.385,2021-09-06 05:55:53.751,2021-09-06 16:43:13.150,2021-09-08 16:43:13.150
5032447,2021-08-28,2021-09-01 18:46:17.411,2021-09-06 21:23:25.258,2021-09-07 08:34:03.950,2021-09-09 08:34:03.950
5023036,2021-08-28,2021-09-01 21:09:47.404,2021-09-06 11:27:32.351,2021-09-08 06:06:10.449,2021-09-10 06:06:10.449
5029146,2021-08-28,2021-09-01 23:09:58.146,2021-09-06 14:34:16.394,2021-09-06 08:37:31.070,2021-09-08 08:37:31.070
5027522,2021-08-28,2021-09-02 04:06:56.589,2021-09-06 06:39:51.467,2021-09-07 08:31:05.614,2021-09-09 08:31:05.614
5030389,2021-08-28,2021-09-02 05:33:15.964,2021-09-06 05:33:15.964,2021-09-06 13:09:24.313,2021-09-08 13:09:24.313
5035580,2021-08-28,2021-09-02 07:44:34.973,2021-09-06 17:55:05.525,2021-09-08 09:49:53.440,2021-09-10 09:49:53.440
5029453,2021-08-28,2021-09-02 11:02:59.410,2021-09-06 11:02:59.410,2021-09-06 11:02:59.410,2021-09-08 11:02:59.410
5022239,2021-08-28,2021-09-02 18:34:43.153,2021-09-06 19:40:08.852,2021-09-08 01:26:56.010,2021-09-10 01:26:56.010
5021398,2021-08-28,2021-09-02 19:54:36.766,2021-09-06 21:48:05.290,2021-09-08 20:32:42.114,2021-09-10 20:32:42.114
5029058,2021-08-28,2021-09-02 21:08:03.761,2021-09-06 21:08:03.761,2021-09-06 06:01:59.576,2021-09-08 06:01:59.576
5023882,2021-08-28,2021-09-03 02:53:01.718,2021-09-06 04:32:12.332,2021-09-06 12:02:36.316,2021-09-08 12:02:36.316
5035246,2021-08-28,2021-09-03 05:10:53.970,2021-09-06 05:10:53.970,2021-09-06 05:10:53.970,2021-09-08 05:10:53.970
5035369,2021-08-28,2021-09-03 05:38:48.212,2021-09-06 05:38:48.212,2021-09-06 13:42:26.132,2021-09-08 13:42:26.132
5025451,2021-08-28,2021-09-03 07:30:02.021,2021-09-06 22:13:07.959,2021-09-06 22:13:07.959,2021-09-08 22:13:07.959
5032509,2021-08-28,2021-09-03 08:52:31.618,2021-09-06 00:39:48.794,2021-09-07 00:39:48.794,2021-09-09 00:39:48.794
5032973,2021-08-28,2021-09-03 13:29:40.837,2021-09-06 13:29:40.837,2021-09-06 13:29:40.837,2021-09-08 13:29:40.837
5035486,2021-08-28,2021-09-03 16:34:55.987,2021-09-06 03:14:02.007,2021-09-07 12:50:21.517,2021-09-09 12:50:21.517
5025307,2021-08-28,2021-09-03 17:13:56.121,2021-09-06 17:13:56.121,2021-09-07 03:11:48.938,2021-09-09 03:11:48.938
5021974,2021-08-28,2021-09-03 18:23:44.204,2021-09-06 18:23:44.204,2021-09-06 18:23:44.204,2021-09-08 18:23:44.204
5024463,2021-08-28,2021-09-03 20:48:26.188,2021-09-06 21:36:00.650,2021-09-07 21:36:00.650,2021-09-09 21:36:00.650
5034725,2021-08-28,2021-09-03 21:13:37.697,2021-09-06 22:46:47.699,2021-09-09 00:30:48.805,2021-09-13 00:30:48.805
5034878,2021-08-28,2021-09-06 05:01:37.682,2021-09-08 04:00:23.833,2021-09-10 01:16:51.995,2021-09-13 01:16:51.995
5031971,2021-08-28,2021-09-06 07:45:33.066,2021-09-06 07:45:33.066,2021-09-07 07:45:33.066,2021-09-09 07:45:33.066
5035618,2021-08-28,2021-09-06 08:15:30.090,2021-09-09 06:35:32.424,2021-09-10 06:35:32.424,2021-09-13 06:35:32.424
5024797,2021-08-28,2021-09-06 17:26:13.196,2021-09-08 02:15:00.791,2021-09-09 02:15:00.791,2021-09-13 02:15:00.791
5029607,2021-08-28,2021-09-06 19:45:10.038,2021-09-13 20:03:30.409,2021-09-13 01:59:07.089,2021-09-15 01:59:07.089
5035881,2021-08-28,2021-09-06 20:23:39.014,2021-09-07 20:23:39.014,2021-09-09 05:22:56.419,2021-09-13 05:22:56.419
5025131,2021-08-28,2021-09-06 20:56:38.713,2021-09-06 21:17:22.719,2021-09-07 21:17:22.719,2021-09-09 21:17:22.719
5022748,2021-08-28,2021-09-06 23:13:12.224,2021-09-08 23:13:12.224,2021-09-13 05:12:12.860,2021-09-15 05:12:12.860
5025118,2021-08-30,2021-09-01 00:00:00.000,2021-09-03 00:00:00.000,2021-09-06 00:00:00.000,2021-09-08 00:00:00.000
5035469,2021-08-30,2021-09-01 00:00:00.000,2021-09-03 00:00:00.000,2021-09-06 00:00:00.000,2021-09-08 00:00:00.000
5036193,2021-08-30,2021-09-01 00:00:00.000,2021-09-03 00:00:00.000,2021-09-06 05:35:21.650,2021-09-08 05:35:21.650
5024817,2021-08-30,2021-09-01 00:00:00.000,2021-09-03 00:00:00.000,2021-09-06 08:54:31.776,2021-09-08 08:54:31.776
5024289,2021-08-30,2021-09-01 00:00:00.000,2021-09-03 00:00:00.000,2021-09-06 10:07:19.829,2021-09-08 10:07:19.829
5022797,2021-08-30,2021-09-01 00:00:00.000,2021-09-03 00:00:00.000,2021-09-06 10:37:36.281,2021-09-08 10:37:36.281
5037522,2021-08-30,2021-09-01 00:00:00.000,2021-09-03 00:00:00.000,2021-09-06 15:43:13.770,2021-09-08 15:43:13.770
5033154,2021-08-30,2021-09-01 00:00:00.000,2021-09-03 00:00:00.000,2021-09-06 15:48:47.919,2021-09-08 15:48:47.919
5036967,2021-08-30,2021-09-01 00:00:00.000,2021-09-03 00:00:00.000,2021-09-06 20:14:33.266,2021-09-08 20:14:33.266
5021753,2021-08-30,2021-09-01 00:00:00.000,2021-09-03 02:32:43.137,2021-09-06 18:36:24.396,2021-09-08 18:36:24.396
5033253,2021-08-30,2021-09-01 00:00:00.000,2021-09-03 05:22:12.501,2021-09-06 05:22:12.501,2021-09-08 05:22:12.501
5029523,2021-08-30,2021-09-01 00:00:00.000,2021-09-03 15:26:57.815,2021-09-06 15:26:57.815,2021-09-08 15:26:57.815
5035540,2021-08-30,2021-09-01 00:00:00.000,2021-09-03 16:02:59.465,2021-09-06 21:31:43.160,2021-09-08 21:31:43.160
5035346,2021-08-30,2021-09-01 00:00:00.000,2021-09-03 17:11:53.012,2021-09-06 17:20:47.648,2021-09-08 17:20:47.648
5031721,2021-08-30,2021-09-01 00:00:00.000,2021-09-03 20:50:07.541,2021-09-06 23:00:38.917,2021-09-08 23:00:38.917
5036015,2021-08-30,2021-09-01 00:00:00.000,2021-09-06 01:09:31.179,2021-09-06 01:09:31.179,2021-09-08 01:09:31.179
5027601,2021-08-30,2021-09-01 00:00:00.000,2021-09-06 02:42:59.013,2021-09-06 02:42:59.013,2021-09-08 02:42:59.013
5029569,2021-08-30,2021-09-01 00:00:00.000,2021-09-06 05:30:24.495,2021-09-06 16:02:40.063,2021-09-08 16:02:40.063
5023423,2021-08-30,2021-09-01 00:00:00.000,2021-09-06 08:28:06.370,2021-09-06 08:28:06.370,2021-09-08 08:28:06.370
5022721,2021-08-30,2021-09-01 00:00:00.000,2021-09-06 10:35:31.684,2021-09-06 10:35:31.684,2021-09-08 10:35:31.684
5035309,2021-08-30,2021-09-01 00:00:00.000,2021-09-06 12:45:08.741,2021-09-06 12:45:08.741,2021-09-08 12:45:08.741
5025371,2021-08-30,2021-09-01 00:00:00.000,2021-09-06 23:13:04.619,2021-09-06 06:56:45.693,2021-09-08 06:56:45.693
5024486,2021-08-30,2021-09-01 00:00:00.000,2021-09-07 15:38:30.721,2021-09-08 15:38:30.721,2021-09-10 15:38:30.721
5037110,2021-08-30,2021-09-01 01:21:07.146,2021-09-03 02:36:12.744,2021-09-06 02:36:12.744,2021-09-08 02:36:12.744
5035419,2021-08-30,2021-09-01 02:11:40.637,2021-09-03 05:53:53.632,2021-09-06 07:53:20.951,2021-09-08 07:53:20.951
5029377,2021-08-30,2021-09-01 06:10:22.586,2021-09-06 20:31:52.087,2021-09-06 20:31:52.087,2021-09-08 20:31:52.087
5024236,2021-08-30,2021-09-01 07:25:05.644,2021-09-03 19:08:24.356,2021-09-06 00:08:03.952,2021-09-08 00:08:03.952
5036033,2021-08-30,2021-09-01 07:26:59.861,2021-09-09 08:18:45.433,2021-09-10 08:18:45.433,2021-09-13 08:18:45.433
5023554,2021-08-30,2021-09-01 08:04:54.615,2021-09-03 08:51:48.641,2021-09-06 01:09:46.221,2021-09-08 01:09:46.221
5026511,2021-08-30,2021-09-01 08:48:28.498,2021-09-03 10:23:27.005,2021-09-06 10:23:27.005,2021-09-08 10:23:27.005
5026551,2021-08-30,2021-09-01 10:33:36.762,2021-09-07 06:26:56.392,2021-09-08 06:26:56.392,2021-09-10 06:26:56.392
5023565,2021-08-30,2021-09-01 10:46:39.806,2021-09-03 10:46:39.806,2021-09-06 10:46:39.806,2021-09-08 10:46:39.806
5029488,2021-08-30,2021-09-01 12:24:25.018,2021-09-03 12:24:25.018,2021-09-06 12:24:25.018,2021-09-08 12:24:25.018
5029349,2021-08-30,2021-09-01 12:31:03.157,2021-09-03 12:31:03.157,2021-09-06 01:39:27.093,2021-09-08 01:39:27.093
5022420,2021-08-30,2021-09-01 14:31:34.646,2021-09-06 11:28:16.904,2021-09-06 20:17:38.821,2021-09-08 20:17:38.821
5035729,2021-08-30,2021-09-01 14:37:35.774,2021-09-03 14:37:35.774,2021-09-06 00:09:11.478,2021-09-08 00:09:11.478
5028985,2021-08-30,2021-09-01 19:22:57.951,2021-09-06 12:46:31.007,2021-09-06 12:46:31.007,2021-09-08 12:46:31.007
5034727,2021-08-30,2021-09-01 21:57:43.100,2021-09-03 21:57:43.100,2021-09-06 22:58:43.128,2021-09-08 22:58:43.128
5023044,2021-08-30,2021-09-01 22:38:00.444,2021-09-03 22:38:00.444,2021-09-06 22:38:00.444,2021-09-08 22:38:00.444
5032088,2021-08-30,2021-09-01 22:55:50.860,2021-09-03 22:55:50.860,2021-09-06 22:55:50.860,2021-09-08 22:55:50.860
5025744,2021-08-30,2021-09-02 00:23:50.349,2021-09-06 00:23:50.349,2021-09-06 00:23:50.349,2021-09-08 00:23:50.349
5022355,2021-08-30,2021-09-02 01:07:05.018,2021-09-06 01:07:05.018,2021-09-06 19:44:22.664,2021-09-08 19:44:22.664
5032011,2021-08-30,2021-09-02 02:03:31.042,2021-09-06 02:03:31.042,2021-09-06 05:11:50.226,2021-09-08 05:11:50.226
5035643,2021-08-30,2021-09-02 02:13:45.993,2021-09-06 16:02:04.816,2021-09-06 01:27:59.456,2021-09-08 01:27:59.456
5030102,2021-08-30,2021-09-02 04:12:47.949,2021-09-06 09:50:36.450,2021-09-06 09:50:36.450,2021-09-08 09:50:36.450
5030123,2021-08-30,2021-09-02 05:16:43.927,2021-09-06 05:16:43.927,2021-09-06 14:57:10.982,2021-09-08 14:57:10.982
5035735,2021-08-30,2021-09-02 07:39:48.437,2021-09-06 07:39:48.437,2021-09-06 16:37:43.229,2021-09-08 16:37:43.229
5029737,2021-08-30,2021-09-02 09:04:04.460,2021-09-08 16:48:44.821,2021-09-09 16:48:44.821,2021-09-13 16:48:44.821
5034315,2021-08-30,2021-09-02 09:52:59.107,2021-09-06 01:44:40.463,2021-09-06 01:44:40.463,2021-09-08 01:44:40.463
5027315,2021-08-30,2021-09-02 11:51:15.030,2021-09-06 11:51:15.030,2021-09-06 16:10:51.185,2021-09-08 16:10:51.185
5036518,2021-08-30,2021-09-02 15:30:27.063,2021-09-06 20:34:04.021,2021-09-08 08:23:23.102,2021-09-10 08:23:23.102
5035553,2021-08-30,2021-09-02 15:54:54.750,2021-09-06 10:31:12.059,2021-09-08 18:34:17.843,2021-09-10 18:34:17.843
5032454,2021-08-30,2021-09-02 16:17:26.659,2021-09-06 16:17:26.659,2021-09-06 15:00:29.234,2021-09-08 15:00:29.234
5028568,2021-08-30,2021-09-02 16:32:56.808,2021-09-06 16:32:56.808,2021-09-06 16:32:56.808,2021-09-08 16:32:56.808
5029222,2021-08-30,2021-09-02 17:24:04.653,2021-09-07 09:40:40.793,2021-09-09 04:19:26.216,2021-09-13 04:19:26.216
5028736,2021-08-30,2021-09-02 17:37:52.584,2021-09-06 17:37:52.584,2021-09-06 17:37:52.584,2021-09-08 17:37:52.584
5031698,2021-08-30,2021-09-02 17:46:52.032,2021-09-07 12:08:47.683,2021-09-08 12:08:47.683,2021-09-10 12:08:47.683
5034144,2021-08-30,2021-09-02 18:40:56.410,2021-09-06 00:42:53.802,2021-09-07 11:15:43.104,2021-09-09 11:15:43.104
5028754,2021-08-30,2021-09-02 20:53:43.400,2021-09-06 20:53:43.400,2021-09-06 20:53:43.400,2021-09-08 20:53:43.400
5035621,2021-08-30,2021-09-02 21:44:11.931,2021-09-06 07:29:19.170,2021-09-07 07:29:19.170,2021-09-09 07:29:19.170
5026395,2021-08-30,2021-09-02 21:52:13.552,2021-09-06 22:58:55.303,2021-09-08 18:10:08.944,2021-09-10 18:10:08.944
5034014,2021-08-30,2021-09-02 22:16:52.791,2021-09-06 22:16:52.791,2021-09-06 22:16:52.791,2021-09-08 22:16:52.791
5026516,2021-08-30,2021-09-02 23:41:19.063,2021-09-06 23:41:19.063,2021-09-06 23:41:19.063,2021-09-08 23:41:19.063
5026312,2021-08-30,2021-09-02 23:49:56.388,2021-09-09 17:56:27.145,2021-09-13 11:22:26.587,2021-09-15 11:22:26.587
5027222,2021-08-30,2021-09-03 02:29:17.871,2021-09-08 07:41:57.921,2021-09-09 10:38:19.283,2021-09-13 10:38:19.283
5022573,2021-08-30,2021-09-03 03:05:26.095,2021-09-06 03:05:26.095,2021-09-06 04:07:33.836,2021-09-08 04:07:33.836
5029918,2021-08-30,2021-09-03 04:56:52.332,2021-09-07 04:13:40.806,2021-09-08 04:13:40.806,2021-09-10 04:13:40.806
5036158,2021-08-30,2021-09-03 05:20:00.916,2021-09-08 09:19:30.319,2021-09-10 12:33:41.897,2021-09-13 12:33:41.897
5025312,2021-08-30,2021-09-03 07:17:16.512,2021-09-06 07:17:16.512,2021-09-06 07:17:16.512,2021-09-08 07:17:16.512
5030167,2021-08-30,2021-09-03 07:54:53.291,2021-09-06 07:54:53.291,2021-09-06 16:33:31.272,2021-09-08 16:33:31.272
5036815,2021-08-30,2021-09-03 08:16:25.180,2021-09-06 08:16:25.180,2021-09-06 08:16:25.180,2021-09-08 08:16:25.180
5029489,2021-08-30,2021-09-03 08:44:57.183,2021-09-06 20:38:19.032,2021-09-06 20:38:19.032,2021-09-08 20:38:19.032
5037439,2021-08-30,2021-09-03 10:47:00.494,2021-09-06 10:47:00.494,2021-09-07 01:49:22.912,2021-09-09 01:49:22.912
5026056,2021-08-30,2021-09-03 11:09:04.794,2021-09-07 06:41:09.546,2021-09-09 19:17:15.697,2021-09-13 19:17:15.697
5035405,2021-08-30,2021-09-03 11:30:57.737,2021-09-06 19:02:15.887,2021-09-08 13:27:13.580,2021-09-10 13:27:13.580
5025618,2021-08-30,2021-09-03 13:27:25.576,2021-09-06 13:59:22.634,2021-09-08 10:21:40.004,2021-09-10 10:21:40.004
5022246,2021-08-30,2021-09-03 13:57:22.533,2021-09-06 02:38:52.453,2021-09-07 21:26:16.732,2021-09-09 21:26:16.732
5027642,2021-08-30,2021-09-03 14:45:43.743,2021-09-06 14:45:43.743,2021-09-08 03:52:44.411,2021-09-10 03:52:44.411
5024512,2021-08-30,2021-09-03 14:50:52.202,2021-09-06 14:50:52.202,2021-09-06 14:50:52.202,2021-09-08 14:50:52.202
5025287,2021-08-30,2021-09-03 16:00:04.206,2021-09-06 16:00:04.206,2021-09-07 03:32:19.853,2021-09-09 03:32:19.853
5032979,2021-08-30,2021-09-03 17:04:35.674,2021-09-06 17:04:35.674,2021-09-06 17:04:35.674,2021-09-08 17:04:35.674
5030572,2021-08-30,2021-09-03 17:44:28.901,2021-09-06 17:44:28.901,2021-09-06 17:44:28.901,2021-09-08 17:44:28.901
5036984,2021-08-30,2021-09-03 22:08:26.954,2021-09-06 04:23:41.661,2021-09-08 10:01:56.000,2021-09-10 10:01:56.000
5023883,2021-08-30,2021-09-03 22:25:12.063,2021-09-07 16:05:03.754,2021-09-08 16:43:31.068,2021-09-10 16:43:31.068
5024473,2021-08-30,2021-09-03 22:58:49.314,2021-09-06 04:39:14.271,2021-09-08 04:10:17.086,2021-09-10 04:10:17.086
5024393,2021-08-30,2021-09-06 00:06:05.005,2021-09-07 00:06:05.005,2021-09-08 00:06:05.005,2021-09-10 00:06:05.005
5031675,2021-08-30,2021-09-06 00:30:27.514,2021-09-06 00:30:27.514,2021-09-07 00:30:27.514,2021-09-09 00:30:27.514
5032925,2021-08-30,2021-09-06 00:40:05.522,2021-09-06 15:43:58.213,2021-09-08 03:07:53.254,2021-09-10 03:07:53.254
5027683,2021-08-30,2021-09-06 00:59:44.930,2021-09-07 07:22:42.305,2021-09-08 15:24:59.039,2021-09-10 15:24:59.039
5027895,2021-08-30,2021-09-06 01:07:09.159,2021-09-08 01:07:09.159,2021-09-09 10:34:39.956,2021-09-13 10:34:39.956
5028747,2021-08-30,2021-09-06 01:13:11.344,2021-09-06 01:13:11.344,2021-09-07 01:13:11.344,2021-09-09 01:13:11.344
5031873,2021-08-30,2021-09-06 01:30:45.110,2021-09-07 01:30:45.110,2021-09-08 01:30:45.110,2021-09-10 01:30:45.110
5024543,2021-08-30,2021-09-06 03:50:32.567,2021-09-06 03:50:32.567,2021-09-08 07:00:41.945,2021-09-10 07:00:41.945
5035462,2021-08-30,2021-09-06 04:26:54.636,2021-09-06 04:26:54.636,2021-09-07 04:26:54.636,2021-09-09 04:26:54.636
5028636,2021-08-30,2021-09-06 04:29:53.270,2021-09-07 13:38:03.142,2021-09-08 13:38:03.142,2021-09-10 13:38:03.142
5027057,2021-08-30,2021-09-06 05:02:00.089,2021-09-07 05:02:00.089,2021-09-08 16:47:27.729,2021-09-10 16:47:27.729
5033487,2021-08-30,2021-09-06 05:03:23.098,2021-09-07 05:03:23.098,2021-09-08 05:03:23.098,2021-09-10 05:03:23.098
5033985,2021-08-30,2021-09-06 05:53:27.761,2021-09-06 05:53:27.761,2021-09-07 05:53:27.761,2021-09-09 05:53:27.761
5035754,2021-08-30,2021-09-06 06:50:17.252,2021-09-06 06:50:17.252,2021-09-07 10:47:39.159,2021-09-09 10:47:39.159
5030075,2021-08-30,2021-09-06 06:53:24.182,2021-09-06 16:11:29.129,2021-09-07 16:11:29.129,2021-09-09 16:11:29.129
5031025,2021-08-30,2021-09-06 10:08:12.244,2021-09-10 20:33:19.439,2021-09-13 20:33:19.439,2021-09-15 20:33:19.439
5035668,2021-08-30,2021-09-06 10:52:53.918,2021-09-07 10:14:34.960,2021-09-08 10:14:34.960,2021-09-10 10:14:34.960
5023066,2021-08-30,2021-09-06 10:59:19.902,2021-09-06 10:59:19.902,2021-09-09 02:30:34.103,2021-09-13 02:30:34.103
5025496,2021-08-30,2021-09-06 11:06:16.142,2021-09-09 15:07:46.872,2021-09-10 15:07:46.872,2021-09-13 15:07:46.872
5032502,2021-08-30,2021-09-06 11:17:52.923,2021-09-09 10:24:38.548,2021-09-13 09:54:50.687,2021-09-15 09:54:50.687
5022958,2021-08-30,2021-09-06 11:28:14.866,2021-09-06 11:28:14.866,2021-09-07 11:28:14.866,2021-09-09 11:28:14.866
5036756,2021-08-30,2021-09-06 11:35:14.112,2021-09-13 17:10:58.916,2021-09-13 17:10:58.916,2021-09-15 17:10:58.916
5022033,2021-08-30,2021-09-06 11:39:19.267,2021-09-07 11:39:19.267,2021-09-08 11:39:19.267,2021-09-10 11:39:19.267
5021733,2021-08-30,2021-09-06 11:53:01.262,2021-09-08 02:57:10.117,2021-09-09 04:19:48.866,2021-09-13 04:19:48.866
5026933,2021-08-30,2021-09-06 12:12:05.732,2021-09-10 13:12:11.760,2021-09-13 13:12:11.760,2021-09-15 13:12:11.760
5032962,2021-08-30,2021-09-06 13:08:14.056,2021-09-08 13:08:14.056,2021-09-10 07:45:07.513,2021-09-13 07:45:07.513
5034055,2021-08-30,2021-09-06 13:18:10.853,2021-09-09 06:42:48.661,2021-09-10 16:29:48.064,2021-09-13 16:29:48.064
5036817,2021-08-30,2021-09-06 15:09:03.152,2021-09-06 15:09:03.152,2021-09-07 15:09:03.152,2021-09-09 15:09:03.152
5025399,2021-08-30,2021-09-06 15:10:49.277,2021-09-06 15:10:49.277,2021-09-08 22:12:39.314,2021-09-10 22:12:39.314
5032732,2021-08-30,2021-09-06 16:15:06.846,2021-09-07 20:21:28.627,2021-09-09 18:33:45.922,2021-09-13 18:33:45.922
5035653,2021-08-30,2021-09-06 18:46:37.721,2021-09-06 21:58:59.873,2021-09-07 22:18:40.777,2021-09-09 22:18:40.777
5033948,2021-08-30,2021-09-06 22:34:41.794,2021-09-08 22:34:41.794,2021-09-09 22:34:41.794,2021-09-13 22:34:41.794
5024741,2021-08-30,2021-09-06 22:38:08.154,2021-09-10 23:32:40.174,2021-09-13 19:46:58.048,2021-09-15 19:46:58.048
5030106,2021-08-30,2021-09-07 02:46:25.047,2021-09-09 02:46:25.047,2021-09-13 00:22:13.391,2021-09-15 00:22:13.391
5023308,2021-08-31,2021-09-02 00:00:00.000,2021-09-06 00:00:00.000,2021-09-06 00:00:00.000,2021-09-08 00:00:00.000
5034040,2021-08-31,2021-09-02 00:00:00.000,2021-09-06 00:00:00.000,2021-09-06 00:00:00.000,2021-09-08 00:00:00.000
5030107,2021-08-31,2021-09-02 00:00:00.000,2021-09-06 00:00:00.000,2021-09-06 00:00:00.000,2021-09-08 00:00:00.000
5032460,2021-08-31,2021-09-02 00:00:00.000,2021-09-06 00:00:00.000,2021-09-06 00:00:00.000,2021-09-08 00:00:00.000
5027400,2021-08-31,2021-09-02 00:00:00.000,2021-09-06 00:00:00.000,2021-09-06 00:00:00.000,2021-09-08 00:00:00.000
5031558,2021-08-31,2021-09-02 00:00:00.000,2021-09-06 00:00:00.000,2021-09-06 00:00:00.000,2021-09-08 00:00:00.000
5026530,2021-08-31,2021-09-02 00:00:00.000,2021-09-06 00:00:00.000,2021-09-06 00:00:00.000,2021-09-08 00:00:00.000
5030597,2021-08-31,2021-09-02 00:00:00.000,2021-09-06 00:00:00.000,2021-09-06 00:00:00.000,2021-09-08 00:00:00.000
5033415,2021-08-31,2021-09-02 00:00:00.000,2021-09-06 00:00:00.000,2021-09-06 01:19:27.611,2021-09-08 01:19:27.611
5035858,2021-08-31,2021-09-02 00:00:00.000,2021-09-06 00:00:00.000,2021-09-06 13:55:20.452,2021-09-08 13:55:20.452
5035843,2021-08-31,2021-09-02 00:00:00.000,2021-09-06 02:39:10.106,2021-09-06 13:27:38.272,2021-09-08 13:27:38.272
5026959,2021-08-31,2021-09-02 00:00:00.000,2021-09-06 04:27:40.657,2021-09-06 04:27:40.657,2021-09-08 04:27:40.657
5030059,2021-08-31,2021-09-02 00:00:00.000,2021-09-06 07:10:39.403,2021-09-06 07:10:39.403,2021-09-08 07:10:39.403
5032552,2021-08-31,2021-09-02 00:00:00.000,2021-09-06 13:08:01.968,2021-09-06 13:08:01.968,2021-09-08 13:08:01.968
5021409,2021-08-31,2021-09-02 00:00:00.000,2021-09-06 16:15:59.205,2021-09-06 08:34:25.780,2021-09-08 08:34:25.780
5027420,2021-08-31,2021-09-02 00:00:00.000,2021-09-06 16:57:21.079,2021-09-06 23:57:14.753,2021-09-08 23:57:14.753
5025265,2021-08-31,2021-09-02 00:00:00.000,2021-09-06 20:38:52.012,2021-09-06 06:43:52.770,2021-09-08 06:43:52.770
5025650,2021-08-31,2021-09-02 00:00:00.000,2021-09-06 22:38:29.744,2021-09-06 22:38:29.744,2021-09-08 22:38:29.744
5034680,2021-08-31,2021-09-02 00:00:00.000,2021-09-06 22:54:45.240,2021-09-07 09:18:31.392,2021-09-09 09:18:31.392
5021787,2021-08-31,2021-09-02 00:00:00.000,2021-09-07 08:55:24.847,2021-09-08 08:55:24.847,2021-09-10 08:55:24.847
5031800,2021-08-31,2021-09-02 00:00:00.000,2021-09-07 10:00:11.740,2021-09-09 21:53:49.642,2021-09-13 21:53:49.642
5024330,2021-08-31,2021-09-02 00:00:00.000,2021-09-07 20:12:45.634,2021-09-10 02:07:42.175,2021-09-13 02:07:42.175
5033428,2021-08-31,2021-09-02 01:07:43.988,2021-09-06 03:26:35.248,2021-09-07 03:26:35.248,2021-09-09 03:26:35.248
5025747,2021-08-31,2021-09-02 04:41:31.956,2021-09-06 04:41:31.956,2021-09-06 16:48:50.425,2021-09-08 16:48:50.425
5022402,2021-08-31,2021-09-02 05:20:17.482,2021-09-06 05:20:17.482,2021-09-06 05:20:17.482,2021-09-08 05:20:17.482
5022428,2021-08-31,2021-09-02 06:15:53.216,2021-09-06 10:35:26.991,2021-09-06 15:22:19.931,2021-09-08 15:22:19.931
5030448,2021-08-31,2021-09-02 07:41:52.709,2021-09-06 07:41:52.709,2021-09-06 15:05:50.123,2021-09-08 15:05:50.123
5021530,2021-08-31,2021-09-02 11:52:12.848,2021-09-06 11:52:12.848,2021-09-06 00:46:30.100,2021-09-08 00:46:30.100
5032845,2021-08-31,2021-09-02 12:29:55.051,2021-09-06 23:30:08.711,2021-09-06 00:12:30.493,2021-09-08 00:12:30.493
5027065,2021-08-31,2021-09-02 13:23:32.405,2021-09-07 00:29:32.858,2021-09-09 00:53:24.081,2021-09-13 00:53:24.081
5033923,2021-08-31,2021-09-02 14:31:51.603,2021-09-08 14:29:28.320,2021-09-09 14:29:28.320,2021-09-13 14:29:28.320
5032736,2021-08-31,2021-09-02 15:01:37.414,2021-09-07 12:52:42.607,2021-09-08 12:52:42.607,2021-09-10 12:52:42.607
5023188,2021-08-31,2021-09-02 17:16:51.045,2021-09-08 14:01:44.729,2021-09-09 22:11:49.296,2021-09-13 22:11:49.296
5031889,2021-08-31,2021-09-02 17:23:28.588,2021-09-06 17:23:28.588,2021-09-06 17:23:28.588,2021-09-08 17:23:28.588
5022597,2021-08-31,2021-09-02 17:44:05.608,2021-09-06 03:31:47.760,2021-09-07 03:31:47.760,2021-09-09 03:31:47.760
5037511,2021-08-31,2021-09-02 17:45:50.795,2021-09-06 17:45:50.795,2021-09-06 17:45:50.795,2021-09-08 17:45:50.795
5035998,2021-08-31,2021-09-02 21:44:11.217,2021-09-06 01:49:17.827,2021-09-07 15:15:30.968,2021-09-09 15:15:30.968
5028248,2021-08-31,2021-09-02 21:56:15.087,2021-09-06 21:56:15.087,2021-09-06 21:56:15.087,2021-09-08 21:56:15.087
5027341,2021-08-31,2021-09-02 23:33:59.314,2021-09-08 11:32:05.832,2021-09-09 11:32:05.832,2021-09-13 11:32:05.832
5022758,2021-08-31,2021-09-03 00:00:45.608,2021-09-07 15:44:34.673,2021-09-09 05:49:42.209,2021-09-13 05:49:42.209
5024874,2021-08-31,2021-09-03 01:01:09.324,2021-09-06 04:48:30.517,2021-09-06 04:48:30.517,2021-09-08 04:48:30.517
5037030,2021-08-31,2021-09-03 01:31:39.445,2021-09-08 10:25:34.336,2021-09-09 10:25:34.336,2021-09-13 10:25:34.336
5032193,2021-08-31,2021-09-03 03:11:24.802,2021-09-06 03:11:24.802,2021-09-06 03:11:24.802,2021-09-08 03:11:24.802
5023920,2021-08-31,2021-09-03 04:03:30.981,2021-09-07 00:53:10.688,2021-09-08 00:53:10.688,2021-09-10 00:53:10.688
5029597,2021-08-31,2021-09-03 04:50:08.779,2021-09-06 14:12:33.326,2021-09-06 14:12:33.326,2021-09-08 14:12:33.326
5024207,2021-08-31,2021-09-03 06:02:12.108,2021-09-06 06:02:12.108,2021-09-06 09:41:08.988,2021-09-08 09:41:08.988
5032882,2021-08-31,2021-09-03 06:02:18.923,2021-09-06 12:22:58.960,2021-09-07 12:22:58.960,2021-09-09 12:22:58.960
5033352,2021-08-31,2021-09-03 07:04:01.454,2021-09-06 07:04:01.454,2021-09-06 07:04:01.454,2021-09-08 07:04:01.454
5035700,2021-08-31,2021-09-03 07:16:48.428,2021-09-06 07:16:48.428,2021-09-08 01:59:31.915,2021-09-10 01:59:31.915
5022081,2021-08-31,2021-09-03 08:14:23.213,2021-09-06 04:35:01.658,2021-09-07 04:35:01.658,2021-09-09 04:35:01.658
5032041,2021-08-31,2021-09-03 08:21:28.189,2021-09-06 08:21:28.189,2021-09-06 08:21:28.189,2021-09-08 08:21:28.189
5032138,2021-08-31,2021-09-03 08:26:35.161,2021-09-06 08:26:35.161,2021-09-07 02:56:36.033,2021-09-09 02:56:36.033
5027367,2021-08-31,2021-09-03 10:33:27.498,2021-09-06 14:37:17.871,2021-09-07 14:37:17.871,2021-09-09 14:37:17.871
5031976,2021-08-31,2021-09-03 10:40:13.450,2021-09-07 00:45:27.352,2021-09-08 00:45:27.352,2021-09-10 00:45:27.352
5028922,2021-08-31,2021-09-03 15:28:01.499,2021-09-06 15:28:01.499,2021-09-07 07:07:01.685,2021-09-09 07:07:01.685
5029536,2021-08-31,2021-09-03 15:41:06.752,2021-09-06 15:41:06.752,2021-09-07 09:39:16.428,2021-09-09 09:39:16.428
5022809,2021-08-31,2021-09-03 16:08:56.969,2021-09-06 16:08:56.969,2021-09-06 21:16:00.711,2021-09-08 21:16:00.711
5023574,2021-08-31,2021-09-03 17:19:26.453,2021-09-06 17:19:26.453,2021-09-07 03:55:02.224,2021-09-09 03:55:02.224
5027219,2021-08-31,2021-09-03 20:43:59.456,2021-09-06 20:43:59.456,2021-09-07 01:55:17.738,2021-09-09 01:55:17.738
5031818,2021-08-31,2021-09-03 22:56:50.404,2021-09-06 22:56:50.404,2021-09-08 01:32:28.017,2021-09-10 01:32:28.017
5029012,2021-08-31,2021-09-06 02:59:18.953,2021-09-08 06:55:47.192,2021-09-09 06:55:47.192,2021-09-13 06:55:47.192
5029582,2021-08-31,2021-09-06 03:27:11.788,2021-09-07 13:34:53.365,2021-09-09 11:41:29.840,2021-09-13 11:41:29.840
5036233,2021-08-31,2021-09-06 04:07:09.037,2021-09-08 11:02:58.979,2021-09-09 11:02:58.979,2021-09-13 11:02:58.979
5027560,2021-08-31,2021-09-06 04:42:37.436,2021-09-08 08:26:33.832,2021-09-09 20:25:53.989,2021-09-13 20:25:53.989
5037198,2021-08-31,2021-09-06 06:20:55.259,2021-09-06 06:20:55.259,2021-09-07 06:20:55.259,2021-09-09 06:20:55.259
5022069,2021-08-31,2021-09-06 06:32:34.406,2021-09-07 06:32:34.406,2021-09-08 10:55:57.429,2021-09-10 10:55:57.429
5027389,2021-08-31,2021-09-06 06:40:54.291,2021-09-07 06:40:54.291,2021-09-08 06:40:54.291,2021-09-10 06:40:54.291
5031568,2021-08-31,2021-09-06 07:21:55.550,2021-09-06 07:21:55.550,2021-09-09 20:34:45.262,2021-09-13 20:34:45.262
5032213,2021-08-31,2021-09-06 07:32:08.547,2021-09-06 07:32:08.547,2021-09-07 07:32:08.547,2021-09-09 07:32:08.547
5025354,2021-08-31,2021-09-06 07:52:29.013,2021-09-08 08:15:01.355,2021-09-10 06:56:30.223,2021-09-13 06:56:30.223
5024757,2021-08-31,2021-09-06 08:15:19.128,2021-09-07 18:56:49.725,2021-09-08 18:56:49.725,2021-09-10 18:56:49.725
5026898,2021-08-31,2021-09-06 09:27:53.293,2021-09-07 09:27:53.293,2021-09-08 09:46:26.738,2021-09-10 09:46:26.738
5028759,2021-08-31,2021-09-06 09:43:48.418,2021-09-10 09:40:22.932,2021-09-13 09:40:22.932,2021-09-15 09:40:22.932
5035497,2021-08-31,2021-09-06 09:56:59.180,2021-09-08 09:14:43.232,2021-09-09 09:14:43.232,2021-09-13 09:14:43.232
5027763,2021-08-31,2021-09-06 10:00:50.889,2021-09-06 10:00:50.889,2021-09-07 10:00:50.889,2021-09-09 10:00:50.889
5036257,2021-08-31,2021-09-06 10:06:37.594,2021-09-06 10:06:37.594,2021-09-08 08:58:59.717,2021-09-10 08:58:59.717
5032490,2021-08-31,2021-09-06 10:44:08.693,2021-09-10 08:19:26.919,2021-09-13 03:08:36.982,2021-09-15 03:08:36.982
5037107,2021-08-31,2021-09-06 11:29:35.750,2021-09-06 11:29:35.750,2021-09-08 03:17:46.103,2021-09-10 03:17:46.103
5037111,2021-08-31,2021-09-06 11:30:14.298,2021-09-07 11:30:14.298,2021-09-08 11:30:14.298,2021-09-10 11:30:14.298
5027690,2021-08-31,2021-09-06 12:44:03.867,2021-09-07 07:56:07.159,2021-09-10 13:09:35.050,2021-09-13 13:09:35.050
5036067,2021-08-31,2021-09-06 12:49:46.141,2021-09-07 13:20:07.979,2021-09-08 22:03:20.313,2021-09-10 22:03:20.313
5027720,2021-08-31,2021-09-06 12:57:48.458,2021-09-06 12:57:48.458,2021-09-09 00:35:58.230,2021-09-13 00:35:58.230
5022608,2021-08-31,2021-09-06 16:23:30.153,2021-09-09 09:08:43.714,2021-09-10 09:08:43.714,2021-09-13 09:08:43.714
5029078,2021-08-31,2021-09-06 16:32:25.058,2021-09-08 16:32:25.058,2021-09-10 07:18:00.575,2021-09-13 07:18:00.575
5023663,2021-08-31,2021-09-06 17:08:10.835,2021-09-09 03:57:12.530,2021-09-10 03:57:12.530,2021-09-13 03:57:12.530
5028810,2021-08-31,2021-09-06 17:12:05.774,2021-09-07 04:45:40.466,2021-09-08 16:12:27.397,2021-09-10 16:12:27.397
5030267,2021-08-31,2021-09-06 17:24:51.678,2021-09-09 14:07:08.220,2021-09-10 14:07:08.220,2021-09-13 14:07:08.220
5022058,2021-08-31,2021-09-06 18:00:00.353,2021-09-07 09:53:24.474,2021-09-08 09:53:24.474,2021-09-10 09:53:24.474
5037594,2021-08-31,2021-09-06 18:32:36.667,2021-09-06 18:32:36.667,2021-09-07 18:32:36.667,2021-09-09 18:32:36.667
5037556,2021-08-31,2021-09-06 19:24:00.002,2021-09-07 19:24:00.002,2021-09-08 20:39:10.339,2021-09-10 20:39:10.339
5024559,2021-08-31,2021-09-06 19:36:19.486,2021-09-07 15:01:10.177,2021-09-08 15:01:10.177,2021-09-10 15:01:10.177
5024416,2021-08-31,2021-09-06 19:42:37.827,2021-09-09 20:16:32.831,2021-09-10 20:16:32.831,2021-09-13 20:16:32.831
5031567,2021-08-31,2021-09-06 19:56:58.245,2021-09-08 19:56:58.245,2021-09-09 19:56:58.245,2021-09-13 19:56:58.245
5032842,2021-08-31,2021-09-06 20:13:21.925,2021-09-13 05:41:27.747,2021-09-13 06:23:40.464,2021-09-15 06:23:40.464
5025676,2021-08-31,2021-09-06 20:28:31.335,2021-09-06 20:28:31.335,2021-09-09 01:27:37.706,2021-09-13 01:27:37.706
5022728,2021-08-31,2021-09-06 21:49:38.585,2021-09-07 21:49:38.585,2021-09-09 10:23:38.584,2021-09-13 10:23:38.584
5035786,2021-08-31,2021-09-06 21:51:10.201,2021-09-07 21:51:10.201,2021-09-09 01:19:11.620,2021-09-13 01:19:11.620
5021373,2021-08-31,2021-09-06 22:55:17.554,2021-09-08 10:38:48.141,2021-09-13 04:01:51.806,2021-09-15 04:01:51.806
5034060,2021-08-31,2021-09-07 00:08:19.275,2021-09-09 00:08:19.275,2021-09-10 15:50:33.568,2021-09-13 15:50:33.568
5032776,2021-08-31,2021-09-07 08:12:05.021,2021-09-09 08:12:05.021,2021-09-13 02:27:51.137,2021-09-15 02:27:51.137
5023950,2021-08-31,2021-09-07 10:15:24.417,2021-09-13 23:33:23.309,2021-09-13 01:35:11.256,2021-09-15 01:35:11.256
5035429,2021-08-31,2021-09-07 12:52:36.205,2021-09-13 02:22:21.033,2021-09-13 02:22:21.033,2021-09-15 02:22:21.033
5021844,2021-08-31,2021-09-07 19:24:26.441,2021-09-09 19:24:26.441,2021-09-13 06:26:22.353,2021-09-15 06:26:22.353
5033388,2021-09-01,2021-09-03 00:00:00.000,2021-09-06 00:00:00.000,2021-09-06 00:00:00.000,2021-09-08 00:00:00.000
5029603,2021-09-01,2021-09-03 00:00:00.000,2021-09-06 00:00:00.000,2021-09-06 00:00:00.000,2021-09-08 00:00:00.000
5029838,2021-09-01,2021-09-03 00:00:00.000,2021-09-06 00:00:00.000,2021-09-06 00:00:00.000,2021-09-08 00:00:00.000
5026427,2021-09-01,2021-09-03 00:00:00.000,2021-09-06 00:00:00.000,2021-09-06 00:00:00.000,2021-09-08 00:00:00.000
5027286,2021-09-01,2021-09-03 00:00:00.000,2021-09-06 00:00:00.000,2021-09-06 00:00:00.000,2021-09-08 00:00:00.000
5024494,2021-09-01,2021-09-03 00:00:00.000,2021-09-06 00:00:00.000,2021-09-06 00:00:00.000,2021-09-08 00:00:00.000
5033032,2021-09-01,2021-09-03 00:00:00.000,2021-09-06 00:00:00.000,2021-09-06 00:00:00.000,2021-09-08 00:00:00.000
5025507,2021-09-01,2021-09-03 00:00:00.000,2021-09-06 00:00:00.000,2021-09-06 00:00:00.000,2021-09-08 00:00:00.000
5035594,2021-09-01,2021-09-03 00:00:00.000,2021-09-06 00:00:00.000,2021-09-06 00:00:00.000,2021-09-08 00:00:00.000
5035994,2021-09-01,2021-09-03 00:00:00.000,2021-09-06 00:00:00.000,2021-09-06 00:00:00.000,2021-09-08 00:00:00.000
5036121,2021-09-01,2021-09-03 00:00:00.000,2021-09-06 00:00:00.000,2021-09-06 00:00:00.000,2021-09-08 00:00:00.000
5033398,2021-09-01,2021-09-03 00:00:00.000,2021-09-06 00:00:00.000,2021-09-06 00:00:00.000,2021-09-08 00:00:00.000
5036989,2021-09-01,2021-09-03 00:00:00.000,2021-09-06 00:00:00.000,2021-09-06 05:13:31.595,2021-09-08 05:13:31.595
5031870,2021-09-01,2021-09-03 00:00:00.000,2021-09-06 00:00:00.000,2021-09-06 07:27:18.970,2021-09-08 07:27:18.970
5026161,2021-09-01,2021-09-03 00:00:00.000,2021-09-06 00:00:00.000,2021-09-06 10:32:26.278,2021-09-08 10:32:26.278
5024418,2021-09-01,2021-09-03 00:00:00.000,2021-09-06 00:00:00.000,2021-09-06 11:27:03.247,2021-09-08 11:27:03.247
5028915,2021-09-01,2021-09-03 00:00:00.000,2021-09-06 00:00:00.000,2021-09-06 12:27:18.065,2021-09-08 12:27:18.065
5033337,2021-09-01,2021-09-03 00:00:00.000,2021-09-06 00:00:00.000,2021-09-06 14:10:21.983,2021-09-08 14:10:21.983
5036899,2021-09-01,2021-09-03 00:00:00.000,2021-09-06 00:00:00.000,2021-09-06 15:33:06.071,2021-09-08 15:33:06.071
5028173,2021-09-01,2021-09-03 00:00:00.000,2021-09-06 00:00:00.000,2021-09-06 17:42:06.362,2021-09-08 17:42:06.362
5029242,2021-09-01,2021-09-03 00:00:00.000,2021-09-06 00:00:00.000,2021-09-06 20:57:51.633,2021-09-08 20:57:51.633
5023509,2021-09-01,2021-09-03 00:00:00.000,2021-09-06 00:00:00.000,2021-09-06 22:33:45.324,2021-09-08 22:33:45.324
5033729,2021-09-01,2021-09-03 00:00:00.000,2021-09-06 00:00:00.000,2021-09-06 23:24:52.276,2021-09-08 23:24:52.276
5021894,2021-09-01,2021-09-03 00:00:00.000,2021-09-06 00:00:00.000,2021-09-07 02:31:40.369,2021-09-09 02:31:40.369
5034754,2021-09-01,2021-09-03 00:00:00.000,2021-09-06 00:00:00.000,2021-09-07 04:41:46.955,2021-09-09 04:41:46.955
5026449,2021-09-01,2021-09-03 00:00:00.000,2021-09-06 00:00:00.000,2021-09-07 06:46:57.824,2021-09-09 06:46:57.824
5029676,2021-09-01,2021-09-03 00:00:00.000,2021-09-06 00:00:00.000,2021-09-08 01:46:13.569,2021-09-10 01:46:13.569
5022654,2021-09-01,2021-09-03 00:00:00.000,2021-09-06 00:00:00.000,2021-09-08 21:42:13.450,2021-09-10 21:42:13.450
5023097,2021-09-01,2021-09-03 00:00:00.000,2021-09-06 01:22:45.198,2021-09-07 01:22:45.198,2021-09-09 01:22:45.198
5022334,2021-09-01,2021-09-03 00:00:00.000,2021-09-06 01:58:32.932,2021-09-06 01:58:32.932,2021-09-08 01:58:32.932
5026931,2021-09-01,2021-09-03 00:00:00.000,2021-09-06 02:14:13.451,2021-09-07 02:14:13.451,2021-09-09 02:14:13.451
5034213,2021-09-01,2021-09-03 00:00:00.000,2021-09-06 02:40:24.064,2021-09-09 06:38:36.509,2021-09-13 06:38:36.509
5031492,2021-09-01,2021-09-03 00:00:00.000,2021-09-06 03:25:54.333,2021-09-06 03:25:54.333,2021-09-08 03:25:54.333
5030178,2021-09-01,2021-09-03 00:00:00.000,2021-09-06 04:38:38.052,2021-09-07 05:50:38.081,2021-09-09 05:50:38.081
5031040,2021-09-01,2021-09-03 00:00:00.000,2021-09-06 05:00:44.544,2021-09-07 05:00:44.544,2021-09-09 05:00:44.544
5029429,2021-09-01,2021-09-03 00:00:00.000,2021-09-06 05:47:00.916,2021-09-07 15:50:36.745,2021-09-09 15:50:36.745
5024311,2021-09-01,2021-09-03 00:00:00.000,2021-09-06 06:32:03.386,2021-09-07 06:32:03.386,2021-09-09 06:32:03.386
5030486,2021-09-01,2021-09-03 00:00:00.000,2021-09-06 06:44:56.278,2021-09-07 06:44:56.278,2021-09-09 06:44:56.278
5035724,2021-09-01,2021-09-03 00:00:00.000,2021-09-06 07:20:25.397,2021-09-06 11:31:40.602,2021-09-08 11:31:40.602
5027901,2021-09-01,2021-09-03 00:00:00.000,2021-09-06 09:16:22.373,2021-09-06 09:16:22.373,2021-09-08 09:16:22.373
5024615,2021-09-01,2021-09-03 00:00:00.000,2021-09-06 09:32:44.415,2021-09-07 09:32:44.415,2021-09-09 09:32:44.415
5021882,2021-09-01,2021-09-03 00:00:00.000,2021-09-06 10:42:21.336,2021-09-06 10:42:21.336,2021-09-08 10:42:21.336
5036499,2021-09-01,2021-09-03 00:00:00.000,2021-09-06 12:14:02.291,2021-09-06 12:46:31.655,2021-09-08 12:46:31.655
5024734,2021-09-01,2021-09-03 00:00:00.000,2021-09-06 13:00:32.258,2021-09-07 13:00:32.258,2021-09-09 13:00:32.258
5033605,2021-09-01,2021-09-03 00:00:00.000,2021-09-06 14:12:42.719,2021-09-07 04:56:25.222,2021-09-09 04:56:25.222
5026351,2021-09-01,2021-09-03 00:00:00.000,2021-09-06 15:06:07.217,2021-09-07 08:12:49.530,2021-09-09 08:12:49.530
5023433,2021-09-01,2021-09-03 00:00:00.000,2021-09-06 16:35:53.885,2021-09-07 16:35:53.885,2021-09-09 16:35:53.885
5022434,2021-09-01,2021-09-03 00:00:00.000,2021-09-06 16:36:11.286,2021-09-06 16:43:27.891,2021-09-08 16:43:27.891
5024328,2021-09-01,2021-09-03 00:00:00.000,2021-09-06 16:44:07.328,2021-09-06 16:44:07.328,2021-09-08 16:44:07.328
5022181,2021-09-01,2021-09-03 00:00:00.000,2021-09-06 16:52:24.853,2021-09-06 16:52:24.853,2021-09-08 16:52:24.853
5027658,2021-09-01,2021-09-03 00:00:00.000,2021-09-06 20:22:10.181,2021-09-06 20:22:10.181,2021-09-08 20:22:10.181
5025463,2021-09-01,2021-09-03 00:00:00.000,2021-09-06 21:27:09.768,2021-09-07 23:20:01.596,2021-09-09 23:20:01.596
5035677,2021-09-01,2021-09-03 00:00:00.000,2021-09-06 23:54:34.113,2021-09-08 17:11:42.619,2021-09-10 17:11:42.619
5035707,2021-09-01,2021-09-03 00:00:00.000,2021-09-07 00:08:22.317,2021-09-08 00:08:22.317,2021-09-10 00:08:22.317
5028359,2021-09-01,2021-09-03 00:00:00.000,2021-09-07 03:06:38.190,2021-09-08 03:06:38.190,2021-09-10 03:06:38.190
5023240,2021-09-01,2021-09-03 00:00:00.000,2021-09-07 12:18:05.023,2021-09-09 01:51:23.154,2021-09-13 01:51:23.154
5037547,2021-09-01,2021-09-03 00:00:00.000,2021-09-07 19:15:57.630,2021-09-10 05:37:29.612,2021-09-13 05:37:29.612
5021542,2021-09-01,2021-09-03 00:00:00.000,2021-09-07 22:54:31.463,2021-09-08 22:54:31.463,2021-09-10 22:54:31.463
5024306,2021-09-01,2021-09-03 00:00:00.000,2021-09-08 05:49:28.517,2021-09-09 14:17:28.398,2021-09-13 14:17:28.398
5033557,2021-09-01,2021-09-03 00:00:00.000,2021-09-08 06:20:22.179,2021-09-09 20:32:19.895,2021-09-13 20:32:19.895
5024396,2021-09-01,2021-09-03 00:00:00.000,2021-09-08 21:29:51.267,2021-09-09 21:29:51.267,2021-09-13 21:29:51.267
5022501,2021-09-01,2021-09-03 00:00:00.000,2021-09-08 22:57:46.420,2021-09-09 22:57:46.420,2021-09-13 22:57:46.420
5023111,2021-09-01,2021-09-03 00:00:00.000,2021-09-09 04:19:26.404,2021-09-13 09:41:57.260,2021-09-15 09:41:57.260
5025800,2021-09-01,2021-09-03 00:22:15.131,2021-09-08 08:02:35.629,2021-09-09 08:02:35.629,2021-09-13 08:02:35.629
5021461,2021-09-01,2021-09-03 00:32:47.188,2021-09-06 00:32:47.188,2021-09-06 05:18:31.624,2021-09-08 05:18:31.624
5030982,2021-09-01,2021-09-03 01:06:33.130,2021-09-06 21:22:16.267,2021-09-06 21:22:16.267,2021-09-08 21:22:16.267
5037134,2021-09-01,2021-09-03 01:23:33.546,2021-09-06 01:23:33.546,2021-09-06 01:23:33.546,2021-09-08 01:23:33.546
5028862,2021-09-01,2021-09-03 01:26:51.097,2021-09-06 06:51:42.153,2021-09-07 06:51:42.153,2021-09-09 06:51:42.153
5036450,2021-09-01,2021-09-03 01:57:18.796,2021-09-06 09:08:55.689,2021-09-06 11:27:56.367,2021-09-08 11:27:56.367
5036630,2021-09-01,2021-09-03 02:11:49.540,2021-09-06 02:11:49.540,2021-09-06 02:11:49.540,2021-09-08 02:11:49.540
5022731,2021-09-01,2021-09-03 02:18:57.753,2021-09-06 13:25:55.621,2021-09-07 13:25:55.621,2021-09-09 13:25:55.621
5021433,2021-09-01,2021-09-03 02:46:06.029,2021-09-06 02:46:06.029,2021-09-07 03:27:33.740,2021-09-09 03:27:33.740
5022960,2021-09-01,2021-09-03 02:57:20.618,2021-09-06 16:22:06.776,2021-09-07 21:58:22.035,2021-09-09 21:58:22.035
5022832,2021-09-01,2021-09-03 03:27:13.305,2021-09-07 10:08:02.831,2021-09-08 10:08:02.831,2021-09-10 10:08:02.831
5026627,2021-09-01,2021-09-03 04:04:54.017,2021-09-06 04:04:54.017,2021-09-06 04:04:54.017,2021-09-08 04:04:54.017
5036339,2021-09-01,2021-09-03 05:12:12.888,2021-09-06 05:12:12.888,2021-09-06 17:53:04.576,2021-09-08 17:53:04.576
5033724,2021-09-01,2021-09-03 06:40:29.697,2021-09-06 00:35:57.865,2021-09-07 00:35:57.865,2021-09-09 00:35:57.865
5026919,2021-09-01,2021-09-03 07:22:49.203,2021-09-06 14:40:05.722,2021-09-08 16:37:33.456,2021-09-10 16:37:33.456
5027646,2021-09-01,2021-09-03 07:30:45.282,2021-09-06 07:30:45.282,2021-09-06 16:42:17.101,2021-09-08 16:42:17.101
5028962,2021-09-01,2021-09-03 08:22:56.291,2021-09-06 08:22:56.291,2021-09-06 08:22:56.291,2021-09-08 08:22:56.291
5028867,2021-09-01,2021-09-03 08:25:28.792,2021-09-06 23:45:18.434,2021-09-07 23:45:18.434,2021-09-09 23:45:18.434
5027472,2021-09-01,2021-09-03 08:28:22.731,2021-09-06 08:28:22.731,2021-09-06 08:28:22.731,2021-09-08 08:28:22.731
5027527,2021-09-01,2021-09-03 09:09:16.617,2021-09-06 18:05:58.496,2021-09-06 18:05:58.496,2021-09-08 18:05:58.496
5035916,2021-09-01,2021-09-03 09:18:45.065,2021-09-06 09:18:45.065,2021-09-06 09:18:45.065,2021-09-08 09:18:45.065
5022472,2021-09-01,2021-09-03 09:27:19.001,2021-09-06 09:27:19.001,2021-09-06 09:27:19.001,2021-09-08 09:27:19.001
5035649,2021-09-01,2021-09-03 10:39:48.031,2021-09-06 10:39:48.031,2021-09-06 17:27:00.885,2021-09-08 17:27:00.885
5026904,2021-09-01,2021-09-03 11:15:13.672,2021-09-06 11:15:13.672,2021-09-06 21:53:59.163,2021-09-08 21:53:59.163
5025421,2021-09-01,2021-09-03 11:26:15.556,2021-09-06 11:26:15.556,2021-09-06 11:26:15.556,2021-09-08 11:26:15.556
5027853,2021-09-01,2021-09-03 13:21:55.610,2021-09-06 13:21:55.610,2021-09-06 13:21:55.610,2021-09-08 13:21:55.610
5033277,2021-09-01,2021-09-03 13:47:40.137,2021-09-06 13:47:40.137,2021-09-06 13:47:40.137,2021-09-08 13:47:40.137
5032918,2021-09-01,2021-09-03 13:59:19.875,2021-09-06 13:59:19.875,2021-09-06 13:59:19.875,2021-09-08 13:59:19.875
5021492,2021-09-01,2021-09-03 14:43:40.437,2021-09-06 14:43:40.437,2021-09-07 09:28:17.192,2021-09-09 09:28:17.192
5027088,2021-09-01,2021-09-03 14:57:50.750,2021-09-06 23:57:29.734,2021-09-07 08:14:20.462,2021-09-09 08:14:20.462
5025745,2021-09-01,2021-09-03 15:41:11.441,2021-09-06 15:41:11.441,2021-09-06 22:34:31.725,2021-09-08 22:34:31.725
5027609,2021-09-01,2021-09-03 15:43:06.349,2021-09-06 15:43:06.349,2021-09-06 15:43:06.349,2021-09-08 15:43:06.349
5034507,2021-09-01,2021-09-03 16:22:41.173,2021-09-06 16:22:41.173,2021-09-06 16:22:41.173,2021-09-08 16:22:41.173
5021380,2021-09-01,2021-09-03 16:23:05.945,2021-09-06 06:02:28.858,2021-09-07 06:02:28.858,2021-09-09 06:02:28.858
5027147,2021-09-01,2021-09-03 16:23:39.024,2021-09-08 17:09:52.897,2021-09-09 17:09:52.897,2021-09-13 17:09:52.897
5022997,2021-09-01,2021-09-03 16:37:28.420,2021-09-06 16:37:28.420,2021-09-06 18:17:55.671,2021-09-08 18:17:55.671
5035742,2021-09-01,2021-09-03 16:48:08.655,2021-09-09 10:46:38.234,2021-09-10 10:46:38.234,2021-09-13 10:46:38.234
5027775,2021-09-01,2021-09-03 17:25:50.507,2021-09-07 11:14:50.642,2021-09-10 09:16:55.719,2021-09-13 09:16:55.719
5036282,2021-09-01,2021-09-03 17:38:31.765,2021-09-06 20:27:19.794,2021-09-06 20:27:19.794,2021-09-08 20:27:19.794
5026946,2021-09-01,2021-09-03 17:51:06.536,2021-09-06 17:51:06.536,2021-09-06 17:51:06.536,2021-09-08 17:51:06.536
5035658,2021-09-01,2021-09-03 18:15:55.878,2021-09-06 18:15:55.878,2021-09-07 08:39:58.040,2021-09-09 08:39:58.040
5031810,2021-09-01,2021-09-03 18:47:34.959,2021-09-06 18:47:34.959,2021-09-06 18:47:34.959,2021-09-08 18:47:34.959
5021406,2021-09-01,2021-09-03 21:25:12.751,2021-09-09 08:48:08.944,2021-09-13 16:39:01.023,2021-09-15 16:39:01.023
5026668,2021-09-01,2021-09-03 21:37:43.225,2021-09-06 21:37:43.225,2021-09-07 12:01:49.253,2021-09-09 12:01:49.253
5025821,2021-09-01,2021-09-03 21:44:39.852,2021-09-06 21:44:39.852,2021-09-06 21:44:39.852,2021-09-08 21:44:39.852
5034149,2021-09-01,2021-09-03 21:57:11.081,2021-09-09 07:35:13.631,2021-09-13 09:05:40.154,2021-09-15 09:05:40.154
5034386,2021-09-01,2021-09-03 22:11:50.142,2021-09-09 17:26:57.130,2021-09-10 17:26:57.130,2021-09-13 17:26:57.130
5032525,2021-09-01,2021-09-03 22:35:14.508,2021-09-07 12:50:21.849,2021-09-09 04:24:29.619,2021-09-13 04:24:29.619
5030871,2021-09-01,2021-09-03 22:52:40.236,2021-09-06 23:59:36.594,2021-09-07 17:38:54.159,2021-09-09 17:38:54.159
5035938,2021-09-01,2021-09-03 22:58:24.049,2021-09-06 22:58:24.049,2021-09-08 06:21:43.910,2021-09-10 06:21:43.910
5033006,2021-09-01,2021-09-03 23:01:03.240,2021-09-06 13:38:54.267,2021-09-07 20:07:28.127,2021-09-09 20:07:28.127
5025359,2021-09-01,2021-09-03 23:12:05.964,2021-09-06 23:12:05.964,2021-09-07 22:37:04.105,2021-09-09 22:37:04.105
5027792,2021-09-01,2021-09-06 00:02:20.217,2021-09-07 00:02:20.217,2021-09-08 00:02:20.217,2021-09-10 00:02:20.217
5023619,2021-09-01,2021-09-06 00:03:00.584,2021-09-07 00:03:00.584,2021-09-08 00:03:00.584,2021-09-10 00:03:00.584
5030621,2021-09-01,2021-09-06 00:08:26.590,2021-09-07 00:08:26.590,2021-09-08 00:08:26.590,2021-09-10 00:08:26.590
5032488,2021-09-01,2021-09-06 00:09:12.505,2021-09-06 11:52:00.487,2021-09-07 11:52:00.487,2021-09-09 11:52:00.487
5029894,2021-09-01,2021-09-06 00:11:11.363,2021-09-07 00:11:11.363,2021-09-08 00:11:11.363,2021-09-10 00:11:11.363
5023665,2021-09-01,2021-09-06 00:31:44.286,2021-09-08 14:18:17.783,2021-09-09 14:18:17.783,2021-09-13 14:18:17.783
5035644,2021-09-01,2021-09-06 00:33:57.196,2021-09-08 00:33:57.196,2021-09-09 00:33:57.196,2021-09-13 00:33:57.196
5035739,2021-09-01,2021-09-06 00:34:12.228,2021-09-08 00:34:12.228,2021-09-09 03:13:38.549,2021-09-13 03:13:38.549
5032904,2021-09-01,2021-09-06 00:35:38.311,2021-09-09 01:17:39.948,2021-09-10 01:17:39.948,2021-09-13 01:17:39.948
5035524,2021-09-01,2021-09-06 00:47:23.467,2021-09-06 05:13:42.987,2021-09-08 03:51:18.560,2021-09-10 03:51:18.560
5021418,2021-09-01,2021-09-06 00:47:41.336,2021-09-08 06:14:36.876,2021-09-09 06:14:36.876,2021-09-13 06:14:36.876
5027751,2021-09-01,2021-09-06 00:49:05.578,2021-09-08 00:49:05.578,2021-09-09 13:17:03.902,2021-09-13 13:17:03.902
5031618,2021-09-01,2021-09-06 01:02:57.616,2021-09-08 01:02:57.616,2021-09-10 14:46:49.091,2021-09-13 14:46:49.091
5036315,2021-09-01,2021-09-06 01:04:48.290,2021-09-07 01:04:48.290,2021-09-08 01:04:48.290,2021-09-10 01:04:48.290
5036296,2021-09-01,2021-09-06 01:27:50.182,2021-09-08 18:02:51.972,2021-09-09 18:02:51.972,2021-09-13 18:02:51.972
5029022,2021-09-01,2021-09-06 01:32:54.030,2021-09-07 01:32:54.030,2021-09-08 01:32:54.030,2021-09-10 01:32:54.030
5023313,2021-09-01,2021-09-06 01:39:18.015,2021-09-08 01:39:18.015,2021-09-09 01:39:18.015,2021-09-13 01:39:18.015
5033570,2021-09-01,2021-09-06 01:42:09.480,2021-09-06 01:42:09.480,2021-09-07 07:31:15.947,2021-09-09 07:31:15.947
5029424,2021-09-01,2021-09-06 02:23:11.319,2021-09-10 05:46:32.719,2021-09-13 05:46:32.719,2021-09-15 05:46:32.719
5024794,2021-09-01,2021-09-06 02:26:33.292,2021-09-06 02:26:33.292,2021-09-07 02:26:33.292,2021-09-09 02:26:33.292
5024638,2021-09-01,2021-09-06 02:34:10.217,2021-09-08 02:34:10.217,2021-09-09 02:34:10.217,2021-09-13 02:34:10.217
5021391,2021-09-01,2021-09-06 02:45:50.732,2021-09-10 03:04:34.059,2021-09-13 07:31:09.451,2021-09-15 07:31:09.451
5023175,2021-09-01,2021-09-06 02:55:38.143,2021-09-08 03:28:01.312,2021-09-09 03:28:01.312,2021-09-13 03:28:01.312
5035821,2021-09-01,2021-09-06 02:57:06.907,2021-09-06 02:57:06.907,2021-09-07 15:25:04.279,2021-09-09 15:25:04.279
5026036,2021-09-01,2021-09-06 03:06:32.492,2021-09-06 03:06:32.492,2021-09-07 23:37:46.634,2021-09-09 23:37:46.634
5037130,2021-09-01,2021-09-06 03:16:39.009,2021-09-06 03:16:39.009,2021-09-07 22:57:11.547,2021-09-09 22:57:11.547
5025733,2021-09-01,2021-09-06 03:28:21.988,2021-09-06 03:28:21.988,2021-09-07 11:01:09.534,2021-09-09 11:01:09.534
5036250,2021-09-01,2021-09-06 03:44:25.865,2021-09-06 03:44:25.865,2021-09-07 18:01:06.052,2021-09-09 18:01:06.052
5026731,2021-09-01,2021-09-06 03:46:17.806,2021-09-08 03:46:17.806,2021-09-09 23:23:41.168,2021-09-13 23:23:41.168
5021768,2021-09-01,2021-09-06 03:47:55.131,2021-09-09 23:25:17.950,2021-09-10 23:25:17.950,2021-09-13 23:25:17.950
5029020,2021-09-01,2021-09-06 03:51:51.140,2021-09-07 07:04:38.075,2021-09-08 10:15:29.363,2021-09-10 10:15:29.363
5036220,2021-09-01,2021-09-06 03:58:05.843,2021-09-06 03:58:05.843,2021-09-07 03:58:05.843,2021-09-09 03:58:05.843
5030113,2021-09-01,2021-09-06 04:18:48.781,2021-09-09 18:59:57.735,2021-09-13 23:54:12.775,2021-09-15 23:54:12.775
5023580,2021-09-01,2021-09-06 04:22:28.925,2021-09-08 09:05:06.917,2021-09-10 23:43:58.382,2021-09-13 23:43:58.382
5036285,2021-09-01,2021-09-06 04:23:17.211,2021-09-10 18:32:08.582,2021-09-13 02:02:28.418,2021-09-15 02:02:28.418
5025898,2021-09-01,2021-09-06 04:28:23.555,2021-09-08 04:28:23.555,2021-09-09 04:28:23.555,2021-09-13 04:28:23.555
5031947,2021-09-01,2021-09-06 04:42:52.150,2021-09-07 04:42:52.150,2021-09-08 04:42:52.150,2021-09-10 04:42:52.150
5026936,2021-09-01,2021-09-06 04:43:46.505,2021-09-09 12:38:33.817,2021-09-13 00:56:14.375,2021-09-15 00:56:14.375
5024716,2021-09-01,2021-09-06 04:46:21.503,2021-09-08 19:33:03.543,2021-09-09 19:33:03.543,2021-09-13 19:33:03.543
5030181,2021-09-01,2021-09-06 04:50:32.423,2021-09-13 07:02:40.690,2021-09-14 01:38:40.519,2021-09-16 01:38:40.519
5035872,2021-09-01,2021-09-06 05:19:15.426,2021-09-09 02:12:27.196,2021-09-10 02:12:27.196,2021-09-13 02:12:27.196
5035978,2021-09-01,2021-09-06 05:40:19.242,2021-09-08 20:48:07.867,2021-09-10 23:15:05.566,2021-09-13 23:15:05.566
5032514,2021-09-01,2021-09-06 05:47:14.046,2021-09-10 16:14:18.874,2021-09-13 16:14:18.874,2021-09-15 16:14:18.874
5026317,2021-09-01,2021-09-06 05:54:18.739,2021-09-09 00:34:03.409,2021-09-10 17:32:09.348,2021-09-13 17:32:09.348
5035617,2021-09-01,2021-09-06 06:02:09.159,2021-09-06 16:17:16.463,2021-09-08 00:25:50.510,2021-09-10 00:25:50.510
5025405,2021-09-01,2021-09-06 06:13:57.205,2021-09-10 08:21:18.065,2021-09-13 17:47:16.773,2021-09-15 17:47:16.773
5033251,2021-09-01,2021-09-06 06:23:43.286,2021-09-07 06:23:43.286,2021-09-08 06:23:43.286,2021-09-10 06:23:43.286
5024441,2021-09-01,2021-09-06 06:32:54.423,2021-09-13 03:59:06.921,2021-09-13 13:13:55.440,2021-09-15 13:13:55.440
5023797,2021-09-01,2021-09-06 06:34:19.981,2021-09-10 10:41:39.123,2021-09-13 09:21:11.627,2021-09-15 09:21:11.627
5026633,2021-09-01,2021-09-06 06:34:40.865,2021-09-08 17:03:11.137,2021-09-09 23:48:15.951,2021-09-13 23:48:15.951
5021472,2021-09-01,2021-09-06 06:39:46.251,2021-09-07 00:56:58.170,2021-09-09 04:03:22.675,2021-09-13 04:03:22.675
5033594,2021-09-01,2021-09-06 06:50:04.941,2021-09-07 15:10:41.806,2021-09-08 15:10:41.806,2021-09-10 15:10:41.806
5029587,2021-09-01,2021-09-06 07:09:34.906,2021-09-07 07:09:34.906,2021-09-08 07:09:34.906,2021-09-10 07:09:34.906
5034181,2021-09-01,2021-09-06 07:13:49.005,2021-09-07 20:19:32.735,2021-09-08 20:19:32.735,2021-09-10 20:19:32.735
5031629,2021-09-01,2021-09-06 07:16:52.170,2021-09-06 07:16:52.170,2021-09-08 06:53:14.290,2021-09-10 06:53:14.290
5029178,2021-09-01,2021-09-06 07:29:03.293,2021-09-07 01:21:48.625,2021-09-08 01:21:48.625,2021-09-10 01:21:48.625
5022112,2021-09-01,2021-09-06 07:30:18.984,2021-09-06 08:05:23.350,2021-09-07 08:05:23.350,2021-09-09 08:05:23.350
5028045,2021-09-01,2021-09-06 07:36:09.914,2021-09-08 07:36:09.914,2021-09-10 00:28:56.120,2021-09-13 00:28:56.120
5035352,2021-09-01,2021-09-06 07:39:21.218,2021-09-07 14:21:20.969,2021-09-08 23:44:56.985,2021-09-10 23:44:56.985
5029023,2021-09-01,2021-09-06 07:41:44.207,2021-09-09 20:59:36.064,2021-09-13 13:25:27.557,2021-09-15 13:25:27.557
5028926,2021-09-01,2021-09-06 07:49:08.276,2021-09-08 22:27:47.732,2021-09-10 21:24:45.034,2021-09-13 21:24:45.034
5031662,2021-09-01,2021-09-06 07:52:09.720,2021-09-07 11:37:01.267,2021-09-08 22:29:24.669,2021-09-10 22:29:24.669
5036335,2021-09-01,2021-09-06 07:52:19.850,2021-09-06 07:52:19.850,2021-09-07 10:32:24.625,2021-09-09 10:32:24.625
5028079,2021-09-01,2021-09-06 08:07:51.380,2021-09-06 08:07:51.380,2021-09-07 08:07:51.380,2021-09-09 08:07:51.380
5025628,2021-09-01,2021-09-06 08:23:48.349,2021-09-07 19:20:39.322,2021-09-09 19:13:06.290,2021-09-13 19:13:06.290
5024591,2021-09-01,2021-09-06 08:25:48.365,2021-09-09 17:13:23.249,2021-09-10 17:13:23.249,2021-09-13 17:13:23.249
5025912,2021-09-01,2021-09-06 08:34:50.485,2021-09-09 06:48:51.877,2021-09-10 06:48:51.877,2021-09-13 06:48:51.877
5029591,2021-09-01,2021-09-06 08:39:45.211,2021-09-06 23:45:43.082,2021-09-07 23:45:43.082,2021-09-09 23:45:43.082
5024621,2021-09-01,2021-09-06 09:09:24.387,2021-09-08 09:09:24.387,2021-09-09 09:09:24.387,2021-09-13 09:09:24.387
5031108,2021-09-01,2021-09-06 09:10:59.428,2021-09-06 09:10:59.428,2021-09-07 16:15:58.442,2021-09-09 16:15:58.442
5029438,2021-09-01,2021-09-06 09:26:22.592,2021-09-10 11:22:31.447,2021-09-13 11:22:31.447,2021-09-15 11:22:31.447
5033738,2021-09-01,2021-09-06 09:35:54.455,2021-09-07 09:35:54.455,2021-09-08 11:33:02.463,2021-09-10 11:33:02.463
5025766,2021-09-01,2021-09-06 09:37:49.194,2021-09-07 09:37:49.194,2021-09-08 09:37:49.194,2021-09-10 09:37:49.194
5024092,2021-09-01,2021-09-06 09:37:55.128,2021-09-06 09:37:55.128,2021-09-07 09:37:55.128,2021-09-09 09:37:55.128
5022791,2021-09-01,2021-09-06 09:38:13.963,2021-09-07 11:14:59.554,2021-09-08 11:14:59.554,2021-09-10 11:14:59.554
5034789,2021-09-01,2021-09-06 09:52:36.909,2021-09-08 06:40:18.817,2021-09-09 12:31:40.261,2021-09-13 12:31:40.261
5025971,2021-09-01,2021-09-06 09:54:55.841,2021-09-06 09:54:55.841,2021-09-07 13:28:18.483,2021-09-09 13:28:18.483
5023107,2021-09-01,2021-09-06 10:02:43.613,2021-09-07 10:02:43.613,2021-09-09 19:08:55.296,2021-09-13 19:08:55.296
5029583,2021-09-01,2021-09-06 10:02:46.773,2021-09-08 10:02:46.773,2021-09-09 10:02:46.773,2021-09-13 10:02:46.773
5022288,2021-09-01,2021-09-06 10:15:37.987,2021-09-08 10:15:37.987,2021-09-09 13:58:22.746,2021-09-13 13:58:22.746
5035537,2021-09-01,2021-09-06 10:16:28.209,2021-09-13 01:46:29.902,2021-09-13 04:36:57.892,2021-09-15 04:36:57.892
5023678,2021-09-01,2021-09-06 10:21:09.616,2021-09-06 10:21:09.616,2021-09-08 17:05:19.361,2021-09-10 17:05:19.361
5031716,2021-09-01,2021-09-06 10:28:11.656,2021-09-10 12:32:37.176,2021-09-13 15:16:18.387,2021-09-15 15:16:18.387
5036479,2021-09-01,2021-09-06 10:35:33.224,2021-09-06 22:37:26.033,2021-09-08 09:26:15.225,2021-09-10 09:26:15.225
5025412,2021-09-01,2021-09-06 10:40:50.140,2021-09-13 12:56:02.872,2021-09-14 19:28:00.991,2021-09-16 19:28:00.991
5036081,2021-09-01,2021-09-06 10:44:52.084,2021-09-07 10:44:52.084,2021-09-08 20:55:06.110,2021-09-10 20:55:06.110
5033091,2021-09-01,2021-09-06 10:47:27.480,2021-09-08 17:22:35.822,2021-09-09 23:28:43.355,2021-09-13 23:28:43.355
5023272,2021-09-01,2021-09-06 10:48:18.084,2021-09-06 10:48:18.084,2021-09-08 08:21:06.203,2021-09-10 08:21:06.203
5027211,2021-09-01,2021-09-06 10:56:56.141,2021-09-08 10:56:56.141,2021-09-09 10:56:56.141,2021-09-13 10:56:56.141
5033402,2021-09-01,2021-09-06 10:59:25.297,2021-09-07 20:46:27.960,2021-09-08 20:46:27.960,2021-09-10 20:46:27.960
5033377,2021-09-01,2021-09-06 10:59:56.092,2021-09-08 12:46:34.952,2021-09-09 12:46:34.952,2021-09-13 12:46:34.952
5024578,2021-09-01,2021-09-06 11:14:04.203,2021-09-09 20:07:52.343,2021-09-10 20:07:52.343,2021-09-13 20:07:52.343
5034334,2021-09-01,2021-09-06 11:15:31.679,2021-09-10 20:05:09.916,2021-09-13 16:28:16.969,2021-09-15 16:28:16.969
5030345,2021-09-01,2021-09-06 11:31:47.582,2021-09-07 23:20:40.828,2021-09-08 23:20:40.828,2021-09-10 23:20:40.828
5035863,2021-09-01,2021-09-06 11:32:31.495,2021-09-08 11:32:31.495,2021-09-09 11:32:31.495,2021-09-13 11:32:31.495
5025736,2021-09-01,2021-09-06 11:40:49.348,2021-09-06 11:40:49.348,2021-09-07 11:40:49.348,2021-09-09 11:40:49.348
5036448,2021-09-01,2021-09-06 11:50:29.645,2021-09-10 10:11:14.166,2021-09-13 02:14:28.763,2021-09-15 02:14:28.763
5033730,2021-09-01,2021-09-06 12:08:25.183,2021-09-08 12:08:25.183,2021-09-10 17:51:20.663,2021-09-13 17:51:20.663
5023117,2021-09-01,2021-09-06 12:22:28.933,2021-09-06 12:22:28.933,2021-09-07 12:22:28.933,2021-09-09 12:22:28.933
5032253,2021-09-01,2021-09-06 12:24:32.846,2021-09-08 12:24:32.846,2021-09-09 13:37:30.693,2021-09-13 13:37:30.693
5026781,2021-09-01,2021-09-06 12:32:48.675,2021-09-08 12:37:04.165,2021-09-09 12:37:04.165,2021-09-13 12:37:04.165
5029043,2021-09-01,2021-09-06 12:38:47.531,2021-09-08 12:38:47.531,2021-09-10 16:49:30.155,2021-09-13 16:49:30.155
5036777,2021-09-01,2021-09-06 12:54:44.700,2021-09-09 00:16:27.425,2021-09-10 00:16:27.425,2021-09-13 00:16:27.425
5034422,2021-09-01,2021-09-06 12:56:36.558,2021-09-08 22:21:16.909,2021-09-13 19:57:22.765,2021-09-15 19:57:22.765
5030609,2021-09-01,2021-09-06 13:09:30.214,2021-09-10 03:05:51.894,2021-09-13 13:50:18.096,2021-09-15 13:50:18.096
5037206,2021-09-01,2021-09-06 13:19:53.046,2021-09-09 18:17:23.833,2021-09-13 04:01:07.593,2021-09-15 04:01:07.593
5033657,2021-09-01,2021-09-06 13:25:15.042,2021-09-08 09:21:00.185,2021-09-09 16:10:20.847,2021-09-13 16:10:20.847
5024292,2021-09-01,2021-09-06 13:34:16.949,2021-09-13 08:30:22.363,2021-09-13 08:30:22.363,2021-09-15 08:30:22.363
5032532,2021-09-01,2021-09-06 13:36:14.697,2021-09-09 12:43:10.052,2021-09-10 12:43:10.052,2021-09-13 12:43:10.052
5023684,2021-09-01,2021-09-06 13:37:35.943,2021-09-07 13:37:35.943,2021-09-08 19:10:34.617,2021-09-10 19:10:34.617
5037587,2021-09-01,2021-09-06 13:41:56.555,2021-09-07 13:41:56.555,2021-09-08 16:36:32.806,2021-09-10 16:36:32.806
5030022,2021-09-01,2021-09-06 13:47:22.105,2021-09-07 22:20:08.174,2021-09-10 16:11:02.351,2021-09-13 16:11:02.351
5033503,2021-09-01,2021-09-06 13:49:09.955,2021-09-08 20:31:38.635,2021-09-10 15:39:57.798,2021-09-13 15:39:57.798
5033343,2021-09-01,2021-09-06 13:56:48.636,2021-09-08 13:56:48.636,2021-09-13 15:20:24.399,2021-09-15 15:20:24.399
5036829,2021-09-01,2021-09-06 14:18:03.062,2021-09-08 14:18:03.062,2021-09-09 14:18:03.062,2021-09-13 14:18:03.062
5023227,2021-09-01,2021-09-06 14:19:59.928,2021-09-09 09:13:46.097,2021-09-13 04:46:31.185,2021-09-15 04:46:31.185
5021657,2021-09-01,2021-09-06 14:41:57.303,2021-09-08 13:08:05.717,2021-09-10 02:23:08.714,2021-09-13 02:23:08.714
5031867,2021-09-01,2021-09-06 14:48:09.104,2021-09-08 14:48:09.104,2021-09-10 05:29:55.477,2021-09-13 05:29:55.477
5025282,2021-09-01,2021-09-06 14:49:34.014,2021-09-08 01:25:42.535,2021-09-13 10:25:25.364,2021-09-15 10:25:25.364
5034168,2021-09-01,2021-09-06 14:49:56.197,2021-09-06 14:49:56.197,2021-09-07 14:49:56.197,2021-09-09 14:49:56.197
5024341,2021-09-01,2021-09-06 15:14:20.555,2021-09-06 15:35:12.902,2021-09-07 22:59:44.162,2021-09-09 22:59:44.162
5022649,2021-09-01,2021-09-06 15:23:22.311,2021-09-07 17:41:50.157,2021-09-09 10:12:42.146,2021-09-13 10:12:42.146
5031583,2021-09-01,2021-09-06 15:30:06.486,2021-09-08 05:04:18.584,2021-09-13 03:39:48.514,2021-09-15 03:39:48.514
5021847,2021-09-01,2021-09-06 15:35:14.115,2021-09-08 11:30:49.981,2021-09-09 11:30:49.981,2021-09-13 11:30:49.981
5031786,2021-09-01,2021-09-06 15:36:46.213,2021-09-07 15:36:46.213,2021-09-08 15:36:46.213,2021-09-10 15:36:46.213
5032325,2021-09-01,2021-09-06 15:39:22.446,2021-09-08 13:36:11.800,2021-09-10 16:36:58.193,2021-09-13 16:36:58.193
5023104,2021-09-01,2021-09-06 15:45:44.524,2021-09-09 20:39:08.628,2021-09-13 08:00:58.052,2021-09-15 08:00:58.052
5029882,2021-09-01,2021-09-06 16:04:49.702,2021-09-08 20:31:24.583,2021-09-09 20:31:24.583,2021-09-13 20:31:24.583
5033009,2021-09-01,2021-09-06 16:09:48.974,2021-09-06 16:09:48.974,2021-09-09 11:38:19.577,2021-09-13 11:38:19.577
5032130,2021-09-01,2021-09-06 16:12:41.115,2021-09-06 22:56:57.207,2021-09-09 02:10:53.976,2021-09-13 02:10:53.976
5028022,2021-09-01,2021-09-06 16:23:56.304,2021-09-08 16:23:56.304,2021-09-09 16:23:56.304,2021-09-13 16:23:56.304
5030547,2021-09-01,2021-09-06 16:33:43.048,2021-09-07 16:33:43.048,2021-09-08 16:33:43.048,2021-09-10 16:33:43.048
5036267,2021-09-01,2021-09-06 16:41:33.845,2021-09-08 16:41:33.845,2021-09-10 02:44:47.130,2021-09-13 02:44:47.130
5036177,2021-09-01,2021-09-06 16:42:54.401,2021-09-07 16:42:54.401,2021-09-08 16:42:54.401,2021-09-10 16:42:54.401
5032934,2021-09-01,2021-09-06 17:00:58.937,2021-09-06 18:55:56.577,2021-09-09 17:34:19.181,2021-09-13 17:34:19.181
5024587,2021-09-01,2021-09-06 17:10:48.994,2021-09-10 22:37:19.023,2021-09-13 19:56:35.582,2021-09-15 19:56:35.582
5026591,2021-09-01,2021-09-06 17:14:17.982,2021-09-08 13:10:59.395,2021-09-09 13:10:59.395,2021-09-13 13:10:59.395
5029651,2021-09-01,2021-09-06 17:15:48.460,2021-09-08 01:12:33.320,2021-09-09 01:12:33.320,2021-09-13 01:12:33.320
5034122,2021-09-01,2021-09-06 17:15:57.292,2021-09-08 17:15:57.292,2021-09-13 06:26:29.296,2021-09-15 06:26:29.296
5033389,2021-09-01,2021-09-06 17:23:34.552,2021-09-08 17:23:34.552,2021-09-09 21:53:27.322,2021-09-13 21:53:27.322
5036843,2021-09-01,2021-09-06 17:35:20.337,2021-09-07 23:41:30.296,2021-09-09 22:47:34.997,2021-09-13 22:47:34.997
5032908,2021-09-01,2021-09-06 17:45:03.767,2021-09-07 17:45:03.767,2021-09-08 17:45:03.767,2021-09-10 17:45:03.767
5035835,2021-09-01,2021-09-06 17:46:46.073,2021-09-07 17:46:46.073,2021-09-08 17:46:46.073,2021-09-10 17:46:46.073
5033159,2021-09-01,2021-09-06 17:51:11.062,2021-09-07 21:42:13.208,2021-09-08 21:42:13.208,2021-09-10 21:42:13.208
5026589,2021-09-01,2021-09-06 17:56:48.795,2021-09-08 17:56:48.795,2021-09-09 17:56:48.795,2021-09-13 17:56:48.795
5033034,2021-09-01,2021-09-06 18:04:25.584,2021-09-07 18:04:25.584,2021-09-08 18:04:25.584,2021-09-10 18:04:25.584
5030605,2021-09-01,2021-09-06 18:07:06.004,2021-09-07 18:07:06.004,2021-09-09 16:15:00.408,2021-09-13 16:15:00.408
5036474,2021-09-01,2021-09-06 18:07:39.580,2021-09-08 04:04:47.412,2021-09-10 21:32:13.888,2021-09-13 21:32:13.888
5024406,2021-09-01,2021-09-06 18:11:53.237,2021-09-07 11:20:05.081,2021-09-08 11:20:05.081,2021-09-10 11:20:05.081
5022912,2021-09-01,2021-09-06 18:17:37.330,2021-09-07 10:23:02.841,2021-09-08 10:23:02.841,2021-09-10 10:23:02.841
5027964,2021-09-01,2021-09-06 18:22:53.360,2021-09-07 18:22:53.360,2021-09-08 18:22:53.360,2021-09-10 18:22:53.360
5022304,2021-09-01,2021-09-06 18:25:06.413,2021-09-08 18:25:06.413,2021-09-09 18:25:06.413,2021-09-13 18:25:06.413
5029235,2021-09-01,2021-09-06 18:30:43.925,2021-09-08 18:30:43.925,2021-09-09 18:30:43.925,2021-09-13 18:30:43.925
5033695,2021-09-01,2021-09-06 18:33:59.201,2021-09-13 13:03:11.348,2021-09-13 13:03:11.348,2021-09-15 13:03:11.348
5029571,2021-09-01,2021-09-06 18:44:02.243,2021-09-07 22:31:14.150,2021-09-08 22:31:14.150,2021-09-10 22:31:14.150
5030140,2021-09-01,2021-09-06 19:09:18.796,2021-09-08 08:12:57.275,2021-09-09 19:50:23.804,2021-09-13 19:50:23.804
5032930,2021-09-01,2021-09-06 19:12:22.481,2021-09-06 19:12:22.481,2021-09-07 19:12:22.481,2021-09-09 19:12:22.481
5026669,2021-09-01,2021-09-06 19:18:20.898,2021-09-07 19:18:20.898,2021-09-08 19:18:20.898,2021-09-10 19:18:20.898
5022819,2021-09-01,2021-09-06 19:45:47.063,2021-09-06 19:45:47.063,2021-09-07 19:45:47.063,2021-09-09 19:45:47.063
5023669,2021-09-01,2021-09-06 20:07:03.518,2021-09-08 05:43:45.025,2021-09-10 12:15:55.941,2021-09-13 12:15:55.941
5025758,2021-09-01,2021-09-06 20:10:13.865,2021-09-08 23:47:41.203,2021-09-13 09:47:53.949,2021-09-15 09:47:53.949
5029344,2021-09-01,2021-09-06 20:51:35.292,2021-09-10 15:53:23.696,2021-09-13 15:53:23.696,2021-09-15 15:53:23.696
5024617,2021-09-01,2021-09-06 20:59:08.232,2021-09-09 08:51:11.398,2021-09-10 08:51:11.398,2021-09-13 08:51:11.398
5033394,2021-09-01,2021-09-06 21:02:17.719,2021-09-08 21:02:17.719,2021-09-10 21:55:09.457,2021-09-13 21:55:09.457
5027967,2021-09-01,2021-09-06 21:24:03.459,2021-09-08 21:24:03.459,2021-09-10 13:43:10.813,2021-09-13 13:43:10.813
5029392,2021-09-01,2021-09-06 21:34:28.472,2021-09-06 21:34:28.472,2021-09-07 21:34:28.472,2021-09-09 21:34:28.472
5033548,2021-09-01,2021-09-06 21:41:45.699,2021-09-07 21:14:53.773,2021-09-08 21:14:53.773,2021-09-10 21:14:53.773
5027875,2021-09-01,2021-09-06 21:43:57.402,2021-09-06 21:43:57.402,2021-09-08 02:41:12.081,2021-09-10 02:41:12.081
5027667,2021-09-01,2021-09-06 21:51:58.819,2021-09-13 04:55:51.949,2021-09-13 04:55:51.949,2021-09-15 04:55:51.949
5027807,2021-09-01,2021-09-06 21:55:28.664,2021-09-07 21:55:28.664,2021-09-08 21:55:28.664,2021-09-10 21:55:28.664
5025381,2021-09-01,2021-09-06 21:58:36.424,2021-09-06 21:58:36.424,2021-09-07 21:58:36.424,2021-09-09 21:58:36.424
5035637,2021-09-01,2021-09-06 22:04:53.262,2021-09-08 03:32:43.128,2021-09-09 03:32:43.128,2021-09-13 03:32:43.128
5030399,2021-09-01,2021-09-06 22:07:42.729,2021-09-09 08:09:50.578,2021-09-10 09:53:38.777,2021-09-13 09:53:38.777
5027892,2021-09-01,2021-09-06 22:08:12.980,2021-09-08 22:08:12.980,2021-09-10 16:21:28.574,2021-09-13 16:21:28.574
5030125,2021-09-01,2021-09-06 22:09:17.841,2021-09-13 19:25:54.174,2021-09-14 19:25:54.174,2021-09-16 19:25:54.174
5027773,2021-09-01,2021-09-06 22:25:33.716,2021-09-08 14:22:58.488,2021-09-13 18:10:21.681,2021-09-15 18:10:21.681
5023276,2021-09-01,2021-09-06 22:32:16.502,2021-09-07 06:17:21.708,2021-09-08 20:07:50.801,2021-09-10 20:07:50.801
5028291,2021-09-01,2021-09-06 22:36:19.748,2021-09-07 10:34:54.473,2021-09-08 10:34:54.473,2021-09-10 10:34:54.473
5034135,2021-09-01,2021-09-06 22:55:23.129,2021-09-13 07:52:20.000,2021-09-13 09:42:50.306,2021-09-15 09:42:50.306
5026648,2021-09-01,2021-09-06 22:55:30.233,2021-09-06 22:55:30.233,2021-09-08 04:44:06.303,2021-09-10 04:44:06.303
5032005,2021-09-01,2021-09-06 23:22:42.319,2021-09-06 23:22:42.319,2021-09-07 23:22:42.319,2021-09-09 23:22:42.319
5029561,2021-09-01,2021-09-06 23:22:44.160,2021-09-09 13:46:10.193,2021-09-10 13:46:10.193,2021-09-13 13:46:10.193
5027293,2021-09-01,2021-09-06 23:23:00.037,2021-09-08 23:23:00.037,2021-09-13 10:10:37.215,2021-09-15 10:10:37.215
5032974,2021-09-01,2021-09-06 23:25:19.407,2021-09-10 08:26:48.574,2021-09-13 08:26:48.574,2021-09-15 08:26:48.574
5027725,2021-09-01,2021-09-06 23:33:07.906,2021-09-07 09:13:04.370,2021-09-08 21:28:33.339,2021-09-10 21:28:33.339
5027926,2021-09-01,2021-09-06 23:45:09.651,2021-09-07 23:45:09.651,2021-09-08 23:45:09.651,2021-09-10 23:45:09.651
5024657,2021-09-01,2021-09-06 23:59:10.861,2021-09-06 23:59:10.861,2021-09-07 23:59:10.861,2021-09-09 23:59:10.861
5034693,2021-09-01,2021-09-07 00:14:47.784,2021-09-09 17:58:07.228,2021-09-13 00:15:19.119,2021-09-15 00:15:19.119
5026663,2021-09-01,2021-09-07 00:18:51.358,2021-09-09 11:12:39.681,2021-09-10 22:43:15.233,2021-09-13 22:43:15.233
5025415,2021-09-01,2021-09-07 00:19:43.810,2021-09-13 16:55:47.252,2021-09-14 16:55:47.252,2021-09-16 16:55:47.252
5031998,2021-09-01,2021-09-07 00:40:00.283,2021-09-09 16:54:03.164,2021-09-13 14:19:09.572,2021-09-15 14:19:09.572
5035967,2021-09-01,2021-09-07 01:22:29.220,2021-09-10 00:23:11.376,2021-09-13 18:51:57.334,2021-09-15 18:51:57.334
5036305,2021-09-01,2021-09-07 03:05:20.096,2021-09-13 12:59:08.002,2021-09-13 18:25:57.503,2021-09-15 18:25:57.503
5030830,2021-09-01,2021-09-07 03:19:37.186,2021-09-09 03:19:37.186,2021-09-13 14:57:56.882,2021-09-15 14:57:56.882
5033699,2021-09-01,2021-09-07 03:24:05.477,2021-09-10 07:38:54.622,2021-09-13 16:54:03.892,2021-09-15 16:54:03.892
5035690,2021-09-01,2021-09-07 03:26:42.620,2021-09-10 10:50:46.378,2021-09-13 10:50:46.378,2021-09-15 10:50:46.378
5035798,2021-09-01,2021-09-07 04:21:35.866,2021-09-09 04:21:35.866,2021-09-10 04:21:35.866,2021-09-13 04:21:35.866
5030595,2021-09-01,2021-09-07 04:26:00.554,2021-09-10 21:34:32.211,2021-09-13 05:50:07.351,2021-09-15 05:50:07.351
5027087,2021-09-01,2021-09-07 04:34:23.847,2021-09-09 04:34:23.847,2021-09-10 04:34:23.847,2021-09-13 04:34:23.847
5022481,2021-09-01,2021-09-07 04:50:17.536,2021-09-09 04:50:17.536,2021-09-13 01:40:57.307,2021-09-15 01:40:57.307
5031951,2021-09-01,2021-09-07 05:08:44.911,2021-09-10 01:11:45.697,2021-09-13 01:11:45.697,2021-09-15 01:11:45.697
5024568,2021-09-01,2021-09-07 05:14:44.186,2021-09-09 10:34:31.182,2021-09-10 13:02:46.584,2021-09-13 13:02:46.584
5023076,2021-09-01,2021-09-07 05:53:19.698,2021-09-13 16:30:23.019,2021-09-13 16:30:23.019,2021-09-15 16:30:23.019
5034042,2021-09-01,2021-09-07 06:49:23.207,2021-09-09 06:49:23.207,2021-09-13 23:37:03.853,2021-09-15 23:37:03.853
5024203,2021-09-01,2021-09-07 07:24:35.375,2021-09-13 15:51:21.673,2021-09-13 04:07:59.843,2021-09-15 04:07:59.843
5035964,2021-09-01,2021-09-07 07:27:36.226,2021-09-10 01:02:44.791,2021-09-13 01:02:44.791,2021-09-15 01:02:44.791
5023031,2021-09-01,2021-09-07 07:54:56.586,2021-09-13 14:35:51.225,2021-09-14 09:32:21.330,2021-09-16 09:32:21.330
5032261,2021-09-01,2021-09-07 07:56:25.853,2021-09-09 07:56:25.853,2021-09-10 07:56:25.853,2021-09-13 07:56:25.853
5034281,2021-09-01,2021-09-07 09:45:07.101,2021-09-09 09:45:07.101,2021-09-13 22:56:56.104,2021-09-15 22:56:56.104
5030038,2021-09-01,2021-09-07 09:47:37.618,2021-09-09 09:47:37.618,2021-09-10 09:47:37.618,2021-09-13 09:47:37.618
5021886,2021-09-01,2021-09-07 13:33:49.514,2021-09-10 15:36:09.621,2021-09-13 20:57:30.758,2021-09-15 20:57:30.758
5036604,2021-09-01,2021-09-07 15:39:16.264,2021-09-13 11:19:01.007,2021-09-13 11:19:01.007,2021-09-15 11:19:01.007
5028055,2021-09-01,2021-09-07 16:06:42.446,2021-09-09 16:06:42.446,2021-09-13 08:55:04.687,2021-09-15 08:55:04.687
5029214,2021-09-01,2021-09-07 16:11:11.769,2021-09-09 16:11:11.769,2021-09-13 19:46:17.956,2021-09-15 19:46:17.956
5027827,2021-09-01,2021-09-07 16:24:12.646,2021-09-10 05:54:24.827,2021-09-13 05:54:24.827,2021-09-15 05:54:24.827
5025699,2021-09-01,2021-09-07 17:03:37.267,2021-09-10 10:57:51.408,2021-09-13 20:42:10.903,2021-09-15 20:42:10.903
5027605,2021-09-01,2021-09-07 17:10:03.064,2021-09-09 17:10:03.064,2021-09-13 14:52:14.590,2021-09-15 14:52:14.590
5026392,2021-09-01,2021-09-07 17:11:18.694,2021-09-13 22:30:43.417,2021-09-13 22:30:43.417,2021-09-15 22:30:43.417
5030272,2021-09-01,2021-09-07 17:21:35.529,2021-09-10 02:53:37.625,2021-09-13 02:53:37.625,2021-09-15 02:53:37.625
5029348,2021-09-01,2021-09-07 18:12:09.487,2021-09-13 19:10:18.708,2021-09-13 19:10:18.708,2021-09-15 19:10:18.708
5033483,2021-09-01,2021-09-07 19:44:06.737,2021-09-09 19:44:06.737,2021-09-10 19:44:06.737,2021-09-13 19:44:06.737
5036254,2021-09-01,2021-09-07 22:43:12.736,2021-09-10 18:05:37.024,2021-09-13 13:51:12.737,2021-09-15 13:51:12.737
5034796,2021-09-01,2021-09-07 22:56:08.443,2021-09-09 22:56:08.443,2021-09-10 22:56:08.443,2021-09-13 22:56:08.443
5036483,2021-09-01,2021-09-08 00:08:17.001,2021-09-10 20:34:21.406,2021-09-13 20:34:21.406,2021-09-15 20:34:21.406
5028166,2021-09-01,2021-09-08 05:43:08.033,2021-09-10 22:32:38.923,2021-09-13 22:32:38.923,2021-09-15 22:32:38.923
5027001,2021-09-01,2021-09-08 06:16:36.924,2021-09-10 21:46:50.401,2021-09-13 13:23:08.913,2021-09-15 13:23:08.913
5036061,2021-09-01,2021-09-08 07:42:21.110,2021-09-10 07:42:21.110,2021-09-13 07:42:21.110,2021-09-15 07:42:21.110
5027435,2021-09-01,2021-09-08 09:01:48.812,2021-09-10 09:01:48.812,2021-09-13 09:22:22.275,2021-09-15 09:22:22.275
5029675,2021-09-01,2021-09-08 10:15:00.751,2021-09-10 10:15:00.751,2021-09-13 10:15:00.751,2021-09-15 10:15:00.751
5025902,2021-09-01,2021-09-08 11:40:59.895,2021-09-13 21:50:39.485,2021-09-13 21:50:39.485,2021-09-15 21:50:39.485
5029925,2021-09-01,2021-09-08 13:09:34.423,2021-09-10 13:09:34.423,2021-09-13 13:09:34.423,2021-09-15 13:09:34.423
5033667,2021-09-01,2021-09-08 13:18:03.095,2021-09-13 19:36:19.100,2021-09-14 21:39:35.526,2021-09-16 21:39:35.526
5029528,2021-09-01,2021-09-08 13:27:27.146,2021-09-10 13:27:27.146,2021-09-13 21:56:02.071,2021-09-15 21:56:02.071
5021925,2021-09-01,2021-09-08 14:37:34.604,2021-09-13 01:47:23.450,2021-09-13 18:19:48.474,2021-09-15 18:19:48.474
5028373,2021-09-01,2021-09-08 17:32:43.525,2021-09-10 17:32:43.525,2021-09-13 09:30:45.157,2021-09-15 09:30:45.157
5021450,2021-09-01,2021-09-08 20:25:34.448,2021-09-10 20:25:34.448,2021-09-13 14:13:37.391,2021-09-15 14:13:37.391
5035512,2021-09-01,2021-09-08 22:12:39.101,2021-09-10 22:12:39.101,2021-09-13 02:59:35.576,2021-09-15 02:59:35.576
5027187,2021-09-01,2021-09-08 23:22:30.607,2021-09-13 20:00:05.205,2021-09-13 20:00:05.205,2021-09-15 20:00:05.205
5033660,2021-09-01,2021-09-09 02:38:47.846,2021-09-13 02:38:47.846,2021-09-13 14:15:48.985,2021-09-15 14:15:48.985
5034633,2021-09-01,2021-09-09 07:39:07.431,2021-09-13 07:39:07.431,2021-09-13 07:39:07.431,2021-09-15 07:39:07.431
5027549,2021-09-01,2021-09-09 19:27:49.757,2021-09-13 19:27:49.757,2021-09-13 14:01:33.161,2021-09-15 14:01:33.161
5034667,2021-09-01,2021-09-09 20:23:56.414,2021-09-13 14:56:19.957,2021-09-16 12:05:11.213,2021-09-20 12:05:11.213
5037576,2021-09-01,2021-09-09 22:43:55.600,2021-09-13 22:43:55.600,2021-09-13 22:43:55.600,2021-09-15 22:43:55.600
5034045,2021-09-01,2021-09-10 16:41:34.436,2021-09-13 16:41:34.436,2021-09-13 22:57:09.519,2021-09-15 22:57:09.519
5022578,2021-09-02,2021-09-06 00:00:00.000,2021-09-06 00:00:00.000,2021-09-07 00:00:00.000,2021-09-09 00:00:00.000
5023536,2021-09-02,2021-09-06 00:00:00.000,2021-09-06 00:00:00.000,2021-09-07 00:00:00.000,2021-09-09 00:00:00.000
5037214,2021-09-02,2021-09-06 00:00:00.000,2021-09-06 00:00:00.000,2021-09-07 00:00:00.000,2021-09-09 00:00:00.000
5025037,2021-09-02,2021-09-06 00:00:00.000,2021-09-06 00:00:00.000,2021-09-07 00:00:00.000,2021-09-09 00:00:00.000
5028116,2021-09-02,2021-09-06 00:00:00.000,2021-09-06 00:00:00.000,2021-09-07 00:00:00.000,2021-09-09 00:00:00.000
5032495,2021-09-02,2021-09-06 00:00:00.000,2021-09-06 00:00:00.000,2021-09-07 00:00:00.000,2021-09-09 00:00:00.000
5033203,2021-09-02,2021-09-06 00:00:00.000,2021-09-06 00:00:00.000,2021-09-07 00:00:00.000,2021-09-09 00:00:00.000
5036368,2021-09-02,2021-09-06 00:00:00.000,2021-09-06 00:00:00.000,2021-09-07 00:00:00.000,2021-09-09 00:00:00.000
5022853,2021-09-02,2021-09-06 00:00:00.000,2021-09-06 00:00:00.000,2021-09-07 00:00:00.000,2021-09-09 00:00:00.000
5032073,2021-09-02,2021-09-06 00:00:00.000,2021-09-06 00:00:00.000,2021-09-07 00:00:00.000,2021-09-09 00:00:00.000
5026357,2021-09-02,2021-09-06 00:00:00.000,2021-09-06 00:00:00.000,2021-09-07 00:00:00.000,2021-09-09 00:00:00.000
5027898,2021-09-02,2021-09-06 00:00:00.000,2021-09-06 00:00:00.000,2021-09-07 00:00:00.000,2021-09-09 00:00:00.000
5035878,2021-09-02,2021-09-06 00:00:00.000,2021-09-06 00:00:00.000,2021-09-07 00:00:00.000,2021-09-09 00:00:00.000
5026787,2021-09-02,2021-09-06 00:00:00.000,2021-09-06 00:00:00.000,2021-09-07 00:00:00.000,2021-09-09 00:00:00.000
5031845,2021-09-02,2021-09-06 00:00:00.000,2021-09-06 00:00:00.000,2021-09-07 00:00:00.000,2021-09-09 00:00:00.000
5025420,2021-09-02,2021-09-06 00:00:00.000,2021-09-06 00:00:00.000,2021-09-07 02:06:43.031,2021-09-09 02:06:43.031
5024800,2021-09-02,2021-09-06 00:00:00.000,2021-09-06 00:00:00.000,2021-09-07 02:38:22.229,2021-09-09 02:38:22.229
5037261,2021-09-02,2021-09-06 00:00:00.000,2021-09-06 00:00:00.000,2021-09-07 07:14:41.715,2021-09-09 07:14:41.715
5031555,2021-09-02,2021-09-06 00:00:00.000,2021-09-06 00:00:00.000,2021-09-07 07:42:49.846,2021-09-09 07:42:49.846
5022335,2021-09-02,2021-09-06 00:00:00.000,2021-09-06 00:00:00.000,2021-09-07 08:50:40.145,2021-09-09 08:50:40.145
5027999,2021-09-02,2021-09-06 00:00:00.000,2021-09-06 00:00:00.000,2021-09-07 11:00:58.001,2021-09-09 11:00:58.001
5022484,2021-09-02,2021-09-06 00:00:00.000,2021-09-06 00:00:00.000,2021-09-07 11:19:32.111,2021-09-09 11:19:32.111
5036391,2021-09-02,2021-09-06 00:00:00.000,2021-09-06 00:00:00.000,2021-09-07 23:28:58.242,2021-09-09 23:28:58.242
5033129,2021-09-02,2021-09-06 00:00:00.000,2021-09-06 00:00:00.000,2021-09-08 11:03:27.081,2021-09-10 11:03:27.081
5037418,2021-09-02,2021-09-06 00:00:00.000,2021-09-06 01:51:19.747,2021-09-07 13:35:56.649,2021-09-09 13:35:56.649
5028946,2021-09-02,2021-09-06 00:00:00.000,2021-09-06 03:01:01.702,2021-09-07 03:01:01.702,2021-09-09 03:01:01.702
5027812,2021-09-02,2021-09-06 00:00:00.000,2021-09-06 04:38:23.727,2021-09-07 04:38:23.727,2021-09-09 04:38:23.727
5031249,2021-09-02,2021-09-06 00:00:00.000,2021-09-06 04:52:39.103,2021-09-07 04:52:39.103,2021-09-09 04:52:39.103
5026801,2021-09-02,2021-09-06 00:00:00.000,2021-09-06 05:59:50.060,2021-09-08 14:32:13.601,2021-09-10 14:32:13.601
5029031,2021-09-02,2021-09-06 00:00:00.000,2021-09-06 06:39:42.376,2021-09-07 08:42:42.301,2021-09-09 08:42:42.301
5036621,2021-09-02,2021-09-06 00:00:00.000,2021-09-06 11:01:25.905,2021-09-08 00:41:21.897,2021-09-10 00:41:21.897
5029749,2021-09-02,2021-09-06 00:00:00.000,2021-09-06 11:36:18.603,2021-09-07 19:03:42.862,2021-09-09 19:03:42.862
5032704,2021-09-02,2021-09-06 00:00:00.000,2021-09-06 12:58:22.372,2021-09-07 12:58:22.372,2021-09-09 12:58:22.372
5037641,2021-09-02,2021-09-06 00:00:00.000,2021-09-06 13:38:01.223,2021-09-07 13:38:01.223,2021-09-09 13:38:01.223
5027651,2021-09-02,2021-09-06 00:00:00.000,2021-09-06 14:41:27.423,2021-09-08 02:08:12.293,2021-09-10 02:08:12.293
5025518,2021-09-02,2021-09-06 00:00:00.000,2021-09-06 16:01:41.175,2021-09-07 19:11:16.446,2021-09-09 19:11:16.446
5024906,2021-09-02,2021-09-06 00:00:00.000,2021-09-06 21:55:41.897,2021-09-07 21:55:41.897,2021-09-09 21:55:41.897
5024837,2021-09-02,2021-09-06 00:00:00.000,2021-09-06 22:32:01.008,2021-09-10 04:22:06.353,2021-09-13 04:22:06.353
5032074,2021-09-02,2021-09-06 00:00:00.000,2021-09-06 22:59:39.849,2021-09-08 21:39:34.906,2021-09-10 21:39:34.906
5026472,2021-09-02,2021-09-06 00:00:00.000,2021-09-06 23:00:10.687,2021-09-07 23:00:10.687,2021-09-09 23:00:10.687
5030170,2021-09-02,2021-09-06 00:00:00.000,2021-09-06 23:14:27.209,2021-09-08 13:02:39.683,2021-09-10 13:02:39.683
5031262,2021-09-02,2021-09-06 00:00:00.000,2021-09-07 00:51:42.553,2021-09-08 17:48:40.282,2021-09-10 17:48:40.282
5035893,2021-09-02,2021-09-06 00:00:00.000,2021-09-07 04:35:58.815,2021-09-10 06:26:47.268,2021-09-13 06:26:47.268
5025772,2021-09-02,2021-09-06 00:00:00.000,2021-09-07 06:23:13.637,2021-09-09 12:29:26.198,2021-09-13 12:29:26.198
5031966,2021-09-02,2021-09-06 00:00:00.000,2021-09-07 07:17:12.956,2021-09-09 20:46:00.700,2021-09-13 20:46:00.700
5029098,2021-09-02,2021-09-06 00:00:00.000,2021-09-07 10:50:41.604,2021-09-08 10:50:41.604,2021-09-10 10:50:41.604
5030883,2021-09-02,2021-09-06 00:00:00.000,2021-09-07 11:46:41.874,2021-09-10 00:49:30.332,2021-09-13 00:49:30.332
5035630,2021-09-02,2021-09-06 00:00:00.000,2021-09-07 11:55:16.769,2021-09-08 11:55:16.769,2021-09-10 11:55:16.769
5025860,2021-09-02,2021-09-06 00:00:00.000,2021-09-07 17:00:39.471,2021-09-08 17:00:39.471,2021-09-10 17:00:39.471
5026758,2021-09-02,2021-09-06 00:00:00.000,2021-09-07 17:48:33.485,2021-09-08 17:48:33.485,2021-09-10 17:48:33.485
5030965,2021-09-02,2021-09-06 00:00:00.000,2021-09-07 19:37:40.769,2021-09-08 19:37:40.769,2021-09-10 19:37:40.769
5022903,2021-09-02,2021-09-06 00:00:00.000,2021-09-07 19:56:46.569,2021-09-09 07:47:59.686,2021-09-13 07:47:59.686
5032194,2021-09-02,2021-09-06 00:00:00.000,2021-09-08 05:03:10.458,2021-09-09 05:03:10.458,2021-09-13 05:03:10.458
5029708,2021-09-02,2021-09-06 00:00:00.000,2021-09-08 13:47:36.756,2021-09-10 22:00:35.403,2021-09-13 22:00:35.403
5027584,2021-09-02,2021-09-06 00:00:00.000,2021-09-08 17:01:57.635,2021-09-09 17:01:57.635,2021-09-13 17:01:57.635
5035877,2021-09-02,2021-09-06 00:00:00.000,2021-09-08 20:06:46.440,2021-09-09 20:06:46.440,2021-09-13 20:06:46.440
5037232,2021-09-02,2021-09-06 00:00:00.000,2021-09-08 22:57:20.664,2021-09-09 22:57:20.664,2021-09-13 22:57:20.664
5034907,2021-09-02,2021-09-06 00:00:00.000,2021-09-09 02:52:47.328,2021-09-10 20:08:39.672,2021-09-13 20:08:39.672
5028256,2021-09-02,2021-09-06 00:00:00.000,2021-09-09 07:48:50.863,2021-09-13 17:26:22.156,2021-09-15 17:26:22.156
5028133,2021-09-02,2021-09-06 00:00:00.000,2021-09-09 08:26:38.279,2021-09-10 08:26:38.279,2021-09-13 08:26:38.279
5034753,2021-09-02,2021-09-06 00:00:00.000,2021-09-09 09:25:23.398,2021-09-10 09:25:23.398,2021-09-13 09:25:23.398
5023148,2021-09-02,2021-09-06 00:00:00.000,2021-09-09 13:24:13.738,2021-09-10 13:24:13.738,2021-09-13 13:24:13.738
5022189,2021-09-02,2021-09-06 00:00:00.000,2021-09-09 17:51:44.193,2021-09-13 19:27:25.221,2021-09-15 19:27:25.221
5026230,2021-09-02,2021-09-06 00:00:00.000,2021-09-10 08:58:54.600,2021-09-13 08:58:54.600,2021-09-15 08:58:54.600
5026723,2021-09-02,2021-09-06 00:00:00.000,2021-09-10 09:56:37.060,2021-09-13 09:56:37.060,2021-09-15 09:56:37.060
5033715,2021-09-02,2021-09-06 00:05:26.306,2021-09-09 09:11:27.107,2021-09-10 09:11:27.107,2021-09-13 09:11:27.107
5029564,2021-09-02,2021-09-06 00:06:51.449,2021-09-06 00:06:51.449,2021-09-07 20:12:16.281,2021-09-09 20:12:16.281
5037278,2021-09-02,2021-09-06 00:16:31.666,2021-09-10 16:39:18.470,2021-09-13 03:00:54.117,2021-09-15 03:00:54.117
5037211,2021-09-02,2021-09-06 00:27:07.209,2021-09-08 11:50:55.054,2021-09-09 11:50:55.054,2021-09-13 11:50:55.054
5025748,2021-09-02,2021-09-06 00:29:22.452,2021-09-07 04:22:50.962,2021-09-08 04:22:50.962,2021-09-10 04:22:50.962
5025429,2021-09-02,2021-09-06 00:40:16.247,2021-09-08 01:22:40.704,2021-09-09 01:22:40.704,2021-09-13 01:22:40.704
5036688,2021-09-02,2021-09-06 00:54:47.299,2021-09-06 00:54:47.299,2021-09-09 09:26:13.850,2021-09-13 09:26:13.850
5023071,2021-09-02,2021-09-06 00:55:22.377,2021-09-06 00:55:22.377,2021-09-09 23:34:11.484,2021-09-13 23:34:11.484
5027470,2021-09-02,2021-09-06 00:58:04.421,2021-09-06 00:58:04.421,2021-09-07 21:28:34.271,2021-09-09 21:28:34.271
5031320,2021-09-02,2021-09-06 01:15:48.472,2021-09-08 04:08:31.240,2021-09-09 21:54:57.338,2021-09-13 21:54:57.338
5025392,2021-09-02,2021-09-06 01:17:51.043,2021-09-08 01:17:51.043,2021-09-09 13:25:38.542,2021-09-13 13:25:38.542
5036712,2021-09-02,2021-09-06 01:20:02.970,2021-09-08 03:09:58.781,2021-09-09 03:09:58.781,2021-09-13 03:09:58.781
5026639,2021-09-02,2021-09-06 01:20:45.758,2021-09-08 01:20:45.758,2021-09-09 04:12:08.907,2021-09-13 04:12:08.907
5023622,2021-09-02,2021-09-06 01:26:35.924,2021-09-06 03:24:41.168,2021-09-07 03:24:41.168,2021-09-09 03:24:41.168
5028085,2021-09-02,2021-09-06 01:32:14.148,2021-09-06 01:32:14.148,2021-09-07 01:32:14.148,2021-09-09 01:32:14.148
5032348,2021-09-02,2021-09-06 01:36:02.877,2021-09-08 00:55:25.077,2021-09-10 00:04:48.686,2021-09-13 00:04:48.686
5026117,2021-09-02,2021-09-06 02:15:58.819,2021-09-07 02:15:58.819,2021-09-08 02:15:58.819,2021-09-10 02:15:58.819
5036409,2021-09-02,2021-09-06 02:18:19.582,2021-09-09 03:49:44.792,2021-09-10 03:49:44.792,2021-09-13 03:49:44.792
5031536,2021-09-02,2021-09-06 02:23:23.410,2021-09-08 02:23:23.410,2021-09-09 19:11:10.371,2021-09-13 19:11:10.371
5022368,2021-09-02,2021-09-06 02:27:19.525,2021-09-09 22:54:47.768,2021-09-13 11:49:59.809,2021-09-15 11:49:59.809
5027614,2021-09-02,2021-09-06 02:45:46.051,2021-09-06 02:45:46.051,2021-09-08 01:50:45.504,2021-09-10 01:50:45.504
5024477,2021-09-02,2021-09-06 03:22:07.027,2021-09-09 06:15:38.726,2021-09-13 23:49:33.427,2021-09-15 23:49:33.427
5021420,2021-09-02,2021-09-06 04:00:38.424,2021-09-07 04:00:38.424,2021-09-08 10:14:52.025,2021-09-10 10:14:52.025
5030238,2021-09-02,2021-09-06 04:08:02.941,2021-09-09 05:50:47.781,2021-09-10 05:50:47.781,2021-09-13 05:50:47.781
5024352,2021-09-02,2021-09-06 04:17:25.466,2021-09-08 04:17:25.466,2021-09-09 04:17:25.466,2021-09-13 04:17:25.466
5036426,2021-09-02,2021-09-06 04:23:10.716,2021-09-08 05:01:05.974,2021-09-09 05:01:05.974,2021-09-13 05:01:05.974
5025992,2021-09-02,2021-09-06 04:24:22.939,2021-09-08 13:10:39.768,2021-09-10 00:28:28.743,2021-09-13 00:28:28.743
5025417,2021-09-02,2021-09-06 04:45:34.695,2021-09-08 04:45:34.695,2021-09-09 16:56:53.668,2021-09-13 16:56:53.668
5035598,2021-09-02,2021-09-06 04:48:38.686,2021-09-13 01:32:33.699,2021-09-14 04:36:19.783,2021-09-16 04:36:19.783
5027010,2021-09-02,2021-09-06 05:11:13.991,2021-09-08 05:11:13.991,2021-09-09 19:57:21.285,2021-09-13 19:57:21.285
5028051,2021-09-02,2021-09-06 05:22:59.832,2021-09-08 19:02:14.911,2021-09-09 19:02:14.911,2021-09-13 19:02:14.911
5029199,2021-09-02,2021-09-06 05:23:09.900,2021-09-06 09:56:11.241,2021-09-07 09:56:11.241,2021-09-09 09:56:11.241
5024516,2021-09-02,2021-09-06 05:26:42.603,2021-09-07 05:26:42.603,2021-09-08 12:45:46.638,2021-09-10 12:45:46.638
5024753,2021-09-02,2021-09-06 05:32:53.697,2021-09-07 01:14:29.920,2021-09-08 01:14:29.920,2021-09-10 01:14:29.920
5030734,2021-09-02,2021-09-06 05:35:37.730,2021-09-08 03:58:42.560,2021-09-09 03:58:42.560,2021-09-13 03:58:42.560
5029735,2021-09-02,2021-09-06 05:43:42.295,2021-09-07 16:51:46.389,2021-09-09 17:01:37.682,2021-09-13 17:01:37.682
5031288,2021-09-02,2021-09-06 05:57:53.584,2021-09-09 16:32:10.692,2021-09-10 16:32:10.692,2021-09-13 16:32:10.692
5033021,2021-09-02,2021-09-06 06:01:06.385,2021-09-08 23:25:04.512,2021-09-09 23:25:04.512,2021-09-13 23:25:04.512
5033755,2021-09-02,2021-09-06 06:07:02.814,2021-09-08 06:07:02.814,2021-09-09 19:42:22.187,2021-09-13 19:42:22.187
5033136,2021-09-02,2021-09-06 06:11:00.043,2021-09-06 06:11:00.043,2021-09-07 06:11:00.043,2021-09-09 06:11:00.043
5034820,2021-09-02,2021-09-06 06:13:15.891,2021-09-07 06:13:15.891,2021-09-08 19:50:08.904,2021-09-10 19:50:08.904
5026752,2021-09-02,2021-09-06 06:15:09.762,2021-09-08 15:23:41.421,2021-09-09 15:23:41.421,2021-09-13 15:23:41.421
5023361,2021-09-02,2021-09-06 06:22:02.360,2021-09-08 00:11:27.339,2021-09-09 00:11:27.339,2021-09-13 00:11:27.339
5034182,2021-09-02,2021-09-06 06:23:18.344,2021-09-07 06:23:18.344,2021-09-13 11:38:08.013,2021-09-15 11:38:08.013
5027439,2021-09-02,2021-09-06 06:32:08.434,2021-09-06 06:32:08.434,2021-09-07 21:36:05.382,2021-09-09 21:36:05.382
5037646,2021-09-02,2021-09-06 06:35:03.088,2021-09-08 06:35:03.088,2021-09-09 06:35:03.088,2021-09-13 06:35:03.088
5032953,2021-09-02,2021-09-06 06:38:24.306,2021-09-07 06:38:24.306,2021-09-08 06:38:24.306,2021-09-10 06:38:24.306
5030028,2021-09-02,2021-09-06 06:54:52.322,2021-09-08 06:54:52.322,2021-09-09 06:54:52.322,2021-09-13 06:54:52.322
5026582,2021-09-02,2021-09-06 06:58:06.886,2021-09-08 02:27:02.610,2021-09-09 02:27:02.610,2021-09-13 02:27:02.610
5030281,2021-09-02,2021-09-06 06:58:55.516,2021-09-06 06:58:55.516,2021-09-07 06:58:55.516,2021-09-09 06:58:55.516
5034748,2021-09-02,2021-09-06 06:59:21.376,2021-09-06 06:59:21.376,2021-09-08 10:32:29.859,2021-09-10 10:32:29.859
5024833,2021-09-02,2021-09-06 07:06:35.105,2021-09-10 10:43:18.551,2021-09-13 10:43:18.551,2021-09-15 10:43:18.551
5031838,2021-09-02,2021-09-06 07:36:29.198,2021-09-08 07:36:29.198,2021-09-09 12:36:15.849,2021-09-13 12:36:15.849
5024845,2021-09-02,2021-09-06 08:09:27.526,2021-09-07 17:17:09.447,2021-09-08 17:17:09.447,2021-09-10 17:17:09.447
5029056,2021-09-02,2021-09-06 08:15:56.300,2021-09-09 06:03:56.659,2021-09-10 06:03:56.659,2021-09-13 06:03:56.659
5030935,2021-09-02,2021-09-06 08:39:30.589,2021-09-08 08:39:30.589,2021-09-09 08:39:30.589,2021-09-13 08:39:30.589
5032382,2021-09-02,2021-09-06 09:09:17.724,2021-09-08 12:00:19.439,2021-09-10 16:16:40.662,2021-09-13 16:16:40.662
5030072,2021-09-02,2021-09-06 09:12:36.562,2021-09-07 09:12:36.562,2021-09-09 21:16:57.151,2021-09-13 21:16:57.151
5033472,2021-09-02,2021-09-06 09:12:41.464,2021-09-08 09:12:41.464,2021-09-09 16:01:29.265,2021-09-13 16:01:29.265
5032060,2021-09-02,2021-09-06 09:18:00.082,2021-09-09 10:23:03.141,2021-09-10 10:23:03.141,2021-09-13 10:23:03.141
5024828,2021-09-02,2021-09-06 09:18:28.551,2021-09-06 23:47:30.137,2021-09-07 23:47:30.137,2021-09-09 23:47:30.137
5031705,2021-09-02,2021-09-06 09:19:57.361,2021-09-07 09:19:57.361,2021-09-09 15:49:17.532,2021-09-13 15:49:17.532
5031821,2021-09-02,2021-09-06 09:21:54.437,2021-09-06 09:21:54.437,2021-09-07 09:21:54.437,2021-09-09 09:21:54.437
5035694,2021-09-02,2021-09-06 09:27:49.083,2021-09-08 01:15:50.506,2021-09-09 01:15:50.506,2021-09-13 01:15:50.506
5036659,2021-09-02,2021-09-06 09:28:59.474,2021-09-08 21:28:09.382,2021-09-09 21:28:09.382,2021-09-13 21:28:09.382
5030200,2021-09-02,2021-09-06 09:33:45.002,2021-09-06 09:33:45.002,2021-09-07 13:35:54.222,2021-09-09 13:35:54.222
5028806,2021-09-02,2021-09-06 09:43:42.643,2021-09-07 09:43:42.643,2021-09-08 13:42:39.193,2021-09-10 13:42:39.193
5029721,2021-09-02,2021-09-06 09:48:23.834,2021-09-09 12:27:13.710,2021-09-13 13:57:32.191,2021-09-15 13:57:32.191
5029896,2021-09-02,2021-09-06 09:50:39.735,2021-09-06 14:17:59.324,2021-09-07 23:26:02.653,2021-09-09 23:26:02.653
5025455,2021-09-02,2021-09-06 09:59:47.762,2021-09-07 09:59:47.762,2021-09-10 12:35:02.916,2021-09-13 12:35:02.916
5037415,2021-09-02,2021-09-06 10:09:29.829,2021-09-06 18:55:27.259,2021-09-08 10:26:01.950,2021-09-10 10:26:01.950
5021499,2021-09-02,2021-09-06 10:16:28.120,2021-09-08 10:16:28.120,2021-09-10 15:45:18.549,2021-09-13 15:45:18.549
5033753,2021-09-02,2021-09-06 10:44:47.104,2021-09-06 10:44:47.104,2021-09-07 10:44:47.104,2021-09-09 10:44:47.104
5032470,2021-09-02,2021-09-06 10:50:01.329,2021-09-10 21:22:46.646,2021-09-13 21:22:46.646,2021-09-15 21:22:46.646
5036413,2021-09-02,2021-09-06 11:09:04.517,2021-09-07 12:55:38.822,2021-09-08 12:55:38.822,2021-09-10 12:55:38.822
5023167,2021-09-02,2021-09-06 11:14:26.419,2021-09-09 17:38:02.780,2021-09-10 17:38:02.780,2021-09-13 17:38:02.780
5034270,2021-09-02,2021-09-06 11:19:04.565,2021-09-07 11:19:04.565,2021-09-08 14:17:44.554,2021-09-10 14:17:44.554
5022846,2021-09-02,2021-09-06 11:28:21.415,2021-09-07 11:28:21.415,2021-09-09 07:04:14.838,2021-09-13 07:04:14.838
5022863,2021-09-02,2021-09-06 11:36:54.539,2021-09-07 18:42:39.936,2021-09-08 18:42:39.936,2021-09-10 18:42:39.936
5022891,2021-09-02,2021-09-06 11:41:34.672,2021-09-06 11:41:34.672,2021-09-07 20:30:05.632,2021-09-09 20:30:05.632
5024689,2021-09-02,2021-09-06 11:41:53.560,2021-09-10 20:04:39.556,2021-09-13 20:04:39.556,2021-09-15 20:04:39.556
5027536,2021-09-02,2021-09-06 11:45:27.839,2021-09-08 13:53:02.044,2021-09-09 18:42:23.952,2021-09-13 18:42:23.952
5028819,2021-09-02,2021-09-06 11:53:02.553,2021-09-08 11:53:02.553,2021-09-13 09:50:22.642,2021-09-15 09:50:22.642
5024025,2021-09-02,2021-09-06 11:54:35.536,2021-09-09 03:46:03.232,2021-09-13 09:04:48.074,2021-09-15 09:04:48.074
5032406,2021-09-02,2021-09-06 12:15:01.731,2021-09-07 17:54:35.366,2021-09-08 17:54:35.366,2021-09-10 17:54:35.366
5026980,2021-09-02,2021-09-06 12:39:11.496,2021-09-09 16:29:40.293,2021-09-13 06:34:18.545,2021-09-15 06:34:18.545
5028121,2021-09-02,2021-09-06 12:41:19.941,2021-09-07 12:41:19.941,2021-09-08 12:41:19.941,2021-09-10 12:41:19.941
5022475,2021-09-02,2021-09-06 12:48:20.732,2021-09-07 11:18:15.938,2021-09-09 21:11:17.388,2021-09-13 21:11:17.388
5025913,2021-09-02,2021-09-06 12:48:40.020,2021-09-06 12:48:40.020,2021-09-07 12:48:40.020,2021-09-09 12:48:40.020
5022442,2021-09-02,2021-09-06 12:52:21.182,2021-09-08 12:52:21.182,2021-09-09 12:52:21.182,2021-09-13 12:52:21.182
5033830,2021-09-02,2021-09-06 12:55:24.314,2021-09-06 12:55:24.314,2021-09-08 03:47:42.970,2021-09-10 03:47:42.970
5029352,2021-09-02,2021-09-06 13:03:04.903,2021-09-06 19:43:44.656,2021-09-10 02:36:30.346,2021-09-13 02:36:30.346
5033750,2021-09-02,2021-09-06 13:03:19.398,2021-09-13 07:23:45.150,2021-09-13 13:06:37.961,2021-09-15 13:06:37.961
5036218,2021-09-02,2021-09-06 13:06:32.231,2021-09-07 13:06:32.231,2021-09-08 13:06:32.231,2021-09-10 13:06:32.231
5026780,2021-09-02,2021-09-06 13:18:59.643,2021-09-07 13:18:59.643,2021-09-08 13:18:59.643,2021-09-10 13:18:59.643
5023800,2021-09-02,2021-09-06 13:23:39.061,2021-09-06 13:23:39.061,2021-09-08 12:22:51.417,2021-09-10 12:22:51.417
5025876,2021-09-02,2021-09-06 13:26:48.547,2021-09-08 13:26:48.547,2021-09-09 13:26:48.547,2021-09-13 13:26:48.547
5032982,2021-09-02,2021-09-06 13:31:11.352,2021-09-10 04:43:42.369,2021-09-13 04:43:42.369,2021-09-15 04:43:42.369
5034228,2021-09-02,2021-09-06 13:33:33.984,2021-09-08 13:33:33.984,2021-09-09 13:33:33.984,2021-09-13 13:33:33.984
5028233,2021-09-02,2021-09-06 13:36:00.116,2021-09-06 13:36:00.116,2021-09-07 13:36:00.116,2021-09-09 13:36:00.116
5025859,2021-09-02,2021-09-06 13:50:20.928,2021-09-08 13:50:20.928,2021-09-09 13:50:20.928,2021-09-13 13:50:20.928
5022151,2021-09-02,2021-09-06 13:55:55.464,2021-09-07 13:55:55.464,2021-09-08 22:54:04.118,2021-09-10 22:54:04.118
5032719,2021-09-02,2021-09-06 14:04:36.938,2021-09-09 07:51:28.262,2021-09-10 07:51:28.262,2021-09-13 07:51:28.262
5036660,2021-09-02,2021-09-06 14:20:56.893,2021-09-08 14:20:56.893,2021-09-09 14:20:56.893,2021-09-13 14:20:56.893
5026051,2021-09-02,2021-09-06 14:24:13.559,2021-09-08 17:53:11.609,2021-09-10 00:03:57.559,2021-09-13 00:03:57.559
5023444,2021-09-02,2021-09-06 14:25:47.679,2021-09-07 14:25:47.679,2021-09-10 05:04:53.722,2021-09-13 05:04:53.722
5030232,2021-09-02,2021-09-06 14:33:59.513,2021-09-09 01:25:59.388,2021-09-10 23:36:54.769,2021-09-13 23:36:54.769
5026015,2021-09-02,2021-09-06 14:39:15.693,2021-09-06 15:43:18.257,2021-09-07 15:43:18.257,2021-09-09 15:43:18.257
5031112,2021-09-02,2021-09-06 14:40:49.242,2021-09-08 14:40:49.242,2021-09-10 21:00:37.633,2021-09-13 21:00:37.633
5032971,2021-09-02,2021-09-06 14:40:56.748,2021-09-06 14:40:56.748,2021-09-08 01:25:07.829,2021-09-10 01:25:07.829
5029100,2021-09-02,2021-09-06 14:41:47.920,2021-09-09 04:09:36.257,2021-09-10 05:02:00.687,2021-09-13 05:02:00.687
5034206,2021-09-02,2021-09-06 14:42:30.863,2021-09-08 04:58:10.912,2021-09-09 04:58:10.912,2021-09-13 04:58:10.912
5023318,2021-09-02,2021-09-06 15:10:01.167,2021-09-07 15:10:01.167,2021-09-08 15:10:01.167,2021-09-10 15:10:01.167
5033143,2021-09-02,2021-09-06 15:24:29.555,2021-09-07 18:04:36.762,2021-09-08 21:48:06.745,2021-09-10 21:48:06.745
5024863,2021-09-02,2021-09-06 15:41:03.182,2021-09-10 11:47:38.027,2021-09-13 11:47:38.027,2021-09-15 11:47:38.027
5025537,2021-09-02,2021-09-06 16:12:58.854,2021-09-09 19:35:14.089,2021-09-10 19:35:14.089,2021-09-13 19:35:14.089
5032668,2021-09-02,2021-09-06 16:24:46.943,2021-09-08 21:30:21.170,2021-09-10 07:28:27.070,2021-09-13 07:28:27.070
5032537,2021-09-02,2021-09-06 16:24:48.837,2021-09-08 16:24:48.837,2021-09-09 16:24:48.837,2021-09-13 16:24:48.837
5030331,2021-09-02,2021-09-06 16:28:25.727,2021-09-08 06:54:22.327,2021-09-09 17:10:11.860,2021-09-13 17:10:11.860
5029328,2021-09-02,2021-09-06 16:28:33.095,2021-09-08 16:28:33.095,2021-09-09 16:28:33.095,2021-09-13 16:28:33.095
5030461,2021-09-02,2021-09-06 16:32:52.383,2021-09-08 16:32:52.383,2021-09-10 08:32:54.065,2021-09-13 08:32:54.065
5024777,2021-09-02,2021-09-06 16:44:10.553,2021-09-09 01:06:36.317,2021-09-10 12:37:37.432,2021-09-13 12:37:37.432
5030706,2021-09-02,2021-09-06 16:45:25.576,2021-09-07 08:51:15.745,2021-09-08 08:51:15.745,2021-09-10 08:51:15.745
5027985,2021-09-02,2021-09-06 17:02:56.590,2021-09-06 17:02:56.590,2021-09-07 17:02:56.590,2021-09-09 17:02:56.590
5023971,2021-09-02,2021-09-06 17:04:24.234,2021-09-10 01:21:26.830,2021-09-13 07:27:32.796,2021-09-15 07:27:32.796
5026596,2021-09-02,2021-09-06 17:06:24.201,2021-09-10 06:07:06.047,2021-09-13 06:07:06.047,2021-09-15 06:07:06.047
5031922,2021-09-02,2021-09-06 17:33:04.571,2021-09-08 03:52:05.657,2021-09-09 18:59:16.103,2021-09-13 18:59:16.103
5029117,2021-09-02,2021-09-06 17:55:59.430,2021-09-08 17:48:26.567,2021-09-13 14:35:11.055,2021-09-15 14:35:11.055
5034233,2021-09-02,2021-09-06 17:58:16.256,2021-09-09 00:09:18.581,2021-09-10 00:09:18.581,2021-09-13 00:09:18.581
5022604,2021-09-02,2021-09-06 17:59:01.792,2021-09-07 17:59:01.792,2021-09-10 04:50:32.912,2021-09-13 04:50:32.912
5023001,2021-09-02,2021-09-06 17:59:50.651,2021-09-10 16:58:16.429,2021-09-13 16:58:16.429,2021-09-15 16:58:16.429
5029605,2021-09-02,2021-09-06 17:59:59.512,2021-09-08 20:45:10.580,2021-09-10 02:15:22.788,2021-09-13 02:15:22.788
5030657,2021-09-02,2021-09-06 18:03:44.936,2021-09-08 07:11:31.564,2021-09-09 14:46:51.997,2021-09-13 14:46:51.997
5026321,2021-09-02,2021-09-06 18:03:45.067,2021-09-06 18:03:45.067,2021-09-07 18:03:45.067,2021-09-09 18:03:45.067
5034840,2021-09-02,2021-09-06 18:07:23.161,2021-09-08 17:34:45.292,2021-09-09 22:22:36.263,2021-09-13 22:22:36.263
5025893,2021-09-02,2021-09-06 18:22:37.154,2021-09-10 08:20:03.477,2021-09-13 08:20:03.477,2021-09-15 08:20:03.477
5029443,2021-09-02,2021-09-06 18:23:01.316,2021-09-08 18:23:01.316,2021-09-09 19:48:05.470,2021-09-13 19:48:05.470
5022362,2021-09-02,2021-09-06 18:31:52.116,2021-09-07 18:31:52.116,2021-09-08 18:31:52.116,2021-09-10 18:31:52.116
5033446,2021-09-02,2021-09-06 18:44:14.207,2021-09-10 11:41:59.202,2021-09-13 11:41:59.202,2021-09-15 11:41:59.202
5021437,2021-09-02,2021-09-06 18:47:26.943,2021-09-09 12:47:55.455,2021-09-10 12:47:55.455,2021-09-13 12:47:55.455
5029498,2021-09-02,2021-09-06 18:47:38.987,2021-09-09 07:18:52.520,2021-09-10 20:46:00.964,2021-09-13 20:46:00.964
5022833,2021-09-02,2021-09-06 18:53:12.508,2021-09-07 18:53:12.508,2021-09-13 03:36:47.247,2021-09-15 03:36:47.247
5032183,2021-09-02,2021-09-06 18:53:31.112,2021-09-09 13:29:47.175,2021-09-10 15:07:49.703,2021-09-13 15:07:49.703
5033743,2021-09-02,2021-09-06 19:07:07.741,2021-09-08 19:07:07.741,2021-09-10 13:46:03.755,2021-09-13 13:46:03.755
5035060,2021-09-02,2021-09-06 19:07:59.784,2021-09-09 01:43:26.478,2021-09-10 01:43:26.478,2021-09-13 01:43:26.478
5028169,2021-09-02,2021-09-06 19:09:34.313,2021-09-08 19:09:34.313,2021-09-09 19:09:34.313,2021-09-13 19:09:34.313
5033835,2021-09-02,2021-09-06 19:11:38.396,2021-09-08 19:11:38.396,2021-09-13 01:28:49.221,2021-09-15 01:28:49.221
5022118,2021-09-02,2021-09-06 19:20:22.307,2021-09-08 04:44:38.572,2021-09-09 04:44:38.572,2021-09-13 04:44:38.572
5027317,2021-09-02,2021-09-06 19:23:22.825,2021-09-07 19:23:22.825,2021-09-09 06:31:00.160,2021-09-13 06:31:00.160
5036613,2021-09-02,2021-09-06 19:30:01.296,2021-09-09 22:44:54.131,2021-09-10 22:44:54.131,2021-09-13 22:44:54.131
5028213,2021-09-02,2021-09-06 19:35:41.319,2021-09-07 19:35:41.319,2021-09-08 19:58:38.376,2021-09-10 19:58:38.376
5023330,2021-09-02,2021-09-06 19:36:32.069,2021-09-07 19:36:32.069,2021-09-09 08:14:25.146,2021-09-13 08:14:25.146
5025999,2021-09-02,2021-09-06 19:37:07.881,2021-09-08 08:21:12.621,2021-09-09 08:21:12.621,2021-09-13 08:21:12.621
5030156,2021-09-02,2021-09-06 19:40:38.778,2021-09-06 19:40:38.778,2021-09-07 19:40:38.778,2021-09-09 19:40:38.778
5029646,2021-09-02,2021-09-06 19:40:46.149,2021-09-07 19:40:46.149,2021-09-09 23:01:45.599,2021-09-13 23:01:45.599
5030003,2021-09-02,2021-09-06 19:42:02.742,2021-09-08 09:59:32.338,2021-09-09 09:59:32.338,2021-09-13 09:59:32.338
5029107,2021-09-02,2021-09-06 19:54:37.613,2021-09-07 20:14:50.502,2021-09-09 13:54:33.297,2021-09-13 13:54:33.297
5028930,2021-09-02,2021-09-06 20:01:42.385,2021-09-13 22:11:04.034,2021-09-13 22:11:04.034,2021-09-15 22:11:04.034
5027534,2021-09-02,2021-09-06 20:07:01.043,2021-09-08 20:16:59.107,2021-09-10 10:04:46.617,2021-09-13 10:04:46.617
5030792,2021-09-02,2021-09-06 20:09:25.233,2021-09-06 20:09:25.233,2021-09-07 20:09:25.233,2021-09-09 20:09:25.233
5036782,2021-09-02,2021-09-06 20:14:25.196,2021-09-13 06:11:55.971,2021-09-13 23:55:39.912,2021-09-15 23:55:39.912
5034178,2021-09-02,2021-09-06 20:14:27.902,2021-09-13 16:28:39.766,2021-09-13 16:28:39.766,2021-09-15 16:28:39.766
5021921,2021-09-02,2021-09-06 20:17:25.396,2021-09-08 22:51:40.950,2021-09-10 14:57:39.686,2021-09-13 14:57:39.686
5030673,2021-09-02,2021-09-06 20:19:00.993,2021-09-08 20:19:00.993,2021-09-10 13:59:40.905,2021-09-13 13:59:40.905
5033739,2021-09-02,2021-09-06 20:24:32.158,2021-09-10 08:59:00.322,2021-09-13 09:55:34.888,2021-09-15 09:55:34.888
5028349,2021-09-02,2021-09-06 20:31:16.395,2021-09-08 20:15:25.556,2021-09-09 20:15:25.556,2021-09-13 20:15:25.556
5025825,2021-09-02,2021-09-06 20:41:03.455,2021-09-06 20:41:03.455,2021-09-07 20:41:03.455,2021-09-09 20:41:03.455
5036031,2021-09-02,2021-09-06 20:47:27.401,2021-09-08 18:15:25.789,2021-09-09 18:15:25.789,2021-09-13 18:15:25.789
5032000,2021-09-02,2021-09-06 20:53:47.063,2021-09-06 20:53:47.063,2021-09-07 21:42:16.225,2021-09-09 21:42:16.225
5033096,2021-09-02,2021-09-06 20:56:55.195,2021-09-09 16:03:27.200,2021-09-10 16:03:27.200,2021-09-13 16:03:27.200
5024952,2021-09-02,2021-09-06 21:08:22.177,2021-09-07 21:08:22.177,2021-09-08 21:31:59.193,2021-09-10 21:31:59.193
5033795,2021-09-02,2021-09-06 21:10:06.977,2021-09-07 21:10:06.977,2021-09-09 05:44:58.925,2021-09-13 05:44:58.925
5029782,2021-09-02,2021-09-06 21:44:04.837,2021-09-06 21:44:04.837,2021-09-07 21:44:04.837,2021-09-09 21:44:04.837
5026134,2021-09-02,2021-09-06 21:50:27.251,2021-09-06 23:39:16.678,2021-09-07 23:39:16.678,2021-09-09 23:39:16.678
5022930,2021-09-02,2021-09-06 21:51:18.095,2021-09-09 09:28:30.928,2021-09-10 23:52:23.243,2021-09-13 23:52:23.243
5027488,2021-09-02,2021-09-06 21:55:38.716,2021-09-08 13:05:12.485,2021-09-09 13:05:12.485,2021-09-13 13:05:12.485
5024724,2021-09-02,2021-09-06 21:56:00.468,2021-09-08 00:01:32.773,2021-09-09 00:01:32.773,2021-09-13 00:01:32.773
5033934,2021-09-02,2021-09-06 22:10:14.363,2021-09-09 00:46:30.281,2021-09-13 12:34:25.861,2021-09-15 12:34:25.861
5022342,2021-09-02,2021-09-06 22:15:01.310,2021-09-06 22:15:01.310,2021-09-08 13:21:16.491,2021-09-10 13:21:16.491
5030956,2021-09-02,2021-09-06 22:35:28.648,2021-09-08 22:35:28.648,2021-09-09 22:35:28.648,2021-09-13 22:35:28.648
5034689,2021-09-02,2021-09-06 22:36:04.849,2021-09-07 22:36:04.849,2021-09-08 22:36:04.849,2021-09-10 22:36:04.849
5026709,2021-09-02,2021-09-06 22:36:47.439,2021-09-07 22:36:47.439,2021-09-10 09:38:21.598,2021-09-13 09:38:21.598
5027349,2021-09-02,2021-09-06 22:44:55.443,2021-09-08 22:44:55.443,2021-09-10 03:38:43.509,2021-09-13 03:38:43.509
5030456,2021-09-02,2021-09-06 22:52:34.603,2021-09-08 04:46:50.419,2021-09-09 04:46:50.419,2021-09-13 04:46:50.419
5027577,2021-09-02,2021-09-06 23:20:19.150,2021-09-07 23:20:19.150,2021-09-09 07:15:23.271,2021-09-13 07:15:23.271
5034726,2021-09-02,2021-09-06 23:48:52.327,2021-09-08 23:48:52.327,2021-09-13 03:00:01.210,2021-09-15 03:00:01.210
5036277,2021-09-02,2021-09-06 23:50:16.114,2021-09-06 23:50:16.114,2021-09-07 23:50:16.114,2021-09-09 23:50:16.114
5023712,2021-09-02,2021-09-06 23:51:02.743,2021-09-08 23:51:02.743,2021-09-10 14:43:27.531,2021-09-13 14:43:27.531
5034702,2021-09-02,2021-09-06 23:53:18.175,2021-09-08 23:53:18.175,2021-09-10 08:07:58.560,2021-09-13 08:07:58.560
5031907,2021-09-02,2021-09-07 00:09:36.991,2021-09-13 00:17:53.603,2021-09-14 00:20:40.918,2021-09-16 00:20:40.918
5028138,2021-09-02,2021-09-07 00:49:04.138,2021-09-09 00:49:04.138,2021-09-10 14:07:40.676,2021-09-13 14:07:40.676
5021511,2021-09-02,2021-09-07 01:11:11.868,2021-09-09 01:11:11.868,2021-09-10 01:11:11.868,2021-09-13 01:11:11.868
5022868,2021-09-02,2021-09-07 01:11:42.467,2021-09-10 16:32:59.546,2021-09-13 16:32:59.546,2021-09-15 16:32:59.546
5022786,2021-09-02,2021-09-07 01:25:36.156,2021-09-09 22:28:43.870,2021-09-10 22:28:43.870,2021-09-13 22:28:43.870
5037269,2021-09-02,2021-09-07 01:52:35.339,2021-09-09 15:50:05.058,2021-09-10 15:50:05.058,2021-09-13 15:50:05.058
5034780,2021-09-02,2021-09-07 02:34:36.638,2021-09-09 03:18:49.741,2021-09-10 03:18:49.741,2021-09-13 03:18:49.741
5024668,2021-09-02,2021-09-07 02:42:10.215,2021-09-09 22:03:07.601,2021-09-10 22:03:07.601,2021-09-13 22:03:07.601
5034897,2021-09-02,2021-09-07 02:51:56.018,2021-09-09 02:51:56.018,2021-09-10 02:51:56.018,2021-09-13 02:51:56.018
5032062,2021-09-02,2021-09-07 03:00:02.019,2021-09-13 15:05:56.565,2021-09-13 00:59:20.473,2021-09-15 00:59:20.473
5024506,2021-09-02,2021-09-07 03:39:29.490,2021-09-13 00:39:32.794,2021-09-13 00:39:32.794,2021-09-15 00:39:32.794
5035599,2021-09-02,2021-09-07 04:33:15.513,2021-09-10 19:36:29.512,2021-09-13 07:50:43.284,2021-09-15 07:50:43.284
5036063,2021-09-02,2021-09-07 04:35:44.996,2021-09-09 04:35:44.996,2021-09-10 12:40:48.562,2021-09-13 12:40:48.562
5030338,2021-09-02,2021-09-07 04:49:56.479,2021-09-09 04:49:56.479,2021-09-10 16:56:27.091,2021-09-13 16:56:27.091
5036024,2021-09-02,2021-09-07 04:55:06.170,2021-09-13 00:47:40.571,2021-09-13 07:07:43.652,2021-09-15 07:07:43.652
5031316,2021-09-02,2021-09-07 05:26:53.148,2021-09-09 05:26:53.148,2021-09-10 05:26:53.148,2021-09-13 05:26:53.148
5022146,2021-09-02,2021-09-07 05:56:48.533,2021-09-09 05:56:48.533,2021-09-10 05:56:48.533,2021-09-13 05:56:48.533
5034981,2021-09-02,2021-09-07 05:59:30.102,2021-09-13 09:22:27.097,2021-09-15 17:49:06.836,2021-09-17 17:49:06.836
5021907,2021-09-02,2021-09-07 06:07:07.543,2021-09-14 10:35:43.483,2021-09-17 01:16:40.370,2021-09-20 01:16:40.370
5029986,2021-09-02,2021-09-07 06:18:27.387,2021-09-10 04:26:18.190,2021-09-13 22:02:53.942,2021-09-15 22:02:53.942
5026302,2021-09-02,2021-09-07 07:30:56.162,2021-09-09 12:47:41.187,2021-09-10 12:47:41.187,2021-09-13 12:47:41.187
5025527,2021-09-02,2021-09-07 08:55:41.140,2021-09-10 04:08:04.507,2021-09-13 21:50:39.378,2021-09-15 21:50:39.378
5030496,2021-09-02,2021-09-07 09:01:48.247,2021-09-09 09:01:48.247,2021-09-10 09:01:48.247,2021-09-13 09:01:48.247
5026941,2021-09-02,2021-09-07 09:19:09.732,2021-09-13 17:28:24.661,2021-09-13 15:04:44.040,2021-09-15 15:04:44.040
5036648,2021-09-02,2021-09-07 09:23:19.484,2021-09-09 09:23:19.484,2021-09-10 09:23:19.484,2021-09-13 09:23:19.484
5033373,2021-09-02,2021-09-07 10:06:30.417,2021-09-13 00:04:03.115,2021-09-13 16:29:26.354,2021-09-15 16:29:26.354
5031993,2021-09-02,2021-09-07 10:29:44.974,2021-09-09 10:29:44.974,2021-09-10 10:29:44.974,2021-09-13 10:29:44.974
5024238,2021-09-02,2021-09-07 12:48:38.702,2021-09-10 01:27:59.381,2021-09-13 04:02:31.858,2021-09-15 04:02:31.858
5036379,2021-09-02,2021-09-07 13:03:58.157,2021-09-09 13:03:58.157,2021-09-10 13:03:58.157,2021-09-13 13:03:58.157
5021503,2021-09-02,2021-09-07 13:23:55.976,2021-09-09 13:23:55.976,2021-09-13 11:16:56.874,2021-09-15 11:16:56.874
5025775,2021-09-02,2021-09-07 14:02:18.820,2021-09-10 19:41:50.997,2021-09-13 02:11:10.610,2021-09-15 02:11:10.610
5033774,2021-09-02,2021-09-07 14:27:01.444,2021-09-13 10:36:39.488,2021-09-13 10:36:39.488,2021-09-15 10:36:39.488
5029122,2021-09-02,2021-09-07 14:51:10.720,2021-09-09 14:51:10.720,2021-09-10 14:51:10.720,2021-09-13 14:51:10.720
5035702,2021-09-02,2021-09-07 15:20:29.334,2021-09-09 15:20:29.334,2021-09-13 22:44:05.290,2021-09-15 22:44:05.290
5024605,2021-09-02,2021-09-07 15:23:29.127,2021-09-13 19:35:43.434,2021-09-13 19:35:43.434,2021-09-15 19:35:43.434
5028384,2021-09-02,2021-09-07 15:31:54.471,2021-09-13 04:46:45.128,2021-09-13 07:47:57.165,2021-09-15 07:47:57.165
5029033,2021-09-02,2021-09-07 15:43:27.218,2021-09-09 15:43:27.218,2021-09-13 17:17:22.073,2021-09-15 17:17:22.073
5034899,2021-09-02,2021-09-07 16:22:57.785,2021-09-09 16:22:57.785,2021-09-10 16:22:57.785,2021-09-13 16:22:57.785
5033000,2021-09-02,2021-09-07 17:24:37.045,2021-09-09 17:24:37.045,2021-09-10 17:24:37.045,2021-09-13 17:24:37.045
5033555,2021-09-02,2021-09-07 18:48:41.547,2021-09-09 19:44:20.553,2021-09-10 19:44:20.553,2021-09-13 19:44:20.553
5029779,2021-09-02,2021-09-07 19:03:02.205,2021-09-09 19:03:02.205,2021-09-10 19:03:02.205,2021-09-13 19:03:02.205
5030821,2021-09-02,2021-09-07 19:34:07.041,2021-09-09 19:34:07.041,2021-09-13 13:24:42.620,2021-09-15 13:24:42.620
5029768,2021-09-02,2021-09-07 19:49:52.377,2021-09-13 18:11:11.548,2021-09-14 18:11:11.548,2021-09-16 18:11:11.548
5036527,2021-09-02,2021-09-07 19:58:14.375,2021-09-13 19:28:43.688,2021-09-13 19:28:43.688,2021-09-15 19:28:43.688
5022743,2021-09-02,2021-09-07 20:11:01.755,2021-09-09 20:11:01.755,2021-09-10 20:11:01.755,2021-09-13 20:11:01.755
5033791,2021-09-02,2021-09-07 20:25:20.110,2021-09-09 20:25:20.110,2021-09-13 19:58:42.820,2021-09-15 19:58:42.820
5036457,2021-09-02,2021-09-07 20:28:25.712,2021-09-09 20:28:25.712,2021-09-13 02:25:16.169,2021-09-15 02:25:16.169
5033502,2021-09-02,2021-09-07 20:33:28.460,2021-09-09 20:33:28.460,2021-09-10 20:33:28.460,2021-09-13 20:33:28.460
5023093,2021-09-02,2021-09-07 21:32:53.311,2021-09-10 08:05:50.758,2021-09-13 02:11:41.952,2021-09-15 02:11:41.952
5028157,2021-09-02,2021-09-07 21:50:16.737,2021-09-10 16:17:44.439,2021-09-15 02:43:21.011,2021-09-17 02:43:21.011
5021515,2021-09-02,2021-09-07 21:50:55.511,2021-09-10 11:51:33.912,2021-09-13 13:51:02.273,2021-09-15 13:51:02.273
5035945,2021-09-02,2021-09-07 22:29:34.103,2021-09-13 23:30:35.139,2021-09-13 23:30:35.139,2021-09-15 23:30:35.139
5033263,2021-09-02,2021-09-07 23:01:29.595,2021-09-09 23:01:29.595,2021-09-13 21:57:47.381,2021-09-15 21:57:47.381
5023454,2021-09-02,2021-09-07 23:24:28.751,2021-09-13 11:24:10.028,2021-09-13 11:24:10.028,2021-09-15 11:24:10.028
5024773,2021-09-02,2021-09-07 23:32:12.488,2021-09-14 14:05:32.862,2021-09-16 06:31:44.237,2021-09-20 06:31:44.237
5027028,2021-09-02,2021-09-08 00:45:36.581,2021-09-10 23:13:54.531,2021-09-13 01:10:23.432,2021-09-15 01:10:23.432
5024782,2021-09-02,2021-09-08 00:58:16.896,2021-09-10 00:58:16.896,2021-09-13 20:55:52.388,2021-09-15 20:55:52.388
5031554,2021-09-02,2021-09-08 01:00:30.752,2021-09-10 01:00:30.752,2021-09-13 01:00:30.752,2021-09-15 01:00:30.752
5021456,2021-09-02,2021-09-08 01:32:29.354,2021-09-10 01:32:29.354,2021-09-13 01:32:29.354,2021-09-15 01:32:29.354
5032046,2021-09-02,2021-09-08 02:04:45.563,2021-09-10 02:04:45.563,2021-09-13 03:26:55.969,2021-09-15 03:26:55.969
5029959,2021-09-02,2021-09-08 02:10:42.868,2021-09-10 02:10:42.868,2021-09-13 02:10:42.868,2021-09-15 02:10:42.868
5030574,2021-09-02,2021-09-08 02:12:29.788,2021-09-10 23:27:00.225,2021-09-14 03:33:56.258,2021-09-16 03:33:56.258
5032562,2021-09-02,2021-09-08 02:16:09.668,2021-09-10 08:15:56.499,2021-09-13 08:15:56.499,2021-09-15 08:15:56.499
5032188,2021-09-02,2021-09-08 05:44:21.805,2021-09-10 21:26:58.431,2021-09-13 21:26:58.431,2021-09-15 21:26:58.431
5032463,2021-09-02,2021-09-08 05:44:43.261,2021-09-10 05:44:43.261,2021-09-13 13:04:11.792,2021-09-15 13:04:11.792
5033771,2021-09-02,2021-09-08 06:10:07.932,2021-09-13 00:57:07.903,2021-09-14 00:57:07.903,2021-09-16 00:57:07.903
5028994,2021-09-02,2021-09-08 07:59:53.746,2021-09-10 14:53:53.614,2021-09-13 14:53:53.614,2021-09-15 14:53:53.614
5032016,2021-09-02,2021-09-08 08:14:46.271,2021-09-10 17:36:30.640,2021-09-13 12:40:25.334,2021-09-15 12:40:25.334
5032624,2021-09-02,2021-09-08 08:47:08.525,2021-09-13 03:10:55.234,2021-09-13 03:10:55.234,2021-09-15 03:10:55.234
5037281,2021-09-02,2021-09-08 08:56:47.346,2021-09-10 08:56:47.346,2021-09-13 08:56:47.346,2021-09-15 08:56:47.346
5035564,2021-09-02,2021-09-08 08:58:53.887,2021-09-10 08:58:53.887,2021-09-13 00:27:32.532,2021-09-15 00:27:32.532
5037037,2021-09-02,2021-09-08 10:21:46.527,2021-09-10 10:33:50.346,2021-09-13 12:48:44.223,2021-09-15 12:48:44.223
5030045,2021-09-02,2021-09-08 10:27:17.037,2021-09-13 15:00:34.529,2021-09-13 15:00:34.529,2021-09-15 15:00:34.529
5033170,2021-09-02,2021-09-08 10:36:05.314,2021-09-13 19:34:45.051,2021-09-15 01:14:44.742,2021-09-17 01:14:44.742
5024632,2021-09-02,2021-09-08 10:38:19.311,2021-09-10 21:35:19.792,2021-09-13 21:35:19.792,2021-09-15 21:35:19.792
5027841,2021-09-02,2021-09-08 10:57:43.100,2021-09-10 10:57:43.100,2021-09-13 02:09:57.416,2021-09-15 02:09:57.416
5029998,2021-09-02,2021-09-08 11:46:31.298,2021-09-13 23:47:07.087,2021-09-14 04:46:36.586,2021-09-16 04:46:36.586
5030222,2021-09-02,2021-09-08 12:03:06.746,2021-09-10 12:03:06.746,2021-09-13 23:26:49.851,2021-09-15 23:26:49.851
5032546,2021-09-02,2021-09-08 13:10:16.887,2021-09-13 16:37:30.844,2021-09-13 22:41:58.869,2021-09-15 22:41:58.869
5027570,2021-09-02,2021-09-08 13:16:02.528,2021-09-10 13:16:02.528,2021-09-13 13:16:02.528,2021-09-15 13:16:02.528
5037330,2021-09-02,2021-09-08 14:20:49.641,2021-09-10 20:24:43.738,2021-09-13 07:42:53.247,2021-09-15 07:42:53.247
5029280,2021-09-02,2021-09-08 14:46:52.407,2021-09-10 14:46:52.407,2021-09-13 14:46:52.407,2021-09-15 14:46:52.407
5030897,2021-09-02,2021-09-08 15:53:54.025,2021-09-13 10:30:22.922,2021-09-13 10:30:22.922,2021-09-15 10:30:22.922
5033433,2021-09-02,2021-09-08 15:59:10.639,2021-09-13 12:41:38.763,2021-09-14 12:41:38.763,2021-09-16 12:41:38.763
5029805,2021-09-02,2021-09-08 16:27:03.495,2021-09-13 09:03:22.052,2021-09-13 09:03:22.052,2021-09-15 09:03:22.052
5024750,2021-09-02,2021-09-08 17:34:01.197,2021-09-10 18:49:12.414,2021-09-13 18:49:12.414,2021-09-15 18:49:12.414
5032951,2021-09-02,2021-09-08 18:39:48.342,2021-09-13 06:58:22.525,2021-09-13 20:29:39.480,2021-09-15 20:29:39.480
5021792,2021-09-02,2021-09-08 19:06:57.235,2021-09-10 19:06:57.235,2021-09-13 19:06:57.235,2021-09-15 19:06:57.235
5025753,2021-09-02,2021-09-08 19:15:27.455,2021-09-10 19:15:27.455,2021-09-13 12:31:53.878,2021-09-15 12:31:53.878
5031257,2021-09-02,2021-09-08 19:27:00.747,2021-09-13 20:15:11.927,2021-09-13 20:37:26.559,2021-09-15 20:37:26.559
5021888,2021-09-02,2021-09-08 19:34:41.374,2021-09-13 03:47:38.248,2021-09-13 15:02:55.716,2021-09-15 15:02:55.716
5035907,2021-09-02,2021-09-08 20:13:22.190,2021-09-13 04:17:33.065,2021-09-14 04:17:33.065,2021-09-16 04:17:33.065
5037254,2021-09-02,2021-09-08 20:47:59.081,2021-09-10 20:47:59.081,2021-09-13 23:38:20.347,2021-09-15 23:38:20.347
5026251,2021-09-02,2021-09-08 23:11:35.155,2021-09-13 12:27:04.922,2021-09-13 12:27:04.922,2021-09-15 12:27:04.922
5028279,2021-09-02,2021-09-09 01:43:27.018,2021-09-13 22:05:42.376,2021-09-13 07:47:30.407,2021-09-15 07:47:30.407
5035765,2021-09-02,2021-09-09 03:09:34.308,2021-09-13 18:02:28.127,2021-09-13 20:41:43.047,2021-09-15 20:41:43.047
5033047,2021-09-02,2021-09-09 05:37:37.907,2021-09-13 05:37:37.907,2021-09-14 13:31:20.661,2021-09-16 13:31:20.661
5034217,2021-09-02,2021-09-09 06:37:02.779,2021-09-13 10:24:46.855,2021-09-13 14:14:07.988,2021-09-15 14:14:07.988
5035936,2021-09-02,2021-09-09 07:00:18.733,2021-09-13 18:40:22.774,2021-09-14 11:03:00.599,2021-09-16 11:03:00.599
5028296,2021-09-02,2021-09-09 07:43:34.067,2021-09-13 07:43:34.067,2021-09-13 10:18:28.315,2021-09-15 10:18:28.315
5023512,2021-09-02,2021-09-09 07:52:32.624,2021-09-13 07:52:32.624,2021-09-13 07:52:32.624,2021-09-15 07:52:32.624
5033044,2021-09-02,2021-09-09 11:30:34.741,2021-09-13 11:30:34.741,2021-09-14 05:14:41.857,2021-09-16 05:14:41.857
5035838,2021-09-02,2021-09-09 11:44:10.687,2021-09-13 11:44:10.687,2021-09-13 11:44:10.687,2021-09-15 11:44:10.687
5030318,2021-09-02,2021-09-09 13:04:00.699,2021-09-13 13:04:00.699,2021-09-13 13:04:00.699,2021-09-15 13:04:00.699
5022196,2021-09-02,2021-09-09 16:03:44.644,2021-09-13 11:05:35.886,2021-09-13 21:59:48.533,2021-09-15 21:59:48.533
5034106,2021-09-02,2021-09-09 19:16:26.468,2021-09-13 10:33:22.776,2021-09-14 01:28:56.299,2021-09-16 01:28:56.299
5024805,2021-09-02,2021-09-09 19:31:54.132,2021-09-13 19:31:54.132,2021-09-14 12:59:34.937,2021-09-16 12:59:34.937
5022038,2021-09-02,2021-09-09 21:15:20.697,2021-09-13 21:15:20.697,2021-09-13 05:07:39.279,2021-09-15 05:07:39.279
5023530,2021-09-02,2021-09-09 21:48:57.715,2021-09-13 00:20:35.955,2021-09-14 07:37:24.353,2021-09-16 07:37:24.353
5029692,2021-09-02,2021-09-10 01:30:38.545,2021-09-13 01:30:38.545,2021-09-14 01:39:37.523,2021-09-16 01:39:37.523
5025808,2021-09-02,2021-09-10 16:25:50.757,2021-09-13 16:25:50.757,2021-09-13 18:10:15.696,2021-09-15 18:10:15.696
5032256,2021-09-02,2021-09-10 23:46:30.852,2021-09-13 23:46:30.852,2021-09-14 05:26:45.400,2021-09-16 05:26:45.400
5036043,2021-09-03,2021-09-06 00:00:00.000,2021-09-07 00:00:00.000,2021-09-08 00:00:00.000,2021-09-10 00:00:00.000
5033690,2021-09-03,2021-09-06 00:00:00.000,2021-09-07 00:00:00.000,2021-09-08 00:00:00.000,2021-09-10 00:00:00.000
5023519,2021-09-03,2021-09-06 00:00:00.000,2021-09-07 00:00:00.000,2021-09-08 00:00:00.000,2021-09-10 00:00:00.000
5025061,2021-09-03,2021-09-06 00:00:00.000,2021-09-07 00:00:00.000,2021-09-08 00:00:00.000,2021-09-10 00:00:00.000
5033457,2021-09-03,2021-09-06 00:00:00.000,2021-09-07 00:00:00.000,2021-09-08 00:00:00.000,2021-09-10 00:00:00.000
5036580,2021-09-03,2021-09-06 00:00:00.000,2021-09-07 00:00:00.000,2021-09-08 00:00:00.000,2021-09-10 00:00:00.000
5030873,2021-09-03,2021-09-06 00:00:00.000,2021-09-07 00:00:00.000,2021-09-08 00:00:00.000,2021-09-10 00:00:00.000
5035043,2021-09-03,2021-09-06 00:00:00.000,2021-09-07 00:00:00.000,2021-09-08 00:12:11.820,2021-09-10 00:12:11.820
5032771,2021-09-03,2021-09-06 00:00:00.000,2021-09-07 00:00:00.000,2021-09-08 02:05:47.387,2021-09-10 02:05:47.387
5023303,2021-09-03,2021-09-06 00:00:00.000,2021-09-07 00:00:00.000,2021-09-08 05:15:17.410,2021-09-10 05:15:17.410
5025216,2021-09-03,2021-09-06 00:00:00.000,2021-09-07 00:00:00.000,2021-09-08 05:41:13.395,2021-09-10 05:41:13.395
5030052,2021-09-03,2021-09-06 00:00:00.000,2021-09-07 00:00:00.000,2021-09-08 06:40:49.539,2021-09-10 06:40:49.539
5024521,2021-09-03,2021-09-06 00:00:00.000,2021-09-07 00:00:00.000,2021-09-08 10:50:02.752,2021-09-10 10:50:02.752
5028432,2021-09-03,2021-09-06 00:00:00.000,2021-09-07 00:00:00.000,2021-09-08 14:31:17.558,2021-09-10 14:31:17.558
5033076,2021-09-03,2021-09-06 00:00:00.000,2021-09-07 00:00:00.000,2021-09-08 17:57:42.102,2021-09-10 17:57:42.102
5034272,2021-09-03,2021-09-06 00:00:00.000,2021-09-07 00:00:00.000,2021-09-08 19:31:52.700,2021-09-10 19:31:52.700
5031637,2021-09-03,2021-09-06 00:00:00.000,2021-09-07 00:00:00.000,2021-09-09 01:21:39.571,2021-09-13 01:21:39.571
5023352,2021-09-03,2021-09-06 00:00:00.000,2021-09-07 00:00:00.000,2021-09-09 01:36:50.070,2021-09-13 01:36:50.070
5021545,2021-09-03,2021-09-06 00:00:00.000,2021-09-07 00:00:00.000,2021-09-09 04:56:04.701,2021-09-13 04:56:04.701
5025885,2021-09-03,2021-09-06 00:00:00.000,2021-09-07 00:00:00.000,2021-09-09 19:19:42.068,2021-09-13 19:19:42.068
5027909,2021-09-03,2021-09-06 00:00:00.000,2021-09-07 00:00:00.000,2021-09-10 04:00:49.639,2021-09-13 04:00:49.639
5021929,2021-09-03,2021-09-06 00:00:00.000,2021-09-07 00:35:44.676,2021-09-08 00:35:44.676,2021-09-10 00:35:44.676
5034391,2021-09-03,2021-09-06 00:00:00.000,2021-09-07 01:03:40.257,2021-09-08 01:03:40.257,2021-09-10 01:03:40.257
5032862,2021-09-03,2021-09-06 00:00:00.000,2021-09-07 02:35:00.566,2021-09-08 02:35:00.566,2021-09-10 02:35:00.566
5029263,2021-09-03,2021-09-06 00:00:00.000,2021-09-07 03:58:36.338,2021-09-08 15:12:17.333,2021-09-10 15:12:17.333
5036002,2021-09-03,2021-09-06 00:00:00.000,2021-09-07 08:29:34.304,2021-09-08 08:29:34.304,2021-09-10 08:29:34.304
5022898,2021-09-03,2021-09-06 00:00:00.000,2021-09-07 11:17:38.986,2021-09-08 11:17:38.986,2021-09-10 11:17:38.986
5027632,2021-09-03,2021-09-06 00:00:00.000,2021-09-07 14:31:13.252,2021-09-08 14:31:13.252,2021-09-10 14:31:13.252
5035991,2021-09-03,2021-09-06 00:00:00.000,2021-09-07 18:00:15.867,2021-09-08 23:50:45.828,2021-09-10 23:50:45.828
5027702,2021-09-03,2021-09-06 00:00:00.000,2021-09-07 18:51:55.293,2021-09-09 17:37:42.970,2021-09-13 17:37:42.970
5030840,2021-09-03,2021-09-06 00:00:00.000,2021-09-07 19:24:35.858,2021-09-09 11:11:31.632,2021-09-13 11:11:31.632
5036011,2021-09-03,2021-09-06 00:00:00.000,2021-09-07 19:47:50.188,2021-09-08 19:47:50.188,2021-09-10 19:47:50.188
5033353,2021-09-03,2021-09-06 00:00:00.000,2021-09-08 00:35:55.104,2021-09-09 00:35:55.104,2021-09-13 00:35:55.104
5022975,2021-09-03,2021-09-06 00:00:00.000,2021-09-08 00:48:51.581,2021-09-09 00:48:51.581,2021-09-13 00:48:51.581
5034062,2021-09-03,2021-09-06 00:00:00.000,2021-09-08 05:24:12.025,2021-09-09 05:24:12.025,2021-09-13 05:24:12.025
5026981,2021-09-03,2021-09-06 00:00:00.000,2021-09-08 07:29:38.123,2021-09-09 18:56:49.735,2021-09-13 18:56:49.735
5032801,2021-09-03,2021-09-06 00:00:00.000,2021-09-08 09:33:57.883,2021-09-10 04:27:29.193,2021-09-13 04:27:29.193
5029889,2021-09-03,2021-09-06 00:00:00.000,2021-09-08 10:40:45.329,2021-09-09 10:40:45.329,2021-09-13 10:40:45.329
5026899,2021-09-03,2021-09-06 00:00:00.000,2021-09-08 10:48:34.807,2021-09-09 20:50:09.942,2021-09-13 20:50:09.942
5034028,2021-09-03,2021-09-06 00:00:00.000,2021-09-08 14:13:29.642,2021-09-09 14:13:29.642,2021-09-13 14:13:29.642
5033079,2021-09-03,2021-09-06 00:00:00.000,2021-09-08 19:06:25.414,2021-09-10 06:27:10.337,2021-09-13 06:27:10.337
5021979,2021-09-03,2021-09-06 00:00:00.000,2021-09-08 20:04:06.817,2021-09-09 20:04:06.817,2021-09-13 20:04:06.817
5036435,2021-09-03,2021-09-06 00:00:00.000,2021-09-09 00:47:48.198,2021-09-10 00:47:48.198,2021-09-13 00:47:48.198
5032240,2021-09-03,2021-09-06 00:00:00.000,2021-09-09 02:43:28.106,2021-09-13 11:41:32.740,2021-09-15 11:41:32.740
5023205,2021-09-03,2021-09-06 00:00:00.000,2021-09-09 03:55:49.789,2021-09-10 03:55:49.789,2021-09-13 03:55:49.789
5033188,2021-09-03,2021-09-06 00:00:00.000,2021-09-09 04:06:32.003,2021-09-10 12:55:08.945,2021-09-13 12:55:08.945
5025133,2021-09-03,2021-09-06 00:00:00.000,2021-09-09 09:13:26.718,2021-09-10 09:13:26.718,2021-09-13 09:13:26.718
5029506,2021-09-03,2021-09-06 00:00:00.000,2021-09-09 11:37:45.897,2021-09-10 11:37:45.897,2021-09-13 11:37:45.897
5035001,2021-09-03,2021-09-06 00:00:00.000,2021-09-09 19:44:37.316,2021-09-10 19:44:37.316,2021-09-13 19:44:37.316
5029204,2021-09-03,2021-09-06 00:00:00.000,2021-09-09 20:08:29.328,2021-09-10 20:08:29.328,2021-09-13 20:08:29.328
5034428,2021-09-03,2021-09-06 00:00:00.000,2021-09-09 20:38:28.080,2021-09-10 23:07:44.819,2021-09-13 23:07:44.819
5023641,2021-09-03,2021-09-06 00:00:00.000,2021-09-09 23:37:41.639,2021-09-13 10:28:16.944,2021-09-15 10:28:16.944
5024395,2021-09-03,2021-09-06 00:00:00.000,2021-09-10 01:34:21.847,2021-09-13 01:34:21.847,2021-09-15 01:34:21.847
5022941,2021-09-03,2021-09-06 00:00:00.000,2021-09-10 04:17:08.953,2021-09-13 04:17:08.953,2021-09-15 04:17:08.953
5034869,2021-09-03,2021-09-06 00:00:00.000,2021-09-10 11:32:44.130,2021-09-13 11:32:44.130,2021-09-15 11:32:44.130
5029629,2021-09-03,2021-09-06 00:00:00.000,2021-09-10 18:03:41.752,2021-09-13 10:36:59.555,2021-09-15 10:36:59.555
5023391,2021-09-03,2021-09-06 00:01:09.500,2021-09-08 00:01:09.500,2021-09-09 00:01:09.500,2021-09-13 00:01:09.500
5024193,2021-09-03,2021-09-06 00:04:21.371,2021-09-07 00:04:21.371,2021-09-08 00:04:21.371,2021-09-10 00:04:21.371
5033827,2021-09-03,2021-09-06 00:24:15.363,2021-09-07 00:24:15.363,2021-09-08 23:06:04.374,2021-09-10 23:06:04.374
5034489,2021-09-03,2021-09-06 00:52:49.393,2021-09-08 12:39:18.698,2021-09-09 12:39:18.698,2021-09-13 12:39:18.698
5029103,2021-09-03,2021-09-06 00:58:25.689,2021-09-07 00:58:25.689,2021-09-08 00:58:25.689,2021-09-10 00:58:25.689
5027013,2021-09-03,2021-09-06 01:03:34.713,2021-09-08 01:03:34.713,2021-09-09 01:03:34.713,2021-09-13 01:03:34.713
5028214,2021-09-03,2021-09-06 01:08:47.004,2021-09-08 20:54:51.595,2021-09-09 20:54:51.595,2021-09-13 20:54:51.595
5023760,2021-09-03,2021-09-06 01:19:25.846,2021-09-08 01:19:25.846,2021-09-09 01:19:25.846,2021-09-13 01:19:25.846
5022161,2021-09-03,2021-09-06 01:26:54.719,2021-09-09 05:02:40.668,2021-09-10 05:02:40.668,2021-09-13 05:02:40.668
5034817,2021-09-03,2021-09-06 01:53:05.423,2021-09-08 01:53:05.423,2021-09-09 01:53:05.423,2021-09-13 01:53:05.423
5021987,2021-09-03,2021-09-06 01:59:33.223,2021-09-07 01:59:33.223,2021-09-08 18:27:44.377,2021-09-10 18:27:44.377
5034285,2021-09-03,2021-09-06 02:05:39.229,2021-09-07 02:05:39.229,2021-09-08 02:05:39.229,2021-09-10 02:05:39.229
5036746,2021-09-03,2021-09-06 02:17:19.238,2021-09-08 02:17:19.238,2021-09-09 02:17:19.238,2021-09-13 02:17:19.238
5024110,2021-09-03,2021-09-06 02:18:20.605,2021-09-08 19:29:06.705,2021-09-10 15:47:27.245,2021-09-13 15:47:27.245
5023726,2021-09-03,2021-09-06 02:21:31.309,2021-09-08 23:25:04.878,2021-09-10 07:22:03.161,2021-09-13 07:22:03.161
5027374,2021-09-03,2021-09-06 02:58:30.665,2021-09-07 02:58:30.665,2021-09-08 02:58:30.665,2021-09-10 02:58:30.665
5025933,2021-09-03,2021-09-06 03:14:27.677,2021-09-08 13:00:41.967,2021-09-10 23:00:07.423,2021-09-13 23:00:07.423
5023060,2021-09-03,2021-09-06 03:39:06.598,2021-09-08 03:39:06.598,2021-09-09 03:39:06.598,2021-09-13 03:39:06.598
5030685,2021-09-03,2021-09-06 03:44:02.009,2021-09-08 13:19:21.622,2021-09-10 07:34:32.255,2021-09-13 07:34:32.255
5024957,2021-09-03,2021-09-06 03:45:29.758,2021-09-07 03:45:29.758,2021-09-08 03:45:29.758,2021-09-10 03:45:29.758
5025963,2021-09-03,2021-09-06 04:21:14.336,2021-09-08 08:07:14.709,2021-09-10 08:37:00.825,2021-09-13 08:37:00.825
5022540,2021-09-03,2021-09-06 04:22:16.215,2021-09-08 04:22:16.215,2021-09-09 04:22:16.215,2021-09-13 04:22:16.215
5027733,2021-09-03,2021-09-06 04:37:03.161,2021-09-10 02:45:40.151,2021-09-13 08:37:14.579,2021-09-15 08:37:14.579
5022871,2021-09-03,2021-09-06 04:48:42.050,2021-09-10 18:19:59.380,2021-09-13 18:19:59.380,2021-09-15 18:19:59.380
5021853,2021-09-03,2021-09-06 05:13:14.157,2021-09-08 05:13:14.157,2021-09-09 05:13:14.157,2021-09-13 05:13:14.157
5033512,2021-09-03,2021-09-06 05:28:39.751,2021-09-07 05:28:39.751,2021-09-08 05:28:39.751,2021-09-10 05:28:39.751
5033677,2021-09-03,2021-09-06 05:52:50.516,2021-09-07 05:52:50.516,2021-09-09 08:52:26.198,2021-09-13 08:52:26.198
5024902,2021-09-03,2021-09-06 06:05:19.135,2021-09-08 06:05:19.135,2021-09-10 02:09:37.773,2021-09-13 02:09:37.773
5029510,2021-09-03,2021-09-06 06:32:37.879,2021-09-08 06:32:37.879,2021-09-09 06:32:37.879,2021-09-13 06:32:37.879
5029532,2021-09-03,2021-09-06 06:42:00.501,2021-09-09 19:39:00.250,2021-09-10 19:39:00.250,2021-09-13 19:39:00.250
5021930,2021-09-03,2021-09-06 06:45:03.591,2021-09-07 06:45:03.591,2021-09-09 14:08:52.322,2021-09-13 14:08:52.322
5033480,2021-09-03,2021-09-06 07:19:13.057,2021-09-08 07:19:13.057,2021-09-09 16:21:17.129,2021-09-13 16:21:17.129
5027141,2021-09-03,2021-09-06 07:22:33.785,2021-09-07 07:22:33.785,2021-09-09 10:34:46.415,2021-09-13 10:34:46.415
5036085,2021-09-03,2021-09-06 07:27:56.123,2021-09-09 15:23:05.919,2021-09-13 15:42:41.352,2021-09-15 15:42:41.352
5037421,2021-09-03,2021-09-06 07:44:05.202,2021-09-07 07:44:05.202,2021-09-08 07:44:05.202,2021-09-10 07:44:05.202
5023126,2021-09-03,2021-09-06 07:44:55.980,2021-09-08 07:44:55.980,2021-09-09 10:40:41.048,2021-09-13 10:40:41.048
5026283,2021-09-03,2021-09-06 07:48:28.032,2021-09-07 07:48:28.032,2021-09-09 01:24:19.663,2021-09-13 01:24:19.663
5033445,2021-09-03,2021-09-06 07:54:19.888,2021-09-13 17:33:17.738,2021-09-13 15:33:50.032,2021-09-15 15:33:50.032
5026373,2021-09-03,2021-09-06 08:31:01.092,2021-09-08 08:31:01.092,2021-09-09 08:31:01.092,2021-09-13 08:31:01.092
5022238,2021-09-03,2021-09-06 08:38:23.500,2021-09-07 12:01:30.016,2021-09-08 12:01:30.016,2021-09-10 12:01:30.016
5035721,2021-09-03,2021-09-06 08:42:32.063,2021-09-08 21:03:35.792,2021-09-10 01:47:18.543,2021-09-13 01:47:18.543
5030173,2021-09-03,2021-09-06 08:42:32.743,2021-09-09 12:42:15.582,2021-09-10 12:42:15.582,2021-09-13 12:42:15.582
5023401,2021-09-03,2021-09-06 08:51:49.166,2021-09-08 08:51:49.166,2021-09-09 08:51:49.166,2021-09-13 08:51:49.166
5029883,2021-09-03,2021-09-06 09:02:23.024,2021-09-09 15:01:29.316,2021-09-10 15:01:29.316,2021-09-13 15:01:29.316
5035931,2021-09-03,2021-09-06 09:05:35.202,2021-09-08 09:05:35.202,2021-09-09 09:05:35.202,2021-09-13 09:05:35.202
5029929,2021-09-03,2021-09-06 09:58:10.581,2021-09-07 09:58:10.581,2021-09-08 09:58:10.581,2021-09-10 09:58:10.581
5027078,2021-09-03,2021-09-06 10:04:44.354,2021-09-09 12:06:49.273,2021-09-10 19:16:27.193,2021-09-13 19:16:27.193
5029227,2021-09-03,2021-09-06 10:09:40.517,2021-09-10 17:03:42.118,2021-09-13 04:19:37.601,2021-09-15 04:19:37.601
5032994,2021-09-03,2021-09-06 10:35:23.603,2021-09-08 10:35:23.603,2021-09-09 21:03:46.708,2021-09-13 21:03:46.708
5029296,2021-09-03,2021-09-06 10:43:44.689,2021-09-07 10:43:44.689,2021-09-08 10:43:44.689,2021-09-10 10:43:44.689
5028646,2021-09-03,2021-09-06 10:44:32.698,2021-09-07 10:44:32.698,2021-09-08 10:44:32.698,2021-09-10 10:44:32.698
5023191,2021-09-03,2021-09-06 11:09:52.437,2021-09-08 11:09:52.437,2021-09-09 11:09:52.437,2021-09-13 11:09:52.437
5023347,2021-09-03,2021-09-06 11:15:39.809,2021-09-10 09:48:45.945,2021-09-13 00:20:09.478,2021-09-15 00:20:09.478
5034306,2021-09-03,2021-09-06 11:22:01.144,2021-09-08 11:22:01.144,2021-09-10 00:16:38.402,2021-09-13 00:16:38.402
5033857,2021-09-03,2021-09-06 11:26:05.314,2021-09-13 03:35:19.499,2021-09-13 03:35:19.499,2021-09-15 03:35:19.499
5022625,2021-09-03,2021-09-06 11:36:05.245,2021-09-08 01:33:16.768,2021-09-09 01:33:16.768,2021-09-13 01:33:16.768
5021555,2021-09-03,2021-09-06 11:36:56.333,2021-09-08 22:53:05.866,2021-09-10 21:25:09.193,2021-09-13 21:25:09.193
5037403,2021-09-03,2021-09-06 11:38:56.532,2021-09-08 11:38:56.532,2021-09-09 11:38:56.532,2021-09-13 11:38:56.532
5029185,2021-09-03,2021-09-06 11:42:47.393,2021-09-08 11:42:47.393,2021-09-09 11:42:47.393,2021-09-13 11:42:47.393
5024664,2021-09-03,2021-09-06 12:33:42.835,2021-09-07 12:33:42.835,2021-09-08 12:33:42.835,2021-09-10 12:33:42.835
5029168,2021-09-03,2021-09-06 12:46:14.857,2021-09-08 12:46:14.857,2021-09-10 14:20:52.244,2021-09-13 14:20:52.244
5022931,2021-09-03,2021-09-06 13:24:30.715,2021-09-08 13:24:30.715,2021-09-09 20:43:42.409,2021-09-13 20:43:42.409
5028269,2021-09-03,2021-09-06 13:59:43.494,2021-09-10 22:52:10.394,2021-09-13 02:12:01.485,2021-09-15 02:12:01.485
5025764,2021-09-03,2021-09-06 14:00:01.043,2021-09-07 14:00:01.043,2021-09-10 01:48:01.504,2021-09-13 01:48:01.504
5025086,2021-09-03,2021-09-06 14:18:44.599,2021-09-08 14:18:44.599,2021-09-10 19:07:58.020,2021-09-13 19:07:58.020
5023541,2021-09-03,2021-09-06 14:32:02.967,2021-09-09 11:59:26.961,2021-09-10 11:59:26.961,2021-09-13 11:59:26.961
5030677,2021-09-03,2021-09-06 15:12:27.851,2021-09-07 15:12:27.851,2021-09-09 01:18:07.267,2021-09-13 01:18:07.267
5030787,2021-09-03,2021-09-06 15:20:17.672,2021-09-08 15:20:17.672,2021-09-09 15:20:17.672,2021-09-13 15:20:17.672
5034324,2021-09-03,2021-09-06 15:23:10.506,2021-09-08 15:23:10.506,2021-09-09 15:23:10.506,2021-09-13 15:23:10.506
5027591,2021-09-03,2021-09-06 15:54:20.856,2021-09-08 15:54:20.856,2021-09-10 19:00:35.206,2021-09-13 19:00:35.206
5032291,2021-09-03,2021-09-06 16:09:28.873,2021-09-08 16:09:28.873,2021-09-09 16:09:28.873,2021-09-13 16:09:28.873
5036765,2021-09-03,2021-09-06 16:15:05.955,2021-09-07 16:15:05.955,2021-09-09 06:56:56.985,2021-09-13 06:56:56.985
5025564,2021-09-03,2021-09-06 16:25:33.727,2021-09-09 20:14:48.912,2021-09-13 00:35:29.940,2021-09-15 00:35:29.940
5034063,2021-09-03,2021-09-06 16:40:45.482,2021-09-08 16:40:45.482,2021-09-10 22:31:35.975,2021-09-13 22:31:35.975
5030941,2021-09-03,2021-09-06 16:42:16.859,2021-09-08 16:42:16.859,2021-09-09 16:42:16.859,2021-09-13 16:42:16.859
5036225,2021-09-03,2021-09-06 16:42:27.436,2021-09-08 16:42:27.436,2021-09-09 16:42:27.436,2021-09-13 16:42:27.436
5024135,2021-09-03,2021-09-06 16:47:52.650,2021-09-07 17:14:29.206,2021-09-08 17:14:29.206,2021-09-10 17:14:29.206
5025787,2021-09-03,2021-09-06 16:55:21.431,2021-09-09 23:40:33.366,2021-09-10 23:40:33.366,2021-09-13 23:40:33.366
5030946,2021-09-03,2021-09-06 16:57:00.452,2021-09-07 16:57:00.452,2021-09-09 11:24:12.498,2021-09-13 11:24:12.498
5035959,2021-09-03,2021-09-06 17:03:47.788,2021-09-07 17:03:47.788,2021-09-09 10:44:47.059,2021-09-13 10:44:47.059
5027170,2021-09-03,2021-09-06 17:18:17.055,2021-09-08 22:17:35.118,2021-09-10 11:11:46.670,2021-09-13 11:11:46.670
5031767,2021-09-03,2021-09-06 17:29:16.037,2021-09-07 17:29:16.037,2021-09-09 11:47:52.552,2021-09-13 11:47:52.552
5026777,2021-09-03,2021-09-06 17:39:11.005,2021-09-09 06:56:20.462,2021-09-10 07:13:59.682,2021-09-13 07:13:59.682
5025769,2021-09-03,2021-09-06 17:47:45.453,2021-09-13 06:03:35.359,2021-09-13 06:03:35.359,2021-09-15 06:03:35.359
5030931,2021-09-03,2021-09-06 17:49:55.696,2021-09-09 04:40:24.712,2021-09-10 16:28:06.051,2021-09-13 16:28:06.051
5036609,2021-09-03,2021-09-06 17:53:16.312,2021-09-07 17:53:16.312,2021-09-08 17:53:16.312,2021-09-10 17:53:16.312
5022911,2021-09-03,2021-09-06 18:10:36.135,2021-09-10 00:00:40.038,2021-09-13 00:00:40.038,2021-09-15 00:00:40.038
5025187,2021-09-03,2021-09-06 19:03:42.740,2021-09-08 19:03:42.740,2021-09-09 19:03:42.740,2021-09-13 19:03:42.740
5029126,2021-09-03,2021-09-06 19:04:43.936,2021-09-07 19:04:43.936,2021-09-09 14:44:17.956,2021-09-13 14:44:17.956
5033957,2021-09-03,2021-09-06 19:50:54.839,2021-09-13 13:47:24.375,2021-09-13 17:03:19.742,2021-09-15 17:03:19.742
5036629,2021-09-03,2021-09-06 19:51:08.493,2021-09-08 19:51:08.493,2021-09-10 04:09:28.959,2021-09-13 04:09:28.959
5037296,2021-09-03,2021-09-06 20:00:05.672,2021-09-10 22:04:43.713,2021-09-13 22:04:43.713,2021-09-15 22:04:43.713
5027637,2021-09-03,2021-09-06 20:01:48.513,2021-09-07 20:01:48.513,2021-09-08 20:01:48.513,2021-09-10 20:01:48.513
5027654,2021-09-03,2021-09-06 20:30:20.049,2021-09-07 20:30:20.049,2021-09-08 20:30:20.049,2021-09-10 20:30:20.049
5025459,2021-09-03,2021-09-06 20:40:55.351,2021-09-08 20:40:55.351,2021-09-13 14:14:47.119,2021-09-15 14:14:47.119
5034435,2021-09-03,2021-09-06 20:45:08.705,2021-09-15 02:36:53.562,2021-09-16 02:36:53.562,2021-09-20 02:36:53.562
5027936,2021-09-03,2021-09-06 20:54:43.093,2021-09-08 20:54:43.093,2021-09-13 01:12:12.796,2021-09-15 01:12:12.796
5027244,2021-09-03,2021-09-06 21:03:49.784,2021-09-08 21:03:49.784,2021-09-09 21:03:49.784,2021-09-13 21:03:49.784
5024959,2021-09-03,2021-09-06 21:14:18.040,2021-09-10 18:11:30.089,2021-09-13 18:11:30.089,2021-09-15 18:11:30.089
5025010,2021-09-03,2021-09-06 21:17:25.061,2021-09-13 00:03:26.931,2021-09-13 00:03:26.931,2021-09-15 00:03:26.931
5029372,2021-09-03,2021-09-06 21:30:10.495,2021-09-09 19:47:11.408,2021-09-10 19:47:11.408,2021-09-13 19:47:11.408
5036055,2021-09-03,2021-09-06 21:35:49.984,2021-09-08 05:44:02.270,2021-09-09 05:44:02.270,2021-09-13 05:44:02.270
5036503,2021-09-03,2021-09-06 21:44:57.072,2021-09-08 21:44:57.072,2021-09-13 12:06:11.975,2021-09-15 12:06:11.975
5032139,2021-09-03,2021-09-06 21:46:20.858,2021-09-08 15:33:33.229,2021-09-10 01:45:19.214,2021-09-13 01:45:19.214
5029394,2021-09-03,2021-09-06 22:09:06.144,2021-09-08 22:09:06.144,2021-09-09 22:09:06.144,2021-09-13 22:09:06.144
5033901,2021-09-03,2021-09-06 22:21:09.256,2021-09-10 14:40:04.366,2021-09-13 14:40:04.366,2021-09-15 14:40:04.366
5025001,2021-09-03,2021-09-06 22:23:11.036,2021-09-08 22:23:11.036,2021-09-09 22:23:11.036,2021-09-13 22:23:11.036
5036044,2021-09-03,2021-09-06 22:33:35.250,2021-09-09 09:26:09.358,2021-09-10 09:26:09.358,2021-09-13 09:26:09.358
5034410,2021-09-03,2021-09-06 22:38:41.345,2021-09-07 22:38:41.345,2021-09-08 22:38:41.345,2021-09-10 22:38:41.345
5035909,2021-09-03,2021-09-06 22:40:13.856,2021-09-08 22:40:13.856,2021-09-13 04:10:37.237,2021-09-15 04:10:37.237
5023238,2021-09-03,2021-09-06 22:44:08.107,2021-09-08 14:48:46.393,2021-09-10 07:57:04.599,2021-09-13 07:57:04.599
5024947,2021-09-03,2021-09-06 22:52:33.292,2021-09-08 22:52:33.292,2021-09-09 22:52:33.292,2021-09-13 22:52:33.292
5037525,2021-09-03,2021-09-06 22:55:07.525,2021-09-09 04:31:05.452,2021-09-10 04:31:05.452,2021-09-13 04:31:05.452
5030234,2021-09-03,2021-09-06 23:19:22.323,2021-09-08 23:19:22.323,2021-09-09 23:19:22.323,2021-09-13 23:19:22.323
5023142,2021-09-03,2021-09-06 23:22:31.031,2021-09-07 23:22:31.031,2021-09-09 14:45:57.917,2021-09-13 14:45:57.917
5036137,2021-09-03,2021-09-06 23:46:40.545,2021-09-07 23:46:40.545,2021-09-08 23:46:40.545,2021-09-10 23:46:40.545
5032604,2021-09-03,2021-09-06 23:52:21.928,2021-09-10 01:50:29.218,2021-09-13 01:50:29.218,2021-09-15 01:50:29.218
5021364,2021-09-03,2021-09-07 00:01:28.091,2021-09-13 10:23:25.842,2021-09-13 08:51:00.030,2021-09-15 08:51:00.030
5021505,2021-09-03,2021-09-07 00:12:39.273,2021-09-09 15:01:36.355,2021-09-10 15:01:36.355,2021-09-13 15:01:36.355
5025538,2021-09-03,2021-09-07 00:33:33.726,2021-09-10 21:33:49.162,2021-09-13 06:52:04.316,2021-09-15 06:52:04.316
5027557,2021-09-03,2021-09-07 01:18:48.236,2021-09-09 01:18:48.236,2021-09-10 01:18:48.236,2021-09-13 01:18:48.236
5034845,2021-09-03,2021-09-07 01:22:19.412,2021-09-10 13:47:58.754,2021-09-13 13:47:58.754,2021-09-15 13:47:58.754
5027099,2021-09-03,2021-09-07 01:26:37.508,2021-09-09 23:05:51.411,2021-09-10 23:05:51.411,2021-09-13 23:05:51.411
5022518,2021-09-03,2021-09-07 01:49:54.174,2021-09-09 01:49:54.174,2021-09-10 08:06:40.278,2021-09-13 08:06:40.278
5030295,2021-09-03,2021-09-07 02:10:19.224,2021-09-09 13:19:40.787,2021-09-13 06:36:38.144,2021-09-15 06:36:38.144
5022775,2021-09-03,2021-09-07 02:16:06.274,2021-09-09 02:16:06.274,2021-09-13 01:43:40.499,2021-09-15 01:43:40.499
5032203,2021-09-03,2021-09-07 02:53:09.027,2021-09-09 03:11:22.938,2021-09-10 15:42:10.465,2021-09-13 15:42:10.465
5024995,2021-09-03,2021-09-07 02:57:47.914,2021-09-09 09:42:16.977,2021-09-10 09:42:16.977,2021-09-13 09:42:16.977
5026203,2021-09-03,2021-09-07 02:57:58.470,2021-09-09 19:09:23.538,2021-09-13 18:15:07.981,2021-09-15 18:15:07.981
5036468,2021-09-03,2021-09-07 03:03:39.903,2021-09-09 06:56:04.291,2021-09-10 06:59:03.976,2021-09-13 06:59:03.976
5024146,2021-09-03,2021-09-07 03:06:37.924,2021-09-09 03:06:37.924,2021-09-10 03:06:37.924,2021-09-13 03:06:37.924
5027552,2021-09-03,2021-09-07 03:24:47.739,2021-09-13 02:02:58.678,2021-09-13 18:29:34.218,2021-09-15 18:29:34.218
5031755,2021-09-03,2021-09-07 03:33:59.079,2021-09-13 10:24:30.341,2021-09-13 10:24:30.341,2021-09-15 10:24:30.341
5032848,2021-09-03,2021-09-07 03:35:42.821,2021-09-10 04:54:22.520,2021-09-13 23:45:13.776,2021-09-15 23:45:13.776
5031287,2021-09-03,2021-09-07 03:51:24.886,2021-09-13 23:09:43.722,2021-09-13 05:52:40.287,2021-09-15 05:52:40.287
5024852,2021-09-03,2021-09-07 04:39:48.284,2021-09-09 04:39:48.284,2021-09-10 04:39:48.284,2021-09-13 04:39:48.284
5035082,2021-09-03,2021-09-07 05:04:30.985,2021-09-10 01:46:08.510,2021-09-13 05:25:54.209,2021-09-15 05:25:54.209
5035782,2021-09-03,2021-09-07 05:32:23.155,2021-09-09 05:32:23.155,2021-09-10 05:32:23.155,2021-09-13 05:32:23.155
5025835,2021-09-03,2021-09-07 05:33:00.057,2021-09-10 13:38:19.661,2021-09-13 13:38:19.661,2021-09-15 13:38:19.661
5025533,2021-09-03,2021-09-07 06:51:35.587,2021-09-09 06:51:35.587,2021-09-10 06:51:35.587,2021-09-13 06:51:35.587
5021923,2021-09-03,2021-09-07 07:12:36.044,2021-09-09 07:12:36.044,2021-09-10 07:12:36.044,2021-09-13 07:12:36.044
5022154,2021-09-03,2021-09-07 07:52:32.874,2021-09-13 16:46:32.310,2021-09-14 02:14:00.156,2021-09-16 02:14:00.156
5029456,2021-09-03,2021-09-07 08:04:43.399,2021-09-09 20:44:55.116,2021-09-10 20:44:55.116,2021-09-13 20:44:55.116
5024940,2021-09-03,2021-09-07 08:32:57.698,2021-09-09 08:32:57.698,2021-09-10 08:32:57.698,2021-09-13 08:32:57.698
5022529,2021-09-03,2021-09-07 08:35:28.948,2021-09-10 17:55:34.968,2021-09-13 09:59:12.105,2021-09-15 09:59:12.105
5022490,2021-09-03,2021-09-07 09:03:27.301,2021-09-09 09:03:27.301,2021-09-13 07:44:17.414,2021-09-15 07:44:17.414
5028369,2021-09-03,2021-09-07 09:05:26.195,2021-09-09 09:05:26.195,2021-09-10 22:37:30.311,2021-09-13 22:37:30.311
5036123,2021-09-03,2021-09-07 09:58:04.213,2021-09-09 09:58:04.213,2021-09-10 13:33:10.888,2021-09-13 13:33:10.888
5033062,2021-09-03,2021-09-07 09:59:48.961,2021-09-13 02:15:39.817,2021-09-13 04:16:42.937,2021-09-15 04:16:42.937
5030242,2021-09-03,2021-09-07 10:09:07.402,2021-09-13 06:54:12.970,2021-09-13 13:21:18.898,2021-09-15 13:21:18.898
5030073,2021-09-03,2021-09-07 10:24:05.361,2021-09-09 10:24:05.361,2021-09-13 03:43:59.493,2021-09-15 03:43:59.493
5021841,2021-09-03,2021-09-07 10:27:12.583,2021-09-09 10:27:12.583,2021-09-13 06:21:28.482,2021-09-15 06:21:28.482
5031510,2021-09-03,2021-09-07 10:53:56.818,2021-09-09 10:53:56.818,2021-09-10 10:53:56.818,2021-09-13 10:53:56.818
5035641,2021-09-03,2021-09-07 12:11:19.873,2021-09-14 18:16:56.047,2021-09-16 08:51:02.824,2021-09-20 08:51:02.824
5027041,2021-09-03,2021-09-07 12:25:32.066,2021-09-09 12:25:32.066,2021-09-10 12:25:32.066,2021-09-13 12:25:32.066
5024143,2021-09-03,2021-09-07 13:04:41.117,2021-09-13 14:11:48.326,2021-09-13 14:11:48.326,2021-09-15 14:11:48.326
5031216,2021-09-03,2021-09-07 13:13:07.029,2021-09-13 18:37:18.562,2021-09-13 18:37:18.562,2021-09-15 18:37:18.562
5034088,2021-09-03,2021-09-07 14:07:10.536,2021-09-10 19:03:21.933,2021-09-13 19:03:21.933,2021-09-15 19:03:21.933
5024636,2021-09-03,2021-09-07 14:09:49.715,2021-09-09 14:09:49.715,2021-09-10 14:09:49.715,2021-09-13 14:09:49.715
5030744,2021-09-03,2021-09-07 14:16:17.733,2021-09-09 14:16:17.733,2021-09-10 14:16:17.733,2021-09-13 14:16:17.733
5021777,2021-09-03,2021-09-07 14:25:06.527,2021-09-09 16:44:26.397,2021-09-13 00:03:23.942,2021-09-15 00:03:23.942
5025057,2021-09-03,2021-09-07 14:49:25.689,2021-09-10 03:13:41.476,2021-09-13 06:33:46.800,2021-09-15 06:33:46.800
5026135,2021-09-03,2021-09-07 14:56:38.873,2021-09-09 14:56:38.873,2021-09-10 14:56:38.873,2021-09-13 14:56:38.873
5033769,2021-09-03,2021-09-07 14:58:58.296,2021-09-10 15:31:48.407,2021-09-13 15:31:48.407,2021-09-15 15:31:48.407
5026240,2021-09-03,2021-09-07 15:30:05.818,2021-09-09 15:30:05.818,2021-09-10 15:30:05.818,2021-09-13 15:30:05.818
5031324,2021-09-03,2021-09-07 15:45:19.548,2021-09-09 18:04:32.733,2021-09-10 18:04:32.733,2021-09-13 18:04:32.733
5030548,2021-09-03,2021-09-07 15:50:56.821,2021-09-13 03:50:57.601,2021-09-13 09:56:08.642,2021-09-15 09:56:08.642
5023718,2021-09-03,2021-09-07 15:57:14.276,2021-09-13 19:56:09.398,2021-09-13 19:56:09.398,2021-09-15 19:56:09.398
5033284,2021-09-03,2021-09-07 16:06:16.607,2021-09-09 16:06:16.607,2021-09-10 16:06:16.607,2021-09-13 16:06:16.607
5031202,2021-09-03,2021-09-07 16:11:14.052,2021-09-09 16:11:14.052,2021-09-10 16:11:14.052,2021-09-13 16:11:14.052
5029264,2021-09-03,2021-09-07 16:38:04.355,2021-09-09 16:38:04.355,2021-09-10 20:36:32.228,2021-09-13 20:36:32.228
5028599,2021-09-03,2021-09-07 17:08:34.057,2021-09-13 07:08:15.680,2021-09-13 14:57:20.491,2021-09-15 14:57:20.491
5033863,2021-09-03,2021-09-07 17:08:58.644,2021-09-09 17:08:58.644,2021-09-13 09:51:26.006,2021-09-15 09:51:26.006
5029333,2021-09-03,2021-09-07 17:10:25.770,2021-09-10 16:30:29.828,2021-09-13 19:50:41.381,2021-09-15 19:50:41.381
5026212,2021-09-03,2021-09-07 17:34:56.367,2021-09-09 17:34:56.367,2021-09-10 17:34:56.367,2021-09-13 17:34:56.367
5029114,2021-09-03,2021-09-07 17:39:17.675,2021-09-10 18:45:03.285,2021-09-13 18:45:03.285,2021-09-15 18:45:03.285
5032036,2021-09-03,2021-09-07 17:40:43.686,2021-09-09 17:40:43.686,2021-09-13 04:26:04.924,2021-09-15 04:26:04.924
5031719,2021-09-03,2021-09-07 18:06:43.863,2021-09-10 06:35:25.162,2021-09-13 15:46:24.330,2021-09-15 15:46:24.330
5034245,2021-09-03,2021-09-07 18:20:40.240,2021-09-09 18:20:40.240,2021-09-10 23:44:24.091,2021-09-13 23:44:24.091
5031073,2021-09-03,2021-09-07 18:21:13.707,2021-09-10 05:16:41.769,2021-09-13 21:04:29.388,2021-09-15 21:04:29.388
5021475,2021-09-03,2021-09-07 18:32:55.281,2021-09-10 19:39:19.440,2021-09-13 22:32:50.369,2021-09-15 22:32:50.369
5026470,2021-09-03,2021-09-07 18:53:22.871,2021-09-13 09:32:24.396,2021-09-15 02:05:00.546,2021-09-17 02:05:00.546
5022283,2021-09-03,2021-09-07 19:00:36.523,2021-09-09 19:00:36.523,2021-09-13 13:30:51.020,2021-09-15 13:30:51.020
5022887,2021-09-03,2021-09-07 19:24:31.823,2021-09-09 19:24:31.823,2021-09-10 19:24:31.823,2021-09-13 19:24:31.823
5033216,2021-09-03,2021-09-07 19:27:40.513,2021-09-10 07:24:08.255,2021-09-13 07:24:08.255,2021-09-15 07:24:08.255
5030980,2021-09-03,2021-09-07 19:33:21.348,2021-09-09 19:33:21.348,2021-09-10 19:33:21.348,2021-09-13 19:33:21.348
5036399,2021-09-03,2021-09-07 19:57:08.188,2021-09-09 19:57:08.188,2021-09-10 19:57:08.188,2021-09-13 19:57:08.188
5027333,2021-09-03,2021-09-07 20:02:31.007,2021-09-09 20:02:31.007,2021-09-13 15:12:13.828,2021-09-15 15:12:13.828
5027164,2021-09-03,2021-09-07 20:32:16.998,2021-09-14 10:56:40.058,2021-09-15 10:56:40.058,2021-09-17 10:56:40.058
5033405,2021-09-03,2021-09-07 20:41:26.604,2021-09-09 20:41:26.604,2021-09-10 20:41:26.604,2021-09-13 20:41:26.604
5025469,2021-09-03,2021-09-07 20:42:50.180,2021-09-13 06:26:17.837,2021-09-13 22:02:33.872,2021-09-15 22:02:33.872
5022768,2021-09-03,2021-09-07 20:55:48.804,2021-09-10 02:44:58.243,2021-09-13 02:44:58.243,2021-09-15 02:44:58.243
5032441,2021-09-03,2021-09-07 21:12:38.708,2021-09-09 21:12:38.708,2021-09-13 04:35:04.354,2021-09-15 04:35:04.354
5033837,2021-09-03,2021-09-07 21:43:14.488,2021-09-09 21:43:14.488,2021-09-13 23:23:30.486,2021-09-15 23:23:30.486
5034254,2021-09-03,2021-09-07 21:49:13.246,2021-09-09 21:49:13.246,2021-09-13 04:52:51.181,2021-09-15 04:52:51.181
5023050,2021-09-03,2021-09-07 22:51:55.475,2021-09-09 22:51:55.475,2021-09-10 22:51:55.475,2021-09-13 22:51:55.475
5029318,2021-09-03,2021-09-07 23:11:19.744,2021-09-09 23:11:19.744,2021-09-10 23:11:19.744,2021-09-13 23:11:19.744
5028447,2021-09-03,2021-09-07 23:32:21.064,2021-09-09 23:32:21.064,2021-09-10 23:32:21.064,2021-09-13 23:32:21.064
5035818,2021-09-03,2021-09-07 23:32:26.940,2021-09-10 15:06:28.286,2021-09-13 15:06:28.286,2021-09-15 15:06:28.286
5032140,2021-09-03,2021-09-07 23:37:11.737,2021-09-09 23:37:11.737,2021-09-10 23:37:11.737,2021-09-13 23:37:11.737
5029434,2021-09-03,2021-09-07 23:45:34.659,2021-09-13 00:55:45.922,2021-09-13 00:55:45.922,2021-09-15 00:55:45.922
5036583,2021-09-03,2021-09-08 00:07:08.855,2021-09-10 10:12:03.205,2021-09-13 12:44:37.757,2021-09-15 12:44:37.757
5032763,2021-09-03,2021-09-08 00:17:02.583,2021-09-13 00:16:44.412,2021-09-13 00:16:44.412,2021-09-15 00:16:44.412
5034781,2021-09-03,2021-09-08 00:43:26.643,2021-09-10 00:43:26.643,2021-09-13 00:43:26.643,2021-09-15 00:43:26.643
5034445,2021-09-03,2021-09-08 00:45:53.790,2021-09-13 05:44:12.823,2021-09-14 04:13:17.002,2021-09-16 04:13:17.002
5030390,2021-09-03,2021-09-08 00:50:36.888,2021-09-10 00:50:36.888,2021-09-13 14:05:57.759,2021-09-15 14:05:57.759
5032097,2021-09-03,2021-09-08 02:12:26.076,2021-09-10 08:48:37.358,2021-09-13 08:48:37.358,2021-09-15 08:48:37.358
5023719,2021-09-03,2021-09-08 02:12:45.625,2021-09-10 02:12:45.625,2021-09-13 09:05:56.271,2021-09-15 09:05:56.271
5034289,2021-09-03,2021-09-08 02:24:04.198,2021-09-10 09:10:15.361,2021-09-13 09:10:15.361,2021-09-15 09:10:15.361
5021625,2021-09-03,2021-09-08 02:38:03.478,2021-09-10 02:38:03.478,2021-09-13 02:38:03.478,2021-09-15 02:38:03.478
5023720,2021-09-03,2021-09-08 02:53:29.085,2021-09-10 02:53:29.085,2021-09-13 08:43:52.646,2021-09-15 08:43:52.646
5027865,2021-09-03,2021-09-08 03:09:00.596,2021-09-10 03:09:00.596,2021-09-13 05:39:44.439,2021-09-15 05:39:44.439
5022388,2021-09-03,2021-09-08 03:10:15.678,2021-09-10 03:10:15.678,2021-09-13 00:02:24.882,2021-09-15 00:02:24.882
5026129,2021-09-03,2021-09-08 03:28:28.859,2021-09-13 07:14:17.107,2021-09-13 17:29:38.422,2021-09-15 17:29:38.422
5028567,2021-09-03,2021-09-08 03:28:31.499,2021-09-10 03:28:31.499,2021-09-13 03:28:31.499,2021-09-15 03:28:31.499
5023708,2021-09-03,2021-09-08 03:32:05.361,2021-09-10 03:32:05.361,2021-09-13 23:12:15.034,2021-09-15 23:12:15.034
5027165,2021-09-03,2021-09-08 03:42:06.091,2021-09-10 03:42:06.091,2021-09-13 12:25:25.290,2021-09-15 12:25:25.290
5022171,2021-09-03,2021-09-08 04:26:02.617,2021-09-10 04:26:02.617,2021-09-13 04:26:02.617,2021-09-15 04:26:02.617
5022554,2021-09-03,2021-09-08 06:07:50.597,2021-09-10 06:07:50.597,2021-09-13 06:07:50.597,2021-09-15 06:07:50.597
5035000,2021-09-03,2021-09-08 06:22:24.277,2021-09-13 08:54:49.206,2021-09-14 07:25:42.173,2021-09-16 07:25:42.173
5026053,2021-09-03,2021-09-08 06:34:32.878,2021-09-10 12:27:59.427,2021-09-13 12:27:59.427,2021-09-15 12:27:59.427
5036760,2021-09-03,2021-09-08 07:16:32.359,2021-09-10 07:16:32.359,2021-09-13 07:16:32.359,2021-09-15 07:16:32.359
5036736,2021-09-03,2021-09-08 08:36:56.842,2021-09-14 13:02:55.311,2021-09-15 13:02:55.311,2021-09-17 13:02:55.311
5031819,2021-09-03,2021-09-08 08:45:15.273,2021-09-10 08:45:15.273,2021-09-13 04:14:37.268,2021-09-15 04:14:37.268
5022218,2021-09-03,2021-09-08 09:01:01.992,2021-09-10 09:01:01.992,2021-09-13 09:01:01.992,2021-09-15 09:01:01.992
5021938,2021-09-03,2021-09-08 09:41:38.597,2021-09-10 09:41:38.597,2021-09-13 12:44:12.998,2021-09-15 12:44:12.998
5033105,2021-09-03,2021-09-08 09:59:03.329,2021-09-10 09:59:03.329,2021-09-13 16:08:01.746,2021-09-15 16:08:01.746
5025167,2021-09-03,2021-09-08 10:50:24.007,2021-09-13 03:48:40.196,2021-09-13 12:59:21.757,2021-09-15 12:59:21.757
5030939,2021-09-03,2021-09-08 11:08:19.270,2021-09-10 11:08:19.270,2021-09-13 11:08:19.270,2021-09-15 11:08:19.270
5034226,2021-09-03,2021-09-08 11:14:02.719,2021-09-13 16:24:22.950,2021-09-13 07:37:27.379,2021-09-15 07:37:27.379
5030263,2021-09-03,2021-09-08 11:35:57.041,2021-09-10 11:35:57.041,2021-09-13 11:08:34.451,2021-09-15 11:08:34.451
5027701,2021-09-03,2021-09-08 11:50:44.971,2021-09-13 13:48:52.014,2021-09-13 13:48:52.014,2021-09-15 13:48:52.014
5035716,2021-09-03,2021-09-08 12:17:58.826,2021-09-10 12:17:58.826,2021-09-13 08:50:52.224,2021-09-15 08:50:52.224
5036440,2021-09-03,2021-09-08 12:23:16.401,2021-09-10 12:23:16.401,2021-09-13 20:45:26.581,2021-09-15 20:45:26.581
5036241,2021-09-03,2021-09-08 12:38:39.685,2021-09-13 06:51:11.874,2021-09-13 10:43:29.419,2021-09-15 10:43:29.419
5031137,2021-09-03,2021-09-08 13:07:04.846,2021-09-13 20:43:12.717,2021-09-13 20:43:12.717,2021-09-15 20:43:12.717
5029541,2021-09-03,2021-09-08 13:20:04.893,2021-09-10 13:20:04.893,2021-09-13 13:20:04.893,2021-09-15 13:20:04.893
5023389,2021-09-03,2021-09-08 13:48:02.086,2021-09-10 13:48:02.086,2021-09-13 13:48:02.086,2021-09-15 13:48:02.086
5036301,2021-09-03,2021-09-08 14:22:25.566,2021-09-10 14:22:25.566,2021-09-13 14:22:25.566,2021-09-15 14:22:25.566
5023199,2021-09-03,2021-09-08 14:37:39.084,2021-09-10 17:18:32.030,2021-09-13 17:18:32.030,2021-09-15 17:18:32.030
5035984,2021-09-03,2021-09-08 14:53:47.296,2021-09-10 14:53:47.296,2021-09-13 14:53:47.296,2021-09-15 14:53:47.296
5023164,2021-09-03,2021-09-08 15:05:00.312,2021-09-13 16:24:40.584,2021-09-13 16:24:40.584,2021-09-15 16:24:40.584
5034295,2021-09-03,2021-09-08 17:05:25.843,2021-09-13 00:47:30.321,2021-09-14 00:47:30.321,2021-09-16 00:47:30.321
5036930,2021-09-03,2021-09-08 17:33:38.164,2021-09-13 23:05:50.520,2021-09-13 23:05:50.520,2021-09-15 23:05:50.520
5022256,2021-09-03,2021-09-08 17:36:55.387,2021-09-10 17:36:55.387,2021-09-13 23:43:39.237,2021-09-15 23:43:39.237
5025435,2021-09-03,2021-09-08 17:56:59.426,2021-09-14 04:24:59.547,2021-09-15 04:33:44.545,2021-09-17 04:33:44.545
5035898,2021-09-03,2021-09-08 18:00:27.084,2021-09-13 14:31:47.244,2021-09-13 18:18:56.318,2021-09-15 18:18:56.318
5032125,2021-09-03,2021-09-08 18:08:50.885,2021-09-13 01:26:39.957,2021-09-13 05:41:58.197,2021-09-15 05:41:58.197
5024003,2021-09-03,2021-09-08 18:24:52.907,2021-09-10 18:24:52.907,2021-09-13 18:24:52.907,2021-09-15 18:24:52.907
5029798,2021-09-03,2021-09-08 18:52:58.013,2021-09-13 17:04:09.498,2021-09-15 13:35:12.310,2021-09-17 13:35:12.310
5033224,2021-09-03,2021-09-08 19:31:04.999,2021-09-10 19:31:04.999,2021-09-13 22:34:40.280,2021-09-15 22:34:40.280
5029684,2021-09-03,2021-09-08 20:00:18.255,2021-09-10 22:14:32.338,2021-09-13 05:23:59.728,2021-09-15 05:23:59.728
5036695,2021-09-03,2021-09-08 20:34:20.841,2021-09-13 22:31:55.930,2021-09-13 15:01:17.871,2021-09-15 15:01:17.871
5031021,2021-09-03,2021-09-08 20:59:28.205,2021-09-10 21:09:04.000,2021-09-13 21:21:33.879,2021-09-15 21:21:33.879
5026901,2021-09-03,2021-09-08 22:24:18.696,2021-09-10 22:24:18.696,2021-09-13 08:28:57.667,2021-09-15 08:28:57.667
5026845,2021-09-03,2021-09-08 22:52:08.242,2021-09-10 22:52:08.242,2021-09-13 22:52:08.242,2021-09-15 22:52:08.242
5036752,2021-09-03,2021-09-08 23:02:23.789,2021-09-10 23:02:23.789,2021-09-13 07:33:16.937,2021-09-15 07:33:16.937
5030342,2021-09-03,2021-09-08 23:31:07.917,2021-09-10 23:31:07.917,2021-09-13 20:25:30.296,2021-09-15 20:25:30.296
5027573,2021-09-03,2021-09-09 00:09:09.207,2021-09-13 00:09:09.207,2021-09-13 16:55:57.414,2021-09-15 16:55:57.414
5037550,2021-09-03,2021-09-09 03:07:38.765,2021-09-13 03:07:38.765,2021-09-13 08:26:32.730,2021-09-15 08:26:32.730
5036566,2021-09-03,2021-09-09 03:09:20.031,2021-09-13 03:09:20.031,2021-09-13 10:50:38.327,2021-09-15 10:50:38.327
5024983,2021-09-03,2021-09-09 03:27:00.919,2021-09-13 22:23:26.055,2021-09-14 08:19:19.706,2021-09-16 08:19:19.706
5029980,2021-09-03,2021-09-09 06:13:34.240,2021-09-13 18:59:27.999,2021-09-14 18:59:27.999,2021-09-16 18:59:27.999
5024856,2021-09-03,2021-09-09 06:13:40.237,2021-09-13 07:56:58.076,2021-09-13 16:55:58.386,2021-09-15 16:55:58.386
5030987,2021-09-03,2021-09-09 06:49:24.855,2021-09-13 13:44:53.000,2021-09-13 15:58:55.442,2021-09-15 15:58:55.442
5028855,2021-09-03,2021-09-09 07:42:39.766,2021-09-13 07:42:39.766,2021-09-13 06:47:46.486,2021-09-15 06:47:46.486
5033801,2021-09-03,2021-09-09 10:16:27.165,2021-09-13 10:16:27.165,2021-09-13 10:16:27.165,2021-09-15 10:16:27.165
5029283,2021-09-03,2021-09-09 10:20:12.866,2021-09-14 03:44:31.200,2021-09-15 14:37:02.338,2021-09-17 14:37:02.338
5030362,2021-09-03,2021-09-09 10:44:01.288,2021-09-13 10:44:01.288,2021-09-13 13:40:27.152,2021-09-15 13:40:27.152
5034311,2021-09-03,2021-09-09 11:28:44.073,2021-09-13 20:57:14.957,2021-09-13 20:57:14.957,2021-09-15 20:57:14.957
5030794,2021-09-03,2021-09-09 13:16:31.555,2021-09-13 13:16:31.555,2021-09-14 03:33:03.308,2021-09-16 03:33:03.308
5031623,2021-09-03,2021-09-09 14:38:35.421,2021-09-13 18:15:44.741,2021-09-13 18:15:44.741,2021-09-15 18:15:44.741
5032152,2021-09-03,2021-09-09 15:42:04.647,2021-09-13 15:42:04.647,2021-09-14 02:24:01.036,2021-09-16 02:24:01.036
5031325,2021-09-03,2021-09-09 17:33:15.412,2021-09-13 17:33:15.412,2021-09-13 17:33:15.412,2021-09-15 17:33:15.412
5029288,2021-09-03,2021-09-09 18:28:21.131,2021-09-13 18:28:21.131,2021-09-13 18:28:21.131,2021-09-15 18:28:21.131
5026165,2021-09-03,2021-09-09 18:41:38.364,2021-09-14 16:49:27.239,2021-09-15 16:49:27.239,2021-09-17 16:49:27.239
5032268,2021-09-03,2021-09-09 18:45:37.181,2021-09-14 11:33:38.555,2021-09-16 01:08:06.460,2021-09-20 01:08:06.460
5034777,2021-09-03,2021-09-09 19:23:04.477,2021-09-13 23:34:50.558,2021-09-14 04:38:04.740,2021-09-16 04:38:04.740
5036494,2021-09-03,2021-09-09 22:58:34.455,2021-09-14 10:38:45.021,2021-09-16 03:25:54.825,2021-09-20 03:25:54.825
5035174,2021-09-03,2021-09-09 23:40:02.317,2021-09-13 04:39:37.321,2021-09-13 04:39:37.321,2021-09-15 04:39:37.321
5024331,2021-09-03,2021-09-10 00:31:17.387,2021-09-13 00:31:17.387,2021-09-13 00:31:17.387,2021-09-15 00:31:17.387
5029094,2021-09-03,2021-09-10 01:06:29.339,2021-09-13 01:06:29.339,2021-09-14 14:08:57.857,2021-09-16 14:08:57.857
5032182,2021-09-03,2021-09-10 05:33:44.176,2021-09-13 05:33:44.176,2021-09-13 05:33:44.176,2021-09-15 05:33:44.176
5031649,2021-09-03,2021-09-10 07:31:37.701,2021-09-13 16:54:17.463,2021-09-13 16:54:17.463,2021-09-15 16:54:17.463
5026833,2021-09-03,2021-09-10 08:50:35.319,2021-09-13 04:09:46.909,2021-09-14 04:09:46.909,2021-09-16 04:09:46.909
5021983,2021-09-03,2021-09-10 10:57:38.470,2021-09-13 10:57:38.470,2021-09-14 01:52:14.258,2021-09-16 01:52:14.258
5023709,2021-09-03,2021-09-10 12:45:10.179,2021-09-13 09:37:03.825,2021-09-14 12:52:12.673,2021-09-16 12:52:12.673
5036700,2021-09-03,2021-09-10 13:43:19.457,2021-09-13 13:43:19.457,2021-09-14 13:53:22.737,2021-09-16 13:53:22.737
5034265,2021-09-03,2021-09-10 13:53:31.101,2021-09-13 22:03:56.104,2021-09-13 22:03:56.104,2021-09-15 22:03:56.104
5030838,2021-09-03,2021-09-10 14:57:17.969,2021-09-13 14:57:17.969,2021-09-14 07:30:20.536,2021-09-16 07:30:20.536
5030182,2021-09-03,2021-09-10 15:09:52.243,2021-09-13 23:58:07.570,2021-09-13 23:58:07.570,2021-09-15 23:58:07.570
5034358,2021-09-03,2021-09-10 15:20:17.327,2021-09-14 01:14:36.967,2021-09-15 01:14:36.967,2021-09-17 01:14:36.967
5022011,2021-09-03,2021-09-10 17:20:02.133,2021-09-17 08:27:59.188,2021-09-20 10:31:09.638,
5025890,2021-09-03,2021-09-10 19:09:25.706,2021-09-13 12:13:30.576,2021-09-15 11:17:16.498,2021-09-17 11:17:16.498
5031348,2021-09-03,2021-09-10 19:47:11.938,2021-09-13 19:47:11.938,2021-09-13 19:47:11.938,2021-09-15 19:47:11.938
5022926,2021-09-03,2021-09-10 21:18:20.477,2021-09-14 08:06:12.711,2021-09-17 02:28:44.902,2021-09-20 02:28:44.902
5034269,2021-09-03,2021-09-10 22:41:20.179,2021-09-13 04:39:14.248,2021-09-14 04:39:14.248,2021-09-16 04:39:14.248
5032803,2021-09-03,2021-09-13 00:13:47.998,2021-09-15 01:41:03.093,2021-09-16 01:41:03.093,2021-09-20 01:41:03.093
5021994,2021-09-03,2021-09-13 01:31:32.614,2021-09-14 01:31:32.614,2021-09-15 15:44:58.012,2021-09-17 15:44:58.012
5024950,2021-09-03,2021-09-13 04:00:52.983,2021-09-14 12:55:00.699,2021-09-15 20:28:18.932,2021-09-17 20:28:18.932
5027951,2021-09-03,2021-09-13 08:44:14.670,2021-09-15 17:11:39.059,2021-09-17 02:01:42.666,2021-09-20 02:01:42.666
5024973,2021-09-03,2021-09-13 11:08:45.836,2021-09-14 15:38:11.077,2021-09-16 10:41:56.605,2021-09-20 10:41:56.605
5027270,2021-09-03,2021-09-13 12:44:43.753,2021-09-13 12:44:43.753,2021-09-14 20:08:54.515,2021-09-16 20:08:54.515
5032318,2021-09-03,2021-09-13 17:02:58.090,2021-09-13 17:02:58.090,2021-09-14 17:02:58.090,2021-09-16 17:02:58.090
5035294,2021-09-03,2021-09-13 19:36:24.445,2021-09-13 19:36:24.445,2021-09-14 22:52:09.999,2021-09-16 22:52:09.999
5033311,2021-09-03,2021-09-13 21:24:03.147,2021-09-14 11:28:48.966,2021-09-17 04:15:18.045,2021-09-20 04:15:18.045
5028243,2021-09-03,2021-09-13 21:30:29.883,2021-09-16 00:02:35.113,2021-09-20 04:16:13.921,
5036679,2021-09-04,2021-09-06 00:00:00.000,2021-09-08 00:00:00.000,2021-09-09 00:00:00.000,2021-09-13 00:00:00.000
5022024,2021-09-04,2021-09-06 00:00:00.000,2021-09-08 00:00:00.000,2021-09-09 00:00:00.000,2021-09-13 00:00:00.000
5029346,2021-09-04,2021-09-06 00:00:00.000,2021-09-08 00:00:00.000,2021-09-09 00:00:00.000,2021-09-13 00:00:00.000
5022725,2021-09-04,2021-09-06 00:00:00.000,2021-09-08 00:00:00.000,2021-09-09 00:00:00.000,2021-09-13 00:00:00.000
5022644,2021-09-04,2021-09-06 00:00:00.000,2021-09-08 00:00:00.000,2021-09-09 00:00:00.000,2021-09-13 00:00:00.000
5036405,2021-09-04,2021-09-06 00:00:00.000,2021-09-08 00:00:00.000,2021-09-09 00:00:00.000,2021-09-13 00:00:00.000
5028374,2021-09-04,2021-09-06 00:00:00.000,2021-09-08 00:00:00.000,2021-09-09 00:00:00.000,2021-09-13 00:00:00.000
5032905,2021-09-04,2021-09-06 00:00:00.000,2021-09-08 00:00:00.000,2021-09-09 00:00:00.000,2021-09-13 00:00:00.000
5028449,2021-09-04,2021-09-06 00:00:00.000,2021-09-08 00:00:00.000,2021-09-09 00:00:00.000,2021-09-13 00:00:00.000
5036104,2021-09-04,2021-09-06 00:00:00.000,2021-09-08 00:00:00.000,2021-09-09 03:44:31.984,2021-09-13 03:44:31.984
5036655,2021-09-04,2021-09-06 00:00:00.000,2021-09-08 00:00:00.000,2021-09-09 06:26:12.846,2021-09-13 06:26:12.846
5033367,2021-09-04,2021-09-06 00:00:00.000,2021-09-08 00:00:00.000,2021-09-09 11:01:49.327,2021-09-13 11:01:49.327
5034572,2021-09-04,2021-09-06 00:00:00.000,2021-09-08 00:00:00.000,2021-09-09 13:23:38.391,2021-09-13 13:23:38.391
5036819,2021-09-04,2021-09-06 00:00:00.000,2021-09-08 00:00:00.000,2021-09-09 15:11:05.686,2021-09-13 15:11:05.686
5029854,2021-09-04,2021-09-06 00:00:00.000,2021-09-08 00:00:00.000,2021-09-09 18:23:03.175,2021-09-13 18:23:03.175
5025041,2021-09-04,2021-09-06 00:00:00.000,2021-09-08 00:00:00.000,2021-09-09 20:19:03.488,2021-09-13 20:19:03.488
5021562,2021-09-04,2021-09-06 00:00:00.000,2021-09-08 00:00:00.000,2021-09-10 08:39:15.397,2021-09-13 08:39:15.397
5028633,2021-09-04,2021-09-06 00:00:00.000,2021-09-08 00:00:00.000,2021-09-10 08:39:24.882,2021-09-13 08:39:24.882
5030069,2021-09-04,2021-09-06 00:00:00.000,2021-09-08 00:40:15.979,2021-09-09 13:11:45.118,2021-09-13 13:11:45.118
5025376,2021-09-04,2021-09-06 00:00:00.000,2021-09-08 02:57:28.612,2021-09-09 02:57:28.612,2021-09-13 02:57:28.612
5026404,2021-09-04,2021-09-06 00:00:00.000,2021-09-08 07:43:57.721,2021-09-10 03:05:11.483,2021-09-13 03:05:11.483
5027986,2021-09-04,2021-09-06 00:00:00.000,2021-09-08 12:33:10.294,2021-09-09 12:33:10.294,2021-09-13 12:33:10.294
5029519,2021-09-04,2021-09-06 00:00:00.000,2021-09-08 13:18:42.104,2021-09-13 11:52:01.565,2021-09-15 11:52:01.565
5024986,2021-09-04,2021-09-06 00:00:00.000,2021-09-08 14:57:45.502,2021-09-10 17:50:32.362,2021-09-13 17:50:32.362
5029633,2021-09-04,2021-09-06 00:00:00.000,2021-09-08 16:15:44.112,2021-09-09 16:15:44.112,2021-09-13 16:15:44.112
5036652,2021-09-04,2021-09-06 00:00:00.000,2021-09-08 23:21:45.645,2021-09-09 23:21:45.645,2021-09-13 23:21:45.645
5029864,2021-09-04,2021-09-06 00:00:00.000,2021-09-09 00:48:15.673,2021-09-10 02:21:41.936,2021-09-13 02:21:41.936
5030876,2021-09-04,2021-09-06 00:00:00.000,2021-09-09 01:01:29.899,2021-09-10 01:01:29.899,2021-09-13 01:01:29.899
5032374,2021-09-04,2021-09-06 00:00:00.000,2021-09-09 01:32:15.486,2021-09-13 16:32:24.414,2021-09-15 16:32:24.414
5027676,2021-09-04,2021-09-06 00:00:00.000,2021-09-09 01:34:03.838,2021-09-13 00:07:17.451,2021-09-15 00:07:17.451
5037285,2021-09-04,2021-09-06 00:00:00.000,2021-09-09 03:53:51.960,2021-09-10 03:53:51.960,2021-09-13 03:53:51.960
5032893,2021-09-04,2021-09-06 00:00:00.000,2021-09-09 06:31:09.921,2021-09-10 06:44:47.679,2021-09-13 06:44:47.679
5030780,2021-09-04,2021-09-06 00:00:00.000,2021-09-09 07:22:59.461,2021-09-10 07:22:59.461,2021-09-13 07:22:59.461
5022954,2021-09-04,2021-09-06 00:00:00.000,2021-09-09 07:29:01.104,2021-09-10 08:29:35.833,2021-09-13 08:29:35.833
5025064,2021-09-04,2021-09-06 00:00:00.000,2021-09-09 13:10:54.052,2021-09-10 21:54:21.635,2021-09-13 21:54:21.635
5029526,2021-09-04,2021-09-06 00:00:00.000,2021-09-10 01:45:21.348,2021-09-13 01:45:21.348,2021-09-15 01:45:21.348
5036554,2021-09-04,2021-09-06 00:00:00.000,2021-09-10 02:58:39.371,2021-09-13 05:54:33.533,2021-09-15 05:54:33.533
5032146,2021-09-04,2021-09-06 00:00:00.000,2021-09-10 03:16:33.111,2021-09-13 20:02:36.793,2021-09-15 20:02:36.793
5025811,2021-09-04,2021-09-06 00:00:00.000,2021-09-10 05:29:01.051,2021-09-13 21:08:43.764,2021-09-15 21:08:43.764
5033929,2021-09-04,2021-09-06 00:00:00.000,2021-09-10 08:44:50.764,2021-09-13 08:44:50.764,2021-09-15 08:44:50.764
5027819,2021-09-04,2021-09-06 00:00:00.000,2021-09-10 19:03:58.213,2021-09-13 03:10:45.148,2021-09-15 03:10:45.148
5024911,2021-09-04,2021-09-06 00:00:00.000,2021-09-10 20:28:27.264,2021-09-13 09:11:25.875,2021-09-15 09:11:25.875
5022176,2021-09-04,2021-09-06 00:00:00.000,2021-09-13 01:00:01.630,2021-09-13 01:00:01.630,2021-09-15 01:00:01.630
5024405,2021-09-04,2021-09-06 00:00:00.000,2021-09-13 09:12:32.771,2021-09-13 09:12:32.771,2021-09-15 09:12:32.771
5025122,2021-09-04,2021-09-06 00:00:00.000,2021-09-13 11:44:46.950,2021-09-13 23:13:45.371,2021-09-15 23:13:45.371
5025065,2021-09-04,2021-09-06 00:00:00.000,2021-09-13 17:44:53.539,2021-09-13 17:44:53.539,2021-09-15 17:44:53.539
5024211,2021-09-04,2021-09-06 00:00:41.483,2021-09-09 18:04:04.675,2021-09-13 01:02:20.190,2021-09-15 01:02:20.190
5031163,2021-09-04,2021-09-06 00:18:59.696,2021-09-08 00:18:59.696,2021-09-09 12:41:08.960,2021-09-13 12:41:08.960
5030064,2021-09-04,2021-09-06 01:19:07.913,2021-09-10 06:59:46.152,2021-09-13 06:59:46.152,2021-09-15 06:59:46.152
5030408,2021-09-04,2021-09-06 02:40:17.936,2021-09-08 02:40:17.936,2021-09-09 02:40:17.936,2021-09-13 02:40:17.936
5027671,2021-09-04,2021-09-06 03:13:56.573,2021-09-08 03:13:56.573,2021-09-09 03:13:56.573,2021-09-13 03:13:56.573
5034081,2021-09-04,2021-09-06 03:38:33.762,2021-09-08 03:38:33.762,2021-09-09 11:42:00.356,2021-09-13 11:42:00.356
5028473,2021-09-04,2021-09-06 03:59:30.567,2021-09-13 03:19:40.729,2021-09-13 03:19:40.729,2021-09-15 03:19:40.729
5021494,2021-09-04,2021-09-06 04:28:54.639,2021-09-13 07:22:33.639,2021-09-14 15:04:59.112,2021-09-16 15:04:59.112
5030520,2021-09-04,2021-09-06 05:29:46.881,2021-09-08 05:29:46.881,2021-09-09 05:29:46.881,2021-09-13 05:29:46.881
5036323,2021-09-04,2021-09-06 05:44:20.752,2021-09-08 05:44:20.752,2021-09-09 05:44:20.752,2021-09-13 05:44:20.752
5029619,2021-09-04,2021-09-06 06:23:25.268,2021-09-08 06:23:25.268,2021-09-09 06:23:25.268,2021-09-13 06:23:25.268
5022882,2021-09-04,2021-09-06 06:53:56.450,2021-09-13 12:39:21.915,2021-09-13 12:39:21.915,2021-09-15 12:39:21.915
5025590,2021-09-04,2021-09-06 07:04:02.367,2021-09-08 07:04:02.367,2021-09-09 21:25:54.571,2021-09-13 21:25:54.571
5027122,2021-09-04,2021-09-06 07:41:54.880,2021-09-08 22:09:13.923,2021-09-10 11:57:04.444,2021-09-13 11:57:04.444
5026811,2021-09-04,2021-09-06 07:48:59.498,2021-09-08 07:48:59.498,2021-09-09 07:48:59.498,2021-09-13 07:48:59.498
5022001,2021-09-04,2021-09-06 08:08:17.669,2021-09-08 08:08:17.669,2021-09-10 10:08:47.845,2021-09-13 10:08:47.845
5036129,2021-09-04,2021-09-06 08:45:59.303,2021-09-08 08:45:59.303,2021-09-09 08:45:59.303,2021-09-13 08:45:59.303
5033273,2021-09-04,2021-09-06 09:21:20.083,2021-09-08 09:21:20.083,2021-09-09 09:21:20.083,2021-09-13 09:21:20.083
5032331,2021-09-04,2021-09-06 09:35:36.808,2021-09-13 15:15:24.892,2021-09-13 15:15:24.892,2021-09-15 15:15:24.892
5028465,2021-09-04,2021-09-06 09:42:40.766,2021-09-10 02:58:23.668,2021-09-13 02:58:23.668,2021-09-15 02:58:23.668
5035819,2021-09-04,2021-09-06 09:44:30.918,2021-09-08 09:44:30.918,2021-09-10 10:21:37.408,2021-09-13 10:21:37.408
5027679,2021-09-04,2021-09-06 09:46:22.045,2021-09-08 09:46:22.045,2021-09-09 09:46:22.045,2021-09-13 09:46:22.045
5022021,2021-09-04,2021-09-06 11:01:29.822,2021-09-08 13:05:07.810,2021-09-09 13:05:07.810,2021-09-13 13:05:07.810
5021566,2021-09-04,2021-09-06 11:19:07.517,2021-09-08 11:19:07.517,2021-09-09 11:19:07.517,2021-09-13 11:19:07.517
5030151,2021-09-04,2021-09-06 12:13:21.318,2021-09-13 11:17:15.646,2021-09-13 11:17:15.646,2021-09-15 11:17:15.646
5025140,2021-09-04,2021-09-06 12:29:26.669,2021-09-13 22:25:12.622,2021-09-14 20:34:05.916,2021-09-16 20:34:05.916
5033533,2021-09-04,2021-09-06 12:44:46.904,2021-09-08 12:44:46.904,2021-09-10 19:08:57.429,2021-09-13 19:08:57.429
5021550,2021-09-04,2021-09-06 14:56:49.139,2021-09-14 03:36:04.317,2021-09-15 03:36:04.317,2021-09-17 03:36:04.317
5030925,2021-09-04,2021-09-06 15:24:46.116,2021-09-09 12:01:23.139,2021-09-13 14:35:22.971,2021-09-15 14:35:22.971
5034580,2021-09-04,2021-09-06 15:56:48.061,2021-09-08 15:56:48.061,2021-09-09 15:56:48.061,2021-09-13 15:56:48.061
5021631,2021-09-04,2021-09-06 16:19:53.672,2021-09-10 11:14:16.237,2021-09-13 00:43:11.960,2021-09-15 00:43:11.960
5021675,2021-09-04,2021-09-06 17:48:44.357,2021-09-10 17:38:44.837,2021-09-13 13:50:24.937,2021-09-15 13:50:24.937
5029085,2021-09-04,2021-09-06 18:08:30.615,2021-09-09 16:36:07.118,2021-09-10 16:36:07.118,2021-09-13 16:36:07.118
5030442,2021-09-04,2021-09-06 18:38:11.429,2021-09-08 18:38:11.429,2021-09-09 18:38:11.429,2021-09-13 18:38:11.429
5025201,2021-09-04,2021-09-06 19:05:05.868,2021-09-10 14:26:54.375,2021-09-13 11:29:23.398,2021-09-15 11:29:23.398
5026429,2021-09-04,2021-09-06 19:19:15.781,2021-09-10 00:22:43.480,2021-09-13 00:06:54.826,2021-09-15 00:06:54.826
5034605,2021-09-04,2021-09-06 22:15:20.830,2021-09-09 16:37:46.803,2021-09-13 00:39:24.147,2021-09-15 00:39:24.147
5033873,2021-09-04,2021-09-06 22:17:02.934,2021-09-10 11:27:06.763,2021-09-13 11:27:06.763,2021-09-15 11:27:06.763
5033538,2021-09-04,2021-09-06 22:31:22.831,2021-09-09 10:10:33.540,2021-09-13 15:39:21.877,2021-09-15 15:39:21.877
5022671,2021-09-04,2021-09-06 22:50:19.983,2021-09-09 03:08:26.202,2021-09-10 04:26:54.798,2021-09-13 04:26:54.798
5034515,2021-09-04,2021-09-06 23:10:48.323,2021-09-13 14:03:08.600,2021-09-13 14:03:08.600,2021-09-15 14:03:08.600
5033650,2021-09-04,2021-09-06 23:21:18.992,2021-09-08 23:21:18.992,2021-09-09 23:21:18.992,2021-09-13 23:21:18.992
5025032,2021-09-04,2021-09-06 23:32:15.906,2021-09-08 23:32:15.906,2021-09-09 23:32:15.906,2021-09-13 23:32:15.906
5036757,2021-09-04,2021-09-07 00:07:35.281,2021-09-09 00:07:35.281,2021-09-10 00:07:35.281,2021-09-13 00:07:35.281
5033603,2021-09-04,2021-09-07 00:40:05.018,2021-09-09 16:41:41.623,2021-09-10 22:53:49.422,2021-09-13 22:53:49.422
5032307,2021-09-04,2021-09-07 01:40:19.663,2021-09-09 12:28:24.679,2021-09-13 09:04:26.058,2021-09-15 09:04:26.058
5034531,2021-09-04,2021-09-07 01:50:50.511,2021-09-09 01:50:50.511,2021-09-10 14:48:27.350,2021-09-13 14:48:27.350
5023700,2021-09-04,2021-09-07 02:19:57.355,2021-09-09 02:19:57.355,2021-09-10 02:19:57.355,2021-09-13 02:19:57.355
5021591,2021-09-04,2021-09-07 02:59:43.184,2021-09-09 02:59:43.184,2021-09-10 02:59:43.184,2021-09-13 02:59:43.184
5031189,2021-09-04,2021-09-07 03:11:15.988,2021-09-10 10:50:09.788,2021-09-13 09:08:47.322,2021-09-15 09:08:47.322
5029551,2021-09-04,2021-09-07 04:22:26.672,2021-09-09 04:22:26.672,2021-09-10 08:08:45.669,2021-09-13 08:08:45.669
5033528,2021-09-04,2021-09-07 04:35:28.556,2021-09-09 18:35:48.342,2021-09-13 13:28:59.280,2021-09-15 13:28:59.280
5035829,2021-09-04,2021-09-07 05:47:20.389,2021-09-09 05:47:20.389,2021-09-10 05:47:20.389,2021-09-13 05:47:20.389
5032807,2021-09-04,2021-09-07 06:50:44.803,2021-09-09 06:50:44.803,2021-09-10 06:50:44.803,2021-09-13 06:50:44.803
5031715,2021-09-04,2021-09-07 06:54:46.636,2021-09-09 06:54:46.636,2021-09-13 15:48:22.204,2021-09-15 15:48:22.204
5028478,2021-09-04,2021-09-07 07:03:26.192,2021-09-09 18:55:34.036,2021-09-10 18:55:34.036,2021-09-13 18:55:34.036
5033866,2021-09-04,2021-09-07 07:28:43.727,2021-09-10 12:20:51.402,2021-09-13 12:20:51.402,2021-09-15 12:20:51.402
5032677,2021-09-04,2021-09-07 07:47:34.420,2021-09-09 07:47:34.420,2021-09-10 07:47:34.420,2021-09-13 07:47:34.420
5025193,2021-09-04,2021-09-07 08:15:08.449,2021-09-13 03:44:14.677,2021-09-13 03:44:14.677,2021-09-15 03:44:14.677
5023409,2021-09-04,2021-09-07 08:46:25.616,2021-09-09 08:46:25.616,2021-09-13 11:26:58.672,2021-09-15 11:26:58.672
5032638,2021-09-04,2021-09-07 08:51:52.909,2021-09-09 08:51:52.909,2021-09-10 08:51:52.909,2021-09-13 08:51:52.909
5022535,2021-09-04,2021-09-07 09:34:06.315,2021-09-09 09:34:06.315,2021-09-10 09:34:06.315,2021-09-13 09:34:06.315
5022802,2021-09-04,2021-09-07 09:38:02.975,2021-09-09 11:45:39.065,2021-09-10 11:45:39.065,2021-09-13 11:45:39.065
5034021,2021-09-04,2021-09-07 09:42:12.223,2021-09-09 09:42:12.223,2021-09-10 09:42:12.223,2021-09-13 09:42:12.223
5029173,2021-09-04,2021-09-07 09:55:47.476,2021-09-09 09:55:47.476,2021-09-10 09:55:47.476,2021-09-13 09:55:47.476
5022347,2021-09-04,2021-09-07 10:03:15.789,2021-09-13 19:05:10.386,2021-09-14 08:19:34.839,2021-09-16 08:19:34.839
5036201,2021-09-04,2021-09-07 10:11:16.562,2021-09-09 10:11:16.562,2021-09-10 10:11:16.562,2021-09-13 10:11:16.562
5034092,2021-09-04,2021-09-07 10:28:04.476,2021-09-09 10:28:04.476,2021-09-13 01:51:25.202,2021-09-15 01:51:25.202
5027297,2021-09-04,2021-09-07 11:02:55.654,2021-09-13 06:44:39.331,2021-09-13 06:44:39.331,2021-09-15 06:44:39.331
5034906,2021-09-04,2021-09-07 11:59:22.472,2021-09-10 18:21:59.322,2021-09-13 18:21:59.322,2021-09-15 18:21:59.322
5023159,2021-09-04,2021-09-07 12:04:03.430,2021-09-09 12:04:03.430,2021-09-10 12:04:03.430,2021-09-13 12:04:03.430
5032564,2021-09-04,2021-09-07 12:42:09.273,2021-09-16 17:05:00.217,2021-09-17 18:00:55.895,2021-09-20 18:00:55.895
5033463,2021-09-04,2021-09-07 12:55:29.308,2021-09-09 12:55:29.308,2021-09-10 21:21:44.042,2021-09-13 21:21:44.042
5029829,2021-09-04,2021-09-07 13:28:41.046,2021-09-09 13:28:41.046,2021-09-10 13:28:41.046,2021-09-13 13:28:41.046
5026952,2021-09-04,2021-09-07 13:29:51.560,2021-09-09 13:29:51.560,2021-09-10 14:24:48.352,2021-09-13 14:24:48.352
5026493,2021-09-04,2021-09-07 14:14:30.995,2021-09-10 15:01:10.114,2021-09-13 13:55:04.112,2021-09-15 13:55:04.112
5027312,2021-09-04,2021-09-07 14:16:39.204,2021-09-10 02:40:30.380,2021-09-13 02:40:30.380,2021-09-15 02:40:30.380
5028261,2021-09-04,2021-09-07 14:28:50.572,2021-09-09 14:28:50.572,2021-09-10 14:28:50.572,2021-09-13 14:28:50.572
5023753,2021-09-04,2021-09-07 14:29:38.681,2021-09-09 14:29:38.681,2021-09-13 15:59:10.215,2021-09-15 15:59:10.215
5033387,2021-09-04,2021-09-07 14:59:53.818,2021-09-09 18:36:04.782,2021-09-13 04:47:55.865,2021-09-15 04:47:55.865
5031896,2021-09-04,2021-09-07 15:19:55.527,2021-09-09 15:34:23.071,2021-09-10 18:56:03.677,2021-09-13 18:56:03.677
5022643,2021-09-04,2021-09-07 15:21:30.209,2021-09-13 02:53:26.650,2021-09-13 02:53:26.650,2021-09-15 02:53:26.650
5036320,2021-09-04,2021-09-07 15:22:47.704,2021-09-09 15:22:47.704,2021-09-13 06:12:29.891,2021-09-15 06:12:29.891
5030303,2021-09-04,2021-09-07 15:26:04.711,2021-09-13 05:30:01.954,2021-09-13 05:30:01.954,2021-09-15 05:30:01.954
5031024,2021-09-04,2021-09-07 16:00:31.179,2021-09-13 17:18:52.279,2021-09-13 17:18:52.279,2021-09-15 17:18:52.279
5032199,2021-09-04,2021-09-07 17:00:34.348,2021-09-13 21:11:16.815,2021-09-13 21:11:16.815,2021-09-15 21:11:16.815
5034968,2021-09-04,2021-09-07 17:53:21.597,2021-09-09 17:53:21.597,2021-09-13 18:49:04.936,2021-09-15 18:49:04.936
5021670,2021-09-04,2021-09-07 18:25:17.217,2021-09-09 18:25:17.217,2021-09-10 18:25:17.217,2021-09-13 18:25:17.217
5023745,2021-09-04,2021-09-07 19:26:16.567,2021-09-13 09:40:05.114,2021-09-13 09:40:05.114,2021-09-15 09:40:05.114
5023543,2021-09-04,2021-09-07 19:29:25.595,2021-09-10 15:29:57.260,2021-09-13 15:29:57.260,2021-09-15 15:29:57.260
5033606,2021-09-04,2021-09-07 20:17:25.472,2021-09-09 20:17:25.472,2021-09-10 20:17:25.472,2021-09-13 20:17:25.472
5023260,2021-09-04,2021-09-07 20:23:08.502,2021-09-10 11:22:57.660,2021-09-13 11:22:57.660,2021-09-15 11:22:57.660
5025454,2021-09-04,2021-09-07 20:46:07.817,2021-09-13 18:19:08.639,2021-09-15 06:08:42.565,2021-09-17 06:08:42.565
5033192,2021-09-04,2021-09-07 22:24:02.216,2021-09-09 22:24:02.216,2021-09-10 22:24:02.216,2021-09-13 22:24:02.216
5022981,2021-09-04,2021-09-07 22:27:00.253,2021-09-10 09:10:41.028,2021-09-13 09:10:41.028,2021-09-15 09:10:41.028
5027633,2021-09-04,2021-09-07 22:48:36.178,2021-09-10 22:50:55.795,2021-09-13 14:30:21.200,2021-09-15 14:30:21.200
5021642,2021-09-04,2021-09-07 23:14:02.301,2021-09-09 23:14:02.301,2021-09-13 05:05:34.761,2021-09-15 05:05:34.761
5036310,2021-09-04,2021-09-08 00:02:36.493,2021-09-10 00:02:36.493,2021-09-13 19:18:48.455,2021-09-15 19:18:48.455
5022459,2021-09-04,2021-09-08 00:15:23.031,2021-09-13 03:44:56.953,2021-09-15 04:31:39.408,2021-09-17 04:31:39.408
5035201,2021-09-04,2021-09-08 01:30:42.886,2021-09-10 01:30:42.886,2021-09-13 01:30:42.886,2021-09-15 01:30:42.886
5036800,2021-09-04,2021-09-08 01:52:24.294,2021-09-13 05:29:32.735,2021-09-13 05:29:32.735,2021-09-15 05:29:32.735
5027823,2021-09-04,2021-09-08 02:27:01.499,2021-09-10 02:27:01.499,2021-09-13 18:09:59.021,2021-09-15 18:09:59.021
5027808,2021-09-04,2021-09-08 04:57:11.899,2021-09-13 05:31:15.047,2021-09-13 05:31:15.047,2021-09-15 05:31:15.047
5029753,2021-09-04,2021-09-08 05:01:27.647,2021-09-10 15:14:55.979,2021-09-13 23:45:06.605,2021-09-15 23:45:06.605
5023358,2021-09-04,2021-09-08 05:17:31.892,2021-09-10 05:17:31.892,2021-09-13 05:17:31.892,2021-09-15 05:17:31.892
5022398,2021-09-04,2021-09-08 05:19:55.752,2021-09-10 05:19:55.752,2021-09-13 11:42:58.830,2021-09-15 11:42:58.830
5027630,2021-09-04,2021-09-08 05:31:50.909,2021-09-13 05:03:36.090,2021-09-13 22:59:29.595,2021-09-15 22:59:29.595
5025546,2021-09-04,2021-09-08 05:32:12.293,2021-09-10 05:32:12.293,2021-09-13 17:45:00.836,2021-09-15 17:45:00.836
5033477,2021-09-04,2021-09-08 05:47:07.282,2021-09-10 05:47:07.282,2021-09-13 05:47:07.282,2021-09-15 05:47:07.282
5022638,2021-09-04,2021-09-08 05:48:06.503,2021-09-10 05:48:06.503,2021-09-13 00:44:36.162,2021-09-15 00:44:36.162
5031612,2021-09-04,2021-09-08 06:45:28.085,2021-09-10 06:45:28.085,2021-09-13 04:22:38.853,2021-09-15 04:22:38.853
5023206,2021-09-04,2021-09-08 07:02:33.504,2021-09-10 07:02:33.504,2021-09-13 07:02:33.504,2021-09-15 07:02:33.504
5030425,2021-09-04,2021-09-08 07:15:31.744,2021-09-10 07:15:31.744,2021-09-13 07:15:31.744,2021-09-15 07:15:31.744
5029813,2021-09-04,2021-09-08 07:34:23.437,2021-09-10 07:34:23.437,2021-09-13 07:34:23.437,2021-09-15 07:34:23.437
5028427,2021-09-04,2021-09-08 07:34:39.742,2021-09-15 06:19:09.199,2021-09-16 06:19:09.199,2021-09-20 06:19:09.199
5023479,2021-09-04,2021-09-08 07:46:16.105,2021-09-10 07:46:16.105,2021-09-13 07:46:16.105,2021-09-15 07:46:16.105
5034076,2021-09-04,2021-09-08 08:21:03.226,2021-09-10 08:21:03.226,2021-09-13 08:58:32.493,2021-09-15 08:58:32.493
5021506,2021-09-04,2021-09-08 08:26:29.640,2021-09-13 23:43:21.702,2021-09-13 23:43:21.702,2021-09-15 23:43:21.702
5025786,2021-09-04,2021-09-08 08:34:07.765,2021-09-10 08:34:07.765,2021-09-13 23:08:39.927,2021-09-15 23:08:39.927
5023674,2021-09-04,2021-09-08 09:33:26.028,2021-09-13 03:32:23.310,2021-09-13 03:32:23.310,2021-09-15 03:32:23.310
5026814,2021-09-04,2021-09-08 09:38:34.814,2021-09-10 09:38:34.814,2021-09-13 21:23:46.498,2021-09-15 21:23:46.498
5026119,2021-09-04,2021-09-08 09:57:09.064,2021-09-13 06:32:57.379,2021-09-13 06:32:57.379,2021-09-15 06:32:57.379
5032223,2021-09-04,2021-09-08 10:09:44.024,2021-09-10 10:09:44.024,2021-09-13 10:09:44.024,2021-09-15 10:09:44.024
5022296,2021-09-04,2021-09-08 10:49:57.872,2021-09-14 14:37:10.921,2021-09-15 14:37:10.921,2021-09-17 14:37:10.921
5037495,2021-09-04,2021-09-08 11:05:50.478,2021-09-10 11:05:50.478,2021-09-13 11:05:50.478,2021-09-15 11:05:50.478
5025438,2021-09-04,2021-09-08 11:14:30.221,2021-09-10 11:14:30.221,2021-09-13 06:12:31.748,2021-09-15 06:12:31.748
5023250,2021-09-04,2021-09-08 11:17:40.521,2021-09-13 16:00:43.381,2021-09-13 16:00:43.381,2021-09-15 16:00:43.381
5029206,2021-09-04,2021-09-08 11:24:23.639,2021-09-10 11:24:23.639,2021-09-13 11:24:23.639,2021-09-15 11:24:23.639
5031134,2021-09-04,2021-09-08 11:44:14.149,2021-09-10 21:46:23.448,2021-09-13 21:46:23.448,2021-09-15 21:46:23.448
5032166,2021-09-04,2021-09-08 12:21:43.720,2021-09-13 12:39:12.338,2021-09-13 19:45:59.810,2021-09-15 19:45:59.810
5032865,2021-09-04,2021-09-08 12:30:10.172,2021-09-13 23:15:31.409,2021-09-13 23:15:31.409,2021-09-15 23:15:31.409
5034209,2021-09-04,2021-09-08 13:20:10.443,2021-09-13 00:55:03.862,2021-09-13 00:55:03.862,2021-09-15 00:55:03.862
5023468,2021-09-04,2021-09-08 13:54:21.956,2021-09-13 09:57:39.287,2021-09-13 22:10:56.230,2021-09-15 22:10:56.230
5021693,2021-09-04,2021-09-08 14:24:02.901,2021-09-10 14:24:02.901,2021-09-13 14:24:02.901,2021-09-15 14:24:02.901
5033609,2021-09-04,2021-09-08 15:30:44.520,2021-09-10 23:42:57.906,2021-09-13 16:39:23.373,2021-09-15 16:39:23.373
5035823,2021-09-04,2021-09-08 16:35:12.687,2021-09-10 16:35:12.687,2021-09-13 19:27:10.381,2021-09-15 19:27:10.381
5022243,2021-09-04,2021-09-08 16:53:33.048,2021-09-13 09:56:28.271,2021-09-13 09:56:28.271,2021-09-15 09:56:28.271
5027979,2021-09-04,2021-09-08 17:18:42.783,2021-09-10 17:18:42.783,2021-09-13 17:18:42.783,2021-09-15 17:18:42.783
5021662,2021-09-04,2021-09-08 18:00:16.691,2021-09-13 20:59:28.821,2021-09-13 20:59:28.821,2021-09-15 20:59:28.821
5034329,2021-09-04,2021-09-08 18:18:24.632,2021-09-13 13:35:06.575,2021-09-14 02:54:38.128,2021-09-16 02:54:38.128
5021832,2021-09-04,2021-09-08 18:25:19.429,2021-09-10 18:25:19.429,2021-09-13 18:25:19.429,2021-09-15 18:25:19.429
5029522,2021-09-04,2021-09-08 18:49:57.048,2021-09-10 18:49:57.048,2021-09-13 18:49:57.048,2021-09-15 18:49:57.048
5030483,2021-09-04,2021-09-08 19:35:53.579,2021-09-10 19:35:53.579,2021-09-13 19:35:53.579,2021-09-15 19:35:53.579
5025043,2021-09-04,2021-09-08 19:45:58.795,2021-09-10 19:45:58.795,2021-09-13 19:45:58.795,2021-09-15 19:45:58.795
5035077,2021-09-04,2021-09-08 19:56:29.112,2021-09-10 19:56:29.112,2021-09-13 19:56:29.112,2021-09-15 19:56:29.112
5021476,2021-09-04,2021-09-08 20:12:51.380,2021-09-13 15:43:40.155,2021-09-14 17:16:19.239,2021-09-16 17:16:19.239
5026286,2021-09-04,2021-09-08 20:17:31.816,2021-09-13 00:44:16.883,2021-09-13 00:58:29.022,2021-09-15 00:58:29.022
5035830,2021-09-04,2021-09-08 20:26:48.732,2021-09-10 20:26:48.732,2021-09-13 20:26:48.732,2021-09-15 20:26:48.732
5034661,2021-09-04,2021-09-08 20:42:57.036,2021-09-13 21:03:47.012,2021-09-13 14:00:50.615,2021-09-15 14:00:50.615
5036097,2021-09-04,2021-09-08 20:56:13.679,2021-09-14 11:00:35.019,2021-09-15 11:00:35.019,2021-09-17 11:00:35.019
5036127,2021-09-04,2021-09-08 20:56:49.793,2021-09-15 11:33:25.980,2021-09-17 08:14:25.887,2021-09-20 08:14:25.887
5034370,2021-09-04,2021-09-08 21:27:21.746,2021-09-13 19:47:25.211,2021-09-14 19:47:25.211,2021-09-16 19:47:25.211
5034474,2021-09-04,2021-09-08 21:36:19.856,2021-09-13 17:00:48.236,2021-09-13 20:09:53.299,2021-09-15 20:09:53.299
5037004,2021-09-04,2021-09-08 21:40:50.443,2021-09-13 15:25:59.090,2021-09-13 15:25:59.090,2021-09-15 15:25:59.090
5029840,2021-09-04,2021-09-08 21:42:37.553,2021-09-10 21:42:37.553,2021-09-13 21:50:16.481,2021-09-15 21:50:16.481
5032091,2021-09-04,2021-09-08 21:45:28.596,2021-09-13 17:14:59.441,2021-09-13 17:14:59.441,2021-09-15 17:14:59.441
5027179,2021-09-04,2021-09-08 22:08:27.938,2021-09-14 09:01:22.189,2021-09-16 03:17:56.482,2021-09-20 03:17:56.482
5028004,2021-09-04,2021-09-08 23:51:25.095,2021-09-10 23:51:25.095,2021-09-13 17:19:41.017,2021-09-15 17:19:41.017
5022007,2021-09-04,2021-09-09 00:06:38.220,2021-09-13 00:06:38.220,2021-09-13 22:13:55.888,2021-09-15 22:13:55.888
5023723,2021-09-04,2021-09-09 00:27:41.418,2021-09-13 02:52:21.240,2021-09-13 02:52:21.240,2021-09-15 02:52:21.240
5037166,2021-09-04,2021-09-09 02:08:07.045,2021-09-13 20:37:36.921,2021-09-13 20:37:36.921,2021-09-15 20:37:36.921
5032541,2021-09-04,2021-09-09 02:29:52.171,2021-09-13 14:49:18.151,2021-09-14 14:49:18.151,2021-09-16 14:49:18.151
5034628,2021-09-04,2021-09-09 03:26:27.944,2021-09-13 11:42:59.732,2021-09-14 06:56:27.020,2021-09-16 06:56:27.020
5036006,2021-09-04,2021-09-09 04:17:29.511,2021-09-13 19:50:51.380,2021-09-13 03:52:16.192,2021-09-15 03:52:16.192
5023207,2021-09-04,2021-09-09 05:53:55.239,2021-09-13 05:53:55.239,2021-09-13 05:53:55.239,2021-09-15 05:53:55.239
5028339,2021-09-04,2021-09-09 06:15:23.387,2021-09-13 06:15:23.387,2021-09-13 06:15:23.387,2021-09-15 06:15:23.387
5035827,2021-09-04,2021-09-09 06:39:40.934,2021-09-13 06:39:40.934,2021-09-13 06:39:40.934,2021-09-15 06:39:40.934
5036797,2021-09-04,2021-09-09 06:48:40.308,2021-09-13 06:48:40.308,2021-09-13 06:48:40.308,2021-09-15 06:48:40.308
5030535,2021-09-04,2021-09-09 06:57:23.527,2021-09-13 06:57:23.527,2021-09-13 18:41:40.993,2021-09-15 18:41:40.993
5024679,2021-09-04,2021-09-09 07:34:05.038,2021-09-13 07:34:05.038,2021-09-13 05:37:11.260,2021-09-15 05:37:11.260
5037315,2021-09-04,2021-09-09 08:11:32.410,2021-09-13 08:11:32.410,2021-09-13 08:11:32.410,2021-09-15 08:11:32.410
5023762,2021-09-04,2021-09-09 08:27:12.627,2021-09-13 08:27:12.627,2021-09-13 11:34:09.385,2021-09-15 11:34:09.385
5023180,2021-09-04,2021-09-09 09:17:40.375,2021-09-13 09:17:40.375,2021-09-14 23:18:55.169,2021-09-16 23:18:55.169
5037467,2021-09-04,2021-09-09 09:26:45.516,2021-09-13 09:26:45.516,2021-09-13 21:10:02.621,2021-09-15 21:10:02.621
5036230,2021-09-04,2021-09-09 10:15:53.164,2021-09-13 01:55:47.792,2021-09-14 11:58:42.938,2021-09-16 11:58:42.938
5023265,2021-09-04,2021-09-09 10:21:11.256,2021-09-13 02:48:30.502,2021-09-13 19:52:12.041,2021-09-15 19:52:12.041
5023686,2021-09-04,2021-09-09 11:42:45.155,2021-09-13 14:57:07.378,2021-09-14 14:57:07.378,2021-09-16 14:57:07.378
5028562,2021-09-04,2021-09-09 11:45:04.609,2021-09-13 11:45:04.609,2021-09-13 11:45:04.609,2021-09-15 11:45:04.609
5030618,2021-09-04,2021-09-09 11:47:39.465,2021-09-13 00:41:57.806,2021-09-13 00:41:57.806,2021-09-15 00:41:57.806
5032858,2021-09-04,2021-09-09 11:55:25.652,2021-09-15 15:55:19.974,2021-09-17 07:56:04.451,2021-09-20 07:56:04.451
5030307,2021-09-04,2021-09-09 12:08:58.871,2021-09-13 11:06:58.386,2021-09-14 13:30:23.947,2021-09-16 13:30:23.947
5036721,2021-09-04,2021-09-09 12:10:20.812,2021-09-13 23:03:11.813,2021-09-13 17:16:24.852,2021-09-15 17:16:24.852
5029705,2021-09-04,2021-09-09 12:49:43.962,2021-09-13 12:49:43.962,2021-09-13 21:53:08.242,2021-09-15 21:53:08.242
5036098,2021-09-04,2021-09-09 13:11:16.903,2021-09-15 08:44:17.426,2021-09-16 08:44:17.426,2021-09-20 08:44:17.426
5033586,2021-09-04,2021-09-09 13:16:22.147,2021-09-13 13:16:22.147,2021-09-13 00:34:19.212,2021-09-15 00:34:19.212
5024849,2021-09-04,2021-09-09 13:47:28.408,2021-09-13 13:47:28.408,2021-09-13 06:29:48.089,2021-09-15 06:29:48.089
5029370,2021-09-04,2021-09-09 14:04:58.671,2021-09-13 22:32:06.683,2021-09-13 23:23:15.155,2021-09-15 23:23:15.155
5032070,2021-09-04,2021-09-09 14:07:03.238,2021-09-13 14:07:03.238,2021-09-13 20:52:39.857,2021-09-15 20:52:39.857
5034349,2021-09-04,2021-09-09 14:07:06.194,2021-09-13 12:19:50.728,2021-09-14 20:43:02.173,2021-09-16 20:43:02.173
5036325,2021-09-04,2021-09-09 14:52:37.123,2021-09-13 14:52:37.123,2021-09-13 21:26:49.934,2021-09-15 21:26:49.934
5036673,2021-09-04,2021-09-09 15:16:59.641,2021-09-13 07:31:15.882,2021-09-14 10:12:53.949,2021-09-16 10:12:53.949
5029452,2021-09-04,2021-09-09 16:57:29.138,2021-09-13 16:57:29.138,2021-09-14 09:30:28.796,2021-09-16 09:30:28.796
5031684,2021-09-04,2021-09-09 17:09:27.901,2021-09-13 23:24:43.574,2021-09-13 22:17:46.375,2021-09-15 22:17:46.375
5026228,2021-09-04,2021-09-09 17:42:30.269,2021-09-14 13:45:00.262,2021-09-20 06:00:47.863,
5024379,2021-09-04,2021-09-09 17:56:58.382,2021-09-13 01:08:52.108,2021-09-14 01:08:52.108,2021-09-16 01:08:52.108
5034918,2021-09-04,2021-09-09 18:18:57.479,2021-09-13 18:18:57.479,2021-09-13 21:57:43.093,2021-09-15 21:57:43.093
5027479,2021-09-04,2021-09-09 18:21:57.842,2021-09-13 18:21:57.842,2021-09-13 18:21:57.842,2021-09-15 18:21:57.842
5026000,2021-09-04,2021-09-09 18:46:15.820,2021-09-13 17:58:27.160,2021-09-13 17:58:27.160,2021-09-15 17:58:27.160
5022738,2021-09-04,2021-09-09 19:00:52.827,2021-09-13 19:00:52.827,2021-09-13 19:00:52.827,2021-09-15 19:00:52.827
5031843,2021-09-04,2021-09-09 19:05:49.752,2021-09-13 19:05:49.752,2021-09-14 00:58:23.976,2021-09-16 00:58:23.976
5025029,2021-09-04,2021-09-09 19:22:39.196,2021-09-13 19:22:39.196,2021-09-13 19:22:39.196,2021-09-15 19:22:39.196
5025168,2021-09-04,2021-09-09 19:28:26.962,2021-09-13 18:40:55.196,2021-09-14 18:40:55.196,2021-09-16 18:40:55.196
5036769,2021-09-04,2021-09-09 19:48:21.241,2021-09-13 19:48:21.241,2021-09-13 19:48:21.241,2021-09-15 19:48:21.241
5027595,2021-09-04,2021-09-09 19:48:28.926,2021-09-15 23:23:33.764,2021-09-16 23:23:33.764,2021-09-20 23:23:33.764
5022704,2021-09-04,2021-09-09 20:42:43.125,2021-09-14 02:18:25.109,2021-09-15 02:18:25.109,2021-09-17 02:18:25.109
5021951,2021-09-04,2021-09-09 21:05:44.170,2021-09-13 21:05:44.170,2021-09-13 21:05:44.170,2021-09-15 21:05:44.170
5027694,2021-09-04,2021-09-09 21:35:35.032,2021-09-13 00:31:35.869,2021-09-13 00:31:35.869,2021-09-15 00:31:35.869
5025258,2021-09-04,2021-09-10 00:04:00.221,2021-09-13 14:01:03.678,2021-09-13 14:01:03.678,2021-09-15 14:01:03.678
5027743,2021-09-04,2021-09-10 00:59:00.218,2021-09-13 00:59:00.218,2021-09-13 13:52:17.826,2021-09-15 13:52:17.826
5034463,2021-09-04,2021-09-10 01:51:07.091,2021-09-13 01:51:07.091,2021-09-13 01:51:07.091,2021-09-15 01:51:07.091
5033576,2021-09-04,2021-09-10 02:49:03.071,2021-09-14 18:28:06.584,2021-09-15 18:28:06.584,2021-09-17 18:28:06.584
5036871,2021-09-04,2021-09-10 03:50:47.170,2021-09-16 05:56:51.772,2021-09-17 05:56:51.772,2021-09-20 05:56:51.772
5024880,2021-09-04,2021-09-10 09:32:14.842,2021-09-13 09:32:14.842,2021-09-13 09:32:14.842,2021-09-15 09:32:14.842
5029945,2021-09-04,2021-09-10 09:37:56.690,2021-09-13 14:00:24.205,2021-09-15 12:00:30.353,2021-09-17 12:00:30.353
5027451,2021-09-04,2021-09-10 10:01:55.046,2021-09-13 10:01:55.046,2021-09-13 10:01:55.046,2021-09-15 10:01:55.046
5032699,2021-09-04,2021-09-10 10:10:05.728,2021-09-13 10:10:05.728,2021-09-13 19:26:10.404,2021-09-15 19:26:10.404
5029821,2021-09-04,2021-09-10 10:25:11.968,2021-09-13 10:25:11.968,2021-09-13 19:19:10.998,2021-09-15 19:19:10.998
5035927,2021-09-04,2021-09-10 10:44:25.435,2021-09-13 10:44:25.435,2021-09-13 10:44:25.435,2021-09-15 10:44:25.435
5025255,2021-09-04,2021-09-10 11:29:54.076,2021-09-13 11:29:54.076,2021-09-13 11:29:54.076,2021-09-15 11:29:54.076
5027354,2021-09-04,2021-09-10 13:46:25.644,2021-09-13 07:38:44.675,2021-09-14 10:16:53.049,2021-09-16 10:16:53.049
5024188,2021-09-04,2021-09-10 14:16:42.535,2021-09-13 14:16:42.535,2021-09-13 14:16:42.535,2021-09-15 14:16:42.535
5034431,2021-09-04,2021-09-10 14:50:45.258,2021-09-14 08:39:15.579,2021-09-15 08:39:15.579,2021-09-17 08:39:15.579
5028673,2021-09-04,2021-09-10 15:31:01.971,2021-09-13 15:31:01.971,2021-09-13 15:31:01.971,2021-09-15 15:31:01.971
5037535,2021-09-04,2021-09-10 16:39:54.261,2021-09-13 16:39:54.261,2021-09-15 08:50:01.123,2021-09-17 08:50:01.123
5025561,2021-09-04,2021-09-10 18:46:56.037,2021-09-13 22:11:00.527,2021-09-14 22:11:00.527,2021-09-16 22:11:00.527
5033363,2021-09-04,2021-09-10 19:27:34.279,2021-09-13 19:27:34.279,2021-09-13 23:32:31.717,2021-09-15 23:32:31.717
5022697,2021-09-04,2021-09-10 21:37:31.702,2021-09-13 21:37:31.702,2021-09-14 19:52:23.867,2021-09-16 19:52:23.867
5029758,2021-09-04,2021-09-10 23:30:41.434,2021-09-15 21:18:28.768,2021-09-16 21:18:28.768,2021-09-20 21:18:28.768
5036386,2021-09-04,2021-09-13 00:34:58.345,2021-09-13 11:58:46.565,2021-09-14 11:58:46.565,2021-09-16 11:58:46.565
5022012,2021-09-04,2021-09-13 01:24:50.610,2021-09-15 01:24:50.610,2021-09-16 01:24:50.610,2021-09-20 01:24:50.610
5027173,2021-09-04,2021-09-13 03:29:54.794,2021-09-13 03:29:54.794,2021-09-15 04:00:57.785,2021-09-17 04:00:57.785
5022054,2021-09-04,2021-09-13 05:56:12.846,2021-09-15 16:29:29.221,2021-09-17 08:44:46.980,2021-09-20 08:44:46.980
5028389,2021-09-04,2021-09-13 06:56:40.393,2021-09-13 06:56:40.393,2021-09-14 06:56:40.393,2021-09-16 06:56:40.393
5031123,2021-09-04,2021-09-13 07:18:18.730,2021-09-14 02:05:57.472,2021-09-15 22:08:43.515,2021-09-17 22:08:43.515
5024375,2021-09-04,2021-09-13 08:10:29.073,2021-09-14 19:03:13.780,2021-09-15 19:03:13.780,2021-09-17 19:03:13.780
5028338,2021-09-04,2021-09-13 09:40:52.948,2021-09-17 03:27:33.611,2021-09-20 16:10:44.710,
5025173,2021-09-04,2021-09-13 10:49:53.463,2021-09-14 10:49:53.463,2021-09-16 17:08:52.107,2021-09-20 17:08:52.107
5030438,2021-09-04,2021-09-13 11:14:12.191,2021-09-16 23:00:39.175,2021-09-17 23:00:39.175,2021-09-20 23:00:39.175
5022498,2021-09-04,2021-09-13 12:35:52.827,2021-09-14 12:58:18.008,2021-09-15 21:20:07.402,2021-09-17 21:20:07.402
5022045,2021-09-04,2021-09-13 13:29:52.438,2021-09-13 13:29:52.438,2021-09-14 15:10:32.263,2021-09-16 15:10:32.263
5037444,2021-09-04,2021-09-13 15:02:09.120,2021-09-14 15:02:09.120,2021-09-15 15:02:09.120,2021-09-17 15:02:09.120
5036618,2021-09-04,2021-09-13 15:44:39.632,2021-09-13 15:44:39.632,2021-09-15 09:10:11.643,2021-09-17 09:10:11.643
5023689,2021-09-04,2021-09-13 16:17:43.573,2021-09-14 16:17:43.573,2021-09-15 16:17:43.573,2021-09-17 16:17:43.573
5030975,2021-09-04,2021-09-13 16:46:45.312,2021-09-20 14:51:21.648,2021-09-20 14:51:21.648,
5023748,2021-09-04,2021-09-13 18:33:38.572,2021-09-14 18:33:38.572,2021-09-15 18:33:38.572,2021-09-17 18:33:38.572
5035103,2021-09-04,2021-09-13 22:05:02.906,2021-09-15 23:04:24.883,2021-09-16 23:04:24.883,2021-09-20 23:04:24.883
5027709,2021-09-04,2021-09-13 22:06:46.641,2021-09-16 22:46:24.054,2021-09-17 22:46:24.054,2021-09-20 22:46:24.054
5037180,2021-09-06,2021-09-08 00:00:00.000,2021-09-10 00:00:00.000,2021-09-13 00:00:00.000,2021-09-15 00:00:00.000
5036842,2021-09-06,2021-09-08 00:00:00.000,2021-09-10 00:00:00.000,2021-09-13 00:00:00.000,2021-09-15 00:00:00.000
5036136,2021-09-06,2021-09-08 00:00:00.000,2021-09-10 00:00:00.000,2021-09-13 00:00:00.000,2021-09-15 00:00:00.000
5036894,2021-09-06,2021-09-08 00:00:00.000,2021-09-10 00:00:00.000,2021-09-13 00:00:00.000,2021-09-15 00:00:00.000
5036049,2021-09-06,2021-09-08 00:00:00.000,2021-09-10 00:00:00.000,2021-09-13 01:33:09.707,2021-09-15 01:33:09.707
5022231,2021-09-06,2021-09-08 00:00:00.000,2021-09-10 00:00:00.000,2021-09-13 02:46:53.205,2021-09-15 02:46:53.205
5029859,2021-09-06,2021-09-08 00:00:00.000,2021-09-10 00:00:00.000,2021-09-13 06:11:54.891,2021-09-15 06:11:54.891
5031344,2021-09-06,2021-09-08 00:00:00.000,2021-09-10 00:00:00.000,2021-09-13 07:16:48.914,2021-09-15 07:16:48.914
5036094,2021-09-06,2021-09-08 00:00:00.000,2021-09-10 00:00:00.000,2021-09-13 08:28:24.026,2021-09-15 08:28:24.026
5028614,2021-09-06,2021-09-08 00:00:00.000,2021-09-10 00:00:00.000,2021-09-13 12:20:24.398,2021-09-15 12:20:24.398
5033589,2021-09-06,2021-09-08 00:00:00.000,2021-09-10 00:00:00.000,2021-09-13 12:34:01.579,2021-09-15 12:34:01.579
5025829,2021-09-06,2021-09-08 00:00:00.000,2021-09-10 00:00:00.000,2021-09-13 22:48:29.947,2021-09-15 22:48:29.947
5027715,2021-09-06,2021-09-08 00:00:00.000,2021-09-10 00:00:00.000,2021-09-13 22:57:16.228,2021-09-15 22:57:16.228
5036280,2021-09-06,2021-09-08 00:00:00.000,2021-09-10 00:23:17.342,2021-09-13 00:23:17.342,2021-09-15 00:23:17.342
5022414,2021-09-06,2021-09-08 00:00:00.000,2021-09-10 02:27:17.878,2021-09-13 02:27:17.878,2021-09-15 02:27:17.878
5023827,2021-09-06,2021-09-08 00:00:00.000,2021-09-10 02:57:17.034,2021-09-13 19:10:44.649,2021-09-15 19:10:44.649
5028409,2021-09-06,2021-09-08 00:00:00.000,2021-09-10 05:21:15.931,2021-09-13 05:21:15.931,2021-09-15 05:21:15.931
5028669,2021-09-06,2021-09-08 00:00:00.000,2021-09-10 07:43:59.278,2021-09-13 07:43:59.278,2021-09-15 07:43:59.278
5028522,2021-09-06,2021-09-08 00:00:00.000,2021-09-10 07:44:31.687,2021-09-13 07:44:31.687,2021-09-15 07:44:31.687
5033994,2021-09-06,2021-09-08 00:00:00.000,2021-09-10 11:23:15.891,2021-09-13 11:23:15.891,2021-09-15 11:23:15.891
5021381,2021-09-06,2021-09-08 00:00:00.000,2021-09-10 11:25:10.786,2021-09-13 07:28:49.412,2021-09-15 07:28:49.412
5036972,2021-09-06,2021-09-08 00:00:00.000,2021-09-10 12:40:06.321,2021-09-13 00:20:02.050,2021-09-15 00:20:02.050
5026467,2021-09-06,2021-09-08 00:00:00.000,2021-09-10 22:04:17.493,2021-09-13 06:52:58.153,2021-09-15 06:52:58.153
5029628,2021-09-06,2021-09-08 00:00:00.000,2021-09-13 02:22:38.460,2021-09-13 02:22:38.460,2021-09-15 02:22:38.460
5033088,2021-09-06,2021-09-08 00:00:00.000,2021-09-13 03:10:36.090,2021-09-13 06:32:39.096,2021-09-15 06:32:39.096
5023707,2021-09-06,2021-09-08 00:00:00.000,2021-09-13 08:03:01.839,2021-09-13 21:15:17.217,2021-09-15 21:15:17.217
5030326,2021-09-06,2021-09-08 00:00:00.000,2021-09-13 13:18:46.199,2021-09-13 15:28:35.538,2021-09-15 15:28:35.538
5032521,2021-09-06,2021-09-08 00:00:00.000,2021-09-13 13:53:38.220,2021-09-13 13:53:38.220,2021-09-15 13:53:38.220
5029448,2021-09-06,2021-09-08 00:00:00.000,2021-09-13 17:31:34.220,2021-09-13 06:53:21.058,2021-09-15 06:53:21.058
5027394,2021-09-06,2021-09-08 00:00:00.000,2021-09-13 18:04:31.849,2021-09-13 18:04:31.849,2021-09-15 18:04:31.849
5021412,2021-09-06,2021-09-08 00:00:00.000,2021-09-13 20:35:45.623,2021-09-13 20:35:45.623,2021-09-15 20:35:45.623
5028264,2021-09-06,2021-09-08 00:00:00.000,2021-09-13 21:11:39.376,2021-09-13 03:44:00.982,2021-09-15 03:44:00.982
5025289,2021-09-06,2021-09-08 00:00:00.000,2021-09-13 23:07:28.317,2021-09-15 01:42:27.209,2021-09-17 01:42:27.209
5032721,2021-09-06,2021-09-08 00:00:00.000,2021-09-13 23:47:31.118,2021-09-13 08:36:57.146,2021-09-15 08:36:57.146
5035854,2021-09-06,2021-09-08 00:00:00.000,2021-09-14 10:46:01.877,2021-09-15 21:20:54.543,2021-09-17 21:20:54.543
5033234,2021-09-06,2021-09-08 00:08:56.349,2021-09-10 00:08:56.349,2021-09-13 00:08:56.349,2021-09-15 00:08:56.349
5022405,2021-09-06,2021-09-08 00:39:15.293,2021-09-10 00:39:15.293,2021-09-13 01:22:05.107,2021-09-15 01:22:05.107
5027415,2021-09-06,2021-09-08 00:42:58.111,2021-09-13 06:50:31.363,2021-09-13 19:18:20.633,2021-09-15 19:18:20.633
5037503,2021-09-06,2021-09-08 02:20:31.654,2021-09-10 02:20:31.654,2021-09-13 00:17:05.915,2021-09-15 00:17:05.915
5037514,2021-09-06,2021-09-08 03:42:47.457,2021-09-13 03:15:44.328,2021-09-13 03:15:44.328,2021-09-15 03:15:44.328
5026485,2021-09-06,2021-09-08 03:51:58.417,2021-09-10 03:51:58.417,2021-09-13 12:40:34.258,2021-09-15 12:40:34.258
5027937,2021-09-06,2021-09-08 04:02:42.338,2021-09-13 21:06:36.661,2021-09-13 21:06:36.661,2021-09-15 21:06:36.661
5027686,2021-09-06,2021-09-08 05:28:07.222,2021-09-10 05:28:07.222,2021-09-13 05:28:07.222,2021-09-15 05:28:07.222
5028535,2021-09-06,2021-09-08 06:03:05.189,2021-09-10 06:03:05.189,2021-09-13 06:03:05.189,2021-09-15 06:03:05.189
5034563,2021-09-06,2021-09-08 06:03:34.762,2021-09-13 21:54:32.835,2021-09-13 09:53:13.653,2021-09-15 09:53:13.653
5036532,2021-09-06,2021-09-08 06:06:28.181,2021-09-13 00:17:20.606,2021-09-13 10:29:32.944,2021-09-15 10:29:32.944
5025204,2021-09-06,2021-09-08 07:13:21.894,2021-09-10 07:13:21.894,2021-09-13 07:13:21.894,2021-09-15 07:13:21.894
5026463,2021-09-06,2021-09-08 07:23:08.378,2021-09-13 22:24:37.572,2021-09-13 22:24:37.572,2021-09-15 22:24:37.572
5022209,2021-09-06,2021-09-08 07:28:30.420,2021-09-13 02:14:28.466,2021-09-13 02:14:28.466,2021-09-15 02:14:28.466
5028031,2021-09-06,2021-09-08 07:54:13.560,2021-09-13 18:21:34.327,2021-09-13 01:45:20.610,2021-09-15 01:45:20.610
5030528,2021-09-06,2021-09-08 08:36:12.061,2021-09-10 08:36:12.061,2021-09-13 08:36:12.061,2021-09-15 08:36:12.061
5029617,2021-09-06,2021-09-08 08:40:55.686,2021-09-10 08:40:55.686,2021-09-13 08:40:55.686,2021-09-15 08:40:55.686
5035686,2021-09-06,2021-09-08 09:11:19.504,2021-09-13 09:04:29.157,2021-09-13 09:04:29.157,2021-09-15 09:04:29.157
5031758,2021-09-06,2021-09-08 09:27:17.115,2021-09-10 09:27:17.115,2021-09-13 12:02:44.805,2021-09-15 12:02:44.805
5030525,2021-09-06,2021-09-08 09:56:04.654,2021-09-13 15:54:00.804,2021-09-13 00:25:13.006,2021-09-15 00:25:13.006
5029683,2021-09-06,2021-09-08 10:48:50.479,2021-09-13 11:30:34.317,2021-09-14 06:11:04.739,2021-09-16 06:11:04.739
5036953,2021-09-06,2021-09-08 10:57:38.260,2021-09-13 05:40:45.571,2021-09-13 06:55:22.980,2021-09-15 06:55:22.980
5033759,2021-09-06,2021-09-08 11:36:06.384,2021-09-10 11:36:06.384,2021-09-13 20:25:30.663,2021-09-15 20:25:30.663
5024223,2021-09-06,2021-09-08 11:47:51.811,2021-09-10 11:47:51.811,2021-09-13 09:32:17.660,2021-09-15 09:32:17.660
5025462,2021-09-06,2021-09-08 12:16:22.923,2021-09-10 18:23:09.916,2021-09-13 13:53:37.127,2021-09-15 13:53:37.127
5033461,2021-09-06,2021-09-08 12:39:07.124,2021-09-10 16:20:23.410,2021-09-13 16:20:23.410,2021-09-15 16:20:23.410
5022066,2021-09-06,2021-09-08 12:57:33.693,2021-09-10 12:57:33.693,2021-09-13 22:44:34.878,2021-09-15 22:44:34.878
5028070,2021-09-06,2021-09-08 14:05:35.733,2021-09-10 14:05:35.733,2021-09-13 04:36:09.682,2021-09-15 04:36:09.682
5027449,2021-09-06,2021-09-08 15:01:55.375,2021-09-10 23:22:55.155,2021-09-13 23:22:55.155,2021-09-15 23:22:55.155
5033026,2021-09-06,2021-09-08 15:43:18.166,2021-09-10 15:43:18.166,2021-09-13 18:36:26.065,2021-09-15 18:36:26.065
5037599,2021-09-06,2021-09-08 16:08:11.462,2021-09-10 23:15:49.803,2021-09-13 23:15:49.803,2021-09-15 23:15:49.803
5033485,2021-09-06,2021-09-08 16:48:48.920,2021-09-14 12:25:48.724,2021-09-16 13:24:06.823,2021-09-20 13:24:06.823
5028911,2021-09-06,2021-09-08 16:55:30.556,2021-09-10 16:55:30.556,2021-09-13 07:22:59.858,2021-09-15 07:22:59.858
5030587,2021-09-06,2021-09-08 18:04:56.416,2021-09-10 18:04:56.416,2021-09-13 18:30:41.340,2021-09-15 18:30:41.340
5030323,2021-09-06,2021-09-08 18:07:43.786,2021-09-10 18:07:43.786,2021-09-13 18:07:43.786,2021-09-15 18:07:43.786
5026466,2021-09-06,2021-09-08 18:28:39.995,2021-09-10 18:28:39.995,2021-09-13 14:20:33.124,2021-09-15 14:20:33.124
5023221,2021-09-06,2021-09-08 18:34:20.198,2021-09-15 03:20:51.236,2021-09-16 03:20:51.236,2021-09-20 03:20:51.236
5029612,2021-09-06,2021-09-08 18:48:47.548,2021-09-10 18:48:47.548,2021-09-13 08:34:26.510,2021-09-15 08:34:26.510
5028823,2021-09-06,2021-09-08 19:58:16.399,2021-09-13 03:00:34.257,2021-09-13 22:46:55.191,2021-09-15 22:46:55.191
5033662,2021-09-06,2021-09-08 22:07:53.346,2021-09-10 22:07:53.346,2021-09-13 22:07:53.346,2021-09-15 22:07:53.346
5033788,2021-09-06,2021-09-08 22:47:51.617,2021-09-13 21:42:10.389,2021-09-15 01:11:04.569,2021-09-17 01:11:04.569
5023223,2021-09-06,2021-09-08 23:49:49.646,2021-09-13 02:40:33.494,2021-09-13 17:42:33.947,2021-09-15 17:42:33.947
5023006,2021-09-06,2021-09-09 00:46:45.094,2021-09-13 01:32:18.590,2021-09-13 01:32:18.590,2021-09-15 01:32:18.590
5036295,2021-09-06,2021-09-09 01:08:10.815,2021-09-13 01:08:10.815,2021-09-13 01:08:10.815,2021-09-15 01:08:10.815
5025827,2021-09-06,2021-09-09 01:54:33.744,2021-09-13 21:22:24.035,2021-09-17 00:28:33.041,2021-09-20 00:28:33.041
5025220,2021-09-06,2021-09-09 02:13:45.661,2021-09-13 02:13:45.661,2021-09-13 07:05:13.694,2021-09-15 07:05:13.694
5031640,2021-09-06,2021-09-09 02:44:59.222,2021-09-13 02:44:59.222,2021-09-13 02:44:59.222,2021-09-15 02:44:59.222
5030373,2021-09-06,2021-09-09 04:02:03.081,2021-09-13 04:02:03.081,2021-09-13 04:02:03.081,2021-09-15 04:02:03.081
5029627,2021-09-06,2021-09-09 04:02:59.382,2021-09-13 14:30:52.678,2021-09-14 14:30:52.678,2021-09-16 14:30:52.678
5024711,2021-09-06,2021-09-09 04:11:06.903,2021-09-13 18:07:52.899,2021-09-13 18:07:52.899,2021-09-15 18:07:52.899
5022063,2021-09-06,2021-09-09 04:42:02.444,2021-09-13 04:42:02.444,2021-09-13 11:30:19.479,2021-09-15 11:30:19.479
5024410,2021-09-06,2021-09-09 04:57:57.603,2021-09-13 18:54:52.830,2021-09-13 18:54:52.830,2021-09-15 18:54:52.830
5030671,2021-09-06,2021-09-09 05:22:13.372,2021-09-13 17:31:58.537,2021-09-13 23:14:21.420,2021-09-15 23:14:21.420
5023255,2021-09-06,2021-09-09 05:49:49.197,2021-09-13 05:49:49.197,2021-09-13 23:45:38.727,2021-09-15 23:45:38.727
5030237,2021-09-06,2021-09-09 09:21:37.759,2021-09-13 11:43:33.663,2021-09-13 11:43:33.663,2021-09-15 11:43:33.663
5024389,2021-09-06,2021-09-09 10:04:11.104,2021-09-13 22:19:50.920,2021-09-13 07:37:46.664,2021-09-15 07:37:46.664
5036214,2021-09-06,2021-09-09 10:05:26.365,2021-09-13 10:05:26.365,2021-09-13 20:13:23.013,2021-09-15 20:13:23.013
5032409,2021-09-06,2021-09-09 10:47:52.811,2021-09-13 10:47:52.811,2021-09-13 20:39:51.083,2021-09-15 20:39:51.083
5029664,2021-09-06,2021-09-09 11:26:51.590,2021-09-13 11:26:51.590,2021-09-13 11:26:51.590,2021-09-15 11:26:51.590
5023766,2021-09-06,2021-09-09 12:19:06.044,2021-09-13 02:37:49.184,2021-09-13 02:37:49.184,2021-09-15 02:37:49.184
5033579,2021-09-06,2021-09-09 12:23:20.758,2021-09-13 09:48:22.787,2021-09-14 09:48:22.787,2021-09-16 09:48:22.787
5037243,2021-09-06,2021-09-09 13:16:28.958,2021-09-13 09:28:06.740,2021-09-13 09:28:06.740,2021-09-15 09:28:06.740
5037396,2021-09-06,2021-09-09 13:53:23.616,2021-09-13 04:52:01.835,2021-09-14 04:52:01.835,2021-09-16 04:52:01.835
5025090,2021-09-06,2021-09-09 14:06:50.862,2021-09-13 07:15:17.184,2021-09-13 22:15:21.170,2021-09-15 22:15:21.170
5022904,2021-09-06,2021-09-09 14:22:50.266,2021-09-13 14:22:50.266,2021-09-13 06:12:35.263,2021-09-15 06:12:35.263
5024487,2021-09-06,2021-09-09 14:44:51.209,2021-09-13 21:41:05.302,2021-09-14 16:17:32.765,2021-09-16 16:17:32.765
5026948,2021-09-06,2021-09-09 15:32:29.805,2021-09-13 15:32:29.805,2021-09-13 11:56:14.894,2021-09-15 11:56:14.894
5026002,2021-09-06,2021-09-09 15:53:49.986,2021-09-13 15:53:49.986,2021-09-13 15:53:49.986,2021-09-15 15:53:49.986
5028901,2021-09-06,2021-09-09 16:15:04.335,2021-09-13 16:15:04.335,2021-09-13 16:15:04.335,2021-09-15 16:15:04.335
5031199,2021-09-06,2021-09-09 16:42:22.051,2021-09-13 07:07:46.490,2021-09-13 17:07:25.054,2021-09-15 17:07:25.054
5033288,2021-09-06,2021-09-09 17:31:07.694,2021-09-13 17:31:07.694,2021-09-13 17:31:07.694,2021-09-15 17:31:07.694
5025300,2021-09-06,2021-09-09 17:35:36.951,2021-09-13 17:35:36.951,2021-09-13 17:35:36.951,2021-09-15 17:35:36.951
5034615,2021-09-06,2021-09-09 17:50:32.175,2021-09-13 21:55:19.573,2021-09-13 22:21:03.570,2021-09-15 22:21:03.570
5027427,2021-09-06,2021-09-09 18:10:04.070,2021-09-13 23:04:20.322,2021-09-14 23:04:20.322,2021-09-16 23:04:20.322
5036490,2021-09-06,2021-09-09 20:05:02.275,2021-09-16 10:20:31.879,2021-09-20 00:28:30.163,
5029994,2021-09-06,2021-09-09 20:44:45.324,2021-09-14 12:48:38.959,2021-09-15 12:48:38.959,2021-09-17 12:48:38.959
5028080,2021-09-06,2021-09-09 20:51:43.357,2021-09-13 04:54:36.925,2021-09-15 17:37:55.603,2021-09-17 17:37:55.603
5022015,2021-09-06,2021-09-09 21:25:41.198,2021-09-13 21:25:41.198,2021-09-14 18:50:13.971,2021-09-16 18:50:13.971
5034710,2021-09-06,2021-09-09 22:40:05.538,2021-09-14 01:03:35.623,2021-09-15 16:29:06.321,2021-09-17 16:29:06.321
5021617,2021-09-06,2021-09-09 23:12:30.985,2021-09-13 23:12:30.985,2021-09-13 23:12:30.985,2021-09-15 23:12:30.985
5031782,2021-09-06,2021-09-09 23:18:23.346,2021-09-13 23:18:23.346,2021-09-13 10:20:58.725,2021-09-15 10:20:58.725
5031106,2021-09-06,2021-09-09 23:22:12.646,2021-09-13 23:22:12.646,2021-09-13 15:44:54.368,2021-09-15 15:44:54.368
5023046,2021-09-06,2021-09-09 23:49:37.244,2021-09-14 04:16:12.842,2021-09-15 04:16:12.842,2021-09-17 04:16:12.842
5025292,2021-09-06,2021-09-10 00:31:17.340,2021-09-13 10:52:33.767,2021-09-14 08:47:06.578,2021-09-16 08:47:06.578
5036690,2021-09-06,2021-09-10 01:06:05.753,2021-09-13 16:33:43.647,2021-09-14 16:33:43.647,2021-09-16 16:33:43.647
5035231,2021-09-06,2021-09-10 01:19:45.789,2021-09-13 01:19:45.789,2021-09-13 01:19:45.789,2021-09-15 01:19:45.789
5026126,2021-09-06,2021-09-10 01:22:55.170,2021-09-13 17:09:37.753,2021-09-14 02:51:38.111,2021-09-16 02:51:38.111
5025051,2021-09-06,2021-09-10 02:15:01.811,2021-09-13 02:15:01.811,2021-09-13 02:15:01.811,2021-09-15 02:15:01.811
5022753,2021-09-06,2021-09-10 02:27:26.780,2021-09-15 11:56:11.820,2021-09-17 02:42:57.879,2021-09-20 02:42:57.879
5026043,2021-09-06,2021-09-10 02:29:25.901,2021-09-13 06:52:00.140,2021-09-14 23:13:54.332,2021-09-16 23:13:54.332
5032244,2021-09-06,2021-09-10 02:38:58.346,2021-09-17 06:48:02.292,2021-09-20 06:48:02.292,
5029475,2021-09-06,2021-09-10 03:01:14.061,2021-09-13 03:01:14.061,2021-09-13 03:01:14.061,2021-09-15 03:01:14.061
5025332,2021-09-06,2021-09-10 03:26:59.851,2021-09-13 03:26:59.851,2021-09-13 03:26:59.851,2021-09-15 03:26:59.851
5025383,2021-09-06,2021-09-10 04:17:43.550,2021-09-13 04:17:43.550,2021-09-14 23:18:51.198,2021-09-16 23:18:51.198
5024427,2021-09-06,2021-09-10 04:53:31.789,2021-09-13 13:37:13.465,2021-09-13 13:37:13.465,2021-09-15 13:37:13.465
5034720,2021-09-06,2021-09-10 05:38:59.318,2021-09-13 05:38:59.318,2021-09-13 05:38:59.318,2021-09-15 05:38:59.318
5025277,2021-09-06,2021-09-10 05:57:47.313,2021-09-13 05:57:47.313,2021-09-14 06:56:07.206,2021-09-16 06:56:07.206
5022411,2021-09-06,2021-09-10 06:00:23.018,2021-09-13 08:27:21.741,2021-09-13 08:27:21.741,2021-09-15 08:27:21.741
5023458,2021-09-06,2021-09-10 06:50:34.818,2021-09-13 20:16:29.897,2021-09-14 20:24:42.752,2021-09-16 20:24:42.752
5023008,2021-09-06,2021-09-10 07:08:25.515,2021-09-13 18:58:42.463,2021-09-14 04:30:51.936,2021-09-16 04:30:51.936
5034513,2021-09-06,2021-09-10 07:49:22.019,2021-09-13 07:49:22.019,2021-09-13 22:47:48.702,2021-09-15 22:47:48.702
5036328,2021-09-06,2021-09-10 08:15:39.327,2021-09-13 08:15:39.327,2021-09-13 08:15:39.327,2021-09-15 08:15:39.327
5034807,2021-09-06,2021-09-10 08:27:35.051,2021-09-15 17:35:38.380,2021-09-17 01:14:31.276,2021-09-20 01:14:31.276
5031046,2021-09-06,2021-09-10 08:43:44.339,2021-09-14 07:01:21.293,2021-09-15 14:12:33.167,2021-09-17 14:12:33.167
5030175,2021-09-06,2021-09-10 09:42:38.973,2021-09-13 21:37:30.495,2021-09-16 07:04:35.135,2021-09-20 07:04:35.135
5027883,2021-09-06,2021-09-10 10:18:13.930,2021-09-13 10:18:13.930,2021-09-13 10:18:13.930,2021-09-15 10:18:13.930
5036365,2021-09-06,2021-09-10 10:28:33.989,2021-09-13 19:21:00.049,2021-09-14 05:04:09.823,2021-09-16 05:04:09.823
5031938,2021-09-06,2021-09-10 10:29:16.562,2021-09-13 10:29:16.562,2021-09-14 19:01:44.290,2021-09-16 19:01:44.290
5034138,2021-09-06,2021-09-10 10:33:33.272,2021-09-14 02:36:52.085,2021-09-15 02:36:52.085,2021-09-17 02:36:52.085
5023411,2021-09-06,2021-09-10 12:07:07.774,2021-09-13 12:07:07.774,2021-09-13 12:07:07.774,2021-09-15 12:07:07.774
5030210,2021-09-06,2021-09-10 12:51:01.183,2021-09-16 18:24:56.114,2021-09-17 18:24:56.114,2021-09-20 18:24:56.114
5036272,2021-09-06,2021-09-10 12:52:53.014,2021-09-13 12:52:53.014,2021-09-14 09:05:33.378,2021-09-16 09:05:33.378
5022915,2021-09-06,2021-09-10 13:26:08.799,2021-09-13 04:22:36.880,2021-09-14 05:30:38.788,2021-09-16 05:30:38.788
5027000,2021-09-06,2021-09-10 13:38:19.905,2021-09-13 13:38:19.905,2021-09-13 15:04:30.695,2021-09-15 15:04:30.695
5035255,2021-09-06,2021-09-10 14:11:19.239,2021-09-14 03:00:00.152,2021-09-15 03:00:00.152,2021-09-17 03:00:00.152
5027256,2021-09-06,2021-09-10 14:21:09.844,2021-09-13 15:25:29.182,2021-09-15 05:48:02.780,2021-09-17 05:48:02.780
5023730,2021-09-06,2021-09-10 15:43:37.499,2021-09-13 15:43:37.499,2021-09-14 10:56:16.470,2021-09-16 10:56:16.470
5036691,2021-09-06,2021-09-10 17:46:47.642,2021-09-13 17:46:47.642,2021-09-14 20:41:55.049,2021-09-16 20:41:55.049
5028781,2021-09-06,2021-09-10 18:13:59.717,2021-09-13 18:13:59.717,2021-09-13 18:13:59.717,2021-09-15 18:13:59.717
5034668,2021-09-06,2021-09-10 19:28:49.985,2021-09-13 19:28:49.985,2021-09-13 19:28:49.985,2021-09-15 19:28:49.985
5034351,2021-09-06,2021-09-10 19:49:06.967,2021-09-14 01:06:57.977,2021-09-15 01:06:57.977,2021-09-17 01:06:57.977
5026968,2021-09-06,2021-09-10 19:57:50.799,2021-09-13 19:57:50.799,2021-09-13 19:57:50.799,2021-09-15 19:57:50.799
5031388,2021-09-06,2021-09-10 21:12:32.243,2021-09-13 02:57:41.948,2021-09-14 02:57:41.948,2021-09-16 02:57:41.948
5030806,2021-09-06,2021-09-10 22:09:33.454,2021-09-13 22:09:33.454,2021-09-14 17:33:09.554,2021-09-16 17:33:09.554
5021835,2021-09-06,2021-09-10 22:18:57.280,2021-09-13 22:18:57.280,2021-09-14 00:56:00.275,2021-09-16 00:56:00.275
5037544,2021-09-06,2021-09-10 22:23:14.412,2021-09-13 22:23:14.412,2021-09-13 22:23:14.412,2021-09-15 22:23:14.412
5036939,2021-09-06,2021-09-10 22:38:49.642,2021-09-15 20:53:51.792,2021-09-20 03:46:31.847,
5026352,2021-09-06,2021-09-10 23:10:56.305,2021-09-13 23:10:56.305,2021-09-14 00:45:14.223,2021-09-16 00:45:14.223
5024749,2021-09-06,2021-09-10 23:20:54.266,2021-09-13 23:20:54.266,2021-09-13 23:20:54.266,2021-09-15 23:20:54.266
5025592,2021-09-06,2021-09-10 23:32:13.083,2021-09-14 12:30:30.475,2021-09-17 08:05:25.967,2021-09-20 08:05:25.967
5032886,2021-09-06,2021-09-13 00:11:27.103,2021-09-13 00:11:27.103,2021-09-16 02:48:44.201,2021-09-20 02:48:44.201
5032576,2021-09-06,2021-09-13 00:22:17.365,2021-09-14 00:22:17.365,2021-09-15 00:22:17.365,2021-09-17 00:22:17.365
5027135,2021-09-06,2021-09-13 00:29:07.152,2021-09-14 04:22:09.398,2021-09-15 13:55:04.135,2021-09-17 13:55:04.135
5032783,2021-09-06,2021-09-13 00:34:37.582,2021-09-16 06:48:16.387,2021-09-17 06:48:16.387,2021-09-20 06:48:16.387
5025077,2021-09-06,2021-09-13 00:53:29.625,2021-09-14 00:53:29.625,2021-09-15 00:53:29.625,2021-09-17 00:53:29.625
5025160,2021-09-06,2021-09-13 00:55:49.224,2021-09-13 00:55:49.224,2021-09-14 02:49:22.545,2021-09-16 02:49:22.545
5022701,2021-09-06,2021-09-13 01:02:27.812,2021-09-16 09:53:29.453,2021-09-17 16:06:44.342,2021-09-20 16:06:44.342
5030782,2021-09-06,2021-09-13 01:03:17.920,2021-09-13 01:03:17.920,2021-09-14 01:03:17.920,2021-09-16 01:03:17.920
5023777,2021-09-06,2021-09-13 01:13:20.803,2021-09-16 22:53:40.841,2021-09-17 22:53:40.841,2021-09-20 22:53:40.841
5029381,2021-09-06,2021-09-13 01:24:05.458,2021-09-20 14:39:02.034,2021-09-20 14:39:02.034,
5028043,2021-09-06,2021-09-13 01:38:58.639,2021-09-15 01:57:45.790,2021-09-16 01:57:45.790,2021-09-20 01:57:45.790
5025233,2021-09-06,2021-09-13 02:24:20.797,2021-09-14 02:24:20.797,2021-09-15 02:24:20.797,2021-09-17 02:24:20.797
5036512,2021-09-06,2021-09-13 02:27:20.178,2021-09-13 02:27:20.178,2021-09-14 07:21:29.524,2021-09-16 07:21:29.524
5037580,2021-09-06,2021-09-13 03:06:05.184,2021-09-13 03:06:05.184,2021-09-14 03:06:05.184,2021-09-16 03:06:05.184
5023243,2021-09-06,2021-09-13 03:27:54.121,2021-09-15 03:27:54.121,2021-09-16 03:27:54.121,2021-09-20 03:27:54.121
5036847,2021-09-06,2021-09-13 03:30:09.705,2021-09-17 21:54:01.647,2021-09-20 22:56:48.693,
5032428,2021-09-06,2021-09-13 03:37:32.852,2021-09-15 03:37:32.852,2021-09-16 03:37:32.852,2021-09-20 03:37:32.852
5029131,2021-09-06,2021-09-13 03:55:10.917,2021-09-13 03:55:10.917,2021-09-14 03:55:10.917,2021-09-16 03:55:10.917
5031008,2021-09-06,2021-09-13 04:09:14.702,2021-09-13 04:09:14.702,2021-09-15 15:04:54.376,2021-09-17 15:04:54.376
5023740,2021-09-06,2021-09-13 04:22:04.305,2021-09-13 04:22:04.305,2021-09-14 04:22:04.305,2021-09-16 04:22:04.305
5028835,2021-09-06,2021-09-13 04:25:09.185,2021-09-14 04:25:09.185,2021-09-15 11:10:17.945,2021-09-17 11:10:17.945
5034356,2021-09-06,2021-09-13 04:39:20.306,2021-09-14 15:37:37.672,2021-09-16 21:37:36.520,2021-09-20 21:37:36.520
5023735,2021-09-06,2021-09-13 04:48:09.833,2021-09-14 03:42:05.865,2021-09-15 15:40:16.515,2021-09-17 15:40:16.515
5026294,2021-09-06,2021-09-13 05:18:33.136,2021-09-13 05:18:33.136,2021-09-14 05:50:42.108,2021-09-16 05:50:42.108
5025478,2021-09-06,2021-09-13 05:46:31.776,2021-09-15 05:46:31.776,2021-09-16 12:48:27.887,2021-09-20 12:48:27.887
5031227,2021-09-06,2021-09-13 06:07:24.168,2021-09-13 14:24:18.917,2021-09-15 02:42:23.626,2021-09-17 02:42:23.626
5036112,2021-09-06,2021-09-13 06:27:14.465,2021-09-16 00:57:34.087,2021-09-20 19:47:48.350,
5028595,2021-09-06,2021-09-13 06:29:09.661,2021-09-13 06:29:09.661,2021-09-14 06:29:09.661,2021-09-16 06:29:09.661
5025227,2021-09-06,2021-09-13 06:56:11.150,2021-09-20 15:14:32.174,2021-09-21 15:14:32.174,
5022374,2021-09-06,2021-09-13 07:01:41.669,2021-09-15 07:01:41.669,2021-09-16 07:01:41.669,2021-09-20 07:01:41.669
5033269,2021-09-06,2021-09-13 07:11:48.874,2021-09-17 00:09:57.945,2021-09-20 08:36:58.859,
5023429,2021-09-06,2021-09-13 07:15:24.060,2021-09-13 07:26:47.456,2021-09-14 07:26:47.456,2021-09-16 07:26:47.456
5030767,2021-09-06,2021-09-13 07:19:38.525,2021-09-13 07:19:38.525,2021-09-14 07:19:38.525,2021-09-16 07:19:38.525
5037185,2021-09-06,2021-09-13 08:05:29.467,2021-09-13 08:05:29.467,2021-09-14 08:05:29.467,2021-09-16 08:05:29.467
5034405,2021-09-06,2021-09-13 08:20:50.166,2021-09-16 23:41:04.358,2021-09-20 14:47:19.847,
5022017,2021-09-06,2021-09-13 08:22:36.180,2021-09-20 10:09:37.811,2021-09-21 06:27:21.512,
5033883,2021-09-06,2021-09-13 08:36:36.595,2021-09-14 20:19:43.455,2021-09-15 20:19:43.455,2021-09-17 20:19:43.455
5027355,2021-09-06,2021-09-13 09:22:31.130,2021-09-14 09:22:31.130,2021-09-15 09:22:31.130,2021-09-17 09:22:31.130
5023774,2021-09-06,2021-09-13 09:58:39.928,2021-09-14 14:00:21.543,2021-09-15 14:21:02.374,2021-09-17 14:21:02.374
5030292,2021-09-06,2021-09-13 10:09:06.066,2021-09-20 11:02:20.737,,
5031868,2021-09-06,2021-09-13 10:36:57.451,2021-09-14 07:27:45.387,2021-09-15 07:27:45.387,2021-09-17 07:27:45.387
5033082,2021-09-06,2021-09-13 10:55:37.436,2021-09-15 09:45:57.935,2021-09-16 09:45:57.935,2021-09-20 09:45:57.935
5031915,2021-09-06,2021-09-13 11:09:05.394,2021-09-13 11:09:05.394,2021-09-14 17:25:00.703,2021-09-16 17:25:00.703
5036540,2021-09-06,2021-09-13 11:12:20.868,2021-09-14 03:57:17.782,2021-09-15 03:57:17.782,2021-09-17 03:57:17.782
5037079,2021-09-06,2021-09-13 11:55:41.318,2021-09-14 11:55:41.318,2021-09-15 11:55:41.318,2021-09-17 11:55:41.318
5035028,2021-09-06,2021-09-13 12:06:29.667,2021-09-13 12:06:29.667,2021-09-16 06:10:40.430,2021-09-20 06:10:40.430
5025539,2021-09-06,2021-09-13 12:07:30.133,2021-09-14 12:07:30.133,2021-09-17 03:10:18.326,2021-09-20 03:10:18.326
5036862,2021-09-06,2021-09-13 12:19:17.278,2021-09-15 23:08:20.193,2021-09-16 23:08:20.193,2021-09-20 23:08:20.193
5030470,2021-09-06,2021-09-13 12:19:41.394,2021-09-14 12:19:41.394,2021-09-17 14:48:15.657,2021-09-20 14:48:15.657
5028513,2021-09-06,2021-09-13 12:49:20.072,2021-09-15 12:49:20.072,2021-09-16 12:49:20.072,2021-09-20 12:49:20.072
5028851,2021-09-06,2021-09-13 12:50:49.610,2021-09-13 19:06:38.011,2021-09-14 21:37:24.011,2021-09-16 21:37:24.011
5022714,2021-09-06,2021-09-13 13:01:47.725,2021-09-14 16:09:53.791,2021-09-16 02:51:47.225,2021-09-20 02:51:47.225
5034193,2021-09-06,2021-09-13 13:05:08.648,2021-09-14 09:42:16.738,2021-09-15 09:42:16.738,2021-09-17 09:42:16.738
5034330,2021-09-06,2021-09-13 13:11:28.163,2021-09-15 07:08:05.827,2021-09-16 07:08:05.827,2021-09-20 07:08:05.827
5035912,2021-09-06,2021-09-13 13:49:12.592,2021-09-14 13:49:12.592,2021-09-15 13:49:12.592,2021-09-17 13:49:12.592
5033007,2021-09-06,2021-09-13 13:51:02.004,2021-09-15 13:51:02.004,2021-09-20 14:22:57.259,
5031467,2021-09-06,2021-09-13 13:54:12.637,2021-09-15 12:20:15.847,2021-09-16 12:20:15.847,2021-09-20 12:20:15.847
5027768,2021-09-06,2021-09-13 14:35:14.877,2021-09-14 14:35:14.877,2021-09-15 14:35:14.877,2021-09-17 14:35:14.877
5022955,2021-09-06,2021-09-13 16:06:19.356,2021-09-13 16:06:19.356,2021-09-14 16:06:19.356,2021-09-16 16:06:19.356
5021688,2021-09-06,2021-09-13 16:14:38.374,2021-09-20 07:55:28.192,2021-09-20 19:48:36.377,
5030816,2021-09-06,2021-09-13 16:33:24.441,2021-09-14 16:33:24.441,2021-09-16 08:56:31.615,2021-09-20 08:56:31.615
5025623,2021-09-06,2021-09-13 17:42:35.965,2021-09-16 14:48:53.356,2021-09-17 14:48:53.356,2021-09-20 14:48:53.356
5025493,2021-09-06,2021-09-13 17:54:35.732,2021-09-13 17:54:35.732,2021-09-15 05:16:48.944,2021-09-17 05:16:48.944
5022211,2021-09-06,2021-09-13 17:57:52.068,2021-09-15 03:11:32.028,2021-09-16 03:11:32.028,2021-09-20 03:11:32.028
5025551,2021-09-06,2021-09-13 18:03:47.469,2021-09-14 18:03:47.469,2021-09-15 18:03:47.469,2021-09-17 18:03:47.469
5028897,2021-09-06,2021-09-13 18:15:22.949,2021-09-14 18:15:22.949,2021-09-16 17:34:15.695,2021-09-20 17:34:15.695
5028709,2021-09-06,2021-09-13 18:41:13.474,2021-09-16 06:44:27.774,2021-09-17 06:44:27.774,2021-09-20 06:44:27.774
5028222,2021-09-06,2021-09-13 19:37:05.326,2021-09-13 19:37:05.326,2021-09-14 19:37:05.326,2021-09-16 19:37:05.326
5031001,2021-09-06,2021-09-13 20:37:51.291,2021-09-15 23:07:49.234,2021-09-16 23:32:43.894,2021-09-20 23:32:43.894
5022357,2021-09-06,2021-09-13 20:53:22.686,2021-09-15 21:31:06.338,2021-09-16 21:31:06.338,2021-09-20 21:31:06.338
5022396,2021-09-06,2021-09-13 21:26:17.000,2021-09-13 21:26:17.000,2021-09-15 17:27:25.457,2021-09-17 17:27:25.457
5030227,2021-09-06,2021-09-13 21:52:08.938,2021-09-15 21:52:08.938,2021-09-16 21:52:08.938,2021-09-20 21:52:08.938
5029556,2021-09-06,2021-09-13 21:55:56.038,2021-09-15 00:37:16.320,2021-09-16 00:37:16.320,2021-09-20 00:37:16.320
5036854,2021-09-06,2021-09-13 22:03:35.899,2021-09-15 22:03:35.899,2021-09-16 22:03:35.899,2021-09-20 22:03:35.899
5033891,2021-09-06,2021-09-13 22:23:20.425,2021-09-14 22:23:20.425,2021-09-16 13:29:26.695,2021-09-20 13:29:26.695
5032267,2021-09-06,2021-09-13 22:34:35.684,2021-09-13 22:34:35.684,2021-09-16 00:31:03.781,2021-09-20 00:31:03.781
5027500,2021-09-06,2021-09-13 22:35:18.478,2021-09-17 06:31:20.489,2021-09-20 19:51:03.708,
5035358,2021-09-06,2021-09-13 23:12:27.283,2021-09-15 00:27:46.231,2021-09-16 15:27:18.666,2021-09-20 15:27:18.666
5025048,2021-09-06,2021-09-13 23:15:34.284,2021-09-15 10:50:06.295,2021-09-17 07:41:32.362,2021-09-20 07:41:32.362
5037563,2021-09-06,2021-09-13 23:19:20.240,2021-09-14 23:19:20.240,2021-09-16 22:36:31.936,2021-09-20 22:36:31.936
5033842,2021-09-06,2021-09-13 23:30:54.180,2021-09-16 11:04:48.573,2021-09-17 11:04:48.573,2021-09-20 11:04:48.573
5034222,2021-09-06,2021-09-13 23:56:07.371,2021-09-17 10:32:00.067,2021-09-20 03:49:01.359,
5029218,2021-09-06,2021-09-14 01:16:18.604,2021-09-16 01:16:18.604,2021-09-17 01:16:18.604,2021-09-20 01:16:18.604
5030316,2021-09-06,2021-09-14 02:00:31.705,2021-09-16 02:00:31.705,2021-09-17 02:00:31.705,2021-09-20 02:00:31.705
5023812,2021-09-06,2021-09-14 03:57:56.080,2021-09-20 19:05:33.607,2021-09-21 19:05:33.607,
5024746,2021-09-06,2021-09-14 11:22:36.926,2021-09-16 11:22:36.926,2021-09-17 11:22:36.926,2021-09-20 11:22:36.926
5027497,2021-09-06,2021-09-14 16:55:00.813,2021-09-20 15:55:32.114,2021-09-20 15:55:32.114,
5021400,2021-09-06,2021-09-14 18:58:47.652,2021-09-16 18:58:47.652,2021-09-17 18:58:47.652,2021-09-20 18:58:47.652
5027240,2021-09-06,2021-09-14 19:30:56.568,2021-09-16 19:30:56.568,2021-09-20 04:59:41.644,
5033247,2021-09-06,2021-09-14 20:03:41.883,2021-09-17 01:16:00.356,2021-09-20 05:59:46.677,
5033639,2021-09-06,2021-09-14 23:41:27.884,2021-09-16 23:41:27.884,2021-09-17 23:41:27.884,2021-09-20 23:41:27.884
5034134,2021-09-06,2021-09-15 16:14:09.165,2021-09-20 15:03:32.597,2021-09-20 02:56:58.379,
5023377,2021-09-06,2021-09-15 20:04:10.327,2021-09-20 22:19:32.791,2021-09-20 22:19:32.791,
5028021,2021-09-07,2021-09-09 00:00:00.000,2021-09-13 00:00:00.000,2021-09-13 00:00:00.000,2021-09-15 00:00:00.000
5037621,2021-09-07,2021-09-09 00:00:00.000,2021-09-13 00:00:00.000,2021-09-13 00:00:00.000,2021-09-15 00:00:00.000
5025334,2021-09-07,2021-09-09 00:00:00.000,2021-09-13 00:00:00.000,2021-09-13 00:00:00.000,2021-09-15 00:00:00.000
5028049,2021-09-07,2021-09-09 00:00:00.000,2021-09-13 00:00:00.000,2021-09-13 00:00:00.000,2021-09-15 00:00:00.000
5030584,2021-09-07,2021-09-09 00:00:00.000,2021-09-13 00:00:00.000,2021-09-13 00:00:00.000,2021-09-15 00:00:00.000
5024533,2021-09-07,2021-09-09 00:00:00.000,2021-09-13 00:00:00.000,2021-09-13 00:00:00.000,2021-09-15 00:00:00.000
5037159,2021-09-07,2021-09-09 00:00:00.000,2021-09-13 00:00:00.000,2021-09-13 00:00:00.000,2021-09-15 00:00:00.000
5029863,2021-09-07,2021-09-09 00:00:00.000,2021-09-13 00:00:00.000,2021-09-13 00:00:00.000,2021-09-15 00:00:00.000
5023746,2021-09-07,2021-09-09 00:00:00.000,2021-09-13 00:00:00.000,2021-09-13 01:16:12.905,2021-09-15 01:16:12.905
5034365,2021-09-07,2021-09-09 00:00:00.000,2021-09-13 00:00:00.000,2021-09-13 02:21:29.457,2021-09-15 02:21:29.457
5032299,2021-09-07,2021-09-09 00:00:00.000,2021-09-13 00:00:00.000,2021-09-13 06:39:47.346,2021-09-15 06:39:47.346
5034619,2021-09-07,2021-09-09 00:00:00.000,2021-09-13 00:00:00.000,2021-09-13 06:53:47.749,2021-09-15 06:53:47.749
5034657,2021-09-07,2021-09-09 00:00:00.000,2021-09-13 00:00:00.000,2021-09-13 10:06:00.336,2021-09-15 10:06:00.336
5027902,2021-09-07,2021-09-09 00:00:00.000,2021-09-13 00:00:00.000,2021-09-13 11:18:36.262,2021-09-15 11:18:36.262
5030738,2021-09-07,2021-09-09 00:00:00.000,2021-09-13 00:00:00.000,2021-09-13 11:27:50.501,2021-09-15 11:27:50.501
5033412,2021-09-07,2021-09-09 00:00:00.000,2021-09-13 00:00:00.000,2021-09-13 15:29:13.464,2021-09-15 15:29:13.464
5031381,2021-09-07,2021-09-09 00:00:00.000,2021-09-13 00:00:00.000,2021-09-13 17:21:11.207,2021-09-15 17:21:11.207
5035045,2021-09-07,2021-09-09 00:00:00.000,2021-09-13 00:00:00.000,2021-09-13 19:30:03.858,2021-09-15 19:30:03.858
5026083,2021-09-07,2021-09-09 00:00:00.000,2021-09-13 00:00:00.000,2021-09-13 20:16:08.949,2021-09-15 20:16:08.949
5036975,2021-09-07,2021-09-09 00:00:00.000,2021-09-13 00:00:00.000,2021-09-13 20:23:45.807,2021-09-15 20:23:45.807
5024036,2021-09-07,2021-09-09 00:00:00.000,2021-09-13 00:00:00.000,2021-09-14 02:43:53.065,2021-09-16 02:43:53.065
5027195,2021-09-07,2021-09-09 00:00:00.000,2021-09-13 00:00:00.000,2021-09-14 07:48:27.946,2021-09-16 07:48:27.946
5029670,2021-09-07,2021-09-09 00:00:00.000,2021-09-13 00:00:00.000,2021-09-14 12:45:51.923,2021-09-16 12:45:51.923
5027844,2021-09-07,2021-09-09 00:00:00.000,2021-09-13 00:10:45.650,2021-09-14 00:10:45.650,2021-09-16 00:10:45.650
5033941,2021-09-07,2021-09-09 00:00:00.000,2021-09-13 01:13:05.237,2021-09-13 13:37:34.926,2021-09-15 13:37:34.926
5021540,2021-09-07,2021-09-09 00:00:00.000,2021-09-13 02:34:40.077,2021-09-13 02:34:40.077,2021-09-15 02:34:40.077
5031970,2021-09-07,2021-09-09 00:00:00.000,2021-09-13 03:18:28.998,2021-09-13 03:18:28.998,2021-09-15 03:18:28.998
5025184,2021-09-07,2021-09-09 00:00:00.000,2021-09-13 04:53:44.724,2021-09-13 04:53:44.724,2021-09-15 04:53:44.724
5029639,2021-09-07,2021-09-09 00:00:00.000,2021-09-13 06:53:21.801,2021-09-15 08:58:00.922,2021-09-17 08:58:00.922
5031569,2021-09-07,2021-09-09 00:00:00.000,2021-09-13 07:54:26.986,2021-09-13 10:26:22.220,2021-09-15 10:26:22.220
5034737,2021-09-07,2021-09-09 00:00:00.000,2021-09-13 08:06:04.839,2021-09-13 10:16:26.939,2021-09-15 10:16:26.939
5027005,2021-09-07,2021-09-09 00:00:00.000,2021-09-13 08:33:08.766,2021-09-13 08:33:08.766,2021-09-15 08:33:08.766
5029733,2021-09-07,2021-09-09 00:00:00.000,2021-09-13 09:02:26.499,2021-09-13 01:47:24.019,2021-09-15 01:47:24.019
5036196,2021-09-07,2021-09-09 00:00:00.000,2021-09-13 09:29:12.875,2021-09-13 09:29:12.875,2021-09-15 09:29:12.875
5036150,2021-09-07,2021-09-09 00:00:00.000,2021-09-13 09:31:37.681,2021-09-13 09:31:37.681,2021-09-15 09:31:37.681
5036057,2021-09-07,2021-09-09 00:00:00.000,2021-09-13 10:12:52.837,2021-09-14 10:12:52.837,2021-09-16 10:12:52.837
5030911,2021-09-07,2021-09-09 00:00:00.000,2021-09-13 11:55:20.398,2021-09-13 19:49:04.980,2021-09-15 19:49:04.980
5032051,2021-09-07,2021-09-09 00:00:00.000,2021-09-13 12:03:31.098,2021-09-14 23:35:03.566,2021-09-16 23:35:03.566
5033206,2021-09-07,2021-09-09 00:00:00.000,2021-09-13 12:56:08.538,2021-09-13 12:56:08.538,2021-09-15 12:56:08.538
5027014,2021-09-07,2021-09-09 00:00:00.000,2021-09-13 15:10:53.938,2021-09-13 15:10:53.938,2021-09-15 15:10:53.938
5036606,2021-09-07,2021-09-09 00:00:00.000,2021-09-13 17:42:28.349,2021-09-13 17:42:28.349,2021-09-15 17:42:28.349
5034591,2021-09-07,2021-09-09 00:00:00.000,2021-09-13 18:00:58.148,2021-09-13 14:03:42.284,2021-09-15 14:03:42.284
5022165,2021-09-07,2021-09-09 00:00:00.000,2021-09-13 18:46:45.934,2021-09-14 18:46:45.934,2021-09-16 18:46:45.934
5036576,2021-09-07,2021-09-09 00:00:00.000,2021-09-13 19:07:33.785,2021-09-14 11:36:39.690,2021-09-16 11:36:39.690
5032756,2021-09-07,2021-09-09 00:00:00.000,2021-09-13 20:25:46.277,2021-09-13 20:39:48.276,2021-09-15 20:39:48.276
5031940,2021-09-07,2021-09-09 00:00:00.000,2021-09-13 21:21:06.851,2021-09-14 21:21:06.851,2021-09-16 21:21:06.851
5026556,2021-09-07,2021-09-09 00:00:00.000,2021-09-13 21:28:20.252,2021-09-13 05:15:09.421,2021-09-15 05:15:09.421
5032304,2021-09-07,2021-09-09 00:00:00.000,2021-09-14 00:01:48.738,2021-09-16 15:54:08.429,2021-09-20 15:54:08.429
5021705,2021-09-07,2021-09-09 00:00:00.000,2021-09-14 14:12:46.550,2021-09-15 14:12:46.550,2021-09-17 14:12:46.550
5030970,2021-09-07,2021-09-09 00:00:00.000,2021-09-15 05:57:27.328,2021-09-16 05:57:27.328,2021-09-20 05:57:27.328
5033223,2021-09-07,2021-09-09 00:00:00.000,2021-09-15 11:31:06.281,2021-09-17 02:33:48.005,2021-09-20 02:33:48.005
5034545,2021-09-07,2021-09-09 00:00:00.000,2021-09-16 04:08:42.421,2021-09-20 05:35:35.820,
5029419,2021-09-07,2021-09-09 00:50:19.676,2021-09-13 10:55:33.431,2021-09-13 10:55:33.431,2021-09-15 10:55:33.431
5026148,2021-09-07,2021-09-09 01:51:25.479,2021-09-13 01:51:25.479,2021-09-13 01:51:25.479,2021-09-15 01:51:25.479
5029305,2021-09-07,2021-09-09 03:21:21.211,2021-09-13 03:21:21.211,2021-09-13 11:04:27.752,2021-09-15 11:04:27.752
5036545,2021-09-07,2021-09-09 03:58:59.004,2021-09-13 18:19:55.824,2021-09-15 10:42:42.351,2021-09-17 10:42:42.351
5024823,2021-09-07,2021-09-09 05:18:37.927,2021-09-13 20:58:16.271,2021-09-13 20:58:16.271,2021-09-15 20:58:16.271
5030394,2021-09-07,2021-09-09 07:03:17.529,2021-09-13 06:38:25.998,2021-09-13 06:38:25.998,2021-09-15 06:38:25.998
5034679,2021-09-07,2021-09-09 07:21:29.031,2021-09-13 07:21:29.031,2021-09-13 07:21:29.031,2021-09-15 07:21:29.031
5027987,2021-09-07,2021-09-09 07:48:07.208,2021-09-13 20:42:03.613,2021-09-14 14:34:34.143,2021-09-16 14:34:34.143
5032093,2021-09-07,2021-09-09 08:09:32.227,2021-09-13 08:09:32.227,2021-09-13 08:09:32.227,2021-09-15 08:09:32.227
5036853,2021-09-07,2021-09-09 09:21:30.119,2021-09-13 04:30:28.278,2021-09-13 04:30:28.278,2021-09-15 04:30:28.278
5025154,2021-09-07,2021-09-09 09:47:10.560,2021-09-13 05:46:32.633,2021-09-13 05:46:32.633,2021-09-15 05:46:32.633
5026575,2021-09-07,2021-09-09 11:35:49.451,2021-09-13 11:35:49.451,2021-09-13 11:35:49.451,2021-09-15 11:35:49.451
5036624,2021-09-07,2021-09-09 12:01:52.345,2021-09-13 23:31:45.267,2021-09-14 08:06:33.824,2021-09-16 08:06:33.824
5022418,2021-09-07,2021-09-09 13:01:35.031,2021-09-13 05:28:58.797,2021-09-14 02:05:47.904,2021-09-16 02:05:47.904
5034959,2021-09-07,2021-09-09 13:50:10.500,2021-09-13 13:50:10.500,2021-09-14 11:03:57.357,2021-09-16 11:03:57.357
5035267,2021-09-07,2021-09-09 14:05:52.394,2021-09-13 14:05:52.394,2021-09-13 14:05:52.394,2021-09-15 14:05:52.394
5033975,2021-09-07,2021-09-09 15:03:25.997,2021-09-13 15:03:25.997,2021-09-13 16:12:03.751,2021-09-15 16:12:03.751
5033422,2021-09-07,2021-09-09 15:07:02.079,2021-09-13 15:07:02.079,2021-09-13 15:07:02.079,2021-09-15 15:07:02.079
5030047,2021-09-07,2021-09-09 15:15:21.884,2021-09-13 12:30:20.186,2021-09-14 12:30:20.186,2021-09-16 12:30:20.186
5027737,2021-09-07,2021-09-09 16:06:42.825,2021-09-14 07:51:04.599,2021-09-15 07:51:04.599,2021-09-17 07:51:04.599
5030409,2021-09-07,2021-09-09 16:11:51.997,2021-09-13 23:08:03.268,2021-09-14 10:33:51.569,2021-09-16 10:33:51.569
5036537,2021-09-07,2021-09-09 16:13:33.410,2021-09-13 16:13:33.410,2021-09-13 21:01:47.090,2021-09-15 21:01:47.090
5024785,2021-09-07,2021-09-09 18:25:46.297,2021-09-13 18:25:46.297,2021-09-13 18:25:46.297,2021-09-15 18:25:46.297
5025558,2021-09-07,2021-09-09 18:42:41.709,2021-09-13 21:30:54.105,2021-09-15 01:18:51.534,2021-09-17 01:18:51.534
5023517,2021-09-07,2021-09-09 20:09:46.138,2021-09-13 11:13:04.051,2021-09-15 05:58:08.325,2021-09-17 05:58:08.325
5032568,2021-09-07,2021-09-09 20:10:10.232,2021-09-13 16:57:30.933,2021-09-13 17:33:40.414,2021-09-15 17:33:40.414
5029548,2021-09-07,2021-09-09 20:47:22.963,2021-09-13 20:47:22.963,2021-09-13 20:47:22.963,2021-09-15 20:47:22.963
5036016,2021-09-07,2021-09-09 21:07:28.479,2021-09-13 13:36:10.580,2021-09-15 22:37:30.025,2021-09-17 22:37:30.025
5034635,2021-09-07,2021-09-09 21:24:10.819,2021-09-13 21:07:03.138,2021-09-14 21:07:03.138,2021-09-16 21:07:03.138
5032791,2021-09-07,2021-09-09 21:32:00.066,2021-09-13 21:32:00.066,2021-09-13 21:32:00.066,2021-09-15 21:32:00.066
5033806,2021-09-07,2021-09-09 21:33:58.669,2021-09-13 05:12:17.156,2021-09-15 09:15:29.983,2021-09-17 09:15:29.983
5034798,2021-09-07,2021-09-09 22:00:22.190,2021-09-13 12:04:42.925,2021-09-15 07:44:57.487,2021-09-17 07:44:57.487
5032436,2021-09-07,2021-09-09 22:41:45.726,2021-09-13 22:41:45.726,2021-09-13 22:41:45.726,2021-09-15 22:41:45.726
5023840,2021-09-07,2021-09-10 00:12:32.423,2021-09-15 02:22:04.638,2021-09-16 02:22:04.638,2021-09-20 02:22:04.638
5036053,2021-09-07,2021-09-10 00:29:06.715,2021-09-13 00:32:58.009,2021-09-13 00:32:58.009,2021-09-15 00:32:58.009
5028797,2021-09-07,2021-09-10 01:02:03.821,2021-09-13 01:02:03.821,2021-09-13 05:31:31.860,2021-09-15 05:31:31.860
5021465,2021-09-07,2021-09-10 02:01:23.172,2021-09-13 23:42:51.057,2021-09-15 12:07:12.402,2021-09-17 12:07:12.402
5028698,2021-09-07,2021-09-10 02:19:34.996,2021-09-13 15:12:13.246,2021-09-14 15:12:13.246,2021-09-16 15:12:13.246
5035698,2021-09-07,2021-09-10 02:53:47.439,2021-09-14 20:32:00.712,2021-09-20 04:30:01.056,
5032354,2021-09-07,2021-09-10 03:03:59.787,2021-09-13 03:03:59.787,2021-09-13 20:45:24.282,2021-09-15 20:45:24.282
5034759,2021-09-07,2021-09-10 03:11:22.927,2021-09-13 03:11:22.927,2021-09-14 21:38:32.292,2021-09-16 21:38:32.292
5022445,2021-09-07,2021-09-10 03:22:34.012,2021-09-13 03:22:34.012,2021-09-13 03:22:34.012,2021-09-15 03:22:34.012
5037638,2021-09-07,2021-09-10 04:10:35.374,2021-09-13 04:10:35.374,2021-09-13 04:10:35.374,2021-09-15 04:10:35.374
5023247,2021-09-07,2021-09-10 04:42:26.755,2021-09-13 11:29:45.112,2021-09-14 11:29:45.112,2021-09-16 11:29:45.112
5029467,2021-09-07,2021-09-10 05:08:58.195,2021-09-13 05:08:58.195,2021-09-14 07:24:27.318,2021-09-16 07:24:27.318
5022772,2021-09-07,2021-09-10 05:18:34.761,2021-09-13 05:18:34.761,2021-09-14 16:23:46.702,2021-09-16 16:23:46.702
5033292,2021-09-07,2021-09-10 06:03:37.116,2021-09-13 06:03:37.116,2021-09-13 06:03:37.116,2021-09-15 06:03:37.116
5025447,2021-09-07,2021-09-10 06:14:11.849,2021-09-13 06:14:11.849,2021-09-13 06:14:11.849,2021-09-15 06:14:11.849
5037371,2021-09-07,2021-09-10 06:25:17.365,2021-09-13 06:25:17.365,2021-09-13 06:25:17.365,2021-09-15 06:25:17.365
5030015,2021-09-07,2021-09-10 06:40:19.380,2021-09-13 06:40:19.380,2021-09-13 06:40:19.380,2021-09-15 06:40:19.380
5021509,2021-09-07,2021-09-10 09:29:18.298,2021-09-13 09:29:18.298,2021-09-14 18:36:04.875,2021-09-16 18:36:04.875
5021715,2021-09-07,2021-09-10 09:46:31.682,2021-09-13 17:18:16.300,2021-09-13 17:18:16.300,2021-09-15 17:18:16.300
5034832,2021-09-07,2021-09-10 10:14:40.160,2021-09-15 21:41:54.145,2021-09-17 02:53:23.193,2021-09-20 02:53:23.193
5027565,2021-09-07,2021-09-10 10:57:54.430,2021-09-15 08:15:32.265,2021-09-16 22:40:35.128,2021-09-20 22:40:35.128
5027868,2021-09-07,2021-09-10 11:07:38.273,2021-09-13 11:07:38.273,2021-09-13 22:43:54.516,2021-09-15 22:43:54.516
5027804,2021-09-07,2021-09-10 11:12:44.873,2021-09-13 11:49:46.210,2021-09-13 15:23:34.157,2021-09-15 15:23:34.157
5022980,2021-09-07,2021-09-10 12:01:20.372,2021-09-15 21:56:15.152,2021-09-16 21:56:15.152,2021-09-20 21:56:15.152
5032416,2021-09-07,2021-09-10 12:24:15.999,2021-09-13 12:24:15.999,2021-09-13 12:24:15.999,2021-09-15 12:24:15.999
5023014,2021-09-07,2021-09-10 12:49:52.779,2021-09-13 12:49:52.779,2021-09-13 12:49:52.779,2021-09-15 12:49:52.779
5023884,2021-09-07,2021-09-10 13:25:10.127,2021-09-13 22:33:25.313,2021-09-14 13:46:31.407,2021-09-16 13:46:31.407
5028088,2021-09-07,2021-09-10 13:29:54.017,2021-09-15 15:53:06.344,2021-09-16 15:53:06.344,2021-09-20 15:53:06.344
5024839,2021-09-07,2021-09-10 13:36:42.457,2021-09-14 11:06:02.719,2021-09-15 11:06:02.719,2021-09-17 11:06:02.719
5027034,2021-09-07,2021-09-10 13:40:17.703,2021-09-13 13:40:17.703,2021-09-14 03:18:44.178,2021-09-16 03:18:44.178
5037607,2021-09-07,2021-09-10 13:45:20.472,2021-09-16 07:30:46.504,2021-09-17 21:54:25.358,2021-09-20 21:54:25.358
5034050,2021-09-07,2021-09-10 13:52:02.273,2021-09-13 18:45:04.135,2021-09-15 10:23:48.598,2021-09-17 10:23:48.598
5033746,2021-09-07,2021-09-10 14:03:38.391,2021-09-13 14:03:38.391,2021-09-13 22:05:52.495,2021-09-15 22:05:52.495
5034697,2021-09-07,2021-09-10 14:09:13.532,2021-09-13 14:09:13.532,2021-09-15 11:04:43.349,2021-09-17 11:04:43.349
5034314,2021-09-07,2021-09-10 14:38:39.368,2021-09-13 14:38:39.368,2021-09-14 12:39:32.839,2021-09-16 12:39:32.839
5026883,2021-09-07,2021-09-10 15:02:58.886,2021-09-13 15:02:58.886,2021-09-13 15:02:58.886,2021-09-15 15:02:58.886
5033348,2021-09-07,2021-09-10 15:10:19.154,2021-09-13 06:45:00.954,2021-09-14 06:45:00.954,2021-09-16 06:45:00.954
5022273,2021-09-07,2021-09-10 16:42:23.067,2021-09-13 16:42:23.067,2021-09-13 16:42:23.067,2021-09-15 16:42:23.067
5032656,2021-09-07,2021-09-10 16:58:52.635,2021-09-13 15:15:10.775,2021-09-15 14:28:43.697,2021-09-17 14:28:43.697
5023026,2021-09-07,2021-09-10 17:09:42.015,2021-09-13 05:12:59.385,2021-09-15 20:05:06.069,2021-09-17 20:05:06.069
5028378,2021-09-07,2021-09-10 17:26:45.885,2021-09-14 21:12:08.968,2021-09-17 18:09:19.427,2021-09-20 18:09:19.427
5022084,2021-09-07,2021-09-10 18:06:26.526,2021-09-13 18:06:26.526,2021-09-13 18:06:26.526,2021-09-15 18:06:26.526
5024428,2021-09-07,2021-09-10 19:19:00.367,2021-09-13 19:19:00.367,2021-09-14 12:45:10.822,2021-09-16 12:45:10.822
5029880,2021-09-07,2021-09-10 19:48:43.048,2021-09-13 19:48:43.048,2021-09-13 23:03:04.148,2021-09-15 23:03:04.148
5035038,2021-09-07,2021-09-10 19:50:18.416,2021-09-13 19:50:18.416,2021-09-15 20:08:18.713,2021-09-17 20:08:18.713
5037089,2021-09-07,2021-09-10 20:25:19.237,2021-09-17 04:08:11.131,2021-09-20 04:08:11.131,
5031954,2021-09-07,2021-09-10 20:38:16.817,2021-09-14 06:57:07.452,2021-09-15 06:57:07.452,2021-09-17 06:57:07.452
5034010,2021-09-07,2021-09-10 20:51:05.833,2021-09-13 10:01:14.849,2021-09-15 15:53:37.855,2021-09-17 15:53:37.855
5036155,2021-09-07,2021-09-10 21:09:40.669,2021-09-13 16:23:52.535,2021-09-14 16:23:52.535,2021-09-16 16:23:52.535
5027794,2021-09-07,2021-09-10 21:34:45.653,2021-09-13 21:34:45.653,2021-09-14 16:13:28.451,2021-09-16 16:13:28.451
5024167,2021-09-07,2021-09-10 22:06:52.556,2021-09-13 22:06:52.556,2021-09-14 05:27:27.375,2021-09-16 05:27:27.375
5033939,2021-09-07,2021-09-10 22:14:43.935,2021-09-14 00:11:54.043,2021-09-15 14:00:27.651,2021-09-17 14:00:27.651
5031327,2021-09-07,2021-09-10 22:15:02.784,2021-09-13 22:15:02.784,2021-09-13 22:15:02.784,2021-09-15 22:15:02.784
5036003,2021-09-07,2021-09-10 22:15:31.984,2021-09-15 15:20:04.882,2021-09-16 21:44:58.216,2021-09-20 21:44:58.216
5023280,2021-09-07,2021-09-10 22:26:46.620,2021-09-13 22:26:46.620,2021-09-14 00:56:19.144,2021-09-16 00:56:19.144
5032334,2021-09-07,2021-09-10 22:28:07.850,2021-09-13 18:28:09.855,2021-09-14 18:28:09.855,2021-09-16 18:28:09.855
5029713,2021-09-07,2021-09-10 22:33:43.571,2021-09-13 07:08:06.977,2021-09-16 00:33:49.552,2021-09-20 00:33:49.552
5023822,2021-09-07,2021-09-10 23:12:51.101,2021-09-13 23:12:51.101,2021-09-13 23:12:51.101,2021-09-15 23:12:51.101
5034736,2021-09-07,2021-09-10 23:17:44.911,2021-09-14 11:27:32.508,2021-09-15 11:27:32.508,2021-09-17 11:27:32.508
5030532,2021-09-07,2021-09-10 23:20:12.528,2021-09-13 23:20:12.528,2021-09-15 13:34:52.160,2021-09-17 13:34:52.160
5026523,2021-09-07,2021-09-13 00:03:57.378,2021-09-14 16:35:01.019,2021-09-15 16:35:01.019,2021-09-17 16:35:01.019
5021422,2021-09-07,2021-09-13 00:23:16.630,2021-09-16 20:50:13.500,2021-09-20 04:33:12.176,
5034641,2021-09-07,2021-09-13 00:29:35.497,2021-09-17 17:57:55.764,2021-09-20 17:57:55.764,
5034516,2021-09-07,2021-09-13 00:49:47.699,2021-09-14 02:52:26.144,2021-09-15 12:43:09.405,2021-09-17 12:43:09.405
5033106,2021-09-07,2021-09-13 00:58:11.047,2021-09-13 00:58:11.047,2021-09-14 00:58:11.047,2021-09-16 00:58:11.047
5025634,2021-09-07,2021-09-13 00:58:40.407,2021-09-14 00:58:40.407,2021-09-16 14:29:08.306,2021-09-20 14:29:08.306
5026849,2021-09-07,2021-09-13 01:09:55.475,2021-09-16 01:45:02.948,2021-09-20 02:40:51.760,
5027019,2021-09-07,2021-09-13 01:27:56.915,2021-09-15 01:27:56.915,2021-09-16 01:27:56.915,2021-09-20 01:27:56.915
5031089,2021-09-07,2021-09-13 01:40:46.430,2021-09-15 01:40:46.430,2021-09-16 22:27:14.486,2021-09-20 22:27:14.486
5031988,2021-09-07,2021-09-13 01:49:17.720,2021-09-16 10:07:20.252,2021-09-17 10:07:20.252,2021-09-20 10:07:20.252
5030710,2021-09-07,2021-09-13 02:16:46.656,2021-09-14 02:16:46.656,2021-09-15 16:58:21.940,2021-09-17 16:58:21.940
5032786,2021-09-07,2021-09-13 02:20:10.986,2021-09-13 02:20:10.986,2021-09-15 09:41:30.913,2021-09-17 09:41:30.913
5028328,2021-09-07,2021-09-13 02:46:44.666,2021-09-15 02:46:44.666,2021-09-17 08:12:47.003,2021-09-20 08:12:47.003
5029482,2021-09-07,2021-09-13 02:48:56.547,2021-09-13 02:48:56.547,2021-09-14 02:48:56.547,2021-09-16 02:48:56.547
5034822,2021-09-07,2021-09-13 03:16:55.345,2021-09-13 03:16:55.345,2021-09-14 03:16:55.345,2021-09-16 03:16:55.345
5029302,2021-09-07,2021-09-13 03:31:41.663,2021-09-14 03:31:41.663,2021-09-15 03:31:41.663,2021-09-17 03:31:41.663
5031333,2021-09-07,2021-09-13 03:50:13.218,2021-09-13 03:50:13.218,2021-09-14 10:04:15.412,2021-09-16 10:04:15.412
5022079,2021-09-07,2021-09-13 04:02:00.487,2021-09-13 06:35:39.148,2021-09-14 06:35:39.148,2021-09-16 06:35:39.148
5033693,2021-09-07,2021-09-13 04:05:37.056,2021-09-14 04:05:37.056,2021-09-15 04:05:37.056,2021-09-17 04:05:37.056
5026417,2021-09-07,2021-09-13 04:34:18.630,2021-09-13 04:34:18.630,2021-09-14 04:34:18.630,2021-09-16 04:34:18.630
5023187,2021-09-07,2021-09-13 05:06:02.286,2021-09-13 05:06:02.286,2021-09-14 05:06:02.286,2021-09-16 05:06:02.286
5027618,2021-09-07,2021-09-13 05:07:07.666,2021-09-14 15:52:47.724,2021-09-16 01:05:13.672,2021-09-20 01:05:13.672
5037038,2021-09-07,2021-09-13 05:09:27.678,2021-09-15 10:04:42.592,2021-09-16 10:04:42.592,2021-09-20 10:04:42.592
5031734,2021-09-07,2021-09-13 05:12:47.194,2021-09-15 05:12:47.194,2021-09-16 05:12:47.194,2021-09-20 05:12:47.194
5031961,2021-09-07,2021-09-13 05:20:00.333,2021-09-15 09:46:53.202,2021-09-16 09:46:53.202,2021-09-20 09:46:53.202
5033184,2021-09-07,2021-09-13 05:40:13.517,2021-09-15 09:59:44.295,2021-09-16 09:59:44.295,2021-09-20 09:59:44.295
5031003,2021-09-07,2021-09-13 05:46:22.006,2021-09-15 09:23:37.799,2021-09-16 19:31:02.820,2021-09-20 19:31:02.820
5036979,2021-09-07,2021-09-13 05:50:22.732,2021-09-15 05:50:22.732,2021-09-16 05:50:22.732,2021-09-20 05:50:22.732
5023493,2021-09-07,2021-09-13 06:07:51.635,2021-09-13 06:07:51.635,2021-09-14 22:02:54.973,2021-09-16 22:02:54.973
5023415,2021-09-07,2021-09-13 06:25:24.353,2021-09-15 06:25:24.353,2021-09-17 05:56:19.154,2021-09-20 05:56:19.154
5021455,2021-09-07,2021-09-13 06:41:17.599,2021-09-14 06:41:17.599,2021-09-15 06:41:17.599,2021-09-17 06:41:17.599
5027774,2021-09-07,2021-09-13 06:51:28.097,2021-09-13 15:00:35.176,2021-09-14 15:00:35.176,2021-09-16 15:00:35.176
5022114,2021-09-07,2021-09-13 06:54:08.629,2021-09-14 15:51:48.458,2021-09-16 01:27:49.339,2021-09-20 01:27:49.339
5027091,2021-09-07,2021-09-13 07:10:56.071,2021-09-14 07:10:56.071,2021-09-17 13:27:24.485,2021-09-20 13:27:24.485
5023870,2021-09-07,2021-09-13 07:22:56.338,2021-09-14 07:22:56.338,2021-09-15 07:22:56.338,2021-09-17 07:22:56.338
5029784,2021-09-07,2021-09-13 07:35:49.714,2021-09-15 07:35:49.714,2021-09-16 07:35:49.714,2021-09-20 07:35:49.714
5037370,2021-09-07,2021-09-13 07:42:38.603,2021-09-14 07:42:38.603,2021-09-16 11:51:35.076,2021-09-20 11:51:35.076
5034956,2021-09-07,2021-09-13 07:52:35.514,2021-09-16 05:50:56.542,2021-09-17 11:54:09.569,2021-09-20 11:54:09.569
5031233,2021-09-07,2021-09-13 07:53:10.121,2021-09-14 07:53:10.121,2021-09-15 07:53:10.121,2021-09-17 07:53:10.121
5027105,2021-09-07,2021-09-13 07:54:55.519,2021-09-14 07:54:55.519,2021-09-15 07:54:55.519,2021-09-17 07:54:55.519
5037583,2021-09-07,2021-09-13 08:02:48.444,2021-09-17 05:53:30.001,2021-09-20 05:53:30.001,
5036892,2021-09-07,2021-09-13 08:20:45.007,2021-09-13 08:20:45.007,2021-09-15 06:18:44.109,2021-09-17 06:18:44.109
5023438,2021-09-07,2021-09-13 08:22:13.905,2021-09-13 08:22:13.905,2021-09-14 08:22:13.905,2021-09-16 08:22:13.905
5030112,2021-09-07,2021-09-13 08:33:48.946,2021-09-13 08:33:48.946,2021-09-14 08:33:48.946,2021-09-16 08:33:48.946
5025545,2021-09-07,2021-09-13 08:45:29.178,2021-09-13 08:45:29.178,2021-09-15 06:32:44.940,2021-09-17 06:32:44.940
5034648,2021-09-07,2021-09-13 08:46:23.224,2021-09-14 08:46:23.224,2021-09-16 00:32:58.373,2021-09-20 00:32:58.373
5029954,2021-09-07,2021-09-13 09:36:34.053,2021-09-14 09:36:34.053,2021-09-16 05:29:45.484,2021-09-20 05:29:45.484
5026093,2021-09-07,2021-09-13 09:37:35.712,2021-09-20 16:17:48.713,2021-09-21 16:17:48.713,
5029835,2021-09-07,2021-09-13 09:59:01.469,2021-09-14 09:59:01.469,2021-09-15 09:59:01.469,2021-09-17 09:59:01.469
5027119,2021-09-07,2021-09-13 10:01:51.555,2021-09-16 20:20:06.934,2021-09-20 23:15:35.852,
5025404,2021-09-07,2021-09-13 10:07:54.381,2021-09-16 02:54:39.625,2021-09-17 02:54:39.625,2021-09-20 02:54:39.625
5030930,2021-09-07,2021-09-13 10:32:34.959,2021-09-13 20:56:39.752,2021-09-14 20:56:39.752,2021-09-16 20:56:39.752
5022071,2021-09-07,2021-09-13 10:49:26.134,2021-09-14 10:49:26.134,2021-09-16 19:52:20.430,2021-09-20 19:52:20.430
5025235,2021-09-07,2021-09-13 11:12:59.366,2021-09-15 13:36:57.635,2021-09-16 13:36:57.635,2021-09-20 13:36:57.635
5030413,2021-09-07,2021-09-13 11:25:52.795,2021-09-14 11:25:52.795,2021-09-15 11:28:36.021,2021-09-17 11:28:36.021
5021554,2021-09-07,2021-09-13 11:32:52.751,2021-09-15 21:15:36.642,2021-09-16 21:15:36.642,2021-09-20 21:15:36.642
5030351,2021-09-07,2021-09-13 11:35:25.665,2021-09-14 11:35:25.665,2021-09-15 11:35:25.665,2021-09-17 11:35:25.665
5029940,2021-09-07,2021-09-13 11:46:43.705,2021-09-13 11:46:43.705,2021-09-14 16:57:13.003,2021-09-16 16:57:13.003
5034885,2021-09-07,2021-09-13 11:52:06.857,2021-09-14 11:52:06.857,2021-09-15 17:30:22.360,2021-09-17 17:30:22.360
5030906,2021-09-07,2021-09-13 11:58:09.918,2021-09-16 15:50:41.632,2021-09-17 19:28:27.990,2021-09-20 19:28:27.990
5021667,2021-09-07,2021-09-13 12:27:24.827,2021-09-17 04:02:49.149,2021-09-20 12:55:13.773,
5037603,2021-09-07,2021-09-13 12:29:01.859,2021-09-14 06:33:22.658,2021-09-15 06:33:22.658,2021-09-17 06:33:22.658
5025225,2021-09-07,2021-09-13 12:35:12.101,2021-09-13 20:04:16.441,2021-09-14 20:04:16.441,2021-09-16 20:04:16.441
5023287,2021-09-07,2021-09-13 12:53:22.024,2021-09-20 08:27:59.964,2021-09-21 13:50:28.694,
5034774,2021-09-07,2021-09-13 12:57:34.252,2021-09-14 17:11:17.427,2021-09-15 17:11:17.427,2021-09-17 17:11:17.427
5030476,2021-09-07,2021-09-13 13:03:19.729,2021-09-15 21:12:18.107,2021-09-20 06:04:22.443,
5030579,2021-09-07,2021-09-13 13:31:43.008,2021-09-14 13:31:43.008,2021-09-15 13:31:43.008,2021-09-17 13:31:43.008
5036692,2021-09-07,2021-09-13 13:35:15.067,2021-09-16 08:08:45.362,2021-09-17 08:08:45.362,2021-09-20 08:08:45.362
5030556,2021-09-07,2021-09-13 13:57:00.392,2021-09-13 13:57:00.392,2021-09-16 01:52:40.672,2021-09-20 01:52:40.672
5022383,2021-09-07,2021-09-13 14:41:42.495,2021-09-14 14:41:42.495,2021-09-15 14:41:42.495,2021-09-17 14:41:42.495
5036949,2021-09-07,2021-09-13 14:46:51.464,2021-09-15 23:56:41.258,2021-09-16 23:56:41.258,2021-09-20 23:56:41.258
5024164,2021-09-07,2021-09-13 15:11:57.473,2021-09-13 15:11:57.473,2021-09-14 15:11:57.473,2021-09-16 15:11:57.473
5033878,2021-09-07,2021-09-13 15:46:52.882,2021-09-13 15:55:53.060,2021-09-14 16:36:34.006,2021-09-16 16:36:34.006
5037139,2021-09-07,2021-09-13 15:51:55.441,2021-09-14 15:51:55.441,2021-09-15 15:51:55.441,2021-09-17 15:51:55.441
5025224,2021-09-07,2021-09-13 15:57:30.776,2021-09-14 15:57:30.776,2021-09-16 01:54:26.783,2021-09-20 01:54:26.783
5033329,2021-09-07,2021-09-13 16:01:14.765,2021-09-15 16:01:14.765,2021-09-16 19:09:12.946,2021-09-20 19:09:12.946
5023844,2021-09-07,2021-09-13 16:14:59.552,2021-09-16 12:01:42.495,2021-09-20 01:10:31.688,
5032293,2021-09-07,2021-09-13 16:16:59.166,2021-09-13 16:16:59.166,2021-09-14 16:16:59.166,2021-09-16 16:16:59.166
5027029,2021-09-07,2021-09-13 16:18:35.225,2021-09-13 16:18:35.225,2021-09-14 22:24:53.579,2021-09-16 22:24:53.579
5024056,2021-09-07,2021-09-13 16:51:10.720,2021-09-14 16:51:10.720,2021-09-16 05:30:04.723,2021-09-20 05:30:04.723
5028712,2021-09-07,2021-09-13 16:52:24.031,2021-09-20 06:56:07.506,2021-09-20 06:56:07.506,
5028182,2021-09-07,2021-09-13 17:23:24.796,2021-09-15 10:42:44.222,2021-09-16 10:42:44.222,2021-09-20 10:42:44.222
5029504,2021-09-07,2021-09-13 17:38:00.930,2021-09-17 05:25:36.550,2021-09-20 05:25:36.550,
5036612,2021-09-07,2021-09-13 17:42:10.532,2021-09-15 08:56:17.974,2021-09-16 08:56:17.974,2021-09-20 08:56:17.974
5022088,2021-09-07,2021-09-13 17:42:44.969,2021-09-13 17:57:13.744,2021-09-15 01:43:57.023,2021-09-17 01:43:57.023
5030361,2021-09-07,2021-09-13 17:45:20.873,2021-09-20 09:48:40.197,2021-09-20 09:48:40.197,
5030542,2021-09-07,2021-09-13 17:45:43.907,2021-09-16 15:27:59.329,2021-09-17 15:27:59.329,2021-09-20 15:27:59.329
5028956,2021-09-07,2021-09-13 17:52:05.560,2021-09-14 17:52:05.560,2021-09-15 17:52:05.560,2021-09-17 17:52:05.560
5032114,2021-09-07,2021-09-13 17:56:04.601,2021-09-13 17:56:04.601,2021-09-15 19:28:40.091,2021-09-17 19:28:40.091
5034677,2021-09-07,2021-09-13 18:21:40.687,2021-09-15 03:14:59.505,2021-09-16 14:48:51.383,2021-09-20 14:48:51.383
5032950,2021-09-07,2021-09-13 18:26:38.176,2021-09-14 18:26:38.176,2021-09-15 18:26:38.176,2021-09-17 18:26:38.176
5035322,2021-09-07,2021-09-13 18:27:33.247,2021-09-13 18:27:33.247,2021-09-14 18:27:33.247,2021-09-16 18:27:33.247
5028016,2021-09-07,2021-09-13 20:02:26.198,2021-09-14 20:02:26.198,2021-09-16 04:12:54.779,2021-09-20 04:12:54.779
5036289,2021-09-07,2021-09-13 20:15:07.266,2021-09-14 20:15:07.266,2021-09-20 06:20:14.458,
5030506,2021-09-07,2021-09-13 21:31:29.038,2021-09-16 01:29:10.005,2021-09-20 12:32:12.716,
5024133,2021-09-07,2021-09-13 21:50:27.352,2021-09-16 19:04:18.710,2021-09-20 12:15:12.572,
5028009,2021-09-07,2021-09-13 22:10:41.418,2021-09-14 22:10:41.418,2021-09-16 11:40:26.194,2021-09-20 11:40:26.194
5032461,2021-09-07,2021-09-13 22:46:12.037,2021-09-16 02:00:11.623,2021-09-17 02:00:11.623,2021-09-20 02:00:11.623
5022764,2021-09-07,2021-09-13 22:51:13.423,2021-09-14 22:51:13.423,2021-09-15 22:51:13.423,2021-09-17 22:51:13.423
5026422,2021-09-07,2021-09-13 23:11:37.044,2021-09-15 23:11:37.044,2021-09-17 14:36:13.824,2021-09-20 14:36:13.824
5029329,2021-09-07,2021-09-13 23:20:06.007,2021-09-15 23:20:06.007,2021-09-17 14:49:10.913,2021-09-20 14:49:10.913
5030011,2021-09-07,2021-09-13 23:27:19.131,2021-09-14 23:27:19.131,2021-09-15 23:27:19.131,2021-09-17 23:27:19.131
5033054,2021-09-07,2021-09-13 23:35:23.663,2021-09-15 02:41:10.293,2021-09-16 07:19:09.037,2021-09-20 07:19:09.037
5023559,2021-09-07,2021-09-13 23:37:23.100,2021-09-15 09:07:08.149,2021-09-16 09:07:08.149,2021-09-20 09:07:08.149
5029584,2021-09-07,2021-09-13 23:46:10.431,2021-09-13 23:46:10.431,2021-09-15 07:26:44.853,2021-09-17 07:26:44.853
5028621,2021-09-07,2021-09-14 00:18:15.591,2021-09-16 00:18:15.591,2021-09-17 03:42:56.730,2021-09-20 03:42:56.730
5030625,2021-09-07,2021-09-14 05:09:05.105,2021-09-17 14:40:57.591,2021-09-20 14:40:57.591,
5025864,2021-09-07,2021-09-14 06:19:54.247,2021-09-16 06:19:54.247,2021-09-17 06:19:54.247,2021-09-20 06:19:54.247
5030715,2021-09-07,2021-09-14 08:37:35.818,2021-09-16 08:37:35.818,2021-09-17 08:37:35.818,2021-09-20 08:37:35.818
5033896,2021-09-07,2021-09-14 10:04:50.241,2021-09-16 10:04:50.241,2021-09-17 11:28:55.814,2021-09-20 11:28:55.814
5026140,2021-09-07,2021-09-14 11:16:53.041,2021-09-16 11:16:53.041,2021-09-17 11:16:53.041,2021-09-20 11:16:53.041
5021561,2021-09-07,2021-09-14 15:03:43.108,2021-09-17 05:53:15.596,2021-09-20 09:12:18.908,
5028097,2021-09-07,2021-09-14 15:44:37.793,2021-09-16 15:44:37.793,2021-09-17 15:44:37.793,2021-09-20 15:44:37.793
5036731,2021-09-07,2021-09-14 16:08:49.351,2021-09-16 16:08:49.351,2021-09-17 16:08:49.351,2021-09-20 16:08:49.351
5034072,2021-09-07,2021-09-14 17:24:24.998,2021-09-16 17:24:24.998,2021-09-17 17:24:24.998,2021-09-20 17:24:24.998
5025063,2021-09-07,2021-09-14 23:03:25.289,2021-09-20 14:50:14.594,2021-09-20 07:10:43.010,
5022421,2021-09-07,2021-09-15 02:40:26.574,2021-09-20 05:14:17.447,2021-09-20 23:01:26.728,
5030867,2021-09-07,2021-09-15 03:47:44.507,2021-09-17 03:47:44.507,2021-09-20 03:58:24.034,
5030406,2021-09-07,2021-09-15 07:33:49.308,2021-09-17 07:33:49.308,2021-09-20 07:33:49.308,
5022770,2021-09-07,2021-09-15 09:09:58.856,2021-09-17 23:27:42.599,2021-09-20 07:49:24.545,
5036168,2021-09-07,2021-09-15 09:30:17.385,2021-09-17 09:30:17.385,2021-09-20 09:30:17.385,
5029856,2021-09-07,2021-09-20 05:14:59.921,2021-09-20 05:14:59.921,2021-09-21 05:14:59.921,
5025620,2021-09-08,2021-09-10 00:00:00.000,2021-09-13 00:00:00.000,2021-09-13 00:00:00.000,2021-09-15 00:00:00.000
5032226,2021-09-08,2021-09-10 00:00:00.000,2021-09-13 00:00:00.000,2021-09-13 00:00:00.000,2021-09-15 00:00:00.000
5032119,2021-09-08,2021-09-10 00:00:00.000,2021-09-13 00:00:00.000,2021-09-13 00:00:00.000,2021-09-15 00:00:00.000
5028318,2021-09-08,2021-09-10 00:00:00.000,2021-09-13 00:00:00.000,2021-09-13 00:00:00.000,2021-09-15 00:00:00.000
5032608,2021-09-08,2021-09-10 00:00:00.000,2021-09-13 00:00:00.000,2021-09-13 00:00:00.000,2021-09-15 00:00:00.000
5030656,2021-09-08,2021-09-10 00:00:00.000,2021-09-13 00:00:00.000,2021-09-13 00:00:00.000,2021-09-15 00:00:00.000
5033297,2021-09-08,2021-09-10 00:00:00.000,2021-09-13 00:00:00.000,2021-09-13 00:00:00.000,2021-09-15 00:00:00.000
5035019,2021-09-08,2021-09-10 00:00:00.000,2021-09-13 00:00:00.000,2021-09-13 04:49:30.523,2021-09-15 04:49:30.523
5032272,2021-09-08,2021-09-10 00:00:00.000,2021-09-13 00:00:00.000,2021-09-13 08:00:21.017,2021-09-15 08:00:21.017
5026496,2021-09-08,2021-09-10 00:00:00.000,2021-09-13 00:00:00.000,2021-09-13 09:29:28.542,2021-09-15 09:29:28.542
5027828,2021-09-08,2021-09-10 00:00:00.000,2021-09-13 00:00:00.000,2021-09-13 09:35:23.048,2021-09-15 09:35:23.048
5026178,2021-09-08,2021-09-10 00:00:00.000,2021-09-13 00:00:00.000,2021-09-13 09:58:48.354,2021-09-15 09:58:48.354
5029845,2021-09-08,2021-09-10 00:00:00.000,2021-09-13 00:00:00.000,2021-09-13 13:01:21.286,2021-09-15 13:01:21.286
5034112,2021-09-08,2021-09-10 00:00:00.000,2021-09-13 00:00:00.000,2021-09-13 14:15:02.076,2021-09-15 14:15:02.076
5035149,2021-09-08,2021-09-10 00:00:00.000,2021-09-13 00:00:00.000,2021-09-13 17:46:15.107,2021-09-15 17:46:15.107
5034977,2021-09-08,2021-09-10 00:00:00.000,2021-09-13 00:00:00.000,2021-09-13 21:40:58.869,2021-09-15 21:40:58.869
5029726,2021-09-08,2021-09-10 00:00:00.000,2021-09-13 00:00:00.000,2021-09-13 22:45:17.867,2021-09-15 22:45:17.867
5024200,2021-09-08,2021-09-10 00:00:00.000,2021-09-13 00:00:00.000,2021-09-14 04:09:12.542,2021-09-16 04:09:12.542
5025544,2021-09-08,2021-09-10 00:00:00.000,2021-09-13 00:00:00.000,2021-09-14 08:41:35.416,2021-09-16 08:41:35.416
5025274,2021-09-08,2021-09-10 00:00:00.000,2021-09-13 01:55:08.480,2021-09-14 14:17:00.213,2021-09-16 14:17:00.213
5033986,2021-09-08,2021-09-10 00:00:00.000,2021-09-13 14:26:36.726,2021-09-13 19:15:14.284,2021-09-15 19:15:14.284
5028895,2021-09-08,2021-09-10 00:00:00.000,2021-09-13 15:16:08.482,2021-09-13 15:16:08.482,2021-09-15 15:16:08.482
5031529,2021-09-08,2021-09-10 00:00:00.000,2021-09-13 15:18:55.537,2021-09-15 05:14:34.244,2021-09-17 05:14:34.244
5032799,2021-09-08,2021-09-10 00:00:00.000,2021-09-13 16:04:55.896,2021-09-13 23:16:28.336,2021-09-15 23:16:28.336
5030468,2021-09-08,2021-09-10 00:00:00.000,2021-09-13 18:32:05.717,2021-09-13 18:32:05.717,2021-09-15 18:32:05.717
5023477,2021-09-08,2021-09-10 00:00:00.000,2021-09-13 19:50:28.545,2021-09-13 19:50:28.545,2021-09-15 19:50:28.545
5030722,2021-09-08,2021-09-10 00:00:00.000,2021-09-13 22:49:59.011,2021-09-14 22:49:59.011,2021-09-16 22:49:59.011
5024437,2021-09-08,2021-09-10 00:00:00.000,2021-09-14 01:58:40.292,2021-09-15 01:58:40.292,2021-09-17 01:58:40.292
5032445,2021-09-08,2021-09-10 00:00:00.000,2021-09-14 02:51:45.124,2021-09-15 02:51:45.124,2021-09-17 02:51:45.124
5028201,2021-09-08,2021-09-10 00:00:00.000,2021-09-14 06:25:58.661,2021-09-15 06:25:58.661,2021-09-17 06:25:58.661
5029008,2021-09-08,2021-09-10 00:00:00.000,2021-09-14 14:49:53.219,2021-09-16 15:15:24.988,2021-09-20 15:15:24.988
5021606,2021-09-08,2021-09-10 00:00:00.000,2021-09-14 19:45:51.990,2021-09-15 19:45:51.990,2021-09-17 19:45:51.990
5025303,2021-09-08,2021-09-10 00:00:00.000,2021-09-15 08:21:25.883,2021-09-16 08:21:25.883,2021-09-20 08:21:25.883
5030752,2021-09-08,2021-09-10 00:00:00.000,2021-09-15 12:01:17.941,2021-09-17 04:53:55.976,2021-09-20 04:53:55.976
5024491,2021-09-08,2021-09-10 00:00:00.000,2021-09-15 19:42:41.876,2021-09-16 19:42:41.876,2021-09-20 19:42:41.876
5029869,2021-09-08,2021-09-10 00:00:00.000,2021-09-17 23:43:11.401,2021-09-20 17:00:31.289,
5036075,2021-09-08,2021-09-10 00:23:49.218,2021-09-13 00:23:49.218,2021-09-13 00:23:49.218,2021-09-15 00:23:49.218
5022275,2021-09-08,2021-09-10 00:43:57.802,2021-09-13 00:43:57.802,2021-09-13 00:43:57.802,2021-09-15 00:43:57.802
5021488,2021-09-08,2021-09-10 01:07:32.384,2021-09-13 01:07:32.384,2021-09-13 23:35:51.192,2021-09-15 23:35:51.192
5030748,2021-09-08,2021-09-10 01:28:59.198,2021-09-13 01:28:59.198,2021-09-13 01:28:59.198,2021-09-15 01:28:59.198
5033231,2021-09-08,2021-09-10 02:32:10.355,2021-09-13 02:32:10.355,2021-09-13 02:32:10.355,2021-09-15 02:32:10.355
5032621,2021-09-08,2021-09-10 04:03:44.632,2021-09-13 01:08:51.490,2021-09-14 12:32:17.717,2021-09-16 12:32:17.717
5026506,2021-09-08,2021-09-10 04:15:13.003,2021-09-13 01:10:22.687,2021-09-14 01:10:22.687,2021-09-16 01:10:22.687
5027793,2021-09-08,2021-09-10 06:00:55.479,2021-09-15 04:30:36.588,2021-09-17 15:01:35.057,2021-09-20 15:01:35.057
5023813,2021-09-08,2021-09-10 06:17:14.808,2021-09-13 07:45:42.827,2021-09-14 15:23:30.878,2021-09-16 15:23:30.878
5028210,2021-09-08,2021-09-10 06:18:12.277,2021-09-13 06:18:12.277,2021-09-13 22:47:10.556,2021-09-15 22:47:10.556
5034762,2021-09-08,2021-09-10 08:15:51.371,2021-09-13 08:15:51.371,2021-09-13 14:11:35.605,2021-09-15 14:11:35.605
5033614,2021-09-08,2021-09-10 09:18:20.340,2021-09-13 09:18:20.340,2021-09-13 09:18:20.340,2021-09-15 09:18:20.340
5030508,2021-09-08,2021-09-10 09:56:07.296,2021-09-13 11:02:19.622,2021-09-13 11:02:19.622,2021-09-15 11:02:19.622
5029974,2021-09-08,2021-09-10 10:16:25.517,2021-09-13 01:39:24.146,2021-09-14 01:39:24.146,2021-09-16 01:39:24.146
5037123,2021-09-08,2021-09-10 10:30:09.989,2021-09-13 10:30:09.989,2021-09-13 10:30:09.989,2021-09-15 10:30:09.989
5023805,2021-09-08,2021-09-10 10:45:12.497,2021-09-13 10:45:12.497,2021-09-14 04:03:49.375,2021-09-16 04:03:49.375
5031140,2021-09-08,2021-09-10 10:54:58.094,2021-09-13 04:33:59.267,2021-09-14 04:33:59.267,2021-09-16 04:33:59.267
5028827,2021-09-08,2021-09-10 11:06:14.517,2021-09-13 20:04:04.805,2021-09-14 13:11:11.270,2021-09-16 13:11:11.270
5021665,2021-09-08,2021-09-10 11:18:14.125,2021-09-13 12:30:05.569,2021-09-13 12:30:05.569,2021-09-15 12:30:05.569
5024401,2021-09-08,2021-09-10 11:28:31.168,2021-09-13 11:28:31.168,2021-09-13 11:28:31.168,2021-09-15 11:28:31.168
5030808,2021-09-08,2021-09-10 11:53:38.467,2021-09-13 08:46:56.941,2021-09-14 08:46:56.941,2021-09-16 08:46:56.941
5031563,2021-09-08,2021-09-10 13:13:01.207,2021-09-13 13:13:01.207,2021-09-13 13:13:01.207,2021-09-15 13:13:01.207
5021493,2021-09-08,2021-09-10 13:20:30.951,2021-09-13 16:14:50.056,2021-09-14 16:14:50.056,2021-09-16 16:14:50.056
5034795,2021-09-08,2021-09-10 13:59:27.207,2021-09-13 13:59:27.207,2021-09-14 10:41:33.553,2021-09-16 10:41:33.553
5021848,2021-09-08,2021-09-10 14:07:21.548,2021-09-13 14:07:21.548,2021-09-13 14:07:21.548,2021-09-15 14:07:21.548
5023274,2021-09-08,2021-09-10 14:14:56.857,2021-09-13 19:45:41.751,2021-09-15 08:04:20.404,2021-09-17 08:04:20.404
5032496,2021-09-08,2021-09-10 14:26:45.639,2021-09-13 08:03:53.743,2021-09-15 07:44:23.897,2021-09-17 07:44:23.897
5027251,2021-09-08,2021-09-10 14:43:05.437,2021-09-17 03:09:43.487,2021-09-20 18:13:11.860,
5025880,2021-09-08,2021-09-10 17:00:48.430,2021-09-13 17:00:48.430,2021-09-14 03:58:37.565,2021-09-16 03:58:37.565
5037022,2021-09-08,2021-09-10 17:10:15.496,2021-09-13 17:10:15.496,2021-09-13 17:10:15.496,2021-09-15 17:10:15.496
5026517,2021-09-08,2021-09-10 17:10:55.220,2021-09-14 04:00:41.176,2021-09-15 04:00:41.176,2021-09-17 04:00:41.176
5026290,2021-09-08,2021-09-10 17:16:49.986,2021-09-14 12:14:04.715,2021-09-16 21:20:06.847,2021-09-20 21:20:06.847
5023843,2021-09-08,2021-09-10 17:26:33.523,2021-09-13 17:26:33.523,2021-09-15 03:19:27.849,2021-09-17 03:19:27.849
5035158,2021-09-08,2021-09-10 17:38:38.799,2021-09-13 18:22:40.299,2021-09-13 18:22:40.299,2021-09-15 18:22:40.299
5023854,2021-09-08,2021-09-10 18:02:05.591,2021-09-13 18:02:05.591,2021-09-13 18:02:05.591,2021-09-15 18:02:05.591
5022591,2021-09-08,2021-09-10 18:19:39.081,2021-09-13 18:19:39.081,2021-09-15 02:35:53.427,2021-09-17 02:35:53.427
5023290,2021-09-08,2021-09-10 19:04:45.905,2021-09-14 04:07:55.275,2021-09-15 04:07:55.275,2021-09-17 04:07:55.275
5037498,2021-09-08,2021-09-10 19:52:17.672,2021-09-13 19:52:17.672,2021-09-15 04:16:51.393,2021-09-17 04:16:51.393
5035243,2021-09-08,2021-09-10 19:59:29.449,2021-09-13 19:59:29.449,2021-09-13 19:59:29.449,2021-09-15 19:59:29.449
5023038,2021-09-08,2021-09-10 20:02:59.363,2021-09-14 07:09:33.973,2021-09-16 10:25:41.220,2021-09-20 10:25:41.220
5030057,2021-09-08,2021-09-10 21:23:48.562,2021-09-13 20:29:52.681,2021-09-16 00:45:20.429,2021-09-20 00:45:20.429
5022439,2021-09-08,2021-09-10 22:19:55.873,2021-09-13 22:19:55.873,2021-09-14 04:56:28.262,2021-09-16 04:56:28.262
5036944,2021-09-08,2021-09-10 22:22:51.853,2021-09-13 21:57:04.650,2021-09-14 21:57:04.650,2021-09-16 21:57:04.650
5032870,2021-09-08,2021-09-10 22:39:47.252,2021-09-16 18:59:59.403,2021-09-20 09:58:36.247,
5025554,2021-09-08,2021-09-10 22:48:09.580,2021-09-14 22:13:31.947,2021-09-15 22:13:31.947,2021-09-17 22:13:31.947
5029969,2021-09-08,2021-09-10 23:05:26.600,2021-09-13 22:58:43.794,2021-09-16 11:23:20.505,2021-09-20 11:23:20.505
5022448,2021-09-08,2021-09-10 23:17:12.638,2021-09-13 23:17:12.638,2021-09-15 03:57:14.783,2021-09-17 03:57:14.783
5025440,2021-09-08,2021-09-10 23:36:39.980,2021-09-13 23:36:39.980,2021-09-13 23:36:39.980,2021-09-15 23:36:39.980
5030388,2021-09-08,2021-09-13 00:00:46.709,2021-09-15 00:00:46.709,2021-09-16 13:56:55.138,2021-09-20 13:56:55.138
5023851,2021-09-08,2021-09-13 00:16:06.269,2021-09-15 00:16:06.269,2021-09-16 00:16:06.269,2021-09-20 00:16:06.269
5034744,2021-09-08,2021-09-13 00:24:34.694,2021-09-14 00:24:34.694,2021-09-17 00:48:46.222,2021-09-20 00:48:46.222
5034865,2021-09-08,2021-09-13 00:26:21.967,2021-09-16 12:59:41.481,2021-09-17 12:59:41.481,2021-09-20 12:59:41.481
5037177,2021-09-08,2021-09-13 00:40:30.047,2021-09-14 00:40:30.047,2021-09-15 00:40:30.047,2021-09-17 00:40:30.047
5026170,2021-09-08,2021-09-13 01:10:08.678,2021-09-14 01:10:08.678,2021-09-15 01:10:08.678,2021-09-17 01:10:08.678
5032207,2021-09-08,2021-09-13 01:11:26.615,2021-09-15 21:17:54.461,2021-09-17 14:45:28.103,2021-09-20 14:45:28.103
5029574,2021-09-08,2021-09-13 01:29:20.837,2021-09-14 01:29:20.837,2021-09-15 01:29:20.837,2021-09-17 01:29:20.837
5030768,2021-09-08,2021-09-13 01:54:58.158,2021-09-14 15:31:07.760,2021-09-20 03:03:26.040,
5025658,2021-09-08,2021-09-13 02:09:35.543,2021-09-13 02:09:35.543,2021-09-14 02:09:35.543,2021-09-16 02:09:35.543
5037155,2021-09-08,2021-09-13 02:09:44.195,2021-09-13 14:01:27.873,2021-09-15 12:29:12.405,2021-09-17 12:29:12.405
5036593,2021-09-08,2021-09-13 02:38:26.405,2021-09-15 02:38:26.405,2021-09-16 05:12:21.024,2021-09-20 05:12:21.024
5035138,2021-09-08,2021-09-13 02:41:37.006,2021-09-13 02:41:37.006,2021-09-14 02:41:37.006,2021-09-16 02:41:37.006
5025572,2021-09-08,2021-09-13 03:12:37.572,2021-09-15 03:12:37.572,2021-09-17 02:30:29.317,2021-09-20 02:30:29.317
5023190,2021-09-08,2021-09-13 03:14:33.674,2021-09-13 03:14:33.674,2021-09-14 03:14:33.674,2021-09-16 03:14:33.674
5028729,2021-09-08,2021-09-13 03:26:44.248,2021-09-14 09:36:27.065,2021-09-15 16:15:30.211,2021-09-17 16:15:30.211
5031412,2021-09-08,2021-09-13 03:31:03.041,2021-09-16 05:43:34.467,2021-09-17 05:43:34.467,2021-09-20 05:43:34.467
5028727,2021-09-08,2021-09-13 03:38:07.515,2021-09-14 03:38:07.515,2021-09-15 10:49:32.918,2021-09-17 10:49:32.918
5026608,2021-09-08,2021-09-13 03:43:56.105,2021-09-16 16:52:40.127,2021-09-17 20:16:14.779,2021-09-20 20:16:14.779
5033498,2021-09-08,2021-09-13 04:40:43.093,2021-09-16 09:03:01.058,2021-09-17 09:03:01.058,2021-09-20 09:03:01.058
5022556,2021-09-08,2021-09-13 04:50:40.491,2021-09-15 04:50:40.491,2021-09-17 00:55:30.020,2021-09-20 00:55:30.020
5032895,2021-09-08,2021-09-13 04:51:46.167,2021-09-15 04:51:46.167,2021-09-17 22:13:45.306,2021-09-20 22:13:45.306
5031692,2021-09-08,2021-09-13 04:55:46.214,2021-09-13 04:55:46.214,2021-09-15 02:07:51.066,2021-09-17 02:07:51.066
5021610,2021-09-08,2021-09-13 05:02:09.361,2021-09-15 05:02:09.361,2021-09-16 17:11:18.591,2021-09-20 17:11:18.591
5036307,2021-09-08,2021-09-13 05:07:32.493,2021-09-17 23:46:57.737,2021-09-20 23:46:57.737,
5031050,2021-09-08,2021-09-13 05:39:28.551,2021-09-15 05:39:28.551,2021-09-16 13:27:05.161,2021-09-20 13:27:05.161
5036917,2021-09-08,2021-09-13 05:44:58.355,2021-09-14 06:45:14.625,2021-09-15 06:45:14.625,2021-09-17 06:45:14.625
5025651,2021-09-08,2021-09-13 05:46:50.400,2021-09-13 10:39:43.449,2021-09-14 10:39:43.449,2021-09-16 10:39:43.449
5034071,2021-09-08,2021-09-13 05:56:25.495,2021-09-16 05:10:42.893,2021-09-17 05:10:42.893,2021-09-20 05:10:42.893
5028147,2021-09-08,2021-09-13 05:57:06.112,2021-09-13 05:57:06.112,2021-09-14 05:57:06.112,2021-09-16 05:57:06.112
5035141,2021-09-08,2021-09-13 06:10:35.587,2021-09-17 22:10:08.197,2021-09-20 05:37:03.383,
5024876,2021-09-08,2021-09-13 06:17:15.521,2021-09-14 06:17:15.521,2021-09-15 22:28:30.212,2021-09-17 22:28:30.212
5025614,2021-09-08,2021-09-13 06:21:13.336,2021-09-14 13:35:37.924,2021-09-16 05:02:04.335,2021-09-20 05:02:04.335
5030639,2021-09-08,2021-09-13 06:25:35.445,2021-09-16 00:03:15.847,2021-09-17 00:58:08.958,2021-09-20 00:58:08.958
5026577,2021-09-08,2021-09-13 06:30:08.140,2021-09-16 17:07:33.101,2021-09-17 17:07:33.101,2021-09-20 17:07:33.101
5034250,2021-09-08,2021-09-13 06:38:08.209,2021-09-14 06:38:08.209,2021-09-15 06:38:08.209,2021-09-17 06:38:08.209
5028093,2021-09-08,2021-09-13 06:53:45.928,2021-09-14 06:53:45.928,2021-09-16 20:12:22.589,2021-09-20 20:12:22.589
5029001,2021-09-08,2021-09-13 06:56:24.834,2021-09-14 06:56:24.834,2021-09-15 13:01:26.021,2021-09-17 13:01:26.021
5034819,2021-09-08,2021-09-13 06:58:50.216,2021-09-17 15:08:24.970,2021-09-20 23:40:27.050,
5032377,2021-09-08,2021-09-13 07:05:27.984,2021-09-15 07:05:27.984,2021-09-16 07:05:27.984,2021-09-20 07:05:27.984
5031641,2021-09-08,2021-09-13 07:15:20.034,2021-09-17 01:56:29.840,2021-09-20 01:56:29.840,
5024448,2021-09-08,2021-09-13 07:20:17.124,2021-09-15 07:20:17.124,2021-09-16 13:34:37.231,2021-09-20 13:34:37.231
5023342,2021-09-08,2021-09-13 07:40:30.440,2021-09-13 07:40:30.440,2021-09-15 02:22:42.760,2021-09-17 02:22:42.760
5037519,2021-09-08,2021-09-13 07:45:55.755,2021-09-14 22:04:05.273,2021-09-15 22:04:05.273,2021-09-17 22:04:05.273
5031586,2021-09-08,2021-09-13 07:46:31.046,2021-09-13 22:48:06.172,2021-09-15 06:19:18.329,2021-09-17 06:19:18.329
5022454,2021-09-08,2021-09-13 07:51:30.665,2021-09-15 20:45:56.107,2021-09-17 04:38:50.594,2021-09-20 04:38:50.594
5023848,2021-09-08,2021-09-13 07:54:26.215,2021-09-15 08:17:12.496,2021-09-16 15:36:59.535,2021-09-20 15:36:59.535
5031252,2021-09-08,2021-09-13 08:24:28.601,2021-09-13 08:24:28.601,2021-09-14 08:24:28.601,2021-09-16 08:24:28.601
5026546,2021-09-08,2021-09-13 08:31:18.927,2021-09-13 08:31:18.927,2021-09-14 08:31:18.927,2021-09-16 08:31:18.927
5023809,2021-09-08,2021-09-13 08:32:04.722,2021-09-14 08:32:04.722,2021-09-15 08:32:04.722,2021-09-17 08:32:04.722
5037247,2021-09-08,2021-09-13 09:02:55.465,2021-09-17 00:53:39.652,2021-09-20 00:53:39.652,
5025643,2021-09-08,2021-09-13 09:03:38.696,2021-09-15 09:03:38.696,2021-09-16 09:03:38.696,2021-09-20 09:03:38.696
5030129,2021-09-08,2021-09-13 09:09:54.928,2021-09-13 09:09:54.928,2021-09-14 11:14:58.399,2021-09-16 11:14:58.399
5024316,2021-09-08,2021-09-13 09:17:16.406,2021-09-16 04:43:40.059,2021-09-17 11:24:54.687,2021-09-20 11:24:54.687
5030216,2021-09-08,2021-09-13 09:40:08.612,2021-09-14 09:40:08.612,2021-09-15 09:40:08.612,2021-09-17 09:40:08.612
5025789,2021-09-08,2021-09-13 09:49:47.532,2021-09-13 09:49:47.532,2021-09-14 09:49:47.532,2021-09-16 09:49:47.532
5024503,2021-09-08,2021-09-13 09:53:30.101,2021-09-15 09:53:30.101,2021-09-17 06:27:36.994,2021-09-20 06:27:36.994
5024278,2021-09-08,2021-09-13 09:55:32.783,2021-09-13 09:55:32.783,2021-09-15 04:17:10.885,2021-09-17 04:17:10.885
5024992,2021-09-08,2021-09-13 09:58:20.260,2021-09-13 09:58:20.260,2021-09-14 09:58:20.260,2021-09-16 09:58:20.260
5034951,2021-09-08,2021-09-13 10:09:35.883,2021-09-15 22:15:41.514,2021-09-16 22:15:41.514,2021-09-20 22:15:41.514
5034850,2021-09-08,2021-09-13 10:18:10.838,2021-09-16 05:59:40.729,2021-09-17 07:11:11.648,2021-09-20 07:11:11.648
5036244,2021-09-08,2021-09-13 10:29:20.282,2021-09-13 10:29:20.282,2021-09-14 10:29:20.282,2021-09-16 10:29:20.282
5030988,2021-09-08,2021-09-13 10:35:50.406,2021-09-15 09:47:26.309,2021-09-16 20:31:22.071,2021-09-20 20:31:22.071
5024140,2021-09-08,2021-09-13 10:35:52.018,2021-09-15 01:50:26.891,2021-09-17 06:02:20.899,2021-09-20 06:02:20.899
5023417,2021-09-08,2021-09-13 11:10:19.509,2021-09-15 19:17:17.135,2021-09-17 19:49:30.189,2021-09-20 19:49:30.189
5025854,2021-09-08,2021-09-13 11:22:47.382,2021-09-14 11:22:47.382,2021-09-15 23:45:06.997,2021-09-17 23:45:06.997
5032688,2021-09-08,2021-09-13 11:27:22.980,2021-09-14 11:27:22.980,2021-09-16 13:46:54.133,2021-09-20 13:46:54.133
5037013,2021-09-08,2021-09-13 11:34:57.280,2021-09-14 11:34:57.280,2021-09-17 04:21:56.819,2021-09-20 04:21:56.819
5028412,2021-09-08,2021-09-13 11:53:40.414,2021-09-15 22:32:10.934,2021-09-17 08:49:40.612,2021-09-20 08:49:40.612
5032669,2021-09-08,2021-09-13 12:07:21.084,2021-09-13 12:07:21.084,2021-09-15 13:05:06.358,2021-09-17 13:05:06.358
5025501,2021-09-08,2021-09-13 12:07:36.057,2021-09-13 12:07:36.057,2021-09-15 05:21:51.945,2021-09-17 05:21:51.945
5030538,2021-09-08,2021-09-13 12:16:45.264,2021-09-13 12:16:45.264,2021-09-14 16:14:25.571,2021-09-16 16:14:25.571
5023544,2021-09-08,2021-09-13 12:24:01.895,2021-09-15 12:24:01.895,2021-09-20 09:17:56.851,
5021516,2021-09-08,2021-09-13 12:32:47.429,2021-09-13 12:32:47.429,2021-09-14 16:19:35.018,2021-09-16 16:19:35.018
5021568,2021-09-08,2021-09-13 12:36:30.926,2021-09-15 12:36:30.926,2021-09-17 12:26:29.850,2021-09-20 12:26:29.850
5030105,2021-09-08,2021-09-13 13:06:12.552,2021-09-14 13:06:12.552,2021-09-15 13:06:12.552,2021-09-17 13:06:12.552
5030799,2021-09-08,2021-09-13 13:14:06.370,2021-09-14 13:14:06.370,2021-09-15 13:14:06.370,2021-09-17 13:14:06.370
5031377,2021-09-08,2021-09-13 13:24:48.050,2021-09-14 13:24:48.050,2021-09-15 13:24:48.050,2021-09-17 13:24:48.050
5026559,2021-09-08,2021-09-13 13:25:35.850,2021-09-14 13:25:35.850,2021-09-15 13:25:35.850,2021-09-17 13:25:35.850
5035205,2021-09-08,2021-09-13 13:28:48.541,2021-09-14 13:28:48.541,2021-09-15 15:54:41.934,2021-09-17 15:54:41.934
5024314,2021-09-08,2021-09-13 13:50:34.783,2021-09-15 13:25:30.674,2021-09-17 04:53:00.360,2021-09-20 04:53:00.360
5026595,2021-09-08,2021-09-13 13:52:39.909,2021-09-16 23:22:13.421,2021-09-17 23:22:13.421,2021-09-20 23:22:13.421
5030452,2021-09-08,2021-09-13 14:06:46.729,2021-09-14 14:06:46.729,2021-09-16 04:10:42.889,2021-09-20 04:10:42.889
5025452,2021-09-08,2021-09-13 14:07:31.067,2021-09-15 14:07:31.067,2021-09-16 14:07:31.067,2021-09-20 14:07:31.067
5022190,2021-09-08,2021-09-13 14:13:12.734,2021-09-16 12:14:04.796,2021-09-17 12:14:04.796,2021-09-20 12:14:04.796
5023524,2021-09-08,2021-09-13 14:29:14.773,2021-09-14 14:29:14.773,2021-09-15 16:33:38.567,2021-09-17 16:33:38.567
5036607,2021-09-08,2021-09-13 14:33:58.601,2021-09-17 00:38:23.114,2021-09-20 00:38:23.114,
5022925,2021-09-08,2021-09-13 14:37:40.895,2021-09-14 14:37:40.895,2021-09-15 14:37:40.895,2021-09-17 14:37:40.895
5031078,2021-09-08,2021-09-13 14:56:50.301,2021-09-15 18:12:06.954,2021-09-16 18:12:06.954,2021-09-20 18:12:06.954
5024151,2021-09-08,2021-09-13 14:57:09.088,2021-09-14 14:57:09.088,2021-09-15 14:57:09.088,2021-09-17 14:57:09.088
5025799,2021-09-08,2021-09-13 15:01:59.099,2021-09-16 18:03:25.607,2021-09-17 18:03:25.607,2021-09-20 18:03:25.607
5022790,2021-09-08,2021-09-13 15:34:57.480,2021-09-13 15:34:57.480,2021-09-14 15:34:57.480,2021-09-16 15:34:57.480
5032107,2021-09-08,2021-09-13 15:47:03.677,2021-09-16 22:40:36.086,2021-09-17 22:40:36.086,2021-09-20 22:40:36.086
5034086,2021-09-08,2021-09-13 16:16:52.657,2021-09-14 16:16:52.657,2021-09-15 16:16:52.657,2021-09-17 16:16:52.657
5035482,2021-09-08,2021-09-13 16:28:49.611,2021-09-16 23:38:35.437,2021-09-20 13:05:55.373,
5028123,2021-09-08,2021-09-13 16:30:39.943,2021-09-17 03:45:40.103,2021-09-20 03:45:40.103,
5025397,2021-09-08,2021-09-13 16:38:59.092,2021-09-16 09:15:44.067,2021-09-17 09:15:44.067,2021-09-20 09:15:44.067
5036099,2021-09-08,2021-09-13 16:42:16.936,2021-09-15 22:52:31.508,2021-09-16 22:52:31.508,2021-09-20 22:52:31.508
5034119,2021-09-08,2021-09-13 16:44:55.844,2021-09-13 16:44:55.844,2021-09-14 16:44:55.844,2021-09-16 16:44:55.844
5024227,2021-09-08,2021-09-13 16:47:09.093,2021-09-15 16:47:09.093,2021-09-17 14:27:12.916,2021-09-20 14:27:12.916
5036544,2021-09-08,2021-09-13 16:55:16.552,2021-09-15 20:05:26.307,2021-09-16 23:37:55.453,2021-09-20 23:37:55.453
5036210,2021-09-08,2021-09-13 17:17:12.033,2021-09-13 17:17:12.033,2021-09-15 21:46:58.633,2021-09-17 21:46:58.633
5028098,2021-09-08,2021-09-13 17:18:00.262,2021-09-15 17:18:00.262,2021-09-17 22:56:01.705,2021-09-20 22:56:01.705
5026567,2021-09-08,2021-09-13 17:24:26.983,2021-09-15 23:19:45.820,2021-09-16 23:19:45.820,2021-09-20 23:19:45.820
5027052,2021-09-08,2021-09-13 17:25:58.270,2021-09-14 17:25:58.270,2021-09-16 04:10:45.819,2021-09-20 04:10:45.819
5029777,2021-09-08,2021-09-13 17:35:43.089,2021-09-15 21:19:39.817,2021-09-20 17:30:53.800,
5031387,2021-09-08,2021-09-13 17:41:38.744,2021-09-14 17:41:38.744,2021-09-15 17:41:38.744,2021-09-17 17:41:38.744
5032123,2021-09-08,2021-09-13 18:07:25.552,2021-09-13 18:07:25.552,2021-09-14 18:07:25.552,2021-09-16 18:07:25.552
5036369,2021-09-08,2021-09-13 18:18:42.676,2021-09-14 21:30:33.891,2021-09-16 01:08:36.853,2021-09-20 01:08:36.853
5025636,2021-09-08,2021-09-13 18:24:41.533,2021-09-13 18:24:41.533,2021-09-15 20:53:46.395,2021-09-17 20:53:46.395
5035104,2021-09-08,2021-09-13 18:34:15.878,2021-09-14 18:34:15.878,2021-09-16 01:56:49.841,2021-09-20 01:56:49.841
5028771,2021-09-08,2021-09-13 18:36:17.698,2021-09-15 23:42:20.840,2021-09-16 23:42:20.840,2021-09-20 23:42:20.840
5037462,2021-09-08,2021-09-13 18:51:24.788,2021-09-15 18:51:24.788,2021-09-20 16:25:43.317,
5036910,2021-09-08,2021-09-13 19:15:53.055,2021-09-13 19:15:53.055,2021-09-14 19:15:53.055,2021-09-16 19:15:53.055
5025261,2021-09-08,2021-09-13 19:24:01.655,2021-09-13 19:24:01.655,2021-09-17 03:25:00.726,2021-09-20 03:25:00.726
5030298,2021-09-08,2021-09-13 19:32:28.527,2021-09-14 23:57:23.860,2021-09-16 00:12:00.897,2021-09-20 00:12:00.897
5027838,2021-09-08,2021-09-13 19:38:01.365,2021-09-15 13:28:36.220,2021-09-16 13:28:36.220,2021-09-20 13:28:36.220
5029158,2021-09-08,2021-09-13 19:42:26.731,2021-09-13 19:42:26.731,2021-09-14 19:42:26.731,2021-09-16 19:42:26.731
5036087,2021-09-08,2021-09-13 19:51:22.760,2021-09-15 21:27:36.487,2021-09-16 21:27:36.487,2021-09-20 21:27:36.487
5032314,2021-09-08,2021-09-13 19:57:07.054,2021-09-16 03:58:27.838,2021-09-17 03:58:27.838,2021-09-20 03:58:27.838
5033450,2021-09-08,2021-09-13 19:59:39.905,2021-09-15 19:59:39.905,2021-09-20 00:35:14.027,
5032144,2021-09-08,2021-09-13 20:12:30.178,2021-09-15 20:12:30.178,2021-09-20 09:51:35.357,
5030599,2021-09-08,2021-09-13 20:15:29.628,2021-09-13 20:15:29.628,2021-09-14 20:15:29.628,2021-09-16 20:15:29.628
5027814,2021-09-08,2021-09-13 20:22:25.883,2021-09-17 10:27:54.287,2021-09-20 18:37:39.454,
5037137,2021-09-08,2021-09-13 20:36:45.169,2021-09-13 20:36:45.169,2021-09-15 05:00:44.477,2021-09-17 05:00:44.477
5030632,2021-09-08,2021-09-13 20:37:53.746,2021-09-14 20:37:53.746,2021-09-16 21:29:25.674,2021-09-20 21:29:25.674
5032345,2021-09-08,2021-09-13 20:47:25.618,2021-09-14 20:47:25.618,2021-09-15 20:47:25.618,2021-09-17 20:47:25.618
5025521,2021-09-08,2021-09-13 20:54:44.378,2021-09-16 19:43:12.034,2021-09-20 21:19:11.191,
5021684,2021-09-08,2021-09-13 20:56:51.028,2021-09-16 03:55:21.557,2021-09-17 03:55:21.557,2021-09-20 03:55:21.557
5036633,2021-09-08,2021-09-13 21:03:06.518,2021-09-14 06:29:59.809,2021-09-15 06:29:59.809,2021-09-17 06:29:59.809
5026480,2021-09-08,2021-09-13 21:07:26.810,2021-09-17 19:49:38.934,2021-09-20 19:49:38.934,
5024467,2021-09-08,2021-09-13 21:33:05.630,2021-09-14 21:33:05.630,2021-09-16 02:40:32.408,2021-09-20 02:40:32.408
5026191,2021-09-08,2021-09-13 21:39:06.150,2021-09-13 21:39:06.150,2021-09-15 10:27:54.225,2021-09-17 10:27:54.225
5025504,2021-09-08,2021-09-13 21:45:49.940,2021-09-17 19:14:40.191,2021-09-20 20:46:24.043,
5037114,2021-09-08,2021-09-13 21:54:12.727,2021-09-13 21:54:12.727,2021-09-15 19:27:34.039,2021-09-17 19:27:34.039
5023114,2021-09-08,2021-09-13 22:02:45.277,2021-09-16 14:16:55.008,2021-09-17 18:36:34.767,2021-09-20 18:36:34.767
5022133,2021-09-08,2021-09-13 22:10:41.179,2021-09-14 22:10:41.179,2021-09-15 22:10:41.179,2021-09-17 22:10:41.179
5032481,2021-09-08,2021-09-13 22:29:20.437,2021-09-17 02:41:20.447,2021-09-20 09:26:15.888,
5027133,2021-09-08,2021-09-13 22:41:51.907,2021-09-15 22:41:51.907,2021-09-16 22:41:51.907,2021-09-20 22:41:51.907
5029739,2021-09-08,2021-09-13 22:54:17.221,2021-09-14 22:54:17.221,2021-09-15 22:54:17.221,2021-09-17 22:54:17.221
5022986,2021-09-08,2021-09-13 23:03:12.111,2021-09-13 23:03:12.111,2021-09-15 03:05:47.022,2021-09-17 03:05:47.022
5025703,2021-09-08,2021-09-13 23:10:30.686,2021-09-15 23:10:30.686,2021-09-17 23:09:59.288,2021-09-20 23:09:59.288
5036290,2021-09-08,2021-09-13 23:23:08.777,2021-09-15 23:23:08.777,2021-09-16 23:23:08.777,2021-09-20 23:23:08.777
5025339,2021-09-08,2021-09-13 23:37:44.141,2021-09-16 03:23:03.406,2021-09-17 03:23:03.406,2021-09-20 03:23:03.406
5034706,2021-09-08,2021-09-13 23:57:55.326,2021-09-13 23:57:55.326,2021-09-14 23:57:55.326,2021-09-16 23:57:55.326
5033243,2021-09-08,2021-09-14 00:11:01.074,2021-09-17 12:24:05.160,2021-09-20 12:32:35.657,
5030324,2021-09-08,2021-09-14 00:14:29.220,2021-09-16 02:36:24.043,2021-09-20 05:22:00.518,
5031421,2021-09-08,2021-09-14 00:53:18.911,2021-09-16 00:53:18.911,2021-09-17 00:53:18.911,2021-09-20 00:53:18.911
5030465,2021-09-08,2021-09-14 00:59:22.923,2021-09-16 00:59:22.923,2021-09-17 00:59:22.923,2021-09-20 00:59:22.923
5030756,2021-09-08,2021-09-14 01:32:36.185,2021-09-16 01:32:36.185,2021-09-20 14:28:39.234,
5032476,2021-09-08,2021-09-14 02:38:22.910,2021-09-20 19:17:07.679,2021-09-20 20:04:16.891,
5034870,2021-09-08,2021-09-14 02:38:41.335,2021-09-16 11:48:01.408,2021-09-17 11:48:01.408,2021-09-20 11:48:01.408
5022829,2021-09-08,2021-09-14 04:23:13.691,2021-09-16 04:23:13.691,2021-09-17 04:23:13.691,2021-09-20 04:23:13.691
5027741,2021-09-08,2021-09-14 06:57:24.803,2021-09-16 06:57:24.803,2021-09-20 11:36:38.477,
5033101,2021-09-08,2021-09-14 07:11:10.017,2021-09-16 07:11:10.017,2021-09-17 12:15:14.088,2021-09-20 12:15:14.088
5021523,2021-09-08,2021-09-14 09:31:04.810,2021-09-16 09:31:04.810,2021-09-17 19:53:31.260,2021-09-20 19:53:31.260
5030041,2021-09-08,2021-09-14 10:28:34.250,2021-09-16 10:28:34.250,2021-09-17 10:28:34.250,2021-09-20 10:28:34.250
5037291,2021-09-08,2021-09-14 10:33:40.275,2021-09-20 10:06:19.600,2021-09-20 06:31:52.239,
5028042,2021-09-08,2021-09-14 11:03:15.477,2021-09-16 11:03:15.477,2021-09-20 03:59:01.083,
5023818,2021-09-08,2021-09-14 11:14:48.073,2021-09-20 13:14:32.711,2021-09-20 02:07:41.402,
5025052,2021-09-08,2021-09-14 11:21:51.482,2021-09-16 11:21:51.482,2021-09-17 16:42:28.149,2021-09-20 16:42:28.149
5036163,2021-09-08,2021-09-14 11:22:10.228,2021-09-20 06:33:21.047,2021-09-20 06:33:21.047,
5034374,2021-09-08,2021-09-14 11:33:18.191,2021-09-16 11:33:18.191,2021-09-17 11:33:18.191,2021-09-20 11:33:18.191
5032027,2021-09-08,2021-09-14 11:40:17.882,2021-09-17 04:32:31.062,2021-09-20 16:05:19.699,
5035014,2021-09-08,2021-09-14 11:55:21.773,2021-09-16 12:27:58.154,2021-09-17 19:07:38.963,2021-09-20 19:07:38.963
5034154,2021-09-08,2021-09-14 13:30:10.146,2021-09-17 10:44:33.305,2021-09-20 10:44:33.305,
5025580,2021-09-08,2021-09-14 15:38:25.774,2021-09-20 07:22:10.625,2021-09-20 07:22:10.625,
5025473,2021-09-08,2021-09-14 15:39:37.786,2021-09-16 15:39:37.786,2021-09-17 15:39:37.786,2021-09-20 15:39:37.786
5033507,2021-09-08,2021-09-14 16:23:47.031,2021-09-20 08:13:45.253,2021-09-21 08:13:45.253,
5034791,2021-09-08,2021-09-14 17:27:57.349,2021-09-16 17:27:57.349,2021-09-20 03:58:06.157,
5024885,2021-09-08,2021-09-14 21:31:54.680,2021-09-16 21:31:54.680,2021-09-17 21:31:54.680,2021-09-20 21:31:54.680
5036522,2021-09-08,2021-09-14 23:14:14.036,2021-09-20 13:17:11.656,2021-09-20 14:18:24.879,
5034824,2021-09-08,2021-09-14 23:43:58.852,2021-09-17 00:19:24.914,2021-09-20 19:29:47.460,
5030114,2021-09-08,2021-09-15 01:38:58.309,2021-09-17 01:38:58.309,2021-09-20 01:38:58.309,
5028128,2021-09-08,2021-09-15 02:39:59.487,2021-09-20 13:47:03.238,2021-09-20 13:47:03.238,
5030066,2021-09-08,2021-09-15 04:29:22.281,2021-09-17 04:29:22.281,2021-09-20 04:29:22.281,
5036789,2021-09-08,2021-09-15 07:20:34.776,2021-09-17 14:21:22.145,2021-09-20 14:21:22.145,
5028891,2021-09-08,2021-09-15 09:54:48.375,2021-09-20 12:35:38.999,2021-09-21 12:35:38.999,
5036726,2021-09-08,2021-09-15 10:41:23.032,2021-09-17 10:41:23.032,2021-09-20 12:51:45.113,
5025791,2021-09-08,2021-09-15 14:48:22.745,2021-09-20 07:29:35.464,2021-09-20 09:09:17.246,
5030773,2021-09-08,2021-09-15 15:45:37.768,2021-09-17 15:45:37.768,2021-09-20 04:42:09.979,
5033304,2021-09-08,2021-09-15 18:10:08.574,2021-09-17 21:07:01.563,2021-09-20 21:07:01.563,
5028228,2021-09-08,2021-09-16 00:11:37.160,2021-09-20 00:11:37.160,2021-09-20 09:38:22.064,
5023291,2021-09-08,2021-09-16 01:59:39.545,2021-09-20 01:59:39.545,2021-09-20 01:59:39.545,
5033949,2021-09-08,2021-09-16 02:50:41.973,2021-09-20 05:33:48.939,,
5025348,2021-09-08,2021-09-16 03:47:04.111,2021-09-20 01:17:38.957,2021-09-20 01:17:38.957,
5036262,2021-09-08,2021-09-16 16:18:44.626,2021-09-20 16:18:44.626,2021-09-20 07:33:35.873,
5029773,2021-09-08,2021-09-16 16:24:18.970,2021-09-20 16:24:18.970,2021-09-20 21:01:49.755,
5030118,2021-09-08,2021-09-16 20:51:04.141,2021-09-20 20:51:04.141,2021-09-20 13:06:06.198,
5032149,2021-09-08,2021-09-17 01:39:40.470,2021-09-21 01:11:48.048,,
5030680,2021-09-08,2021-09-17 23:46:00.415,,,
5037100,2021-09-09,2021-09-13 00:00:00.000,2021-09-13 00:00:00.000,2021-09-14 00:00:00.000,2021-09-16 00:00:00.000
5035532,2021-09-09,2021-09-13 00:00:00.000,2021-09-13 00:00:00.000,2021-09-14 00:00:00.000,2021-09-16 00:00:00.000
5022142,2021-09-09,2021-09-13 00:00:00.000,2021-09-13 00:00:00.000,2021-09-14 00:00:00.000,2021-09-16 00:00:00.000
5032333,2021-09-09,2021-09-13 00:00:00.000,2021-09-13 00:00:00.000,2021-09-14 00:00:00.000,2021-09-16 00:00:00.000
5022145,2021-09-09,2021-09-13 00:00:00.000,2021-09-13 00:00:00.000,2021-09-14 00:00:00.000,2021-09-16 00:00:00.000
5030302,2021-09-09,2021-09-13 00:00:00.000,2021-09-13 00:00:00.000,2021-09-14 00:00:00.000,2021-09-16 00:00:00.000
5022848,2021-09-09,2021-09-13 00:00:00.000,2021-09-13 00:00:00.000,2021-09-14 00:00:00.000,2021-09-16 00:00:00.000
5025536,2021-09-09,2021-09-13 00:00:00.000,2021-09-13 00:00:00.000,2021-09-14 00:00:00.000,2021-09-16 00:00:00.000
5029989,2021-09-09,2021-09-13 00:00:00.000,2021-09-13 00:00:00.000,2021-09-14 00:00:00.000,2021-09-16 00:00:00.000
5036485,2021-09-09,2021-09-13 00:00:00.000,2021-09-13 00:00:00.000,2021-09-14 00:00:00.000,2021-09-16 00:00:00.000
5031405,2021-09-09,2021-09-13 00:00:00.000,2021-09-13 00:00:00.000,2021-09-14 00:00:00.000,2021-09-16 00:00:00.000
5025706,2021-09-09,2021-09-13 00:00:00.000,2021-09-13 00:00:00.000,2021-09-14 02:32:20.184,2021-09-16 02:32:20.184
5033566,2021-09-09,2021-09-13 00:00:00.000,2021-09-13 00:00:00.000,2021-09-14 04:20:38.544,2021-09-16 04:20:38.544
5028515,2021-09-09,2021-09-13 00:00:00.000,2021-09-13 00:00:00.000,2021-09-14 06:25:01.065,2021-09-16 06:25:01.065
5027373,2021-09-09,2021-09-13 00:00:00.000,2021-09-13 00:00:00.000,2021-09-14 07:33:03.549,2021-09-16 07:33:03.549
5026501,2021-09-09,2021-09-13 00:00:00.000,2021-09-13 00:00:00.000,2021-09-14 17:49:29.347,2021-09-16 17:49:29.347
5037287,2021-09-09,2021-09-13 00:00:00.000,2021-09-13 00:00:00.000,2021-09-14 21:53:32.842,2021-09-16 21:53:32.842
5034803,2021-09-09,2021-09-13 00:00:00.000,2021-09-13 00:00:00.000,2021-09-14 22:04:19.173,2021-09-16 22:04:19.173
5024154,2021-09-09,2021-09-13 00:00:00.000,2021-09-13 00:00:00.000,2021-09-15 01:52:54.008,2021-09-17 01:52:54.008
5028315,2021-09-09,2021-09-13 00:00:00.000,2021-09-13 00:00:00.000,2021-09-15 02:23:21.994,2021-09-17 02:23:21.994
5032526,2021-09-09,2021-09-13 00:00:00.000,2021-09-13 00:00:00.000,2021-09-15 16:42:17.840,2021-09-17 16:42:17.840
5024219,2021-09-09,2021-09-13 00:00:00.000,2021-09-13 00:00:00.000,2021-09-16 01:56:38.393,2021-09-20 01:56:38.393
5037566,2021-09-09,2021-09-13 00:00:00.000,2021-09-13 00:00:00.000,2021-09-17 03:54:57.551,2021-09-20 03:54:57.551
5025904,2021-09-09,2021-09-13 00:00:00.000,2021-09-13 21:05:30.411,2021-09-14 22:12:43.008,2021-09-16 22:12:43.008
5031223,2021-09-09,2021-09-13 00:00:00.000,2021-09-14 01:14:01.158,2021-09-15 12:02:04.589,2021-09-17 12:02:04.589
5034378,2021-09-09,2021-09-13 00:00:00.000,2021-09-14 02:33:01.954,2021-09-16 06:22:48.902,2021-09-20 06:22:48.902
5036147,2021-09-09,2021-09-13 00:00:00.000,2021-09-14 05:38:08.549,2021-09-15 07:15:21.351,2021-09-17 07:15:21.351
5024117,2021-09-09,2021-09-13 00:00:00.000,2021-09-14 07:19:15.439,2021-09-15 15:24:26.515,2021-09-17 15:24:26.515
5023540,2021-09-09,2021-09-13 00:00:00.000,2021-09-14 09:11:35.459,2021-09-15 19:36:58.165,2021-09-17 19:36:58.165
5022827,2021-09-09,2021-09-13 00:00:00.000,2021-09-14 16:26:31.312,2021-09-15 16:26:31.312,2021-09-17 16:26:31.312
5031057,2021-09-09,2021-09-13 00:00:00.000,2021-09-14 21:26:18.455,2021-09-17 03:46:35.493,2021-09-20 03:46:35.493
5021725,2021-09-09,2021-09-13 00:00:00.000,2021-09-15 10:19:46.248,2021-09-16 20:53:29.482,2021-09-20 20:53:29.482
5031016,2021-09-09,2021-09-13 00:00:00.000,2021-09-15 13:30:49.895,2021-09-16 13:30:49.895,2021-09-20 13:30:49.895
5028322,2021-09-09,2021-09-13 00:00:00.000,2021-09-15 14:02:41.133,2021-09-16 14:02:41.133,2021-09-20 14:02:41.133
5023018,2021-09-09,2021-09-13 00:00:00.000,2021-09-15 17:32:31.847,2021-09-16 17:32:31.847,2021-09-20 17:32:31.847
5028459,2021-09-09,2021-09-13 00:00:00.000,2021-09-15 23:09:49.578,2021-09-20 01:49:04.638,
5028546,2021-09-09,2021-09-13 00:16:03.178,2021-09-14 00:16:03.178,2021-09-15 11:04:50.873,2021-09-17 11:04:50.873
5025320,2021-09-09,2021-09-13 00:28:44.090,2021-09-13 00:28:44.090,2021-09-14 00:28:44.090,2021-09-16 00:28:44.090
5026622,2021-09-09,2021-09-13 00:32:39.693,2021-09-14 00:31:38.801,2021-09-15 13:24:01.553,2021-09-17 13:24:01.553
5031440,2021-09-09,2021-09-13 00:33:22.528,2021-09-15 01:56:36.330,2021-09-17 15:08:03.917,2021-09-20 15:08:03.917
5031693,2021-09-09,2021-09-13 00:47:41.210,2021-09-14 00:47:41.210,2021-09-15 06:54:31.728,2021-09-17 06:54:31.728
5032580,2021-09-09,2021-09-13 00:50:28.303,2021-09-17 08:46:55.948,2021-09-20 01:04:04.709,
5031900,2021-09-09,2021-09-13 01:01:44.420,2021-09-15 15:58:21.849,2021-09-20 00:09:46.555,
5030369,2021-09-09,2021-09-13 01:04:17.652,2021-09-14 01:04:17.652,2021-09-15 01:04:17.652,2021-09-17 01:04:17.652
5024172,2021-09-09,2021-09-13 01:32:19.259,2021-09-16 15:35:43.330,2021-09-17 22:43:10.547,2021-09-20 22:43:10.547
5027974,2021-09-09,2021-09-13 01:36:00.536,2021-09-15 01:36:00.536,2021-09-16 01:36:00.536,2021-09-20 01:36:00.536
5030861,2021-09-09,2021-09-13 01:50:51.075,2021-09-15 01:50:51.075,2021-09-16 01:50:51.075,2021-09-20 01:50:51.075
5032371,2021-09-09,2021-09-13 02:10:38.826,2021-09-14 02:10:38.826,2021-09-15 02:10:38.826,2021-09-17 02:10:38.826
5034514,2021-09-09,2021-09-13 02:12:47.710,2021-09-20 02:03:09.011,2021-09-20 18:56:45.089,
5027867,2021-09-09,2021-09-13 02:18:17.801,2021-09-13 02:18:17.801,2021-09-14 02:18:17.801,2021-09-16 02:18:17.801
5034096,2021-09-09,2021-09-13 02:20:00.471,2021-09-16 20:09:33.108,2021-09-20 03:29:20.331,
5029667,2021-09-09,2021-09-13 02:24:45.358,2021-09-16 00:14:24.089,2021-09-17 22:57:19.454,2021-09-20 22:57:19.454
5034444,2021-09-09,2021-09-13 02:33:37.883,2021-09-16 11:34:26.621,2021-09-17 11:34:26.621,2021-09-20 11:34:26.621
5036941,2021-09-09,2021-09-13 02:45:26.125,2021-09-14 02:45:26.125,2021-09-15 02:45:26.125,2021-09-17 02:45:26.125
5031451,2021-09-09,2021-09-13 02:52:22.726,2021-09-13 18:19:47.202,2021-09-15 10:58:35.408,2021-09-17 10:58:35.408
5022875,2021-09-09,2021-09-13 02:53:31.117,2021-09-15 02:53:31.117,2021-09-17 12:32:09.406,2021-09-20 12:32:09.406
5024738,2021-09-09,2021-09-13 02:54:28.140,2021-09-13 23:08:57.605,2021-09-15 10:56:11.260,2021-09-17 10:56:11.260
5025269,2021-09-09,2021-09-13 02:55:16.880,2021-09-17 21:34:36.221,2021-09-20 21:34:36.221,
5025667,2021-09-09,2021-09-13 03:30:59.667,2021-09-15 03:30:59.667,2021-09-16 03:30:59.667,2021-09-20 03:30:59.667
5029873,2021-09-09,2021-09-13 03:33:27.107,2021-09-15 16:56:09.959,2021-09-16 16:56:09.959,2021-09-20 16:56:09.959
5036954,2021-09-09,2021-09-13 04:07:58.280,,,
5030392,2021-09-09,2021-09-13 04:25:45.691,2021-09-14 17:08:04.950,2021-09-15 17:08:04.950,2021-09-17 17:08:04.950
5034990,2021-09-09,2021-09-13 04:31:49.692,2021-09-17 21:24:40.753,2021-09-20 21:24:40.753,
5023808,2021-09-09,2021-09-13 04:34:36.949,2021-09-14 04:34:36.949,2021-09-15 22:37:44.312,2021-09-17 22:37:44.312
5029160,2021-09-09,2021-09-13 04:45:53.767,2021-09-15 04:45:53.767,2021-09-16 04:45:53.767,2021-09-20 04:45:53.767
5023880,2021-09-09,2021-09-13 04:46:19.494,2021-09-17 02:43:26.602,2021-09-20 05:38:15.055,
5030667,2021-09-09,2021-09-13 04:48:15.562,2021-09-16 08:22:31.472,2021-09-17 08:22:31.472,2021-09-20 08:22:31.472
5034345,2021-09-09,2021-09-13 05:03:25.614,2021-09-16 18:23:20.489,2021-09-20 08:14:03.395,
5025891,2021-09-09,2021-09-13 05:04:01.277,2021-09-15 07:29:31.315,2021-09-16 07:29:31.315,2021-09-20 07:29:31.315
5035334,2021-09-09,2021-09-13 05:06:46.136,2021-09-16 06:14:51.235,2021-09-20 09:05:22.660,
5034190,2021-09-09,2021-09-13 05:16:15.534,2021-09-16 15:38:50.536,2021-09-17 15:38:50.536,2021-09-20 15:38:50.536
5031034,2021-09-09,2021-09-13 05:24:11.281,2021-09-20 17:02:14.964,2021-09-20 17:02:14.964,
5025566,2021-09-09,2021-09-13 05:35:51.789,2021-09-15 05:35:51.789,2021-09-17 04:31:35.500,2021-09-20 04:31:35.500
5030762,2021-09-09,2021-09-13 05:46:28.109,2021-09-15 05:46:28.109,2021-09-16 10:00:49.719,2021-09-20 10:00:49.719
5027854,2021-09-09,2021-09-13 05:52:02.253,2021-09-16 16:36:08.463,2021-09-20 12:47:46.208,
5030740,2021-09-09,2021-09-13 06:02:00.188,2021-09-15 19:05:08.430,2021-09-16 19:05:08.430,2021-09-20 19:05:08.430
5031067,2021-09-09,2021-09-13 06:23:35.793,2021-09-15 04:21:13.891,2021-09-16 04:21:13.891,2021-09-20 04:21:13.891
5022796,2021-09-09,2021-09-13 06:33:49.668,2021-09-20 20:33:43.821,2021-09-20 07:38:23.114,
5031474,2021-09-09,2021-09-13 06:35:47.151,2021-09-15 06:35:47.151,2021-09-16 07:16:24.110,2021-09-20 07:16:24.110
5030471,2021-09-09,2021-09-13 06:38:29.416,2021-09-15 06:38:29.416,2021-09-16 07:07:57.505,2021-09-20 07:07:57.505
5037235,2021-09-09,2021-09-13 06:42:44.225,2021-09-14 21:50:11.822,2021-09-16 04:00:38.011,2021-09-20 04:00:38.011
5028664,2021-09-09,2021-09-13 07:05:06.886,2021-09-13 07:05:06.886,2021-09-14 07:05:06.886,2021-09-16 07:05:06.886
5034942,2021-09-09,2021-09-13 07:09:16.893,2021-09-14 07:09:16.893,2021-09-15 07:09:16.893,2021-09-17 07:09:16.893
5029862,2021-09-09,2021-09-13 07:09:51.328,2021-09-17 05:09:47.147,2021-09-20 05:09:47.147,
5037475,2021-09-09,2021-09-13 07:16:45.698,2021-09-15 07:16:45.698,2021-09-16 07:16:45.698,2021-09-20 07:16:45.698
5034296,2021-09-09,2021-09-13 07:54:14.983,2021-09-15 22:32:38.697,2021-09-16 22:32:38.697,2021-09-20 22:32:38.697
5030229,2021-09-09,2021-09-13 08:00:51.274,2021-09-15 08:00:51.274,2021-09-16 08:00:51.274,2021-09-20 08:00:51.274
5034963,2021-09-09,2021-09-13 08:21:38.201,2021-09-15 05:59:32.653,2021-09-17 08:15:33.148,2021-09-20 08:15:33.148
5022777,2021-09-09,2021-09-13 08:23:41.201,2021-09-14 08:23:41.201,2021-09-15 08:23:41.201,2021-09-17 08:23:41.201
5030315,2021-09-09,2021-09-13 08:25:16.546,2021-09-16 18:52:36.362,2021-09-20 13:34:43.959,
5036991,2021-09-09,2021-09-13 08:41:58.478,2021-09-15 08:41:58.478,2021-09-16 23:17:49.819,2021-09-20 23:17:49.819
5023534,2021-09-09,2021-09-13 08:52:53.129,2021-09-13 11:41:30.234,2021-09-15 19:27:15.745,2021-09-17 19:27:15.745
5032633,2021-09-09,2021-09-13 09:12:49.319,2021-09-15 09:12:49.319,2021-09-16 09:12:49.319,2021-09-20 09:12:49.319
5030420,2021-09-09,2021-09-13 09:21:39.669,2021-09-17 19:23:12.557,2021-09-20 16:24:01.572,
5037239,2021-09-09,2021-09-13 09:34:09.644,2021-09-15 09:34:09.644,2021-09-16 09:34:09.644,2021-09-20 09:34:09.644
5022102,2021-09-09,2021-09-13 09:56:35.378,2021-09-13 09:56:35.378,2021-09-14 09:56:35.378,2021-09-16 09:56:35.378
5034252,2021-09-09,2021-09-13 10:32:16.699,2021-09-14 10:32:16.699,2021-09-15 15:48:03.518,2021-09-17 15:48:03.518
5033265,2021-09-09,2021-09-13 10:32:45.344,2021-09-14 10:32:45.344,2021-09-15 13:02:23.194,2021-09-17 13:02:23.194
5023890,2021-09-09,2021-09-13 10:33:28.845,2021-09-16 07:12:07.897,2021-09-17 09:28:03.782,2021-09-20 09:28:03.782
5022856,2021-09-09,2021-09-13 10:38:56.399,2021-09-15 03:04:38.551,2021-09-16 17:33:05.194,2021-09-20 17:33:05.194
5034118,2021-09-09,2021-09-13 10:47:47.109,2021-09-15 10:47:56.180,2021-09-16 10:47:56.180,2021-09-20 10:47:56.180
5036449,2021-09-09,2021-09-13 11:00:08.183,2021-09-20 13:30:03.632,2021-09-20 13:30:03.632,
5028965,2021-09-09,2021-09-13 11:41:59.681,2021-09-14 03:46:05.381,2021-09-15 12:29:42.885,2021-09-17 12:29:42.885
5034621,2021-09-09,2021-09-13 11:55:53.685,2021-09-13 11:55:53.685,2021-09-14 11:55:53.685,2021-09-16 11:55:53.685
5026797,2021-09-09,2021-09-13 12:01:41.403,2021-09-15 12:01:41.403,2021-09-17 14:08:17.477,2021-09-20 14:08:17.477
5023897,2021-09-09,2021-09-13 12:08:26.158,2021-09-14 12:49:21.514,2021-09-15 12:49:21.514,2021-09-17 12:49:21.514
5025150,2021-09-09,2021-09-13 12:12:11.541,2021-09-16 15:10:00.878,2021-09-17 15:10:00.878,2021-09-20 15:10:00.878
5025982,2021-09-09,2021-09-13 12:38:00.341,2021-09-16 19:44:10.024,2021-09-17 19:44:10.024,2021-09-20 19:44:10.024
5023293,2021-09-09,2021-09-13 13:01:37.501,2021-09-17 15:07:21.822,2021-09-20 12:51:30.171,
5028487,2021-09-09,2021-09-13 13:05:19.491,2021-09-15 03:34:24.923,2021-09-16 03:34:24.923,2021-09-20 03:34:24.923
5035812,2021-09-09,2021-09-13 13:20:49.265,2021-09-15 13:20:49.265,2021-09-16 13:20:49.265,2021-09-20 13:20:49.265
5026032,2021-09-09,2021-09-13 13:26:30.761,2021-09-13 13:26:30.761,2021-09-14 13:26:30.761,2021-09-16 13:26:30.761
5033013,2021-09-09,2021-09-13 13:28:23.002,2021-09-20 03:05:10.827,2021-09-20 03:05:10.827,
5030851,2021-09-09,2021-09-13 13:36:35.330,2021-09-13 13:36:35.330,2021-09-14 20:20:55.654,2021-09-16 20:20:55.654
5031221,2021-09-09,2021-09-13 13:38:51.000,2021-09-20 11:52:41.184,2021-09-20 11:57:28.435,
5030553,2021-09-09,2021-09-13 13:50:21.520,2021-09-14 13:50:21.520,2021-09-15 13:50:21.520,2021-09-17 13:50:21.520
5024453,2021-09-09,2021-09-13 14:02:05.769,2021-09-15 14:02:05.769,2021-09-17 11:55:37.708,2021-09-20 11:55:37.708
5023817,2021-09-09,2021-09-13 14:05:19.646,2021-09-13 14:05:19.646,2021-09-16 06:52:05.151,2021-09-20 06:52:05.151
5035198,2021-09-09,2021-09-13 14:11:47.988,2021-09-16 09:32:52.440,2021-09-17 15:00:03.590,2021-09-20 15:00:03.590
5032412,2021-09-09,2021-09-13 14:31:07.419,2021-09-15 21:42:54.413,2021-09-17 00:54:53.989,2021-09-20 00:54:53.989
5034999,2021-09-09,2021-09-13 14:49:11.509,2021-09-14 14:49:11.509,2021-09-16 09:51:13.862,2021-09-20 09:51:13.862
5036590,2021-09-09,2021-09-13 14:53:32.862,2021-09-14 14:53:32.862,2021-09-15 14:53:32.862,2021-09-17 14:53:32.862
5034089,2021-09-09,2021-09-13 14:58:26.312,2021-09-14 14:58:26.312,2021-09-17 09:30:08.158,2021-09-20 09:30:08.158
5022526,2021-09-09,2021-09-13 15:00:03.232,2021-09-20 22:12:20.668,2021-09-20 22:12:20.668,
5021427,2021-09-09,2021-09-13 15:02:16.909,2021-09-13 15:02:16.909,2021-09-15 17:24:34.809,2021-09-17 17:24:34.809
5027942,2021-09-09,2021-09-13 15:13:05.297,2021-09-16 16:08:39.274,2021-09-20 06:58:46.667,
5036500,2021-09-09,2021-09-13 15:14:04.303,2021-09-15 15:14:04.303,2021-09-17 18:55:35.971,2021-09-20 18:55:35.971
5028223,2021-09-09,2021-09-13 15:20:09.715,2021-09-13 15:20:09.715,2021-09-14 15:20:09.715,2021-09-16 15:20:09.715
5022951,2021-09-09,2021-09-13 15:29:14.499,2021-09-14 15:29:14.499,2021-09-16 23:36:18.399,2021-09-20 23:36:18.399
5023879,2021-09-09,2021-09-13 15:31:25.994,2021-09-15 15:31:25.994,2021-09-16 15:31:25.994,2021-09-20 15:31:25.994
5032478,2021-09-09,2021-09-13 15:37:32.707,2021-09-14 15:37:32.707,2021-09-16 00:42:36.860,2021-09-20 00:42:36.860
5037189,2021-09-09,2021-09-13 15:46:09.869,2021-09-20 01:45:44.936,2021-09-20 01:45:44.936,
5035090,2021-09-09,2021-09-13 15:58:04.473,2021-09-20 10:24:51.555,2021-09-20 10:24:51.555,
5037400,2021-09-09,2021-09-13 16:04:30.584,2021-09-15 19:32:29.075,2021-09-16 19:32:29.075,2021-09-20 19:32:29.075
5022226,2021-09-09,2021-09-13 16:14:00.958,2021-09-17 13:11:34.675,2021-09-20 13:11:34.675,
5033999,2021-09-09,2021-09-13 16:36:00.656,2021-09-15 06:53:11.089,2021-09-17 08:40:49.444,2021-09-20 08:40:49.444
5027385,2021-09-09,2021-09-13 17:06:38.897,2021-09-14 17:06:38.897,2021-09-15 20:43:45.063,2021-09-17 20:43:45.063
5032065,2021-09-09,2021-09-13 17:28:56.130,2021-09-14 23:35:08.457,2021-09-16 21:10:25.139,2021-09-20 21:10:25.139
5027324,2021-09-09,2021-09-13 17:30:25.072,2021-09-15 17:30:25.072,2021-09-20 13:58:24.720,
5036885,2021-09-09,2021-09-13 17:54:17.931,2021-09-15 06:06:37.788,2021-09-16 20:26:10.862,2021-09-20 20:26:10.862
5037218,2021-09-09,2021-09-13 18:09:32.588,2021-09-15 04:48:21.810,2021-09-16 04:48:21.810,2021-09-20 04:48:21.810
5023975,2021-09-09,2021-09-13 18:14:51.249,2021-09-15 20:56:34.666,2021-09-16 20:56:34.666,2021-09-20 20:56:34.666
5037617,2021-09-09,2021-09-13 18:20:11.373,2021-09-13 18:20:11.373,2021-09-14 18:20:11.373,2021-09-16 18:20:11.373
5024041,2021-09-09,2021-09-13 18:25:09.638,2021-09-17 10:53:26.440,2021-09-20 10:53:26.440,
5028287,2021-09-09,2021-09-13 18:32:49.376,2021-09-16 09:21:00.003,2021-09-17 09:21:00.003,2021-09-20 09:21:00.003
5023906,2021-09-09,2021-09-13 18:38:25.285,2021-09-14 18:38:25.285,2021-09-16 02:25:09.115,2021-09-20 02:25:09.115
5024033,2021-09-09,2021-09-13 18:47:41.131,2021-09-14 06:06:41.837,2021-09-15 06:06:41.837,2021-09-17 06:06:41.837
5026611,2021-09-09,2021-09-13 18:52:52.846,,,
5037500,2021-09-09,2021-09-13 18:58:16.754,2021-09-17 06:07:49.154,2021-09-20 13:49:55.458,
5032722,2021-09-09,2021-09-13 19:00:45.992,2021-09-15 14:44:57.077,2021-09-16 14:44:57.077,2021-09-20 14:44:57.077
5024454,2021-09-09,2021-09-13 19:01:24.040,2021-09-20 07:08:33.767,2021-09-21 07:08:33.767,
5036643,2021-09-09,2021-09-13 19:11:23.728,2021-09-20 02:59:50.641,2021-09-20 15:56:09.749,
5028077,2021-09-09,2021-09-13 19:23:03.121,2021-09-16 19:31:12.907,2021-09-20 16:07:10.724,
5033618,2021-09-09,2021-09-13 19:23:23.560,2021-09-14 19:23:23.560,2021-09-16 03:28:45.723,2021-09-20 03:28:45.723
5036662,2021-09-09,2021-09-13 19:25:20.757,2021-09-15 13:47:29.913,2021-09-20 12:04:54.194,
5036180,2021-09-09,2021-09-13 19:37:40.665,2021-09-13 19:37:40.665,2021-09-14 19:37:40.665,2021-09-16 19:37:40.665
5031936,2021-09-09,2021-09-13 19:42:49.896,2021-09-13 19:42:49.896,2021-09-17 04:17:34.063,2021-09-20 04:17:34.063
5036265,2021-09-09,2021-09-13 19:45:55.320,2021-09-16 19:45:41.848,2021-09-20 22:30:48.118,
5030415,2021-09-09,2021-09-13 19:50:40.087,2021-09-14 19:50:40.087,2021-09-16 01:47:23.516,2021-09-20 01:47:23.516
5028238,2021-09-09,2021-09-13 20:03:19.827,,,
5030812,2021-09-09,2021-09-13 20:24:34.471,2021-09-17 04:25:11.795,2021-09-20 04:25:11.795,
5021854,2021-09-09,2021-09-13 20:27:41.271,2021-09-14 20:27:41.271,2021-09-17 10:19:09.193,2021-09-20 10:19:09.193
5026746,2021-09-09,2021-09-13 20:37:40.756,2021-09-20 11:40:12.416,2021-09-20 11:14:15.467,
5023562,2021-09-09,2021-09-13 21:07:21.424,2021-09-16 10:04:49.692,2021-09-17 22:06:40.773,2021-09-20 22:06:40.773
5037280,2021-09-09,2021-09-13 21:24:27.019,2021-09-14 21:24:27.019,2021-09-17 15:19:49.060,2021-09-20 15:19:49.060
5032414,2021-09-09,2021-09-13 21:57:32.439,2021-09-15 13:02:48.444,2021-09-17 01:18:15.043,2021-09-20 01:18:15.043
5037150,2021-09-09,2021-09-13 22:09:51.594,,,
5023315,2021-09-09,2021-09-13 22:17:52.615,2021-09-13 22:17:52.615,2021-09-14 22:17:52.615,2021-09-16 22:17:52.615
5025596,2021-09-09,2021-09-13 22:19:20.260,2021-09-15 10:08:52.028,2021-09-16 10:08:52.028,2021-09-20 10:08:52.028
5036504,2021-09-09,2021-09-13 22:23:16.052,2021-09-20 20:02:22.113,2021-09-21 14:32:07.600,
5025426,2021-09-09,2021-09-13 22:35:25.207,2021-09-14 22:35:25.207,2021-09-17 14:47:50.967,2021-09-20 14:47:50.967
5028977,2021-09-09,2021-09-13 22:40:27.475,2021-09-15 22:40:27.475,2021-09-17 05:48:46.292,2021-09-20 05:48:46.292
5032900,2021-09-09,2021-09-13 22:47:16.098,2021-09-15 22:47:16.098,2021-09-17 02:17:06.911,2021-09-20 02:17:06.911
5036170,2021-09-09,2021-09-13 22:56:00.926,2021-09-16 23:14:31.649,2021-09-17 23:14:31.649,2021-09-20 23:14:31.649
5029787,2021-09-09,2021-09-13 22:58:24.620,2021-09-20 07:50:09.960,2021-09-21 22:37:32.308,
5034274,2021-09-09,2021-09-13 22:58:53.845,2021-09-13 22:58:53.845,2021-09-15 08:48:33.073,2021-09-17 08:48:33.073
5033303,2021-09-09,2021-09-13 23:40:35.331,2021-09-14 23:40:35.331,2021-09-16 10:50:54.665,2021-09-20 10:50:54.665
5027852,2021-09-09,2021-09-13 23:56:15.767,2021-09-13 23:56:15.767,2021-09-15 15:13:00.645,2021-09-17 15:13:00.645
5026701,2021-09-09,2021-09-14 01:41:15.275,2021-09-16 01:41:15.275,2021-09-17 01:41:15.275,2021-09-20 01:41:15.275
5024681,2021-09-09,2021-09-14 01:41:28.701,2021-09-17 05:13:35.504,2021-09-20 05:13:35.504,
5030145,2021-09-09,2021-09-14 02:25:01.784,2021-09-20 18:42:43.895,2021-09-20 01:39:48.596,
5028831,2021-09-09,2021-09-14 02:31:34.165,2021-09-16 02:31:34.165,2021-09-17 02:31:34.165,2021-09-20 02:31:34.165
5026339,2021-09-09,2021-09-14 03:39:28.635,2021-09-16 03:39:28.635,2021-09-17 06:50:02.857,2021-09-20 06:50:02.857
5027176,2021-09-09,2021-09-14 04:29:56.178,2021-09-16 04:29:56.178,2021-09-17 04:29:56.178,2021-09-20 04:29:56.178
5023865,2021-09-09,2021-09-14 04:32:43.499,2021-09-16 04:32:43.499,2021-09-17 04:32:43.499,2021-09-20 04:32:43.499
5034583,2021-09-09,2021-09-14 04:35:59.001,2021-09-16 04:35:59.001,2021-09-17 04:35:59.001,2021-09-20 04:35:59.001
5032301,2021-09-09,2021-09-14 04:38:48.155,2021-09-20 17:39:01.133,2021-09-21 00:41:50.684,
5025135,2021-09-09,2021-09-14 05:13:13.784,2021-09-16 07:47:54.812,2021-09-20 02:26:13.341,
5027851,2021-09-09,2021-09-14 05:53:45.970,2021-09-16 05:53:45.970,2021-09-20 15:02:36.990,
5034307,2021-09-09,2021-09-14 07:25:17.510,2021-09-16 07:25:17.510,2021-09-20 08:08:27.404,
5022222,2021-09-09,2021-09-14 08:48:31.380,2021-09-20 21:25:47.010,2021-09-21 07:20:39.382,
5033643,2021-09-09,2021-09-14 08:58:46.570,2021-09-16 08:58:46.570,2021-09-17 08:58:46.570,2021-09-20 08:58:46.570
5037208,2021-09-09,2021-09-14 10:10:20.311,2021-09-16 10:10:20.311,2021-09-17 10:10:20.311,2021-09-20 10:10:20.311
5025610,2021-09-09,2021-09-14 10:15:43.628,2021-09-16 10:15:43.628,2021-09-17 10:15:43.628,2021-09-20 10:15:43.628
5028281,2021-09-09,2021-09-14 10:17:26.686,2021-09-17 05:10:23.374,2021-09-20 07:49:00.745,
5030428,2021-09-09,2021-09-14 10:19:10.740,2021-09-16 10:19:10.740,2021-09-17 10:19:10.740,2021-09-20 10:19:10.740
5025126,2021-09-09,2021-09-14 10:39:43.622,2021-09-16 10:39:43.622,2021-09-20 01:23:40.258,
5033767,2021-09-09,2021-09-14 11:40:16.660,2021-09-16 11:40:16.660,2021-09-17 11:40:16.660,2021-09-20 11:40:16.660
5035180,2021-09-09,2021-09-14 14:16:58.542,2021-09-20 03:19:36.739,2021-09-20 06:13:11.208,
5026573,2021-09-09,2021-09-14 16:37:56.026,2021-09-17 18:38:44.419,2021-09-20 18:38:44.419,
5024031,2021-09-09,2021-09-14 17:39:58.620,2021-09-16 17:39:58.620,2021-09-17 17:39:58.620,2021-09-20 17:39:58.620
5023582,2021-09-09,2021-09-14 19:06:07.722,2021-09-16 19:06:07.722,2021-09-20 00:06:25.292,
5023960,2021-09-09,2021-09-14 19:18:16.068,2021-09-16 19:18:16.068,2021-09-20 06:28:54.092,
5034939,2021-09-09,2021-09-14 21:01:15.188,2021-09-16 21:01:15.188,2021-09-17 21:01:15.188,2021-09-20 21:01:15.188
5030836,2021-09-09,2021-09-14 21:13:27.244,2021-09-16 21:13:27.244,2021-09-20 02:52:54.033,
5028306,2021-09-09,2021-09-14 23:07:58.266,2021-09-20 15:29:27.015,2021-09-20 15:29:27.015,
5032298,2021-09-09,2021-09-15 00:45:11.232,2021-09-17 11:38:12.404,2021-09-20 22:21:15.359,
5037233,2021-09-09,2021-09-15 04:42:29.458,2021-09-17 04:42:29.458,2021-09-20 05:05:06.789,
5033510,2021-09-09,2021-09-15 04:45:14.676,2021-09-17 04:45:14.676,2021-09-20 04:45:14.676,
5030424,2021-09-09,2021-09-15 05:17:07.840,2021-09-20 04:46:46.783,2021-09-20 04:46:46.783,
5032361,2021-09-09,2021-09-15 05:45:42.537,2021-09-17 05:45:42.537,2021-09-20 05:45:42.537,
5032837,2021-09-09,2021-09-15 06:05:44.782,2021-09-17 11:28:57.108,2021-09-20 11:28:57.108,
5028334,2021-09-09,2021-09-15 08:34:07.491,2021-09-20 06:59:18.262,2021-09-21 06:59:18.262,
5031686,2021-09-09,2021-09-15 09:26:39.955,2021-09-17 09:26:39.955,2021-09-20 09:26:39.955,
5022479,2021-09-09,2021-09-15 09:35:40.973,2021-09-20 21:47:53.778,2021-09-20 21:47:53.778,
5024459,2021-09-09,2021-09-15 11:50:18.825,2021-09-17 13:39:45.349,2021-09-20 18:00:47.348,
5037056,2021-09-09,2021-09-15 12:07:52.615,2021-09-21 02:50:39.784,,
5023356,2021-09-09,2021-09-15 13:32:44.778,2021-09-17 13:32:44.778,2021-09-20 19:19:54.937,
5024618,2021-09-09,2021-09-15 14:33:06.598,2021-09-17 14:33:06.598,2021-09-20 18:22:23.126,
5030864,2021-09-09,2021-09-15 15:03:37.455,2021-09-17 20:30:13.860,2021-09-20 20:30:13.860,
5025671,2021-09-09,2021-09-15 17:54:21.601,2021-09-17 17:54:21.601,2021-09-20 07:20:32.090,
5027134,2021-09-09,2021-09-15 18:02:56.552,,,
5026635,2021-09-09,2021-09-15 20:27:10.968,2021-09-17 20:27:10.968,2021-09-20 20:27:10.968,
5035397,2021-09-09,2021-09-15 22:42:49.911,2021-09-17 22:42:49.911,2021-09-20 16:09:20.261,
5036419,2021-09-09,2021-09-15 23:43:00.408,2021-09-17 23:43:00.408,2021-09-20 23:43:00.408,
5023887,2021-09-09,2021-09-15 23:48:22.209,2021-09-20 04:50:42.669,2021-09-21 04:50:42.669,
5023249,2021-09-09,2021-09-16 01:54:00.609,2021-09-20 10:13:56.527,2021-09-20 10:13:56.527,
5028274,2021-09-09,2021-09-16 02:29:01.471,2021-09-20 02:29:01.471,2021-09-20 02:29:01.471,
5023283,2021-09-09,2021-09-16 02:30:00.764,2021-09-20 02:30:00.764,2021-09-20 02:30:00.764,
5032917,2021-09-09,2021-09-16 03:35:13.378,2021-09-20 03:35:13.378,2021-09-20 03:35:13.378,
5036935,2021-09-09,2021-09-16 10:55:42.090,2021-09-20 10:55:42.090,2021-09-20 10:55:42.090,
5035427,2021-09-09,2021-09-16 11:10:43.414,2021-09-20 11:10:43.414,2021-09-20 14:42:32.332,
5025946,2021-09-09,2021-09-16 13:58:36.222,2021-09-20 23:57:33.446,2021-09-20 23:57:33.446,
5025916,2021-09-09,2021-09-16 15:50:59.591,2021-09-20 15:50:59.591,2021-09-20 15:50:59.591,
5026643,2021-09-09,2021-09-17 00:42:24.387,,,
5025683,2021-09-09,2021-09-17 17:45:06.976,2021-09-20 17:45:06.976,,
5024660,2021-09-09,2021-09-20 02:04:18.423,2021-09-21 23:08:45.535,,
5035740,2021-09-10,2021-09-13 00:00:00.000,2021-09-14 00:00:00.000,2021-09-15 00:00:00.000,2021-09-17 00:00:00.000
5026243,2021-09-10,2021-09-13 00:00:00.000,2021-09-14 00:00:00.000,2021-09-15 00:00:00.000,2021-09-17 00:00:00.000
5029909,2021-09-10,2021-09-13 00:00:00.000,2021-09-14 00:00:00.000,2021-09-15 00:00:00.000,2021-09-17 00:00:00.000
5024502,2021-09-10,2021-09-13 00:00:00.000,2021-09-14 00:00:00.000,2021-09-15 00:00:00.000,2021-09-17 00:00:00.000
5031777,2021-09-10,2021-09-13 00:00:00.000,2021-09-14 00:00:00.000,2021-09-15 00:00:00.000,2021-09-17 00:00:00.000
5036349,2021-09-10,2021-09-13 00:00:00.000,2021-09-14 00:00:00.000,2021-09-15 00:00:00.000,2021-09-17 00:00:00.000
5032397,2021-09-10,2021-09-13 00:00:00.000,2021-09-14 00:00:00.000,2021-09-15 00:57:09.168,2021-09-17 00:57:09.168
5032822,2021-09-10,2021-09-13 00:00:00.000,2021-09-14 00:00:00.000,2021-09-15 01:27:11.266,2021-09-17 01:27:11.266
5025665,2021-09-10,2021-09-13 00:00:00.000,2021-09-14 00:00:00.000,2021-09-15 04:32:06.391,2021-09-17 04:32:06.391
5028355,2021-09-10,2021-09-13 00:00:00.000,2021-09-14 00:00:00.000,2021-09-15 11:07:45.236,2021-09-17 11:07:45.236
5024420,2021-09-10,2021-09-13 00:00:00.000,2021-09-14 00:00:00.000,2021-09-15 13:10:41.511,2021-09-17 13:10:41.511
5029132,2021-09-10,2021-09-13 00:00:00.000,2021-09-14 00:00:00.000,2021-09-15 17:33:58.055,2021-09-17 17:33:58.055
5024257,2021-09-10,2021-09-13 00:00:00.000,2021-09-14 00:00:00.000,2021-09-16 23:47:23.295,2021-09-20 23:47:23.295
5022558,2021-09-10,2021-09-13 00:00:00.000,2021-09-14 00:00:00.000,2021-09-17 04:43:19.947,2021-09-20 04:43:19.947
5030997,2021-09-10,2021-09-13 00:00:00.000,2021-09-14 04:51:42.309,2021-09-15 05:40:11.109,2021-09-17 05:40:11.109
5036530,2021-09-10,2021-09-13 00:00:00.000,2021-09-14 05:17:58.257,2021-09-15 08:34:25.443,2021-09-17 08:34:25.443
5030604,2021-09-10,2021-09-13 00:00:00.000,2021-09-14 10:58:13.077,2021-09-15 10:58:13.077,2021-09-17 10:58:13.077
5034337,2021-09-10,2021-09-13 00:00:00.000,2021-09-14 11:35:26.711,2021-09-15 11:35:26.711,2021-09-17 11:35:26.711
5028001,2021-09-10,2021-09-13 00:00:00.000,2021-09-14 16:09:37.908,2021-09-17 07:55:55.653,2021-09-20 07:55:55.653
5024265,2021-09-10,2021-09-13 00:00:00.000,2021-09-14 16:38:01.577,2021-09-15 16:38:01.577,2021-09-17 16:38:01.577
5026572,2021-09-10,2021-09-13 00:00:00.000,2021-09-14 17:20:43.920,2021-09-15 17:20:43.920,2021-09-17 17:20:43.920
5026173,2021-09-10,2021-09-13 00:00:00.000,2021-09-14 18:06:07.613,2021-09-15 18:06:07.613,2021-09-17 18:06:07.613
5024432,2021-09-10,2021-09-13 00:00:00.000,2021-09-14 21:56:18.768,2021-09-15 21:56:18.768,2021-09-17 21:56:18.768
5021782,2021-09-10,2021-09-13 00:00:00.000,2021-09-15 02:59:06.092,2021-09-16 02:59:06.092,2021-09-20 02:59:06.092
5031101,2021-09-10,2021-09-13 00:00:00.000,2021-09-15 03:26:55.731,2021-09-16 03:26:55.731,2021-09-20 03:26:55.731
5035189,2021-09-10,2021-09-13 00:00:00.000,2021-09-15 11:38:05.386,2021-09-17 16:56:12.122,2021-09-20 16:56:12.122
5026279,2021-09-10,2021-09-13 00:00:00.000,2021-09-15 13:36:55.867,2021-09-17 21:58:31.734,2021-09-20 21:58:31.734
5022212,2021-09-10,2021-09-13 00:00:00.000,2021-09-15 18:48:34.507,2021-09-16 18:48:34.507,2021-09-20 18:48:34.507
5022841,2021-09-10,2021-09-13 00:00:00.000,2021-09-15 19:08:47.486,2021-09-20 01:59:02.464,
5034881,2021-09-10,2021-09-13 00:00:00.000,2021-09-16 02:22:19.392,2021-09-20 03:28:53.475,
5032530,2021-09-10,2021-09-13 00:00:00.000,2021-09-16 06:04:19.754,2021-09-20 15:45:00.115,
5022244,2021-09-10,2021-09-13 00:00:00.000,2021-09-16 08:47:34.756,2021-09-17 08:47:34.756,2021-09-20 08:47:34.756
5026430,2021-09-10,2021-09-13 00:00:00.000,2021-09-16 13:15:59.572,2021-09-17 13:15:59.572,2021-09-20 13:15:59.572
5036427,2021-09-10,2021-09-13 00:00:00.000,2021-09-16 14:16:44.689,2021-09-17 14:16:44.689,2021-09-20 14:16:44.689
5030561,2021-09-10,2021-09-13 00:00:00.000,2021-09-17 12:29:48.410,2021-09-20 12:29:48.410,
5034433,2021-09-10,2021-09-13 00:00:00.000,2021-09-20 12:21:19.215,2021-09-20 23:27:54.400,
5031196,2021-09-10,2021-09-13 00:25:57.374,2021-09-14 00:25:57.374,2021-09-16 08:09:18.058,2021-09-20 08:09:18.058
5034898,2021-09-10,2021-09-13 00:42:01.108,2021-09-21 01:25:59.581,,
5026527,2021-09-10,2021-09-13 01:04:09.038,2021-09-17 01:41:09.534,2021-09-20 10:06:36.565,
5025068,2021-09-10,2021-09-13 01:19:34.550,2021-09-15 01:19:34.550,2021-09-16 03:43:50.176,2021-09-20 03:43:50.176
5028181,2021-09-10,2021-09-13 01:56:30.749,2021-09-15 01:56:30.749,2021-09-16 01:56:30.749,2021-09-20 01:56:30.749
5032422,2021-09-10,2021-09-13 02:49:24.197,2021-09-16 10:54:17.966,2021-09-17 10:54:17.966,2021-09-20 10:54:17.966
5029017,2021-09-10,2021-09-13 02:50:14.453,2021-09-15 02:50:14.453,2021-09-17 00:52:42.861,2021-09-20 00:52:42.861
5021518,2021-09-10,2021-09-13 03:22:45.415,2021-09-14 03:22:45.415,2021-09-16 06:34:58.602,2021-09-20 06:34:58.602
5025468,2021-09-10,2021-09-13 04:05:11.445,2021-09-15 04:05:11.445,2021-09-16 04:05:11.445,2021-09-20 04:05:11.445
5022502,2021-09-10,2021-09-13 04:34:00.620,2021-09-14 04:34:00.620,2021-09-15 04:34:00.620,2021-09-17 04:34:00.620
5027848,2021-09-10,2021-09-13 04:37:57.745,2021-09-15 04:37:57.745,2021-09-16 15:46:28.966,2021-09-20 15:46:28.966
5030080,2021-09-10,2021-09-13 04:55:34.860,2021-09-16 03:22:32.371,2021-09-17 03:22:32.371,2021-09-20 03:22:32.371
5022544,2021-09-10,2021-09-13 05:06:01.764,2021-09-14 05:06:01.764,2021-09-15 05:06:01.764,2021-09-17 05:06:01.764
5023367,2021-09-10,2021-09-13 05:34:41.714,2021-09-15 05:34:41.714,2021-09-16 13:02:18.648,2021-09-20 13:02:18.648
5036808,2021-09-10,2021-09-13 05:53:06.282,2021-09-15 05:53:06.282,2021-09-16 14:34:10.166,2021-09-20 14:34:10.166
5022590,2021-09-10,2021-09-13 06:01:11.573,2021-09-14 06:01:11.573,2021-09-15 11:00:34.344,2021-09-17 11:00:34.344
5033040,2021-09-10,2021-09-13 06:28:11.251,2021-09-16 16:48:32.149,2021-09-17 16:48:32.149,2021-09-20 16:48:32.149
5023856,2021-09-10,2021-09-13 07:13:57.157,2021-09-15 22:35:25.796,2021-09-17 08:54:46.848,2021-09-20 08:54:46.848
5024510,2021-09-10,2021-09-13 07:25:16.148,2021-09-15 03:37:14.482,2021-09-16 09:11:24.400,2021-09-20 09:11:24.400
5028552,2021-09-10,2021-09-13 07:28:23.976,2021-09-15 07:28:23.976,2021-09-20 07:03:47.290,
5024497,2021-09-10,2021-09-13 07:28:44.943,2021-09-15 07:28:44.943,2021-09-16 07:28:44.943,2021-09-20 07:28:44.943
5022277,2021-09-10,2021-09-13 07:36:11.619,2021-09-16 08:25:13.167,2021-09-17 17:46:39.861,2021-09-20 17:46:39.861
5021796,2021-09-10,2021-09-13 07:55:01.129,2021-09-16 04:13:10.349,2021-09-17 13:08:05.087,2021-09-20 13:08:05.087
5028391,2021-09-10,2021-09-13 08:13:02.983,2021-09-14 08:13:02.983,2021-09-15 08:13:02.983,2021-09-17 08:13:02.983
5036716,2021-09-10,2021-09-13 08:23:27.841,2021-09-14 08:23:27.841,2021-09-15 08:23:27.841,2021-09-17 08:23:27.841
5028990,2021-09-10,2021-09-13 08:58:10.717,2021-09-15 08:58:10.717,2021-09-16 09:45:19.226,2021-09-20 09:45:19.226
5034398,2021-09-10,2021-09-13 09:40:24.439,2021-09-20 07:07:55.620,2021-09-20 07:07:55.620,
5031015,2021-09-10,2021-09-13 10:09:31.310,2021-09-15 10:09:31.310,2021-09-16 10:09:31.310,2021-09-20 10:09:31.310
5023086,2021-09-10,2021-09-13 10:17:47.691,2021-09-14 10:17:47.691,2021-09-15 10:17:47.691,2021-09-17 10:17:47.691
5036561,2021-09-10,2021-09-13 10:58:30.106,2021-09-15 10:58:30.106,2021-09-16 10:58:30.106,2021-09-20 10:58:30.106
5021731,2021-09-10,2021-09-13 11:01:08.165,2021-09-15 11:01:08.165,2021-09-16 11:01:08.165,2021-09-20 11:01:08.165
5037193,2021-09-10,2021-09-13 11:06:07.739,2021-09-17 01:58:36.844,2021-09-20 01:58:36.844,
5029231,2021-09-10,2021-09-13 11:49:06.596,2021-09-15 11:49:06.596,2021-09-16 11:49:06.596,2021-09-20 11:49:06.596
5024267,2021-09-10,2021-09-13 12:10:50.703,2021-09-15 12:10:50.703,2021-09-17 04:47:14.970,2021-09-20 04:47:14.970
5030248,2021-09-10,2021-09-13 12:21:26.076,2021-09-15 22:26:43.289,2021-09-16 22:26:43.289,2021-09-20 22:26:43.289
5022103,2021-09-10,2021-09-13 12:30:31.665,2021-09-16 19:18:23.660,2021-09-20 19:13:36.280,
5022583,2021-09-10,2021-09-13 12:50:59.984,2021-09-15 12:50:59.984,2021-09-17 12:10:34.132,2021-09-20 12:10:34.132
5036626,2021-09-10,2021-09-13 13:05:48.402,2021-09-15 20:41:12.209,2021-09-16 20:41:12.209,2021-09-20 20:41:12.209
5031293,2021-09-10,2021-09-13 13:17:10.846,2021-09-16 16:38:56.975,2021-09-17 16:38:56.975,2021-09-20 16:38:56.975
5032143,2021-09-10,2021-09-13 13:24:08.209,2021-09-15 13:24:08.209,2021-09-20 07:22:22.965,
5023384,2021-09-10,2021-09-13 13:51:39.909,2021-09-14 13:51:39.909,2021-09-15 15:35:19.745,2021-09-17 15:35:19.745
5035006,2021-09-10,2021-09-13 13:55:44.718,2021-09-14 13:55:44.718,2021-09-16 22:32:21.916,2021-09-20 22:32:21.916
5027378,2021-09-10,2021-09-13 13:57:22.315,2021-09-15 13:57:22.315,2021-09-16 13:57:22.315,2021-09-20 13:57:22.315
5036951,2021-09-10,2021-09-13 14:06:07.302,2021-09-15 21:36:52.659,2021-09-16 21:36:52.659,2021-09-20 21:36:52.659
5025774,2021-09-10,2021-09-13 14:07:37.301,2021-09-14 14:07:37.301,2021-09-15 19:51:07.531,2021-09-17 19:51:07.531
5030196,2021-09-10,2021-09-13 15:08:48.457,2021-09-15 15:08:48.457,2021-09-16 15:08:48.457,2021-09-20 15:08:48.457
5030184,2021-09-10,2021-09-13 15:42:24.378,2021-09-15 11:16:39.636,2021-09-16 15:41:16.863,2021-09-20 15:41:16.863
5032336,2021-09-10,2021-09-13 16:19:41.626,2021-09-20 23:06:12.966,2021-09-21 11:06:06.320,
5022893,2021-09-10,2021-09-13 16:43:18.203,2021-09-14 16:43:18.203,2021-09-17 14:47:34.525,2021-09-20 14:47:34.525
5037127,2021-09-10,2021-09-13 16:50:54.146,2021-09-15 16:50:54.146,2021-09-16 16:50:54.146,2021-09-20 16:50:54.146
5031942,2021-09-10,2021-09-13 16:52:15.895,2021-09-17 03:46:38.403,2021-09-20 03:46:38.403,
5028518,2021-09-10,2021-09-13 16:53:28.849,2021-09-14 16:53:28.849,2021-09-15 16:53:28.849,2021-09-17 16:53:28.849
5024345,2021-09-10,2021-09-13 17:01:54.366,2021-09-17 02:06:32.945,2021-09-20 02:06:32.945,
5023924,2021-09-10,2021-09-13 17:05:01.498,2021-09-20 19:33:59.267,2021-09-20 19:33:59.267,
5036382,2021-09-10,2021-09-13 17:26:57.393,2021-09-15 17:26:57.393,2021-09-16 21:14:23.083,2021-09-20 21:14:23.083
5023499,2021-09-10,2021-09-13 17:31:05.730,2021-09-15 17:31:05.730,2021-09-16 17:31:05.730,2021-09-20 17:31:05.730
5036236,2021-09-10,2021-09-13 17:33:58.987,2021-09-14 21:27:34.913,2021-09-20 12:48:12.188,
5028379,2021-09-10,2021-09-13 17:54:21.974,2021-09-14 17:54:21.974,2021-09-15 18:00:53.625,2021-09-17 18:00:53.625
5022093,2021-09-10,2021-09-13 18:00:42.021,2021-09-15 18:00:42.021,2021-09-16 18:00:42.021,2021-09-20 18:00:42.021
5030761,2021-09-10,2021-09-13 18:13:07.145,2021-09-20 06:55:07.310,2021-09-21 12:45:18.362,
5024282,2021-09-10,2021-09-13 18:32:56.532,2021-09-15 18:32:56.532,2021-09-17 12:44:07.397,2021-09-20 12:44:07.397
5034872,2021-09-10,2021-09-13 18:51:01.479,2021-09-15 04:05:50.666,2021-09-16 04:05:50.666,2021-09-20 04:05:50.666
5034995,2021-09-10,2021-09-13 19:20:33.429,2021-09-17 14:36:02.761,2021-09-20 08:10:55.687,
5022251,2021-09-10,2021-09-13 19:29:24.152,2021-09-16 05:44:48.973,2021-09-17 05:44:48.973,2021-09-20 05:44:48.973
5022456,2021-09-10,2021-09-13 19:44:20.970,2021-09-15 19:44:20.970,2021-09-17 11:01:00.758,2021-09-20 11:01:00.758
5032249,2021-09-10,2021-09-13 19:56:54.452,2021-09-14 19:56:54.452,2021-09-16 06:52:33.827,2021-09-20 06:52:33.827
5031164,2021-09-10,2021-09-13 20:28:52.269,2021-09-16 07:49:25.173,2021-09-17 07:49:25.173,2021-09-20 07:49:25.173
5035347,2021-09-10,2021-09-13 20:42:56.084,2021-09-16 07:39:56.342,2021-09-20 08:04:29.201,
5025714,2021-09-10,2021-09-13 20:43:21.131,2021-09-15 20:43:21.131,2021-09-17 15:20:02.212,2021-09-20 15:20:02.212
5030512,2021-09-10,2021-09-13 20:55:21.085,2021-09-14 20:55:21.085,2021-09-15 20:55:21.085,2021-09-17 20:55:21.085
5024045,2021-09-10,2021-09-13 21:00:42.771,2021-09-16 15:56:30.137,2021-09-17 15:56:30.137,2021-09-20 15:56:30.137
5023547,2021-09-10,2021-09-13 21:29:41.309,2021-09-15 21:29:41.309,2021-09-20 14:57:34.740,
5035633,2021-09-10,2021-09-13 22:00:07.847,2021-09-15 22:00:07.847,2021-09-16 22:00:07.847,2021-09-20 22:00:07.847
5035407,2021-09-10,2021-09-13 22:05:54.981,2021-09-15 22:05:54.981,2021-09-16 22:05:54.981,2021-09-20 22:05:54.981
5036861,2021-09-10,2021-09-13 22:44:40.602,2021-09-15 22:44:40.602,2021-09-17 20:53:02.310,2021-09-20 20:53:02.310
5034301,2021-09-10,2021-09-13 23:20:18.660,2021-09-17 21:28:57.011,2021-09-20 16:38:59.113,
5025343,2021-09-10,2021-09-13 23:36:32.398,2021-09-17 04:46:14.706,2021-09-20 04:46:14.706,
5021800,2021-09-10,2021-09-14 00:01:39.124,2021-09-16 00:01:39.124,2021-09-17 00:01:39.124,2021-09-20 00:01:39.124
5027159,2021-09-10,2021-09-14 00:02:43.315,2021-09-16 02:39:17.240,2021-09-17 02:39:17.240,2021-09-20 02:39:17.240
5031160,2021-09-10,2021-09-14 00:16:31.174,2021-09-16 08:33:50.763,2021-09-17 14:46:48.166,2021-09-20 14:46:48.166
5036447,2021-09-10,2021-09-14 00:55:04.702,2021-09-20 11:59:39.709,2021-09-20 16:08:09.654,
5037334,2021-09-10,2021-09-14 01:05:04.821,2021-09-17 05:10:34.143,2021-09-20 07:14:34.620,
5026065,2021-09-10,2021-09-14 01:22:24.679,2021-09-20 04:00:40.286,,
5033031,2021-09-10,2021-09-14 03:09:23.118,2021-09-16 03:09:23.118,2021-09-17 03:09:23.118,2021-09-20 03:09:23.118
5032486,2021-09-10,2021-09-14 03:11:49.492,2021-09-16 03:11:49.492,2021-09-20 10:27:33.987,
5033824,2021-09-10,2021-09-14 03:37:31.541,2021-09-16 03:37:31.541,2021-09-17 03:37:31.541,2021-09-20 03:37:31.541
5030208,2021-09-10,2021-09-14 03:50:38.585,2021-09-17 05:48:10.581,2021-09-20 04:29:00.623,
5025632,2021-09-10,2021-09-14 03:55:19.564,2021-09-16 20:03:06.774,2021-09-17 20:03:06.774,2021-09-20 20:03:06.774
5028403,2021-09-10,2021-09-14 04:22:25.687,2021-09-16 15:41:14.520,2021-09-17 15:41:14.520,2021-09-20 15:41:14.520
5036117,2021-09-10,2021-09-14 04:29:22.772,2021-09-16 04:29:22.772,2021-09-17 05:55:20.146,2021-09-20 05:55:20.146
5025752,2021-09-10,2021-09-14 04:58:54.094,2021-09-16 04:58:54.094,2021-09-20 09:55:05.248,
5034143,2021-09-10,2021-09-14 05:32:19.539,2021-09-20 12:35:57.153,2021-09-20 12:35:57.153,
5032355,2021-09-10,2021-09-14 05:34:36.920,2021-09-16 05:34:36.920,2021-09-17 08:50:37.880,2021-09-20 08:50:37.880
5035095,2021-09-10,2021-09-14 05:37:34.419,2021-09-16 08:01:55.214,2021-09-17 08:01:55.214,2021-09-20 08:01:55.214
5025768,2021-09-10,2021-09-14 05:41:01.654,2021-09-16 05:41:01.654,2021-09-20 06:42:31.208,
5028842,2021-09-10,2021-09-14 06:20:26.987,2021-09-20 17:19:16.551,2021-09-21 17:19:16.551,
5028492,2021-09-10,2021-09-14 06:31:41.043,2021-09-16 17:56:49.589,2021-09-17 17:56:49.589,2021-09-20 17:56:49.589
5035208,2021-09-10,2021-09-14 06:43:23.884,2021-09-20 03:46:18.243,2021-09-20 03:46:18.243,
5026166,2021-09-10,2021-09-14 07:09:13.623,2021-09-17 06:15:01.865,2021-09-20 09:53:18.327,
5027132,2021-09-10,2021-09-14 07:49:52.911,2021-09-16 17:11:59.239,2021-09-17 17:11:59.239,2021-09-20 17:11:59.239
5028367,2021-09-10,2021-09-14 08:03:57.081,2021-09-16 08:03:57.081,2021-09-17 08:03:57.081,2021-09-20 08:03:57.081
5030749,2021-09-10,2021-09-14 08:51:32.611,2021-09-16 08:51:32.611,2021-09-17 11:28:44.170,2021-09-20 11:28:44.170
5031340,2021-09-10,2021-09-14 09:56:03.492,2021-09-16 09:56:03.492,2021-09-17 09:56:03.492,2021-09-20 09:56:03.492
5036423,2021-09-10,2021-09-14 12:04:17.024,2021-09-20 00:52:14.444,2021-09-20 00:52:14.444,
5028457,2021-09-10,2021-09-14 12:49:38.221,2021-09-20 14:51:38.813,2021-09-20 18:35:45.048,
5026890,2021-09-10,2021-09-14 13:07:30.861,2021-09-20 10:33:45.487,2021-09-20 10:33:45.487,
5027292,2021-09-10,2021-09-14 13:11:14.356,2021-09-16 14:18:38.895,2021-09-20 19:58:39.395,
5025444,2021-09-10,2021-09-14 13:13:44.858,2021-09-20 06:18:52.294,2021-09-20 06:18:52.294,
5021823,2021-09-10,2021-09-14 13:46:15.406,2021-09-20 00:24:42.421,2021-09-21 00:24:42.421,
5035457,2021-09-10,2021-09-14 13:53:00.973,2021-09-16 13:53:00.973,2021-09-20 14:26:58.803,
5021742,2021-09-10,2021-09-14 14:14:02.775,2021-09-16 14:14:02.775,2021-09-20 02:21:24.378,
5030719,2021-09-10,2021-09-14 14:55:39.647,2021-09-16 14:55:39.647,2021-09-20 10:29:12.917,
5030888,2021-09-10,2021-09-14 15:39:03.687,2021-09-20 06:36:32.633,,
5025740,2021-09-10,2021-09-14 15:43:59.365,2021-09-20 10:56:20.344,2021-09-20 23:55:34.348,
5032156,2021-09-10,2021-09-14 16:11:13.704,2021-09-17 13:47:16.478,2021-09-20 20:21:00.934,
5028556,2021-09-10,2021-09-14 16:13:48.636,2021-09-20 06:12:31.091,2021-09-20 06:12:31.091,
5025705,2021-09-10,2021-09-14 16:56:01.645,2021-09-16 16:56:01.645,2021-09-17 16:56:01.645,2021-09-20 16:56:01.645
5028175,2021-09-10,2021-09-14 17:07:25.961,2021-09-16 17:07:25.961,2021-09-20 10:50:32.415,
5022450,2021-09-10,2021-09-14 17:13:14.335,2021-09-16 17:13:14.335,2021-09-20 02:44:22.544,
5029118,2021-09-10,2021-09-14 18:28:29.007,2021-09-20 08:51:54.692,2021-09-20 08:51:54.692,
5022206,2021-09-10,2021-09-14 18:40:05.304,2021-09-16 18:40:05.304,2021-09-20 16:59:58.005,
5027878,2021-09-10,2021-09-14 19:16:55.184,2021-09-16 19:16:55.184,2021-09-17 19:16:55.184,2021-09-20 19:16:55.184
5034418,2021-09-10,2021-09-14 19:47:56.704,2021-09-16 19:47:56.704,2021-09-20 10:50:26.732,
5026100,2021-09-10,2021-09-14 20:19:15.987,2021-09-16 20:19:15.987,2021-09-17 20:19:15.987,2021-09-20 20:19:15.987
5024472,2021-09-10,2021-09-14 20:36:40.601,2021-09-17 08:43:43.528,2021-09-20 09:10:03.333,
5029065,2021-09-10,2021-09-14 20:46:00.617,2021-09-16 20:46:00.617,2021-09-17 20:46:00.617,2021-09-20 20:46:00.617
5022948,2021-09-10,2021-09-14 20:49:53.157,2021-09-16 20:49:53.157,2021-09-17 20:49:53.157,2021-09-20 20:49:53.157
5026712,2021-09-10,2021-09-14 21:32:14.708,2021-09-16 23:05:06.916,2021-09-17 23:05:06.916,2021-09-20 23:05:06.916
5033733,2021-09-10,2021-09-14 22:41:09.614,2021-09-16 22:41:09.614,2021-09-17 22:41:09.614,2021-09-20 22:41:09.614
5037624,2021-09-10,2021-09-14 23:50:11.268,2021-09-16 23:50:11.268,2021-09-17 23:50:11.268,2021-09-20 23:50:11.268
5026785,2021-09-10,2021-09-15 00:07:09.021,2021-09-17 00:07:09.021,2021-09-20 00:07:09.021,
5035560,2021-09-10,2021-09-15 01:20:11.174,2021-09-17 12:14:01.023,2021-09-20 19:12:50.549,
5032518,2021-09-10,2021-09-15 01:33:13.924,2021-09-21 11:36:45.033,,
5031462,2021-09-10,2021-09-15 01:38:40.575,2021-09-17 01:38:40.575,2021-09-20 01:38:40.575,
5030852,2021-09-10,2021-09-15 03:05:07.742,2021-09-17 03:39:55.559,2021-09-20 05:41:38.512,
5024261,2021-09-10,2021-09-15 03:15:18.343,2021-09-20 21:23:25.270,,
5023912,2021-09-10,2021-09-15 04:46:30.281,2021-09-17 04:46:30.281,2021-09-20 04:46:30.281,
5026412,2021-09-10,2021-09-15 05:20:01.481,2021-09-17 05:20:01.481,2021-09-20 08:22:01.633,
5022166,2021-09-10,2021-09-15 05:30:38.912,2021-09-20 09:30:10.951,2021-09-20 09:30:10.951,
5034653,2021-09-10,2021-09-15 05:39:12.326,2021-09-17 05:39:12.326,2021-09-20 07:35:15.305,
5031653,2021-09-10,2021-09-15 05:39:47.014,2021-09-17 05:39:47.014,2021-09-20 05:39:47.014,
5028067,2021-09-10,2021-09-15 05:41:55.079,2021-09-17 05:41:55.079,2021-09-20 04:51:03.435,
5036744,2021-09-10,2021-09-15 06:33:57.777,2021-09-17 06:33:57.777,2021-09-20 06:33:57.777,
5028186,2021-09-10,2021-09-15 07:05:31.775,2021-09-17 22:57:08.220,2021-09-20 09:30:40.513,
5030490,2021-09-10,2021-09-15 07:37:49.524,2021-09-20 01:07:04.982,2021-09-20 01:07:04.982,
5036596,2021-09-10,2021-09-15 09:11:31.025,2021-09-20 14:29:16.224,2021-09-20 19:08:07.060,
5029642,2021-09-10,2021-09-15 09:13:18.574,2021-09-17 09:13:18.574,2021-09-20 23:49:07.366,
5027923,2021-09-10,2021-09-15 10:06:36.142,2021-09-17 10:28:08.136,2021-09-20 05:32:37.845,
5031071,2021-09-10,2021-09-15 10:39:18.923,2021-09-17 10:39:18.923,2021-09-20 10:39:18.923,
5029656,2021-09-10,2021-09-15 11:39:31.458,2021-09-17 11:39:31.458,2021-09-20 11:39:31.458,
5028980,2021-09-10,2021-09-15 11:46:50.343,2021-09-17 11:46:50.343,2021-09-20 07:43:50.665,
5025513,2021-09-10,2021-09-15 11:54:54.724,2021-09-20 20:41:21.927,2021-09-20 05:16:25.606,
5023149,2021-09-10,2021-09-15 11:57:00.909,2021-09-17 11:57:00.909,2021-09-20 03:09:45.957,
5035411,2021-09-10,2021-09-15 12:39:08.372,2021-09-17 20:00:03.977,2021-09-20 20:00:03.977,
5025959,2021-09-10,2021-09-15 12:58:08.143,2021-09-20 12:45:33.182,2021-09-20 19:20:22.361,
5024693,2021-09-10,2021-09-15 13:28:57.705,2021-09-20 23:06:04.964,2021-09-21 12:09:42.772,
5024159,2021-09-10,2021-09-15 13:44:09.275,2021-09-20 03:02:34.722,2021-09-20 22:07:40.449,
5026220,2021-09-10,2021-09-15 13:56:05.163,2021-09-17 16:58:15.263,2021-09-20 08:04:47.944,
5033317,2021-09-10,2021-09-15 14:48:39.074,2021-09-17 14:51:47.750,2021-09-20 01:14:18.059,
5028543,2021-09-10,2021-09-15 15:04:19.471,2021-09-20 22:26:47.402,2021-09-20 22:26:47.402,
5030807,2021-09-10,2021-09-15 19:04:42.766,2021-09-20 17:19:38.936,,
5029964,2021-09-10,2021-09-15 19:40:30.661,2021-09-20 03:21:19.644,2021-09-20 03:21:19.644,
5032340,2021-09-10,2021-09-15 20:05:59.769,2021-09-20 18:43:09.638,2021-09-20 02:20:34.583,
5023171,2021-09-10,2021-09-15 20:56:38.288,2021-09-20 13:47:25.718,2021-09-20 23:06:50.467,
5034893,2021-09-10,2021-09-15 21:17:38.810,2021-09-20 19:44:08.768,2021-09-21 19:44:08.768,
5035435,2021-09-10,2021-09-15 22:25:46.377,2021-09-17 22:25:46.377,2021-09-20 09:08:57.890,
5022538,2021-09-10,2021-09-15 23:09:37.574,2021-09-17 23:09:37.574,2021-09-20 23:09:37.574,
5033811,2021-09-10,2021-09-15 23:52:58.548,2021-09-20 19:32:57.654,2021-09-20 19:32:57.654,
5026145,2021-09-10,2021-09-16 00:28:23.775,2021-09-20 05:05:57.901,2021-09-20 11:29:01.985,
5029462,2021-09-10,2021-09-16 01:37:55.017,2021-09-20 01:37:55.017,2021-09-20 20:16:49.545,
5026318,2021-09-10,2021-09-16 03:59:11.777,2021-09-20 03:59:11.777,2021-09-20 03:59:11.777,
5023462,2021-09-10,2021-09-16 05:20:41.598,2021-09-20 00:00:06.383,2021-09-21 00:00:06.383,
5032311,2021-09-10,2021-09-16 05:57:26.424,2021-09-20 16:59:30.259,2021-09-20 16:59:30.259,
5028108,2021-09-10,2021-09-16 06:58:28.269,2021-09-20 06:58:28.269,2021-09-20 17:21:40.577,
5030095,2021-09-10,2021-09-16 07:30:09.707,2021-09-21 16:48:35.668,,
5022965,2021-09-10,2021-09-16 07:55:51.492,2021-09-20 02:42:57.850,,
5022874,2021-09-10,2021-09-16 08:03:22.083,2021-09-20 08:03:22.083,2021-09-20 08:03:22.083,
5023052,2021-09-10,2021-09-16 08:05:55.667,2021-09-20 08:05:55.667,2021-09-20 08:05:55.667,
5028037,2021-09-10,2021-09-16 12:55:08.352,2021-09-20 14:35:35.373,2021-09-20 21:57:51.039,
5023910,2021-09-10,2021-09-16 13:59:31.591,2021-09-20 13:59:31.591,2021-09-20 13:59:31.591,
5031298,2021-09-10,2021-09-16 15:40:47.554,2021-09-20 08:22:51.715,2021-09-21 08:22:51.715,
5034553,2021-09-10,2021-09-16 16:02:55.033,2021-09-20 16:02:55.033,2021-09-20 16:02:55.033,
5035170,2021-09-10,2021-09-16 16:24:50.189,2021-09-20 16:24:50.189,2021-09-20 06:35:08.236,
5025488,2021-09-10,2021-09-16 17:46:01.328,2021-09-20 17:46:01.328,2021-09-20 17:46:01.328,
5027955,2021-09-10,2021-09-16 18:25:19.587,2021-09-20 01:42:23.578,2021-09-20 01:42:23.578,
5028200,2021-09-10,2021-09-16 19:06:30.576,2021-09-20 19:06:30.576,2021-09-21 00:01:30.237,
5023366,2021-09-10,2021-09-16 20:25:12.265,2021-09-20 20:25:12.265,2021-09-21 10:33:45.916,
5027196,2021-09-10,2021-09-16 20:26:59.755,2021-09-20 23:35:51.260,2021-09-21 20:23:31.651,
5028415,2021-09-10,2021-09-16 20:28:12.527,,,
5025953,2021-09-10,2021-09-16 22:22:33.359,2021-09-20 22:22:33.359,2021-09-20 22:22:33.359,
5035584,2021-09-10,2021-09-16 23:45:01.532,2021-09-20 23:45:01.532,2021-09-20 23:45:01.532,
5024842,2021-09-10,2021-09-17 02:07:36.207,2021-09-20 02:07:36.207,2021-09-20 02:07:36.207,
5023039,2021-09-10,2021-09-17 02:21:16.690,2021-09-20 03:39:36.398,2021-09-21 07:33:02.293,
5032172,2021-09-10,2021-09-17 02:30:34.202,,,
5032116,2021-09-10,2021-09-17 03:20:38.281,,,
5026722,2021-09-10,2021-09-17 03:22:18.811,2021-09-20 03:22:18.811,2021-09-20 03:22:40.392,
5024768,2021-09-10,2021-09-17 07:13:12.860,2021-09-20 07:13:12.860,2021-09-20 07:13:12.860,
5029689,2021-09-10,2021-09-17 10:08:17.752,2021-09-20 10:08:17.752,2021-09-21 00:43:39.540,
5030881,2021-09-10,2021-09-17 11:53:13.698,2021-09-20 11:53:13.698,,
5034186,2021-09-10,2021-09-17 15:55:52.393,2021-09-20 03:00:57.095,2021-09-21 10:57:54.678,
5028332,2021-09-10,2021-09-17 17:50:27.796,,,
5022125,2021-09-10,2021-09-20 03:48:59.738,2021-09-20 03:48:59.738,2021-09-21 03:48:59.738,
5033655,2021-09-10,2021-09-20 20:40:34.343,,,
5037558,2021-09-10,2021-09-20 21:18:17.663,2021-09-20 21:18:17.663,,
5021857,2021-09-11,2021-09-13 00:00:00.000,2021-09-15 00:00:00.000,2021-09-16 00:00:00.000,2021-09-20 00:00:00.000
5032956,2021-09-11,2021-09-13 00:00:00.000,2021-09-15 00:00:00.000,2021-09-16 00:00:00.000,2021-09-20 00:00:00.000
5030109,2021-09-11,2021-09-13 00:00:00.000,2021-09-15 00:00:00.000,2021-09-16 00:00:00.000,2021-09-20 00:00:00.000
5021573,2021-09-11,2021-09-13 00:00:00.000,2021-09-15 00:00:00.000,2021-09-16 00:00:00.000,2021-09-20 00:00:00.000
5022094,2021-09-11,2021-09-13 00:00:00.000,2021-09-15 00:00:00.000,2021-09-16 00:00:00.000,2021-09-20 00:00:00.000
5021697,2021-09-11,2021-09-13 00:00:00.000,2021-09-15 00:00:00.000,2021-09-16 00:00:00.000,2021-09-20 00:00:00.000
5029717,2021-09-11,2021-09-13 00:00:00.000,2021-09-15 00:00:00.000,2021-09-16 00:00:00.000,2021-09-20 00:00:00.000
5037067,2021-09-11,2021-09-13 00:00:00.000,2021-09-15 00:00:00.000,2021-09-16 00:00:00.000,2021-09-20 00:00:00.000
5026074,2021-09-11,2021-09-13 00:00:00.000,2021-09-15 00:00:00.000,2021-09-16 00:00:00.000,2021-09-20 00:00:00.000
5030916,2021-09-11,2021-09-13 00:00:00.000,2021-09-15 00:00:00.000,2021-09-16 00:00:00.000,2021-09-20 00:00:00.000
5035312,2021-09-11,2021-09-13 00:00:00.000,2021-09-15 00:00:00.000,2021-09-16 00:00:00.000,2021-09-20 00:00:00.000
5022658,2021-09-11,2021-09-13 00:00:00.000,2021-09-15 00:00:00.000,2021-09-16 00:00:00.000,2021-09-20 00:00:00.000
5023696,2021-09-11,2021-09-13 00:00:00.000,2021-09-15 00:00:00.000,2021-09-16 00:00:00.000,2021-09-20 00:00:00.000
5024584,2021-09-11,2021-09-13 00:00:00.000,2021-09-15 00:00:00.000,2021-09-16 00:00:00.000,2021-09-20 00:00:00.000
5023025,2021-09-11,2021-09-13 00:00:00.000,2021-09-15 00:00:00.000,2021-09-16 00:00:00.000,2021-09-20 00:00:00.000
5031036,2021-09-11,2021-09-13 00:00:00.000,2021-09-15 00:00:00.000,2021-09-16 00:00:00.000,2021-09-20 00:00:00.000
5021558,2021-09-11,2021-09-13 00:00:00.000,2021-09-15 00:00:00.000,2021-09-16 01:56:36.672,2021-09-20 01:56:36.672
5028876,2021-09-11,2021-09-13 00:00:00.000,2021-09-15 00:00:00.000,2021-09-16 02:01:52.612,2021-09-20 02:01:52.612
5035522,2021-09-11,2021-09-13 00:00:00.000,2021-09-15 00:00:00.000,2021-09-16 02:19:16.664,2021-09-20 02:19:16.664
5022557,2021-09-11,2021-09-13 00:00:00.000,2021-09-15 00:00:00.000,2021-09-16 03:29:44.794,2021-09-20 03:29:44.794
5036749,2021-09-11,2021-09-13 00:00:00.000,2021-09-15 00:00:00.000,2021-09-16 06:50:18.668,2021-09-20 06:50:18.668
5032618,2021-09-11,2021-09-13 00:00:00.000,2021-09-15 00:00:00.000,2021-09-16 08:15:49.963,2021-09-20 08:15:49.963
5027295,2021-09-11,2021-09-13 00:00:00.000,2021-09-15 00:00:00.000,2021-09-16 10:02:17.438,2021-09-20 10:02:17.438
5025807,2021-09-11,2021-09-13 00:00:00.000,2021-09-15 00:00:00.000,2021-09-16 12:26:52.714,2021-09-20 12:26:52.714
5026232,2021-09-11,2021-09-13 00:00:00.000,2021-09-15 00:00:00.000,2021-09-16 13:43:32.335,2021-09-20 13:43:32.335
5029937,2021-09-11,2021-09-13 00:00:00.000,2021-09-15 00:00:00.000,2021-09-16 15:59:51.817,2021-09-20 15:59:51.817
5030131,2021-09-11,2021-09-13 00:00:00.000,2021-09-15 00:00:00.000,2021-09-16 22:06:14.888,2021-09-20 22:06:14.888
5034451,2021-09-11,2021-09-13 00:00:00.000,2021-09-15 00:00:00.000,2021-09-17 00:11:33.841,2021-09-20 00:11:33.841
5023100,2021-09-11,2021-09-13 00:00:00.000,2021-09-15 00:00:00.000,2021-09-17 04:57:58.536,2021-09-20 04:57:58.536
5026675,2021-09-11,2021-09-13 00:00:00.000,2021-09-15 00:00:00.000,2021-09-17 08:34:58.842,2021-09-20 08:34:58.842
5031303,2021-09-11,2021-09-13 00:00:00.000,2021-09-15 00:00:00.000,2021-09-17 10:21:19.733,2021-09-20 10:21:19.733
5025840,2021-09-11,2021-09-13 00:00:00.000,2021-09-15 05:39:12.811,2021-09-16 05:39:12.811,2021-09-20 05:39:12.811
5037355,2021-09-11,2021-09-13 00:00:00.000,2021-09-15 11:30:43.641,2021-09-16 11:30:43.641,2021-09-20 11:30:43.641
5036374,2021-09-11,2021-09-13 00:00:00.000,2021-09-15 15:36:10.509,2021-09-16 15:36:10.509,2021-09-20 15:36:10.509
5033802,2021-09-11,2021-09-13 00:00:00.000,2021-09-15 21:46:31.367,2021-09-20 02:50:39.371,
5027904,2021-09-11,2021-09-13 00:00:00.000,2021-09-15 22:02:57.512,2021-09-17 21:34:06.421,2021-09-20 21:34:06.421
5030194,2021-09-11,2021-09-13 00:00:00.000,2021-09-15 23:19:30.106,2021-09-16 23:19:30.106,2021-09-20 23:19:30.106
5027360,2021-09-11,2021-09-13 00:00:00.000,2021-09-16 09:12:07.679,2021-09-17 09:12:07.679,2021-09-20 09:12:07.679
5035797,2021-09-11,2021-09-13 00:00:00.000,2021-09-16 12:23:05.834,2021-09-20 03:03:56.542,
5025582,2021-09-11,2021-09-13 00:00:00.000,2021-09-16 20:48:41.062,2021-09-20 01:21:47.083,
5036995,2021-09-11,2021-09-13 00:00:00.000,2021-09-16 21:26:23.598,2021-09-17 22:26:19.218,2021-09-20 22:26:19.218
5034922,2021-09-11,2021-09-13 00:00:00.000,2021-09-16 23:41:59.212,2021-09-17 23:41:59.212,2021-09-20 23:41:59.212
5037425,2021-09-11,2021-09-13 00:00:00.000,2021-09-17 00:46:33.743,2021-09-20 08:40:50.081,
5028252,2021-09-11,2021-09-13 00:00:00.000,2021-09-17 01:05:45.666,2021-09-20 16:37:54.093,
5037614,2021-09-11,2021-09-13 00:00:00.000,2021-09-20 01:27:39.864,2021-09-20 12:40:27.036,
5022201,2021-09-11,2021-09-13 00:00:00.000,2021-09-20 11:50:38.044,2021-09-20 03:11:28.508,
5031060,2021-09-11,2021-09-13 00:00:00.000,2021-09-20 12:14:13.984,2021-09-20 12:14:13.984,
5034382,2021-09-11,2021-09-13 00:42:16.953,2021-09-17 01:59:44.832,2021-09-20 01:59:44.832,
5025722,2021-09-11,2021-09-13 01:37:04.508,2021-09-15 01:37:04.508,2021-09-16 01:37:04.508,2021-09-20 01:37:04.508
5027900,2021-09-11,2021-09-13 01:54:08.934,2021-09-16 04:48:48.605,2021-09-17 19:51:16.638,2021-09-20 19:51:16.638
5028504,2021-09-11,2021-09-13 02:25:05.005,2021-09-15 02:25:05.005,2021-09-16 10:52:37.154,2021-09-20 10:52:37.154
5034455,2021-09-11,2021-09-13 03:09:34.933,2021-09-17 02:09:24.926,2021-09-20 02:09:24.926,
5026819,2021-09-11,2021-09-13 03:09:36.332,2021-09-16 13:32:22.373,2021-09-17 14:20:11.880,2021-09-20 14:20:11.880
5028581,2021-09-11,2021-09-13 03:32:49.787,2021-09-15 03:32:49.787,2021-09-16 03:32:49.787,2021-09-20 03:32:49.787
5036677,2021-09-11,2021-09-13 04:56:23.240,2021-09-15 04:56:23.240,2021-09-16 04:56:23.240,2021-09-20 04:56:23.240
5030515,2021-09-11,2021-09-13 05:07:04.208,2021-09-15 05:07:04.208,2021-09-17 19:47:37.845,2021-09-20 19:47:37.845
5033254,2021-09-11,2021-09-13 07:08:53.349,2021-09-17 07:06:37.933,2021-09-20 07:06:37.933,
5026734,2021-09-11,2021-09-13 07:54:32.433,2021-09-15 07:54:32.433,2021-09-16 07:54:32.433,2021-09-20 07:54:32.433
5032386,2021-09-11,2021-09-13 08:19:45.546,2021-09-16 15:12:24.201,2021-09-17 15:12:24.201,2021-09-20 15:12:24.201
5033307,2021-09-11,2021-09-13 08:29:12.424,2021-09-16 22:23:06.617,2021-09-17 22:23:06.617,2021-09-20 22:23:06.617
5022259,2021-09-11,2021-09-13 08:51:25.972,2021-09-16 03:26:25.409,2021-09-17 03:26:25.409,2021-09-20 03:26:25.409
5028918,2021-09-11,2021-09-13 08:55:19.290,2021-09-15 08:55:19.290,2021-09-16 08:55:19.290,2021-09-20 08:55:19.290
5030950,2021-09-11,2021-09-13 09:17:22.819,2021-09-15 21:34:52.836,2021-09-17 09:40:36.826,2021-09-20 09:40:36.826
5037377,2021-09-11,2021-09-13 10:36:16.246,2021-09-17 12:55:12.542,2021-09-20 12:55:12.542,
5036471,2021-09-11,2021-09-13 11:23:47.510,2021-09-15 18:53:56.331,2021-09-16 19:14:54.298,2021-09-20 19:14:54.298
5035579,2021-09-11,2021-09-13 12:28:00.676,2021-09-15 12:28:00.676,2021-09-17 03:26:25.019,2021-09-20 03:26:25.019
5034934,2021-09-11,2021-09-13 13:04:23.691,2021-09-15 13:04:23.691,2021-09-16 18:57:37.519,2021-09-20 18:57:37.519
5029239,2021-09-11,2021-09-13 13:15:03.972,2021-09-15 13:15:03.972,2021-09-16 13:15:03.972,2021-09-20 13:15:03.972
5029831,2021-09-11,2021-09-13 13:35:53.607,2021-09-15 13:35:53.607,2021-09-16 13:35:53.607,2021-09-20 13:35:53.607
5029164,2021-09-11,2021-09-13 14:32:44.438,2021-09-15 14:32:44.438,2021-09-16 14:32:44.438,2021-09-20 14:32:44.438
5021630,2021-09-11,2021-09-13 14:41:51.008,2021-09-15 14:41:51.008,2021-09-17 20:32:52.995,2021-09-20 20:32:52.995
5021990,2021-09-11,2021-09-13 15:08:33.539,2021-09-15 15:08:33.539,2021-09-17 19:09:18.263,2021-09-20 19:09:18.263
5036962,2021-09-11,2021-09-13 17:23:09.436,2021-09-15 17:23:09.436,2021-09-16 22:01:55.712,2021-09-20 22:01:55.712
5030256,2021-09-11,2021-09-13 18:44:03.230,2021-09-15 18:44:03.230,2021-09-20 11:25:29.411,
5032972,2021-09-11,2021-09-13 19:41:53.905,2021-09-17 16:05:57.528,2021-09-20 09:09:53.596,
5026381,2021-09-11,2021-09-13 22:45:35.293,2021-09-15 22:45:35.293,2021-09-17 17:09:27.133,2021-09-20 17:09:27.133
5035709,2021-09-11,2021-09-13 23:28:17.765,2021-09-15 23:28:17.765,2021-09-20 01:58:29.935,
5025723,2021-09-11,2021-09-13 23:45:38.224,2021-09-15 23:45:38.224,2021-09-16 23:45:38.224,2021-09-20 23:45:38.224
5022285,2021-09-11,2021-09-14 00:53:23.260,2021-09-16 00:53:23.260,2021-09-17 00:53:23.260,2021-09-20 00:53:23.260
5023403,2021-09-11,2021-09-14 01:40:09.932,2021-09-20 06:38:24.551,2021-09-20 16:57:25.070,
5029791,2021-09-11,2021-09-14 02:03:52.933,2021-09-16 02:03:52.933,2021-09-17 11:43:43.785,2021-09-20 11:43:43.785
5024926,2021-09-11,2021-09-14 02:15:18.052,2021-09-16 23:56:03.664,2021-09-20 13:45:44.814,
5034848,2021-09-11,2021-09-14 02:21:20.928,2021-09-16 02:21:20.928,2021-09-17 02:21:20.928,2021-09-20 02:21:20.928
5030800,2021-09-11,2021-09-14 03:35:45.186,2021-09-16 03:35:45.186,2021-09-17 14:05:49.162,2021-09-20 14:05:49.162
5026490,2021-09-11,2021-09-14 04:03:02.536,2021-09-16 15:35:22.044,2021-09-17 15:35:22.044,2021-09-20 15:35:22.044
5023464,2021-09-11,2021-09-14 04:20:16.038,2021-09-16 04:20:16.038,2021-09-17 04:20:16.038,2021-09-20 04:20:16.038
5034268,2021-09-11,2021-09-14 04:32:03.373,2021-09-17 13:12:26.630,2021-09-20 13:12:26.630,
5025363,2021-09-11,2021-09-14 05:18:49.749,2021-09-16 05:18:49.749,2021-09-17 05:18:49.749,2021-09-20 05:18:49.749
5024895,2021-09-11,2021-09-14 05:27:19.718,2021-09-16 05:27:19.718,2021-09-17 12:31:33.314,2021-09-20 12:31:33.314
5026679,2021-09-11,2021-09-14 06:15:28.954,2021-09-16 06:15:28.954,2021-09-20 02:55:03.152,
5035805,2021-09-11,2021-09-14 07:48:56.418,2021-09-20 00:12:41.140,2021-09-20 18:31:30.948,
5036875,2021-09-11,2021-09-14 07:49:39.420,2021-09-16 07:49:39.420,2021-09-17 07:49:39.420,2021-09-20 07:49:39.420
5023137,2021-09-11,2021-09-14 08:00:40.150,2021-09-16 15:42:12.486,2021-09-17 15:42:12.486,2021-09-20 15:42:12.486
5025816,2021-09-11,2021-09-14 08:29:51.202,2021-09-17 05:10:02.874,2021-09-20 17:12:50.635,
5024899,2021-09-11,2021-09-14 09:25:55.629,2021-09-16 09:25:55.629,2021-09-17 10:50:02.589,2021-09-20 10:50:02.589
5030917,2021-09-11,2021-09-14 09:33:51.404,2021-09-16 09:33:51.404,2021-09-20 03:21:15.244,
5037026,2021-09-11,2021-09-14 10:10:50.992,2021-09-17 06:34:10.150,2021-09-20 06:34:10.150,
5025755,2021-09-11,2021-09-14 11:07:23.523,2021-09-20 07:14:22.586,2021-09-20 19:26:06.091,
5031283,2021-09-11,2021-09-14 11:18:44.344,2021-09-20 06:35:37.880,2021-09-21 06:35:37.880,
5034244,2021-09-11,2021-09-14 12:49:04.173,2021-09-21 18:23:48.981,,
5026544,2021-09-11,2021-09-14 13:12:33.370,2021-09-20 08:46:40.426,2021-09-21 08:46:40.426,
5021446,2021-09-11,2021-09-14 13:39:02.587,2021-09-16 13:39:02.587,2021-09-17 13:39:02.587,2021-09-20 13:39:02.587
5037399,2021-09-11,2021-09-14 13:59:08.841,2021-09-16 17:14:38.906,2021-09-17 17:14:38.906,2021-09-20 17:14:38.906
5032909,2021-09-11,2021-09-14 14:36:50.240,2021-09-17 20:37:24.641,2021-09-20 20:37:24.641,
5022978,2021-09-11,2021-09-14 14:41:17.763,2021-09-16 14:41:17.763,2021-09-17 14:41:17.763,2021-09-20 14:41:17.763
5027872,2021-09-11,2021-09-14 15:08:47.622,2021-09-16 15:08:47.622,2021-09-17 18:16:34.071,2021-09-20 18:16:34.071
5031147,2021-09-11,2021-09-14 15:19:19.552,2021-09-16 15:19:19.552,2021-09-20 16:05:25.869,
5024937,2021-09-11,2021-09-14 16:03:15.732,2021-09-20 09:06:16.041,2021-09-20 09:06:16.041,
5022970,2021-09-11,2021-09-14 16:05:52.364,2021-09-16 16:05:52.364,2021-09-17 16:05:52.364,2021-09-20 16:05:52.364
5022902,2021-09-11,2021-09-14 16:31:37.414,2021-09-17 17:42:52.203,2021-09-20 21:55:36.824,
5036680,2021-09-11,2021-09-14 16:35:47.504,2021-09-17 03:33:40.114,2021-09-20 16:20:56.183,
5025481,2021-09-11,2021-09-14 17:20:59.578,2021-09-16 17:20:59.578,2021-09-17 17:20:59.578,2021-09-20 17:20:59.578
5028187,2021-09-11,2021-09-14 18:15:23.517,2021-09-16 18:15:23.517,2021-09-17 18:15:23.517,2021-09-20 18:15:23.517
5025386,2021-09-11,2021-09-14 18:20:32.043,2021-09-17 22:58:13.847,2021-09-20 10:22:59.173,
5021621,2021-09-11,2021-09-14 18:57:05.686,2021-09-16 18:57:05.686,2021-09-20 16:19:39.126,
5032583,2021-09-11,2021-09-14 19:06:14.267,2021-09-16 19:06:14.267,2021-09-20 21:08:01.160,
5023523,2021-09-11,2021-09-14 19:14:15.969,2021-09-17 16:13:00.990,2021-09-20 02:23:48.890,
5030078,2021-09-11,2021-09-14 19:15:00.679,2021-09-16 19:15:00.679,2021-09-20 09:28:12.543,
5035493,2021-09-11,2021-09-14 20:01:21.754,2021-09-17 16:43:23.942,2021-09-20 16:43:23.942,
5025900,2021-09-11,2021-09-14 20:43:21.853,2021-09-20 21:52:55.399,2021-09-20 21:52:55.399,
5028421,2021-09-11,2021-09-14 21:31:37.334,2021-09-20 01:31:35.971,2021-09-20 04:46:41.235,
5028408,2021-09-11,2021-09-14 22:55:12.457,2021-09-16 22:55:12.457,2021-09-20 04:16:59.111,
5037313,2021-09-11,2021-09-14 23:15:38.930,2021-09-16 23:15:38.930,2021-09-20 06:37:23.474,
5023860,2021-09-11,2021-09-14 23:18:17.859,2021-09-16 23:18:17.859,2021-09-20 02:27:50.282,
5034986,2021-09-11,2021-09-14 23:29:14.147,2021-09-16 23:29:14.147,2021-09-20 04:22:28.515,
5032594,2021-09-11,2021-09-14 23:40:28.195,2021-09-16 23:40:28.195,2021-09-20 22:11:18.756,
5024978,2021-09-11,2021-09-14 23:47:32.697,2021-09-16 23:47:32.697,2021-09-17 23:47:32.697,2021-09-20 23:47:32.697
5031235,2021-09-11,2021-09-15 00:01:55.536,2021-09-17 17:35:31.093,2021-09-20 17:35:31.093,
5024574,2021-09-11,2021-09-15 00:06:53.966,2021-09-21 00:57:07.294,,
5037457,2021-09-11,2021-09-15 00:28:49.839,2021-09-20 16:26:04.005,2021-09-20 16:26:04.005,
5031272,2021-09-11,2021-09-15 00:52:34.861,2021-09-17 00:52:34.861,2021-09-20 00:52:34.861,
5032969,2021-09-11,2021-09-15 01:37:18.176,2021-09-17 10:21:36.767,2021-09-20 12:23:35.653,
5037345,2021-09-11,2021-09-15 01:38:59.306,2021-09-17 01:38:59.306,2021-09-20 01:38:59.306,
5027060,2021-09-11,2021-09-15 01:41:36.564,2021-09-17 12:18:15.762,2021-09-20 12:21:55.080,
5023319,2021-09-11,2021-09-15 02:51:13.969,2021-09-20 18:34:03.728,2021-09-20 18:34:03.728,
5027462,2021-09-11,2021-09-15 03:12:24.614,2021-09-20 14:09:04.058,2021-09-20 14:09:04.058,
5030217,2021-09-11,2021-09-15 03:20:42.345,2021-09-17 03:20:42.345,2021-09-20 15:49:02.079,
5025851,2021-09-11,2021-09-15 03:25:54.145,2021-09-17 03:25:54.145,2021-09-20 08:31:46.639,
5022264,2021-09-11,2021-09-15 03:30:23.407,2021-09-20 02:35:05.895,2021-09-20 04:49:35.185,
5027160,2021-09-11,2021-09-15 04:16:13.028,2021-09-17 04:16:13.028,2021-09-20 04:16:13.028,
5023506,2021-09-11,2021-09-15 05:34:46.206,2021-09-17 21:33:43.773,2021-09-20 21:33:43.773,
5022099,2021-09-11,2021-09-15 05:40:20.650,2021-09-20 02:12:57.250,2021-09-21 05:59:16.914,
5025583,2021-09-11,2021-09-15 05:59:48.037,2021-09-17 05:59:48.037,2021-09-20 10:49:24.865,
5030356,2021-09-11,2021-09-15 06:46:21.070,2021-09-17 06:46:21.070,2021-09-20 13:00:05.657,
5032939,2021-09-11,2021-09-15 07:42:19.243,2021-09-17 08:15:17.748,2021-09-20 05:47:43.768,
5028597,2021-09-11,2021-09-15 07:49:51.399,,,
5026444,2021-09-11,2021-09-15 08:10:04.748,2021-09-17 08:10:04.748,2021-09-20 21:54:06.043,
5024909,2021-09-11,2021-09-15 08:10:40.475,2021-09-20 04:25:46.815,2021-09-20 04:25:46.815,
5030087,2021-09-11,2021-09-15 08:49:35.678,2021-09-17 12:58:25.924,2021-09-20 05:16:56.101,
5034836,2021-09-11,2021-09-15 08:51:57.044,2021-09-17 08:51:57.044,2021-09-20 08:51:57.044,
5024644,2021-09-11,2021-09-15 08:51:58.836,2021-09-20 07:10:59.109,2021-09-21 07:10:59.109,
5027183,2021-09-11,2021-09-15 09:10:14.301,2021-09-17 09:10:14.301,2021-09-20 19:30:12.279,
5023602,2021-09-11,2021-09-15 09:12:57.746,2021-09-17 09:12:57.746,2021-09-20 09:12:57.746,
5034333,2021-09-11,2021-09-15 09:19:59.280,2021-09-20 12:26:57.827,,
5032692,2021-09-11,2021-09-15 09:41:23.009,2021-09-17 09:41:23.009,2021-09-20 09:41:23.009,
5022113,2021-09-11,2021-09-15 09:50:13.802,2021-09-17 09:50:13.802,2021-09-20 09:50:13.802,
5035214,2021-09-11,2021-09-15 09:53:48.254,2021-09-21 05:38:39.076,,
5033110,2021-09-11,2021-09-15 10:07:22.020,2021-09-17 10:07:22.020,2021-09-20 10:21:52.334,
5034465,2021-09-11,2021-09-15 10:22:07.725,2021-09-17 10:22:07.725,2021-09-20 10:22:07.725,
5036818,2021-09-11,2021-09-15 10:46:20.954,2021-09-17 10:46:20.954,2021-09-20 22:28:50.990,
5024887,2021-09-11,2021-09-15 10:59:05.572,2021-09-20 12:36:33.166,2021-09-21 12:36:33.166,
5022991,2021-09-11,2021-09-15 11:12:35.473,2021-09-17 11:12:35.473,2021-09-20 11:12:35.473,
5035802,2021-09-11,2021-09-15 11:42:59.934,2021-09-17 11:42:59.934,2021-09-20 11:42:59.934,
5023132,2021-09-11,2021-09-15 11:43:52.505,2021-09-21 09:24:18.259,,
5030503,2021-09-11,2021-09-15 11:57:39.433,2021-09-20 19:14:51.224,2021-09-21 18:34:08.971,
5032573,2021-09-11,2021-09-15 12:36:37.747,2021-09-20 05:25:43.955,2021-09-20 05:25:43.955,
5032695,2021-09-11,2021-09-15 12:50:55.215,2021-09-17 12:50:55.215,2021-09-20 12:50:55.215,
5026441,2021-09-11,2021-09-15 13:04:08.910,2021-09-20 20:11:44.513,2021-09-21 03:49:59.387,
5022493,2021-09-11,2021-09-15 13:29:35.319,2021-09-17 13:29:35.319,2021-09-20 10:48:05.458,
5036786,2021-09-11,2021-09-15 13:50:20.875,2021-09-17 13:50:20.875,2021-09-20 13:50:20.875,
5026967,2021-09-11,2021-09-15 14:43:53.175,2021-09-20 06:26:36.730,2021-09-21 06:26:36.730,
5032456,2021-09-11,2021-09-15 15:45:11.070,2021-09-21 02:35:44.002,,
5024489,2021-09-11,2021-09-15 16:11:43.941,2021-09-21 14:47:24.667,,
5027336,2021-09-11,2021-09-15 16:27:04.767,2021-09-17 16:27:04.767,2021-09-20 16:27:04.767,
5035663,2021-09-11,2021-09-15 17:28:17.899,2021-09-20 13:57:18.565,2021-09-20 20:09:24.859,
5025619,2021-09-11,2021-09-15 17:43:48.448,2021-09-17 23:53:08.743,2021-09-20 07:40:51.060,
5023958,2021-09-11,2021-09-15 18:16:38.538,2021-09-20 01:55:54.803,2021-09-20 01:55:54.803,
5031030,2021-09-11,2021-09-15 19:44:40.782,2021-09-17 19:44:40.782,2021-09-20 00:42:44.222,
5030922,2021-09-11,2021-09-15 20:06:04.123,2021-09-17 20:06:04.123,2021-09-20 20:06:04.123,
5033211,2021-09-11,2021-09-15 20:21:02.578,2021-09-20 18:50:23.459,2021-09-21 09:35:00.013,
5031155,2021-09-11,2021-09-15 20:26:43.846,2021-09-20 12:50:10.446,2021-09-21 12:29:31.665,
5034466,2021-09-11,2021-09-15 21:18:02.797,,,
5026347,2021-09-11,2021-09-15 21:40:41.188,2021-09-17 21:40:41.188,2021-09-20 15:22:12.531,
5023610,2021-09-11,2021-09-15 22:12:40.703,2021-09-17 22:12:40.703,2021-09-20 13:34:50.582,
5027007,2021-09-11,2021-09-15 22:50:57.712,2021-09-20 23:55:09.671,2021-09-20 00:20:01.067,
5029993,2021-09-11,2021-09-15 23:00:11.706,,,
5024443,2021-09-11,2021-09-15 23:49:28.593,2021-09-17 23:49:28.593,2021-09-20 23:49:28.593,
5026168,2021-09-11,2021-09-15 23:55:51.552,2021-09-17 23:55:51.552,2021-09-20 23:55:51.552,
5022318,2021-09-11,2021-09-16 00:12:51.844,2021-09-20 00:12:51.844,2021-09-20 00:12:51.844,
5030191,2021-09-11,2021-09-16 01:04:26.469,2021-09-20 01:04:26.469,2021-09-20 07:04:26.683,
5026887,2021-09-11,2021-09-16 04:58:43.789,2021-09-20 04:58:43.789,2021-09-21 03:44:59.668,
5035030,2021-09-11,2021-09-16 05:01:12.236,2021-09-20 04:18:13.389,2021-09-21 17:59:05.858,
5033099,2021-09-11,2021-09-16 05:06:27.074,2021-09-20 05:06:27.074,2021-09-20 05:06:27.074,
5026784,2021-09-11,2021-09-16 05:28:18.772,2021-09-20 05:28:18.772,2021-09-20 05:28:18.772,
5023553,2021-09-11,2021-09-16 05:30:53.915,2021-09-20 08:20:35.903,2021-09-21 14:57:50.364,
5034902,2021-09-11,2021-09-16 06:00:09.411,2021-09-20 02:15:27.064,2021-09-21 02:15:27.064,
5022485,2021-09-11,2021-09-16 06:00:44.577,2021-09-20 06:00:44.577,2021-09-20 19:34:13.265,
5034426,2021-09-11,2021-09-16 07:12:34.337,2021-09-20 07:12:34.337,2021-09-20 07:12:34.337,
5033680,2021-09-11,2021-09-16 07:13:50.774,2021-09-20 07:13:50.774,2021-09-20 07:13:50.774,
5024019,2021-09-11,2021-09-16 09:00:27.434,2021-09-20 09:00:27.434,2021-09-20 09:00:27.434,
5033238,2021-09-11,2021-09-16 10:50:07.542,2021-09-20 10:50:07.542,2021-09-21 00:38:02.280,
5032326,2021-09-11,2021-09-16 11:20:55.973,2021-09-21 00:17:09.726,,
5024175,2021-09-11,2021-09-16 11:23:23.909,2021-09-20 11:23:23.909,2021-09-20 11:23:23.909,
5028398,2021-09-11,2021-09-16 11:55:06.647,2021-09-21 09:48:58.839,,
5022722,2021-09-11,2021-09-16 12:27:26.718,,,
5034436,2021-09-11,2021-09-16 12:38:50.425,,,
5031132,2021-09-11,2021-09-16 13:47:47.169,2021-09-21 11:28:09.366,,
5025414,2021-09-11,2021-09-16 13:52:36.094,2021-09-21 17:28:59.460,,
5021804,2021-09-11,2021-09-16 14:32:35.247,2021-09-20 14:32:35.247,2021-09-20 14:32:35.247,
5027026,2021-09-11,2021-09-16 14:38:45.399,2021-09-20 14:38:45.399,2021-09-20 00:28:40.064,
5023338,2021-09-11,2021-09-16 14:48:26.634,2021-09-20 09:39:19.326,2021-09-21 15:10:52.910,
5031043,2021-09-11,2021-09-16 15:52:33.883,2021-09-20 15:52:33.883,2021-09-20 16:45:14.871,
5034438,2021-09-11,2021-09-16 17:04:38.864,2021-09-20 17:04:38.864,2021-09-20 21:00:56.221,
5030036,2021-09-11,2021-09-16 17:31:38.257,2021-09-20 06:43:29.423,2021-09-20 06:43:29.423,
5032649,2021-09-11,2021-09-16 17:53:28.769,2021-09-20 17:53:28.769,2021-09-20 17:53:28.769,
5032915,2021-09-11,2021-09-16 18:44:22.531,2021-09-20 10:58:36.827,2021-09-21 10:58:36.827,
5030892,2021-09-11,2021-09-16 19:10:17.520,2021-09-20 19:10:17.520,2021-09-20 15:00:41.904,
5021745,2021-09-11,2021-09-16 20:16:39.228,2021-09-20 21:05:59.866,2021-09-20 21:05:59.866,
5034806,2021-09-11,2021-09-16 21:42:45.331,2021-09-20 21:42:45.331,2021-09-20 21:42:45.331,
5023333,2021-09-11,2021-09-16 22:23:27.970,2021-09-20 22:45:29.888,2021-09-21 22:45:29.888,
5032407,2021-09-11,2021-09-16 22:39:11.840,2021-09-20 22:39:11.840,2021-09-20 22:39:11.840,
5037306,2021-09-11,2021-09-16 23:16:56.356,2021-09-20 23:16:56.356,2021-09-20 23:16:56.356,
5036958,2021-09-11,2021-09-16 23:34:33.508,2021-09-21 21:38:07.111,,
5031306,2021-09-11,2021-09-17 00:07:06.800,,,
5026539,2021-09-11,2021-09-17 03:15:49.294,2021-09-20 15:14:59.800,,
5030841,2021-09-11,2021-09-17 05:55:22.875,2021-09-20 05:55:22.875,2021-09-20 05:55:22.875,
5029502,2021-09-11,2021-09-17 07:34:35.497,2021-09-20 20:30:29.055,,
5027243,2021-09-11,2021-09-17 08:03:47.478,2021-09-21 02:12:12.941,,
5028505,2021-09-11,2021-09-17 09:32:50.438,2021-09-20 09:32:50.438,2021-09-21 21:41:50.993,
5035574,2021-09-11,2021-09-17 09:34:10.284,2021-09-20 09:34:10.284,2021-09-21 05:57:17.677,
5030607,2021-09-11,2021-09-17 09:49:04.285,2021-09-20 09:49:04.285,2021-09-20 09:49:04.285,
5023872,2021-09-11,2021-09-17 17:36:14.558,,,
5024500,2021-09-11,2021-09-17 17:57:06.867,2021-09-20 17:57:06.867,2021-09-20 17:57:06.867,
5031088,2021-09-11,2021-09-17 19:53:37.156,2021-09-20 19:53:37.156,2021-09-20 19:53:37.156,
5033523,2021-09-11,2021-09-17 23:07:08.678,2021-09-20 03:17:56.869,2021-09-21 03:17:56.869,
5033067,2021-09-11,2021-09-20 00:04:37.276,2021-09-21 19:15:14.562,,
5021586,2021-09-11,2021-09-20 01:43:33.121,2021-09-21 12:33:25.254,,
5036703,2021-09-11,2021-09-20 01:44:48.267,2021-09-21 13:39:09.258,,
5023942,2021-09-11,2021-09-20 02:11:30.858,2021-09-20 21:08:15.513,,
5036302,2021-09-11,2021-09-20 03:12:31.083,2021-09-20 03:12:31.083,2021-09-21 21:17:31.223,
5024482,2021-09-11,2021-09-20 03:25:31.184,2021-09-20 03:25:31.184,,
5025367,2021-09-11,2021-09-20 04:18:36.886,,,
5036631,2021-09-11,2021-09-20 04:50:17.097,2021-09-21 21:18:19.835,,
5027398,2021-09-11,2021-09-20 05:22:22.081,2021-09-21 05:22:22.081,,
5023360,2021-09-11,2021-09-20 06:09:15.024,2021-09-20 06:09:15.024,2021-09-21 12:44:42.266,
5028693,2021-09-11,2021-09-20 06:31:34.285,2021-09-21 06:31:34.285,,
5023989,2021-09-11,2021-09-20 07:09:40.355,2021-09-20 07:09:40.355,2021-09-21 07:09:40.355,
5035609,2021-09-11,2021-09-20 09:25:23.441,2021-09-21 13:24:18.544,,
5024047,2021-09-11,2021-09-20 09:27:27.975,2021-09-20 09:27:27.975,2021-09-21 09:27:27.975,
5037374,2021-09-11,2021-09-20 14:03:39.220,,,
5027407,2021-09-11,2021-09-20 14:21:54.960,,,
5031018,2021-09-11,2021-09-20 15:56:07.135,2021-09-21 04:38:29.120,,
5028062,2021-09-11,2021-09-20 18:08:12.210,2021-09-20 18:08:12.210,2021-09-21 18:08:12.210,
5034165,2021-09-11,2021-09-20 18:10:54.843,2021-09-20 18:34:08.693,,
5023566,2021-09-13,2021-09-15 00:00:00.000,2021-09-17 00:00:00.000,2021-09-20 00:00:00.000,
5025871,2021-09-13,2021-09-15 00:00:00.000,2021-09-17 00:00:00.000,2021-09-20 00:00:00.000,
5033399,2021-09-13,2021-09-15 00:00:00.000,2021-09-17 00:00:00.000,2021-09-20 00:00:00.000,
5033709,2021-09-13,2021-09-15 00:00:00.000,2021-09-17 00:00:00.000,2021-09-20 00:00:00.000,
5024509,2021-09-13,2021-09-15 00:00:00.000,2021-09-17 00:00:00.000,2021-09-20 00:00:00.000,
5031505,2021-09-13,2021-09-15 00:00:00.000,2021-09-17 00:00:00.000,2021-09-20 00:00:00.000,
5025145,2021-09-13,2021-09-15 00:00:00.000,2021-09-17 00:00:00.000,2021-09-20 00:00:00.000,
5021441,2021-09-13,2021-09-15 00:00:00.000,2021-09-17 00:00:00.000,2021-09-20 00:00:00.000,
5023831,2021-09-13,2021-09-15 00:00:00.000,2021-09-17 00:00:00.000,2021-09-20 00:00:00.000,
5025925,2021-09-13,2021-09-15 00:00:00.000,2021-09-17 00:00:00.000,2021-09-20 00:00:00.000,
5029000,2021-09-13,2021-09-15 00:00:00.000,2021-09-17 00:00:00.000,2021-09-20 00:00:00.000,
5036027,2021-09-13,2021-09-15 00:00:00.000,2021-09-17 00:00:00.000,2021-09-20 00:00:00.000,
5030099,2021-09-13,2021-09-15 00:00:00.000,2021-09-17 00:00:00.000,2021-09-20 00:00:00.000,
5033283,2021-09-13,2021-09-15 00:00:00.000,2021-09-17 00:00:00.000,2021-09-20 00:00:00.000,
5034293,2021-09-13,2021-09-15 00:00:00.000,2021-09-17 00:00:00.000,2021-09-20 00:00:00.000,
5025155,2021-09-13,2021-09-15 00:00:00.000,2021-09-17 00:00:00.000,2021-09-20 00:00:00.000,
5031822,2021-09-13,2021-09-15 00:00:00.000,2021-09-17 00:00:00.000,2021-09-20 00:00:00.000,
5030215,2021-09-13,2021-09-15 00:00:00.000,2021-09-17 00:00:00.000,2021-09-20 00:00:00.000,
5028153,2021-09-13,2021-09-15 00:00:00.000,2021-09-17 00:00:00.000,2021-09-20 00:00:00.000,
5029901,2021-09-13,2021-09-15 00:00:00.000,2021-09-17 00:00:00.000,2021-09-20 00:00:00.000,
5035069,2021-09-13,2021-09-15 00:00:00.000,2021-09-17 00:00:00.000,2021-09-20 01:00:09.168,
5028953,2021-09-13,2021-09-15 00:00:00.000,2021-09-17 00:00:00.000,2021-09-20 01:51:04.103,
5026200,2021-09-13,2021-09-15 00:00:00.000,2021-09-17 00:00:00.000,2021-09-20 02:19:43.180,
5033331,2021-09-13,2021-09-15 00:00:00.000,2021-09-17 00:00:00.000,2021-09-20 04:33:22.202,
5033851,2021-09-13,2021-09-15 00:00:00.000,2021-09-17 00:00:00.000,2021-09-20 04:38:03.429,
5034558,2021-09-13,2021-09-15 00:00:00.000,2021-09-17 00:00:00.000,2021-09-20 05:26:48.251,
5030276,2021-09-13,2021-09-15 00:00:00.000,2021-09-17 00:00:00.000,2021-09-20 07:40:03.202,
5036702,2021-09-13,2021-09-15 00:00:00.000,2021-09-17 00:00:00.000,2021-09-20 08:19:56.636,
5026864,2021-09-13,2021-09-15 00:00:00.000,2021-09-17 00:00:00.000,2021-09-20 09:50:57.550,
5028311,2021-09-13,2021-09-15 00:00:00.000,2021-09-17 00:00:00.000,2021-09-20 21:24:54.917,
5027431,2021-09-13,2021-09-15 00:00:00.000,2021-09-17 00:00:00.000,2021-09-20 22:00:31.714,
5027366,2021-09-13,2021-09-15 00:00:00.000,2021-09-17 01:50:11.125,2021-09-20 10:06:17.867,
5028750,2021-09-13,2021-09-15 00:00:00.000,2021-09-17 01:59:17.888,2021-09-20 01:59:17.888,
5029681,2021-09-13,2021-09-15 00:00:00.000,2021-09-17 03:01:45.480,2021-09-20 03:01:45.480,
5022130,2021-09-13,2021-09-15 00:00:00.000,2021-09-17 03:31:21.055,2021-09-20 03:31:21.055,
5026363,2021-09-13,2021-09-15 00:00:00.000,2021-09-17 06:43:28.816,2021-09-20 04:44:30.776,
5037069,2021-09-13,2021-09-15 00:00:00.000,2021-09-17 06:48:14.578,2021-09-20 06:48:14.578,
5033130,2021-09-13,2021-09-15 00:00:00.000,2021-09-17 07:34:13.925,2021-09-20 07:34:13.925,
5028544,2021-09-13,2021-09-15 00:00:00.000,2021-09-17 10:40:24.119,2021-09-20 10:40:24.119,
5036549,2021-09-13,2021-09-15 00:00:00.000,2021-09-17 11:07:11.583,2021-09-20 21:58:04.394,
5033264,2021-09-13,2021-09-15 00:00:00.000,2021-09-17 11:51:31.226,2021-09-20 11:51:31.226,
5021638,2021-09-13,2021-09-15 00:00:00.000,2021-09-17 13:23:19.380,2021-09-20 17:07:42.588,
5031709,2021-09-13,2021-09-15 00:00:00.000,2021-09-17 16:05:22.236,2021-09-20 20:52:21.559,
5036462,2021-09-13,2021-09-15 00:00:00.000,2021-09-17 19:36:04.102,2021-09-20 19:36:04.102,
5026893,2021-09-13,2021-09-15 00:00:00.000,2021-09-17 23:06:11.409,2021-09-20 23:06:11.409,
5025957,2021-09-13,2021-09-15 00:00:00.000,2021-09-17 23:52:18.900,2021-09-20 23:52:18.900,
5034471,2021-09-13,2021-09-15 00:00:00.000,2021-09-20 00:35:05.854,2021-09-21 22:06:53.836,
5031331,2021-09-13,2021-09-15 00:00:00.000,2021-09-20 06:19:33.728,2021-09-20 13:56:06.336,
5028860,2021-09-13,2021-09-15 00:00:00.000,2021-09-20 06:22:39.310,2021-09-20 18:58:17.645,
5032711,2021-09-13,2021-09-15 00:00:00.000,2021-09-20 07:43:28.127,2021-09-20 20:06:11.508,
5036246,2021-09-13,2021-09-15 00:00:00.000,2021-09-20 08:08:06.061,2021-09-21 08:08:06.061,
5028461,2021-09-13,2021-09-15 00:00:00.000,2021-09-20 09:34:18.690,2021-09-21 10:07:03.552,
5036792,2021-09-13,2021-09-15 00:00:00.000,2021-09-20 09:46:08.437,2021-09-20 09:46:08.437,
5032663,2021-09-13,2021-09-15 00:00:00.000,2021-09-20 09:52:05.118,2021-09-20 09:52:05.118,
5036206,2021-09-13,2021-09-15 00:00:00.000,2021-09-20 14:13:38.530,2021-09-21 00:53:11.832,
5033205,2021-09-13,2021-09-15 00:00:00.000,2021-09-20 15:43:45.418,2021-09-20 08:45:04.221,
5034236,2021-09-13,2021-09-15 00:00:00.000,2021-09-20 16:59:36.445,2021-09-20 16:59:36.445,
5028136,2021-09-13,2021-09-15 00:00:00.000,2021-09-20 18:24:26.488,2021-09-20 08:20:09.649,
5026487,2021-09-13,2021-09-15 00:00:00.000,2021-09-20 20:32:40.071,2021-09-21 20:03:01.529,
5031150,2021-09-13,2021-09-15 00:00:00.000,2021-09-20 21:10:32.592,2021-09-20 21:10:32.592,
5022582,2021-09-13,2021-09-15 00:00:00.000,2021-09-20 23:12:57.185,2021-09-21 00:08:38.630,
5028524,2021-09-13,2021-09-15 00:00:00.000,2021-09-20 23:33:51.255,2021-09-20 10:14:00.685,
5023469,2021-09-13,2021-09-15 00:21:06.719,2021-09-20 01:33:56.609,,
5032549,2021-09-13,2021-09-15 00:37:36.032,2021-09-17 05:28:13.080,2021-09-20 12:51:12.640,
5021534,2021-09-13,2021-09-15 00:51:52.590,2021-09-20 02:12:57.159,2021-09-21 02:12:57.159,
5027376,2021-09-13,2021-09-15 01:09:40.512,2021-09-17 01:09:40.512,2021-09-20 18:45:05.426,
5032557,2021-09-13,2021-09-15 01:12:08.373,2021-09-17 01:12:08.373,2021-09-20 01:12:08.373,
5021676,2021-09-13,2021-09-15 03:20:17.172,2021-09-17 06:22:59.664,2021-09-20 06:31:03.547,
5031429,2021-09-13,2021-09-15 03:35:11.663,2021-09-17 03:35:11.663,2021-09-20 07:52:58.144,
5024229,2021-09-13,2021-09-15 03:55:18.306,2021-09-20 22:49:34.448,2021-09-20 19:41:39.527,
5028198,2021-09-13,2021-09-15 04:25:04.092,2021-09-17 04:25:04.092,2021-09-20 04:25:04.092,
5030162,2021-09-13,2021-09-15 05:24:57.529,2021-09-17 09:37:35.459,2021-09-20 18:15:01.177,
5029256,2021-09-13,2021-09-15 06:24:49.507,2021-09-20 00:14:40.947,2021-09-20 21:19:52.014,
5028333,2021-09-13,2021-09-15 08:09:43.219,2021-09-20 23:22:00.822,2021-09-20 23:22:00.822,
5025847,2021-09-13,2021-09-15 08:45:50.048,2021-09-17 08:45:50.048,2021-09-20 13:21:11.445,
5032208,2021-09-13,2021-09-15 10:59:50.915,2021-09-17 12:08:06.339,2021-09-20 19:48:01.659,
5021371,2021-09-13,2021-09-15 11:11:22.061,2021-09-17 11:11:22.061,2021-09-20 11:11:22.061,
5028405,2021-09-13,2021-09-15 11:42:28.177,2021-09-20 21:35:24.680,2021-09-20 21:35:24.680,
5025834,2021-09-13,2021-09-15 12:07:02.208,2021-09-17 12:07:02.208,2021-09-20 14:26:40.625,
5025568,2021-09-13,2021-09-15 12:38:21.103,2021-09-17 12:38:21.103,2021-09-20 12:38:21.103,
5029618,2021-09-13,2021-09-15 12:46:10.539,2021-09-20 04:28:30.052,2021-09-20 04:28:30.052,
5035548,2021-09-13,2021-09-15 12:59:31.528,2021-09-20 10:15:20.619,2021-09-20 12:41:18.095,
5037102,2021-09-13,2021-09-15 14:41:47.735,2021-09-17 14:41:57.031,2021-09-20 00:58:15.242,
5025514,2021-09-13,2021-09-15 14:57:48.312,2021-09-20 12:34:19.907,2021-09-20 12:34:19.907,
5028394,2021-09-13,2021-09-15 15:07:37.283,2021-09-20 11:44:21.772,2021-09-21 11:44:21.772,
5024610,2021-09-13,2021-09-15 16:15:44.911,2021-09-17 16:15:44.911,2021-09-20 16:15:44.911,
5031082,2021-09-13,2021-09-15 16:48:10.520,2021-09-20 15:30:25.293,2021-09-20 23:12:21.290,
5028361,2021-09-13,2021-09-15 16:52:14.312,2021-09-20 06:21:55.998,2021-09-20 06:21:55.998,
5029931,2021-09-13,2021-09-15 17:31:22.926,2021-09-20 09:29:02.931,2021-09-20 09:29:02.931,
5032672,2021-09-13,2021-09-15 17:34:05.322,2021-09-20 10:52:12.848,2021-09-20 10:52:12.848,
5023606,2021-09-13,2021-09-15 17:45:12.517,2021-09-20 10:55:36.289,2021-09-20 10:55:36.289,
5027287,2021-09-13,2021-09-15 18:00:28.436,2021-09-17 18:00:28.436,2021-09-20 18:00:28.436,
5035156,2021-09-13,2021-09-15 18:03:45.297,2021-09-17 18:03:45.297,2021-09-20 13:06:22.505,
5032682,2021-09-13,2021-09-15 18:20:53.316,2021-09-20 18:58:47.711,2021-09-20 18:58:47.711,
5029300,2021-09-13,2021-09-15 18:28:50.957,2021-09-20 22:03:37.655,2021-09-20 22:03:37.655,
5025486,2021-09-13,2021-09-15 19:13:27.662,2021-09-17 19:13:27.662,2021-09-20 19:13:27.662,
5025082,2021-09-13,2021-09-15 20:52:25.226,2021-09-17 20:52:25.226,2021-09-20 20:52:25.226,
5037033,2021-09-13,2021-09-15 21:12:52.813,2021-09-20 19:27:41.717,2021-09-20 04:26:03.933,
5034715,2021-09-13,2021-09-15 21:19:08.557,2021-09-20 09:18:47.610,2021-09-20 09:18:47.610,
5024915,2021-09-13,2021-09-15 21:19:26.637,2021-09-20 09:55:55.738,2021-09-21 10:44:00.824,
5021808,2021-09-13,2021-09-15 21:21:58.711,2021-09-20 01:20:05.345,2021-09-20 01:20:05.345,
5026825,2021-09-13,2021-09-15 21:28:35.610,2021-09-20 12:06:48.948,2021-09-21 12:06:48.948,
5026620,2021-09-13,2021-09-15 21:55:45.886,2021-09-20 03:02:52.109,2021-09-20 03:02:52.109,
5026266,2021-09-13,2021-09-15 22:15:01.979,2021-09-21 07:27:51.735,,
5031804,2021-09-13,2021-09-15 23:02:06.466,,,
5024008,2021-09-13,2021-09-15 23:41:41.771,2021-09-17 23:41:41.771,2021-09-20 10:08:49.575,
5031240,2021-09-13,2021-09-16 00:17:10.681,2021-09-20 00:17:10.681,2021-09-20 00:17:10.681,
5029955,2021-09-13,2021-09-16 00:23:02.621,2021-09-20 13:41:53.743,2021-09-20 15:49:51.712,
5027914,2021-09-13,2021-09-16 00:31:30.753,,,
5025586,2021-09-13,2021-09-16 00:39:53.937,2021-09-20 20:30:03.249,2021-09-20 20:30:03.249,
5025413,2021-09-13,2021-09-16 00:45:33.177,2021-09-20 00:45:33.177,2021-09-20 14:39:29.599,
5035923,2021-09-13,2021-09-16 00:46:47.932,2021-09-20 06:40:41.020,2021-09-21 06:40:41.020,
5031103,2021-09-13,2021-09-16 01:20:56.606,2021-09-20 01:20:56.606,2021-09-20 14:21:07.868,
5032358,2021-09-13,2021-09-16 01:42:40.140,2021-09-20 01:42:40.140,2021-09-20 16:40:44.670,
5030130,2021-09-13,2021-09-16 01:56:56.681,2021-09-20 02:52:07.433,2021-09-20 02:52:07.433,
5031858,2021-09-13,2021-09-16 03:15:29.243,2021-09-21 07:24:15.606,,
5036824,2021-09-13,2021-09-16 03:28:07.194,2021-09-20 03:28:07.194,2021-09-21 07:54:12.919,
5024529,2021-09-13,2021-09-16 03:39:56.401,2021-09-20 03:39:56.401,2021-09-20 19:56:58.152,
5031524,2021-09-13,2021-09-16 03:42:09.288,2021-09-20 03:42:09.288,2021-09-20 20:54:31.521,
5027074,2021-09-13,2021-09-16 04:06:26.017,2021-09-21 05:32:01.138,,
5037046,2021-09-13,2021-09-16 05:24:45.287,2021-09-20 15:33:32.585,2021-09-20 21:54:54.574,
5028303,2021-09-13,2021-09-16 06:47:50.732,2021-09-20 18:02:11.762,2021-09-20 18:02:11.762,
5035761,2021-09-13,2021-09-16 06:59:26.428,2021-09-20 20:19:24.407,2021-09-21 20:19:24.407,
5036926,2021-09-13,2021-09-16 07:57:33.891,2021-09-20 07:57:33.891,2021-09-21 12:37:48.101,
5030110,2021-09-13,2021-09-16 08:12:28.900,2021-09-20 08:12:28.900,2021-09-20 08:12:28.900,
5028590,2021-09-13,2021-09-16 08:32:18.034,2021-09-20 08:32:18.034,2021-09-20 07:18:57.769,
5026492,2021-09-13,2021-09-16 08:47:13.166,2021-09-20 19:45:23.046,2021-09-20 19:45:23.046,
5023976,2021-09-13,2021-09-16 08:49:35.773,2021-09-20 22:24:07.479,2021-09-20 21:03:11.194,
5035076,2021-09-13,2021-09-16 09:07:38.512,2021-09-21 09:59:02.876,,
5025951,2021-09-13,2021-09-16 09:20:58.082,2021-09-21 02:54:45.268,,
5035673,2021-09-13,2021-09-16 09:21:45.978,2021-09-20 12:04:09.265,2021-09-20 12:04:09.265,
5026829,2021-09-13,2021-09-16 09:36:03.701,2021-09-20 17:19:48.403,2021-09-21 11:29:02.312,
5027959,2021-09-13,2021-09-16 09:53:23.246,2021-09-21 02:47:23.224,,
5026568,2021-09-13,2021-09-16 09:55:00.276,2021-09-20 09:55:00.276,2021-09-20 09:55:00.276,
5027712,2021-09-13,2021-09-16 10:21:51.679,2021-09-20 22:17:05.437,2021-09-20 22:17:05.437,
5036023,2021-09-13,2021-09-16 10:50:44.789,2021-09-20 17:44:00.918,2021-09-20 22:07:50.935,
5031385,2021-09-13,2021-09-16 10:55:54.025,2021-09-20 22:16:34.928,,
5036587,2021-09-13,2021-09-16 10:57:02.279,2021-09-20 10:57:02.279,2021-09-20 15:07:37.042,
5026512,2021-09-13,2021-09-16 11:35:08.516,2021-09-20 13:20:50.182,2021-09-20 13:20:50.182,
5035133,2021-09-13,2021-09-16 12:16:17.385,2021-09-21 13:40:36.445,,
5030992,2021-09-13,2021-09-16 12:19:19.880,2021-09-20 12:19:19.880,2021-09-20 12:19:19.880,
5027111,2021-09-13,2021-09-16 12:34:56.613,2021-09-20 10:48:18.899,,
5026869,2021-09-13,2021-09-16 13:30:31.383,2021-09-20 13:30:31.383,2021-09-20 13:30:31.383,
5035185,2021-09-13,2021-09-16 13:34:18.567,2021-09-21 16:13:01.417,,
5025390,2021-09-13,2021-09-16 14:04:08.427,2021-09-20 15:41:55.601,2021-09-21 21:33:49.798,
5027306,2021-09-13,2021-09-16 14:28:49.014,2021-09-20 17:45:08.841,2021-09-21 14:49:55.013,
5031266,2021-09-13,2021-09-16 15:17:39.085,2021-09-21 07:10:28.321,,
5036352,2021-09-13,2021-09-16 15:29:31.380,2021-09-20 14:05:44.260,,
5030382,2021-09-13,2021-09-16 15:59:33.943,2021-09-20 15:59:33.943,2021-09-20 15:59:33.943,
5033515,2021-09-13,2021-09-16 16:23:03.429,2021-09-20 16:23:03.429,2021-09-20 16:23:03.429,
5024810,2021-09-13,2021-09-16 16:23:37.746,,,
5025095,2021-09-13,2021-09-16 16:52:43.787,2021-09-20 16:52:43.787,2021-09-20 16:52:43.787,
5028184,2021-09-13,2021-09-16 17:07:57.043,2021-09-20 17:07:57.043,2021-09-20 17:07:57.043,
5035365,2021-09-13,2021-09-16 17:20:01.710,2021-09-20 17:20:01.710,2021-09-20 21:44:02.681,
5031096,2021-09-13,2021-09-16 17:49:22.433,2021-09-20 08:53:50.266,2021-09-21 05:48:04.658,
5023064,2021-09-13,2021-09-16 18:23:46.659,2021-09-20 01:56:36.553,2021-09-21 17:34:52.429,
5021663,2021-09-13,2021-09-16 18:31:25.097,2021-09-20 13:51:43.650,2021-09-20 14:10:08.230,
5026524,2021-09-13,2021-09-16 19:00:19.157,2021-09-21 16:34:44.881,,
5035167,2021-09-13,2021-09-16 20:28:22.537,,,
5028148,2021-09-13,2021-09-16 20:39:22.147,2021-09-20 20:35:54.687,2021-09-21 06:35:22.000,
5026616,2021-09-13,2021-09-16 21:31:27.819,2021-09-20 21:31:27.819,2021-09-20 21:31:27.819,
5035752,2021-09-13,2021-09-16 21:32:21.829,2021-09-20 23:12:32.873,2021-09-21 03:09:30.899,
5025935,2021-09-13,2021-09-16 21:48:12.808,2021-09-20 21:48:12.808,2021-09-20 21:48:12.808,
5032337,2021-09-13,2021-09-16 21:48:19.592,2021-09-20 21:48:59.345,,
5033845,2021-09-13,2021-09-16 22:13:59.777,2021-09-20 22:13:59.777,2021-09-20 14:20:47.797,
5035504,2021-09-13,2021-09-16 22:16:34.445,2021-09-20 22:16:34.445,,
5035567,2021-09-13,2021-09-16 23:04:27.131,2021-09-20 02:27:12.022,2021-09-21 11:04:12.773,
5031790,2021-09-13,2021-09-16 23:08:18.143,2021-09-21 13:56:05.143,,
5037077,2021-09-13,2021-09-16 23:22:50.252,2021-09-20 23:22:50.252,2021-09-20 23:22:50.252,
5030093,2021-09-13,2021-09-16 23:41:08.182,2021-09-21 02:53:07.571,,
5032218,2021-09-13,2021-09-16 23:54:02.537,2021-09-20 12:01:12.883,2021-09-20 12:55:30.367,
5032159,2021-09-13,2021-09-17 00:32:03.967,2021-09-20 00:32:03.967,2021-09-20 01:52:29.836,
5035747,2021-09-13,2021-09-17 01:17:17.651,2021-09-20 01:17:17.651,2021-09-20 01:17:17.651,
5022507,2021-09-13,2021-09-17 02:58:07.779,2021-09-21 10:33:03.759,,
5028276,2021-09-13,2021-09-17 03:12:37.358,2021-09-20 03:12:37.358,2021-09-20 03:12:37.358,
5025553,2021-09-13,2021-09-17 03:12:40.076,2021-09-20 06:29:42.905,2021-09-21 23:50:07.146,
5023375,2021-09-13,2021-09-17 03:13:57.246,2021-09-20 14:35:52.716,2021-09-21 14:35:52.716,
5032809,2021-09-13,2021-09-17 03:40:28.234,2021-09-20 03:40:28.234,2021-09-20 13:52:37.600,
5031712,2021-09-13,2021-09-17 03:50:04.154,2021-09-20 03:50:04.154,2021-09-20 17:21:39.815,
5027626,2021-09-13,2021-09-17 03:59:08.713,2021-09-20 19:12:59.704,2021-09-20 19:12:59.704,
5035063,2021-09-13,2021-09-17 05:07:58.916,2021-09-20 02:27:59.494,2021-09-21 02:27:59.494,
5030846,2021-09-13,2021-09-17 05:10:52.049,2021-09-21 23:04:23.255,,
5032755,2021-09-13,2021-09-17 05:29:23.167,2021-09-21 09:45:43.222,,
5022514,2021-09-13,2021-09-17 06:20:03.475,2021-09-20 06:20:03.475,2021-09-20 06:20:03.475,
5027424,2021-09-13,2021-09-17 06:48:23.227,2021-09-20 06:48:23.227,2021-09-21 06:09:41.922,
5021803,2021-09-13,2021-09-17 09:01:19.720,2021-09-20 09:01:19.720,,
5036174,2021-09-13,2021-09-17 09:15:25.423,,,
5022617,2021-09-13,2021-09-17 09:54:13.478,,,
5023072,2021-09-13,2021-09-17 10:14:41.310,,,
5022131,2021-09-13,2021-09-17 10:18:07.813,2021-09-20 10:18:07.813,2021-09-20 10:18:07.813,
5024276,2021-09-13,2021-09-17 10:18:26.315,2021-09-20 23:22:28.145,2021-09-20 23:22:28.145,
5035179,2021-09-13,2021-09-17 10:24:52.193,2021-09-20 12:21:28.234,2021-09-21 12:21:28.234,
5025696,2021-09-13,2021-09-17 10:57:23.869,2021-09-20 10:57:23.869,2021-09-20 10:57:23.869,
5036411,2021-09-13,2021-09-17 10:58:45.349,2021-09-21 10:50:06.011,,
5031029,2021-09-13,2021-09-17 11:45:25.274,2021-09-20 06:56:07.636,2021-09-21 11:33:16.076,
5029796,2021-09-13,2021-09-17 11:52:11.537,2021-09-20 03:03:05.329,2021-09-21 03:03:05.329,
5027983,2021-09-13,2021-09-17 12:09:16.069,2021-09-20 12:09:16.069,2021-09-20 12:09:16.069,
5034544,2021-09-13,2021-09-17 12:17:25.537,2021-09-21 10:32:31.748,,
5033282,2021-09-13,2021-09-17 13:17:20.792,2021-09-21 09:15:58.531,,
5028982,2021-09-13,2021-09-17 13:18:11.142,2021-09-20 20:26:10.800,2021-09-21 07:28:21.591,
5035053,2021-09-13,2021-09-17 13:27:01.070,2021-09-20 13:49:14.694,2021-09-20 13:49:14.694,
5027426,2021-09-13,2021-09-17 13:28:31.493,2021-09-21 02:26:50.720,,
5023876,2021-09-13,2021-09-17 13:45:10.979,2021-09-20 13:45:10.979,2021-09-20 13:45:10.979,
5035122,2021-09-13,2021-09-17 13:52:03.991,2021-09-20 13:52:03.991,2021-09-20 13:52:03.991,
5030347,2021-09-13,2021-09-17 13:54:33.963,2021-09-20 13:54:33.963,2021-09-20 22:49:28.509,
5031210,2021-09-13,2021-09-17 14:48:02.092,2021-09-20 14:48:02.092,2021-09-21 15:20:43.324,
5033703,2021-09-13,2021-09-17 15:26:27.032,2021-09-20 15:26:27.032,2021-09-20 15:26:27.032,
5024099,2021-09-13,2021-09-17 16:09:32.933,2021-09-20 20:43:14.433,2021-09-21 20:43:14.433,
5031212,2021-09-13,2021-09-17 16:30:41.102,,,
5031535,2021-09-13,2021-09-17 16:35:37.101,2021-09-20 16:35:37.101,2021-09-20 16:35:37.101,
5034860,2021-09-13,2021-09-17 17:28:41.689,2021-09-20 20:13:15.231,2021-09-20 20:13:15.231,
5022311,2021-09-13,2021-09-17 17:59:54.497,2021-09-20 19:49:29.993,2021-09-21 19:49:29.993,
5034509,2021-09-13,2021-09-17 18:08:36.770,2021-09-20 18:08:36.770,2021-09-20 18:08:36.770,
5035226,2021-09-13,2021-09-17 18:26:13.337,2021-09-20 16:28:18.350,2021-09-21 16:28:18.350,
5027568,2021-09-13,2021-09-17 19:54:00.552,2021-09-20 19:54:00.552,2021-09-21 01:33:18.340,
5028074,2021-09-13,2021-09-17 20:03:47.382,2021-09-20 20:03:47.382,2021-09-20 22:03:21.282,
5026793,2021-09-13,2021-09-17 20:15:06.094,2021-09-20 20:15:06.094,2021-09-21 07:25:48.063,
5032727,2021-09-13,2021-09-17 21:08:05.070,2021-09-20 21:08:05.070,,
5032469,2021-09-13,2021-09-17 21:21:14.252,2021-09-20 21:21:14.252,,
5028939,2021-09-13,2021-09-17 21:44:26.664,2021-09-20 21:44:26.664,,
5028117,2021-09-13,2021-09-17 22:37:19.822,2021-09-20 22:37:19.822,,
5036529,2021-09-13,2021-09-17 23:27:33.184,2021-09-20 23:27:33.184,2021-09-20 23:27:33.184,
5025782,2021-09-13,2021-09-17 23:31:34.855,2021-09-20 23:31:34.855,2021-09-21 11:16:03.173,
5031550,2021-09-13,2021-09-17 23:47:41.344,2021-09-21 18:46:54.093,,
5024107,2021-09-13,2021-09-17 23:50:49.961,2021-09-21 04:00:22.105,,
5029345,2021-09-13,2021-09-20 00:47:28.312,2021-09-21 18:03:35.331,,
5031475,2021-09-13,2021-09-20 01:01:43.258,2021-09-21 01:01:43.258,,
5031671,2021-09-13,2021-09-20 01:04:19.727,2021-09-21 02:17:01.027,,
5026156,2021-09-13,2021-09-20 01:18:50.693,,,
5035235,2021-09-13,2021-09-20 01:24:16.142,,,
5030250,2021-09-13,2021-09-20 01:43:23.681,2021-09-21 01:43:23.681,,
5033212,2021-09-13,2021-09-20 02:04:33.160,2021-09-20 20:43:38.302,2021-09-21 20:43:38.302,
5035048,2021-09-13,2021-09-20 02:05:25.460,2021-09-21 02:05:25.460,,
5032781,2021-09-13,2021-09-20 02:18:27.532,2021-09-21 03:18:27.715,,
5030365,2021-09-13,2021-09-20 02:35:30.035,2021-09-20 02:35:30.035,2021-09-21 02:35:30.035,
5024121,2021-09-13,2021-09-20 02:41:53.695,2021-09-20 02:41:53.695,2021-09-21 02:41:53.695,
5036810,2021-09-13,2021-09-20 02:49:41.968,2021-09-21 10:23:17.839,,
5021819,2021-09-13,2021-09-20 03:04:21.091,,,
5028533,2021-09-13,2021-09-20 03:06:19.991,2021-09-21 09:08:33.444,,
5024364,2021-09-13,2021-09-20 03:06:59.187,2021-09-20 03:06:59.187,2021-09-21 03:06:59.187,
5033818,2021-09-13,2021-09-20 03:13:41.225,2021-09-20 03:13:41.225,2021-09-21 03:13:41.225,
5032351,2021-09-13,2021-09-20 03:19:36.392,2021-09-21 12:15:18.212,,
5021652,2021-09-13,2021-09-20 03:25:33.172,2021-09-21 03:25:33.172,,
5028144,2021-09-13,2021-09-20 03:34:27.666,2021-09-20 03:34:27.666,2021-09-21 03:34:27.666,
5031369,2021-09-13,2021-09-20 03:46:35.208,2021-09-20 03:46:35.208,,
5028500,2021-09-13,2021-09-20 04:12:45.669,2021-09-21 04:12:45.669,,
5028286,2021-09-13,2021-09-20 04:54:20.032,2021-09-20 15:42:19.318,2021-09-21 15:42:19.318,
5025656,2021-09-13,2021-09-20 05:25:28.294,2021-09-20 09:16:49.246,2021-09-21 09:16:49.246,
5036774,2021-09-13,2021-09-20 05:30:10.704,2021-09-21 05:30:10.704,,
5035220,2021-09-13,2021-09-20 06:11:27.137,,,
5027661,2021-09-13,2021-09-20 06:17:24.437,2021-09-20 06:17:24.437,2021-09-21 06:17:24.437,
5023933,2021-09-13,2021-09-20 06:21:27.513,,,
5029730,2021-09-13,2021-09-20 06:31:13.664,,,
5031876,2021-09-13,2021-09-20 06:32:37.611,,,
5022269,2021-09-13,2021-09-20 06:33:44.739,2021-09-20 23:34:24.543,2021-09-21 23:34:24.543,
5035837,2021-09-13,2021-09-20 06:37:03.988,2021-09-20 06:37:03.988,2021-09-21 06:37:03.988,
5037401,2021-09-13,2021-09-20 06:50:30.406,,,
5029991,2021-09-13,2021-09-20 06:56:45.395,2021-09-21 13:35:42.389,,
5031602,2021-09-13,2021-09-20 07:06:21.689,2021-09-20 07:06:21.689,2021-09-21 07:06:21.689,
5024069,2021-09-13,2021-09-20 07:14:17.596,,,
5033439,2021-09-13,2021-09-20 07:18:24.435,2021-09-20 07:18:24.435,2021-09-21 07:18:24.435,
5026574,2021-09-13,2021-09-20 07:22:22.787,2021-09-21 07:10:51.066,,
5026841,2021-09-13,2021-09-20 07:25:28.754,,,
5035117,2021-09-13,2021-09-20 07:39:51.606,2021-09-21 07:39:51.606,,
5022352,2021-09-13,2021-09-20 07:57:27.159,,,
5034372,2021-09-13,2021-09-20 08:02:16.680,2021-09-21 08:02:16.680,,
5026853,2021-09-13,2021-09-20 08:13:46.380,2021-09-20 13:27:21.883,,
5028014,2021-09-13,2021-09-20 08:20:18.435,2021-09-20 08:20:18.435,2021-09-21 08:20:18.435,
5026605,2021-09-13,2021-09-20 08:33:57.018,2021-09-20 08:33:57.018,2021-09-21 22:26:28.513,
5024932,2021-09-13,2021-09-20 08:35:15.914,2021-09-21 01:08:18.711,,
5031062,2021-09-13,2021-09-20 09:59:25.433,2021-09-20 09:59:25.433,2021-09-21 09:59:25.433,
5037471,2021-09-13,2021-09-20 10:57:47.527,,,
5033321,2021-09-13,2021-09-20 11:20:13.529,,,
5035606,2021-09-13,2021-09-20 11:26:55.916,,,
5030159,2021-09-13,2021-09-20 11:37:11.260,,,
5023591,2021-09-13,2021-09-20 11:51:04.926,,,
5026246,2021-09-13,2021-09-20 12:02:09.100,2021-09-20 12:02:09.100,2021-09-21 12:02:09.100,
5035441,2021-09-13,2021-09-20 12:19:41.970,,,
5032627,2021-09-13,2021-09-20 12:19:47.465,2021-09-21 21:36:31.362,,
5023570,2021-09-13,2021-09-20 12:20:39.361,2021-09-20 21:39:01.217,2021-09-21 21:39:01.217,
5033362,2021-09-13,2021-09-20 12:25:11.563,2021-09-20 12:25:11.563,,
5026564,2021-09-13,2021-09-20 12:53:23.976,2021-09-20 12:53:23.976,2021-09-21 17:04:54.956,
5027524,2021-09-13,2021-09-20 13:24:32.568,2021-09-21 13:24:32.568,,
5028913,2021-09-13,2021-09-20 14:02:15.890,2021-09-21 14:02:15.890,,
5035203,2021-09-13,2021-09-20 14:42:29.011,,,
5035948,2021-09-13,2021-09-20 14:44:28.941,,,
5031167,2021-09-13,2021-09-20 14:59:57.403,2021-09-21 14:59:57.403,,
5031725,2021-09-13,2021-09-20 15:21:43.391,,,
5026376,2021-09-13,2021-09-20 15:25:23.603,,,
5030134,2021-09-13,2021-09-20 15:35:12.673,,,
5028251,2021-09-13,2021-09-20 16:14:45.976,,,
5031436,2021-09-13,2021-09-20 16:20:12.694,,,
5030264,2021-09-13,2021-09-20 16:52:12.625,,,
5037391,2021-09-13,2021-09-20 17:00:11.791,,,
5024728,2021-09-13,2021-09-20 17:27:30.500,2021-09-21 10:02:09.710,,
5021451,2021-09-13,2021-09-20 17:28:30.320,,,
5033819,2021-09-13,2021-09-20 17:47:27.420,2021-09-21 07:00:51.589,,
5024065,2021-09-13,2021-09-20 18:33:17.728,,,
5033856,2021-09-13,2021-09-20 18:46:40.638,2021-09-21 18:46:40.638,,
5032750,2021-09-13,2021-09-20 19:03:07.659,2021-09-21 19:03:07.659,,
5035261,2021-09-13,2021-09-20 19:09:04.741,2021-09-20 19:09:04.741,2021-09-21 19:09:04.741,
5023496,2021-09-13,2021-09-20 19:11:45.714,2021-09-21 21:02:24.224,,
5029744,2021-09-13,2021-09-20 19:14:37.068,2021-09-20 19:14:37.068,,
5024102,2021-09-13,2021-09-20 19:47:44.634,2021-09-20 19:47:44.634,2021-09-21 19:47:44.634,
5027127,2021-09-13,2021-09-20 19:57:14.142,,,
5025793,2021-09-13,2021-09-20 19:57:20.496,2021-09-21 19:57:20.496,,
5034479,2021-09-13,2021-09-20 20:34:52.312,2021-09-21 20:34:52.312,,
5021603,2021-09-13,2021-09-20 20:56:14.849,,,
5024272,2021-09-13,2021-09-20 21:34:32.353,2021-09-20 21:59:53.139,2021-09-21 21:59:53.139,
5023507,2021-09-13,2021-09-20 21:52:01.876,,,
5024081,2021-09-13,2021-09-20 22:58:15.897,2021-09-21 22:58:15.897,,
5024651,2021-09-13,2021-09-20 23:03:40.236,,,
5025177,2021-09-13,2021-09-20 23:40:20.231,,,
5021709,2021-09-13,2021-09-20 23:54:38.240,,,
5025576,2021-09-13,2021-09-21 06:57:31.574,,,
5022308,2021-09-13,2021-09-21 13:17:19.780,,,
5021887,2021-09-13,2021-09-21 13:28:09.271,,,
5028162,2021-09-13,,,,
5028372,2021-09-14,2021-09-16 00:00:00.000,2021-09-20 00:00:00.000,2021-09-20 00:00:00.000,
5034522,2021-09-14,2021-09-16 00:00:00.000,2021-09-20 00:00:00.000,2021-09-20 00:00:00.000,
5028502,2021-09-14,2021-09-16 00:00:00.000,2021-09-20 00:00:00.000,2021-09-20 00:00:00.000,
5031175,2021-09-14,2021-09-16 00:00:00.000,2021-09-20 00:00:00.000,2021-09-20 00:00:00.000,
5022422,2021-09-14,2021-09-16 00:00:00.000,2021-09-20 00:00:00.000,2021-09-20 00:00:00.000,
5034535,2021-09-14,2021-09-16 00:00:00.000,2021-09-20 00:00:00.000,2021-09-20 00:00:00.000,
5024550,2021-09-14,2021-09-16 00:00:00.000,2021-09-20 00:00:00.000,2021-09-20 00:00:00.000,
5028341,2021-09-14,2021-09-16 00:00:00.000,2021-09-20 00:00:00.000,2021-09-20 00:00:00.000,
5034495,2021-09-14,2021-09-16 00:00:00.000,2021-09-20 00:00:00.000,2021-09-20 00:00:00.000,
5036849,2021-09-14,2021-09-16 00:00:00.000,2021-09-20 00:00:00.000,2021-09-20 00:00:00.000,
5034888,2021-09-14,2021-09-16 00:00:00.000,2021-09-20 00:00:00.000,2021-09-20 00:00:00.000,
5037092,2021-09-14,2021-09-16 00:00:00.000,2021-09-20 00:00:00.000,2021-09-20 00:00:00.000,
5023185,2021-09-14,2021-09-16 00:00:00.000,2021-09-20 00:00:00.000,2021-09-20 00:00:00.000,
5031284,2021-09-14,2021-09-16 00:00:00.000,2021-09-20 00:00:00.000,2021-09-20 00:00:00.000,
5028880,2021-09-14,2021-09-16 00:00:00.000,2021-09-20 00:00:00.000,2021-09-20 00:00:00.000,
5033931,2021-09-14,2021-09-16 00:00:00.000,2021-09-20 00:00:00.000,2021-09-20 00:00:00.000,
5022235,2021-09-14,2021-09-16 00:00:00.000,2021-09-20 00:00:00.000,2021-09-20 00:00:00.000,
5024334,2021-09-14,2021-09-16 00:00:00.000,2021-09-20 00:00:00.000,2021-09-20 00:00:00.000,
5028629,2021-09-14,2021-09-16 00:00:00.000,2021-09-20 00:00:00.000,2021-09-20 03:22:00.287,
5027696,2021-09-14,2021-09-16 00:00:00.000,2021-09-20 00:00:00.000,2021-09-20 05:47:19.883,
5023955,2021-09-14,2021-09-16 00:00:00.000,2021-09-20 00:00:00.000,2021-09-20 07:35:06.288,
5035317,2021-09-14,2021-09-16 00:00:00.000,2021-09-20 00:00:00.000,2021-09-20 07:38:16.321,
5030286,2021-09-14,2021-09-16 00:00:00.000,2021-09-20 00:00:00.000,2021-09-20 08:30:34.480,
5034067,2021-09-14,2021-09-16 00:00:00.000,2021-09-20 00:00:00.000,2021-09-20 11:31:25.655,
5021722,2021-09-14,2021-09-16 00:00:00.000,2021-09-20 00:00:00.000,2021-09-20 13:08:11.288,
5026600,2021-09-14,2021-09-16 00:00:00.000,2021-09-20 00:00:00.000,2021-09-20 14:49:37.408,
5027225,2021-09-14,2021-09-16 00:00:00.000,2021-09-20 00:00:00.000,2021-09-20 17:12:16.385,
5032944,2021-09-14,2021-09-16 00:00:00.000,2021-09-20 00:00:00.000,2021-09-20 17:48:19.842,
5022138,2021-09-14,2021-09-16 00:00:00.000,2021-09-20 00:00:00.000,2021-09-20 18:45:44.786,
5025585,2021-09-14,2021-09-16 00:00:00.000,2021-09-20 00:00:00.000,2021-09-20 19:30:43.567,
5035428,2021-09-14,2021-09-16 00:00:00.000,2021-09-20 00:37:58.458,2021-09-21 17:00:21.313,
5034502,2021-09-14,2021-09-16 00:00:00.000,2021-09-20 01:17:54.818,2021-09-20 04:28:45.662,
5025598,2021-09-14,2021-09-16 00:00:00.000,2021-09-20 02:28:11.539,2021-09-20 02:28:11.539,
5026570,2021-09-14,2021-09-16 00:00:00.000,2021-09-20 02:32:38.225,2021-09-20 23:15:04.552,
5032236,2021-09-14,2021-09-16 00:00:00.000,2021-09-20 02:55:00.868,2021-09-20 05:29:06.153,
5031541,2021-09-14,2021-09-16 00:00:00.000,2021-09-20 03:34:44.781,2021-09-20 03:34:44.781,
5032020,2021-09-14,2021-09-16 00:00:00.000,2021-09-20 04:48:42.909,2021-09-20 04:48:42.909,
5025965,2021-09-14,2021-09-16 00:00:00.000,2021-09-20 05:49:17.261,2021-09-21 11:29:52.695,
5030969,2021-09-14,2021-09-16 00:00:00.000,2021-09-20 07:12:50.863,2021-09-20 07:12:50.863,
5026665,2021-09-14,2021-09-16 00:00:00.000,2021-09-20 07:52:42.504,2021-09-21 19:00:59.843,
5034812,2021-09-14,2021-09-16 00:00:00.000,2021-09-20 08:11:30.732,2021-09-21 16:55:42.132,
5022157,2021-09-14,2021-09-16 00:00:00.000,2021-09-20 10:28:18.767,2021-09-20 10:28:18.767,
5022372,2021-09-14,2021-09-16 00:00:00.000,2021-09-20 10:46:58.125,2021-09-21 10:46:58.125,
5036526,2021-09-14,2021-09-16 00:00:00.000,2021-09-20 11:58:43.638,2021-09-21 11:58:43.638,
5035341,2021-09-14,2021-09-16 00:00:00.000,2021-09-20 12:34:10.043,2021-09-20 12:34:10.043,
5021467,2021-09-14,2021-09-16 00:00:00.000,2021-09-20 16:08:14.938,2021-09-20 16:08:14.938,
5037002,2021-09-14,2021-09-16 00:00:00.000,2021-09-20 17:50:59.352,2021-09-20 17:50:59.352,
5034492,2021-09-14,2021-09-16 00:00:00.000,2021-09-20 20:45:35.068,2021-09-21 09:55:46.131,
5026868,2021-09-14,2021-09-16 00:00:00.000,2021-09-20 20:47:17.162,2021-09-20 20:47:17.162,
5022121,2021-09-14,2021-09-16 00:00:00.000,2021-09-20 22:04:58.664,2021-09-20 22:04:58.664,
5028692,2021-09-14,2021-09-16 00:00:00.000,2021-09-20 23:27:52.958,2021-09-21 10:37:57.847,
5022663,2021-09-14,2021-09-16 00:00:00.000,2021-09-21 02:30:19.970,,
5032678,2021-09-14,2021-09-16 00:00:00.000,2021-09-21 03:45:25.820,,
5033670,2021-09-14,2021-09-16 00:00:00.000,,,
5027110,2021-09-14,2021-09-16 00:04:59.339,2021-09-20 00:04:59.339,2021-09-20 03:56:09.713,
5031740,2021-09-14,2021-09-16 01:03:56.492,2021-09-20 01:03:56.492,2021-09-20 05:05:18.029,
5028529,2021-09-14,2021-09-16 01:41:53.045,2021-09-20 01:41:53.045,2021-09-20 02:49:22.591,
5027787,2021-09-14,2021-09-16 01:44:31.415,,,
5028651,2021-09-14,2021-09-16 02:12:30.878,,,
5032724,2021-09-14,2021-09-16 02:35:39.036,2021-09-20 20:10:21.118,2021-09-21 20:23:23.758,
5022408,2021-09-14,2021-09-16 02:39:07.341,2021-09-20 02:39:07.341,2021-09-20 10:20:14.468,
5036887,2021-09-14,2021-09-16 02:49:29.558,2021-09-20 11:00:47.996,2021-09-20 11:00:47.996,
5035974,2021-09-14,2021-09-16 04:43:37.952,2021-09-20 04:43:37.952,2021-09-21 04:34:18.659,
5024305,2021-09-14,2021-09-16 04:44:11.076,2021-09-20 04:44:11.076,2021-09-20 18:42:04.323,
5032257,2021-09-14,2021-09-16 05:38:31.027,2021-09-20 09:34:59.029,2021-09-20 09:34:59.029,
5026107,2021-09-14,2021-09-16 06:17:42.676,2021-09-20 12:03:10.562,2021-09-21 12:03:10.562,
5027945,2021-09-14,2021-09-16 06:20:15.965,2021-09-20 05:05:21.995,2021-09-20 05:05:21.995,
5029276,2021-09-14,2021-09-16 07:04:33.858,2021-09-20 19:11:54.307,,
5036904,2021-09-14,2021-09-16 07:19:54.264,2021-09-20 07:19:54.264,2021-09-20 21:49:19.742,
5028418,2021-09-14,2021-09-16 09:06:49.498,2021-09-20 09:06:49.498,2021-09-20 15:23:25.777,
5033888,2021-09-14,2021-09-16 09:47:30.844,2021-09-20 07:45:32.967,2021-09-21 10:50:40.356,
5030960,2021-09-14,2021-09-16 10:29:43.174,2021-09-20 18:59:43.838,2021-09-21 18:59:43.838,
5031364,2021-09-14,2021-09-16 10:35:30.110,2021-09-20 10:35:30.110,2021-09-21 03:33:26.361,
5023090,2021-09-14,2021-09-16 11:04:38.267,2021-09-20 00:04:01.738,2021-09-20 00:04:01.738,
5025987,2021-09-14,2021-09-16 11:19:53.296,2021-09-20 11:19:53.296,2021-09-20 11:19:53.296,
5033376,2021-09-14,2021-09-16 11:45:39.686,2021-09-20 11:45:39.686,2021-09-20 18:26:53.017,
5029123,2021-09-14,2021-09-16 13:02:45.154,2021-09-20 13:02:45.154,2021-09-20 18:01:58.715,
5027818,2021-09-14,2021-09-16 14:44:45.491,2021-09-20 14:44:45.491,2021-09-20 14:44:45.491,
5037072,2021-09-14,2021-09-16 14:48:22.552,2021-09-20 14:48:22.552,2021-09-20 14:48:22.552,
5029154,2021-09-14,2021-09-16 15:04:34.722,2021-09-21 18:30:41.778,,
5037571,2021-09-14,2021-09-16 16:44:06.894,2021-09-20 16:44:06.894,2021-09-20 16:44:06.894,
5033426,2021-09-14,2021-09-16 18:18:49.532,2021-09-20 18:18:49.532,2021-09-20 16:14:56.698,
5030293,2021-09-14,2021-09-16 18:31:15.121,2021-09-20 18:31:15.121,2021-09-20 11:13:36.750,
5028437,2021-09-14,2021-09-16 18:56:51.895,2021-09-20 08:45:04.669,,
5026727,2021-09-14,2021-09-16 19:02:03.439,2021-09-20 19:02:03.439,2021-09-20 19:02:03.439,
5028598,2021-09-14,2021-09-16 19:05:19.951,2021-09-20 19:05:19.951,2021-09-20 19:05:19.951,
5029921,2021-09-14,2021-09-16 20:18:02.496,2021-09-20 20:18:02.496,2021-09-20 20:18:02.496,
5021891,2021-09-14,2021-09-16 20:33:50.785,2021-09-20 23:03:59.648,2021-09-21 08:53:08.739,
5031244,2021-09-14,2021-09-16 20:38:41.756,2021-09-20 20:38:41.756,2021-09-21 22:49:42.876,
5032083,2021-09-14,2021-09-16 20:39:20.124,2021-09-20 20:39:20.124,2021-09-20 22:33:34.902,
5033559,2021-09-14,2021-09-16 20:43:43.122,2021-09-21 00:00:28.451,,
5023010,2021-09-14,2021-09-16 20:46:44.351,2021-09-21 02:11:03.276,,
5026099,2021-09-14,2021-09-16 21:11:48.028,2021-09-20 20:44:27.892,,
5036707,2021-09-14,2021-09-16 21:12:40.610,2021-09-20 21:12:40.610,2021-09-20 22:36:03.745,
5034173,2021-09-14,2021-09-16 21:18:31.022,2021-09-20 21:18:31.022,2021-09-20 23:28:11.449,
5032844,2021-09-14,2021-09-16 21:56:35.210,2021-09-20 21:56:35.210,2021-09-21 11:58:08.849,
5037119,2021-09-14,2021-09-16 21:56:54.001,2021-09-20 16:29:44.297,2021-09-20 16:29:44.297,
5029402,2021-09-14,2021-09-16 22:15:50.292,2021-09-20 22:15:50.292,2021-09-20 05:53:06.651,
5025795,2021-09-14,2021-09-16 22:34:08.698,2021-09-20 22:34:08.698,2021-09-20 22:34:08.698,
5028452,2021-09-14,2021-09-16 22:48:01.515,2021-09-20 22:48:01.515,2021-09-20 22:48:01.515,
5025642,2021-09-14,2021-09-16 23:26:37.128,2021-09-21 23:47:12.345,,
5027432,2021-09-14,2021-09-16 23:38:34.923,2021-09-21 20:57:58.137,,
5023974,2021-09-14,2021-09-17 00:17:19.236,2021-09-21 05:43:21.073,,
5021636,2021-09-14,2021-09-17 00:22:16.977,2021-09-21 04:20:55.178,,
5029357,2021-09-14,2021-09-17 00:24:59.110,2021-09-20 13:11:04.999,2021-09-21 13:11:04.999,
5025978,2021-09-14,2021-09-17 01:10:43.953,2021-09-20 01:10:43.953,2021-09-20 16:09:02.988,
5034454,2021-09-14,2021-09-17 01:29:51.253,2021-09-20 01:29:51.253,2021-09-21 06:48:33.813,
5026008,2021-09-14,2021-09-17 02:15:40.980,2021-09-20 02:15:40.980,2021-09-20 02:15:40.980,
5031184,2021-09-14,2021-09-17 02:24:57.459,2021-09-20 02:24:57.459,2021-09-20 02:24:57.459,
5032794,2021-09-14,2021-09-17 02:49:28.909,2021-09-20 21:05:50.772,2021-09-20 21:05:50.772,
5027275,2021-09-14,2021-09-17 02:50:36.146,2021-09-20 02:50:36.146,2021-09-20 02:50:36.146,
5028202,2021-09-14,2021-09-17 03:35:25.909,2021-09-20 03:35:25.909,2021-09-20 03:35:25.909,
5025251,2021-09-14,2021-09-17 03:42:29.150,2021-09-20 03:42:29.150,2021-09-21 02:42:22.937,
5023757,2021-09-14,2021-09-17 03:43:54.487,2021-09-20 04:20:35.962,2021-09-20 20:05:12.901,
5028650,2021-09-14,2021-09-17 03:55:06.557,2021-09-20 03:55:06.557,2021-09-20 03:55:06.557,
5028603,2021-09-14,2021-09-17 04:02:39.632,2021-09-20 08:50:12.206,2021-09-21 08:50:12.206,
5035490,2021-09-14,2021-09-17 04:09:05.440,2021-09-20 04:09:05.440,2021-09-20 04:09:05.440,
5035401,2021-09-14,2021-09-17 04:25:43.098,2021-09-20 04:25:43.098,2021-09-20 22:05:56.265,
5026095,2021-09-14,2021-09-17 04:27:10.755,2021-09-20 13:46:24.950,2021-09-21 13:48:58.160,
5028779,2021-09-14,2021-09-17 05:31:35.418,2021-09-21 02:11:48.112,,
5024984,2021-09-14,2021-09-17 05:31:41.091,,,
5028610,2021-09-14,2021-09-17 05:35:08.162,2021-09-20 14:27:20.535,2021-09-20 20:05:05.678,
5035847,2021-09-14,2021-09-17 07:14:14.297,2021-09-20 07:14:14.297,2021-09-20 07:14:14.297,
5023928,2021-09-14,2021-09-17 07:19:10.680,2021-09-20 09:10:47.503,2021-09-20 19:16:22.534,
5022924,2021-09-14,2021-09-17 07:25:31.792,2021-09-20 07:25:31.792,2021-09-20 07:25:31.792,
5027095,2021-09-14,2021-09-17 07:54:51.144,,,
5035040,2021-09-14,2021-09-17 08:03:57.294,2021-09-20 08:03:57.294,2021-09-20 08:03:57.294,
5025445,2021-09-14,2021-09-17 08:13:21.128,2021-09-20 08:13:21.128,2021-09-21 09:05:48.382,
5032053,2021-09-14,2021-09-17 08:34:20.649,2021-09-20 08:34:20.649,2021-09-20 08:48:08.443,
5031230,2021-09-14,2021-09-17 08:58:53.285,2021-09-20 09:30:34.696,,
5036916,2021-09-14,2021-09-17 09:08:03.965,2021-09-20 09:08:03.965,2021-09-20 09:08:03.965,
5024673,2021-09-14,2021-09-17 09:25:52.259,2021-09-20 09:25:52.259,2021-09-20 17:52:57.242,
5029334,2021-09-14,2021-09-17 09:57:16.397,2021-09-21 05:28:28.872,,
5025000,2021-09-14,2021-09-17 09:59:49.800,2021-09-20 09:59:49.800,2021-09-21 19:13:06.862,
5033519,2021-09-14,2021-09-17 10:24:54.408,2021-09-20 10:24:54.408,2021-09-20 10:24:54.408,
5030132,2021-09-14,2021-09-17 10:43:10.431,2021-09-20 10:43:10.431,2021-09-21 00:18:43.299,
5035629,2021-09-14,2021-09-17 10:57:25.873,2021-09-20 10:57:25.873,2021-09-20 10:57:25.873,
5022474,2021-09-14,2021-09-17 11:56:31.717,2021-09-20 11:56:31.717,2021-09-20 11:56:31.717,
5033779,2021-09-14,2021-09-17 12:55:01.484,2021-09-20 12:55:01.484,2021-09-20 12:55:01.484,
5034669,2021-09-14,2021-09-17 13:04:58.920,2021-09-20 13:04:58.920,,
5025805,2021-09-14,2021-09-17 13:53:53.930,2021-09-20 13:53:53.930,2021-09-21 12:51:41.244,
5036141,2021-09-14,2021-09-17 14:15:10.206,2021-09-20 14:15:10.206,2021-09-21 19:41:11.737,
5022040,2021-09-14,2021-09-17 14:32:10.713,2021-09-20 14:32:10.713,2021-09-20 14:32:10.713,
5028496,2021-09-14,2021-09-17 14:33:51.782,2021-09-20 10:04:26.371,,
5034944,2021-09-14,2021-09-17 14:39:38.408,,,
5036416,2021-09-14,2021-09-17 15:02:57.743,2021-09-20 15:02:57.743,,
5033720,2021-09-14,2021-09-17 15:58:21.964,2021-09-21 22:37:41.330,,
5031749,2021-09-14,2021-09-17 16:07:56.250,2021-09-20 20:13:13.025,2021-09-20 20:13:13.025,
5030245,2021-09-14,2021-09-17 16:58:59.788,,,
5034740,2021-09-14,2021-09-17 17:22:42.939,2021-09-20 17:22:42.939,2021-09-20 17:22:42.939,
5035950,2021-09-14,2021-09-17 17:26:15.400,2021-09-20 09:53:03.274,2021-09-21 09:53:03.274,
5032464,2021-09-14,2021-09-17 17:51:19.297,,,
5034527,2021-09-14,2021-09-17 18:15:56.473,2021-09-20 18:15:56.473,2021-09-20 18:15:56.473,
5031192,2021-09-14,2021-09-17 19:05:39.788,2021-09-20 19:05:39.788,2021-09-20 19:05:39.788,
5034927,2021-09-14,2021-09-17 19:12:11.590,2021-09-20 19:12:11.590,2021-09-20 22:46:52.286,
5022622,2021-09-14,2021-09-17 19:13:43.674,2021-09-20 19:13:43.674,2021-09-20 19:13:43.674,
5024676,2021-09-14,2021-09-17 19:33:59.699,2021-09-20 19:33:59.699,,
5023329,2021-09-14,2021-09-17 19:51:53.990,2021-09-20 19:51:53.990,,
5023404,2021-09-14,2021-09-17 20:16:11.233,2021-09-20 11:52:52.190,2021-09-21 11:52:52.190,
5037440,2021-09-14,2021-09-17 21:04:05.279,2021-09-20 12:42:16.173,2021-09-21 23:02:51.176,
5037043,2021-09-14,2021-09-17 21:05:37.527,2021-09-20 05:46:10.826,2021-09-21 11:26:10.415,
5033582,2021-09-14,2021-09-17 21:07:48.490,,,
5031634,2021-09-14,2021-09-17 21:17:17.066,2021-09-20 13:33:03.114,,
5031927,2021-09-14,2021-09-17 21:46:19.087,2021-09-20 21:46:19.087,2021-09-21 03:00:23.533,
5033442,2021-09-14,2021-09-17 22:33:10.165,,,
5036833,2021-09-14,2021-09-17 22:59:40.199,,,
5031667,2021-09-14,2021-09-17 23:45:22.971,2021-09-21 20:33:44.213,,
5031402,2021-09-14,2021-09-17 23:53:54.809,2021-09-20 23:53:54.809,2021-09-21 06:01:34.570,
5036684,2021-09-14,2021-09-17 23:58:20.567,2021-09-21 18:05:43.624,,
5028588,2021-09-14,2021-09-20 00:06:47.180,2021-09-21 08:29:53.853,,
5037173,2021-09-14,2021-09-20 00:37:38.409,2021-09-20 00:37:38.409,,
5033524,2021-09-14,2021-09-20 00:47:30.507,,,
5026672,2021-09-14,2021-09-20 01:16:49.919,2021-09-20 01:16:49.919,2021-09-21 01:16:49.919,
5023418,2021-09-14,2021-09-20 01:17:09.282,,,
5022629,2021-09-14,2021-09-20 01:21:26.810,,,
5027782,2021-09-14,2021-09-20 01:30:42.037,2021-09-21 01:30:42.037,,
5026696,2021-09-14,2021-09-20 01:33:17.116,2021-09-20 08:11:02.897,2021-09-21 08:11:02.897,
5035940,2021-09-14,2021-09-20 01:36:09.047,2021-09-20 01:36:09.047,2021-09-21 04:00:54.878,
5034539,2021-09-14,2021-09-20 01:38:48.172,,,
5035640,2021-09-14,2021-09-20 01:42:02.609,,,
5023144,2021-09-14,2021-09-20 01:45:48.868,,,
5032949,2021-09-14,2021-09-20 01:48:23.285,,,
5026581,2021-09-14,2021-09-20 01:53:21.415,,,
5024358,2021-09-14,2021-09-20 01:57:44.005,,,
5032277,2021-09-14,2021-09-20 02:01:10.239,2021-09-21 15:58:50.404,,
5037149,2021-09-14,2021-09-20 02:16:45.482,,,
5025926,2021-09-14,2021-09-20 02:24:57.236,2021-09-21 06:41:17.189,,
5023615,2021-09-14,2021-09-20 02:27:10.234,2021-09-20 08:57:06.927,2021-09-21 08:57:06.927,
5026007,2021-09-14,2021-09-20 02:29:26.241,2021-09-20 02:29:26.241,2021-09-21 03:04:55.512,
5023623,2021-09-14,2021-09-20 02:31:05.470,,,
5033575,2021-09-14,2021-09-20 02:31:43.621,,,
5034769,2021-09-14,2021-09-20 02:45:53.450,,,
5030568,2021-09-14,2021-09-20 02:53:43.773,,,
5027893,2021-09-14,2021-09-20 02:57:40.529,2021-09-21 10:39:16.340,,
5031424,2021-09-14,2021-09-20 03:04:54.183,2021-09-20 17:28:26.523,,
5024944,2021-09-14,2021-09-20 03:28:12.410,2021-09-21 03:28:12.410,,
5031762,2021-09-14,2021-09-20 03:36:51.340,2021-09-21 03:36:51.340,,
5036718,2021-09-14,2021-09-20 03:48:08.894,,,
5034107,2021-09-14,2021-09-20 03:54:48.548,2021-09-21 14:25:03.748,,
5026839,2021-09-14,2021-09-20 03:55:08.325,2021-09-21 03:55:08.325,,
5023153,2021-09-14,2021-09-20 03:56:58.175,2021-09-21 03:56:58.175,,
5033219,2021-09-14,2021-09-20 03:58:02.316,,,
5025848,2021-09-14,2021-09-20 03:58:09.661,2021-09-20 03:58:09.661,2021-09-21 03:58:09.661,
5029083,2021-09-14,2021-09-20 04:30:59.422,2021-09-20 04:30:59.422,,
5024286,2021-09-14,2021-09-20 04:48:40.340,2021-09-21 04:48:40.340,,
5035777,2021-09-14,2021-09-20 04:53:14.351,2021-09-20 06:58:58.977,2021-09-21 22:42:17.426,
5033324,2021-09-14,2021-09-20 04:56:48.683,,,
5023324,2021-09-14,2021-09-20 05:07:00.722,2021-09-20 05:07:00.722,2021-09-21 05:07:00.722,
5024893,2021-09-14,2021-09-20 05:16:58.712,,,
5028687,2021-09-14,2021-09-20 05:25:53.967,2021-09-21 01:44:47.291,,
5033885,2021-09-14,2021-09-20 05:35:15.408,2021-09-21 23:33:59.722,,
5025640,2021-09-14,2021-09-20 05:36:57.482,2021-09-20 22:09:00.750,2021-09-21 22:09:00.750,
5034739,2021-09-14,2021-09-20 05:41:24.267,,,
5022217,2021-09-14,2021-09-20 05:57:12.002,2021-09-20 20:55:30.564,2021-09-21 20:55:30.564,
5025940,2021-09-14,2021-09-20 05:57:23.725,2021-09-21 08:19:17.889,,
5031576,2021-09-14,2021-09-20 06:08:43.708,2021-09-21 06:08:43.708,,
5028557,2021-09-14,2021-09-20 06:13:50.812,2021-09-20 06:17:56.286,2021-09-21 06:17:56.286,
5023201,2021-09-14,2021-09-20 06:55:29.292,,,
5035314,2021-09-14,2021-09-20 07:02:21.793,,,
5026719,2021-09-14,2021-09-20 07:10:33.075,2021-09-21 07:10:33.075,,
5025901,2021-09-14,2021-09-20 07:26:07.976,2021-09-21 10:39:48.058,,
5037088,2021-09-14,2021-09-20 07:26:14.221,,,
5024763,2021-09-14,2021-09-20 07:28:19.295,2021-09-20 07:28:19.295,,
5028325,2021-09-14,2021-09-20 07:45:02.346,2021-09-21 08:07:09.027,,
5026690,2021-09-14,2021-09-20 08:01:29.544,2021-09-21 20:37:24.811,,
5022709,2021-09-14,2021-09-20 08:10:13.361,,,
5027457,2021-09-14,2021-09-20 08:12:10.556,2021-09-21 15:51:57.012,,
5030417,2021-09-14,2021-09-20 08:24:25.410,2021-09-20 08:24:25.410,2021-09-21 15:10:16.867,
5037398,2021-09-14,2021-09-20 08:25:58.881,2021-09-20 08:25:58.881,2021-09-21 08:25:58.881,
5036146,2021-09-14,2021-09-20 08:34:19.512,,,
5021532,2021-09-14,2021-09-20 09:08:51.480,2021-09-20 12:22:55.421,,
5034662,2021-09-14,2021-09-20 09:12:31.776,2021-09-20 09:12:31.776,2021-09-21 09:12:31.776,
5034519,2021-09-14,2021-09-20 09:15:56.560,2021-09-21 08:31:26.105,,
5021389,2021-09-14,2021-09-20 09:35:03.457,,,
5028850,2021-09-14,2021-09-20 09:36:48.429,,,
5027714,2021-09-14,2021-09-20 10:03:50.478,2021-09-21 10:03:50.478,,
5033947,2021-09-14,2021-09-20 10:06:04.817,2021-09-21 01:01:47.697,,
5035250,2021-09-14,2021-09-20 10:22:58.688,2021-09-20 10:22:58.688,2021-09-21 10:22:58.688,
5030431,2021-09-14,2021-09-20 10:51:56.168,2021-09-20 10:51:56.168,2021-09-21 10:51:56.168,
5028731,2021-09-14,2021-09-20 10:54:24.120,,,
5028193,2021-09-14,2021-09-20 11:06:45.580,,,
5033626,2021-09-14,2021-09-20 11:06:57.046,2021-09-21 11:06:57.046,,
5035767,2021-09-14,2021-09-20 11:17:11.530,2021-09-21 11:17:11.530,,
5037490,2021-09-14,2021-09-20 11:32:35.734,2021-09-21 11:32:35.734,,
5027207,2021-09-14,2021-09-20 11:45:12.981,,,
5030614,2021-09-14,2021-09-20 11:51:57.424,2021-09-21 21:15:23.317,,
5025607,2021-09-14,2021-09-20 11:57:48.120,2021-09-20 11:57:48.120,2021-09-21 11:57:48.120,
5021910,2021-09-14,2021-09-20 12:26:56.726,2021-09-20 12:26:56.726,2021-09-21 12:26:56.726,
5031581,2021-09-14,2021-09-20 12:28:10.761,,,
5035373,2021-09-14,2021-09-20 12:35:01.167,2021-09-20 12:35:01.167,,
5035233,2021-09-14,2021-09-20 12:35:45.229,2021-09-21 12:35:45.229,,
5025849,2021-09-14,2021-09-20 12:43:20.860,,,
5033314,2021-09-14,2021-09-20 12:56:08.581,2021-09-20 12:56:08.581,,
5023980,2021-09-14,2021-09-20 13:14:56.260,,,
5021581,2021-09-14,2021-09-20 13:24:43.002,,,
5037091,2021-09-14,2021-09-20 13:39:10.990,,,
5037481,2021-09-14,2021-09-20 14:07:18.907,,,
5037059,2021-09-14,2021-09-20 14:09:30.815,,,
5024335,2021-09-14,2021-09-20 14:12:12.797,2021-09-21 12:29:08.633,,
5028424,2021-09-14,2021-09-20 14:14:45.236,,,
5028573,2021-09-14,2021-09-20 14:24:33.195,2021-09-20 14:24:33.195,2021-09-21 14:24:33.195,
5031472,2021-09-14,2021-09-20 14:44:52.405,2021-09-21 14:44:52.405,,
5023621,2021-09-14,2021-09-20 15:02:11.162,2021-09-21 11:42:35.018,,
5021394,2021-09-14,2021-09-20 15:03:50.742,2021-09-21 15:03:50.742,,
5027230,2021-09-14,2021-09-20 15:15:09.527,,,
5028352,2021-09-14,2021-09-20 15:17:03.494,,,
5034484,2021-09-14,2021-09-20 15:26:38.249,,,
5034684,2021-09-14,2021-09-20 15:29:08.332,,,
5025660,2021-09-14,2021-09-20 15:41:01.154,2021-09-21 07:42:59.554,,
5023138,2021-09-14,2021-09-20 16:02:20.889,2021-09-21 16:02:20.889,,
5036038,2021-09-14,2021-09-20 16:12:43.639,,,
5036425,2021-09-14,2021-09-20 16:24:12.002,2021-09-20 16:24:12.002,2021-09-21 19:24:39.986,
5029398,2021-09-14,2021-09-20 16:25:11.787,2021-09-21 16:25:11.787,,
5030187,2021-09-14,2021-09-20 16:26:00.678,2021-09-20 20:26:45.564,2021-09-21 20:26:45.564,
5024298,2021-09-14,2021-09-20 16:29:43.474,2021-09-21 16:29:43.474,,
5030285,2021-09-14,2021-09-20 16:35:49.392,,,
5028351,2021-09-14,2021-09-20 16:38:33.554,,,
5025909,2021-09-14,2021-09-20 16:48:32.601,,,
5035981,2021-09-14,2021-09-20 17:10:31.230,,,
5026914,2021-09-14,2021-09-20 17:23:52.819,,,
5030495,2021-09-14,2021-09-20 17:31:10.596,2021-09-21 17:31:10.596,,
5027724,2021-09-14,2021-09-20 17:36:51.285,2021-09-20 17:36:51.285,2021-09-21 17:36:51.285,
5023596,2021-09-14,2021-09-20 17:43:41.048,2021-09-20 20:20:26.870,2021-09-21 20:20:26.870,
5026704,2021-09-14,2021-09-20 17:45:11.755,,,
5032264,2021-09-14,2021-09-20 17:56:31.910,2021-09-20 17:56:31.910,,
5037527,2021-09-14,2021-09-20 17:58:15.257,,,
5034342,2021-09-14,2021-09-20 18:08:53.464,2021-09-20 18:08:53.464,2021-09-21 18:08:53.464,
5024971,2021-09-14,2021-09-20 18:13:23.485,,,
5028719,2021-09-14,2021-09-20 18:23:07.266,2021-09-20 18:23:07.266,2021-09-21 18:23:07.266,
5025511,2021-09-14,2021-09-20 18:24:31.644,2021-09-21 18:24:31.644,,
5028168,2021-09-14,2021-09-20 18:27:57.671,2021-09-21 18:27:57.671,,
5025602,2021-09-14,2021-09-20 18:36:08.567,,,
5028996,2021-09-14,2021-09-20 18:36:41.412,,,
5035266,2021-09-14,2021-09-20 18:48:08.653,2021-09-21 18:48:08.653,,
5035290,2021-09-14,2021-09-20 19:10:04.958,,,
5030933,2021-09-14,2021-09-20 19:15:36.984,2021-09-20 19:15:36.984,,
5029037,2021-09-14,2021-09-20 19:34:54.544,2021-09-20 19:34:54.544,2021-09-21 19:34:54.544,
5025730,2021-09-14,2021-09-20 19:52:36.081,2021-09-21 19:52:36.081,,
5022742,2021-09-14,2021-09-20 20:07:27.352,,,
5028538,2021-09-14,2021-09-20 20:19:17.155,2021-09-20 20:19:17.155,2021-09-21 20:19:17.155,
5037551,2021-09-14,2021-09-20 20:23:02.203,2021-09-20 20:23:02.203,,
5037065,2021-09-14,2021-09-20 20:38:03.279,2021-09-21 21:52:27.395,,
5031751,2021-09-14,2021-09-20 21:10:42.418,2021-09-20 21:10:42.418,2021-09-21 21:10:42.418,
5027126,2021-09-14,2021-09-20 21:29:29.219,,,
5022295,2021-09-14,2021-09-20 21:39:42.124,,,
5030023,2021-09-14,2021-09-20 21:45:00.784,,,
5031879,2021-09-14,2021-09-20 21:58:05.554,,,
5023079,2021-09-14,2021-09-20 22:23:40.494,2021-09-20 22:23:40.494,,
5023579,2021-09-14,2021-09-20 22:27:16.023,2021-09-20 22:27:16.023,,
5028547,2021-09-14,2021-09-20 22:31:34.251,,,
5022363,2021-09-14,2021-09-20 22:35:37.100,,,
5036395,2021-09-14,2021-09-20 22:58:53.657,2021-09-21 22:58:53.657,,
5026089,2021-09-14,2021-09-20 23:33:20.636,,,
5033374,2021-09-14,2021-09-21 02:02:54.711,,,
5034237,2021-09-14,2021-09-21 03:07:52.078,,,
5035331,2021-09-14,2021-09-21 03:12:35.875,,,
5028702,2021-09-14,2021-09-21 03:38:48.933,,,
5024700,2021-09-14,2021-09-21 04:54:06.368,,,
5028508,2021-09-14,2021-09-21 06:43:46.513,,,
5022549,2021-09-14,2021-09-21 08:27:36.655,,,
5026064,2021-09-14,2021-09-21 09:06:06.547,,,
5024991,2021-09-14,2021-09-21 10:23:20.919,,,
5029269,2021-09-14,2021-09-21 14:17:34.613,,,
5034066,2021-09-14,2021-09-21 14:32:03.540,,,
5036913,2021-09-14,2021-09-21 14:47:20.208,,,
5026154,2021-09-14,2021-09-21 15:17:55.252,,,
5027093,2021-09-14,2021-09-21 21:55:02.992,,,
5029323,2021-09-14,2021-09-21 22:14:40.984,,,
5024524,2021-09-14,2021-09-21 23:24:18.850,,,
5030171,2021-09-14,,,,
5021679,2021-09-14,,,,
5030364,2021-09-14,,,,
5022672,2021-09-14,,,,
5037083,2021-09-14,,,,
5031122,2021-09-14,,,,
5028480,2021-09-14,,,,
5022533,2021-09-14,,,,
5026586,2021-09-14,,,,
5023598,2021-09-15,2021-09-17 00:00:00.000,2021-09-20 00:00:00.000,2021-09-20 00:00:00.000,
5033958,2021-09-15,2021-09-17 00:00:00.000,2021-09-20 00:00:00.000,2021-09-20 00:00:00.000,
5033688,2021-09-15,2021-09-17 00:00:00.000,2021-09-20 00:00:00.000,2021-09-20 00:00:00.000,
5034594,2021-09-15,2021-09-17 00:00:00.000,2021-09-20 00:00:00.000,2021-09-20 00:00:00.000,
5031831,2021-09-15,2021-09-17 00:00:00.000,2021-09-20 00:00:00.000,2021-09-20 00:00:00.000,
5034909,2021-09-15,2021-09-17 00:00:00.000,2021-09-20 00:00:00.000,2021-09-20 00:00:00.000,
5027445,2021-09-15,2021-09-17 00:00:00.000,2021-09-20 00:00:00.000,2021-09-20 00:00:00.000,
5032987,2021-09-15,2021-09-17 00:00:00.000,2021-09-20 00:00:00.000,2021-09-20 00:00:00.000,
5031444,2021-09-15,2021-09-17 00:00:00.000,2021-09-20 00:00:00.000,2021-09-20 00:00:00.000,
5031849,2021-09-15,2021-09-17 00:00:00.000,2021-09-20 00:00:00.000,2021-09-20 00:00:00.000,
5035190,2021-09-15,2021-09-17 00:00:00.000,2021-09-20 00:00:00.000,2021-09-20 00:00:00.000,
5034829,2021-09-15,2021-09-17 00:00:00.000,2021-09-20 00:00:00.000,2021-09-20 00:00:00.000,
5035106,2021-09-15,2021-09-17 00:00:00.000,2021-09-20 00:00:00.000,2021-09-20 00:00:00.000,
5035450,2021-09-15,2021-09-17 00:00:00.000,2021-09-20 00:00:00.000,2021-09-20 00:00:00.000,
5034549,2021-09-15,2021-09-17 00:00:00.000,2021-09-20 00:00:00.000,2021-09-20 00:00:00.000,
5026103,2021-09-15,2021-09-17 00:00:00.000,2021-09-20 00:00:00.000,2021-09-20 00:00:00.000,
5026630,2021-09-15,2021-09-17 00:00:00.000,2021-09-20 00:00:00.000,2021-09-20 01:51:04.289,
5025709,2021-09-15,2021-09-17 00:00:00.000,2021-09-20 00:00:00.000,2021-09-20 04:48:19.926,
5023940,2021-09-15,2021-09-17 00:00:00.000,2021-09-20 00:00:00.000,2021-09-20 05:07:59.505,
5035788,2021-09-15,2021-09-17 00:00:00.000,2021-09-20 00:00:00.000,2021-09-20 08:20:05.310,
5030333,2021-09-15,2021-09-17 00:00:00.000,2021-09-20 00:00:00.000,2021-09-20 10:40:48.282,
5032505,2021-09-15,2021-09-17 00:00:00.000,2021-09-20 00:00:00.000,2021-09-20 15:22:10.374,
5033944,2021-09-15,2021-09-17 00:00:00.000,2021-09-20 00:00:00.000,2021-09-20 21:30:09.960,
5032733,2021-09-15,2021-09-17 00:00:00.000,2021-09-20 00:00:00.000,2021-09-21 09:08:34.264,
5025743,2021-09-15,2021-09-17 00:00:00.000,2021-09-20 00:00:00.000,2021-09-21 12:46:37.054,
5025973,2021-09-15,2021-09-17 00:00:00.000,2021-09-20 00:00:00.000,2021-09-21 19:24:37.802,
5034925,2021-09-15,2021-09-17 00:00:00.000,2021-09-20 00:00:00.000,2021-09-21 21:31:43.845,
5027235,2021-09-15,2021-09-17 00:00:00.000,2021-09-20 00:00:00.000,2021-09-21 21:53:40.215,
5028555,2021-09-15,2021-09-17 00:00:00.000,2021-09-20 01:15:26.963,2021-09-20 09:03:22.723,
5025114,2021-09-15,2021-09-17 00:00:00.000,2021-09-20 02:30:41.976,2021-09-20 02:30:41.976,
5029512,2021-09-15,2021-09-17 00:00:00.000,2021-09-20 03:03:11.522,,
5032111,2021-09-15,2021-09-17 00:00:00.000,2021-09-20 05:05:54.428,,
5025162,2021-09-15,2021-09-17 00:00:00.000,2021-09-20 06:26:56.797,2021-09-20 06:26:56.797,
5025878,2021-09-15,2021-09-17 00:00:00.000,2021-09-20 06:42:56.138,2021-09-21 23:30:22.155,
5031430,2021-09-15,2021-09-17 00:00:00.000,2021-09-20 09:47:00.116,2021-09-21 09:47:00.116,
5022432,2021-09-15,2021-09-17 00:00:00.000,2021-09-20 10:39:42.125,2021-09-21 10:39:42.125,
5037336,2021-09-15,2021-09-17 00:00:00.000,2021-09-20 14:02:48.215,2021-09-20 15:51:19.186,
5026650,2021-09-15,2021-09-17 00:00:00.000,2021-09-20 18:03:49.539,2021-09-20 18:03:49.539,
5029659,2021-09-15,2021-09-17 00:00:00.000,2021-09-20 18:22:41.765,2021-09-20 18:22:41.765,
5024333,2021-09-15,2021-09-17 00:00:00.000,2021-09-20 19:16:27.835,2021-09-20 19:16:27.835,
5029544,2021-09-15,2021-09-17 00:00:00.000,2021-09-20 20:54:04.297,2021-09-21 20:54:04.297,
5022467,2021-09-15,2021-09-17 00:00:00.000,2021-09-20 21:16:42.152,2021-09-21 02:37:31.520,
5024253,2021-09-15,2021-09-17 00:00:00.000,2021-09-20 21:59:25.029,2021-09-21 21:59:25.029,
5032715,2021-09-15,2021-09-17 00:00:00.000,2021-09-20 23:29:06.481,2021-09-21 07:09:45.974,
5024993,2021-09-15,2021-09-17 00:00:00.000,2021-09-21 04:38:26.724,,
5021740,2021-09-15,2021-09-17 00:00:00.000,2021-09-21 11:02:32.136,,
5033649,2021-09-15,2021-09-17 00:00:00.000,,,
5030644,2021-09-15,2021-09-17 00:00:00.000,,,
5031055,2021-09-15,2021-09-17 00:00:00.000,,,
5024789,2021-09-15,2021-09-17 00:07:49.012,2021-09-20 00:07:49.012,2021-09-20 22:29:41.276,
5034303,2021-09-15,2021-09-17 00:39:57.318,2021-09-20 21:04:07.677,2021-09-21 21:04:07.677,
5028600,2021-09-15,2021-09-17 01:23:23.649,2021-09-20 05:19:21.009,2021-09-21 05:19:21.009,
5025728,2021-09-15,2021-09-17 01:37:43.833,2021-09-20 01:37:43.833,2021-09-20 01:37:43.833,
5028615,2021-09-15,2021-09-17 01:58:35.765,2021-09-20 20:27:13.782,,
5024303,2021-09-15,2021-09-17 03:22:36.696,,,
5027037,2021-09-15,2021-09-17 04:28:46.251,2021-09-21 01:12:02.098,,
5031391,2021-09-15,2021-09-17 04:35:57.547,2021-09-20 12:19:40.515,2021-09-21 11:55:33.607,
5024958,2021-09-15,2021-09-17 05:11:47.703,2021-09-20 20:42:43.729,2021-09-21 21:49:21.973,
5028870,2021-09-15,2021-09-17 06:17:47.407,2021-09-20 06:17:47.407,2021-09-20 06:17:47.407,
5035357,2021-09-15,2021-09-17 06:49:34.848,2021-09-21 05:53:04.437,,
5037612,2021-09-15,2021-09-17 08:00:08.107,2021-09-20 19:50:33.301,,
5032282,2021-09-15,2021-09-17 08:40:32.643,2021-09-20 08:40:32.643,2021-09-20 08:40:32.643,
5026979,2021-09-15,2021-09-17 09:06:03.672,2021-09-20 09:06:03.672,2021-09-20 09:06:03.672,
5032684,2021-09-15,2021-09-17 10:14:14.750,2021-09-20 10:14:14.750,2021-09-20 10:14:14.750,
5033049,2021-09-15,2021-09-17 10:33:53.979,2021-09-20 10:33:53.979,2021-09-21 17:06:02.136,
5024173,2021-09-15,2021-09-17 10:43:36.130,2021-09-20 17:01:31.652,2021-09-21 12:11:31.628,
5026613,2021-09-15,2021-09-17 11:32:43.141,2021-09-21 09:35:45.528,,
5024857,2021-09-15,2021-09-17 12:05:16.548,2021-09-20 12:05:16.548,2021-09-21 01:12:55.113,
5023894,2021-09-15,2021-09-17 13:17:47.365,2021-09-20 04:00:05.353,2021-09-21 04:00:05.353,
5021539,2021-09-15,2021-09-17 13:30:40.987,2021-09-20 13:30:40.987,2021-09-20 13:30:40.987,
5030290,2021-09-15,2021-09-17 13:57:48.223,,,
5025727,2021-09-15,2021-09-17 14:17:43.428,2021-09-20 14:17:43.428,2021-09-20 14:17:43.428,
5036466,2021-09-15,2021-09-17 14:19:31.966,2021-09-20 14:19:31.966,2021-09-20 14:48:31.435,
5025108,2021-09-15,2021-09-17 16:34:56.258,2021-09-21 01:55:15.324,,
5031206,2021-09-15,2021-09-17 16:37:37.041,2021-09-20 16:37:37.041,,
5031730,2021-09-15,2021-09-17 17:25:50.116,2021-09-21 02:31:40.372,,
5023902,2021-09-15,2021-09-17 17:59:54.739,2021-09-20 13:07:52.443,2021-09-21 13:07:52.443,
5032565,2021-09-15,2021-09-17 18:06:49.995,,,
5034637,2021-09-15,2021-09-17 18:13:49.212,2021-09-20 22:14:55.927,2021-09-21 07:05:33.056,
5031796,2021-09-15,2021-09-17 18:15:13.131,2021-09-21 13:32:23.322,,
5034448,2021-09-15,2021-09-17 18:27:18.126,2021-09-20 18:27:18.126,2021-09-21 02:34:01.849,
5032872,2021-09-15,2021-09-17 18:49:24.735,2021-09-20 18:49:24.735,2021-09-20 18:49:24.735,
5036571,2021-09-15,2021-09-17 19:08:39.182,,,
5030628,2021-09-15,2021-09-17 19:13:12.788,2021-09-21 10:44:08.891,,
5033249,2021-09-15,2021-09-17 19:18:34.194,2021-09-20 19:18:34.194,2021-09-20 19:18:34.194,
5026949,2021-09-15,2021-09-17 19:38:07.426,2021-09-20 19:38:07.426,2021-09-20 19:38:07.426,
5029425,2021-09-15,2021-09-17 20:14:41.802,2021-09-20 20:14:41.802,2021-09-20 20:14:41.802,
5023216,2021-09-15,2021-09-17 20:37:37.721,,,
5026750,2021-09-15,2021-09-17 20:55:44.490,2021-09-20 20:55:44.490,2021-09-20 23:14:13.590,
5021836,2021-09-15,2021-09-17 21:51:58.142,2021-09-21 06:02:05.373,,
5030500,2021-09-15,2021-09-17 22:55:17.566,2021-09-20 20:18:12.792,,
5029792,2021-09-15,2021-09-17 23:10:33.461,,,
5025085,2021-09-15,2021-09-17 23:21:22.280,2021-09-20 23:21:22.280,2021-09-21 23:36:43.101,
5035625,2021-09-15,2021-09-20 00:02:40.329,2021-09-21 00:02:40.329,,
5037257,2021-09-15,2021-09-20 00:04:36.564,,,
5031616,2021-09-15,2021-09-20 00:10:49.973,,,
5033474,2021-09-15,2021-09-20 00:15:18.403,2021-09-20 00:15:18.403,2021-09-21 00:15:18.403,
5033904,2021-09-15,2021-09-20 00:27:49.866,2021-09-21 00:27:49.866,,
5024536,2021-09-15,2021-09-20 00:40:08.828,2021-09-21 09:23:06.511,,
5034158,2021-09-15,2021-09-20 00:40:40.374,,,
5029447,2021-09-15,2021-09-20 00:51:04.751,2021-09-21 03:10:33.711,,
5031145,2021-09-15,2021-09-20 01:01:23.831,,,
5032367,2021-09-15,2021-09-20 01:50:26.815,2021-09-20 04:27:27.801,2021-09-21 04:27:27.801,
5037009,2021-09-15,2021-09-20 01:53:02.053,2021-09-21 01:53:02.053,,
5023196,2021-09-15,2021-09-20 01:58:50.034,,,
5029046,2021-09-15,2021-09-20 02:06:21.058,2021-09-21 02:06:21.058,,
5035379,2021-09-15,2021-09-20 02:38:17.769,,,
5036880,2021-09-15,2021-09-20 02:50:27.615,2021-09-20 02:50:27.615,2021-09-21 02:50:27.615,
5027813,2021-09-15,2021-09-20 02:51:58.666,2021-09-21 09:35:01.065,,
5034117,2021-09-15,2021-09-20 03:07:42.211,2021-09-21 04:44:38.766,,
5025969,2021-09-15,2021-09-20 03:12:52.978,,,
5030566,2021-09-15,2021-09-20 03:29:49.401,2021-09-21 03:29:49.401,,
5022584,2021-09-15,2021-09-20 03:36:42.801,,,
5029413,2021-09-15,2021-09-20 03:47:35.981,2021-09-21 22:34:51.344,,
5024888,2021-09-15,2021-09-20 03:55:07.658,2021-09-20 03:55:07.658,2021-09-21 03:56:26.370,
5028662,2021-09-15,2021-09-20 03:57:21.441,,,
5032849,2021-09-15,2021-09-20 04:00:00.105,2021-09-21 04:00:00.105,,
5024196,2021-09-15,2021-09-20 04:11:57.869,2021-09-21 01:07:58.991,,
5032767,2021-09-15,2021-09-20 04:32:14.561,,,
5031973,2021-09-15,2021-09-20 04:36:16.965,,,
5028180,2021-09-15,2021-09-20 04:37:05.721,,,
5030260,2021-09-15,2021-09-20 04:40:02.756,2021-09-20 04:40:02.756,2021-09-21 06:21:01.604,
5021372,2021-09-15,2021-09-20 04:50:24.776,2021-09-21 04:50:24.776,,
5022781,2021-09-15,2021-09-20 04:56:03.613,,,
5023254,2021-09-15,2021-09-20 05:25:23.401,,,
5028716,2021-09-15,2021-09-20 05:27:43.905,2021-09-21 05:27:43.905,,
5029389,2021-09-15,2021-09-20 05:40:25.188,,,
5023627,2021-09-15,2021-09-20 05:40:56.136,2021-09-21 05:40:56.136,,
5027305,2021-09-15,2021-09-20 05:57:49.256,2021-09-21 11:17:50.433,,
5024967,2021-09-15,2021-09-20 06:02:54.633,2021-09-21 12:12:03.206,,
5028802,2021-09-15,2021-09-20 06:17:58.347,,,
5031834,2021-09-15,2021-09-20 06:38:30.237,,,
5029850,2021-09-15,2021-09-20 06:39:24.716,2021-09-20 06:39:24.716,2021-09-21 15:36:37.985,
5025666,2021-09-15,2021-09-20 06:49:09.116,,,
5036385,2021-09-15,2021-09-20 07:03:23.311,,,
5034877,2021-09-15,2021-09-20 07:16:39.923,,,
5035200,2021-09-15,2021-09-20 07:25:09.994,2021-09-20 07:25:09.994,2021-09-21 07:25:09.994,
5026011,2021-09-15,2021-09-20 07:29:27.525,,,
5030146,2021-09-15,2021-09-20 07:32:18.788,2021-09-21 15:54:42.489,,
5035147,2021-09-15,2021-09-20 07:32:59.339,,,
5034785,2021-09-15,2021-09-20 07:36:46.064,,,
5021737,2021-09-15,2021-09-20 07:42:28.747,,,
5023298,2021-09-15,2021-09-20 07:56:05.261,,,
5037047,2021-09-15,2021-09-20 08:17:04.064,,,
5024571,2021-09-15,2021-09-20 08:19:49.306,,,
5021376,2021-09-15,2021-09-20 08:20:13.374,,,
5024434,2021-09-15,2021-09-20 08:30:43.756,,,
5026862,2021-09-15,2021-09-20 08:34:16.959,2021-09-21 08:34:16.959,,
5030731,2021-09-15,2021-09-20 08:39:08.206,,,
5033816,2021-09-15,2021-09-20 08:51:35.625,2021-09-21 10:26:24.452,,
5029752,2021-09-15,2021-09-20 08:58:29.896,,,
5030524,2021-09-15,2021-09-20 09:02:46.545,,,
5030401,2021-09-15,2021-09-20 09:06:06.059,,,
5024360,2021-09-15,2021-09-20 09:06:30.638,2021-09-21 11:46:18.280,,
5035986,2021-09-15,2021-09-20 09:08:22.899,2021-09-20 09:08:22.899,2021-09-21 12:05:51.705,
5023581,2021-09-15,2021-09-20 09:18:10.247,,,
5026216,2021-09-15,2021-09-20 09:25:11.383,2021-09-20 09:25:11.383,2021-09-21 09:25:11.383,
5030305,2021-09-15,2021-09-20 09:26:29.101,2021-09-20 09:26:29.101,,
5035423,2021-09-15,2021-09-20 09:31:49.287,,,
5028090,2021-09-15,2021-09-20 09:45:48.381,,,
5028632,2021-09-15,2021-09-20 09:51:23.923,,,
5031117,2021-09-15,2021-09-20 10:08:06.503,,,
5030380,2021-09-15,2021-09-20 10:29:24.278,,,
5021812,2021-09-15,2021-09-20 10:49:36.073,2021-09-21 22:49:36.416,,
5026659,2021-09-15,2021-09-20 10:52:16.319,2021-09-21 10:52:16.319,,
5037362,2021-09-15,2021-09-20 10:54:18.081,,,
5036091,2021-09-15,2021-09-20 10:55:54.882,,,
5023792,2021-09-15,2021-09-20 11:13:21.860,2021-09-20 11:13:21.860,2021-09-21 13:26:35.968,
5026984,2021-09-15,2021-09-20 11:20:00.863,2021-09-21 11:54:40.948,,
5031488,2021-09-15,2021-09-20 11:20:23.801,,,
5021944,2021-09-15,2021-09-20 11:22:33.296,2021-09-20 11:22:33.296,,
5025778,2021-09-15,2021-09-20 11:39:05.717,,,
5034279,2021-09-15,2021-09-20 11:45:03.966,,,
5025796,2021-09-15,2021-09-20 11:49:35.497,,,
5026534,2021-09-15,2021-09-20 11:49:45.614,,,
5034855,2021-09-15,2021-09-20 12:16:56.671,,,
5033621,2021-09-15,2021-09-20 12:25:45.573,,,
5029143,2021-09-15,2021-09-20 12:29:28.887,2021-09-20 12:29:28.887,,
5022349,2021-09-15,2021-09-20 12:40:47.394,,,
5026882,2021-09-15,2021-09-20 12:53:28.391,2021-09-21 13:01:34.466,,
5024818,2021-09-15,2021-09-20 12:56:19.548,2021-09-21 12:56:19.548,,
5021537,2021-09-15,2021-09-20 13:01:03.041,2021-09-20 13:01:03.041,2021-09-21 13:01:03.041,
5035396,2021-09-15,2021-09-20 13:29:37.844,2021-09-21 13:29:37.844,,
5028637,2021-09-15,2021-09-20 13:36:47.650,2021-09-21 13:36:47.650,,
5029018,2021-09-15,2021-09-20 13:44:19.445,2021-09-20 13:44:19.445,2021-09-21 13:44:19.445,
5031840,2021-09-15,2021-09-20 13:46:30.538,,,
5024124,2021-09-15,2021-09-20 14:17:26.058,,,
5024602,2021-09-15,2021-09-20 14:21:45.096,2021-09-20 18:52:58.712,2021-09-21 18:52:58.712,
5025954,2021-09-15,2021-09-20 14:24:45.633,,,
5028576,2021-09-15,2021-09-20 14:44:04.262,2021-09-20 14:44:04.262,,
5034982,2021-09-15,2021-09-20 15:06:14.051,2021-09-21 15:06:14.051,,
5026974,2021-09-15,2021-09-20 15:06:15.199,2021-09-21 15:06:15.199,,
5033808,2021-09-15,2021-09-20 15:10:18.025,2021-09-20 15:10:18.025,2021-09-21 15:10:18.025,
5022615,2021-09-15,2021-09-20 15:14:38.633,,,
5025079,2021-09-15,2021-09-20 15:20:23.527,2021-09-20 15:48:49.337,2021-09-21 15:48:49.337,
5027492,2021-09-15,2021-09-20 15:21:10.739,,,
5024579,2021-09-15,2021-09-20 15:23:21.059,,,
5033008,2021-09-15,2021-09-20 15:24:08.291,,,
5036739,2021-09-15,2021-09-20 15:25:36.137,2021-09-21 15:25:36.137,,
5032613,2021-09-15,2021-09-20 15:52:13.835,,,
5026476,2021-09-15,2021-09-20 15:52:18.223,2021-09-21 15:52:18.223,,
5023372,2021-09-15,2021-09-20 16:04:36.479,,,
5037299,2021-09-15,2021-09-20 16:26:32.515,2021-09-20 16:26:32.515,2021-09-21 19:20:04.752,
5035454,2021-09-15,2021-09-20 16:27:32.044,,,
5032958,2021-09-15,2021-09-20 16:42:07.773,2021-09-21 16:42:07.773,,
5026645,2021-09-15,2021-09-20 16:59:47.928,,,
5024593,2021-09-15,2021-09-20 17:03:15.687,,,
5028625,2021-09-15,2021-09-20 17:36:24.433,2021-09-21 19:43:41.908,,
5029596,2021-09-15,2021-09-20 17:45:21.349,,,
5021384,2021-09-15,2021-09-20 17:53:56.211,,,
5031658,2021-09-15,2021-09-20 17:59:05.698,2021-09-21 17:59:05.698,,
5033640,2021-09-15,2021-09-20 18:00:45.374,2021-09-21 18:00:45.374,,
5033468,2021-09-15,2021-09-20 18:04:41.684,2021-09-21 23:24:47.118,,
5032657,2021-09-15,2021-09-20 18:29:32.588,,,
5022281,2021-09-15,2021-09-20 18:38:56.585,2021-09-21 18:38:56.585,,
5027483,2021-09-15,2021-09-20 18:42:14.832,2021-09-21 19:28:02.567,,
5030826,2021-09-15,2021-09-20 18:42:16.759,,,
5028057,2021-09-15,2021-09-20 18:51:15.505,,,
5029417,2021-09-15,2021-09-20 19:01:04.719,,,
5024860,2021-09-15,2021-09-20 19:01:38.126,,,
5037451,2021-09-15,2021-09-20 19:01:49.758,2021-09-21 19:01:49.758,,
5037176,2021-09-15,2021-09-20 19:04:35.149,2021-09-20 19:04:35.149,,
5029637,2021-09-15,2021-09-20 19:08:04.874,2021-09-21 19:08:04.874,,
5033584,2021-09-15,2021-09-20 19:17:32.328,,,
5022316,2021-09-15,2021-09-20 19:46:34.913,,,
5023270,2021-09-15,2021-09-20 19:49:57.037,,,
5027456,2021-09-15,2021-09-20 20:02:53.754,,,
5033708,2021-09-15,2021-09-20 20:03:30.071,,,
5022050,2021-09-15,2021-09-20 20:23:48.153,,,
5035097,2021-09-15,2021-09-20 20:25:42.570,,,
5021708,2021-09-15,2021-09-20 20:28:26.912,,,
5030727,2021-09-15,2021-09-20 20:34:00.175,2021-09-21 20:34:00.175,,
5026971,2021-09-15,2021-09-20 20:37:10.865,2021-09-21 20:37:10.865,,
5033991,2021-09-15,2021-09-20 20:41:36.957,,,
5025324,2021-09-15,2021-09-20 21:01:32.403,,,
5033551,2021-09-15,2021-09-20 21:01:50.519,2021-09-20 21:01:50.519,,
5032417,2021-09-15,2021-09-20 21:05:35.258,,,
5032983,2021-09-15,2021-09-20 21:06:54.546,2021-09-21 21:06:54.546,,
5026079,2021-09-15,2021-09-20 21:08:15.835,,,
5027280,2021-09-15,2021-09-20 21:24:24.488,2021-09-20 21:24:24.488,2021-09-21 21:24:24.488,
5031793,2021-09-15,2021-09-20 21:33:12.672,2021-09-20 21:33:12.672,,
5032737,2021-09-15,2021-09-20 21:35:00.515,,,
5032802,2021-09-15,2021-09-20 21:47:57.947,2021-09-20 21:47:57.947,2021-09-21 21:47:57.947,
5033015,2021-09-15,2021-09-20 21:48:07.375,2021-09-21 21:48:07.375,,
5021899,2021-09-15,2021-09-20 21:57:37.364,2021-09-20 21:57:37.364,,
5026988,2021-09-15,2021-09-20 21:58:27.762,2021-09-21 21:58:27.762,,
5022762,2021-09-15,2021-09-20 22:06:34.155,,,
5031093,2021-09-15,2021-09-20 22:33:44.035,,,
5028677,2021-09-15,2021-09-20 22:34:45.671,,,
5021720,2021-09-15,2021-09-20 22:35:55.236,2021-09-21 22:35:55.236,,
5035064,2021-09-15,2021-09-20 22:36:55.925,2021-09-20 22:36:55.925,2021-09-21 22:36:55.925,
5023984,2021-09-15,2021-09-20 22:40:11.902,,,
5024129,2021-09-15,2021-09-20 22:47:13.042,,,
5037634,2021-09-15,2021-09-20 22:48:28.670,,,
5035056,2021-09-15,2021-09-20 22:55:37.076,2021-09-20 22:55:37.076,2021-09-21 22:55:37.076,
5022563,2021-09-15,2021-09-20 23:08:40.310,,,
5035124,2021-09-15,2021-09-20 23:22:20.818,,,
5022896,2021-09-15,2021-09-20 23:36:10.981,2021-09-21 23:36:10.981,,
5030696,2021-09-15,2021-09-20 23:43:28.275,2021-09-21 23:43:28.275,,
5035085,2021-09-15,2021-09-20 23:43:33.836,,,
5037071,2021-09-15,2021-09-20 23:46:11.836,,,
5026436,2021-09-15,2021-09-21 00:15:23.526,,,
5035196,2021-09-15,2021-09-21 02:21:05.178,,,
5035456,2021-09-15,2021-09-21 03:59:49.632,,,
5026184,2021-09-15,2021-09-21 04:22:16.903,,,
5025170,2021-09-15,2021-09-21 05:27:12.133,,,
5025005,2021-09-15,2021-09-21 05:55:36.629,,,
5034910,2021-09-15,2021-09-21 06:24:14.434,,,
5036828,2021-09-15,2021-09-21 07:01:36.494,,,
5033710,2021-09-15,2021-09-21 10:24:59.925,,,
5033038,2021-09-15,2021-09-21 13:04:20.948,,,
5029662,2021-09-15,2021-09-21 14:54:56.137,,,
5030336,2021-09-15,2021-09-21 17:31:59.573,,,
5034125,2021-09-15,2021-09-21 19:13:06.843,,,
5025144,2021-09-15,2021-09-21 20:43:47.009,,,
5026160,2021-09-15,2021-09-21 22:10:28.951,,,
5021920,2021-09-15,,,,
5024350,2021-09-15,,,,
5028888,2021-09-15,,,,
5037144,2021-09-15,,,,
5033629,2021-09-15,,,,
5022611,2021-09-15,,,,
5021374,2021-09-15,,,,
5031515,2021-09-15,,,,
5036119,2021-09-15,,,,
5025869,2021-09-15,,,,
5022047,2021-09-15,,,,
5023956,2021-09-15,,,,
5021702,2021-09-15,,,,
5023993,2021-09-15,,,,
5024180,2021-09-15,,,,
5035517,2021-09-15,,,,
5029763,2021-09-15,,,,
5024372,2021-09-15,,,,
5026808,2021-09-15,,,,
5029577,2021-09-15,,,,
5037000,2021-09-15,,,,
5030802,2021-09-15,,,,
5023913,2021-09-16,2021-09-20 00:00:00.000,2021-09-20 00:00:00.000,2021-09-21 00:00:00.000,
5030387,2021-09-16,2021-09-20 00:00:00.000,2021-09-20 00:00:00.000,2021-09-21 00:00:00.000,
5026795,2021-09-16,2021-09-20 00:00:00.000,2021-09-20 00:00:00.000,2021-09-21 00:00:00.000,
5031932,2021-09-16,2021-09-20 00:00:00.000,2021-09-20 00:00:00.000,2021-09-21 00:00:00.000,
5032025,2021-09-16,2021-09-20 00:00:00.000,2021-09-20 00:00:00.000,2021-09-21 00:00:00.000,
5030679,2021-09-16,2021-09-20 00:00:00.000,2021-09-20 00:00:00.000,2021-09-21 00:00:00.000,
5033175,2021-09-16,2021-09-20 00:00:00.000,2021-09-20 00:00:00.000,2021-09-21 00:00:00.000,
5032759,2021-09-16,2021-09-20 00:00:00.000,2021-09-20 00:00:00.000,2021-09-21 00:00:00.000,
5030021,2021-09-16,2021-09-20 00:00:00.000,2021-09-20 00:00:00.000,2021-09-21 00:00:00.000,
5035234,2021-09-16,2021-09-20 00:00:00.000,2021-09-20 00:00:00.000,2021-09-21 00:00:00.000,
5023964,2021-09-16,2021-09-20 00:00:00.000,2021-09-20 00:00:00.000,2021-09-21 00:00:00.000,
5028388,2021-09-16,2021-09-20 00:00:00.000,2021-09-20 00:00:00.000,2021-09-21 00:00:00.000,
5033794,2021-09-16,2021-09-20 00:00:00.000,2021-09-20 00:00:00.000,2021-09-21 00:00:00.000,
5033641,2021-09-16,2021-09-20 00:00:00.000,2021-09-20 00:00:00.000,2021-09-21 00:00:00.000,
5032757,2021-09-16,2021-09-20 00:00:00.000,2021-09-20 00:00:00.000,2021-09-21 00:00:00.000,
5033712,2021-09-16,2021-09-20 00:00:00.000,2021-09-20 00:00:00.000,2021-09-21 00:00:00.000,
5026836,2021-09-16,2021-09-20 00:00:00.000,2021-09-20 00:00:00.000,2021-09-21 01:46:24.175,
5026306,2021-09-16,2021-09-20 00:00:00.000,2021-09-20 00:00:00.000,2021-09-21 03:25:29.692,
5034937,2021-09-16,2021-09-20 00:00:00.000,2021-09-20 00:00:00.000,2021-09-21 05:01:50.751,
5027799,2021-09-16,2021-09-20 00:00:00.000,2021-09-20 00:00:00.000,2021-09-21 07:24:07.154,
5022677,2021-09-16,2021-09-20 00:00:00.000,2021-09-20 00:00:00.000,2021-09-21 09:01:07.104,
5028743,2021-09-16,2021-09-20 00:00:00.000,2021-09-20 00:00:00.000,2021-09-21 10:39:31.447,
5037147,2021-09-16,2021-09-20 00:00:00.000,2021-09-20 00:00:00.000,2021-09-21 12:22:25.778,
5022327,2021-09-16,2021-09-20 00:00:00.000,2021-09-20 00:00:00.000,2021-09-21 17:33:20.129,
5026791,2021-09-16,2021-09-20 00:00:00.000,2021-09-20 00:00:00.000,2021-09-21 19:39:54.465,
5034674,2021-09-16,2021-09-20 00:00:00.000,2021-09-20 00:00:00.000,2021-09-21 19:46:19.122,
5022293,2021-09-16,2021-09-20 00:00:00.000,2021-09-20 00:00:00.000,2021-09-21 23:42:35.315,
5022185,2021-09-16,2021-09-20 00:00:00.000,2021-09-20 00:00:00.000,,
5022938,2021-09-16,2021-09-20 00:00:00.000,2021-09-20 00:00:00.000,,
5027069,2021-09-16,2021-09-20 00:00:00.000,2021-09-20 00:00:00.000,,
5022666,2021-09-16,2021-09-20 00:00:00.000,2021-09-20 00:00:00.000,,
5024708,2021-09-16,2021-09-20 00:00:00.000,2021-09-20 00:56:14.857,2021-09-21 00:56:14.857,
5028156,2021-09-16,2021-09-20 00:00:00.000,2021-09-20 01:12:22.005,2021-09-21 06:57:26.100,
5021862,2021-09-16,2021-09-20 00:00:00.000,2021-09-20 01:34:07.392,2021-09-21 01:34:07.392,
5026964,2021-09-16,2021-09-20 00:00:00.000,2021-09-20 02:12:31.609,,
5031179,2021-09-16,2021-09-20 00:00:00.000,2021-09-20 02:45:38.599,2021-09-21 02:45:38.599,
5029209,2021-09-16,2021-09-20 00:00:00.000,2021-09-20 06:29:13.937,2021-09-21 06:29:13.937,
5022332,2021-09-16,2021-09-20 00:00:00.000,2021-09-20 06:45:40.864,2021-09-21 06:45:40.864,
5025103,2021-09-16,2021-09-20 00:00:00.000,2021-09-20 08:25:28.490,2021-09-21 08:25:28.490,
5024646,2021-09-16,2021-09-20 00:00:00.000,2021-09-20 09:15:46.743,,
5036665,2021-09-16,2021-09-20 00:00:00.000,2021-09-20 11:23:49.576,2021-09-21 11:24:51.967,
5022816,2021-09-16,2021-09-20 00:00:00.000,2021-09-20 14:10:46.050,,
5026654,2021-09-16,2021-09-20 00:00:00.000,2021-09-20 14:49:15.438,2021-09-21 14:49:15.438,
5037163,2021-09-16,2021-09-20 00:00:00.000,2021-09-20 16:09:43.060,2021-09-21 16:09:43.060,
5023381,2021-09-16,2021-09-20 00:00:00.000,2021-09-20 17:11:34.476,,
5026772,2021-09-16,2021-09-20 00:00:00.000,2021-09-20 17:58:38.760,2021-09-21 17:58:38.760,
5033595,2021-09-16,2021-09-20 00:00:00.000,2021-09-21 02:03:05.016,,
5031418,2021-09-16,2021-09-20 00:00:00.000,2021-09-21 06:06:50.876,,
5031397,2021-09-16,2021-09-20 00:00:00.000,2021-09-21 08:42:59.338,,
5036109,2021-09-16,2021-09-20 00:00:00.000,2021-09-21 09:27:00.492,,
5025441,2021-09-16,2021-09-20 00:00:00.000,2021-09-21 14:25:44.710,,
5024302,2021-09-16,2021-09-20 00:00:00.000,2021-09-21 18:16:32.705,,
5037101,2021-09-16,2021-09-20 00:00:00.000,2021-09-21 19:04:30.450,,
5029860,2021-09-16,2021-09-20 00:00:00.000,2021-09-21 19:33:43.485,,
5021827,2021-09-16,2021-09-20 00:00:00.000,,,
5026763,2021-09-16,2021-09-20 00:00:00.000,,,
5032863,2021-09-16,2021-09-20 00:00:00.000,,,
5031651,2021-09-16,2021-09-20 00:00:00.000,,,
5031960,2021-09-16,2021-09-20 00:00:00.000,,,
5034006,2021-09-16,2021-09-20 00:00:00.000,,,
5037018,2021-09-16,2021-09-20 00:00:00.000,,,
5023231,2021-09-16,2021-09-20 00:00:00.000,,,
5027837,2021-09-16,2021-09-20 00:14:55.961,,,
5026261,2021-09-16,2021-09-20 00:18:54.135,2021-09-21 10:05:57.673,,
5035240,2021-09-16,2021-09-20 00:19:56.662,2021-09-21 00:19:56.662,,
5025058,2021-09-16,2021-09-20 00:45:14.971,,,
5036669,2021-09-16,2021-09-20 01:05:49.965,2021-09-20 14:49:07.854,,
5033491,2021-09-16,2021-09-20 01:08:00.007,,,
5030651,2021-09-16,2021-09-20 01:09:52.122,,,
5032629,2021-09-16,2021-09-20 01:11:06.876,2021-09-21 01:11:06.876,,
5022633,2021-09-16,2021-09-20 01:35:10.283,2021-09-21 01:35:10.283,,
5032877,2021-09-16,2021-09-20 01:49:29.225,2021-09-21 01:49:29.225,,
5024729,2021-09-16,2021-09-20 01:53:06.705,,,
5024468,2021-09-16,2021-09-20 02:02:08.570,,,
5024001,2021-09-16,2021-09-20 02:02:40.048,2021-09-20 02:02:40.048,2021-09-21 02:02:40.048,
5028679,2021-09-16,2021-09-20 02:09:09.121,2021-09-21 09:42:11.276,,
5022823,2021-09-16,2021-09-20 02:09:19.633,,,
5029332,2021-09-16,2021-09-20 02:16:40.645,,,
5025025,2021-09-16,2021-09-20 02:18:23.687,,,
5026039,2021-09-16,2021-09-20 02:40:12.126,,,
5034765,2021-09-16,2021-09-20 02:40:55.603,,,
5025364,2021-09-16,2021-09-20 02:54:19.872,2021-09-21 02:54:19.872,,
5032853,2021-09-16,2021-09-20 03:03:27.065,2021-09-20 20:51:01.509,2021-09-21 20:51:01.509,
5031289,2021-09-16,2021-09-20 03:08:57.149,,,
5036345,2021-09-16,2021-09-20 03:16:25.281,,,
5031597,2021-09-16,2021-09-20 03:17:52.815,,,
5025409,2021-09-16,2021-09-20 03:23:13.555,2021-09-21 08:20:29.377,,
5024087,2021-09-16,2021-09-20 03:23:36.783,,,
5025985,2021-09-16,2021-09-20 03:39:38.263,,,
5030357,2021-09-16,2021-09-20 03:41:36.706,2021-09-20 03:41:36.706,,
5028724,2021-09-16,2021-09-20 03:43:26.111,2021-09-20 03:43:26.111,2021-09-21 03:43:26.111,
5025873,2021-09-16,2021-09-20 03:55:08.632,,,
5027514,2021-09-16,2021-09-20 04:02:17.214,2021-09-21 04:02:17.214,,
5031084,2021-09-16,2021-09-20 04:10:09.606,2021-09-21 04:10:09.606,,
5034587,2021-09-16,2021-09-20 04:50:38.315,,,
5027409,2021-09-16,2021-09-20 05:07:38.929,2021-09-21 05:07:38.929,,
5026213,2021-09-16,2021-09-20 05:11:01.598,2021-09-20 05:11:01.598,2021-09-21 05:11:01.598,
5037552,2021-09-16,2021-09-20 05:17:19.752,,,
5021416,2021-09-16,2021-09-20 05:24:33.115,2021-09-21 05:24:33.115,,
5036187,2021-09-16,2021-09-20 05:27:19.077,2021-09-20 05:27:19.077,2021-09-21 20:47:15.412,
5026768,2021-09-16,2021-09-20 05:45:58.609,,,
5023253,2021-09-16,2021-09-20 05:53:21.398,2021-09-20 05:53:21.398,2021-09-21 05:53:21.398,
5028683,2021-09-16,2021-09-20 05:56:00.605,,,
5033784,2021-09-16,2021-09-20 06:01:13.630,2021-09-21 14:21:54.734,,
5029809,2021-09-16,2021-09-20 06:17:03.707,2021-09-20 22:49:31.533,2021-09-21 22:49:31.533,
5027309,2021-09-16,2021-09-20 06:19:29.479,,,
5023224,2021-09-16,2021-09-20 06:41:17.851,2021-09-21 17:50:30.860,,
5027044,2021-09-16,2021-09-20 07:21:18.127,2021-09-21 07:21:18.127,,
5033135,2021-09-16,2021-09-20 07:25:19.278,,,
5026070,2021-09-16,2021-09-20 07:30:35.141,,,
5024815,2021-09-16,2021-09-20 07:32:06.773,,,
5025557,2021-09-16,2021-09-20 07:32:17.746,2021-09-21 05:42:57.349,,
5030591,2021-09-16,2021-09-20 07:42:10.620,2021-09-20 07:47:16.573,2021-09-21 07:47:16.573,
5025942,2021-09-16,2021-09-20 07:54:17.638,2021-09-21 07:54:17.638,,
5032784,2021-09-16,2021-09-20 07:57:23.287,,,
5026693,2021-09-16,2021-09-20 08:01:43.076,,,
5032966,2021-09-16,2021-09-20 08:01:54.771,2021-09-20 08:01:54.771,,
5028890,2021-09-16,2021-09-20 08:13:54.606,,,
5030844,2021-09-16,2021-09-20 08:15:35.252,2021-09-21 08:00:59.139,,
5033685,2021-09-16,2021-09-20 08:16:23.925,,,
5025020,2021-09-16,2021-09-20 08:35:11.865,,,
5025012,2021-09-16,2021-09-20 08:50:12.072,2021-09-20 08:50:12.072,2021-09-21 08:50:12.072,
5034931,2021-09-16,2021-09-20 08:57:56.199,,,
5029140,2021-09-16,2021-09-20 09:16:23.488,,,
5027383,2021-09-16,2021-09-20 09:42:09.162,,,
5031338,2021-09-16,2021-09-20 09:49:21.673,2021-09-21 09:49:21.673,,
5037310,2021-09-16,2021-09-20 09:51:48.266,2021-09-21 16:21:52.826,,
5022601,2021-09-16,2021-09-20 09:53:30.092,2021-09-20 09:53:30.092,2021-09-21 09:53:30.092,
5030449,2021-09-16,2021-09-20 10:31:09.033,2021-09-20 18:12:48.812,2021-09-21 23:16:38.800,
5026255,2021-09-16,2021-09-20 10:41:15.624,2021-09-21 19:38:14.744,,
5037252,2021-09-16,2021-09-20 10:49:28.475,2021-09-21 08:09:52.959,,
5033913,2021-09-16,2021-09-20 10:59:14.327,2021-09-21 10:59:14.327,,
5031269,2021-09-16,2021-09-20 11:37:56.710,,,
5025719,2021-09-16,2021-09-20 12:06:34.635,,,
5028561,2021-09-16,2021-09-20 12:07:29.791,,,
5023692,2021-09-16,2021-09-20 12:12:37.322,2021-09-21 12:12:37.322,,
5032818,2021-09-16,2021-09-20 12:20:30.721,,,
5034500,2021-09-16,2021-09-20 12:34:24.446,2021-09-21 16:35:06.284,,
5031659,2021-09-16,2021-09-20 12:38:33.093,,,
5035555,2021-09-16,2021-09-20 12:38:49.620,,,
5022468,2021-09-16,2021-09-20 13:12:50.750,2021-09-21 04:27:16.795,,
5037171,2021-09-16,2021-09-20 13:14:41.767,,,
5023653,2021-09-16,2021-09-20 13:16:04.378,,,
5035572,2021-09-16,2021-09-20 13:18:20.639,,,
5024548,2021-09-16,2021-09-20 13:19:02.042,,,
5022621,2021-09-16,2021-09-20 13:19:31.051,,,
5022075,2021-09-16,2021-09-20 13:21:07.709,2021-09-21 14:46:49.425,,
5031885,2021-09-16,2021-09-20 13:24:45.471,,,
5031957,2021-09-16,2021-09-20 13:31:11.520,2021-09-20 13:31:11.520,2021-09-21 13:31:11.520,
5021727,2021-09-16,2021-09-20 13:40:55.127,2021-09-21 13:40:55.127,,
5036018,2021-09-16,2021-09-20 13:41:24.293,,,
5029312,2021-09-16,2021-09-20 13:56:38.028,2021-09-20 13:56:38.028,2021-09-21 13:56:38.028,
5025843,2021-09-16,2021-09-20 13:58:04.877,2021-09-20 13:58:04.877,2021-09-21 13:58:04.877,
5037389,2021-09-16,2021-09-20 13:58:25.521,,,
5025313,2021-09-16,2021-09-20 14:03:22.925,,,
5030763,2021-09-16,2021-09-20 14:08:34.044,2021-09-21 14:08:34.044,,
5028856,2021-09-16,2021-09-20 14:12:52.534,,,
5035519,2021-09-16,2021-09-20 14:26:32.741,,,
5033112,2021-09-16,2021-09-20 14:38:41.795,,,
5022195,2021-09-16,2021-09-20 14:39:54.313,2021-09-20 14:39:54.313,2021-09-21 14:39:54.313,
5031125,2021-09-16,2021-09-20 14:51:09.556,2021-09-20 14:51:09.556,,
5032585,2021-09-16,2021-09-20 14:58:36.996,,,
5029365,2021-09-16,2021-09-20 15:10:28.767,,,
5028280,2021-09-16,2021-09-20 15:17:13.796,2021-09-21 15:17:13.796,,
5034610,2021-09-16,2021-09-20 15:39:30.895,,,
5031926,2021-09-16,2021-09-20 15:45:14.774,2021-09-21 15:45:14.774,,
5031468,2021-09-16,2021-09-20 15:56:52.290,,,
5024727,2021-09-16,2021-09-20 16:00:44.605,,,
5027259,2021-09-16,2021-09-20 16:01:35.489,,,
5021866,2021-09-16,2021-09-20 16:10:16.669,,,
5034731,2021-09-16,2021-09-20 16:14:08.052,,,
5024552,2021-09-16,2021-09-20 16:16:15.071,,,
5021487,2021-09-16,2021-09-20 16:17:09.158,,,
5024662,2021-09-16,2021-09-20 16:24:44.836,2021-09-21 10:28:59.995,,
5032102,2021-09-16,2021-09-20 16:32:03.124,2021-09-21 16:32:03.124,,
5023649,2021-09-16,2021-09-20 16:39:29.897,2021-09-20 16:39:29.897,2021-09-21 16:39:29.897,
5026992,2021-09-16,2021-09-20 16:53:34.783,,,
5027364,2021-09-16,2021-09-20 17:01:53.125,2021-09-21 17:01:53.125,,
5027915,2021-09-16,2021-09-20 17:16:38.884,2021-09-20 17:16:38.884,2021-09-21 17:16:38.884,
5036184,2021-09-16,2021-09-20 17:20:06.905,,,
5026995,2021-09-16,2021-09-20 17:27:28.875,,,
5026088,2021-09-16,2021-09-20 17:32:13.575,2021-09-21 17:32:13.575,,
5028442,2021-09-16,2021-09-20 17:36:47.723,2021-09-20 17:36:47.723,,
5023660,2021-09-16,2021-09-20 17:44:07.399,2021-09-21 17:44:07.399,,
5034973,2021-09-16,2021-09-20 17:53:49.691,,,
5031919,2021-09-16,2021-09-20 18:05:34.209,,,
5029539,2021-09-16,2021-09-20 18:05:40.926,,,
5023633,2021-09-16,2021-09-20 18:52:30.758,2021-09-20 18:52:30.758,2021-09-21 18:52:30.758,
5031449,2021-09-16,2021-09-20 18:55:57.707,2021-09-20 18:55:57.707,2021-09-21 18:55:57.707,
5029985,2021-09-16,2021-09-20 19:26:24.951,2021-09-20 19:26:24.951,2021-09-21 19:26:24.951,
5037289,2021-09-16,2021-09-20 19:29:33.232,,,
5037405,2021-09-16,2021-09-20 19:29:57.066,,,
5025833,2021-09-16,2021-09-20 19:42:57.876,,,
5026857,2021-09-16,2021-09-20 19:54:06.672,,,
5029115,2021-09-16,2021-09-20 19:55:02.715,2021-09-21 19:55:02.715,,
5025072,2021-09-16,2021-09-20 20:10:32.799,,,
5028790,2021-09-16,2021-09-20 20:10:33.782,,,
5023154,2021-09-16,2021-09-20 20:21:45.617,,,
5022337,2021-09-16,2021-09-20 20:31:12.196,,,
5023629,2021-09-16,2021-09-20 20:32:11.782,,,
5025712,2021-09-16,2021-09-20 20:32:16.801,,,
5023961,2021-09-16,2021-09-20 20:46:57.599,,,
5033764,2021-09-16,2021-09-20 21:11:24.551,,,
5026270,2021-09-16,2021-09-20 21:22:35.650,2021-09-21 21:22:35.650,,
5024704,2021-09-16,2021-09-20 21:31:46.111,,,
5028741,2021-09-16,2021-09-20 21:38:53.408,,,
5037078,2021-09-16,2021-09-20 21:52:03.307,2021-09-20 21:52:03.307,2021-09-21 21:52:03.307,
5025297,2021-09-16,2021-09-20 21:52:53.955,2021-09-21 21:52:53.955,,
5028099,2021-09-16,2021-09-20 21:54:19.799,,,
5027342,2021-09-16,2021-09-20 22:04:13.571,2021-09-20 22:04:13.571,2021-09-21 22:04:13.571,
5029089,2021-09-16,2021-09-20 22:04:16.343,2021-09-21 22:04:16.343,,
5022107,2021-09-16,2021-09-20 22:27:40.545,,,
5029433,2021-09-16,2021-09-20 22:28:43.070,2021-09-21 22:28:43.070,,
5037324,2021-09-16,2021-09-20 22:32:36.142,,,
5031335,2021-09-16,2021-09-20 23:01:59.438,2021-09-21 23:01:59.438,,
5028155,2021-09-16,2021-09-20 23:03:35.903,,,
5035280,2021-09-16,2021-09-20 23:03:52.338,2021-09-21 01:47:06.841,,
5033741,2021-09-16,2021-09-20 23:08:30.795,2021-09-21 23:08:30.795,,
5034501,2021-09-16,2021-09-20 23:17:11.492,2021-09-20 23:17:11.492,,
5030451,2021-09-16,2021-09-20 23:32:29.870,2021-09-20 23:32:29.870,,
5026207,2021-09-16,2021-09-20 23:39:53.408,,,
5031654,2021-09-16,2021-09-20 23:45:53.879,2021-09-21 23:45:53.879,,
5024195,2021-09-16,2021-09-20 23:53:35.103,,,
5025100,2021-09-16,2021-09-21 00:24:39.351,,,
5024963,2021-09-16,2021-09-21 00:30:53.747,,,
5035227,2021-09-16,2021-09-21 01:06:45.252,,,
5022678,2021-09-16,2021-09-21 02:49:48.920,,,
5025497,2021-09-16,2021-09-21 03:02:30.534,,,
5021431,2021-09-16,2021-09-21 03:19:54.248,,,
5032890,2021-09-16,2021-09-21 03:22:28.037,,,
5033508,2021-09-16,2021-09-21 03:35:56.012,,,
5033543,2021-09-16,2021-09-21 05:50:47.588,,,
5036188,2021-09-16,2021-09-21 05:59:39.416,,,
5032242,2021-09-16,2021-09-21 06:37:15.511,,,
5023062,2021-09-16,2021-09-21 07:06:42.889,,,
5036505,2021-09-16,2021-09-21 07:29:00.334,,,
5023380,2021-09-16,2021-09-21 07:49:54.687,,,
5032171,2021-09-16,2021-09-21 08:23:04.850,,,
5037097,2021-09-16,2021-09-21 09:00:29.131,,,
5022297,2021-09-16,2021-09-21 09:34:54.563,,,
5028908,2021-09-16,2021-09-21 10:20:30.539,,,
5031311,2021-09-16,2021-09-21 11:11:13.404,,,
5036353,2021-09-16,2021-09-21 11:51:21.983,,,
5031228,2021-09-16,2021-09-21 12:09:31.624,,,
5023919,2021-09-16,2021-09-21 12:28:52.588,,,
5030646,2021-09-16,2021-09-21 12:57:37.198,,,
5028139,2021-09-16,2021-09-21 13:10:52.569,,,
5028594,2021-09-16,2021-09-21 13:12:55.238,,,
5025996,2021-09-16,2021-09-21 14:12:37.848,,,
5032814,2021-09-16,2021-09-21 15:18:12.153,,,
5021902,2021-09-16,2021-09-21 16:13:39.141,,,
5023655,2021-09-16,2021-09-21 16:15:38.479,,,
5024531,2021-09-16,2021-09-21 16:42:03.798,,,
5037450,2021-09-16,2021-09-21 16:51:56.432,,,
5033018,2021-09-16,2021-09-21 17:27:18.859,,,
5035005,2021-09-16,2021-09-21 17:27:47.502,,,
5035792,2021-09-16,2021-09-21 17:39:33.873,,,
5027055,2021-09-16,2021-09-21 18:15:24.737,,,
5037062,2021-09-16,2021-09-21 18:21:13.890,,,
5028837,2021-09-16,2021-09-21 18:27:34.461,,,
5034915,2021-09-16,2021-09-21 18:38:37.577,,,
5035807,2021-09-16,2021-09-21 20:09:31.733,,,
5029197,2021-09-16,2021-09-21 20:17:58.334,,,
5023160,2021-09-16,2021-09-21 20:18:34.196,,,
5024960,2021-09-16,2021-09-21 20:22:26.012,,,
5021915,2021-09-16,2021-09-21 21:42:18.240,,,
5035160,2021-09-16,2021-09-21 22:10:52.395,,,
5022353,2021-09-16,,,,
5022199,2021-09-16,,,,
5023587,2021-09-16,,,,
5023644,2021-09-16,,,,
5026927,2021-09-16,,,,
5027150,2021-09-16,,,,
5033029,2021-09-16,,,,
5026274,2021-09-16,,,,
5036330,2021-09-16,,,,
5026877,2021-09-16,,,,
5029951,2021-09-16,,,,
5028733,2021-09-16,,,,
5024642,2021-09-16,,,,
5037223,2021-09-16,,,,
5023917,2021-09-16,,,,
5023442,2021-09-16,,,,
5035009,2021-09-16,,,,
5030499,2021-09-16,,,,
5035508,2021-09-16,,,,
5031645,2021-09-16,,,,
5037274,2021-09-16,,,,
5027728,2021-09-16,,,,
5030377,2021-09-16,,,,
5030480,2021-09-16,,,,
5021949,2021-09-16,,,,
5021754,2021-09-16,,,,
5022794,2021-09-16,,,,
5021592,2021-09-16,,,,
5021613,2021-09-16,,,,
5033003,2021-09-16,,,,
5027023,2021-09-16,,,,
5025180,2021-09-16,,,,
5036243,2021-09-16,,,,
5031520,2021-09-16,,,,
5024582,2021-09-16,,,,
5033970,2021-09-16,,,,
5024051,2021-09-16,,,,
5027859,2021-09-16,,,,
5034019,2021-09-16,,,,
5035391,2021-09-16,,,,
5023521,2021-09-16,,,,
5023057,2021-09-16,,,,
5022807,2021-09-16,,,,
5027888,2021-09-16,,,,
5024870,2021-09-16,,,,
5025049,2021-09-16,,,,
5026209,2021-09-16,,,,
5035543,2021-09-16,,,,
5028219,2021-09-16,,,,
5037264,2021-09-16,,,,
5032023,2021-09-16,,,,
5027504,2021-09-16,,,,
5029181,2021-09-16,,,,
5021852,2021-09-17,2021-09-20 00:00:00.000,2021-09-21 00:00:00.000,,
5024022,2021-09-17,2021-09-20 00:00:00.000,2021-09-21 00:00:00.000,,
5027579,2021-09-17,2021-09-20 00:00:00.000,2021-09-21 00:00:00.000,,
5033119,2021-09-17,2021-09-20 00:00:00.000,2021-09-21 00:00:00.000,,
5027665,2021-09-17,2021-09-20 00:00:00.000,2021-09-21 00:00:00.000,,
5032913,2021-09-17,2021-09-20 00:00:00.000,2021-09-21 00:00:00.000,,
5024325,2021-09-17,2021-09-20 00:00:00.000,2021-09-21 00:00:00.000,,
5027441,2021-09-17,2021-09-20 00:00:00.000,2021-09-21 00:00:00.000,,
5024198,2021-09-17,2021-09-20 00:00:00.000,2021-09-21 00:00:00.000,,
5033217,2021-09-17,2021-09-20 00:00:00.000,2021-09-21 00:00:00.000,,
5025240,2021-09-17,2021-09-20 00:00:00.000,2021-09-21 00:00:00.000,,
5028364,2021-09-17,2021-09-20 00:00:00.000,2021-09-21 00:00:00.000,,
5021749,2021-09-17,2021-09-20 00:00:00.000,2021-09-21 00:00:00.000,,
5023935,2021-09-17,2021-09-20 00:00:00.000,2021-09-21 00:00:00.000,,
5024032,2021-09-17,2021-09-20 00:00:00.000,2021-09-21 00:00:00.000,,
5026179,2021-09-17,2021-09-20 00:00:00.000,2021-09-21 00:00:00.000,,
5027948,2021-09-17,2021-09-20 00:00:00.000,2021-09-21 00:00:00.000,,
5034506,2021-09-17,2021-09-20 00:00:00.000,2021-09-21 00:00:00.000,,
5034599,2021-09-17,2021-09-20 00:00:00.000,2021-09-21 00:00:00.000,,
5031598,2021-09-17,2021-09-20 00:00:00.000,2021-09-21 00:00:00.000,,
5032136,2021-09-17,2021-09-20 00:00:00.000,2021-09-21 00:00:00.000,,
5027454,2021-09-17,2021-09-20 00:00:00.000,2021-09-21 00:00:00.000,,
5027508,2021-09-17,2021-09-20 00:00:00.000,2021-09-21 00:00:00.000,,
5036858,2021-09-17,2021-09-20 00:00:00.000,2021-09-21 00:00:00.000,,
5028871,2021-09-17,2021-09-20 00:00:00.000,2021-09-21 00:00:00.000,,
5027190,2021-09-17,2021-09-20 00:00:00.000,2021-09-21 01:23:36.278,,
5031156,2021-09-17,2021-09-20 00:00:00.000,2021-09-21 02:59:33.632,,
5022961,2021-09-17,2021-09-20 00:00:00.000,2021-09-21 04:14:03.200,,
5032873,2021-09-17,2021-09-20 00:00:00.000,2021-09-21 11:32:27.859,,
5028972,2021-09-17,2021-09-20 00:00:00.000,2021-09-21 16:20:42.878,,
5026028,2021-09-17,2021-09-20 00:00:00.000,2021-09-21 21:28:49.728,,
5021612,2021-09-17,2021-09-20 00:00:00.000,,,
5022834,2021-09-17,2021-09-20 00:00:00.000,,,
5032231,2021-09-17,2021-09-20 00:00:00.000,,,
5026324,2021-09-17,2021-09-20 00:00:00.000,,,
5035099,2021-09-17,2021-09-20 00:00:00.000,,,
5037010,2021-09-17,2021-09-20 00:00:00.000,,,
5034403,2021-09-17,2021-09-20 00:00:00.000,,,
5021973,2021-09-17,2021-09-20 00:33:11.847,,,
5022935,2021-09-17,2021-09-20 00:47:21.052,,,
5037288,2021-09-17,2021-09-20 01:25:22.872,2021-09-21 01:25:22.872,,
5026059,2021-09-17,2021-09-20 01:53:13.595,2021-09-21 01:53:13.595,,
5035730,2021-09-17,2021-09-20 01:57:22.929,,,
5029060,2021-09-17,2021-09-20 03:15:43.723,,,
5028892,2021-09-17,2021-09-20 03:30:36.518,,,
5030666,2021-09-17,2021-09-20 04:17:33.383,2021-09-21 23:10:29.254,,
5033045,2021-09-17,2021-09-20 04:19:41.686,,,
5027755,2021-09-17,2021-09-20 04:36:00.871,2021-09-21 04:36:00.871,,
5022838,2021-09-17,2021-09-20 04:54:52.562,,,
5028704,2021-09-17,2021-09-20 04:58:22.119,,,
5022301,2021-09-17,2021-09-20 05:51:53.992,2021-09-21 09:14:01.383,,
5021464,2021-09-17,2021-09-20 06:01:40.269,,,
5032250,2021-09-17,2021-09-20 06:27:17.450,,,
5035589,2021-09-17,2021-09-20 06:42:39.317,,,
5024770,2021-09-17,2021-09-20 07:05:03.104,,,
5027246,2021-09-17,2021-09-20 07:17:44.168,,,
5033229,2021-09-17,2021-09-20 07:19:08.362,2021-09-21 07:19:08.362,,
5032068,2021-09-17,2021-09-20 07:27:45.956,,,
5028648,2021-09-17,2021-09-20 07:42:09.147,2021-09-21 07:42:09.147,,
5023967,2021-09-17,2021-09-20 07:59:15.407,,,
5028641,2021-09-17,2021-09-20 08:00:57.846,2021-09-21 08:00:57.846,,
5029757,2021-09-17,2021-09-20 08:27:17.933,2021-09-21 08:27:17.933,,
5031573,2021-09-17,2021-09-20 08:33:11.145,,,
5024736,2021-09-17,2021-09-20 08:55:15.280,,,
5027544,2021-09-17,2021-09-20 08:59:43.859,,,
5028793,2021-09-17,2021-09-20 09:38:09.220,2021-09-21 09:38:09.220,,
5031694,2021-09-17,2021-09-20 09:43:12.962,2021-09-21 09:43:12.962,,
5029712,2021-09-17,2021-09-20 10:31:13.690,,,
5028847,2021-09-17,2021-09-20 10:32:35.228,2021-09-21 20:55:22.460,,
5022307,2021-09-17,2021-09-20 11:36:36.789,2021-09-21 11:36:36.789,,
5023385,2021-09-17,2021-09-20 11:39:24.936,,,
5027049,2021-09-17,2021-09-20 11:52:44.112,,,
5031497,2021-09-17,2021-09-20 12:09:33.031,,,
5037507,2021-09-17,2021-09-20 12:12:06.428,2021-09-21 12:12:06.428,,
5031323,2021-09-17,2021-09-20 13:08:42.036,,,
5026900,2021-09-17,2021-09-20 13:35:23.442,,,
5029624,2021-09-17,2021-09-20 13:49:36.926,2021-09-21 13:49:36.926,,
5032399,2021-09-17,2021-09-20 14:24:14.008,2021-09-21 14:24:14.008,,
5033298,2021-09-17,2021-09-20 14:31:49.034,2021-09-21 14:31:49.034,,
5029486,2021-09-17,2021-09-20 14:46:54.902,,,
5037249,2021-09-17,2021-09-20 14:55:06.641,,,
5022122,2021-09-17,2021-09-20 15:00:57.877,,,
5035595,2021-09-17,2021-09-20 15:43:02.945,,,
5037160,2021-09-17,2021-09-20 15:44:55.466,2021-09-21 15:44:55.466,,
5034127,2021-09-17,2021-09-20 16:46:04.651,,,
5024802,2021-09-17,2021-09-20 17:16:06.074,,,
5030037,2021-09-17,2021-09-20 17:26:35.576,,,
5034160,2021-09-17,2021-09-20 17:26:54.281,,,
5026143,2021-09-17,2021-09-20 17:48:58.356,2021-09-21 17:48:58.356,,
5028917,2021-09-17,2021-09-20 17:51:23.058,,,
5021933,2021-09-17,2021-09-20 18:03:24.259,2021-09-21 18:03:24.259,,
5027990,2021-09-17,2021-09-20 18:29:17.087,,,
5035323,2021-09-17,2021-09-20 19:01:55.762,2021-09-21 19:01:55.762,,
5021871,2021-09-17,2021-09-20 19:07:01.735,2021-09-21 19:07:01.735,,
5031151,2021-09-17,2021-09-20 19:21:38.760,2021-09-21 19:21:38.760,,
5036255,2021-09-17,2021-09-20 19:33:45.653,,,
5028766,2021-09-17,2021-09-20 19:37:42.907,2021-09-21 19:37:42.907,,
5029285,2021-09-17,2021-09-20 20:17:53.218,,,
5033141,2021-09-17,2021-09-20 20:58:06.655,2021-09-21 20:58:06.655,,
5034577,2021-09-17,2021-09-20 21:10:57.319,,,
5026260,2021-09-17,2021-09-20 21:29:15.706,,,
5028617,2021-09-17,2021-09-20 21:36:57.499,,,
5034033,2021-09-17,2021-09-20 21:46:34.047,,,
5025679,2021-09-17,2021-09-20 22:18:34.542,,,
5035260,2021-09-17,2021-09-20 22:20:23.986,,,
5025762,2021-09-17,2021-09-20 22:31:27.330,,,
5035672,2021-09-17,2021-09-20 23:01:33.801,2021-09-21 23:01:33.801,,
5037429,2021-09-17,2021-09-20 23:03:47.234,,,
5023635,2021-09-17,2021-09-20 23:18:45.876,,,
5028656,2021-09-17,2021-09-20 23:22:05.268,,,
5030433,2021-09-17,2021-09-20 23:39:31.774,,,
5027473,2021-09-17,2021-09-20 23:49:39.655,,,
5033084,2021-09-17,2021-09-21 00:40:14.328,,,
5026229,2021-09-17,2021-09-21 01:21:03.597,,,
5028883,2021-09-17,2021-09-21 02:01:53.834,,,
5032999,2021-09-17,2021-09-21 02:40:31.455,,,
5030660,2021-09-17,2021-09-21 02:48:55.469,,,
5031679,2021-09-17,2021-09-21 03:29:00.787,,,
5023234,2021-09-17,2021-09-21 04:14:08.844,,,
5023374,2021-09-17,2021-09-21 04:50:36.681,,,
5036921,2021-09-17,2021-09-21 05:27:57.462,,,
5022943,2021-09-17,2021-09-21 05:55:36.695,,,
5026384,2021-09-17,2021-09-21 06:33:34.749,,,
5035074,2021-09-17,2021-09-21 07:18:47.425,,,
5036360,2021-09-17,2021-09-21 07:29:19.489,,,
5028752,2021-09-17,2021-09-21 07:38:10.523,,,
5035661,2021-09-17,2021-09-21 07:52:51.351,,,
5032402,2021-09-17,2021-09-21 09:09:32.888,,,
5024054,2021-09-17,2021-09-21 11:15:51.873,,,
5028586,2021-09-17,2021-09-21 11:27:01.947,,,
5032170,2021-09-17,2021-09-21 12:25:45.114,,,
5032045,2021-09-17,2021-09-21 14:29:22.613,,,
5030634,2021-09-17,2021-09-21 14:59:43.680,,,
5037265,2021-09-17,2021-09-21 15:01:46.573,,,
5030692,2021-09-17,2021-09-21 15:11:05.232,,,
5026924,2021-09-17,2021-09-21 15:14:21.513,,,
5028948,2021-09-17,2021-09-21 16:23:11.840,,,
5025106,2021-09-17,2021-09-21 16:38:38.189,,,
5026954,2021-09-17,2021-09-21 17:15:26.806,,,
5024243,2021-09-17,2021-09-21 17:36:45.708,,,
5036443,2021-09-17,2021-09-21 17:43:57.610,,,
5036610,2021-09-17,2021-09-21 21:26:01.643,,,
5031395,2021-09-17,2021-09-21 21:42:01.202,,,
5029598,2021-09-17,2021-09-21 22:31:32.963,,,
5033058,2021-09-17,2021-09-21 22:54:03.018,,,
5031278,2021-09-17,2021-09-21 23:00:56.869,,,
5027578,2021-09-17,2021-09-21 23:18:12.690,,,
5023084,2021-09-17,,,,
5024012,2021-09-17,,,,
5037486,2021-09-17,,,,
5035757,2021-09-17,,,,
5031457,2021-09-17,,,,
5027125,2021-09-17,,,,
5027205,2021-09-17,,,,
5031979,2021-09-17,,,,
5028302,2021-09-17,,,,
5025523,2021-09-17,,,,
5026409,2021-09-17,,,,
5035126,2021-09-17,,,,
5032519,2021-09-17,,,,
5035849,2021-09-17,,,,
5030384,2021-09-17,,,,
5033868,2021-09-17,,,,
5033909,2021-09-17,,,,
5029252,2021-09-17,,,,
5035410,2021-09-17,,,,
5031128,2021-09-17,,,,
5035270,2021-09-17,,,,
5023101,2021-09-17,,,,
5023121,2021-09-17,,,,
5021874,2021-09-17,,,,
5021879,2021-09-17,,,,
5021647,2021-09-17,,,,
5026190,2021-09-17,,,,
5026370,2021-09-17,,,,
5031525,2021-09-17,,,,
5032997,2021-09-17,,,,
5036516,2021-09-17,,,,
5025248,2021-09-17,,,,
5029503,2021-09-17,,,,
5032475,2021-09-17,,,,
5026343,2021-09-17,,,,
5037367,2021-09-17,,,,
5027745,2021-09-17,,,,
5037203,2021-09-17,,,,
5024629,2021-09-17,,,,
5023752,2021-09-17,,,,
5023449,2021-09-17,,,,
5030759,2021-09-17,,,,
5035169,2021-09-17,,,,
5033072,2021-09-17,,,,
5027931,2021-09-17,,,,
5035908,2021-09-17,,,,
5026252,2021-09-17,,,,
5025310,2021-09-17,,,,
5025382,2021-09-17,,,,
5026018,2021-09-17,,,,
5031736,2021-09-17,,,,
5034203,2021-09-17,,,,
5032992,2021-09-17,,,,
5037382,2021-09-17,,,,
5029029,2021-09-17,,,,
5035264,2021-09-17,,,,
5034985,2021-09-17,,,,
5026125,2021-09-17,,,,
5034458,2021-09-17,,,,
5035885,2021-09-17,,,,
5032077,2021-09-17,,,,
5036600,2021-09-17,,,,
5029247,2021-09-17,,,,
5025245,2021-09-17,,,,
5026822,2021-09-17,,,,
5033357,2021-09-17,,,,
5021598,2021-09-17,,,,
5022330,2021-09-17,,,,
5022811,2021-09-17,,,,
5022141,2021-09-17,,,,
5022423,2021-09-17,,,,
5022462,2021-09-17,,,,
5023705,2021-09-17,,,,
5023484,2021-09-17,,,,
5023486,2021-09-17,,,,
5021651,2021-09-17,,,,
5024026,2021-09-17,,,,
5026199,2021-09-17,,,,
5028815,2021-09-17,,,,
5028903,2021-09-17,,,,
5030689,2021-09-17,,,,
5027402,2021-09-17,,,,
5025897,2021-09-17,,,,
5030701,2021-09-17,,,,
5035902,2021-09-17,,,,
5024758,2021-09-17,,,,
5035682,2021-09-17,,,,
5035708,2021-09-17,,,,
5025510,2021-09-17,,,,
5031407,2021-09-17,,,,
5025109,2021-09-17,,,,
5027103,2021-09-17,,,,
5027200,2021-09-17,,,,
5029581,2021-09-17,,,,
5031594,2021-09-17,,,,
5036432,2021-09-17,,,,
5025229,2021-09-17,,,,
5032080,2021-09-17,,,,
5032433,2021-09-17,,,,
5037227,2021-09-17,,,,
5028469,2021-09-17,,,,
5031746,2021-09-17,,,,
5034131,2021-09-17,,,,
5034196,2021-09-17,,,,
5036343,2021-09-17,,,,
5025531,2021-09-17,,,,
5027444,2021-09-17,,,,
5027503,2021-09-17,,,,
5027748,2021-09-17,,,,
5037340,2021-09-17,,,,
5026310,2021-09-17,,,,
5029073,2021-09-17,,,,
5032174,2021-09-17,,,,
5026299,2021-09-17,,,,
5031545,2021-09-17,,,,
5031663,2021-09-17,,,,
5031699,2021-09-17,,,,
5027109,2021-09-17,,,,
5027143,2021-09-17,,,,
5027155,2021-09-17,,,,
5033155,2021-09-17,,,,
5033239,2021-09-17,,,,
5037478,2021-09-17,,,,
5037575,2021-09-17,,,,
5034646,2021-09-17,,,,
5028657,2021-09-17,,,,
5028745,2021-09-17,,,,
5030662,2021-09-17,,,,
5032287,2021-09-17,,,,
5034567,2021-09-17,,,,
5027832,2021-09-17,,,,
5026023,2021-09-17,,,,
5027778,2021-09-17,,,,
5030445,2021-09-17,,,,
5033926,2021-09-17,,,,
5035033,2021-09-17,,,,
5035112,2021-09-17,,,,
5037294,2021-09-17,,,,
5026149,2021-09-17,,,,
5029906,2021-09-17,,,,
5034239,2021-09-17,,,,
5037266,2021-09-17,,,,
5026042,2021-09-17,,,,
5026803,2021-09-17,,,,
5027511,2021-09-17,,,,
5033340,2021-09-17,,,,
5027528,2021-09-17,,,,
5032935,2021-09-17,,,,
5034988,2021-09-17,,,,
