loan_id,loan_amount,first_payment_date,principal_interest_payment,interest_rate,loan_term,next_payment_due_date,payment_periods_made,current_balance
5021364,375000,2021-10-01,1632.03,0.0325,360,2021-10-01,0,375000.0
5021367,545000,2021-10-01,2822.06,0.0225,240,2021-10-01,0,545000.0
5021369,325000,2021-10-01,1368.47,0.029900000000000003,360,2021-10-01,0,325000.0
5021371,265000,2021-10-01,1099.47,0.02875,360,2021-10-01,0,265000.0
5021372,295000,2021-11-01,1304.19,0.03375,360,2021-11-01,0,295000.0
5021373,135000,2021-10-01,587.53,0.0325,360,2021-10-01,0,135000.0
5021374,155000,2021-11-01,652.66,0.029900000000000003,360,2021-11-01,0,155000.0
5021376,205000,2021-11-01,892.18,0.0325,360,2021-11-01,0,205000.0
5021380,125000,2021-10-01,855.74,0.02875,180,2021-10-01,0,125000.0
5021381,595000,2021-10-01,2651.93,0.0344,360,2021-10-01,0,595000.0
5021384,235000,2021-11-01,1539.45,0.0225,180,2021-11-01,0,235000.0
5021389,325000,2021-10-01,2089.91,0.0199,180,2021-10-01,0,325000.0
5021391,85000,2021-10-01,369.93,0.0325,360,2021-10-01,0,85000.0
5021394,275000,2021-10-01,1196.82,0.0325,360,2021-10-01,0,275000.0
5021398,735000,2021-10-01,3174.62,0.0319,360,2021-10-01,0,735000.0
5021400,255000,2021-10-01,1319.34,0.029900000000000003,264,2021-10-01,0,255000.0
5021405,135000,2021-10-01,740.29,0.02875,240,2021-10-01,0,135000.0
5021406,105000,2021-10-01,712.56,0.0275,180,2021-10-01,0,105000.0
5021409,545000,2021-10-01,2280.15,0.0294,360,2021-10-01,0,545000.0
5021412,175000,2021-10-01,708.88,0.0269,360,2021-10-01,0,175000.0
5021416,605000,2021-11-01,2547.45,0.029900000000000003,360,2021-11-01,0,605000.0
5021418,75000,2021-10-01,508.97,0.0275,180,2021-10-01,0,75000.0
5021420,555000,2021-10-01,2265.74,0.0275,360,2021-10-01,0,555000.0
5021422,215000,2021-10-01,1864.69,0.025,132,2021-10-01,0,215000.0
5021427,125000,2021-10-01,561.31,0.035,360,2021-10-01,0,125000.0
5021431,205000,2021-11-01,850.53,0.02875,360,2021-11-01,0,205000.0
5021433,315000,2021-10-01,1285.96,0.0275,360,2021-10-01,0,315000.0
5021437,175000,2021-10-01,777.23,0.02875,324,2021-10-01,0,175000.0
5021441,195000,2021-10-01,848.66,0.0325,360,2021-10-01,0,195000.0
5021444,245000,2021-09-01,1313.24,0.02625,240,2021-09-01,0,245000.0
5021446,535000,2021-10-01,2079.3,0.02375,360,2021-10-01,0,535000.0
5021450,605000,2021-10-01,2674.69,0.03375,360,2021-10-01,0,605000.0
5021451,205000,2021-10-01,863.19,0.029900000000000003,360,2021-10-01,0,205000.0
5021455,305000,2021-10-01,1327.38,0.0325,360,2021-10-01,0,305000.0
5021456,495000,2021-10-01,2020.8,0.0275,360,2021-10-01,0,495000.0
5021461,205000,2021-10-01,863.19,0.029900000000000003,360,2021-10-01,0,205000.0
5021464,245000,2021-11-01,1000.2,0.0275,360,2021-11-01,0,245000.0
5021465,105000,2021-10-01,493.75,0.03875,360,2021-10-01,0,105000.0
5021467,295000,2021-10-01,1304.19,0.03375,360,2021-10-01,0,295000.0
5021468,95000,2021-10-01,420.0,0.03375,360,2021-10-01,0,95000.0
5021472,255000,2021-10-01,1145.07,0.035,360,2021-10-01,0,255000.0
5021475,85000,2021-10-01,683.85,0.025,144,2021-10-01,0,85000.0
5021476,385000,2021-10-01,1559.52,0.0269,360,2021-10-01,0,385000.0
5021480,355000,2021-10-01,1472.87,0.02875,360,2021-10-01,0,355000.0
5021484,165000,2021-10-01,1090.52,0.02375,180,2021-10-01,0,165000.0
5021487,665000,2021-11-01,2872.27,0.0319,360,2021-11-01,0,665000.0
5021488,425000,2021-10-01,1763.3,0.02875,360,2021-10-01,0,425000.0
5021492,275000,2021-10-01,1104.54,0.02625,360,2021-10-01,0,275000.0
5021493,285000,2021-10-01,1126.1,0.025,360,2021-10-01,0,285000.0
5021494,295000,2021-10-01,1204.32,0.0275,360,2021-10-01,0,295000.0
5021496,455000,2021-10-01,1857.5,0.0275,360,2021-10-01,0,455000.0
5021499,465000,2021-10-01,3046.15,0.0225,180,2021-10-01,0,465000.0
5021503,315000,2021-10-01,1326.36,0.029900000000000003,360,2021-10-01,0,315000.0
5021505,205000,2021-10-01,1342.93,0.0225,180,2021-10-01,0,205000.0
5021506,435000,2021-10-01,1831.64,0.029900000000000003,360,2021-10-01,0,435000.0
5021509,215000,2021-10-01,905.29,0.029900000000000003,360,2021-10-01,0,215000.0
5021511,715000,2021-10-01,3876.49,0.0275,240,2021-10-01,0,715000.0
5021515,215000,2021-10-01,877.72,0.0275,360,2021-10-01,0,215000.0
5021516,595000,2021-10-01,2350.97,0.025,360,2021-10-01,0,595000.0
5021518,165000,2021-10-01,969.35,0.0275,216,2021-10-01,0,165000.0
5021519,295000,2021-10-01,2713.08,0.0199,120,2021-10-01,0,295000.0
5021523,205000,2021-10-01,906.3,0.03375,360,2021-10-01,0,205000.0
5021526,165000,2021-10-01,764.15,0.0375,360,2021-10-01,0,165000.0
5021530,105000,2021-10-01,712.56,0.0275,180,2021-10-01,0,105000.0
5021532,465000,2021-10-01,1898.33,0.0275,360,2021-10-01,0,465000.0
5021534,255000,2021-10-01,1041.02,0.0275,360,2021-10-01,0,255000.0
5021537,415000,2021-11-01,2299.51,0.029900000000000003,240,2021-11-01,0,415000.0
5021539,205000,2021-11-01,1318.25,0.0199,180,2021-11-01,0,205000.0
5021540,125000,2021-10-01,552.63,0.03375,360,2021-10-01,0,125000.0
5021542,325000,2021-10-01,1436.82,0.03375,360,2021-10-01,0,325000.0
5021545,135000,2021-10-01,596.83,0.03375,360,2021-10-01,0,135000.0
5021550,655000,2021-10-01,2941.25,0.035,360,2021-10-01,0,655000.0
5021554,105000,2021-10-01,700.13,0.025,180,2021-10-01,0,105000.0
5021555,165000,2021-10-01,1421.62,0.02375,132,2021-10-01,0,165000.0
5021558,425000,2021-10-01,1849.63,0.0325,360,2021-10-01,0,425000.0
5021561,815000,2021-10-01,3603.09,0.03375,360,2021-10-01,0,815000.0
5021562,155000,2021-10-01,663.99,0.03125,360,2021-10-01,0,155000.0
5021566,255000,2021-10-01,1259.67,0.03125,288,2021-10-01,0,255000.0
5021568,175000,2021-10-01,992.6,0.0325,240,2021-10-01,0,175000.0
5021573,425000,2021-10-01,1763.3,0.02875,360,2021-10-01,0,425000.0
5021576,115000,2021-10-01,918.6,0.02375,144,2021-10-01,0,115000.0
5021581,105000,2021-10-01,442.12,0.029900000000000003,360,2021-10-01,0,105000.0
5021586,335000,2021-10-01,1410.57,0.029900000000000003,360,2021-10-01,0,335000.0
5021591,545000,2021-10-01,2371.88,0.0325,360,2021-10-01,0,545000.0
5021592,95000,2021-11-01,363.14,0.0225,360,2021-11-01,0,95000.0
5021597,255000,2021-10-01,1109.78,0.0325,360,2021-10-01,0,255000.0
5021598,135000,2021-11-01,596.83,0.03375,360,2021-11-01,0,135000.0
5021603,305000,2021-10-01,1998.01,0.0225,180,2021-10-01,0,305000.0
5021606,205000,2021-10-01,906.3,0.03375,360,2021-10-01,0,205000.0
5021610,215000,2021-10-01,935.7,0.0325,360,2021-10-01,0,215000.0
5021612,205000,2021-11-01,958.86,0.02875,300,2021-11-01,0,205000.0
5021613,415000,2021-11-01,1747.42,0.029900000000000003,360,2021-11-01,0,415000.0
5021617,315000,2021-10-01,2100.39,0.025,180,2021-10-01,0,315000.0
5021621,365000,2021-10-01,2476.97,0.0275,180,2021-10-01,0,365000.0
5021625,215000,2021-10-01,1395.96,0.02125,180,2021-10-01,0,215000.0
5021630,145000,2021-10-01,641.04,0.03375,360,2021-10-01,0,145000.0
5021631,235000,2021-10-01,1288.65,0.02875,240,2021-10-01,0,235000.0
5021636,205000,2021-10-01,1331.03,0.02125,180,2021-10-01,0,205000.0
5021638,185000,2021-10-01,817.88,0.03375,360,2021-10-01,0,185000.0
5021642,175000,2021-10-01,948.8,0.0275,240,2021-10-01,0,175000.0
5021647,395000,2021-11-01,1638.83,0.02875,360,2021-11-01,0,395000.0
5021651,275000,2021-11-01,1122.67,0.0275,360,2021-11-01,0,275000.0
5021652,295000,2021-10-01,1932.51,0.0225,180,2021-10-01,0,295000.0
5021657,315000,2021-10-01,1285.96,0.0275,360,2021-10-01,0,315000.0
5021662,275000,2021-10-01,1508.0,0.02875,240,2021-10-01,0,275000.0
5021663,315000,2021-10-01,1727.34,0.02875,240,2021-10-01,0,315000.0
5021664,255000,2021-10-01,1132.54,0.02875,324,2021-10-01,0,255000.0
5021665,525000,2021-10-01,2196.47,0.0294,360,2021-10-01,0,525000.0
5021667,545000,2021-10-01,2294.81,0.029900000000000003,360,2021-10-01,0,545000.0
5021670,495000,2021-10-01,3183.09,0.0199,180,2021-10-01,0,495000.0
5021673,1005000,2021-10-01,4231.71,0.029900000000000003,360,2021-10-01,0,1005000.0
5021675,305000,2021-10-01,1998.01,0.0225,180,2021-10-01,0,305000.0
5021676,135000,2021-10-01,551.13,0.0275,360,2021-10-01,0,135000.0
5021679,545000,2021-10-01,2409.43,0.03375,360,2021-10-01,0,545000.0
5021684,305000,2021-10-01,1327.38,0.0325,360,2021-10-01,0,305000.0
5021688,65000,2021-10-01,631.41,0.03125,120,2021-10-01,0,65000.0
5021693,275000,2021-10-01,1157.93,0.029900000000000003,360,2021-10-01,0,275000.0
5021697,245000,2021-10-01,1100.16,0.035,360,2021-10-01,0,245000.0
5021702,535000,2021-11-01,2328.36,0.0325,360,2021-11-01,0,535000.0
5021705,545000,2021-10-01,3538.58,0.02125,180,2021-10-01,0,545000.0
5021708,195000,2021-11-01,848.66,0.0325,360,2021-11-01,0,195000.0
5021709,295000,2021-10-01,1223.94,0.02875,360,2021-10-01,0,295000.0
5021713,215000,2021-10-01,905.29,0.029900000000000003,360,2021-10-01,0,215000.0
5021715,85000,2021-10-01,683.85,0.025,144,2021-10-01,0,85000.0
5021719,165000,2021-10-01,740.93,0.035,360,2021-10-01,0,165000.0
5021720,95000,2021-11-01,639.06,0.02625,180,2021-11-01,0,95000.0
5021722,545000,2021-10-01,2261.17,0.02875,360,2021-10-01,0,545000.0
5021725,205000,2021-10-01,836.9,0.0275,360,2021-10-01,0,205000.0
5021727,225000,2021-11-01,963.85,0.03125,360,2021-11-01,0,225000.0
5021731,655000,2021-10-01,2805.86,0.03125,360,2021-10-01,0,655000.0
5021733,205000,2021-10-01,897.11,0.0275,324,2021-10-01,0,205000.0
5021737,485000,2021-11-01,2012.23,0.02875,360,2021-11-01,0,485000.0
5021740,605000,2021-11-01,2547.45,0.029900000000000003,360,2021-11-01,0,605000.0
5021742,355000,2021-10-01,1520.74,0.03125,360,2021-10-01,0,355000.0
5021745,295000,2021-10-01,1223.94,0.02875,360,2021-10-01,0,295000.0
5021749,285000,2021-11-01,1220.88,0.03125,360,2021-11-01,0,285000.0
5021753,265000,2021-10-01,1436.75,0.0275,240,2021-10-01,0,265000.0
5021754,225000,2021-11-01,1246.72,0.029900000000000003,240,2021-11-01,0,225000.0
5021758,295000,2021-10-01,1242.15,0.029900000000000003,360,2021-10-01,0,295000.0
5021763,245000,2021-10-01,1343.49,0.02875,240,2021-10-01,0,245000.0
5021768,95000,2021-10-01,639.06,0.02625,180,2021-10-01,0,95000.0
5021772,355000,2021-10-01,1472.87,0.02875,360,2021-10-01,0,355000.0
5021777,255000,2021-10-01,1073.72,0.029900000000000003,360,2021-10-01,0,255000.0
5021782,465000,2021-10-01,1945.45,0.0294,360,2021-10-01,0,465000.0
5021787,435000,2021-10-01,1775.85,0.0275,360,2021-10-01,0,435000.0
5021792,75000,2021-10-01,311.17,0.02875,360,2021-10-01,0,75000.0
5021796,95000,2021-10-01,420.0,0.03375,360,2021-10-01,0,95000.0
5021800,105000,2021-10-01,464.21,0.03375,360,2021-10-01,0,105000.0
5021803,115000,2021-10-01,630.62,0.02875,240,2021-10-01,0,115000.0
5021804,265000,2021-10-01,1171.56,0.03375,360,2021-10-01,0,265000.0
5021808,785000,2021-10-01,3204.7,0.0275,360,2021-10-01,0,785000.0
5021812,495000,2021-11-01,2053.72,0.02875,360,2021-11-01,0,495000.0
5021815,215000,2021-10-01,1977.33,0.0199,120,2021-10-01,0,215000.0
5021819,455000,2021-10-01,1887.77,0.02875,360,2021-10-01,0,455000.0
5021823,155000,2021-10-01,685.25,0.03375,360,2021-10-01,0,155000.0
5021827,515000,2021-11-01,2068.51,0.02625,360,2021-11-01,0,515000.0
5021832,105000,2021-10-01,439.3,0.0294,360,2021-10-01,0,105000.0
5021835,245000,2021-10-01,1117.33,0.03625,360,2021-10-01,0,245000.0
5021836,55000,2021-11-01,243.16,0.03375,360,2021-11-01,0,55000.0
5021841,85000,2021-10-01,576.83,0.0275,180,2021-10-01,0,85000.0
5021844,175000,2021-10-01,736.87,0.029900000000000003,360,2021-10-01,0,175000.0
5021847,245000,2021-10-01,1031.61,0.029900000000000003,360,2021-10-01,0,245000.0
5021848,235000,2021-10-01,1006.69,0.03125,360,2021-10-01,0,235000.0
5021852,225000,2021-11-01,918.55,0.0275,360,2021-11-01,0,225000.0
5021853,125000,2021-10-01,878.34,0.0325,180,2021-10-01,0,125000.0
5021854,175000,2021-10-01,736.87,0.029900000000000003,360,2021-10-01,0,175000.0
5021857,405000,2021-10-01,2604.35,0.0199,180,2021-10-01,0,405000.0
5021862,345000,2021-11-01,1525.24,0.03375,360,2021-11-01,0,345000.0
5021866,125000,2021-11-01,518.62,0.02875,360,2021-11-01,0,125000.0
5021871,295000,2021-11-01,1204.32,0.0275,360,2021-11-01,0,295000.0
5021874,345000,2021-11-01,1408.44,0.0275,360,2021-11-01,0,345000.0
5021879,255000,2021-11-01,1215.94,0.039900000000000005,360,2021-11-01,0,255000.0
5021881,515000,2021-10-01,2697.75,0.02375,240,2021-10-01,0,515000.0
5021882,225000,2021-10-01,1010.36,0.035,360,2021-10-01,0,225000.0
5021886,305000,2021-10-01,2015.81,0.02375,180,2021-10-01,0,305000.0
5021887,445000,2021-10-01,1873.74,0.029900000000000003,360,2021-10-01,0,445000.0
5021888,135000,2021-10-01,916.14,0.0275,180,2021-10-01,0,135000.0
5021891,295000,2021-10-01,1949.72,0.02375,180,2021-10-01,0,295000.0
5021894,205000,2021-10-01,1342.93,0.0225,180,2021-10-01,0,205000.0
5021899,115000,2021-11-01,516.41,0.035,360,2021-11-01,0,115000.0
5021902,105000,2021-11-01,471.5,0.035,360,2021-11-01,0,105000.0
5021907,185000,2021-10-01,799.06,0.0319,360,2021-10-01,0,185000.0
5021910,195000,2021-10-01,821.08,0.029900000000000003,360,2021-10-01,0,195000.0
5021912,95000,2021-10-01,420.0,0.03375,360,2021-10-01,0,95000.0
5021915,795000,2021-11-01,3059.18,0.023,360,2021-11-01,0,795000.0
5021920,425000,2021-11-01,2808.92,0.02375,180,2021-11-01,0,425000.0
5021921,505000,2021-10-01,2095.21,0.02875,360,2021-10-01,0,505000.0
5021923,65000,2021-10-01,291.88,0.035,360,2021-10-01,0,65000.0
5021925,825000,2021-10-01,3820.71,0.0375,360,2021-10-01,0,825000.0
5021929,105000,2021-10-01,456.97,0.0325,360,2021-10-01,0,105000.0
5021930,165000,2021-10-01,904.8,0.02875,240,2021-10-01,0,165000.0
5021933,415000,2021-11-01,1806.11,0.0325,360,2021-11-01,0,415000.0
5021938,225000,2021-10-01,947.4,0.029900000000000003,360,2021-10-01,0,225000.0
5021939,395000,2021-10-01,2564.66,0.02125,180,2021-10-01,0,395000.0
5021944,285000,2021-11-01,1200.04,0.029900000000000003,360,2021-11-01,0,285000.0
5021946,365000,2021-09-01,1620.96,0.0325,348,2021-09-01,0,365000.0
5021949,315000,2021-11-01,1436.57,0.03625,360,2021-11-01,0,315000.0
5021950,335000,2021-10-01,1504.3,0.035,360,2021-10-01,0,335000.0
5021951,145000,2021-10-01,984.01,0.0275,180,2021-10-01,0,145000.0
5021955,125000,2021-10-01,544.01,0.0325,360,2021-10-01,0,125000.0
5021957,315000,2021-10-01,1727.34,0.02875,240,2021-10-01,0,315000.0
5021961,505000,2021-10-01,2126.38,0.029900000000000003,360,2021-10-01,0,505000.0
5021965,175000,2021-10-01,1387.85,0.0225,144,2021-10-01,0,175000.0
5021970,275000,2021-10-01,1474.04,0.02625,240,2021-10-01,0,275000.0
5021973,155000,2021-11-01,1042.67,0.02625,180,2021-11-01,0,155000.0
5021974,175000,2021-10-01,1207.68,0.029900000000000003,180,2021-10-01,0,175000.0
5021979,135000,2021-10-01,578.31,0.03125,360,2021-10-01,0,135000.0
5021983,425000,2021-10-01,1763.3,0.02875,360,2021-10-01,0,425000.0
5021987,525000,2021-10-01,2284.84,0.0325,360,2021-10-01,0,525000.0
5021990,195000,2021-10-01,1209.56,0.02875,204,2021-10-01,0,195000.0
5021994,375000,2021-10-01,2635.01,0.0325,180,2021-10-01,0,375000.0
5021998,225000,2021-10-01,933.51,0.02875,360,2021-10-01,0,225000.0
5022001,205000,2021-10-01,1391.18,0.0275,180,2021-10-01,0,205000.0
5022003,115000,2021-10-01,766.81,0.025,180,2021-10-01,0,115000.0
5022007,325000,2021-10-01,1702.47,0.02375,240,2021-10-01,0,325000.0
5022011,605000,2021-10-01,2450.68,0.0269,360,2021-10-01,0,605000.0
5022012,295000,2021-10-01,1617.67,0.02875,240,2021-10-01,0,295000.0
5022015,305000,2021-10-01,1125.82,0.0199,360,2021-10-01,0,305000.0
5022017,105000,2021-10-01,456.97,0.0325,360,2021-10-01,0,105000.0
5022021,335000,2021-10-01,2194.54,0.0225,180,2021-10-01,0,335000.0
5022024,65000,2021-10-01,287.37,0.03375,360,2021-10-01,0,65000.0
5022028,375000,2021-10-01,1579.0,0.029900000000000003,360,2021-10-01,0,375000.0
5022033,185000,2021-10-01,767.56,0.02875,360,2021-10-01,0,185000.0
5022038,425000,2021-10-01,2732.96,0.0199,180,2021-10-01,0,425000.0
5022040,135000,2021-10-01,615.67,0.03625,360,2021-10-01,0,135000.0
5022045,505000,2021-10-01,2095.21,0.02875,360,2021-10-01,0,505000.0
5022047,345000,2021-11-01,2341.25,0.0275,180,2021-11-01,0,345000.0
5022050,665000,2021-11-01,2759.04,0.02875,360,2021-11-01,0,665000.0
5022054,115000,2021-10-01,477.13,0.02875,360,2021-10-01,0,115000.0
5022058,325000,2021-10-01,2205.53,0.0275,180,2021-10-01,0,325000.0
5022063,435000,2021-10-01,1893.15,0.0325,360,2021-10-01,0,435000.0
5022066,425000,2021-10-01,1789.53,0.029900000000000003,360,2021-10-01,0,425000.0
5022069,85000,2021-10-01,357.91,0.029900000000000003,360,2021-10-01,0,85000.0
5022071,85000,2021-10-01,576.83,0.0275,180,2021-10-01,0,85000.0
5022075,125000,2021-11-01,526.34,0.029900000000000003,360,2021-11-01,0,125000.0
5022079,85000,2021-10-01,375.79,0.03375,360,2021-10-01,0,85000.0
5022081,725000,2021-10-01,3205.2,0.03375,360,2021-10-01,0,725000.0
5022084,405000,2021-10-01,1762.59,0.0325,360,2021-10-01,0,405000.0
5022088,755000,2021-10-01,3132.44,0.02875,360,2021-10-01,0,755000.0
5022093,235000,2021-10-01,1288.65,0.02875,240,2021-10-01,0,235000.0
5022094,305000,2021-10-01,1306.55,0.03125,360,2021-10-01,0,305000.0
5022099,385000,2021-10-01,1597.34,0.02875,360,2021-10-01,0,385000.0
5022102,175000,2021-10-01,761.62,0.0325,360,2021-10-01,0,175000.0
5022103,615000,2021-10-01,2656.31,0.0319,360,2021-10-01,0,615000.0
5022107,255000,2021-11-01,1073.72,0.029900000000000003,360,2021-11-01,0,255000.0
5022112,445000,2021-10-01,1936.67,0.0325,360,2021-10-01,0,445000.0
5022113,65000,2021-10-01,278.98,0.031400000000000004,360,2021-10-01,0,65000.0
5022114,255000,2021-10-01,1073.72,0.029900000000000003,360,2021-10-01,0,255000.0
5022118,425000,2021-10-01,1735.03,0.0275,360,2021-10-01,0,425000.0
5022121,155000,2021-10-01,755.35,0.0325,300,2021-10-01,0,155000.0
5022122,95000,2021-11-01,520.95,0.02875,240,2021-11-01,0,95000.0
5022125,165000,2021-10-01,1080.89,0.0225,180,2021-10-01,0,165000.0
5022130,235000,2021-10-01,975.0,0.02875,360,2021-10-01,0,235000.0
5022131,235000,2021-10-01,959.37,0.0275,360,2021-10-01,0,235000.0
5022133,275000,2021-10-01,1833.68,0.025,180,2021-10-01,0,275000.0
5022138,235000,2021-10-01,928.54,0.025,360,2021-10-01,0,235000.0
5022141,625000,2021-11-01,2720.04,0.0325,360,2021-11-01,0,625000.0
5022142,445000,2021-10-01,1873.74,0.029900000000000003,360,2021-10-01,0,445000.0
5022145,145000,2021-10-01,591.95,0.0275,360,2021-10-01,0,145000.0
5022146,315000,2021-10-01,1326.36,0.029900000000000003,360,2021-10-01,0,315000.0
5022151,185000,2021-10-01,843.7,0.03625,360,2021-10-01,0,185000.0
5022154,545000,2021-10-01,2083.25,0.0225,360,2021-10-01,0,545000.0
5022157,525000,2021-10-01,2126.62,0.0269,360,2021-10-01,0,525000.0
5022161,335000,2021-10-01,2273.39,0.0275,180,2021-10-01,0,335000.0
5022165,235000,2021-10-01,1511.17,0.0199,180,2021-10-01,0,235000.0
5022166,105000,2021-10-01,456.97,0.0325,360,2021-10-01,0,105000.0
5022171,245000,2021-10-01,1083.14,0.03375,360,2021-10-01,0,245000.0
5022176,495000,2021-10-01,2154.28,0.0325,360,2021-10-01,0,495000.0
5022181,135000,2021-10-01,931.64,0.029900000000000003,180,2021-10-01,0,135000.0
5022185,295000,2021-11-01,1154.14,0.024249999999999997,360,2021-11-01,0,295000.0
5022189,185000,2021-10-01,805.14,0.0325,360,2021-10-01,0,185000.0
5022190,235000,2021-10-01,959.37,0.0275,360,2021-10-01,0,235000.0
5022195,395000,2021-11-01,1638.83,0.02875,360,2021-11-01,0,395000.0
5022196,225000,2021-10-01,2082.93,0.02125,120,2021-10-01,0,225000.0
5022199,235000,2021-11-01,1511.17,0.0199,180,2021-11-01,0,235000.0
5022201,165000,2021-10-01,729.46,0.03375,360,2021-10-01,0,165000.0
5022206,545000,2021-10-01,2294.81,0.029900000000000003,360,2021-10-01,0,545000.0
5022209,305000,2021-10-01,1998.01,0.0225,180,2021-10-01,0,305000.0
5022211,405000,2021-10-01,2653.1,0.0225,180,2021-10-01,0,405000.0
5022212,105000,2021-10-01,581.81,0.029900000000000003,240,2021-10-01,0,105000.0
5022217,235000,2021-10-01,1015.02,0.0319,360,2021-10-01,0,235000.0
5022218,205000,2021-10-01,1391.18,0.0275,180,2021-10-01,0,205000.0
5022222,235000,2021-10-01,1752.39,0.02375,156,2021-10-01,0,235000.0
5022226,105000,2021-10-01,989.84,0.025,120,2021-10-01,0,105000.0
5022229,155000,2021-10-01,643.09,0.02875,360,2021-10-01,0,155000.0
5022231,375000,2021-10-01,2929.62,0.0199,144,2021-10-01,0,375000.0
5022234,315000,2021-10-01,1326.36,0.029900000000000003,360,2021-10-01,0,315000.0
5022235,105000,2021-10-01,972.04,0.02125,120,2021-10-01,0,105000.0
5022238,65000,2021-10-01,301.03,0.0375,360,2021-10-01,0,65000.0
5022239,245000,2021-10-01,1100.16,0.035,360,2021-10-01,0,245000.0
5022243,265000,2021-10-01,1064.38,0.02625,360,2021-10-01,0,265000.0
5022244,335000,2021-10-01,1410.57,0.029900000000000003,360,2021-10-01,0,335000.0
5022246,285000,2021-10-01,2029.04,0.02625,168,2021-10-01,0,285000.0
5022251,205000,2021-10-01,1111.45,0.0275,240,2021-10-01,0,205000.0
5022256,345000,2021-10-01,1490.13,0.0319,360,2021-10-01,0,345000.0
5022259,105000,2021-10-01,442.12,0.029900000000000003,360,2021-10-01,0,105000.0
5022264,515000,2021-10-01,2792.16,0.0275,240,2021-10-01,0,515000.0
5022269,175000,2021-10-01,761.62,0.0325,360,2021-10-01,0,175000.0
5022273,395000,2021-10-01,1773.73,0.035,360,2021-10-01,0,395000.0
5022275,235000,2021-10-01,1038.93,0.03375,360,2021-10-01,0,235000.0
5022277,185000,2021-10-01,799.06,0.0319,360,2021-10-01,0,185000.0
5022281,305000,2021-11-01,1394.85,0.03125,324,2021-11-01,0,305000.0
5022283,385000,2021-10-01,1675.55,0.0325,360,2021-10-01,0,385000.0
5022285,225000,2021-10-01,971.83,0.0319,360,2021-10-01,0,225000.0
5022288,355000,2021-10-01,1438.0,0.0269,360,2021-10-01,0,355000.0
5022293,505000,2021-11-01,2267.68,0.035,360,2021-11-01,0,505000.0
5022295,595000,2021-10-01,2569.93,0.0319,360,2021-10-01,0,595000.0
5022296,445000,2021-10-01,1936.67,0.0325,360,2021-10-01,0,445000.0
5022297,375000,2021-11-01,1579.0,0.029900000000000003,360,2021-11-01,0,375000.0
5022301,375000,2021-11-01,1964.38,0.02375,240,2021-11-01,0,375000.0
5022304,205000,2021-10-01,863.19,0.029900000000000003,360,2021-10-01,0,205000.0
5022307,185000,2021-11-01,869.94,0.03875,360,2021-11-01,0,185000.0
5022308,145000,2021-10-01,641.04,0.03375,360,2021-10-01,0,145000.0
5022311,245000,2021-10-01,1016.49,0.02875,360,2021-10-01,0,245000.0
5022315,205000,2021-10-01,850.53,0.02875,360,2021-10-01,0,205000.0
5022316,125000,2021-11-01,526.34,0.029900000000000003,360,2021-11-01,0,125000.0
5022318,295000,2021-10-01,1242.15,0.029900000000000003,360,2021-10-01,0,295000.0
5022323,175000,2021-10-01,761.62,0.0325,360,2021-10-01,0,175000.0
5022327,755000,2021-11-01,3179.05,0.029900000000000003,360,2021-11-01,0,755000.0
5022330,505000,2021-11-01,3427.04,0.0275,180,2021-11-01,0,505000.0
5022332,105000,2021-11-01,977.95,0.0225,120,2021-11-01,0,105000.0
5022334,385000,2021-10-01,1728.83,0.035,360,2021-10-01,0,385000.0
5022335,155000,2021-10-01,643.09,0.02875,360,2021-10-01,0,155000.0
5022337,115000,2021-11-01,469.48,0.0275,360,2021-11-01,0,115000.0
5022340,175000,2021-09-01,714.43,0.0275,360,2021-10-01,1,174686.61166666666
5022342,485000,2021-10-01,2570.03,0.025,240,2021-10-01,0,485000.0
5022347,545000,2021-10-01,2280.15,0.0294,360,2021-10-01,0,545000.0
5022349,115000,2021-11-01,481.14,0.0294,360,2021-11-01,0,115000.0
5022352,75000,2021-10-01,315.8,0.029900000000000003,360,2021-10-01,0,75000.0
5022353,265000,2021-11-01,1189.97,0.035,360,2021-11-01,0,265000.0
5022355,545000,2021-10-01,2261.17,0.02875,360,2021-10-01,0,545000.0
5022357,165000,2021-10-01,1119.73,0.0275,180,2021-10-01,0,165000.0
5022362,295000,2021-10-01,1283.86,0.0325,360,2021-10-01,0,295000.0
5022363,495000,2021-10-01,2020.8,0.0275,360,2021-10-01,0,495000.0
5022368,165000,2021-10-01,1090.52,0.02375,180,2021-10-01,0,165000.0
5022372,325000,2021-10-01,1305.37,0.02625,360,2021-11-01,1,324405.5675
5022374,205000,2021-10-01,913.69,0.0344,360,2021-10-01,0,205000.0
5022379,195000,2021-10-01,809.05,0.02875,360,2021-10-01,0,195000.0
5022383,145000,2021-10-01,831.66,0.03375,240,2021-10-01,0,145000.0
5022388,215000,2021-10-01,1471.86,0.02875,180,2021-10-01,0,215000.0
5022391,805000,2021-10-01,3448.43,0.03125,360,2021-10-01,0,805000.0
5022396,205000,2021-10-01,920.55,0.035,360,2021-10-01,0,205000.0
5022398,215000,2021-10-01,1966.28,0.01875,120,2021-10-01,0,215000.0
5022402,255000,2021-10-01,1057.98,0.02875,360,2021-10-01,0,255000.0
5022405,95000,2021-10-01,520.95,0.02875,240,2021-10-01,0,95000.0
5022408,165000,2021-10-01,1061.03,0.0199,180,2021-10-01,0,165000.0
5022411,305000,2021-10-01,1284.25,0.029900000000000003,360,2021-10-01,0,305000.0
5022414,145000,2021-10-01,958.34,0.02375,180,2021-10-01,0,145000.0
5022418,195000,2021-10-01,821.08,0.029900000000000003,360,2021-10-01,0,195000.0
5022420,335000,2021-10-01,1527.78,0.03625,360,2021-10-01,0,335000.0
5022421,325000,2021-10-01,2129.03,0.0225,180,2021-10-01,0,325000.0
5022422,145000,2021-10-01,958.34,0.02375,180,2021-11-01,1,144328.63916666666
5022423,315000,2021-11-01,1326.36,0.029900000000000003,360,2021-11-01,0,315000.0
5022428,255000,2021-10-01,1073.72,0.029900000000000003,360,2021-10-01,0,255000.0
5022432,295000,2021-11-01,1223.94,0.02875,360,2021-11-01,0,295000.0
5022434,225000,2021-10-01,1246.72,0.029900000000000003,240,2021-10-01,0,225000.0
5022439,195000,2021-10-01,770.49,0.025,360,2021-10-01,0,195000.0
5022442,105000,2021-10-01,700.13,0.025,180,2021-10-01,0,105000.0
5022445,325000,2021-10-01,1326.79,0.0275,360,2021-10-01,0,325000.0
5022448,335000,2021-10-01,1435.06,0.03125,360,2021-10-01,0,335000.0
5022450,335000,2021-10-01,2154.22,0.0199,180,2021-10-01,0,335000.0
5022454,125000,2021-10-01,552.63,0.03375,360,2021-10-01,0,125000.0
5022456,125000,2021-10-01,818.86,0.0225,180,2021-10-01,0,125000.0
5022459,355000,2021-10-01,1494.79,0.029900000000000003,360,2021-10-01,0,355000.0
5022462,265000,2021-11-01,1115.83,0.029900000000000003,360,2021-11-01,0,265000.0
5022467,345000,2021-11-01,1452.68,0.029900000000000003,360,2021-11-01,0,345000.0
5022468,255000,2021-11-01,1670.47,0.0225,180,2021-11-01,0,255000.0
5022472,405000,2021-10-01,1705.32,0.029900000000000003,360,2021-10-01,0,405000.0
5022474,105000,2021-10-01,478.86,0.03625,360,2021-10-01,0,105000.0
5022475,245000,2021-10-01,1000.2,0.0275,360,2021-10-01,0,245000.0
5022479,145000,2021-10-01,631.05,0.0325,360,2021-10-01,0,145000.0
5022481,135000,2021-10-01,587.53,0.0325,360,2021-10-01,0,135000.0
5022484,355000,2021-10-01,1472.87,0.02875,360,2021-10-01,0,355000.0
5022485,165000,2021-10-01,684.58,0.02875,360,2021-10-01,0,165000.0
5022490,175000,2021-10-01,761.62,0.0325,360,2021-10-01,0,175000.0
5022493,385000,2021-10-01,1610.75,0.0294,360,2021-10-01,0,385000.0
5022494,175000,2021-09-01,743.32,0.025,324,2021-09-01,0,175000.0
5022498,275000,2021-10-01,1474.04,0.02625,240,2021-10-01,0,275000.0
5022501,165000,2021-10-01,694.76,0.029900000000000003,360,2021-10-01,0,165000.0
5022502,65000,2021-10-01,287.37,0.03375,360,2021-10-01,0,65000.0
5022507,265000,2021-10-01,1047.08,0.025,360,2021-10-01,0,265000.0
5022509,135000,2021-10-01,774.31,0.03375,240,2021-10-01,0,135000.0
5022514,655000,2021-10-01,2673.98,0.0275,360,2021-10-01,0,655000.0
5022518,255000,2021-10-01,1073.72,0.029900000000000003,360,2021-10-01,0,255000.0
5022521,245000,2021-10-01,1031.61,0.029900000000000003,360,2021-10-01,0,245000.0
5022526,125000,2021-10-01,818.86,0.0225,180,2021-10-01,0,125000.0
5022529,135000,2021-10-01,568.44,0.029900000000000003,360,2021-10-01,0,135000.0
5022533,315000,2021-10-01,1458.82,0.0375,360,2021-10-01,0,315000.0
5022535,235000,2021-10-01,975.0,0.02875,360,2021-10-01,0,235000.0
5022538,275000,2021-10-01,1215.77,0.03375,360,2021-10-01,0,275000.0
5022540,305000,2021-10-01,1998.01,0.0225,180,2021-10-01,0,305000.0
5022544,345000,2021-10-01,1501.47,0.0325,360,2021-10-01,0,345000.0
5022548,175000,2021-10-01,1177.21,0.02625,180,2021-10-01,0,175000.0
5022549,645000,2021-10-01,2785.89,0.0319,360,2021-10-01,0,645000.0
5022554,255000,2021-10-01,1041.02,0.0275,360,2021-10-01,0,255000.0
5022556,265000,2021-10-01,1081.84,0.0275,360,2021-10-01,0,265000.0
5022557,695000,2021-10-01,2837.28,0.0275,360,2021-10-01,0,695000.0
5022558,325000,2021-10-01,1368.47,0.029900000000000003,360,2021-10-01,0,325000.0
5022563,305000,2021-11-01,1284.25,0.029900000000000003,360,2021-11-01,0,305000.0
5022565,155000,2021-10-01,632.78,0.0275,360,2021-10-01,0,155000.0
5022566,105000,2021-10-01,456.97,0.0325,360,2021-10-01,0,105000.0
5022568,55000,2021-10-01,243.16,0.03375,360,2021-10-01,0,55000.0
5022573,335000,2021-10-01,1816.26,0.0275,240,2021-10-01,0,335000.0
5022578,675000,2021-10-01,2984.15,0.03375,360,2021-10-01,0,675000.0
5022582,165000,2021-10-01,904.8,0.02875,240,2021-10-01,0,165000.0
5022583,245000,2021-10-01,1604.96,0.0225,180,2021-10-01,0,245000.0
5022584,255000,2021-11-01,1094.44,0.031400000000000004,360,2021-11-01,0,255000.0
5022586,165000,2021-10-01,684.58,0.02875,360,2021-10-01,0,165000.0
5022590,545000,2021-10-01,2371.88,0.0325,360,2021-10-01,0,545000.0
5022591,415000,2021-10-01,2816.28,0.0275,180,2021-10-01,0,415000.0
5022596,315000,2021-10-01,2156.45,0.02875,180,2021-10-01,0,315000.0
5022597,285000,2021-10-01,1200.04,0.029900000000000003,360,2021-10-01,0,285000.0
5022601,165000,2021-11-01,684.58,0.02875,360,2021-11-01,0,165000.0
5022604,205000,2021-10-01,823.39,0.02625,360,2021-10-01,0,205000.0
5022608,185000,2021-10-01,755.25,0.0275,360,2021-10-01,0,185000.0
5022611,245000,2021-11-01,1016.49,0.02875,360,2021-11-01,0,245000.0
5022615,405000,2021-11-01,2604.35,0.0199,180,2021-11-01,0,405000.0
5022617,165000,2021-10-01,694.76,0.029900000000000003,360,2021-10-01,0,165000.0
5022621,155000,2021-11-01,849.96,0.02875,240,2021-11-01,0,155000.0
5022622,105000,2021-10-01,435.64,0.02875,360,2021-10-01,0,105000.0
5022625,195000,2021-10-01,1288.8,0.02375,180,2021-10-01,0,195000.0
5022629,375000,2021-10-01,1579.0,0.029900000000000003,360,2021-10-01,0,375000.0
5022633,155000,2021-11-01,652.66,0.029900000000000003,360,2021-11-01,0,155000.0
5022638,1405000,2021-10-01,5829.24,0.02875,360,2021-10-01,0,1405000.0
5022641,165000,2021-10-01,1109.94,0.02625,180,2021-10-01,0,165000.0
5022643,85000,2021-10-01,375.79,0.03375,360,2021-10-01,0,85000.0
5022644,385000,2021-10-01,1597.34,0.02875,360,2021-10-01,0,385000.0
5022649,405000,2021-10-01,1762.59,0.0325,360,2021-10-01,0,405000.0
5022654,245000,2021-10-01,1000.2,0.0275,360,2021-10-01,0,245000.0
5022658,335000,2021-10-01,1389.89,0.02875,360,2021-10-01,0,335000.0
5022663,215000,2021-10-01,935.7,0.0325,360,2021-10-01,0,215000.0
5022666,105000,2021-11-01,602.24,0.03375,240,2021-11-01,0,105000.0
5022671,365000,2021-10-01,1690.38,0.0375,360,2021-10-01,0,365000.0
5022672,535000,2021-10-01,3440.31,0.0199,180,2021-10-01,0,535000.0
5022677,335000,2021-11-01,1356.99,0.0269,360,2021-11-01,0,335000.0
5022678,195000,2021-11-01,2210.59,0.02125,96,2021-11-01,0,195000.0
5022682,235000,2021-10-01,989.51,0.029900000000000003,360,2021-10-01,0,235000.0
5022687,215000,2021-10-01,905.29,0.029900000000000003,360,2021-10-01,0,215000.0
5022692,945000,2021-10-01,3979.07,0.029900000000000003,360,2021-10-01,0,945000.0
5022694,145000,2021-10-01,601.6,0.02875,360,2021-10-01,0,145000.0
5022697,215000,2021-10-01,905.29,0.029900000000000003,360,2021-10-01,0,215000.0
5022701,205000,2021-10-01,892.18,0.0325,360,2021-10-01,0,205000.0
5022703,65000,2021-10-01,627.35,0.029900000000000003,120,2021-10-01,0,65000.0
5022704,175000,2021-10-01,1187.59,0.0275,180,2021-10-01,0,175000.0
5022709,255000,2021-10-01,1127.35,0.03375,360,2021-10-01,0,255000.0
5022711,215000,2021-10-01,905.29,0.029900000000000003,360,2021-10-01,0,215000.0
5022714,285000,2021-10-01,1259.98,0.03375,360,2021-10-01,0,285000.0
5022719,295000,2021-10-01,1223.94,0.02875,360,2021-10-01,0,295000.0
5022721,335000,2021-10-01,1367.61,0.0275,360,2021-10-01,0,335000.0
5022722,325000,2021-10-01,2148.0,0.02375,180,2021-10-01,0,325000.0
5022725,185000,2021-10-01,1114.12,0.025,204,2021-10-01,0,185000.0
5022728,295000,2021-10-01,1283.86,0.0325,360,2021-10-01,0,295000.0
5022731,75000,2021-10-01,370.46,0.03375,300,2021-10-01,0,75000.0
5022733,255000,2021-10-01,1032.93,0.0269,360,2021-10-01,0,255000.0
5022738,355000,2021-10-01,1449.26,0.0275,360,2021-10-01,0,355000.0
5022742,105000,2021-10-01,700.13,0.025,180,2021-10-01,0,105000.0
5022743,115000,2021-10-01,500.49,0.0325,360,2021-10-01,0,115000.0
5022748,135000,2021-10-01,908.14,0.02625,180,2021-10-01,0,135000.0
5022753,325000,2021-10-01,1762.05,0.0275,240,2021-10-01,0,325000.0
5022758,285000,2021-10-01,1832.69,0.0199,180,2021-10-01,0,285000.0
5022762,175000,2021-11-01,714.43,0.0275,360,2021-11-01,0,175000.0
5022764,235000,2021-10-01,1890.65,0.025,144,2021-10-01,0,235000.0
5022768,255000,2021-10-01,1715.36,0.02625,180,2021-10-01,0,255000.0
5022770,155000,2021-10-01,697.77,0.029900000000000003,324,2021-10-01,0,155000.0
5022772,195000,2021-10-01,848.66,0.0325,360,2021-10-01,0,195000.0
5022775,365000,2021-10-01,1978.91,0.0275,240,2021-10-01,0,365000.0
5022777,365000,2021-10-01,1536.89,0.029900000000000003,360,2021-10-01,0,365000.0
5022781,375000,2021-11-01,1657.87,0.03375,360,2021-11-01,0,375000.0
5022786,285000,2021-10-01,1200.04,0.029900000000000003,360,2021-10-01,0,285000.0
5022790,175000,2021-10-01,785.83,0.035,360,2021-10-01,0,175000.0
5022791,355000,2021-10-01,1494.79,0.029900000000000003,360,2021-10-01,0,355000.0
5022794,185000,2021-11-01,743.06,0.02625,360,2021-11-01,0,185000.0
5022796,185000,2021-10-01,1201.17,0.02125,180,2021-10-01,0,185000.0
5022797,305000,2021-10-01,1265.43,0.02875,360,2021-10-01,0,305000.0
5022802,255000,2021-10-01,1109.78,0.0325,360,2021-10-01,0,255000.0
5022807,275000,2021-11-01,1150.54,0.0294,360,2021-11-01,0,275000.0
5022809,255000,2021-10-01,1073.72,0.029900000000000003,360,2021-10-01,0,255000.0
5022811,265000,2021-11-01,1115.83,0.029900000000000003,360,2021-11-01,0,265000.0
5022816,225000,2021-11-01,903.72,0.02625,360,2021-11-01,0,225000.0
5022819,245000,2021-10-01,1000.2,0.0275,360,2021-10-01,0,245000.0
5022823,825000,2021-11-01,3473.79,0.029900000000000003,360,2021-11-01,0,825000.0
5022824,175000,2021-10-01,736.87,0.029900000000000003,360,2021-10-01,0,175000.0
5022827,255000,2021-10-01,1288.8,0.0199,240,2021-10-01,0,255000.0
5022829,135000,2021-10-01,748.04,0.029900000000000003,240,2021-10-01,0,135000.0
5022832,125000,2021-10-01,588.43,0.03375,324,2021-10-01,0,125000.0
5022833,165000,2021-10-01,914.27,0.029900000000000003,240,2021-10-01,0,165000.0
5022834,235000,2021-11-01,975.0,0.02875,360,2021-11-01,0,235000.0
5022838,545000,2021-11-01,2353.97,0.0319,360,2021-11-01,0,545000.0
5022841,165000,2021-10-01,754.59,0.03125,324,2021-10-01,0,165000.0
5022846,115000,2021-10-01,492.64,0.03125,360,2021-10-01,0,115000.0
5022847,345000,2021-09-01,1501.47,0.0325,360,2021-10-01,1,344432.905
5022848,175000,2021-10-01,773.67,0.03375,360,2021-10-01,0,175000.0
5022853,125000,2021-10-01,833.49,0.025,180,2021-10-01,0,125000.0
5022856,195000,2021-10-01,1080.49,0.029900000000000003,240,2021-10-01,0,195000.0
5022858,215000,2021-10-01,1459.04,0.0275,180,2021-10-01,0,215000.0
5022863,725000,2021-10-01,3007.98,0.02875,360,2021-10-01,0,725000.0
5022868,85000,2021-10-01,369.93,0.0325,360,2021-10-01,0,85000.0
5022871,205000,2021-10-01,1379.02,0.02625,180,2021-10-01,0,205000.0
5022874,135000,2021-10-01,587.53,0.0325,360,2021-10-01,0,135000.0
5022875,335000,2021-10-01,1323.66,0.025,360,2021-10-01,0,335000.0
5022879,115000,2021-10-01,912.02,0.0225,144,2021-10-01,0,115000.0
5022882,125000,2021-10-01,526.34,0.029900000000000003,360,2021-10-01,0,125000.0
5022887,125000,2021-10-01,833.49,0.025,180,2021-10-01,0,125000.0
5022891,225000,2021-10-01,963.85,0.03125,360,2021-10-01,0,225000.0
5022892,275000,2021-09-01,1178.04,0.03125,360,2021-10-01,1,274538.10583333333
5022893,345000,2021-10-01,1408.44,0.0275,360,2021-10-01,0,345000.0
5022896,215000,2021-11-01,1420.99,0.02375,180,2021-11-01,0,215000.0
5022898,425000,2021-10-01,2304.21,0.0275,240,2021-10-01,0,425000.0
5022902,305000,2021-10-01,1672.51,0.02875,240,2021-10-01,0,305000.0
5022903,115000,2021-10-01,500.49,0.0325,360,2021-10-01,0,115000.0
5022904,235000,2021-10-01,989.51,0.029900000000000003,360,2021-10-01,0,235000.0
5022907,495000,2021-10-01,2084.28,0.029900000000000003,360,2021-10-01,0,495000.0
5022911,175000,2021-10-01,959.64,0.02875,240,2021-10-01,0,175000.0
5022912,265000,2021-10-01,1115.83,0.029900000000000003,360,2021-10-01,0,265000.0
5022914,235000,2021-10-01,959.37,0.0275,360,2021-10-01,0,235000.0
5022915,255000,2021-10-01,1109.78,0.0325,360,2021-10-01,0,255000.0
5022919,145000,2021-10-01,899.41,0.02875,204,2021-10-01,0,145000.0
5022924,205000,2021-10-01,863.19,0.029900000000000003,360,2021-10-01,0,205000.0
5022925,175000,2021-10-01,785.83,0.035,360,2021-10-01,0,175000.0
5022926,235000,2021-10-01,989.51,0.029900000000000003,360,2021-10-01,0,235000.0
5022930,325000,2021-10-01,1458.01,0.025,300,2021-10-01,0,325000.0
5022931,345000,2021-10-01,2260.05,0.0225,180,2021-10-01,0,345000.0
5022935,95000,2021-11-01,633.45,0.025,180,2021-11-01,0,95000.0
5022938,235000,2021-11-01,1006.69,0.03125,360,2021-11-01,0,235000.0
5022941,225000,2021-10-01,979.22,0.0325,360,2021-10-01,0,225000.0
5022943,215000,2021-11-01,935.7,0.0325,360,2021-11-01,0,215000.0
5022948,285000,2021-10-01,1270.26,0.0344,360,2021-10-01,0,285000.0
5022951,135000,2021-10-01,568.44,0.029900000000000003,360,2021-10-01,0,135000.0
5022954,265000,2021-10-01,1115.83,0.029900000000000003,360,2021-10-01,0,265000.0
5022955,275000,2021-10-01,1068.8,0.02375,360,2021-10-01,0,275000.0
5022958,205000,2021-10-01,1295.73,0.0175,180,2021-10-01,0,205000.0
5022960,335000,2021-10-01,1367.61,0.0275,360,2021-10-01,0,335000.0
5022961,195000,2021-11-01,1311.75,0.02625,180,2021-11-01,0,195000.0
5022965,245000,2021-10-01,1648.09,0.02625,180,2021-10-01,0,245000.0
5022970,525000,2021-10-01,2503.41,0.039900000000000005,360,2021-10-01,0,525000.0
5022975,385000,2021-10-01,1675.55,0.0325,360,2021-10-01,0,385000.0
5022978,215000,2021-10-01,935.7,0.0325,360,2021-10-01,0,215000.0
5022980,175000,2021-10-01,785.83,0.035,360,2021-10-01,0,175000.0
5022981,185000,2021-10-01,778.98,0.029900000000000003,360,2021-10-01,0,185000.0
5022986,225000,2021-10-01,979.22,0.0325,360,2021-10-01,0,225000.0
5022991,105000,2021-10-01,487.21,0.0325,324,2021-10-01,0,105000.0
5022994,515000,2021-09-01,2136.7,0.02875,360,2021-09-01,0,515000.0
5022997,325000,2021-10-01,1394.88,0.031400000000000004,360,2021-10-01,0,325000.0
5023001,175000,2021-10-01,736.87,0.029900000000000003,360,2021-10-01,0,175000.0
5023006,245000,2021-10-01,1575.47,0.0199,180,2021-10-01,0,245000.0
5023008,405000,2021-10-01,1749.28,0.0319,360,2021-10-01,0,405000.0
5023010,175000,2021-10-01,736.87,0.029900000000000003,360,2021-10-01,0,175000.0
5023012,295000,2021-10-01,1242.15,0.029900000000000003,360,2021-10-01,0,295000.0
5023014,195000,2021-10-01,809.05,0.02875,360,2021-10-01,0,195000.0
5023018,315000,2021-10-01,1392.61,0.03375,360,2021-10-01,0,315000.0
5023020,675000,2021-10-01,2891.54,0.03125,360,2021-10-01,0,675000.0
5023025,245000,2021-10-01,1604.96,0.0225,180,2021-10-01,0,245000.0
5023026,135000,2021-10-01,560.11,0.02875,360,2021-10-01,0,135000.0
5023031,105000,2021-10-01,712.56,0.0275,180,2021-10-01,0,105000.0
5023036,175000,2021-10-01,714.43,0.0275,360,2021-10-01,0,175000.0
5023038,295000,2021-10-01,1223.94,0.02875,360,2021-10-01,0,295000.0
5023039,105000,2021-10-01,471.5,0.035,360,2021-10-01,0,105000.0
5023044,265000,2021-10-01,1468.36,0.029900000000000003,240,2021-10-01,0,265000.0
5023046,145000,2021-10-01,591.95,0.0275,360,2021-10-01,0,145000.0
5023050,445000,2021-10-01,1787.35,0.02625,360,2021-10-01,0,445000.0
5023052,95000,2021-10-01,639.06,0.02625,180,2021-10-01,0,95000.0
5023057,125000,2021-11-01,840.87,0.02625,180,2021-11-01,0,125000.0
5023060,375000,2021-10-01,1579.0,0.029900000000000003,360,2021-10-01,0,375000.0
5023062,115000,2021-11-01,508.42,0.03375,360,2021-11-01,0,115000.0
5023064,145000,2021-10-01,591.95,0.0275,360,2021-10-01,0,145000.0
5023066,165000,2021-10-01,673.6,0.0275,360,2021-10-01,0,165000.0
5023071,315000,2021-10-01,1306.92,0.02875,360,2021-10-01,0,315000.0
5023072,345000,2021-10-01,3193.82,0.02125,120,2021-10-01,0,345000.0
5023076,555000,2021-10-01,2302.66,0.02875,360,2021-10-01,0,555000.0
5023079,165000,2021-10-01,609.88,0.02,360,2021-10-01,0,165000.0
5023084,185000,2021-11-01,778.98,0.029900000000000003,360,2021-11-01,0,185000.0
5023086,235000,2021-10-01,1038.93,0.03375,360,2021-10-01,0,235000.0
5023090,525000,2021-10-01,2196.47,0.0294,360,2021-10-01,0,525000.0
5023093,305000,2021-10-01,1265.43,0.02875,360,2021-10-01,0,305000.0
5023097,295000,2021-10-01,1263.71,0.03125,360,2021-10-01,0,295000.0
5023100,305000,2021-10-01,1616.21,0.025,240,2021-10-01,0,305000.0
5023101,225000,2021-11-01,994.72,0.03375,360,2021-11-01,0,225000.0
5023104,195000,2021-10-01,842.25,0.0319,360,2021-10-01,0,195000.0
5023107,605000,2021-10-01,2450.68,0.0269,360,2021-10-01,0,605000.0
5023111,245000,2021-10-01,1000.2,0.0275,360,2021-10-01,0,245000.0
5023114,605000,2021-10-01,2547.45,0.029900000000000003,360,2021-10-01,0,605000.0
5023117,445000,2021-10-01,1936.67,0.0325,360,2021-10-01,0,445000.0
5023121,235000,2021-11-01,959.37,0.0275,360,2021-11-01,0,235000.0
5023126,335000,2021-10-01,1389.89,0.02875,360,2021-10-01,0,335000.0
5023130,105000,2021-05-01,737.81,0.0325,180,2021-09-01,4,103178.8783683333
5023132,145000,2021-10-01,610.55,0.029900000000000003,360,2021-10-01,0,145000.0
5023137,425000,2021-10-01,1789.53,0.029900000000000003,360,2021-10-01,0,425000.0
5023138,185000,2021-10-01,755.25,0.0275,360,2021-11-01,1,184668.70833333334
5023142,155000,2021-10-01,643.09,0.02875,360,2021-10-01,0,155000.0
5023144,295000,2021-10-01,1304.19,0.03375,360,2021-11-01,1,294525.4975
5023148,305000,2021-10-01,1317.36,0.0319,360,2021-10-01,0,305000.0
5023149,645000,2021-10-01,4377.11,0.0275,180,2021-10-01,0,645000.0
5023153,335000,2021-10-01,1481.03,0.03375,360,2021-11-01,1,334461.1575
5023154,595000,2021-11-01,2569.93,0.0319,360,2021-11-01,0,595000.0
5023157,205000,2021-10-01,878.17,0.03125,360,2021-10-01,0,205000.0
5023159,225000,2021-10-01,947.4,0.029900000000000003,360,2021-10-01,0,225000.0
5023160,255000,2021-11-01,1127.35,0.03375,360,2021-11-01,0,255000.0
5023164,215000,2021-10-01,870.91,0.0269,360,2021-10-01,0,215000.0
5023167,195000,2021-10-01,889.31,0.03625,360,2021-10-01,0,195000.0
5023171,315000,2021-10-01,2045.24,0.02125,180,2021-10-01,0,315000.0
5023175,505000,2021-10-01,2163.3,0.03125,360,2021-10-01,0,505000.0
5023180,195000,2021-10-01,848.66,0.0325,360,2021-10-01,0,195000.0
5023185,455000,2021-10-01,2954.23,0.02125,180,2021-11-01,1,452851.4991666667
5023187,135000,2021-10-01,583.1,0.0319,360,2021-10-01,0,135000.0
5023188,485000,2021-10-01,1964.59,0.0269,360,2021-10-01,0,485000.0
5023190,245000,2021-10-01,1000.2,0.0275,360,2021-10-01,0,245000.0
5023191,345000,2021-10-01,1597.75,0.0375,360,2021-10-01,0,345000.0
5023196,165000,2021-11-01,684.58,0.02875,360,2021-11-01,0,165000.0
5023199,245000,2021-10-01,1648.09,0.02625,180,2021-10-01,0,245000.0
5023201,225000,2021-10-01,903.72,0.02625,360,2021-11-01,1,224588.4675
5023205,145000,2021-10-01,610.55,0.029900000000000003,360,2021-10-01,0,145000.0
5023206,465000,2021-10-01,1957.96,0.029900000000000003,360,2021-10-01,0,465000.0
5023207,155000,2021-10-01,1051.87,0.0275,180,2021-10-01,0,155000.0
5023211,775000,2021-10-01,3163.87,0.0275,360,2021-10-01,0,775000.0
5023216,265000,2021-11-01,1099.47,0.02875,360,2021-11-01,0,265000.0
5023221,245000,2021-10-01,1066.26,0.0325,360,2021-10-01,0,245000.0
5023223,605000,2021-10-01,2613.12,0.0319,360,2021-10-01,0,605000.0
5023224,75000,2021-11-01,508.97,0.0275,180,2021-11-01,0,75000.0
5023227,305000,2021-10-01,2069.8,0.0275,180,2021-10-01,0,305000.0
5023231,425000,2021-11-01,1789.53,0.029900000000000003,360,2021-11-01,0,425000.0
5023234,185000,2021-11-01,805.14,0.0325,360,2021-11-01,0,185000.0
5023238,95000,2021-10-01,413.45,0.0325,360,2021-10-01,0,95000.0
5023240,165000,2021-10-01,776.73,0.03375,324,2021-10-01,0,165000.0
5023243,465000,2021-10-01,2990.18,0.0199,180,2021-10-01,0,465000.0
5023247,245000,2021-10-01,1016.49,0.02875,360,2021-10-01,0,245000.0
5023249,265000,2021-10-01,1099.47,0.02875,360,2021-10-01,0,265000.0
5023250,275000,2021-10-01,1150.54,0.0294,360,2021-10-01,0,275000.0
5023253,175000,2021-11-01,1146.4,0.0225,180,2021-11-01,0,175000.0
5023254,215000,2021-11-01,905.29,0.029900000000000003,360,2021-11-01,0,215000.0
5023255,355000,2021-10-01,1472.87,0.02875,360,2021-10-01,0,355000.0
5023259,215000,2021-10-01,950.51,0.03375,360,2021-10-01,0,215000.0
5023260,275000,2021-10-01,1187.79,0.0319,360,2021-10-01,0,275000.0
5023261,205000,2021-10-01,1162.76,0.0325,240,2021-10-01,0,205000.0
5023265,265000,2021-10-01,1081.84,0.0275,360,2021-10-01,0,265000.0
5023270,205000,2021-11-01,920.55,0.035,360,2021-11-01,0,205000.0
5023272,145000,2021-10-01,631.05,0.0325,360,2021-10-01,0,145000.0
5023274,85000,2021-10-01,375.79,0.03375,360,2021-10-01,0,85000.0
5023276,475000,2021-10-01,1939.15,0.0275,360,2021-10-01,0,475000.0
5023280,295000,2021-10-01,1242.15,0.029900000000000003,360,2021-10-01,0,295000.0
5023283,315000,2021-10-01,1306.92,0.02875,360,2021-10-01,0,315000.0
5023287,215000,2021-10-01,905.29,0.029900000000000003,360,2021-10-01,0,215000.0
5023290,245000,2021-10-01,1313.24,0.02625,240,2021-10-01,0,245000.0
5023291,355000,2021-10-01,1312.15,0.02,360,2021-10-01,0,355000.0
5023293,175000,2021-10-01,761.62,0.0325,360,2021-10-01,0,175000.0
5023298,485000,2021-11-01,3177.17,0.0225,180,2021-11-01,0,485000.0
5023303,205000,2021-10-01,836.9,0.0275,360,2021-10-01,0,205000.0
5023308,335000,2021-10-01,2154.22,0.0199,180,2021-10-01,0,335000.0
5023313,245000,2021-10-01,1343.49,0.02875,240,2021-10-01,0,245000.0
5023315,405000,2021-10-01,3020.08,0.02375,156,2021-10-01,0,405000.0
5023318,655000,2021-10-01,2805.86,0.03125,360,2021-10-01,0,655000.0
5023319,305000,2021-10-01,1225.04,0.02625,360,2021-10-01,0,305000.0
5023324,245000,2021-10-01,1619.26,0.02375,180,2021-10-01,0,245000.0
5023329,395000,2021-10-01,1600.03,0.0269,360,2021-10-01,0,395000.0
5023330,115000,2021-10-01,477.13,0.02875,360,2021-10-01,0,115000.0
5023333,205000,2021-10-01,906.3,0.03375,360,2021-10-01,0,205000.0
5023338,355000,2021-10-01,1472.87,0.02875,360,2021-10-01,0,355000.0
5023342,85000,2021-10-01,405.32,0.039900000000000005,360,2021-10-01,0,85000.0
5023347,105000,2021-10-01,435.64,0.02875,360,2021-10-01,0,105000.0
5023352,225000,2021-10-01,1246.72,0.029900000000000003,240,2021-10-01,0,225000.0
5023356,285000,2021-10-01,1182.45,0.02875,360,2021-10-01,0,285000.0
5023358,625000,2021-10-01,2631.66,0.029900000000000003,360,2021-10-01,0,625000.0
5023360,345000,2021-10-01,1408.44,0.0275,360,2021-10-01,0,345000.0
5023361,445000,2021-10-01,1936.67,0.0325,360,2021-10-01,0,445000.0
5023366,215000,2021-10-01,965.45,0.035,360,2021-10-01,0,215000.0
5023367,195000,2021-10-01,809.05,0.02875,360,2021-10-01,0,195000.0
5023370,365000,2021-10-01,1588.51,0.0325,360,2021-10-01,0,365000.0
5023372,235000,2021-11-01,1566.96,0.025,180,2021-11-01,0,235000.0
5023374,275000,2021-11-01,1068.8,0.02375,360,2021-11-01,0,275000.0
5023375,165000,2021-10-01,729.46,0.03375,360,2021-10-01,0,165000.0
5023377,1165000,2021-10-01,4833.5,0.02875,360,2021-10-01,0,1165000.0
5023380,325000,2021-11-01,2054.2,0.0175,180,2021-11-01,0,325000.0
5023381,275000,2021-11-01,1768.39,0.0199,180,2021-11-01,0,275000.0
5023384,105000,2021-10-01,687.84,0.0225,180,2021-10-01,0,105000.0
5023385,425000,2021-11-01,1820.6,0.03125,360,2021-11-01,0,425000.0
5023387,105000,2021-10-01,442.12,0.029900000000000003,360,2021-10-01,0,105000.0
5023389,715000,2021-10-01,3062.89,0.03125,360,2021-10-01,0,715000.0
5023391,545000,2021-10-01,2118.16,0.02375,360,2021-10-01,0,545000.0
5023395,165000,2021-10-01,904.8,0.02875,240,2021-10-01,0,165000.0
5023396,265000,2021-09-01,1202.24,0.0325,336,2021-09-01,0,265000.0
5023401,375000,2021-10-01,1555.85,0.02875,360,2021-10-01,0,375000.0
5023403,205000,2021-10-01,1391.18,0.0275,180,2021-10-01,0,205000.0
5023404,395000,2021-10-01,2496.65,0.0175,180,2021-10-01,0,395000.0
5023409,215000,2021-10-01,892.02,0.02875,360,2021-10-01,0,215000.0
5023411,385000,2021-10-01,1621.1,0.029900000000000003,360,2021-10-01,0,385000.0
5023415,235000,2021-10-01,1511.17,0.0199,180,2021-10-01,0,235000.0
5023417,105000,2021-10-01,724.61,0.029900000000000003,180,2021-10-01,0,105000.0
5023418,275000,2021-10-01,1490.96,0.0275,240,2021-10-01,0,275000.0
5023419,175000,2021-10-01,1146.4,0.0225,180,2021-10-01,0,175000.0
5023423,265000,2021-10-01,1171.56,0.03375,360,2021-10-01,0,265000.0
5023427,365000,2021-10-01,1478.51,0.0269,360,2021-10-01,0,365000.0
5023429,505000,2021-10-01,3308.18,0.0225,180,2021-10-01,0,505000.0
5023433,455000,2021-10-01,1915.85,0.029900000000000003,360,2021-10-01,0,455000.0
5023438,235000,2021-10-01,959.37,0.0275,360,2021-10-01,0,235000.0
5023442,65000,2021-11-01,441.11,0.0275,180,2021-11-01,0,65000.0
5023444,825000,2021-10-01,3422.87,0.02875,360,2021-10-01,0,825000.0
5023449,125000,2021-11-01,526.34,0.029900000000000003,360,2021-11-01,0,125000.0
5023454,155000,2021-10-01,669.48,0.0319,360,2021-10-01,0,155000.0
5023458,145000,2021-10-01,958.34,0.02375,180,2021-10-01,0,145000.0
5023462,195000,2021-10-01,1827.2,0.02375,120,2021-10-01,0,195000.0
5023464,95000,2021-10-01,400.02,0.029900000000000003,360,2021-10-01,0,95000.0
5023468,225000,2021-10-01,994.72,0.03375,360,2021-10-01,0,225000.0
5023469,205000,2021-10-01,1331.03,0.02125,180,2021-10-01,0,205000.0
5023474,235000,2021-10-01,989.51,0.029900000000000003,360,2021-10-01,0,235000.0
5023477,75000,2021-10-01,567.98,0.02625,156,2021-10-01,0,75000.0
5023479,185000,2021-10-01,1244.48,0.02625,180,2021-10-01,0,185000.0
5023484,175000,2021-11-01,948.8,0.0275,240,2021-11-01,0,175000.0
5023486,125000,2021-11-01,840.87,0.02625,180,2021-11-01,0,125000.0
5023489,255000,2021-10-01,1057.98,0.02875,360,2021-10-01,0,255000.0
5023491,285000,2021-10-01,1220.88,0.03125,360,2021-10-01,0,285000.0
5023493,245000,2021-10-01,1100.16,0.035,360,2021-10-01,0,245000.0
5023496,445000,2021-10-01,1816.68,0.0275,360,2021-10-01,0,445000.0
5023499,285000,2021-10-01,1240.34,0.0325,360,2021-10-01,0,285000.0
5023503,455000,2021-09-01,1857.5,0.0275,360,2021-09-01,0,455000.0
5023506,455000,2021-10-01,1903.61,0.0294,360,2021-10-01,0,455000.0
5023507,205000,2021-10-01,863.19,0.029900000000000003,360,2021-10-01,0,205000.0
5023509,805000,2021-10-01,3286.35,0.0275,360,2021-10-01,0,805000.0
5023512,305000,2021-10-01,1284.25,0.029900000000000003,360,2021-10-01,0,305000.0
5023515,135000,2021-10-01,568.44,0.029900000000000003,360,2021-10-01,0,135000.0
5023516,145000,2021-10-01,958.34,0.02375,180,2021-10-01,0,145000.0
5023517,235000,2021-10-01,1288.65,0.02875,240,2021-10-01,0,235000.0
5023519,265000,2021-10-01,1099.47,0.02875,360,2021-10-01,0,265000.0
5023521,255000,2021-11-01,1700.32,0.025,180,2021-11-01,0,255000.0
5023523,165000,2021-10-01,1119.73,0.0275,180,2021-10-01,0,165000.0
5023524,145000,2021-10-01,591.95,0.0275,360,2021-10-01,0,145000.0
5023525,135000,2021-10-01,533.42,0.025,360,2021-10-01,0,135000.0
5023526,525000,2021-10-01,2178.19,0.02875,360,2021-10-01,0,525000.0
5023530,225000,2021-10-01,947.4,0.029900000000000003,360,2021-10-01,0,225000.0
5023534,105000,2021-10-01,693.97,0.02375,180,2021-10-01,0,105000.0
5023536,115000,2021-10-01,524.46,0.03625,360,2021-10-01,0,115000.0
5023540,195000,2021-10-01,1311.75,0.02625,180,2021-10-01,0,195000.0
5023541,175000,2021-10-01,1166.89,0.025,180,2021-10-01,0,175000.0
5023543,175000,2021-10-01,1156.62,0.02375,180,2021-10-01,0,175000.0
5023544,485000,2021-10-01,2110.76,0.0325,360,2021-10-01,0,485000.0
5023547,455000,2021-10-01,1915.85,0.029900000000000003,360,2021-10-01,0,455000.0
5023551,355000,2021-10-01,1746.39,0.0425,360,2021-10-01,0,355000.0
5023553,245000,2021-10-01,1000.2,0.0275,360,2021-10-01,0,245000.0
5023554,685000,2021-10-01,2981.17,0.0325,360,2021-10-01,0,685000.0
5023559,275000,2021-10-01,1140.96,0.02875,360,2021-10-01,0,275000.0
5023562,225000,2021-10-01,994.72,0.03375,360,2021-10-01,0,225000.0
5023565,105000,2021-10-01,456.97,0.0325,360,2021-10-01,0,105000.0
5023566,385000,2021-10-01,2016.77,0.02375,240,2021-10-01,0,385000.0
5023570,105000,2021-10-01,724.61,0.029900000000000003,180,2021-10-01,0,105000.0
5023574,175000,2021-10-01,864.41,0.03375,300,2021-10-01,0,175000.0
5023579,255000,2021-10-01,1073.72,0.029900000000000003,360,2021-10-01,0,255000.0
5023580,445000,2021-10-01,2861.57,0.0199,180,2021-10-01,0,445000.0
5023581,355000,2021-11-01,1881.16,0.025,240,2021-11-01,0,355000.0
5023582,215000,2021-10-01,1139.3,0.025,240,2021-10-01,0,215000.0
5023587,175000,2021-11-01,726.07,0.02875,360,2021-11-01,0,175000.0
5023591,255000,2021-10-01,1127.35,0.03375,360,2021-10-01,0,255000.0
5023596,345000,2021-10-01,1431.38,0.02875,360,2021-10-01,0,345000.0
5023598,225000,2021-11-01,1473.95,0.0225,180,2021-11-01,0,225000.0
5023602,265000,2021-10-01,1239.5,0.02875,300,2021-10-01,0,265000.0
5023606,175000,2021-10-01,927.34,0.025,240,2021-10-01,0,175000.0
5023610,525000,2021-10-01,2486.88,0.029900000000000003,300,2021-10-01,0,525000.0
5023615,265000,2021-10-01,1115.83,0.029900000000000003,360,2021-10-01,0,265000.0
5023619,295000,2021-10-01,1527.54,0.0225,240,2021-10-01,0,295000.0
5023621,85000,2021-10-01,357.91,0.029900000000000003,360,2021-10-01,0,85000.0
5023622,165000,2021-10-01,694.76,0.029900000000000003,360,2021-10-01,0,165000.0
5023623,265000,2021-10-01,1189.97,0.035,360,2021-10-01,0,265000.0
5023627,455000,2021-11-01,1980.19,0.0325,360,2021-11-01,0,455000.0
5023629,315000,2021-11-01,1370.9,0.0325,360,2021-11-01,0,315000.0
5023633,575000,2021-11-01,2385.64,0.02875,360,2021-11-01,0,575000.0
5023635,135000,2021-11-01,634.83,0.03875,360,2021-11-01,0,135000.0
5023637,225000,2021-10-01,933.51,0.02875,360,2021-10-01,0,225000.0
5023641,105000,2021-10-01,435.64,0.02875,360,2021-10-01,0,105000.0
5023644,255000,2021-11-01,991.07,0.02375,360,2021-11-01,0,255000.0
5023649,355000,2021-11-01,2367.11,0.025,180,2021-11-01,0,355000.0
5023653,285000,2021-11-01,1200.04,0.029900000000000003,360,2021-11-01,0,285000.0
5023655,135000,2021-11-01,740.29,0.02875,240,2021-11-01,0,135000.0
5023660,125000,2021-11-01,840.87,0.02625,180,2021-11-01,0,125000.0
5023663,365000,2021-10-01,1536.89,0.029900000000000003,360,2021-10-01,0,365000.0
5023665,115000,2021-10-01,477.13,0.02875,360,2021-10-01,0,115000.0
5023669,475000,2021-10-01,3054.48,0.0199,180,2021-10-01,0,475000.0
5023674,255000,2021-10-01,1745.7,0.02875,180,2021-10-01,0,255000.0
5023678,265000,2021-10-01,1115.83,0.029900000000000003,360,2021-10-01,0,265000.0
5023681,335000,2021-10-01,1435.06,0.03125,360,2021-10-01,0,335000.0
5023684,165000,2021-10-01,718.1,0.0325,360,2021-10-01,0,165000.0
5023686,145000,2021-10-01,582.4,0.02625,360,2021-10-01,0,145000.0
5023689,225000,2021-10-01,1487.08,0.02375,180,2021-10-01,0,225000.0
5023692,415000,2021-11-01,1863.54,0.035,360,2021-11-01,0,415000.0
5023696,175000,2021-10-01,1166.89,0.025,180,2021-10-01,0,175000.0
5023700,215000,2021-10-01,935.7,0.0325,360,2021-10-01,0,215000.0
5023705,365000,2021-11-01,2518.87,0.029900000000000003,180,2021-11-01,0,365000.0
5023707,125000,2021-10-01,510.31,0.0275,360,2021-10-01,0,125000.0
5023708,305000,2021-10-01,2418.82,0.0225,144,2021-10-01,0,305000.0
5023709,165000,2021-10-01,1109.94,0.02625,180,2021-10-01,0,165000.0
5023712,125000,2021-10-01,677.71,0.0275,240,2021-10-01,0,125000.0
5023717,125000,2021-10-01,544.01,0.0325,360,2021-10-01,0,125000.0
5023718,695000,2021-10-01,2883.51,0.02875,360,2021-10-01,0,695000.0
5023719,595000,2021-10-01,2505.34,0.029900000000000003,360,2021-10-01,0,595000.0
5023720,135000,2021-10-01,1522.32,0.0199,96,2021-10-01,0,135000.0
5023723,75000,2021-10-01,513.44,0.02875,180,2021-10-01,0,75000.0
5023726,415000,2021-10-01,2646.75,0.01875,180,2021-10-01,0,415000.0
5023730,725000,2021-10-01,3105.73,0.03125,360,2021-10-01,0,725000.0
5023735,85000,2021-10-01,576.83,0.0275,180,2021-10-01,0,85000.0
5023740,255000,2021-10-01,1655.67,0.02125,180,2021-10-01,0,255000.0
5023745,125000,2021-10-01,624.11,0.04375,360,2021-10-01,0,125000.0
5023746,595000,2021-10-01,2651.93,0.0344,360,2021-10-01,0,595000.0
5023748,255000,2021-10-01,1041.02,0.0275,360,2021-10-01,0,255000.0
5023752,375000,2021-11-01,1987.14,0.025,240,2021-11-01,0,375000.0
5023753,145000,2021-10-01,949.88,0.0225,180,2021-10-01,0,145000.0
5023757,215000,2021-10-01,965.45,0.035,360,2021-10-01,0,215000.0
5023760,305000,2021-10-01,1265.43,0.02875,360,2021-10-01,0,305000.0
5023762,115000,2021-10-01,652.28,0.0325,240,2021-10-01,0,115000.0
5023766,175000,2021-10-01,736.87,0.029900000000000003,360,2021-10-01,0,175000.0
5023771,85000,2021-09-01,586.59,0.029900000000000003,180,2021-10-01,1,84625.20166666668
5023774,175000,2021-10-01,726.07,0.02875,360,2021-10-01,0,175000.0
5023777,205000,2021-10-01,850.53,0.02875,360,2021-10-01,0,205000.0
5023782,295000,2021-10-01,1283.86,0.0325,360,2021-10-01,0,295000.0
5023787,425000,2021-10-01,1849.63,0.0325,360,2021-10-01,0,425000.0
5023792,105000,2021-11-01,442.12,0.029900000000000003,360,2021-11-01,0,105000.0
5023797,215000,2021-10-01,950.51,0.03375,360,2021-10-01,0,215000.0
5023800,345000,2021-10-01,1452.68,0.029900000000000003,360,2021-10-01,0,345000.0
5023805,715000,2021-10-01,2966.49,0.02875,360,2021-10-01,0,715000.0
5023808,105000,2021-10-01,687.84,0.0225,180,2021-10-01,0,105000.0
5023809,235000,2021-10-01,989.51,0.029900000000000003,360,2021-10-01,0,235000.0
5023812,135000,2021-10-01,931.64,0.029900000000000003,180,2021-10-01,0,135000.0
5023813,215000,2021-10-01,1408.44,0.0225,180,2021-10-01,0,215000.0
5023817,145000,2021-10-01,958.34,0.02375,180,2021-10-01,0,145000.0
5023818,405000,2021-10-01,1680.32,0.02875,360,2021-10-01,0,405000.0
5023822,155000,2021-10-01,643.09,0.02875,360,2021-10-01,0,155000.0
5023827,185000,2021-10-01,778.98,0.029900000000000003,360,2021-10-01,0,185000.0
5023831,265000,2021-10-01,1115.83,0.029900000000000003,360,2021-10-01,0,265000.0
5023835,175000,2021-10-01,714.43,0.0275,360,2021-10-01,0,175000.0
5023840,275000,2021-10-01,1140.96,0.02875,360,2021-10-01,0,275000.0
5023843,395000,2021-10-01,1612.56,0.0275,360,2021-10-01,0,395000.0
5023844,405000,2021-10-01,2170.86,0.02625,240,2021-10-01,0,405000.0
5023848,185000,2021-10-01,778.98,0.029900000000000003,360,2021-10-01,0,185000.0
5023851,345000,2021-10-01,1870.48,0.0275,240,2021-10-01,0,345000.0
5023854,205000,2021-10-01,892.18,0.0325,360,2021-10-01,0,205000.0
5023856,265000,2021-10-01,1587.97,0.029900000000000003,216,2021-10-01,0,265000.0
5023860,115000,2021-10-01,780.42,0.0275,180,2021-10-01,0,115000.0
5023865,145000,2021-10-01,932.43,0.0199,180,2021-10-01,0,145000.0
5023870,105000,2021-10-01,700.13,0.025,180,2021-10-01,0,105000.0
5023872,205000,2021-10-01,1354.89,0.02375,180,2021-10-01,0,205000.0
5023876,185000,2021-10-01,1014.47,0.02875,240,2021-10-01,0,185000.0
5023879,75000,2021-10-01,347.34,0.0375,360,2021-10-01,0,75000.0
5023880,345000,2021-10-01,1477.9,0.03125,360,2021-10-01,0,345000.0
5023882,465000,2021-10-01,1929.26,0.02875,360,2021-10-01,0,465000.0
5023883,515000,2021-10-01,3373.69,0.0225,180,2021-10-01,0,515000.0
5023884,125000,2021-10-01,535.47,0.03125,360,2021-10-01,0,125000.0
5023887,1265000,2021-10-01,5164.26,0.0275,360,2021-10-01,0,1265000.0
5023890,175000,2021-10-01,736.87,0.029900000000000003,360,2021-10-01,0,175000.0
5023894,165000,2021-11-01,1090.52,0.02375,180,2021-11-01,0,165000.0
5023897,485000,2021-10-01,2012.23,0.02875,360,2021-10-01,0,485000.0
5023902,545000,2021-11-01,2294.81,0.029900000000000003,360,2021-11-01,0,545000.0
5023906,105000,2021-10-01,428.66,0.0275,360,2021-10-01,0,105000.0
5023910,215000,2021-10-01,905.29,0.029900000000000003,360,2021-10-01,0,215000.0
5023912,155000,2021-10-01,849.96,0.02875,240,2021-10-01,0,155000.0
5023913,455000,2021-11-01,1949.11,0.03125,360,2021-11-01,0,455000.0
5023917,565000,2021-11-01,3668.44,0.02125,180,2021-11-01,0,565000.0
5023919,535000,2021-11-01,2291.81,0.03125,360,2021-11-01,0,535000.0
5023920,345000,2021-10-01,2260.05,0.0225,180,2021-10-01,0,345000.0
5023924,275000,2021-10-01,1157.93,0.029900000000000003,360,2021-10-01,0,275000.0
5023928,105000,2021-10-01,449.8,0.03125,360,2021-10-01,0,105000.0
5023933,115000,2021-10-01,492.64,0.03125,360,2021-10-01,0,115000.0
5023935,385000,2021-11-01,1597.34,0.02875,360,2021-11-01,0,385000.0
5023940,215000,2021-11-01,950.51,0.03375,360,2021-11-01,0,215000.0
5023942,95000,2021-10-01,650.36,0.02875,180,2021-10-01,0,95000.0
5023946,205000,2021-10-01,863.19,0.029900000000000003,360,2021-10-01,0,205000.0
5023950,645000,2021-10-01,2896.34,0.035,360,2021-10-01,0,645000.0
5023955,235000,2021-10-01,975.0,0.02875,360,2021-10-01,0,235000.0
5023956,585000,2021-11-01,2349.66,0.02625,360,2021-11-01,0,585000.0
5023958,175000,2021-10-01,726.07,0.02875,360,2021-10-01,0,175000.0
5023960,165000,2021-10-01,694.76,0.029900000000000003,360,2021-10-01,0,165000.0
5023961,145000,2021-11-01,1166.57,0.025,144,2021-11-01,0,145000.0
5023964,365000,2021-11-01,1514.36,0.02875,360,2021-11-01,0,365000.0
5023967,125000,2021-11-01,685.46,0.02875,240,2021-11-01,0,125000.0
5023971,215000,2021-10-01,899.51,0.0294,360,2021-10-01,0,215000.0
5023974,125000,2021-10-01,578.9,0.0375,360,2021-11-01,1,124811.725
5023975,245000,2021-10-01,1100.16,0.035,360,2021-10-01,0,245000.0
5023976,925000,2021-10-01,3837.76,0.02875,360,2021-10-01,0,925000.0
5023980,665000,2021-10-01,2499.75,0.02125,360,2021-11-01,1,663677.8541666666
5023984,245000,2021-11-01,1016.49,0.02875,360,2021-11-01,0,245000.0
5023989,175000,2021-10-01,959.64,0.02875,240,2021-10-01,0,175000.0
5023992,105000,2021-09-01,1001.82,0.0275,120,2021-09-01,0,105000.0
5023993,85000,2021-11-01,352.66,0.02875,360,2021-11-01,0,85000.0
5023998,195000,2021-10-01,796.08,0.0275,360,2021-10-01,0,195000.0
5024001,385000,2021-11-01,1783.0,0.0375,360,2021-11-01,0,385000.0
5024003,385000,2021-10-01,1715.96,0.0344,360,2021-10-01,0,385000.0
5024008,425000,2021-10-01,2278.06,0.02625,240,2021-10-01,0,425000.0
5024009,125000,2021-10-01,578.9,0.0375,360,2021-10-01,0,125000.0
5024012,225000,2021-11-01,763.1,0.01375,360,2021-11-01,0,225000.0
5024017,545000,2021-09-01,2822.06,0.0225,240,2021-09-01,0,545000.0
5024019,475000,2021-10-01,3054.48,0.0199,180,2021-10-01,0,475000.0
5024022,305000,2021-11-01,1245.14,0.0275,360,2021-11-01,0,305000.0
5024023,415000,2021-10-01,1694.21,0.0275,360,2021-10-01,0,415000.0
5024025,235000,2021-10-01,1038.93,0.03375,360,2021-10-01,0,235000.0
5024026,255000,2021-11-01,1092.36,0.03125,360,2021-11-01,0,255000.0
5024031,285000,2021-10-01,1200.04,0.029900000000000003,360,2021-10-01,0,285000.0
5024032,145000,2021-11-01,949.88,0.0225,180,2021-11-01,0,145000.0
5024033,105000,2021-10-01,478.86,0.03625,360,2021-10-01,0,105000.0
5024036,205000,2021-10-01,1403.41,0.02875,180,2021-10-01,0,205000.0
5024041,225000,2021-10-01,933.51,0.02875,360,2021-10-01,0,225000.0
5024045,325000,2021-10-01,1326.79,0.0275,360,2021-10-01,0,325000.0
5024047,775000,2021-10-01,3215.42,0.02875,360,2021-10-01,0,775000.0
5024051,375000,2021-11-01,1530.91,0.0275,360,2021-11-01,0,375000.0
5024054,135000,2021-11-01,774.31,0.03375,240,2021-11-01,0,135000.0
5024056,105000,2021-10-01,471.5,0.035,360,2021-10-01,0,105000.0
5024060,255000,2021-10-01,1041.02,0.0275,360,2021-10-01,0,255000.0
5024065,285000,2021-10-01,1259.98,0.03375,360,2021-10-01,0,285000.0
5024069,165000,2021-10-01,712.67,0.0319,360,2021-10-01,0,165000.0
5024073,245000,2021-10-01,1031.61,0.029900000000000003,360,2021-10-01,0,245000.0
5024078,275000,2021-09-01,1140.96,0.02875,360,2021-09-01,0,275000.0
5024081,95000,2021-10-01,515.06,0.0275,240,2021-10-01,0,95000.0
5024086,455000,2021-10-01,1843.07,0.0269,360,2021-10-01,0,455000.0
5024087,255000,2021-11-01,1109.78,0.0325,360,2021-11-01,0,255000.0
5024092,205000,2021-10-01,892.18,0.0325,360,2021-10-01,0,205000.0
5024095,155000,2021-10-01,706.88,0.03625,360,2021-10-01,0,155000.0
5024099,385000,2021-10-01,1684.82,0.0275,324,2021-10-01,0,385000.0
5024102,135000,2021-10-01,596.83,0.03375,360,2021-10-01,0,135000.0
5024104,345000,2021-10-01,1501.47,0.0325,360,2021-10-01,0,345000.0
5024107,215000,2021-10-01,892.02,0.02875,360,2021-10-01,0,215000.0
5024110,145000,2021-10-01,795.13,0.02875,240,2021-10-01,0,145000.0
5024114,205000,2021-10-01,1403.41,0.02875,180,2021-10-01,0,205000.0
5024117,195000,2021-10-01,2243.25,0.025,96,2021-10-01,0,195000.0
5024121,375000,2021-10-01,1579.0,0.029900000000000003,360,2021-10-01,0,375000.0
5024123,585000,2021-10-01,2526.74,0.0319,360,2021-10-01,0,585000.0
5024124,135000,2021-11-01,560.11,0.02875,360,2021-11-01,0,135000.0
5024129,75000,2021-11-01,326.41,0.0325,360,2021-11-01,0,75000.0
5024133,405000,2021-10-01,1694.42,0.0294,360,2021-10-01,0,405000.0
5024135,165000,2021-10-01,718.1,0.0325,360,2021-10-01,0,165000.0
5024140,715000,2021-10-01,3517.38,0.0425,360,2021-10-01,0,715000.0
5024143,245000,2021-10-01,1031.61,0.029900000000000003,360,2021-10-01,0,245000.0
5024146,225000,2021-10-01,994.72,0.03375,360,2021-10-01,0,225000.0
5024151,375000,2021-10-01,1657.87,0.03375,360,2021-10-01,0,375000.0
5024154,235000,2021-10-01,1539.45,0.0225,180,2021-10-01,0,235000.0
5024159,315000,2021-10-01,2045.24,0.02125,180,2021-10-01,0,315000.0
5024161,445000,2021-10-01,2993.47,0.02625,180,2021-10-01,0,445000.0
5024164,445000,2021-10-01,1873.74,0.029900000000000003,360,2021-10-01,0,445000.0
5024167,285000,2021-10-01,1182.45,0.02875,360,2021-10-01,0,285000.0
5024172,235000,2021-10-01,1055.26,0.035,360,2021-10-01,0,235000.0
5024173,695000,2021-11-01,3024.69,0.0325,360,2021-11-01,0,695000.0
5024175,395000,2021-10-01,1663.21,0.029900000000000003,360,2021-10-01,0,395000.0
5024179,415000,2021-10-01,2173.92,0.02375,240,2021-10-01,0,415000.0
5024180,325000,2021-11-01,1414.43,0.0325,360,2021-11-01,0,325000.0
5024185,175000,2021-10-01,785.83,0.035,360,2021-10-01,0,175000.0
5024188,235000,2021-10-01,1038.93,0.03375,360,2021-10-01,0,235000.0
5024193,505000,2021-10-01,2095.21,0.02875,360,2021-10-01,0,505000.0
5024195,205000,2021-11-01,850.53,0.02875,360,2021-11-01,0,205000.0
5024196,235000,2021-11-01,989.51,0.029900000000000003,360,2021-11-01,0,235000.0
5024198,225000,2021-11-01,1500.28,0.025,180,2021-11-01,0,225000.0
5024200,205000,2021-10-01,850.53,0.02875,360,2021-10-01,0,205000.0
5024202,155000,2021-10-01,1033.53,0.025,180,2021-10-01,0,155000.0
5024203,235000,2021-10-01,989.51,0.029900000000000003,360,2021-10-01,0,235000.0
5024207,275000,2021-10-01,1104.54,0.02625,360,2021-10-01,0,275000.0
5024211,295000,2021-10-01,1283.86,0.0325,360,2021-10-01,0,295000.0
5024215,105000,2021-10-01,562.82,0.02625,240,2021-10-01,0,105000.0
5024219,465000,2021-10-01,1957.96,0.029900000000000003,360,2021-10-01,0,465000.0
5024223,425000,2021-10-01,2071.1,0.0325,300,2021-10-01,0,425000.0
5024227,265000,2021-10-01,1081.84,0.0275,360,2021-10-01,0,265000.0
5024229,155000,2021-10-01,1033.53,0.025,180,2021-10-01,0,155000.0
5024232,245000,2021-10-01,1016.49,0.02875,360,2021-10-01,0,245000.0
5024236,95000,2021-10-01,400.02,0.029900000000000003,360,2021-10-01,0,95000.0
5024238,205000,2021-10-01,1318.25,0.0199,180,2021-10-01,0,205000.0
5024243,365000,2021-11-01,1536.89,0.029900000000000003,360,2021-11-01,0,365000.0
5024248,515000,2021-10-01,1903.55,0.02,360,2021-10-01,0,515000.0
5024253,315000,2021-11-01,1326.36,0.029900000000000003,360,2021-11-01,0,315000.0
5024257,175000,2021-10-01,726.07,0.02875,360,2021-10-01,0,175000.0
5024261,365000,2021-10-01,1588.51,0.0325,360,2021-10-01,0,365000.0
5024265,185000,2021-10-01,1014.47,0.02875,240,2021-10-01,0,185000.0
5024267,525000,2021-10-01,2178.19,0.02875,360,2021-10-01,0,525000.0
5024272,215000,2021-10-01,935.7,0.0325,360,2021-10-01,0,215000.0
5024274,115000,2021-10-01,484.23,0.029900000000000003,360,2021-10-01,0,115000.0
5024276,215000,2021-10-01,1420.99,0.02375,180,2021-10-01,0,215000.0
5024278,105000,2021-10-01,464.21,0.03375,360,2021-10-01,0,105000.0
5024280,155000,2021-10-01,1033.53,0.025,180,2021-10-01,0,155000.0
5024282,175000,2021-10-01,761.62,0.0325,360,2021-10-01,0,175000.0
5024286,115000,2021-10-01,484.23,0.029900000000000003,360,2021-11-01,1,114802.31166666668
5024289,195000,2021-10-01,1277.42,0.0225,180,2021-10-01,0,195000.0
5024292,205000,2021-10-01,892.18,0.0325,360,2021-10-01,0,205000.0
5024294,175000,2021-10-01,714.43,0.0275,360,2021-10-01,0,175000.0
5024298,115000,2021-10-01,484.23,0.029900000000000003,360,2021-11-01,1,114802.31166666668
5024302,185000,2021-11-01,778.98,0.029900000000000003,360,2021-11-01,0,185000.0
5024303,135000,2021-11-01,916.14,0.0275,180,2021-11-01,0,135000.0
5024304,185000,2021-10-01,1255.46,0.0275,180,2021-10-01,0,185000.0
5024305,465000,2021-10-01,3208.97,0.029900000000000003,180,2021-11-01,1,462949.655
5024306,345000,2021-10-01,1978.78,0.03375,240,2021-10-01,0,345000.0
5024311,205000,2021-10-01,850.53,0.02875,360,2021-10-01,0,205000.0
5024314,505000,2021-10-01,3337.66,0.02375,180,2021-10-01,0,505000.0
5024316,135000,2021-10-01,578.31,0.03125,360,2021-10-01,0,135000.0
5024320,145000,2021-10-01,572.93,0.025,360,2021-10-01,0,145000.0
5024323,275000,2021-10-01,1157.93,0.029900000000000003,360,2021-10-01,0,275000.0
5024325,145000,2021-11-01,610.55,0.029900000000000003,360,2021-11-01,0,145000.0
5024328,445000,2021-10-01,1816.68,0.0275,360,2021-10-01,0,445000.0
5024330,225000,2021-10-01,903.72,0.02625,360,2021-10-01,0,225000.0
5024331,945000,2021-10-01,4048.15,0.03125,360,2021-10-01,0,945000.0
5024333,215000,2021-11-01,1459.04,0.0275,180,2021-11-01,0,215000.0
5024334,115000,2021-10-01,630.62,0.02875,240,2021-11-01,1,114644.90083333333
5024335,235000,2021-10-01,2202.02,0.02375,120,2021-11-01,1,233263.08416666667
5024340,645000,2021-10-01,2676.06,0.02875,360,2021-10-01,0,645000.0
5024341,105000,2021-10-01,712.56,0.0275,180,2021-10-01,0,105000.0
5024345,405000,2021-10-01,1548.1,0.0225,360,2021-10-01,0,405000.0
5024350,345000,2021-11-01,2260.05,0.0225,180,2021-11-01,0,345000.0
5024352,365000,2021-10-01,1514.36,0.02875,360,2021-10-01,0,365000.0
5024354,155000,2021-10-01,674.57,0.0325,360,2021-10-01,0,155000.0
5024358,305000,2021-10-01,1369.59,0.035,360,2021-11-01,1,304519.9933333333
5024360,145000,2021-11-01,601.6,0.02875,360,2021-11-01,0,145000.0
5024361,545000,2021-10-01,2083.25,0.0225,360,2021-10-01,0,545000.0
5024364,455000,2021-10-01,1887.77,0.02875,360,2021-10-01,0,455000.0
5024369,75000,2021-10-01,347.34,0.0375,360,2021-10-01,0,75000.0
5024372,225000,2021-11-01,947.4,0.029900000000000003,360,2021-11-01,0,225000.0
5024375,135000,2021-10-01,596.83,0.03375,360,2021-10-01,0,135000.0
5024379,545000,2021-10-01,2334.65,0.03125,360,2021-10-01,0,545000.0
5024382,125000,2021-10-01,510.31,0.0275,360,2021-10-01,0,125000.0
5024384,75000,2021-10-01,850.23,0.02125,96,2021-10-01,0,75000.0
5024385,315000,2021-10-01,1285.96,0.0275,360,2021-10-01,0,315000.0
5024389,155000,2021-10-01,632.78,0.0275,360,2021-10-01,0,155000.0
5024393,1475000,2021-10-01,6520.92,0.03375,360,2021-10-01,0,1475000.0
5024395,75000,2021-10-01,531.57,0.03375,180,2021-10-01,0,75000.0
5024396,105000,2021-10-01,464.21,0.03375,360,2021-10-01,0,105000.0
5024401,685000,2021-10-01,2842.02,0.02875,360,2021-10-01,0,685000.0
5024405,445000,2021-10-01,1933.56,0.0269,324,2021-10-01,0,445000.0
5024406,345000,2021-10-01,1408.44,0.0275,360,2021-10-01,0,345000.0
5024410,275000,2021-10-01,1068.8,0.02375,360,2021-10-01,0,275000.0
5024413,345000,2021-10-01,1431.38,0.02875,360,2021-10-01,0,345000.0
5024416,205000,2021-10-01,1366.92,0.025,180,2021-10-01,0,205000.0
5024418,815000,2021-10-01,3381.38,0.02875,360,2021-10-01,0,815000.0
5024420,105000,2021-10-01,724.61,0.029900000000000003,180,2021-10-01,0,105000.0
5024423,155000,2021-10-01,652.66,0.029900000000000003,360,2021-10-01,0,155000.0
5024427,75000,2021-10-01,508.97,0.0275,180,2021-10-01,0,75000.0
5024428,125000,2021-10-01,614.93,0.0425,360,2021-10-01,0,125000.0
5024432,95000,2021-10-01,420.0,0.03375,360,2021-10-01,0,95000.0
5024434,105000,2021-11-01,693.97,0.02375,180,2021-11-01,0,105000.0
5024437,395000,2021-10-01,1663.21,0.029900000000000003,360,2021-10-01,0,395000.0
5024441,235000,2021-10-01,1553.17,0.02375,180,2021-10-01,0,235000.0
5024443,205000,2021-10-01,863.19,0.029900000000000003,360,2021-10-01,0,205000.0
5024448,295000,2021-10-01,1204.32,0.0275,360,2021-10-01,0,295000.0
5024453,595000,2021-10-01,2468.62,0.02875,360,2021-10-01,0,595000.0
5024454,345000,2021-10-01,2260.05,0.0225,180,2021-10-01,0,345000.0
5024459,285000,2021-10-01,1182.45,0.02875,360,2021-10-01,0,285000.0
5024463,205000,2021-10-01,850.53,0.02875,360,2021-10-01,0,205000.0
5024467,355000,2021-10-01,1485.24,0.0294,360,2021-10-01,0,355000.0
5024468,255000,2021-11-01,1092.36,0.03125,360,2021-11-01,0,255000.0
5024472,295000,2021-10-01,1242.15,0.029900000000000003,360,2021-10-01,0,295000.0
5024473,645000,2021-10-01,2851.53,0.03375,360,2021-10-01,0,645000.0
5024477,215000,2021-10-01,905.29,0.029900000000000003,360,2021-10-01,0,215000.0
5024482,135000,2021-10-01,1288.05,0.0275,120,2021-10-01,0,135000.0
5024486,465000,2021-10-01,3046.15,0.0225,180,2021-10-01,0,465000.0
5024487,245000,2021-10-01,1031.61,0.029900000000000003,360,2021-10-01,0,245000.0
5024489,265000,2021-10-01,1171.56,0.03375,360,2021-10-01,0,265000.0
5024491,125000,2021-10-01,570.07,0.03625,360,2021-10-01,0,125000.0
5024494,205000,2021-10-01,1318.25,0.0199,180,2021-10-01,0,205000.0
5024497,435000,2021-10-01,1831.64,0.029900000000000003,360,2021-10-01,0,435000.0
5024500,1125000,2021-10-01,4592.72,0.0275,360,2021-10-01,0,1125000.0
5024502,325000,2021-10-01,1482.17,0.03625,360,2021-10-01,0,325000.0
5024503,165000,2021-10-01,729.46,0.03375,360,2021-10-01,0,165000.0
5024506,175000,2021-10-01,761.62,0.0325,360,2021-10-01,0,175000.0
5024509,295000,2021-10-01,2713.08,0.0199,120,2021-10-01,0,295000.0
5024510,65000,2021-10-01,301.03,0.0375,360,2021-10-01,0,65000.0
5024512,105000,2021-10-01,712.56,0.0275,180,2021-10-01,0,105000.0
5024516,145000,2021-10-01,621.15,0.03125,360,2021-10-01,0,145000.0
5024521,125000,2021-10-01,518.62,0.02875,360,2021-10-01,0,125000.0
5024524,325000,2021-10-01,1359.72,0.0294,360,2021-11-01,1,324436.53
5024527,545000,2021-10-01,5075.99,0.0225,120,2021-10-01,0,545000.0
5024529,105000,2021-10-01,486.28,0.0375,360,2021-10-01,0,105000.0
5024531,555000,2021-11-01,2048.62,0.0199,360,2021-11-01,0,555000.0
5024533,315000,2021-10-01,1326.36,0.029900000000000003,360,2021-10-01,0,315000.0
5024536,155000,2021-11-01,1443.63,0.0225,120,2021-11-01,0,155000.0
5024537,135000,2021-10-01,892.25,0.02375,180,2021-10-01,0,135000.0
5024540,145000,2021-10-01,601.6,0.02875,360,2021-10-01,0,145000.0
5024543,185000,2021-10-01,817.88,0.03375,360,2021-10-01,0,185000.0
5024548,625000,2021-11-01,2763.11,0.03375,360,2021-11-01,0,625000.0
5024550,155000,2021-10-01,849.96,0.02875,240,2021-11-01,1,154521.39416666667
5024552,355000,2021-11-01,1472.87,0.02875,360,2021-11-01,0,355000.0
5024557,305000,2021-10-01,1235.47,0.0269,360,2021-10-01,0,305000.0
5024559,145000,2021-10-01,582.4,0.02625,360,2021-10-01,0,145000.0
5024564,245000,2021-10-01,1066.26,0.0325,360,2021-10-01,0,245000.0
5024568,155000,2021-10-01,663.99,0.03125,360,2021-10-01,0,155000.0
5024571,155000,2021-11-01,1033.53,0.025,180,2021-11-01,0,155000.0
5024574,775000,2021-10-01,3319.91,0.03125,360,2021-10-01,0,775000.0
5024578,125000,2021-10-01,544.01,0.0325,360,2021-10-01,0,125000.0
5024579,395000,2021-11-01,1638.83,0.02875,360,2021-11-01,0,395000.0
5024582,245000,2021-11-01,1016.49,0.02875,360,2021-11-01,0,245000.0
5024584,445000,2021-10-01,1922.05,0.0319,360,2021-10-01,0,445000.0
5024587,145000,2021-10-01,966.85,0.025,180,2021-10-01,0,145000.0
5024591,705000,2021-10-01,2968.51,0.029900000000000003,360,2021-10-01,0,705000.0
5024593,85000,2021-11-01,791.67,0.0225,120,2021-11-01,0,85000.0
5024597,205000,2021-10-01,878.17,0.03125,360,2021-10-01,0,205000.0
5024602,165000,2021-11-01,1679.88,0.02125,108,2021-11-01,0,165000.0
5024605,75000,2021-10-01,603.4,0.025,144,2021-10-01,0,75000.0
5024610,105000,2021-10-01,456.97,0.0325,360,2021-10-01,0,105000.0
5024615,435000,2021-10-01,1923.12,0.03375,360,2021-10-01,0,435000.0
5024617,255000,2021-10-01,1127.35,0.03375,360,2021-10-01,0,255000.0
5024618,515000,2021-10-01,2342.94,0.02625,300,2021-10-01,0,515000.0
5024621,375000,2021-10-01,1941.79,0.0225,240,2021-10-01,0,375000.0
5024626,105000,2021-10-01,428.66,0.0275,360,2021-10-01,0,105000.0
5024629,375000,2021-11-01,1362.75,0.01875,360,2021-11-01,0,375000.0
5024632,75000,2021-10-01,315.8,0.029900000000000003,360,2021-10-01,0,75000.0
5024636,165000,2021-10-01,775.9,0.03875,360,2021-10-01,0,165000.0
5024638,315000,2021-10-01,1306.92,0.02875,360,2021-10-01,0,315000.0
5024640,115000,2021-10-01,508.42,0.03375,360,2021-10-01,0,115000.0
5024642,625000,2021-11-01,2720.04,0.0325,360,2021-11-01,0,625000.0
5024644,275000,2021-10-01,1358.35,0.03375,300,2021-10-01,0,275000.0
5024646,185000,2021-11-01,767.56,0.02875,360,2021-11-01,0,185000.0
5024651,185000,2021-10-01,778.98,0.029900000000000003,360,2021-10-01,0,185000.0
5024652,285000,2021-10-01,1510.23,0.025,240,2021-10-01,0,285000.0
5024657,85000,2021-10-01,369.93,0.0325,360,2021-10-01,0,85000.0
5024660,415000,2021-10-01,1806.11,0.0325,360,2021-10-01,0,415000.0
5024662,125000,2021-11-01,840.87,0.02625,180,2021-11-01,0,125000.0
5024664,285000,2021-10-01,1182.45,0.02875,360,2021-10-01,0,285000.0
5024668,265000,2021-10-01,1137.36,0.031400000000000004,360,2021-10-01,0,265000.0
5024673,175000,2021-10-01,959.64,0.02875,240,2021-11-01,1,174459.63083333333
5024676,395000,2021-10-01,1663.21,0.029900000000000003,360,2021-11-01,1,394320.9983333333
5024679,105000,2021-10-01,724.61,0.029900000000000003,180,2021-10-01,0,105000.0
5024681,265000,2021-10-01,1115.83,0.029900000000000003,360,2021-10-01,0,265000.0
5024683,255000,2021-10-01,1109.78,0.0325,360,2021-10-01,0,255000.0
5024684,305000,2021-10-01,1435.76,0.03375,324,2021-10-01,0,305000.0
5024689,155000,2021-10-01,830.83,0.02625,240,2021-10-01,0,155000.0
5024693,185000,2021-10-01,778.98,0.029900000000000003,360,2021-10-01,0,185000.0
5024695,75000,2021-10-01,326.41,0.0325,360,2021-10-01,0,75000.0
5024700,545000,2021-10-01,2207.64,0.0269,360,2021-11-01,1,544014.0683333334
5024704,135000,2021-11-01,587.53,0.0325,360,2021-11-01,0,135000.0
5024708,125000,2021-11-01,840.87,0.02625,180,2021-11-01,0,125000.0
5024711,155000,2021-10-01,652.66,0.029900000000000003,360,2021-10-01,0,155000.0
5024716,305000,2021-10-01,1265.43,0.02875,360,2021-10-01,0,305000.0
5024719,335000,2021-10-01,1481.03,0.03375,360,2021-10-01,0,335000.0
5024724,585000,2021-10-01,2463.23,0.029900000000000003,360,2021-10-01,0,585000.0
5024727,105000,2021-11-01,428.66,0.0275,360,2021-11-01,0,105000.0
5024728,515000,2021-10-01,2001.57,0.02375,360,2021-10-01,0,515000.0
5024729,455000,2021-11-01,1739.22,0.0225,360,2021-11-01,0,455000.0
5024734,485000,2021-10-01,3310.08,0.0199,168,2021-10-01,0,485000.0
5024736,165000,2021-11-01,1080.89,0.0225,180,2021-11-01,0,165000.0
5024738,395000,2021-10-01,1638.83,0.02875,360,2021-10-01,0,395000.0
5024741,315000,2021-10-01,1306.92,0.02875,360,2021-10-01,0,315000.0
5024746,325000,2021-10-01,2129.03,0.0225,180,2021-10-01,0,325000.0
5024749,205000,2021-10-01,1331.03,0.02125,180,2021-10-01,0,205000.0
5024750,245000,2021-10-01,1633.64,0.025,180,2021-10-01,0,245000.0
5024753,155000,2021-10-01,1024.43,0.02375,180,2021-10-01,0,155000.0
5024757,265000,2021-10-01,1188.84,0.025,300,2021-10-01,0,265000.0
5024758,125000,2021-11-01,580.01,0.0325,324,2021-11-01,0,125000.0
5024763,185000,2021-10-01,778.98,0.029900000000000003,360,2021-11-01,1,184681.97833333333
5024766,375000,2021-10-01,1555.85,0.02875,360,2021-10-01,0,375000.0
5024768,145000,2021-10-01,975.4,0.02625,180,2021-10-01,0,145000.0
5024770,255000,2021-11-01,1351.26,0.025,240,2021-11-01,0,255000.0
5024773,435000,2021-10-01,1893.15,0.0325,360,2021-10-01,0,435000.0
5024777,135000,2021-10-01,568.44,0.029900000000000003,360,2021-10-01,0,135000.0
5024782,105000,2021-10-01,456.97,0.0325,360,2021-10-01,0,105000.0
5024785,325000,2021-10-01,1359.72,0.0294,360,2021-10-01,0,325000.0
5024789,215000,2021-11-01,1446.29,0.02625,180,2021-11-01,0,215000.0
5024794,165000,2021-10-01,694.76,0.029900000000000003,360,2021-10-01,0,165000.0
5024797,165000,2021-10-01,1080.89,0.0225,180,2021-10-01,0,165000.0
5024800,545000,2021-10-01,2371.88,0.0325,360,2021-10-01,0,545000.0
5024802,305000,2021-11-01,1306.55,0.03125,360,2021-11-01,0,305000.0
5024805,125000,2021-10-01,833.49,0.025,180,2021-10-01,0,125000.0
5024808,215000,2021-10-01,1408.44,0.0225,180,2021-10-01,0,215000.0
5024810,355000,2021-10-01,1494.79,0.029900000000000003,360,2021-10-01,0,355000.0
5024815,375000,2021-11-01,1579.0,0.029900000000000003,360,2021-11-01,0,375000.0
5024817,335000,2021-10-01,1410.57,0.029900000000000003,360,2021-10-01,0,335000.0
5024818,265000,2021-11-01,1081.84,0.0275,360,2021-11-01,0,265000.0
5024823,605000,2021-10-01,4069.78,0.02625,180,2021-10-01,0,605000.0
5024828,255000,2021-10-01,1127.35,0.03375,360,2021-10-01,0,255000.0
5024833,285000,2021-10-01,1867.0,0.0225,180,2021-10-01,0,285000.0
5024837,735000,2021-10-01,3000.58,0.0275,360,2021-10-01,0,735000.0
5024839,405000,2021-10-01,1705.32,0.029900000000000003,360,2021-10-01,0,405000.0
5024842,205000,2021-10-01,823.39,0.02625,360,2021-10-01,0,205000.0
5024845,265000,2021-10-01,1144.59,0.0319,360,2021-10-01,0,265000.0
5024849,275000,2021-10-01,1225.69,0.0344,360,2021-10-01,0,275000.0
5024852,75000,2021-10-01,715.59,0.0275,120,2021-10-01,0,75000.0
5024856,415000,2021-10-01,1747.42,0.029900000000000003,360,2021-10-01,0,415000.0
5024857,155000,2021-11-01,632.78,0.0275,360,2021-11-01,0,155000.0
5024860,405000,2021-11-01,1680.32,0.02875,360,2021-11-01,0,405000.0
5024863,185000,2021-10-01,767.56,0.02875,360,2021-10-01,0,185000.0
5024865,425000,2021-09-01,1763.3,0.02875,360,2021-09-01,0,425000.0
5024870,465000,2021-11-01,2055.75,0.03375,360,2021-11-01,0,465000.0
5024874,265000,2021-10-01,1081.84,0.0275,360,2021-10-01,0,265000.0
5024876,195000,2021-10-01,809.05,0.02875,360,2021-10-01,0,195000.0
5024879,135000,2021-10-01,578.31,0.03125,360,2021-10-01,0,135000.0
5024880,705000,2021-10-01,2878.11,0.0275,360,2021-10-01,0,705000.0
5024882,325000,2021-10-01,1368.47,0.029900000000000003,360,2021-10-01,0,325000.0
5024885,225000,2021-10-01,1042.02,0.0375,360,2021-10-01,0,225000.0
5024887,225000,2021-10-01,1500.28,0.025,180,2021-10-01,0,225000.0
5024888,75000,2021-11-01,732.9,0.0325,120,2021-11-01,0,75000.0
5024893,185000,2021-10-01,1189.64,0.0199,180,2021-11-01,1,184117.15166666664
5024895,175000,2021-10-01,761.62,0.0325,360,2021-10-01,0,175000.0
5024898,255000,2021-10-01,1398.33,0.02875,240,2021-10-01,0,255000.0
5024899,225000,2021-10-01,947.4,0.029900000000000003,360,2021-10-01,0,225000.0
5024902,145000,2021-10-01,610.55,0.029900000000000003,360,2021-10-01,0,145000.0
5024906,375000,2021-10-01,1632.03,0.0325,360,2021-10-01,0,375000.0
5024909,625000,2021-10-01,2593.08,0.02875,360,2021-10-01,0,625000.0
5024911,525000,2021-10-01,2126.62,0.0269,360,2021-10-01,0,525000.0
5024915,365000,2021-10-01,1490.09,0.0275,360,2021-10-01,0,365000.0
5024917,145000,2021-10-01,610.55,0.029900000000000003,360,2021-10-01,0,145000.0
5024922,95000,2021-10-01,633.45,0.025,180,2021-10-01,0,95000.0
5024926,215000,2021-10-01,935.7,0.0325,360,2021-10-01,0,215000.0
5024929,115000,2021-10-01,484.23,0.029900000000000003,360,2021-10-01,0,115000.0
5024930,495000,2021-10-01,2084.28,0.029900000000000003,360,2021-10-01,0,495000.0
5024932,175000,2021-10-01,714.43,0.0275,360,2021-10-01,0,175000.0
5024937,435000,2021-10-01,1863.44,0.03125,360,2021-10-01,0,435000.0
5024940,295000,2021-10-01,1242.15,0.029900000000000003,360,2021-10-01,0,295000.0
5024944,305000,2021-10-01,1284.25,0.029900000000000003,360,2021-11-01,1,304475.7083333333
5024947,155000,2021-10-01,652.66,0.029900000000000003,360,2021-10-01,0,155000.0
5024950,205000,2021-10-01,863.19,0.029900000000000003,360,2021-10-01,0,205000.0
5024952,145000,2021-10-01,631.05,0.0325,360,2021-10-01,0,145000.0
5024957,195000,2021-10-01,1069.31,0.02875,240,2021-10-01,0,195000.0
5024958,305000,2021-11-01,1317.36,0.0319,360,2021-11-01,0,305000.0
5024959,125000,2021-10-01,587.8,0.03875,360,2021-10-01,0,125000.0
5024960,255000,2021-11-01,1073.72,0.029900000000000003,360,2021-11-01,0,255000.0
5024963,225000,2021-11-01,1526.9,0.0275,180,2021-11-01,0,225000.0
5024967,485000,2021-11-01,2042.17,0.029900000000000003,360,2021-11-01,0,485000.0
5024971,325000,2021-10-01,2242.83,0.029900000000000003,180,2021-11-01,1,323566.96166666667
5024973,195000,2021-10-01,809.05,0.02875,360,2021-10-01,0,195000.0
5024978,375000,2021-10-01,1619.71,0.0319,360,2021-10-01,0,375000.0
5024983,585000,2021-10-01,2388.22,0.0275,360,2021-10-01,0,585000.0
5024984,235000,2021-10-01,1274.1,0.0275,240,2021-11-01,1,234264.44166666665
5024986,305000,2021-10-01,1616.21,0.025,240,2021-10-01,0,305000.0
5024991,255000,2021-10-01,1073.72,0.029900000000000003,360,2021-11-01,1,254561.655
5024992,265000,2021-10-01,1751.45,0.02375,180,2021-10-01,0,265000.0
5024993,215000,2021-11-01,1395.96,0.02125,180,2021-11-01,0,215000.0
5024995,575000,2021-10-01,2197.92,0.0225,360,2021-10-01,0,575000.0
5025000,135000,2021-10-01,596.83,0.03375,360,2021-11-01,1,134782.8575
5025001,205000,2021-10-01,1111.45,0.0275,240,2021-10-01,0,205000.0
5025005,155000,2021-11-01,643.09,0.02875,360,2021-11-01,0,155000.0
5025010,305000,2021-10-01,1672.51,0.02875,240,2021-10-01,0,305000.0
5025012,545000,2021-11-01,2447.3,0.035,360,2021-11-01,0,545000.0
5025016,245000,2021-10-01,1575.47,0.0199,180,2021-10-01,0,245000.0
5025020,105000,2021-11-01,456.97,0.0325,360,2021-11-01,0,105000.0
5025025,545000,2021-11-01,2261.17,0.02875,360,2021-11-01,0,545000.0
5025029,95000,2021-10-01,400.02,0.029900000000000003,360,2021-10-01,0,95000.0
5025032,315000,2021-10-01,2118.98,0.02625,180,2021-10-01,0,315000.0
5025037,155000,2021-10-01,674.57,0.0325,360,2021-10-01,0,155000.0
5025041,335000,2021-10-01,1367.61,0.0275,360,2021-10-01,0,335000.0
5025043,95000,2021-10-01,520.95,0.02875,240,2021-10-01,0,95000.0
5025048,125000,2021-10-01,818.86,0.0225,180,2021-10-01,0,125000.0
5025049,275000,2021-11-01,1122.67,0.0275,360,2021-11-01,0,275000.0
5025051,405000,2021-10-01,1494.94,0.0199,360,2021-10-01,0,405000.0
5025052,825000,2021-10-01,3473.79,0.029900000000000003,360,2021-10-01,0,825000.0
5025057,325000,2021-10-01,1782.18,0.02875,240,2021-10-01,0,325000.0
5025058,415000,2021-11-01,1694.21,0.0275,360,2021-11-01,0,415000.0
5025061,175000,2021-10-01,1125.34,0.0199,180,2021-10-01,0,175000.0
5025063,115000,2021-10-01,766.81,0.025,180,2021-10-01,0,115000.0
5025064,505000,2021-10-01,3247.4,0.0199,180,2021-10-01,0,505000.0
5025065,75000,2021-10-01,415.58,0.029900000000000003,240,2021-10-01,0,75000.0
5025068,125000,2021-10-01,510.31,0.0275,360,2021-10-01,0,125000.0
5025072,205000,2021-11-01,1098.83,0.02625,240,2021-11-01,0,205000.0
5025077,145000,2021-10-01,1383.46,0.0275,120,2021-10-01,0,145000.0
5025079,135000,2021-11-01,748.04,0.029900000000000003,240,2021-11-01,0,135000.0
5025082,325000,2021-10-01,1359.72,0.0294,360,2021-10-01,0,325000.0
5025085,385000,2021-11-01,1571.73,0.0275,360,2021-11-01,0,385000.0
5025086,305000,2021-10-01,2015.81,0.02375,180,2021-10-01,0,305000.0
5025090,335000,2021-10-01,2194.54,0.0225,180,2021-10-01,0,335000.0
5025092,305000,2021-10-01,1071.01,0.01625,360,2021-10-01,0,305000.0
5025095,215000,2021-10-01,877.72,0.0275,360,2021-10-01,0,215000.0
5025100,465000,2021-11-01,1957.96,0.029900000000000003,360,2021-11-01,0,465000.0
5025103,515000,2021-11-01,2136.7,0.02875,360,2021-11-01,0,515000.0
5025106,545000,2021-11-01,2294.81,0.029900000000000003,360,2021-11-01,0,545000.0
5025108,605000,2021-11-01,2547.45,0.029900000000000003,360,2021-11-01,0,605000.0
5025109,215000,2021-11-01,877.72,0.0275,360,2021-11-01,0,215000.0
5025114,85000,2021-11-01,607.66,0.035,180,2021-11-01,0,85000.0
5025118,295000,2021-10-01,1932.51,0.0225,180,2021-10-01,0,295000.0
5025122,705000,2021-10-01,3045.04,0.0319,360,2021-10-01,0,705000.0
5025126,545000,2021-10-01,3666.16,0.02625,180,2021-10-01,0,545000.0
5025131,505000,2021-10-01,1995.37,0.025,360,2021-10-01,0,505000.0
5025133,205000,2021-10-01,850.53,0.02875,360,2021-10-01,0,205000.0
5025135,345000,2021-10-01,1549.21,0.035,360,2021-10-01,0,345000.0
5025140,305000,2021-10-01,1235.47,0.0269,360,2021-10-01,0,305000.0
5025144,145000,2021-11-01,610.55,0.029900000000000003,360,2021-11-01,0,145000.0
5025145,175000,2021-10-01,726.07,0.02875,360,2021-10-01,0,175000.0
5025150,485000,2021-10-01,2144.17,0.03375,360,2021-10-01,0,485000.0
5025154,115000,2021-10-01,713.33,0.02875,204,2021-10-01,0,115000.0
5025155,215000,2021-10-01,1408.44,0.0225,180,2021-10-01,0,215000.0
5025160,195000,2021-10-01,809.05,0.02875,360,2021-10-01,0,195000.0
5025162,315000,2021-11-01,1370.9,0.0325,360,2021-11-01,0,315000.0
5025167,725000,2021-10-01,3105.73,0.03125,360,2021-10-01,0,725000.0
5025168,325000,2021-10-01,1436.82,0.03375,360,2021-10-01,0,325000.0
5025170,455000,2021-11-01,2980.64,0.0225,180,2021-11-01,0,455000.0
5025173,275000,2021-10-01,1882.62,0.02875,180,2021-10-01,0,275000.0
5025177,635000,2021-10-01,2634.57,0.02875,360,2021-10-01,0,635000.0
5025180,225000,2021-11-01,933.51,0.02875,360,2021-11-01,0,225000.0
5025184,485000,2021-10-01,2012.23,0.02875,360,2021-10-01,0,485000.0
5025187,185000,2021-10-01,755.25,0.0275,360,2021-10-01,0,185000.0
5025189,335000,2021-10-01,1356.99,0.0269,360,2021-10-01,0,335000.0
5025193,145000,2021-10-01,610.55,0.029900000000000003,360,2021-10-01,0,145000.0
5025198,255000,2021-10-01,941.26,0.0199,360,2021-10-01,0,255000.0
5025199,275000,2021-10-01,1157.93,0.029900000000000003,360,2021-10-01,0,275000.0
5025201,275000,2021-10-01,1157.93,0.029900000000000003,360,2021-10-01,0,275000.0
5025204,335000,2021-10-01,2077.95,0.02875,204,2021-10-01,0,335000.0
5025209,275000,2021-10-01,1801.49,0.0225,180,2021-10-01,0,275000.0
5025211,125000,2021-10-01,848.28,0.0275,180,2021-10-01,0,125000.0
5025216,215000,2021-10-01,1459.04,0.0275,180,2021-10-01,0,215000.0
5025220,205000,2021-10-01,863.19,0.029900000000000003,360,2021-10-01,0,205000.0
5025224,465000,2021-10-01,1898.33,0.0275,360,2021-10-01,0,465000.0
5025225,385000,2021-10-01,1597.34,0.02875,360,2021-10-01,0,385000.0
5025227,345000,2021-10-01,2218.52,0.0199,180,2021-10-01,0,345000.0
5025229,255000,2021-11-01,1073.72,0.029900000000000003,360,2021-11-01,0,255000.0
5025233,265000,2021-10-01,1453.16,0.02875,240,2021-10-01,0,265000.0
5025235,315000,2021-10-01,2063.52,0.0225,180,2021-10-01,0,315000.0
5025240,175000,2021-11-01,736.87,0.029900000000000003,360,2021-11-01,0,175000.0
5025245,235000,2021-11-01,1022.74,0.0325,360,2021-11-01,0,235000.0
5025248,445000,2021-11-01,2915.13,0.0225,180,2021-11-01,0,445000.0
5025250,425000,2021-10-01,2330.54,0.02875,240,2021-10-01,0,425000.0
5025251,275000,2021-10-01,1196.82,0.0325,360,2021-11-01,1,274547.9716666667
5025255,105000,2021-10-01,456.97,0.0325,360,2021-10-01,0,105000.0
5025258,115000,2021-10-01,787.28,0.02875,180,2021-10-01,0,115000.0
5025261,145000,2021-10-01,651.12,0.035,360,2021-10-01,0,145000.0
5025265,235000,2021-10-01,1022.74,0.0325,360,2021-10-01,0,235000.0
5025269,115000,2021-10-01,500.49,0.0325,360,2021-10-01,0,115000.0
5025274,125000,2021-10-01,535.47,0.03125,360,2021-10-01,0,125000.0
5025277,305000,2021-10-01,1245.14,0.0275,360,2021-10-01,0,305000.0
5025282,165000,2021-10-01,1527.48,0.02125,120,2021-10-01,0,165000.0
5025283,265000,2021-10-01,1493.56,0.0275,228,2021-10-01,0,265000.0
5025287,245000,2021-10-01,1066.26,0.0325,360,2021-10-01,0,245000.0
5025289,765000,2021-10-01,3173.93,0.02875,360,2021-10-01,0,765000.0
5025292,215000,2021-10-01,1433.6,0.025,180,2021-10-01,0,215000.0
5025297,215000,2021-11-01,1165.66,0.0275,240,2021-11-01,0,215000.0
5025300,375000,2021-10-01,1555.85,0.02875,360,2021-10-01,0,375000.0
5025302,275000,2021-10-01,1268.61,0.0275,300,2021-10-01,0,275000.0
5025303,295000,2021-10-01,1324.69,0.035,360,2021-10-01,0,295000.0
5025307,235000,2021-10-01,2161.27,0.0199,120,2021-10-01,0,235000.0
5025310,165000,2021-11-01,684.58,0.02875,360,2021-11-01,0,165000.0
5025312,175000,2021-10-01,736.87,0.029900000000000003,360,2021-10-01,0,175000.0
5025313,275000,2021-11-01,1157.93,0.029900000000000003,360,2021-11-01,0,275000.0
5025317,255000,2021-10-01,1382.53,0.0275,240,2021-10-01,0,255000.0
5025320,225000,2021-10-01,903.72,0.02625,360,2021-10-01,0,225000.0
5025324,295000,2021-11-01,1283.86,0.0325,360,2021-11-01,0,295000.0
5025325,545000,2021-10-01,3538.58,0.02125,180,2021-10-01,0,545000.0
5025328,425000,2021-10-01,1735.03,0.0275,360,2021-10-01,0,425000.0
5025332,825000,2021-10-01,3473.79,0.029900000000000003,360,2021-10-01,0,825000.0
5025334,95000,2021-10-01,667.54,0.0325,180,2021-10-01,0,95000.0
5025339,365000,2021-10-01,1514.36,0.02875,360,2021-10-01,0,365000.0
5025343,125000,2021-10-01,526.34,0.029900000000000003,360,2021-10-01,0,125000.0
5025348,265000,2021-10-01,1073.44,0.0269,360,2021-10-01,0,265000.0
5025349,325000,2021-10-01,1436.82,0.03375,360,2021-10-01,0,325000.0
5025354,295000,2021-10-01,1127.63,0.0225,360,2021-10-01,0,295000.0
5025359,175000,2021-10-01,1136.25,0.02125,180,2021-10-01,0,175000.0
5025363,115000,2021-10-01,773.6,0.02625,180,2021-10-01,0,115000.0
5025364,165000,2021-11-01,935.88,0.0325,240,2021-11-01,0,165000.0
5025367,1795000,2021-10-01,7447.32,0.02875,360,2021-10-01,0,1795000.0
5025371,135000,2021-10-01,587.53,0.0325,360,2021-10-01,0,135000.0
5025376,285000,2021-10-01,1200.04,0.029900000000000003,360,2021-10-01,0,285000.0
5025381,165000,2021-10-01,1259.2,0.0275,156,2021-10-01,0,165000.0
5025382,545000,2021-11-01,2294.81,0.029900000000000003,360,2021-11-01,0,545000.0
5025383,205000,2021-10-01,863.19,0.029900000000000003,360,2021-10-01,0,205000.0
5025386,145000,2021-10-01,631.05,0.0325,360,2021-10-01,0,145000.0
5025388,215000,2021-10-01,905.29,0.029900000000000003,360,2021-10-01,0,215000.0
5025389,695000,2021-10-01,2977.21,0.03125,360,2021-10-01,0,695000.0
5025390,85000,2021-10-01,581.9,0.02875,180,2021-10-01,0,85000.0
5025392,315000,2021-10-01,1414.5,0.035,360,2021-10-01,0,315000.0
5025397,175000,2021-10-01,1166.89,0.025,180,2021-10-01,0,175000.0
5025399,545000,2021-10-01,2189.0,0.02625,360,2021-10-01,0,545000.0
5025404,305000,2021-10-01,1284.25,0.029900000000000003,360,2021-10-01,0,305000.0
5025405,155000,2021-10-01,674.57,0.0325,360,2021-10-01,0,155000.0
5025409,175000,2021-11-01,726.07,0.02875,360,2021-11-01,0,175000.0
5025412,125000,2021-10-01,878.34,0.0325,180,2021-10-01,0,125000.0
5025413,245000,2021-10-01,1031.61,0.029900000000000003,360,2021-10-01,0,245000.0
5025414,245000,2021-10-01,1145.96,0.02875,300,2021-10-01,0,245000.0
5025415,475000,2021-10-01,1939.15,0.0275,360,2021-10-01,0,475000.0
5025417,115000,2021-10-01,524.46,0.03625,360,2021-10-01,0,115000.0
5025420,175000,2021-10-01,736.87,0.029900000000000003,360,2021-10-01,0,175000.0
5025421,315000,2021-10-01,1306.92,0.02875,360,2021-10-01,0,315000.0
5025426,165000,2021-10-01,1090.52,0.02375,180,2021-10-01,0,165000.0
5025429,495000,2021-10-01,2563.16,0.0225,240,2021-10-01,0,495000.0
5025432,315000,2021-10-01,1326.36,0.029900000000000003,360,2021-10-01,0,315000.0
5025435,145000,2021-10-01,641.04,0.03375,360,2021-10-01,0,145000.0
5025438,485000,2021-10-01,2012.23,0.02875,360,2021-10-01,0,485000.0
5025440,175000,2021-10-01,1407.93,0.025,144,2021-10-01,0,175000.0
5025441,485000,2021-11-01,1884.97,0.02375,360,2021-11-01,0,485000.0
5025444,105000,2021-10-01,464.21,0.03375,360,2021-10-01,0,105000.0
5025445,335000,2021-10-01,1367.61,0.0275,360,2021-11-01,1,334400.0983333333
5025447,165000,2021-10-01,1119.73,0.0275,180,2021-10-01,0,165000.0
5025451,245000,2021-10-01,1548.56,0.0175,180,2021-10-01,0,245000.0
5025452,385000,2021-10-01,1728.83,0.035,360,2021-10-01,0,385000.0
5025454,265000,2021-10-01,1099.47,0.02875,360,2021-10-01,0,265000.0
5025455,1215000,2021-10-01,5455.9,0.035,360,2021-10-01,0,1215000.0
5025459,125000,2021-10-01,552.63,0.03375,360,2021-10-01,0,125000.0
5025462,135000,2021-10-01,916.14,0.0275,180,2021-10-01,0,135000.0
5025463,105000,2021-10-01,456.97,0.0325,360,2021-10-01,0,105000.0
5025468,165000,2021-10-01,1080.89,0.0225,180,2021-10-01,0,165000.0
5025469,275000,2021-10-01,1196.82,0.0325,360,2021-10-01,0,275000.0
5025473,105000,2021-10-01,687.84,0.0225,180,2021-10-01,0,105000.0
5025478,505000,2021-10-01,2126.38,0.029900000000000003,360,2021-10-01,0,505000.0
5025481,455000,2021-10-01,2980.64,0.0225,180,2021-10-01,0,455000.0
5025486,285000,2021-10-01,1867.0,0.0225,180,2021-10-01,0,285000.0
5025488,395000,2021-10-01,1638.83,0.02875,360,2021-10-01,0,395000.0
5025493,105000,2021-10-01,856.92,0.0275,144,2021-10-01,0,105000.0
5025496,445000,2021-10-01,1816.68,0.0275,360,2021-10-01,0,445000.0
5025497,375000,2021-11-01,1579.0,0.029900000000000003,360,2021-11-01,0,375000.0
5025501,55000,2021-10-01,262.27,0.039900000000000005,360,2021-10-01,0,55000.0
5025504,235000,2021-10-01,959.37,0.0275,360,2021-10-01,0,235000.0
5025507,355000,2021-10-01,1449.26,0.0275,360,2021-10-01,0,355000.0
5025510,295000,2021-11-01,1599.4,0.0275,240,2021-11-01,0,295000.0
5025511,535000,2021-10-01,2252.7,0.029900000000000003,360,2021-11-01,1,534080.3416666667
5025513,175000,2021-10-01,761.62,0.0325,360,2021-10-01,0,175000.0
5025514,365000,2021-10-01,2347.13,0.0199,180,2021-10-01,0,365000.0
5025518,815000,2021-10-01,3220.24,0.025,360,2021-10-01,0,815000.0
5025521,155000,2021-10-01,643.09,0.02875,360,2021-10-01,0,155000.0
5025523,545000,2021-11-01,2409.43,0.03375,360,2021-11-01,0,545000.0
5025527,295000,2021-10-01,1967.03,0.025,180,2021-10-01,0,295000.0
5025531,755000,2021-11-01,3058.28,0.0269,360,2021-11-01,0,755000.0
5025533,405000,2021-10-01,1749.28,0.0319,360,2021-10-01,0,405000.0
5025536,145000,2021-10-01,850.29,0.03625,240,2021-10-01,0,145000.0
5025537,205000,2021-10-01,770.6,0.02125,360,2021-10-01,0,205000.0
5025538,385000,2021-10-01,1621.1,0.029900000000000003,360,2021-10-01,0,385000.0
5025539,545000,2021-10-01,3698.49,0.0275,180,2021-10-01,0,545000.0
5025544,285000,2021-10-01,1220.88,0.03125,360,2021-10-01,0,285000.0
5025545,245000,2021-10-01,1016.49,0.02875,360,2021-10-01,0,245000.0
5025546,195000,2021-10-01,848.66,0.0325,360,2021-10-01,0,195000.0
5025551,425000,2021-10-01,1820.6,0.03125,360,2021-10-01,0,425000.0
5025553,345000,2021-10-01,2260.05,0.0225,180,2021-10-01,0,345000.0
5025554,135000,2021-10-01,634.83,0.03875,360,2021-10-01,0,135000.0
5025557,245000,2021-11-01,1031.61,0.029900000000000003,360,2021-11-01,0,245000.0
5025558,655000,2021-10-01,2850.61,0.0325,360,2021-10-01,0,655000.0
5025561,215000,2021-10-01,1459.04,0.0275,180,2021-10-01,0,215000.0
5025564,515000,2021-10-01,2168.49,0.029900000000000003,360,2021-10-01,0,515000.0
5025566,115000,2021-10-01,477.13,0.02875,360,2021-10-01,0,115000.0
5025568,265000,2021-10-01,1189.97,0.035,360,2021-10-01,0,265000.0
5025572,265000,2021-10-01,1263.63,0.039900000000000005,360,2021-10-01,0,265000.0
5025576,115000,2021-10-01,484.23,0.029900000000000003,360,2021-10-01,0,115000.0
5025580,325000,2021-10-01,1368.47,0.029900000000000003,360,2021-10-01,0,325000.0
5025582,225000,2021-10-01,1513.56,0.02625,180,2021-10-01,0,225000.0
5025583,455000,2021-10-01,1857.5,0.0275,360,2021-10-01,0,455000.0
5025585,125000,2021-10-01,561.31,0.035,360,2021-11-01,1,124803.27333333333
5025586,285000,2021-10-01,1240.34,0.0325,360,2021-10-01,0,285000.0
5025590,445000,2021-10-01,1873.74,0.029900000000000003,360,2021-10-01,0,445000.0
5025592,205000,2021-10-01,920.55,0.035,360,2021-10-01,0,205000.0
5025594,135000,2021-10-01,596.83,0.03375,360,2021-10-01,0,135000.0
5025596,165000,2021-10-01,706.82,0.03125,360,2021-10-01,0,165000.0
5025598,255000,2021-10-01,1073.72,0.029900000000000003,360,2021-11-01,1,254561.655
5025602,175000,2021-10-01,726.07,0.02875,360,2021-11-01,1,174693.20083333334
5025607,335000,2021-10-01,2194.54,0.0225,180,2021-11-01,1,333433.585
5025609,145000,2021-10-01,631.05,0.0325,360,2021-10-01,0,145000.0
5025610,125000,2021-10-01,701.1,0.03125,240,2021-10-01,0,125000.0
5025614,275000,2021-10-01,1140.96,0.02875,360,2021-10-01,0,275000.0
5025618,265000,2021-10-01,1115.83,0.029900000000000003,360,2021-10-01,0,265000.0
5025619,605000,2021-10-01,2674.69,0.03375,360,2021-10-01,0,605000.0
5025620,135000,2021-10-01,596.83,0.03375,360,2021-10-01,0,135000.0
5025623,535000,2021-10-01,2310.78,0.0319,360,2021-10-01,0,535000.0
5025627,295000,2021-09-01,1915.38,0.02125,180,2021-09-01,0,295000.0
5025628,215000,2021-10-01,1471.86,0.02875,180,2021-10-01,0,215000.0
5025632,465000,2021-10-01,2023.71,0.0325,360,2021-10-01,0,465000.0
5025634,685000,2021-10-01,2934.38,0.03125,360,2021-10-01,0,685000.0
5025636,185000,2021-10-01,1317.1,0.02625,168,2021-10-01,0,185000.0
5025640,215000,2021-10-01,935.7,0.0325,360,2021-11-01,1,214646.59166666665
5025642,165000,2021-10-01,740.93,0.035,360,2021-11-01,1,164740.32
5025643,385000,2021-10-01,1597.34,0.02875,360,2021-10-01,0,385000.0
5025647,325000,2021-10-01,1414.43,0.0325,360,2021-10-01,0,325000.0
5025650,395000,2021-10-01,1600.03,0.0269,360,2021-10-01,0,395000.0
5025651,155000,2021-10-01,1033.53,0.025,180,2021-10-01,0,155000.0
5025656,275000,2021-10-01,1157.93,0.029900000000000003,360,2021-10-01,0,275000.0
5025658,205000,2021-10-01,850.53,0.02875,360,2021-10-01,0,205000.0
5025660,545000,2021-10-01,2294.81,0.029900000000000003,360,2021-11-01,1,544063.1483333333
5025665,405000,2021-10-01,1705.32,0.029900000000000003,360,2021-10-01,0,405000.0
5025666,105000,2021-11-01,435.64,0.02875,360,2021-11-01,0,105000.0
5025667,175000,2021-10-01,773.67,0.03375,360,2021-10-01,0,175000.0
5025671,425000,2021-10-01,1789.53,0.029900000000000003,360,2021-10-01,0,425000.0
5025676,105000,2021-10-01,493.75,0.03875,360,2021-10-01,0,105000.0
5025679,175000,2021-11-01,948.8,0.0275,240,2021-11-01,0,175000.0
5025683,165000,2021-10-01,729.46,0.03375,360,2021-10-01,0,165000.0
5025686,635000,2021-10-01,2656.69,0.0294,360,2021-10-01,0,635000.0
5025691,175000,2021-10-01,779.98,0.0344,360,2021-10-01,0,175000.0
5025696,125000,2021-10-01,526.34,0.029900000000000003,360,2021-10-01,0,125000.0
5025699,515000,2021-10-01,2206.14,0.03125,360,2021-10-01,0,515000.0
5025703,285000,2021-10-01,1259.98,0.03375,360,2021-10-01,0,285000.0
5025705,165000,2021-10-01,694.76,0.029900000000000003,360,2021-10-01,0,165000.0
5025706,95000,2021-10-01,730.57,0.02875,156,2021-10-01,0,95000.0
5025709,375000,2021-11-01,1530.91,0.0275,360,2021-11-01,0,375000.0
5025712,225000,2021-11-01,947.4,0.029900000000000003,360,2021-11-01,0,225000.0
5025714,105000,2021-10-01,712.56,0.0275,180,2021-10-01,0,105000.0
5025719,385000,2021-11-01,2063.66,0.02625,240,2021-11-01,0,385000.0
5025722,365000,2021-10-01,1536.89,0.029900000000000003,360,2021-10-01,0,365000.0
5025723,215000,2021-10-01,892.02,0.02875,360,2021-10-01,0,215000.0
5025727,415000,2021-11-01,2668.66,0.0199,180,2021-11-01,0,415000.0
5025728,505000,2021-11-01,2061.62,0.0275,360,2021-11-01,0,505000.0
5025730,505000,2021-10-01,2028.34,0.02625,360,2021-11-01,1,504076.3475
5025733,305000,2021-10-01,1265.43,0.02875,360,2021-10-01,0,305000.0
5025736,195000,2021-10-01,821.08,0.029900000000000003,360,2021-10-01,0,195000.0
5025740,375000,2021-10-01,2434.81,0.02125,180,2021-10-01,0,375000.0
5025743,265000,2021-11-01,1099.47,0.02875,360,2021-11-01,0,265000.0
5025744,335000,2021-10-01,1410.57,0.029900000000000003,360,2021-10-01,0,335000.0
5025745,145000,2021-10-01,795.13,0.02875,240,2021-10-01,0,145000.0
5025747,205000,2021-10-01,863.19,0.029900000000000003,360,2021-10-01,0,205000.0
5025748,325000,2021-10-01,2148.0,0.02375,180,2021-10-01,0,325000.0
5025752,275000,2021-10-01,1196.82,0.0325,360,2021-10-01,0,275000.0
5025753,185000,2021-10-01,778.98,0.029900000000000003,360,2021-10-01,0,185000.0
5025755,125000,2021-10-01,862.63,0.029900000000000003,180,2021-10-01,0,125000.0
5025756,115000,2021-10-01,500.49,0.0325,360,2021-10-01,0,115000.0
5025758,195000,2021-10-01,1009.73,0.0225,240,2021-10-01,0,195000.0
5025762,185000,2021-11-01,1276.69,0.029900000000000003,180,2021-11-01,0,185000.0
5025764,235000,2021-10-01,989.51,0.029900000000000003,360,2021-10-01,0,235000.0
5025766,225000,2021-10-01,979.22,0.0325,360,2021-10-01,0,225000.0
5025768,195000,2021-10-01,821.08,0.029900000000000003,360,2021-10-01,0,195000.0
5025769,125000,2021-10-01,1178.38,0.025,120,2021-10-01,0,125000.0
5025772,205000,2021-10-01,1342.93,0.0225,180,2021-10-01,0,205000.0
5025774,155000,2021-10-01,1033.53,0.025,180,2021-10-01,0,155000.0
5025775,125000,2021-10-01,855.74,0.02875,180,2021-10-01,0,125000.0
5025778,135000,2021-11-01,606.22,0.035,360,2021-11-01,0,135000.0
5025782,85000,2021-10-01,369.93,0.0325,360,2021-10-01,0,85000.0
5025786,245000,2021-10-01,1031.61,0.029900000000000003,360,2021-10-01,0,245000.0
5025787,145000,2021-10-01,1000.65,0.029900000000000003,180,2021-10-01,0,145000.0
5025789,495000,2021-10-01,3271.56,0.02375,180,2021-10-01,0,495000.0
5025791,425000,2021-10-01,1789.53,0.029900000000000003,360,2021-10-01,0,425000.0
5025793,285000,2021-10-01,1801.38,0.0175,180,2021-10-01,0,285000.0
5025795,145000,2021-10-01,631.05,0.0325,360,2021-11-01,1,144761.65833333335
5025796,55000,2021-11-01,243.16,0.03375,360,2021-11-01,0,55000.0
5025799,255000,2021-10-01,2081.08,0.0275,144,2021-10-01,0,255000.0
5025800,175000,2021-10-01,1215.3,0.0225,168,2021-10-01,0,175000.0
5025805,265000,2021-10-01,1453.16,0.02875,240,2021-11-01,1,264181.73583333334
5025807,195000,2021-10-01,1323.32,0.0275,180,2021-10-01,0,195000.0
5025808,325000,2021-10-01,1436.82,0.03375,360,2021-10-01,0,325000.0
5025811,255000,2021-10-01,1073.72,0.029900000000000003,360,2021-10-01,0,255000.0
5025816,225000,2021-10-01,1281.95,0.02875,228,2021-10-01,0,225000.0
5025821,105000,2021-10-01,856.92,0.0275,144,2021-10-01,0,105000.0
5025825,195000,2021-10-01,1045.23,0.02625,240,2021-10-01,0,195000.0
5025827,145000,2021-10-01,803.45,0.029900000000000003,240,2021-10-01,0,145000.0
5025829,305000,2021-10-01,1327.38,0.0325,360,2021-10-01,0,305000.0
5025833,305000,2021-11-01,2033.71,0.025,180,2021-11-01,0,305000.0
5025834,295000,2021-10-01,1242.15,0.029900000000000003,360,2021-10-01,0,295000.0
5025835,135000,2021-10-01,615.67,0.03625,360,2021-10-01,0,135000.0
5025840,105000,2021-10-01,456.97,0.0325,360,2021-10-01,0,105000.0
5025843,145000,2021-11-01,822.44,0.0325,240,2021-11-01,0,145000.0
5025847,245000,2021-10-01,1575.47,0.0199,180,2021-10-01,0,245000.0
5025848,225000,2021-10-01,947.4,0.029900000000000003,360,2021-11-01,1,224613.225
5025849,505000,2021-10-01,2126.38,0.029900000000000003,360,2021-11-01,1,504131.9116666667
5025851,325000,2021-10-01,1414.43,0.0325,360,2021-10-01,0,325000.0
5025854,515000,2021-10-01,2224.39,0.0319,360,2021-10-01,0,515000.0
5025859,525000,2021-10-01,2284.84,0.0325,360,2021-10-01,0,525000.0
5025860,215000,2021-10-01,905.29,0.029900000000000003,360,2021-10-01,0,215000.0
5025864,315000,2021-10-01,1326.36,0.029900000000000003,360,2021-10-01,0,315000.0
5025869,945000,2021-11-01,3920.74,0.02875,360,2021-11-01,0,945000.0
5025871,335000,2021-10-01,2194.54,0.0225,180,2021-10-01,0,335000.0
5025873,175000,2021-11-01,736.87,0.029900000000000003,360,2021-11-01,0,175000.0
5025876,225000,2021-10-01,918.55,0.0275,360,2021-10-01,0,225000.0
5025878,265000,2021-11-01,1081.84,0.0275,360,2021-11-01,0,265000.0
5025880,215000,2021-10-01,1483.72,0.029900000000000003,180,2021-10-01,0,215000.0
5025885,155000,2021-10-01,652.66,0.029900000000000003,360,2021-10-01,0,155000.0
5025890,85000,2021-10-01,369.93,0.0325,360,2021-10-01,0,85000.0
5025891,225000,2021-10-01,1246.72,0.029900000000000003,240,2021-10-01,0,225000.0
5025893,585000,2021-10-01,2463.23,0.029900000000000003,360,2021-10-01,0,585000.0
5025897,485000,2021-11-01,2110.76,0.0325,360,2021-11-01,0,485000.0
5025898,455000,2021-10-01,1887.77,0.02875,360,2021-10-01,0,455000.0
5025900,95000,2021-10-01,475.49,0.0325,288,2021-10-01,0,95000.0
5025901,265000,2021-10-01,1246.13,0.03875,360,2021-11-01,1,264609.5991666667
5025902,125000,2021-10-01,1178.38,0.025,120,2021-10-01,0,125000.0
5025904,165000,2021-10-01,694.76,0.029900000000000003,360,2021-10-01,0,165000.0
5025909,275000,2021-10-01,1196.82,0.0325,360,2021-11-01,1,274547.9716666667
5025912,265000,2021-10-01,1453.16,0.02875,240,2021-10-01,0,265000.0
5025913,245000,2021-10-01,1031.61,0.029900000000000003,360,2021-10-01,0,245000.0
5025916,85000,2021-10-01,693.7,0.0275,144,2021-10-01,0,85000.0
5025921,175000,2021-10-01,1387.85,0.0225,144,2021-10-01,0,175000.0
5025925,255000,2021-10-01,1073.72,0.029900000000000003,360,2021-10-01,0,255000.0
5025926,355000,2021-10-01,1449.26,0.0275,360,2021-11-01,1,354364.2816666667
5025930,455000,2021-10-01,1857.5,0.0275,360,2021-10-01,0,455000.0
5025931,125000,2021-10-01,510.31,0.0275,360,2021-10-01,0,125000.0
5025933,175000,2021-10-01,1166.89,0.025,180,2021-10-01,0,175000.0
5025935,375000,2021-10-01,1632.03,0.0325,360,2021-10-01,0,375000.0
5025940,305000,2021-10-01,1265.43,0.02875,360,2021-11-01,1,304465.2991666667
5025942,365000,2021-11-01,1588.51,0.0325,360,2021-11-01,0,365000.0
5025946,105000,2021-10-01,581.81,0.029900000000000003,240,2021-10-01,0,105000.0
5025951,555000,2021-10-01,2415.4,0.0325,360,2021-10-01,0,555000.0
5025953,355000,2021-10-01,1544.99,0.0325,360,2021-10-01,0,355000.0
5025954,235000,2021-11-01,1071.73,0.03625,360,2021-11-01,0,235000.0
5025957,145000,2021-10-01,975.4,0.02625,180,2021-10-01,0,145000.0
5025959,335000,2021-10-01,2233.75,0.025,180,2021-10-01,0,335000.0
5025963,145000,2021-10-01,610.55,0.029900000000000003,360,2021-10-01,0,145000.0
5025965,125000,2021-10-01,848.28,0.0275,180,2021-11-01,1,124438.17833333333
5025969,135000,2021-11-01,568.44,0.029900000000000003,360,2021-11-01,0,135000.0
5025971,105000,2021-10-01,464.21,0.03375,360,2021-10-01,0,105000.0
5025973,185000,2021-11-01,755.25,0.0275,360,2021-11-01,0,185000.0
5025978,245000,2021-10-01,1000.2,0.0275,360,2021-11-01,1,244561.25833333333
5025982,65000,2021-10-01,296.44,0.03625,360,2021-10-01,0,65000.0
5025985,105000,2021-11-01,471.5,0.035,360,2021-11-01,0,105000.0
5025987,105000,2021-10-01,581.81,0.029900000000000003,240,2021-11-01,1,104679.815
5025992,105000,2021-10-01,706.33,0.02625,180,2021-10-01,0,105000.0
5025996,425000,2021-11-01,2932.93,0.029900000000000003,180,2021-11-01,0,425000.0
5025999,85000,2021-10-01,576.83,0.0275,180,2021-10-01,0,85000.0
5026000,195000,2021-10-01,1069.31,0.02875,240,2021-10-01,0,195000.0
5026002,405000,2021-10-01,1626.69,0.02625,360,2021-10-01,0,405000.0
5026007,605000,2021-10-01,2547.45,0.029900000000000003,360,2021-11-01,1,603960.0083333334
5026008,225000,2021-10-01,994.72,0.03375,360,2021-11-01,1,224638.0925
5026011,555000,2021-11-01,2302.66,0.02875,360,2021-11-01,0,555000.0
5026015,145000,2021-10-01,601.6,0.02875,360,2021-10-01,0,145000.0
5026018,265000,2021-11-01,1171.56,0.03375,360,2021-11-01,0,265000.0
5026023,205000,2021-11-01,1403.41,0.02875,180,2021-11-01,0,205000.0
5026028,305000,2021-11-01,1284.25,0.029900000000000003,360,2021-11-01,0,305000.0
5026032,155000,2021-10-01,685.25,0.03375,360,2021-10-01,0,155000.0
5026036,305000,2021-10-01,1980.31,0.02125,180,2021-10-01,0,305000.0
5026039,235000,2021-11-01,1539.45,0.0225,180,2021-11-01,0,235000.0
5026042,145000,2021-11-01,984.01,0.0275,180,2021-11-01,0,145000.0
5026043,65000,2021-10-01,368.68,0.0325,240,2021-10-01,0,65000.0
5026048,265000,2021-10-01,1420.44,0.02625,240,2021-10-01,0,265000.0
5026051,145000,2021-10-01,975.4,0.02625,180,2021-10-01,0,145000.0
5026053,245000,2021-10-01,1662.63,0.0275,180,2021-10-01,0,245000.0
5026056,495000,2021-10-01,3156.96,0.01875,180,2021-10-01,0,495000.0
5026059,85000,2021-11-01,576.83,0.0275,180,2021-11-01,0,85000.0
5026064,215000,2021-10-01,1408.44,0.0225,180,2021-11-01,1,213994.685
5026065,155000,2021-10-01,1042.67,0.02625,180,2021-10-01,0,155000.0
5026070,325000,2021-11-01,1436.82,0.03375,360,2021-11-01,0,325000.0
5026074,445000,2021-10-01,1873.74,0.029900000000000003,360,2021-10-01,0,445000.0
5026079,235000,2021-11-01,1566.96,0.025,180,2021-11-01,0,235000.0
5026083,115000,2021-10-01,780.42,0.0275,180,2021-10-01,0,115000.0
5026088,105000,2021-11-01,675.21,0.0199,180,2021-11-01,0,105000.0
5026089,145000,2021-10-01,661.28,0.03625,360,2021-11-01,1,144776.74083333334
5026093,205000,2021-10-01,1601.53,0.0199,144,2021-10-01,0,205000.0
5026095,255000,2021-10-01,1073.72,0.029900000000000003,360,2021-11-01,1,254561.655
5026099,155000,2021-10-01,674.57,0.0325,360,2021-11-01,1,154745.22166666665
5026100,485000,2021-10-01,3291.32,0.0275,180,2021-10-01,0,485000.0
5026103,165000,2021-11-01,914.27,0.029900000000000003,240,2021-11-01,0,165000.0
5026107,305000,2021-10-01,1284.25,0.029900000000000003,360,2021-11-01,1,304475.7083333333
5026112,115000,2021-10-01,500.49,0.0325,360,2021-10-01,0,115000.0
5026117,285000,2021-10-01,1182.45,0.02875,360,2021-10-01,0,285000.0
5026119,305000,2021-10-01,1245.14,0.0275,360,2021-10-01,0,305000.0
5026124,175000,2021-10-01,1198.03,0.02875,180,2021-10-01,0,175000.0
5026125,435000,2021-11-01,1893.15,0.0325,360,2021-11-01,0,435000.0
5026126,825000,2021-10-01,3422.87,0.02875,360,2021-10-01,0,825000.0
5026129,95000,2021-10-01,400.02,0.029900000000000003,360,2021-10-01,0,95000.0
5026134,145000,2021-10-01,661.28,0.03625,360,2021-10-01,0,145000.0
5026135,175000,2021-10-01,959.64,0.02875,240,2021-10-01,0,175000.0
5026140,235000,2021-10-01,1863.68,0.0225,144,2021-10-01,0,235000.0
5026143,225000,2021-11-01,933.51,0.02875,360,2021-11-01,0,225000.0
5026145,535000,2021-10-01,2219.68,0.02875,360,2021-10-01,0,535000.0
5026148,305000,2021-10-01,1672.51,0.02875,240,2021-10-01,0,305000.0
5026149,115000,2021-11-01,1097.23,0.0275,120,2021-11-01,0,115000.0
5026154,455000,2021-10-01,1857.5,0.0275,360,2021-11-01,1,454185.2083333333
5026156,155000,2021-10-01,685.25,0.03375,360,2021-10-01,0,155000.0
5026160,205000,2021-11-01,1354.89,0.02375,180,2021-11-01,0,205000.0
5026161,235000,2021-10-01,1038.93,0.03375,360,2021-10-01,0,235000.0
5026163,505000,2021-09-01,3247.4,0.0199,180,2021-10-01,1,502590.0583333333
5026165,165000,2021-10-01,694.76,0.029900000000000003,360,2021-10-01,0,165000.0
5026166,75000,2021-10-01,420.66,0.03125,240,2021-10-01,0,75000.0
5026168,265000,2021-10-01,1153.3,0.0325,360,2021-10-01,0,265000.0
5026170,295000,2021-10-01,1932.51,0.0225,180,2021-10-01,0,295000.0
5026171,155000,2021-10-01,1042.67,0.02625,180,2021-10-01,0,155000.0
5026173,445000,2021-10-01,1873.74,0.029900000000000003,360,2021-10-01,0,445000.0
5026178,205000,2021-10-01,906.3,0.03375,360,2021-10-01,0,205000.0
5026179,205000,2021-11-01,850.53,0.02875,360,2021-11-01,0,205000.0
5026184,245000,2021-11-01,1031.61,0.029900000000000003,360,2021-11-01,0,245000.0
5026187,345000,2021-10-01,1549.21,0.035,360,2021-10-01,0,345000.0
5026190,115000,2021-11-01,484.23,0.029900000000000003,360,2021-11-01,0,115000.0
5026191,145000,2021-10-01,1350.5,0.0225,120,2021-10-01,0,145000.0
5026192,195000,2021-10-01,809.05,0.02875,360,2021-10-01,0,195000.0
5026196,305000,2021-10-01,1690.0,0.029900000000000003,240,2021-10-01,0,305000.0
5026199,75000,2021-11-01,542.82,0.02875,168,2021-11-01,0,75000.0
5026200,385000,2021-10-01,1597.34,0.02875,360,2021-10-01,0,385000.0
5026203,155000,2021-10-01,632.78,0.0275,360,2021-10-01,0,155000.0
5026207,155000,2021-11-01,685.25,0.03375,360,2021-11-01,0,155000.0
5026209,135000,2021-11-01,560.11,0.02875,360,2021-11-01,0,135000.0
5026212,255000,2021-10-01,1127.35,0.03375,360,2021-10-01,0,255000.0
5026213,175000,2021-11-01,714.43,0.0275,360,2021-11-01,0,175000.0
5026216,225000,2021-11-01,1526.9,0.0275,180,2021-11-01,0,225000.0
5026220,135000,2021-10-01,782.95,0.035,240,2021-10-01,0,135000.0
5026223,345000,2021-10-01,1452.68,0.029900000000000003,360,2021-10-01,0,345000.0
5026228,195000,2021-10-01,835.34,0.03125,360,2021-10-01,0,195000.0
5026229,215000,2021-11-01,905.29,0.029900000000000003,360,2021-11-01,0,215000.0
5026230,105000,2021-10-01,675.21,0.0199,180,2021-10-01,0,105000.0
5026232,145000,2021-10-01,984.01,0.0275,180,2021-10-01,0,145000.0
5026235,255000,2021-10-01,1685.35,0.02375,180,2021-10-01,0,255000.0
5026240,135000,2021-10-01,568.44,0.029900000000000003,360,2021-10-01,0,135000.0
5026243,235000,2021-10-01,1539.45,0.0225,180,2021-10-01,0,235000.0
5026246,105000,2021-10-01,435.64,0.02875,360,2021-10-01,0,105000.0
5026251,175000,2021-10-01,785.83,0.035,360,2021-10-01,0,175000.0
5026252,245000,2021-11-01,1648.09,0.02625,180,2021-11-01,0,245000.0
5026255,185000,2021-11-01,767.56,0.02875,360,2021-11-01,0,185000.0
5026260,185000,2021-11-01,1014.47,0.02875,240,2021-11-01,0,185000.0
5026261,125000,2021-11-01,685.46,0.02875,240,2021-11-01,0,125000.0
5026266,75000,2021-10-01,517.58,0.029900000000000003,180,2021-10-01,0,75000.0
5026268,315000,2021-10-01,1285.96,0.0275,360,2021-10-01,0,315000.0
5026270,165000,2021-11-01,718.1,0.0325,360,2021-11-01,0,165000.0
5026274,785000,2021-11-01,3390.58,0.0319,360,2021-11-01,0,785000.0
5026279,285000,2021-10-01,1934.08,0.0275,180,2021-10-01,0,285000.0
5026283,155000,2021-10-01,1042.67,0.02625,180,2021-10-01,0,155000.0
5026286,275000,2021-10-01,1157.93,0.029900000000000003,360,2021-10-01,0,275000.0
5026290,295000,2021-10-01,1223.94,0.02875,360,2021-10-01,0,295000.0
5026294,65000,2021-10-01,291.88,0.035,360,2021-10-01,0,65000.0
5026299,295000,2021-11-01,1283.86,0.0325,360,2021-11-01,0,295000.0
5026302,205000,2021-10-01,906.3,0.03375,360,2021-10-01,0,205000.0
5026306,135000,2021-11-01,606.22,0.035,360,2021-11-01,0,135000.0
5026310,155000,2021-11-01,663.99,0.03125,360,2021-11-01,0,155000.0
5026312,345000,2021-10-01,1477.9,0.03125,360,2021-10-01,0,345000.0
5026316,145000,2021-10-01,631.05,0.0325,360,2021-10-01,0,145000.0
5026317,145000,2021-10-01,652.76,0.029900000000000003,324,2021-10-01,0,145000.0
5026318,135000,2021-10-01,900.17,0.025,180,2021-10-01,0,135000.0
5026321,265000,2021-10-01,1115.83,0.029900000000000003,360,2021-10-01,0,265000.0
5026324,145000,2021-11-01,966.85,0.025,180,2021-11-01,0,145000.0
5026325,185000,2021-10-01,778.98,0.029900000000000003,360,2021-10-01,0,185000.0
5026328,165000,2021-10-01,914.27,0.029900000000000003,240,2021-10-01,0,165000.0
5026333,255000,2021-10-01,1066.86,0.0294,360,2021-10-01,0,255000.0
5026335,105000,2021-10-01,456.97,0.0325,360,2021-10-01,0,105000.0
5026338,145000,2021-10-01,621.15,0.03125,360,2021-10-01,0,145000.0
5026339,335000,2021-10-01,2175.1,0.02125,180,2021-10-01,0,335000.0
5026343,405000,2021-11-01,1653.38,0.0275,360,2021-11-01,0,405000.0
5026345,725000,2021-10-01,4791.68,0.02375,180,2021-10-01,0,725000.0
5026346,105000,2021-10-01,456.97,0.0325,360,2021-10-01,0,105000.0
5026347,85000,2021-10-01,357.91,0.029900000000000003,360,2021-10-01,0,85000.0
5026351,185000,2021-10-01,1189.64,0.0199,180,2021-10-01,0,185000.0
5026352,215000,2021-10-01,905.29,0.029900000000000003,360,2021-10-01,0,215000.0
5026357,95000,2021-10-01,394.15,0.02875,360,2021-10-01,0,95000.0
5026360,125000,2021-10-01,733.01,0.03625,240,2021-10-01,0,125000.0
5026363,205000,2021-10-01,1318.25,0.0199,180,2021-10-01,0,205000.0
5026366,265000,2021-10-01,1081.84,0.0275,360,2021-10-01,0,265000.0
5026370,305000,2021-11-01,1672.51,0.02875,240,2021-11-01,0,305000.0
5026373,265000,2021-10-01,2468.15,0.0225,120,2021-10-01,0,265000.0
5026376,85000,2021-10-01,566.78,0.025,180,2021-10-01,0,85000.0
5026381,215000,2021-10-01,935.7,0.0325,360,2021-10-01,0,215000.0
5026384,335000,2021-11-01,1323.66,0.025,360,2021-11-01,0,335000.0
5026389,535000,2021-10-01,2148.84,0.02625,360,2021-10-01,0,535000.0
5026392,735000,2021-10-01,3094.83,0.029900000000000003,360,2021-10-01,0,735000.0
5026395,345000,2021-10-01,1452.68,0.029900000000000003,360,2021-10-01,0,345000.0
5026400,95000,2021-10-01,420.0,0.03375,360,2021-10-01,0,95000.0
5026401,105000,2021-10-01,712.56,0.0275,180,2021-10-01,0,105000.0
5026404,265000,2021-10-01,1171.56,0.03375,360,2021-10-01,0,265000.0
5026409,545000,2021-11-01,2294.81,0.029900000000000003,360,2021-11-01,0,545000.0
5026412,395000,2021-10-01,1612.56,0.0275,360,2021-10-01,0,395000.0
5026417,205000,2021-10-01,863.19,0.029900000000000003,360,2021-10-01,0,205000.0
5026422,365000,2021-10-01,1588.51,0.0325,360,2021-10-01,0,365000.0
5026427,345000,2021-10-01,1849.25,0.02625,240,2021-10-01,0,345000.0
5026429,285000,2021-10-01,1220.88,0.03125,360,2021-10-01,0,285000.0
5026430,335000,2021-10-01,1856.23,0.029900000000000003,240,2021-10-01,0,335000.0
5026435,605000,2021-10-01,2674.69,0.03375,360,2021-10-01,0,605000.0
5026436,205000,2021-11-01,878.17,0.03125,360,2021-11-01,0,205000.0
5026439,175000,2021-10-01,736.87,0.029900000000000003,360,2021-10-01,0,175000.0
5026441,205000,2021-10-01,977.52,0.039900000000000005,360,2021-10-01,0,205000.0
5026444,435000,2021-10-01,1831.64,0.029900000000000003,360,2021-10-01,0,435000.0
5026446,475000,2021-10-01,1939.15,0.0275,360,2021-10-01,0,475000.0
5026449,405000,2021-10-01,1705.32,0.029900000000000003,360,2021-10-01,0,405000.0
5026450,505000,2021-10-01,2126.38,0.029900000000000003,360,2021-10-01,0,505000.0
5026454,265000,2021-10-01,1081.84,0.0275,360,2021-10-01,0,265000.0
5026459,235000,2021-10-01,1302.13,0.029900000000000003,240,2021-10-01,0,235000.0
5026463,145000,2021-10-01,535.23,0.0199,360,2021-10-01,0,145000.0
5026466,435000,2021-10-01,2252.47,0.0225,240,2021-10-01,0,435000.0
5026467,345000,2021-10-01,1363.17,0.025,360,2021-10-01,0,345000.0
5026470,205000,2021-10-01,1124.15,0.02875,240,2021-10-01,0,205000.0
5026472,235000,2021-10-01,1580.83,0.02625,180,2021-10-01,0,235000.0
5026476,205000,2021-11-01,934.91,0.03625,360,2021-11-01,0,205000.0
5026480,315000,2021-10-01,1688.45,0.02625,240,2021-10-01,0,315000.0
5026485,125000,2021-10-01,552.63,0.03375,360,2021-10-01,0,125000.0
5026487,455000,2021-10-01,1887.77,0.02875,360,2021-10-01,0,455000.0
5026490,485000,2021-10-01,1948.01,0.02625,360,2021-10-01,0,485000.0
5026492,235000,2021-10-01,989.51,0.029900000000000003,360,2021-10-01,0,235000.0
5026493,225000,2021-10-01,947.4,0.029900000000000003,360,2021-10-01,0,225000.0
5026496,125000,2021-10-01,518.62,0.02875,360,2021-10-01,0,125000.0
5026501,285000,2021-10-01,1154.45,0.0269,360,2021-10-01,0,285000.0
5026506,335000,2021-10-01,1481.03,0.03375,360,2021-10-01,0,335000.0
5026511,585000,2021-10-01,3226.86,0.0294,240,2021-10-01,0,585000.0
5026512,155000,2021-10-01,1051.87,0.0275,180,2021-10-01,0,155000.0
5026516,545000,2021-10-01,3698.49,0.0275,180,2021-10-01,0,545000.0
5026517,515000,2021-10-01,2792.16,0.0275,240,2021-10-01,0,515000.0
5026519,315000,2021-10-01,2261.17,0.0275,168,2021-10-01,0,315000.0
5026523,205000,2021-10-01,850.53,0.02875,360,2021-10-01,0,205000.0
5026524,735000,2021-10-01,3094.83,0.029900000000000003,360,2021-10-01,0,735000.0
5026527,235000,2021-10-01,989.51,0.029900000000000003,360,2021-10-01,0,235000.0
5026530,105000,2021-10-01,456.97,0.0325,360,2021-10-01,0,105000.0
5026534,405000,2021-11-01,1653.38,0.0275,360,2021-11-01,0,405000.0
5026539,475000,2021-10-01,1939.15,0.0275,360,2021-10-01,0,475000.0
5026544,455000,2021-10-01,1857.5,0.0275,360,2021-10-01,0,455000.0
5026546,295000,2021-10-01,1242.15,0.029900000000000003,360,2021-10-01,0,295000.0
5026551,325000,2021-10-01,2110.17,0.02125,180,2021-10-01,0,325000.0
5026556,355000,2021-10-01,2325.56,0.0225,180,2021-10-01,0,355000.0
5026559,435000,2021-10-01,1804.79,0.02875,360,2021-10-01,0,435000.0
5026564,365000,2021-10-01,1490.09,0.0275,360,2021-10-01,0,365000.0
5026567,105000,2021-10-01,428.66,0.0275,360,2021-10-01,0,105000.0
5026568,445000,2021-10-01,1846.28,0.02875,360,2021-10-01,0,445000.0
5026570,295000,2021-10-01,2048.65,0.0225,168,2021-11-01,1,293504.475
5026572,185000,2021-10-01,778.98,0.029900000000000003,360,2021-10-01,0,185000.0
5026573,185000,2021-10-01,1211.91,0.0225,180,2021-10-01,0,185000.0
5026574,215000,2021-10-01,1459.04,0.0275,180,2021-10-01,0,215000.0
5026575,175000,2021-10-01,736.87,0.029900000000000003,360,2021-10-01,0,175000.0
5026577,165000,2021-10-01,1879.69,0.0225,96,2021-10-01,0,165000.0
5026581,75000,2021-10-01,353.06,0.03375,324,2021-11-01,1,74857.8775
5026582,95000,2021-10-01,633.45,0.025,180,2021-10-01,0,95000.0
5026586,325000,2021-10-01,1368.47,0.029900000000000003,360,2021-11-01,1,324441.3216666667
5026589,335000,2021-10-01,2253.51,0.02625,180,2021-10-01,0,335000.0
5026591,175000,2021-10-01,1156.62,0.02375,180,2021-10-01,0,175000.0
5026595,75000,2021-10-01,513.44,0.02875,180,2021-10-01,0,75000.0
5026596,365000,2021-10-01,1514.36,0.02875,360,2021-10-01,0,365000.0
5026600,165000,2021-10-01,1119.73,0.0275,180,2021-11-01,1,164258.395
5026605,505000,2021-10-01,2061.62,0.0275,360,2021-10-01,0,505000.0
5026608,175000,2021-10-01,761.62,0.0325,360,2021-10-01,0,175000.0
5026611,205000,2021-10-01,863.19,0.029900000000000003,360,2021-10-01,0,205000.0
5026613,625000,2021-11-01,2593.08,0.02875,360,2021-11-01,0,625000.0
5026616,195000,2021-10-01,1080.49,0.029900000000000003,240,2021-10-01,0,195000.0
5026619,75000,2021-10-01,517.58,0.029900000000000003,180,2021-10-01,0,75000.0
5026620,135000,2021-10-01,560.11,0.02875,360,2021-10-01,0,135000.0
5026622,715000,2021-10-01,2966.49,0.02875,360,2021-10-01,0,715000.0
5026627,195000,2021-10-01,1288.8,0.02375,180,2021-10-01,0,195000.0
5026630,155000,2021-11-01,830.83,0.02625,240,2021-11-01,0,155000.0
5026633,205000,2021-10-01,850.53,0.02875,360,2021-10-01,0,205000.0
5026635,315000,2021-10-01,1370.9,0.0325,360,2021-10-01,0,315000.0
5026639,275000,2021-10-01,1801.49,0.0225,180,2021-10-01,0,275000.0
5026643,235000,2021-10-01,1511.17,0.0199,180,2021-10-01,0,235000.0
5026645,165000,2021-11-01,718.1,0.0325,360,2021-11-01,0,165000.0
5026648,335000,2021-10-01,1389.89,0.02875,360,2021-10-01,0,335000.0
5026650,225000,2021-11-01,947.4,0.029900000000000003,360,2021-11-01,0,225000.0
5026654,125000,2021-11-01,570.07,0.03625,360,2021-11-01,0,125000.0
5026659,305000,2021-11-01,1485.34,0.029900000000000003,288,2021-11-01,0,305000.0
5026663,155000,2021-10-01,685.25,0.03375,360,2021-10-01,0,155000.0
5026665,425000,2021-10-01,1789.53,0.029900000000000003,360,2021-11-01,1,424269.4283333333
5026668,165000,2021-10-01,684.58,0.02875,360,2021-10-01,0,165000.0
5026669,535000,2021-10-01,2365.22,0.03375,360,2021-10-01,0,535000.0
5026672,165000,2021-10-01,684.58,0.02875,360,2021-11-01,1,164710.7325
5026675,275000,2021-10-01,1140.96,0.02875,360,2021-10-01,0,275000.0
5026679,235000,2021-10-01,1038.93,0.03375,360,2021-10-01,0,235000.0
5026682,185000,2021-10-01,817.88,0.03375,360,2021-10-01,0,185000.0
5026687,245000,2021-09-01,1058.21,0.0319,360,2021-10-01,1,244593.08166666667
5026690,255000,2021-10-01,1745.7,0.02875,180,2021-11-01,1,253865.2375
5026693,255000,2021-11-01,1109.78,0.0325,360,2021-11-01,0,255000.0
5026696,365000,2021-10-01,1536.89,0.029900000000000003,360,2021-11-01,1,364372.5683333333
5026699,255000,2021-10-01,1351.26,0.025,240,2021-10-01,0,255000.0
5026701,95000,2021-10-01,526.4,0.029900000000000003,240,2021-10-01,0,95000.0
5026704,165000,2021-10-01,1100.21,0.025,180,2021-11-01,1,164243.54
5026709,255000,2021-10-01,1398.33,0.02875,240,2021-10-01,0,255000.0
5026712,355000,2021-10-01,1494.79,0.029900000000000003,360,2021-10-01,0,355000.0
5026717,115000,2021-10-01,500.49,0.0325,360,2021-10-01,0,115000.0
5026719,185000,2021-10-01,805.14,0.0325,360,2021-11-01,1,184695.90166666664
5026722,735000,2021-10-01,3000.58,0.0275,360,2021-10-01,0,735000.0
5026723,235000,2021-10-01,989.51,0.029900000000000003,360,2021-10-01,0,235000.0
5026727,185000,2021-10-01,817.88,0.03375,360,2021-11-01,1,184702.4325
5026731,145000,2021-10-01,572.93,0.025,360,2021-10-01,0,145000.0
5026734,115000,2021-10-01,477.13,0.02875,360,2021-10-01,0,115000.0
5026739,145000,2021-10-01,591.95,0.0275,360,2021-10-01,0,145000.0
5026741,145000,2021-10-01,621.15,0.03125,360,2021-10-01,0,145000.0
5026746,605000,2021-10-01,2469.86,0.0275,360,2021-10-01,0,605000.0
5026750,235000,2021-11-01,975.0,0.02875,360,2021-11-01,0,235000.0
5026752,125000,2021-10-01,692.63,0.029900000000000003,240,2021-10-01,0,125000.0
5026756,625000,2021-10-01,2631.66,0.029900000000000003,360,2021-10-01,0,625000.0
5026758,195000,2021-10-01,809.05,0.02875,360,2021-10-01,0,195000.0
5026763,215000,2021-11-01,921.01,0.03125,360,2021-11-01,0,215000.0
5026768,545000,2021-11-01,2409.43,0.03375,360,2021-11-01,0,545000.0
5026772,165000,2021-11-01,740.93,0.035,360,2021-11-01,0,165000.0
5026777,135000,2021-10-01,560.11,0.02875,360,2021-10-01,0,135000.0
5026780,185000,2021-10-01,767.56,0.02875,360,2021-10-01,0,185000.0
5026781,125000,2021-10-01,544.01,0.0325,360,2021-10-01,0,125000.0
5026784,355000,2021-10-01,2346.27,0.02375,180,2021-10-01,0,355000.0
5026785,285000,2021-10-01,1492.93,0.02375,240,2021-10-01,0,285000.0
5026787,145000,2021-10-01,652.76,0.029900000000000003,324,2021-10-01,0,145000.0
5026791,115000,2021-11-01,1084.11,0.025,120,2021-11-01,0,115000.0
5026793,105000,2021-10-01,442.12,0.029900000000000003,360,2021-10-01,0,105000.0
5026795,275000,2021-11-01,1157.93,0.029900000000000003,360,2021-11-01,0,275000.0
5026797,125000,2021-10-01,526.34,0.029900000000000003,360,2021-10-01,0,125000.0
5026801,475000,2021-10-01,3084.09,0.02125,180,2021-10-01,0,475000.0
5026803,105000,2021-11-01,700.13,0.025,180,2021-11-01,0,105000.0
5026808,105000,2021-11-01,922.73,0.0275,132,2021-11-01,0,105000.0
5026811,215000,2021-10-01,1471.86,0.02875,180,2021-10-01,0,215000.0
5026814,125000,2021-10-01,526.34,0.029900000000000003,360,2021-10-01,0,125000.0
5026819,345000,2021-10-01,2260.05,0.0225,180,2021-10-01,0,345000.0
5026822,485000,2021-11-01,3065.5,0.0175,180,2021-11-01,0,485000.0
5026825,95000,2021-10-01,420.0,0.03375,360,2021-10-01,0,95000.0
5026829,235000,2021-10-01,1498.76,0.01875,180,2021-10-01,0,235000.0
5026833,155000,2021-10-01,674.57,0.0325,360,2021-10-01,0,155000.0
5026836,625000,2021-11-01,2763.11,0.03375,360,2021-11-01,0,625000.0
5026839,255000,2021-10-01,1655.67,0.02125,180,2021-11-01,1,253795.8925
5026841,105000,2021-10-01,724.61,0.029900000000000003,180,2021-10-01,0,105000.0
5026845,245000,2021-10-01,1000.2,0.0275,360,2021-10-01,0,245000.0
5026849,155000,2021-10-01,1079.75,0.03125,180,2021-10-01,0,155000.0
5026853,265000,2021-10-01,1153.3,0.0325,360,2021-10-01,0,265000.0
5026857,155000,2021-11-01,674.57,0.0325,360,2021-11-01,0,155000.0
5026862,245000,2021-11-01,1049.52,0.03125,360,2021-11-01,0,245000.0
5026864,345000,2021-10-01,2380.85,0.029900000000000003,180,2021-10-01,0,345000.0
5026868,205000,2021-10-01,906.3,0.03375,360,2021-11-01,1,204670.2625
5026869,425000,2021-10-01,1789.53,0.029900000000000003,360,2021-10-01,0,425000.0
5026873,125000,2021-10-01,552.63,0.03375,360,2021-10-01,0,125000.0
5026877,305000,2021-11-01,2171.42,0.02625,168,2021-11-01,0,305000.0
5026882,255000,2021-11-01,1066.86,0.0294,360,2021-11-01,0,255000.0
5026883,245000,2021-10-01,1083.14,0.03375,360,2021-10-01,0,245000.0
5026887,295000,2021-10-01,1194.96,0.0269,360,2021-10-01,0,295000.0
5026890,545000,2021-10-01,2294.81,0.029900000000000003,360,2021-10-01,0,545000.0
5026893,305000,2021-10-01,1265.43,0.02875,360,2021-10-01,0,305000.0
5026898,135000,2021-10-01,908.14,0.02625,180,2021-10-01,0,135000.0
5026899,195000,2021-10-01,848.66,0.0325,360,2021-10-01,0,195000.0
5026900,265000,2021-11-01,1115.83,0.029900000000000003,360,2021-11-01,0,265000.0
5026901,525000,2021-10-01,2143.27,0.0275,360,2021-10-01,0,525000.0
5026904,575000,2021-10-01,2562.79,0.0344,360,2021-10-01,0,575000.0
5026909,195000,2021-10-01,916.97,0.03875,360,2021-10-01,0,195000.0
5026914,535000,2021-10-01,2291.81,0.03125,360,2021-11-01,1,534101.4191666666
5026919,355000,2021-10-01,1449.26,0.0275,360,2021-10-01,0,355000.0
5026924,495000,2021-11-01,3183.09,0.0199,180,2021-11-01,0,495000.0
5026927,255000,2021-11-01,1057.98,0.02875,360,2021-11-01,0,255000.0
5026931,65000,2021-10-01,278.45,0.03125,360,2021-10-01,0,65000.0
5026933,375000,2021-10-01,1657.87,0.03375,360,2021-10-01,0,375000.0
5026936,255000,2021-10-01,2360.65,0.02125,120,2021-10-01,0,255000.0
5026941,155000,2021-10-01,1051.87,0.0275,180,2021-10-01,0,155000.0
5026946,285000,2021-10-01,1240.34,0.0325,360,2021-10-01,0,285000.0
5026948,205000,2021-10-01,1086.31,0.025,240,2021-10-01,0,205000.0
5026949,205000,2021-11-01,1379.02,0.02625,180,2021-11-01,0,205000.0
5026952,385000,2021-10-01,1597.34,0.02875,360,2021-10-01,0,385000.0
5026954,285000,2021-11-01,1279.78,0.035,360,2021-11-01,0,285000.0
5026959,255000,2021-10-01,1109.78,0.0325,360,2021-10-01,0,255000.0
5026964,305000,2021-11-01,2104.81,0.029900000000000003,180,2021-11-01,0,305000.0
5026967,135000,2021-10-01,568.44,0.029900000000000003,360,2021-10-01,0,135000.0
5026968,145000,2021-10-01,641.04,0.03375,360,2021-10-01,0,145000.0
5026971,425000,2021-11-01,1735.03,0.0275,360,2021-11-01,0,425000.0
5026974,175000,2021-11-01,714.43,0.0275,360,2021-11-01,0,175000.0
5026979,285000,2021-11-01,1259.98,0.03375,360,2021-11-01,0,285000.0
5026980,325000,2021-10-01,1508.02,0.0325,324,2021-10-01,0,325000.0
5026981,325000,2021-10-01,1368.47,0.029900000000000003,360,2021-10-01,0,325000.0
5026984,285000,2021-11-01,1240.34,0.0325,360,2021-11-01,0,285000.0
5026988,185000,2021-11-01,853.43,0.0275,300,2021-11-01,0,185000.0
5026992,195000,2021-11-01,770.49,0.025,360,2021-11-01,0,195000.0
5026995,545000,2021-11-01,2294.81,0.029900000000000003,360,2021-11-01,0,545000.0
5027000,85000,2021-10-01,391.39,0.03375,336,2021-10-01,0,85000.0
5027001,75000,2021-10-01,508.97,0.0275,180,2021-10-01,0,75000.0
5027005,135000,2021-10-01,568.44,0.029900000000000003,360,2021-10-01,0,135000.0
5027007,195000,2021-10-01,821.08,0.029900000000000003,360,2021-10-01,0,195000.0
5027010,145000,2021-10-01,641.04,0.03375,360,2021-10-01,0,145000.0
5027013,305000,2021-10-01,1317.36,0.0319,360,2021-10-01,0,305000.0
5027014,115000,2021-10-01,484.23,0.029900000000000003,360,2021-10-01,0,115000.0
5027016,125000,2021-10-01,685.46,0.02875,240,2021-10-01,0,125000.0
5027019,265000,2021-10-01,2682.02,0.0199,108,2021-10-01,0,265000.0
5027023,105000,2021-11-01,1001.82,0.0275,120,2021-11-01,0,105000.0
5027026,355000,2021-10-01,1669.35,0.03875,360,2021-10-01,0,355000.0
5027028,235000,2021-10-01,1594.77,0.0275,180,2021-10-01,0,235000.0
5027029,285000,2021-10-01,1182.45,0.02875,360,2021-10-01,0,285000.0
5027034,315000,2021-10-01,1370.9,0.0325,360,2021-10-01,0,315000.0
5027037,705000,2021-11-01,2878.11,0.0275,360,2021-11-01,0,705000.0
5027041,725000,2021-10-01,3052.73,0.029900000000000003,360,2021-10-01,0,725000.0
5027044,545000,2021-11-01,2409.43,0.03375,360,2021-11-01,0,545000.0
5027049,145000,2021-11-01,651.12,0.035,360,2021-11-01,0,145000.0
5027052,195000,2021-10-01,875.64,0.035,360,2021-10-01,0,195000.0
5027055,665000,2021-11-01,2693.72,0.0269,360,2021-11-01,0,665000.0
5027057,615000,2021-10-01,2510.69,0.0275,360,2021-10-01,0,615000.0
5027060,305000,2021-10-01,1369.59,0.035,360,2021-10-01,0,305000.0
5027065,165000,2021-10-01,914.27,0.029900000000000003,240,2021-10-01,0,165000.0
5027069,65000,2021-11-01,448.57,0.029900000000000003,180,2021-11-01,0,65000.0
5027074,195000,2021-10-01,796.08,0.0275,360,2021-10-01,0,195000.0
5027078,185000,2021-10-01,1014.47,0.02875,240,2021-10-01,0,185000.0
5027081,215000,2021-10-01,1408.44,0.0225,180,2021-10-01,0,215000.0
5027086,1245000,2021-10-01,5418.32,0.0325,360,2021-10-01,0,1245000.0
5027087,265000,2021-10-01,1468.36,0.029900000000000003,240,2021-10-01,0,265000.0
5027088,705000,2021-10-01,3068.21,0.0325,360,2021-10-01,0,705000.0
5027091,115000,2021-10-01,477.13,0.02875,360,2021-10-01,0,115000.0
5027093,175000,2021-10-01,927.34,0.025,240,2021-11-01,1,174437.24333333335
5027095,75000,2021-10-01,331.58,0.03375,360,2021-11-01,1,74879.3575
5027099,485000,2021-10-01,2144.17,0.03375,360,2021-10-01,0,485000.0
5027103,235000,2021-11-01,1115.56,0.0275,288,2021-11-01,0,235000.0
5027105,265000,2021-10-01,1798.35,0.0275,180,2021-10-01,0,265000.0
5027109,255000,2021-11-01,1700.32,0.025,180,2021-11-01,0,255000.0
5027110,165000,2021-10-01,718.1,0.0325,360,2021-11-01,1,164728.775
5027111,215000,2021-10-01,1446.29,0.02625,180,2021-10-01,0,215000.0
5027115,545000,2021-10-01,2207.64,0.0269,360,2021-10-01,0,545000.0
5027119,405000,2021-10-01,1734.93,0.03125,360,2021-10-01,0,405000.0
5027121,165000,2021-10-01,718.1,0.0325,360,2021-10-01,0,165000.0
5027122,255000,2021-10-01,1109.78,0.0325,360,2021-10-01,0,255000.0
5027125,255000,2021-11-01,1073.72,0.029900000000000003,360,2021-11-01,0,255000.0
5027126,335000,2021-10-01,1446.94,0.0319,360,2021-11-01,1,334443.6016666667
5027127,145000,2021-10-01,610.55,0.029900000000000003,360,2021-10-01,0,145000.0
5027132,245000,2021-10-01,1313.24,0.02625,240,2021-10-01,0,245000.0
5027133,275000,2021-10-01,1157.93,0.029900000000000003,360,2021-10-01,0,275000.0
5027134,405000,2021-10-01,1734.93,0.03125,360,2021-10-01,0,405000.0
5027135,285000,2021-10-01,1182.45,0.02875,360,2021-10-01,0,285000.0
5027140,135000,2021-10-01,568.44,0.029900000000000003,360,2021-10-01,0,135000.0
5027141,205000,2021-10-01,863.19,0.029900000000000003,360,2021-10-01,0,205000.0
5027143,145000,2021-11-01,691.42,0.039900000000000005,360,2021-11-01,0,145000.0
5027147,445000,2021-10-01,1816.68,0.0275,360,2021-10-01,0,445000.0
5027150,85000,2021-11-01,357.91,0.029900000000000003,360,2021-11-01,0,85000.0
5027151,495000,2021-10-01,1923.84,0.02375,360,2021-10-01,0,495000.0
5027155,155000,2021-11-01,970.13,0.029900000000000003,204,2021-11-01,0,155000.0
5027159,215000,2021-10-01,2014.61,0.02375,120,2021-10-01,0,215000.0
5027160,125000,2021-10-01,833.49,0.025,180,2021-10-01,0,125000.0
5027164,145000,2021-10-01,1265.9,0.02625,132,2021-10-01,0,145000.0
5027165,525000,2021-10-01,2178.19,0.02875,360,2021-10-01,0,525000.0
5027170,335000,2021-10-01,1527.78,0.03625,360,2021-10-01,0,335000.0
5027173,165000,2021-10-01,1090.52,0.02375,180,2021-10-01,0,165000.0
5027176,375000,2021-10-01,1555.85,0.02875,360,2021-10-01,0,375000.0
5027179,225000,2021-10-01,1178.63,0.02375,240,2021-10-01,0,225000.0
5027183,155000,2021-10-01,1098.58,0.03375,180,2021-10-01,0,155000.0
5027187,155000,2021-10-01,1042.67,0.02625,180,2021-10-01,0,155000.0
5027190,465000,2021-11-01,1898.33,0.0275,360,2021-11-01,0,465000.0
5027195,155000,2021-10-01,1015.39,0.0225,180,2021-10-01,0,155000.0
5027196,315000,2021-10-01,1306.92,0.02875,360,2021-10-01,0,315000.0
5027200,335000,2021-11-01,1457.95,0.0325,360,2021-11-01,0,335000.0
5027205,145000,2021-11-01,622.33,0.031400000000000004,360,2021-11-01,0,145000.0
5027207,505000,2021-10-01,1898.31,0.02125,360,2021-11-01,1,503995.9608333333
5027211,435000,2021-10-01,1747.18,0.02625,360,2021-10-01,0,435000.0
5027215,205000,2021-09-01,1318.25,0.0199,180,2021-09-01,0,205000.0
5027219,425000,2021-10-01,1763.3,0.02875,360,2021-10-01,0,425000.0
5027222,95000,2021-10-01,627.88,0.02375,180,2021-10-01,0,95000.0
5027225,195000,2021-10-01,848.66,0.0325,360,2021-11-01,1,194679.465
5027230,115000,2021-10-01,760.06,0.02375,180,2021-11-01,1,114467.54416666667
5027235,305000,2021-11-01,1690.0,0.029900000000000003,240,2021-11-01,0,305000.0
5027240,345000,2021-10-01,1452.68,0.029900000000000003,360,2021-10-01,0,345000.0
5027243,405000,2021-10-01,1653.38,0.0275,360,2021-10-01,0,405000.0
5027244,545000,2021-10-01,3504.62,0.0199,180,2021-10-01,0,545000.0
5027246,165000,2021-11-01,894.58,0.0275,240,2021-11-01,0,165000.0
5027251,285000,2021-10-01,1867.0,0.0225,180,2021-10-01,0,285000.0
5027256,175000,2021-10-01,726.07,0.02875,360,2021-10-01,0,175000.0
5027259,215000,2021-11-01,1433.6,0.025,180,2021-11-01,0,215000.0
5027260,155000,2021-10-01,811.95,0.02375,240,2021-10-01,0,155000.0
5027264,235000,2021-10-01,975.0,0.02875,360,2021-10-01,0,235000.0
5027265,505000,2021-10-01,2645.37,0.02375,240,2021-10-01,0,505000.0
5027270,265000,2021-10-01,1115.83,0.029900000000000003,360,2021-10-01,0,265000.0
5027275,195000,2021-10-01,1057.23,0.0275,240,2021-11-01,1,194389.645
5027280,125000,2021-11-01,526.34,0.029900000000000003,360,2021-11-01,0,125000.0
5027284,235000,2021-10-01,1055.26,0.035,360,2021-10-01,0,235000.0
5027286,145000,2021-10-01,631.05,0.0325,360,2021-10-01,0,145000.0
5027287,275000,2021-10-01,1817.54,0.02375,180,2021-10-01,0,275000.0
5027292,215000,2021-10-01,905.29,0.029900000000000003,360,2021-10-01,0,215000.0
5027293,305000,2021-10-01,2069.8,0.0275,180,2021-10-01,0,305000.0
5027294,295000,2021-10-01,1617.67,0.02875,240,2021-10-01,0,295000.0
5027295,175000,2021-10-01,773.67,0.03375,360,2021-10-01,0,175000.0
5027297,385000,2021-10-01,2063.66,0.02625,240,2021-10-01,0,385000.0
5027302,215000,2021-10-01,905.29,0.029900000000000003,360,2021-10-01,0,215000.0
5027305,165000,2021-11-01,1119.73,0.0275,180,2021-11-01,0,165000.0
5027306,425000,2021-10-01,1735.03,0.0275,360,2021-10-01,0,425000.0
5027309,725000,2021-11-01,3155.25,0.0325,360,2021-11-01,0,725000.0
5027312,125000,2021-10-01,518.62,0.02875,360,2021-10-01,0,125000.0
5027315,275000,2021-10-01,1122.67,0.0275,360,2021-10-01,0,275000.0
5027317,275000,2021-10-01,1196.82,0.0325,360,2021-10-01,0,275000.0
5027322,75000,2021-10-01,336.79,0.035,360,2021-10-01,0,75000.0
5027324,345000,2021-10-01,1525.24,0.03375,360,2021-10-01,0,345000.0
5027328,595000,2021-10-01,2505.34,0.029900000000000003,360,2021-10-01,0,595000.0
5027333,325000,2021-10-01,1563.52,0.02875,288,2021-10-01,0,325000.0
5027336,445000,2021-10-01,1873.74,0.029900000000000003,360,2021-10-01,0,445000.0
5027341,165000,2021-10-01,775.9,0.03875,360,2021-10-01,0,165000.0
5027342,125000,2021-11-01,833.49,0.025,180,2021-11-01,0,125000.0
5027345,85000,2021-10-01,357.91,0.029900000000000003,360,2021-10-01,0,85000.0
5027346,215000,2021-10-01,935.7,0.0325,360,2021-10-01,0,215000.0
5027349,245000,2021-10-01,1328.31,0.0275,240,2021-10-01,0,245000.0
5027354,435000,2021-10-01,1831.64,0.029900000000000003,360,2021-10-01,0,435000.0
5027355,405000,2021-10-01,1705.32,0.029900000000000003,360,2021-10-01,0,405000.0
5027360,455000,2021-10-01,2438.87,0.02625,240,2021-10-01,0,455000.0
5027364,95000,2021-11-01,538.84,0.0325,240,2021-11-01,0,95000.0
5027366,255000,2021-10-01,1073.72,0.029900000000000003,360,2021-10-01,0,255000.0
5027367,225000,2021-10-01,979.22,0.0325,360,2021-10-01,0,225000.0
5027370,575000,2021-10-01,2421.13,0.029900000000000003,360,2021-10-01,0,575000.0
5027373,155000,2021-10-01,1033.53,0.025,180,2021-10-01,0,155000.0
5027374,815000,2021-10-01,3409.76,0.0294,360,2021-10-01,0,815000.0
5027375,185000,2021-10-01,778.98,0.029900000000000003,360,2021-10-01,0,185000.0
5027376,285000,2021-10-01,1200.04,0.029900000000000003,360,2021-10-01,0,285000.0
5027378,195000,2021-10-01,809.05,0.02875,360,2021-10-01,0,195000.0
5027383,275000,2021-11-01,1196.82,0.0325,360,2021-11-01,0,275000.0
5027385,155000,2021-10-01,643.09,0.02875,360,2021-10-01,0,155000.0
5027389,585000,2021-10-01,2447.5,0.0294,360,2021-10-01,0,585000.0
5027394,95000,2021-10-01,639.06,0.02625,180,2021-10-01,0,95000.0
5027398,275000,2021-10-01,1157.93,0.029900000000000003,360,2021-10-01,0,275000.0
5027400,295000,2021-10-01,2713.08,0.0199,120,2021-10-01,0,295000.0
5027402,215000,2021-11-01,1408.44,0.0225,180,2021-11-01,0,215000.0
5027407,195000,2021-10-01,719.79,0.0199,360,2021-10-01,0,195000.0
5027409,625000,2021-11-01,2677.35,0.03125,360,2021-11-01,0,625000.0
5027412,345000,2021-10-01,1870.48,0.0275,240,2021-10-01,0,345000.0
5027415,215000,2021-10-01,905.29,0.029900000000000003,360,2021-10-01,0,215000.0
5027420,185000,2021-10-01,1744.0,0.025,120,2021-10-01,0,185000.0
5027424,185000,2021-10-01,778.98,0.029900000000000003,360,2021-10-01,0,185000.0
5027426,195000,2021-10-01,1016.82,0.03375,276,2021-10-01,0,195000.0
5027427,225000,2021-10-01,1233.82,0.02875,240,2021-10-01,0,225000.0
5027431,325000,2021-10-01,1316.48,0.0269,360,2021-10-01,0,325000.0
5027432,185000,2021-10-01,778.98,0.029900000000000003,360,2021-11-01,1,184681.97833333333
5027435,135000,2021-10-01,916.14,0.0275,180,2021-10-01,0,135000.0
5027439,285000,2021-10-01,1240.34,0.0325,360,2021-10-01,0,285000.0
5027441,425000,2021-11-01,1849.63,0.0325,360,2021-11-01,0,425000.0
5027444,355000,2021-11-01,1544.99,0.0325,360,2021-11-01,0,355000.0
5027445,175000,2021-11-01,1207.68,0.029900000000000003,180,2021-11-01,0,175000.0
5027449,155000,2021-10-01,685.25,0.03375,360,2021-10-01,0,155000.0
5027451,185000,2021-10-01,1211.91,0.0225,180,2021-10-01,0,185000.0
5027454,225000,2021-11-01,994.72,0.03375,360,2021-11-01,0,225000.0
5027456,105000,2021-11-01,581.81,0.029900000000000003,240,2021-11-01,0,105000.0
5027457,385000,2021-10-01,1501.28,0.024,360,2021-11-01,1,384268.72
5027462,395000,2021-10-01,1600.03,0.0269,360,2021-10-01,0,395000.0
5027467,105000,2021-10-01,712.56,0.0275,180,2021-10-01,0,105000.0
5027470,125000,2021-10-01,848.28,0.0275,180,2021-10-01,0,125000.0
5027472,125000,2021-10-01,848.28,0.0275,180,2021-10-01,0,125000.0
5027473,165000,2021-11-01,1100.21,0.025,180,2021-11-01,0,165000.0
5027477,165000,2021-10-01,718.1,0.0325,360,2021-10-01,0,165000.0
5027479,475000,2021-10-01,1939.15,0.0275,360,2021-10-01,0,475000.0
5027483,105000,2021-11-01,737.81,0.0325,180,2021-11-01,0,105000.0
5027488,475000,2021-10-01,2000.06,0.029900000000000003,360,2021-10-01,0,475000.0
5027492,435000,2021-11-01,2014.56,0.0375,360,2021-11-01,0,435000.0
5027497,235000,2021-10-01,1084.09,0.0275,300,2021-10-01,0,235000.0
5027500,305000,2021-10-01,1348.4,0.03375,360,2021-10-01,0,305000.0
5027503,75000,2021-11-01,527.01,0.0325,180,2021-11-01,0,75000.0
5027504,155000,2021-11-01,685.25,0.03375,360,2021-11-01,0,155000.0
5027508,225000,2021-11-01,1513.56,0.02625,180,2021-11-01,0,225000.0
5027511,335000,2021-11-01,1301.99,0.02375,360,2021-11-01,0,335000.0
5027514,825000,2021-11-01,5598.63,0.0275,180,2021-11-01,0,825000.0
5027517,505000,2021-10-01,2232.59,0.03375,360,2021-10-01,0,505000.0
5027522,225000,2021-10-01,933.51,0.02875,360,2021-10-01,0,225000.0
5027524,745000,2021-10-01,3017.78,0.0269,360,2021-10-01,0,745000.0
5027527,515000,2021-10-01,2206.14,0.03125,360,2021-10-01,0,515000.0
5027528,185000,2021-11-01,1255.46,0.0275,180,2021-11-01,0,185000.0
5027530,255000,2021-10-01,1730.49,0.0275,180,2021-10-01,0,255000.0
5027534,215000,2021-10-01,1483.72,0.029900000000000003,180,2021-10-01,0,215000.0
5027536,245000,2021-10-01,1134.64,0.0375,360,2021-10-01,0,245000.0
5027540,95000,2021-10-01,394.15,0.02875,360,2021-10-01,0,95000.0
5027542,345000,2021-10-01,1477.9,0.03125,360,2021-10-01,0,345000.0
5027544,295000,2021-11-01,1304.19,0.03375,360,2021-11-01,0,295000.0
5027549,235000,2021-10-01,959.37,0.0275,360,2021-10-01,0,235000.0
5027552,105000,2021-10-01,922.73,0.0275,132,2021-10-01,0,105000.0
5027557,215000,2021-10-01,1191.31,0.029900000000000003,240,2021-10-01,0,215000.0
5027560,445000,2021-10-01,1846.28,0.02875,360,2021-10-01,0,445000.0
5027565,325000,2021-10-01,1348.41,0.02875,360,2021-10-01,0,325000.0
5027568,155000,2021-10-01,632.78,0.0275,360,2021-10-01,0,155000.0
5027570,315000,2021-10-01,1326.36,0.029900000000000003,360,2021-10-01,0,315000.0
5027573,545000,2021-10-01,3634.01,0.025,180,2021-10-01,0,545000.0
5027577,215000,2021-10-01,2002.46,0.0225,120,2021-10-01,0,215000.0
5027578,295000,2021-11-01,1204.32,0.0275,360,2021-11-01,0,295000.0
5027579,295000,2021-11-01,1242.15,0.029900000000000003,360,2021-11-01,0,295000.0
5027584,315000,2021-10-01,2045.24,0.02125,180,2021-10-01,0,315000.0
5027587,185000,2021-10-01,817.88,0.03375,360,2021-10-01,0,185000.0
5027591,445000,2021-10-01,1906.28,0.03125,360,2021-10-01,0,445000.0
5027595,245000,2021-10-01,1328.31,0.0275,240,2021-10-01,0,245000.0
5027596,265000,2021-10-01,1468.36,0.029900000000000003,240,2021-10-01,0,265000.0
5027601,175000,2021-10-01,948.8,0.0275,240,2021-10-01,0,175000.0
5027605,305000,2021-10-01,1265.43,0.02875,360,2021-10-01,0,305000.0
5027609,675000,2021-10-01,2842.19,0.029900000000000003,360,2021-10-01,0,675000.0
5027614,175000,2021-10-01,761.62,0.0325,360,2021-10-01,0,175000.0
5027618,185000,2021-10-01,1211.91,0.0225,180,2021-10-01,0,185000.0
5027623,185000,2021-10-01,1193.01,0.03375,204,2021-10-01,0,185000.0
5027624,325000,2021-10-01,1368.47,0.029900000000000003,360,2021-10-01,0,325000.0
5027626,125000,2021-10-01,818.86,0.0225,180,2021-10-01,0,125000.0
5027630,215000,2021-10-01,1178.98,0.02875,240,2021-10-01,0,215000.0
5027632,225000,2021-10-01,994.72,0.03375,360,2021-10-01,0,225000.0
5027633,225000,2021-10-01,1219.88,0.0275,240,2021-10-01,0,225000.0
5027635,405000,2021-10-01,1705.32,0.029900000000000003,360,2021-10-01,0,405000.0
5027637,345000,2021-10-01,1565.17,0.0325,336,2021-10-01,0,345000.0
5027642,265000,2021-10-01,1115.83,0.029900000000000003,360,2021-10-01,0,265000.0
5027646,245000,2021-10-01,1298.27,0.025,240,2021-10-01,0,245000.0
5027651,235000,2021-10-01,975.0,0.02875,360,2021-10-01,0,235000.0
5027654,205000,2021-10-01,836.9,0.0275,360,2021-10-01,0,205000.0
5027658,375000,2021-10-01,1802.77,0.03125,300,2021-10-01,0,375000.0
5027661,425000,2021-10-01,1998.51,0.03875,360,2021-10-01,0,425000.0
5027665,175000,2021-11-01,761.62,0.0325,360,2021-11-01,0,175000.0
5027667,295000,2021-10-01,1204.32,0.0275,360,2021-10-01,0,295000.0
5027671,245000,2021-10-01,1066.26,0.0325,360,2021-10-01,0,245000.0
5027672,195000,2021-10-01,1069.31,0.02875,240,2021-10-01,0,195000.0
5027676,275000,2021-10-01,1215.77,0.03375,360,2021-10-01,0,275000.0
5027679,285000,2021-10-01,1200.04,0.029900000000000003,360,2021-10-01,0,285000.0
5027683,325000,2021-10-01,1348.41,0.02875,360,2021-10-01,0,325000.0
5027686,145000,2021-10-01,661.28,0.03625,360,2021-10-01,0,145000.0
5027690,115000,2021-10-01,1329.41,0.02625,96,2021-10-01,0,115000.0
5027694,255000,2021-10-01,1759.76,0.029900000000000003,180,2021-10-01,0,255000.0
5027696,625000,2021-10-01,2763.11,0.03375,360,2021-11-01,1,623994.7025
5027701,155000,2021-10-01,1042.67,0.02625,180,2021-10-01,0,155000.0
5027702,125000,2021-10-01,518.62,0.02875,360,2021-10-01,0,125000.0
5027704,105000,2021-10-01,706.33,0.02625,180,2021-10-01,0,105000.0
5027709,105000,2021-10-01,922.73,0.0275,132,2021-10-01,0,105000.0
5027712,165000,2021-10-01,1100.21,0.025,180,2021-10-01,0,165000.0
5027714,325000,2021-10-01,1702.47,0.02375,240,2021-11-01,1,323940.7591666667
5027715,115000,2021-10-01,500.49,0.0325,360,2021-10-01,0,115000.0
5027720,135000,2021-10-01,821.08,0.02625,204,2021-10-01,0,135000.0
5027724,335000,2021-10-01,1410.57,0.029900000000000003,360,2021-11-01,1,334424.1383333333
5027725,245000,2021-10-01,1016.49,0.02875,360,2021-10-01,0,245000.0
5027728,355000,2021-11-01,2430.28,0.02875,180,2021-11-01,0,355000.0
5027733,255000,2021-10-01,1057.98,0.02875,360,2021-10-01,0,255000.0
5027737,295000,2021-10-01,1223.94,0.02875,360,2021-10-01,0,295000.0
5027741,235000,2021-10-01,989.51,0.029900000000000003,360,2021-10-01,0,235000.0
5027743,255000,2021-10-01,1073.72,0.029900000000000003,360,2021-10-01,0,255000.0
5027745,155000,2021-11-01,685.25,0.03375,360,2021-11-01,0,155000.0
5027748,175000,2021-11-01,726.07,0.02875,360,2021-11-01,0,175000.0
5027751,245000,2021-10-01,1942.99,0.0225,144,2021-10-01,0,245000.0
5027755,365000,2021-11-01,1588.51,0.0325,360,2021-11-01,0,365000.0
5027760,435000,2021-10-01,1923.12,0.03375,360,2021-10-01,0,435000.0
5027763,145000,2021-10-01,610.55,0.029900000000000003,360,2021-10-01,0,145000.0
5027768,465000,2021-10-01,1957.96,0.029900000000000003,360,2021-10-01,0,465000.0
5027773,165000,2021-10-01,718.1,0.0325,360,2021-10-01,0,165000.0
5027774,415000,2021-10-01,1694.21,0.0275,360,2021-10-01,0,415000.0
5027775,155000,2021-10-01,643.09,0.02875,360,2021-10-01,0,155000.0
5027778,395000,2021-11-01,1663.21,0.029900000000000003,360,2021-11-01,0,395000.0
5027782,145000,2021-10-01,1651.85,0.0225,96,2021-11-01,1,143620.025
5027787,415000,2021-10-01,2694.52,0.02125,180,2021-11-01,1,413040.3758333333
5027792,145000,2021-10-01,631.05,0.0325,360,2021-10-01,0,145000.0
5027793,175000,2021-10-01,810.46,0.0375,360,2021-10-01,0,175000.0
5027794,245000,2021-10-01,1016.49,0.02875,360,2021-10-01,0,245000.0
5027799,75000,2021-11-01,326.41,0.0325,360,2021-11-01,0,75000.0
5027804,315000,2021-10-01,1349.39,0.03125,360,2021-10-01,0,315000.0
5027807,155000,2021-10-01,674.57,0.0325,360,2021-10-01,0,155000.0
5027808,325000,2021-10-01,1348.41,0.02875,360,2021-10-01,0,325000.0
5027812,265000,2021-10-01,1171.56,0.03375,360,2021-10-01,0,265000.0
5027813,385000,2021-11-01,1675.55,0.0325,360,2021-11-01,0,385000.0
5027814,155000,2021-10-01,728.87,0.03875,360,2021-10-01,0,155000.0
5027816,65000,2021-10-01,296.44,0.03625,360,2021-10-01,0,65000.0
5027818,275000,2021-10-01,1113.95,0.0269,360,2021-11-01,1,274502.5083333333
5027819,125000,2021-10-01,552.63,0.03375,360,2021-10-01,0,125000.0
5027823,75000,2021-10-01,508.97,0.0275,180,2021-10-01,0,75000.0
5027827,195000,2021-10-01,821.08,0.029900000000000003,360,2021-10-01,0,195000.0
5027828,185000,2021-10-01,843.7,0.03625,360,2021-10-01,0,185000.0
5027832,255000,2021-11-01,1057.98,0.02875,360,2021-11-01,0,255000.0
5027836,345000,2021-10-01,1408.44,0.0275,360,2021-10-01,0,345000.0
5027837,215000,2021-11-01,921.01,0.03125,360,2021-11-01,0,215000.0
5027838,155000,2021-10-01,674.57,0.0325,360,2021-10-01,0,155000.0
5027841,105000,2021-10-01,464.21,0.03375,360,2021-10-01,0,105000.0
5027844,295000,2021-10-01,1242.15,0.029900000000000003,360,2021-10-01,0,295000.0
5027848,625000,2021-10-01,2850.33,0.03625,360,2021-10-01,0,625000.0
5027851,335000,2021-10-01,1921.42,0.03375,240,2021-10-01,0,335000.0
5027852,235000,2021-10-01,989.51,0.029900000000000003,360,2021-10-01,0,235000.0
5027853,135000,2021-10-01,1272.65,0.025,120,2021-10-01,0,135000.0
5027854,175000,2021-10-01,787.81,0.029900000000000003,324,2021-10-01,0,175000.0
5027859,205000,2021-11-01,892.18,0.0325,360,2021-11-01,0,205000.0
5027860,225000,2021-09-01,933.51,0.02875,360,2021-09-01,0,225000.0
5027865,265000,2021-10-01,1135.2,0.03125,360,2021-10-01,0,265000.0
5027867,245000,2021-10-01,992.43,0.0269,360,2021-10-01,0,245000.0
5027868,85000,2021-10-01,393.65,0.0375,360,2021-10-01,0,85000.0
5027872,375000,2021-10-01,1579.0,0.029900000000000003,360,2021-10-01,0,375000.0
5027875,325000,2021-10-01,1414.43,0.0325,360,2021-10-01,0,325000.0
5027878,55000,2021-10-01,386.47,0.0325,180,2021-10-01,0,55000.0
5027883,95000,2021-10-01,520.95,0.02875,240,2021-10-01,0,95000.0
5027888,305000,2021-11-01,1348.4,0.03375,360,2021-11-01,0,305000.0
5027892,495000,2021-10-01,2120.46,0.03125,360,2021-10-01,0,495000.0
5027893,225000,2021-10-01,979.22,0.0325,360,2021-11-01,1,224630.155
5027895,125000,2021-10-01,885.95,0.03375,180,2021-10-01,0,125000.0
5027898,405000,2021-10-01,1680.32,0.02875,360,2021-10-01,0,405000.0
5027900,205000,2021-10-01,1730.49,0.0199,132,2021-10-01,0,205000.0
5027901,305000,2021-10-01,1327.38,0.0325,360,2021-10-01,0,305000.0
5027902,165000,2021-10-01,684.58,0.02875,360,2021-10-01,0,165000.0
5027904,295000,2021-10-01,1599.4,0.0275,240,2021-10-01,0,295000.0
5027909,925000,2021-10-01,3837.76,0.02875,360,2021-10-01,0,925000.0
5027914,185000,2021-10-01,778.98,0.029900000000000003,360,2021-10-01,0,185000.0
5027915,325000,2021-11-01,1326.79,0.0275,360,2021-11-01,0,325000.0
5027918,235000,2021-10-01,2161.27,0.0199,120,2021-10-01,0,235000.0
5027923,215000,2021-10-01,1459.04,0.0275,180,2021-10-01,0,215000.0
5027926,195000,2021-10-01,848.66,0.0325,360,2021-10-01,0,195000.0
5027931,335000,2021-11-01,1301.99,0.02375,360,2021-11-01,0,335000.0
5027936,275000,2021-10-01,1801.49,0.0225,180,2021-10-01,0,275000.0
5027937,175000,2021-10-01,726.07,0.02875,360,2021-10-01,0,175000.0
5027942,155000,2021-10-01,858.86,0.029900000000000003,240,2021-10-01,0,155000.0
5027945,135000,2021-10-01,560.11,0.02875,360,2021-11-01,1,134763.3275
5027948,205000,2021-11-01,1366.92,0.025,180,2021-11-01,0,205000.0
5027951,545000,2021-10-01,2334.65,0.03125,360,2021-10-01,0,545000.0
5027955,145000,2021-10-01,975.4,0.02625,180,2021-10-01,0,145000.0
5027959,205000,2021-10-01,878.17,0.03125,360,2021-10-01,0,205000.0
5027964,275000,2021-10-01,1157.93,0.029900000000000003,360,2021-10-01,0,275000.0
5027967,415000,2021-10-01,1666.85,0.02625,360,2021-10-01,0,415000.0
5027970,105000,2021-09-01,449.8,0.03125,360,2021-09-01,0,105000.0
5027974,135000,2021-10-01,1086.12,0.025,144,2021-10-01,0,135000.0
5027979,185000,2021-10-01,778.98,0.029900000000000003,360,2021-10-01,0,185000.0
5027983,325000,2021-10-01,1414.43,0.0325,360,2021-10-01,0,325000.0
5027985,545000,2021-10-01,2153.41,0.025,360,2021-10-01,0,545000.0
5027986,145000,2021-10-01,1183.36,0.0275,144,2021-10-01,0,145000.0
5027987,345000,2021-10-01,1385.7,0.02625,360,2021-10-01,0,345000.0
5027990,105000,2021-11-01,989.84,0.025,120,2021-11-01,0,105000.0
5027995,105000,2021-10-01,435.64,0.02875,360,2021-10-01,0,105000.0
5027998,155000,2021-09-01,858.86,0.029900000000000003,240,2021-09-01,0,155000.0
5027999,265000,2021-10-01,1690.09,0.01875,180,2021-10-01,0,265000.0
5028001,215000,2021-10-01,905.29,0.029900000000000003,360,2021-10-01,0,215000.0
5028004,235000,2021-10-01,1038.93,0.03375,360,2021-10-01,0,235000.0
5028009,805000,2021-10-01,3286.35,0.0275,360,2021-10-01,0,805000.0
5028014,445000,2021-10-01,2812.68,0.0175,180,2021-10-01,0,445000.0
5028016,145000,2021-10-01,1199.62,0.029900000000000003,144,2021-10-01,0,145000.0
5028018,75000,2021-10-01,347.34,0.0375,360,2021-10-01,0,75000.0
5028021,785000,2021-10-01,3284.25,0.0294,360,2021-10-01,0,785000.0
5028022,175000,2021-10-01,736.87,0.029900000000000003,360,2021-10-01,0,175000.0
5028026,465000,2021-10-01,1898.33,0.0275,360,2021-10-01,0,465000.0
5028031,305000,2021-10-01,1327.38,0.0325,360,2021-10-01,0,305000.0
5028033,285000,2021-10-01,1144.71,0.02625,360,2021-10-01,0,285000.0
5028034,335000,2021-10-01,1816.26,0.0275,240,2021-10-01,0,335000.0
5028037,135000,2021-10-01,560.11,0.02875,360,2021-10-01,0,135000.0
5028042,105000,2021-10-01,456.97,0.0325,360,2021-10-01,0,105000.0
5028043,155000,2021-10-01,1301.34,0.0325,144,2021-10-01,0,155000.0
5028045,235000,2021-10-01,1566.96,0.025,180,2021-10-01,0,235000.0
5028049,305000,2021-10-01,2069.8,0.0275,180,2021-10-01,0,305000.0
5028051,175000,2021-10-01,736.87,0.029900000000000003,360,2021-10-01,0,175000.0
5028055,275000,2021-10-01,1178.04,0.03125,360,2021-10-01,0,275000.0
5028057,115000,2021-11-01,477.13,0.02875,360,2021-11-01,0,115000.0
5028062,285000,2021-10-01,1259.98,0.03375,360,2021-10-01,0,285000.0
5028067,525000,2021-10-01,2040.43,0.02375,360,2021-10-01,0,525000.0
5028070,85000,2021-10-01,424.4,0.04375,360,2021-10-01,0,85000.0
5028074,85000,2021-10-01,576.83,0.0275,180,2021-10-01,0,85000.0
5028077,115000,2021-10-01,766.81,0.025,180,2021-10-01,0,115000.0
5028079,355000,2021-10-01,1569.45,0.03375,360,2021-10-01,0,355000.0
5028080,235000,2021-10-01,1288.65,0.02875,240,2021-10-01,0,235000.0
5028085,95000,2021-10-01,639.06,0.02625,180,2021-10-01,0,95000.0
5028088,125000,2021-10-01,862.63,0.029900000000000003,180,2021-10-01,0,125000.0
5028090,295000,2021-11-01,1242.15,0.029900000000000003,360,2021-11-01,0,295000.0
5028093,325000,2021-10-01,1436.82,0.03375,360,2021-10-01,0,325000.0
5028097,315000,2021-10-01,1285.96,0.0275,360,2021-10-01,0,315000.0
5028098,55000,2021-10-01,231.59,0.029900000000000003,360,2021-10-01,0,55000.0
5028099,205000,2021-11-01,1354.89,0.02375,180,2021-11-01,0,205000.0
5028103,95000,2021-10-01,633.45,0.025,180,2021-10-01,0,95000.0
5028104,385000,2021-10-01,2475.74,0.0199,180,2021-10-01,0,385000.0
5028108,165000,2021-10-01,764.15,0.0375,360,2021-10-01,0,165000.0
5028112,165000,2021-10-01,673.6,0.0275,360,2021-10-01,0,165000.0
5028116,825000,2021-10-01,3045.24,0.0199,360,2021-10-01,0,825000.0
5028117,255000,2021-10-01,1092.36,0.03125,360,2021-10-01,0,255000.0
5028121,285000,2021-10-01,1200.04,0.029900000000000003,360,2021-10-01,0,285000.0
5028123,555000,2021-10-01,2248.14,0.0269,360,2021-10-01,0,555000.0
5028128,195000,2021-10-01,848.66,0.0325,360,2021-10-01,0,195000.0
5028133,345000,2021-10-01,1911.64,0.029900000000000003,240,2021-10-01,0,345000.0
5028136,585000,2021-10-01,2388.22,0.0275,360,2021-10-01,0,585000.0
5028138,355000,2021-10-01,1598.12,0.029900000000000003,324,2021-10-01,0,355000.0
5028139,375000,2021-11-01,1555.85,0.02875,360,2021-11-01,0,375000.0
5028144,175000,2021-10-01,927.34,0.025,240,2021-10-01,0,175000.0
5028147,255000,2021-10-01,1807.34,0.03375,180,2021-10-01,0,255000.0
5028148,105000,2021-10-01,442.12,0.029900000000000003,360,2021-10-01,0,105000.0
5028153,325000,2021-10-01,2089.91,0.0199,180,2021-10-01,0,325000.0
5028155,165000,2021-11-01,684.58,0.02875,360,2021-11-01,0,165000.0
5028156,145000,2021-11-01,840.95,0.035,240,2021-11-01,0,145000.0
5028157,685000,2021-10-01,3546.99,0.0225,240,2021-10-01,0,685000.0
5028162,245000,2021-10-01,2791.05,0.0225,96,2021-10-01,0,245000.0
5028166,175000,2021-10-01,761.62,0.0325,360,2021-10-01,0,175000.0
5028168,545000,2021-10-01,2334.65,0.03125,360,2021-11-01,1,544084.6208333333
5028169,615000,2021-10-01,3488.26,0.0325,240,2021-10-01,0,615000.0
5028173,345000,2021-10-01,1870.48,0.0275,240,2021-10-01,0,345000.0
5028175,225000,2021-10-01,933.51,0.02875,360,2021-10-01,0,225000.0
5028180,545000,2021-11-01,2294.81,0.029900000000000003,360,2021-11-01,0,545000.0
5028181,245000,2021-10-01,1031.61,0.029900000000000003,360,2021-10-01,0,245000.0
5028182,485000,2021-10-01,3118.79,0.0199,180,2021-10-01,0,485000.0
5028184,465000,2021-10-01,1957.96,0.029900000000000003,360,2021-10-01,0,465000.0
5028186,425000,2021-10-01,1778.1,0.0294,360,2021-10-01,0,425000.0
5028187,285000,2021-10-01,1163.49,0.0275,360,2021-10-01,0,285000.0
5028189,255000,2021-10-01,1655.67,0.02125,180,2021-10-01,0,255000.0
5028193,265000,2021-10-01,1436.75,0.0275,240,2021-11-01,1,264170.5416666667
5028197,415000,2021-10-01,2250.0,0.0275,240,2021-10-01,0,415000.0
5028198,215000,2021-10-01,1009.11,0.031400000000000004,312,2021-10-01,0,215000.0
5028200,125000,2021-10-01,552.63,0.03375,360,2021-10-01,0,125000.0
5028201,175000,2021-10-01,992.6,0.0325,240,2021-10-01,0,175000.0
5028202,365000,2021-10-01,1514.36,0.02875,360,2021-11-01,1,364360.1191666667
5028207,315000,2021-10-01,2063.52,0.0225,180,2021-10-01,0,315000.0
5028210,355000,2021-10-01,1594.11,0.035,360,2021-10-01,0,355000.0
5028213,375000,2021-10-01,1579.0,0.029900000000000003,360,2021-10-01,0,375000.0
5028214,135000,2021-10-01,596.83,0.03375,360,2021-10-01,0,135000.0
5028219,475000,2021-11-01,2459.59,0.0225,240,2021-11-01,0,475000.0
5028222,335000,2021-10-01,1457.95,0.0325,360,2021-10-01,0,335000.0
5028223,935000,2021-10-01,4069.18,0.0325,360,2021-10-01,0,935000.0
5028228,85000,2021-10-01,393.65,0.0375,360,2021-10-01,0,85000.0
5028233,155000,2021-10-01,652.66,0.029900000000000003,360,2021-10-01,0,155000.0
5028238,405000,2021-10-01,2772.58,0.02875,180,2021-10-01,0,405000.0
5028243,225000,2021-10-01,963.85,0.03125,360,2021-10-01,0,225000.0
5028248,335000,2021-10-01,1481.03,0.03375,360,2021-10-01,0,335000.0
5028251,335000,2021-10-01,2194.54,0.0225,180,2021-10-01,0,335000.0
5028252,395000,2021-10-01,1663.21,0.029900000000000003,360,2021-10-01,0,395000.0
5028256,585000,2021-10-01,3099.94,0.025,240,2021-10-01,0,585000.0
5028261,555000,2021-10-01,2336.92,0.029900000000000003,360,2021-10-01,0,555000.0
5028264,105000,2021-10-01,1062.69,0.0199,108,2021-10-01,0,105000.0
5028269,465000,2021-10-01,1883.58,0.0269,360,2021-10-01,0,465000.0
5028274,265000,2021-10-01,1115.83,0.029900000000000003,360,2021-10-01,0,265000.0
5028276,75000,2021-10-01,326.41,0.0325,360,2021-10-01,0,75000.0
5028279,95000,2021-10-01,427.67,0.029900000000000003,324,2021-10-01,0,95000.0
5028280,105000,2021-11-01,435.64,0.02875,360,2021-11-01,0,105000.0
5028281,135000,2021-10-01,615.67,0.03625,360,2021-10-01,0,135000.0
5028286,215000,2021-10-01,935.7,0.0325,360,2021-10-01,0,215000.0
5028287,575000,2021-10-01,2421.13,0.029900000000000003,360,2021-10-01,0,575000.0
5028291,255000,2021-10-01,1057.98,0.02875,360,2021-10-01,0,255000.0
5028296,125000,2021-10-01,552.63,0.03375,360,2021-10-01,0,125000.0
5028299,315000,2021-10-01,1360.55,0.0319,360,2021-10-01,0,315000.0
5028302,185000,2021-11-01,1201.17,0.02125,180,2021-11-01,0,185000.0
5028303,765000,2021-10-01,3382.04,0.03375,360,2021-10-01,0,765000.0
5028306,215000,2021-10-01,1237.09,0.025,216,2021-10-01,0,215000.0
5028311,285000,2021-10-01,1154.45,0.0269,360,2021-10-01,0,285000.0
5028315,165000,2021-10-01,1119.73,0.0275,180,2021-10-01,0,165000.0
5028318,265000,2021-10-01,2988.26,0.0199,96,2021-10-01,0,265000.0
5028322,185000,2021-10-01,1014.47,0.02875,240,2021-10-01,0,185000.0
5028325,625000,2021-10-01,2699.51,0.0319,360,2021-11-01,1,623961.9483333334
5028328,505000,2021-10-01,2197.8,0.0325,360,2021-10-01,0,505000.0
5028332,135000,2021-10-01,551.13,0.0275,360,2021-10-01,0,135000.0
5028333,255000,2021-10-01,1670.47,0.0225,180,2021-10-01,0,255000.0
5028334,335000,2021-10-01,2286.35,0.0199,168,2021-10-01,0,335000.0
5028338,315000,2021-10-01,1370.9,0.0325,360,2021-10-01,0,315000.0
5028339,215000,2021-10-01,1165.66,0.0275,240,2021-10-01,0,215000.0
5028341,125000,2021-10-01,544.01,0.0325,360,2021-11-01,1,124794.53166666668
5028344,445000,2021-10-01,1873.74,0.029900000000000003,360,2021-10-01,0,445000.0
5028349,665000,2021-10-01,2800.09,0.029900000000000003,360,2021-10-01,0,665000.0
5028351,345000,2021-10-01,1385.7,0.02625,360,2021-11-01,1,344368.9875
5028352,465000,2021-10-01,1929.26,0.02875,360,2021-11-01,1,464184.8025
5028355,155000,2021-10-01,674.57,0.0325,360,2021-10-01,0,155000.0
5028359,515000,2021-10-01,2136.7,0.02875,360,2021-10-01,0,515000.0
5028361,275000,2021-10-01,1157.93,0.029900000000000003,360,2021-10-01,0,275000.0
5028364,285000,2021-11-01,1259.98,0.03375,360,2021-11-01,0,285000.0
5028367,175000,2021-10-01,785.83,0.035,360,2021-10-01,0,175000.0
5028369,265000,2021-10-01,1189.97,0.035,360,2021-10-01,0,265000.0
5028372,305000,2021-10-01,1245.14,0.0275,360,2021-11-01,1,304453.8183333333
5028373,105000,2021-10-01,712.56,0.0275,180,2021-10-01,0,105000.0
5028374,475000,2021-10-01,2067.24,0.0325,360,2021-10-01,0,475000.0
5028378,345000,2021-10-01,1452.68,0.029900000000000003,360,2021-10-01,0,345000.0
5028379,225000,2021-10-01,1240.72,0.025,228,2021-10-01,0,225000.0
5028382,155000,2021-10-01,1033.53,0.025,180,2021-10-01,0,155000.0
5028384,405000,2021-10-01,1792.42,0.02625,312,2021-10-01,0,405000.0
5028388,415000,2021-11-01,2199.1,0.025,240,2021-11-01,0,415000.0
5028389,355000,2021-10-01,1472.87,0.02875,360,2021-10-01,0,355000.0
5028391,335000,2021-10-01,1457.95,0.0325,360,2021-10-01,0,335000.0
5028394,235000,2021-10-01,1580.83,0.02625,180,2021-10-01,0,235000.0
5028398,55000,2021-10-01,376.53,0.02875,180,2021-10-01,0,55000.0
5028403,195000,2021-10-01,1334.95,0.02875,180,2021-10-01,0,195000.0
5028405,135000,2021-10-01,587.53,0.0325,360,2021-10-01,0,135000.0
5028408,475000,2021-10-01,1907.85,0.02625,360,2021-10-01,0,475000.0
5028409,335000,2021-10-01,1446.94,0.0319,360,2021-10-01,0,335000.0
5028412,205000,2021-10-01,892.18,0.0325,360,2021-10-01,0,205000.0
5028415,135000,2021-10-01,568.44,0.029900000000000003,360,2021-10-01,0,135000.0
5028418,125000,2021-10-01,552.63,0.03375,360,2021-11-01,1,124798.9325
5028421,115000,2021-10-01,787.28,0.02875,180,2021-10-01,0,115000.0
5028424,545000,2021-10-01,2207.64,0.0269,360,2021-11-01,1,544014.0683333334
5028427,145000,2021-10-01,601.6,0.02875,360,2021-10-01,0,145000.0
5028432,135000,2021-10-01,707.18,0.02375,240,2021-10-01,0,135000.0
5028437,305000,2021-10-01,1961.3,0.0199,180,2021-11-01,1,303544.4916666667
5028442,405000,2021-11-01,1680.32,0.02875,360,2021-11-01,0,405000.0
5028446,245000,2021-10-01,1083.14,0.03375,360,2021-10-01,0,245000.0
5028447,305000,2021-10-01,1327.38,0.0325,360,2021-10-01,0,305000.0
5028449,125000,2021-10-01,526.34,0.029900000000000003,360,2021-10-01,0,125000.0
5028452,215000,2021-10-01,863.55,0.02625,360,2021-11-01,1,214606.7625
5028457,135000,2021-10-01,560.11,0.02875,360,2021-10-01,0,135000.0
5028459,195000,2021-10-01,1069.31,0.02875,240,2021-10-01,0,195000.0
5028461,235000,2021-10-01,1498.76,0.01875,180,2021-10-01,0,235000.0
5028465,105000,2021-10-01,464.21,0.03375,360,2021-10-01,0,105000.0
5028469,365000,2021-11-01,1563.58,0.03125,360,2021-11-01,0,365000.0
5028473,85000,2021-10-01,460.85,0.0275,240,2021-10-01,0,85000.0
5028478,115000,2021-10-01,477.13,0.02875,360,2021-10-01,0,115000.0
5028480,595000,2021-10-01,2410.17,0.0269,360,2021-11-01,1,593923.6216666666
5028485,235000,2021-10-01,1511.17,0.0199,180,2021-10-01,0,235000.0
5028487,265000,2021-10-01,1099.47,0.02875,360,2021-10-01,0,265000.0
5028492,85000,2021-10-01,466.11,0.02875,240,2021-10-01,0,85000.0
5028496,495000,2021-10-01,3213.94,0.02125,180,2021-11-01,1,492662.6225
5028500,155000,2021-10-01,1042.67,0.02625,180,2021-10-01,0,155000.0
5028502,385000,2021-10-01,1571.73,0.0275,360,2021-11-01,1,384310.5616666667
5028504,545000,2021-10-01,2261.17,0.02875,360,2021-10-01,0,545000.0
5028505,265000,2021-10-01,1115.83,0.029900000000000003,360,2021-10-01,0,265000.0
5028508,275000,2021-10-01,1215.77,0.03375,360,2021-11-01,1,274557.6675
5028513,495000,2021-10-01,3242.67,0.0225,180,2021-10-01,0,495000.0
5028515,155000,2021-10-01,674.57,0.0325,360,2021-10-01,0,155000.0
5028518,505000,2021-10-01,2197.8,0.0325,360,2021-10-01,0,505000.0
5028522,485000,2021-10-01,2042.17,0.029900000000000003,360,2021-10-01,0,485000.0
5028524,295000,2021-10-01,1915.38,0.02125,180,2021-10-01,0,295000.0
5028529,175000,2021-10-01,1156.62,0.02375,180,2021-11-01,1,174189.73416666666
5028532,415000,2021-10-01,2250.0,0.0275,240,2021-10-01,0,415000.0
5028533,365000,2021-10-01,1536.89,0.029900000000000003,360,2021-10-01,0,365000.0
5028535,205000,2021-10-01,906.3,0.03375,360,2021-10-01,0,205000.0
5028538,245000,2021-10-01,992.43,0.0269,360,2021-11-01,1,244556.77833333335
5028543,285000,2021-10-01,1259.98,0.03375,360,2021-10-01,0,285000.0
5028544,365000,2021-10-01,1514.36,0.02875,360,2021-10-01,0,365000.0
5028546,175000,2021-10-01,726.07,0.02875,360,2021-10-01,0,175000.0
5028547,345000,2021-10-01,1408.44,0.0275,360,2021-11-01,1,344382.185
5028551,205000,2021-10-01,863.19,0.029900000000000003,360,2021-10-01,0,205000.0
5028552,245000,2021-10-01,1016.49,0.02875,360,2021-10-01,0,245000.0
5028555,145000,2021-11-01,941.46,0.02125,180,2021-11-01,0,145000.0
5028556,245000,2021-10-01,1000.2,0.0275,360,2021-10-01,0,245000.0
5028557,105000,2021-10-01,569.28,0.0275,240,2021-11-01,1,104671.345
5028561,395000,2021-11-01,1663.21,0.029900000000000003,360,2021-11-01,0,395000.0
5028562,175000,2021-10-01,773.67,0.03375,360,2021-10-01,0,175000.0
5028567,285000,2021-10-01,1163.49,0.0275,360,2021-10-01,0,285000.0
5028568,755000,2021-10-01,2983.17,0.025,360,2021-10-01,0,755000.0
5028573,175000,2021-10-01,779.98,0.0344,360,2021-11-01,1,174721.68666666665
5028576,165000,2021-11-01,718.1,0.0325,360,2021-11-01,0,165000.0
5028581,555000,2021-10-01,2336.92,0.029900000000000003,360,2021-10-01,0,555000.0
5028586,225000,2021-11-01,1219.88,0.0275,240,2021-11-01,0,225000.0
5028588,335000,2021-10-01,2233.75,0.025,180,2021-11-01,1,333464.1666666667
5028590,305000,2021-10-01,1597.7,0.02375,240,2021-10-01,0,305000.0
5028594,95000,2021-11-01,532.84,0.03125,240,2021-11-01,0,95000.0
5028595,525000,2021-10-01,1937.88,0.0199,360,2021-10-01,0,525000.0
5028597,295000,2021-10-01,1204.32,0.0275,360,2021-10-01,0,295000.0
5028598,155000,2021-10-01,696.02,0.035,360,2021-11-01,1,154756.06333333335
5028599,245000,2021-10-01,984.05,0.02625,360,2021-10-01,0,245000.0
5028600,105000,2021-11-01,693.97,0.02375,180,2021-11-01,0,105000.0
5028603,105000,2021-10-01,562.82,0.02625,240,2021-11-01,1,104666.8675
5028608,165000,2021-10-01,1080.89,0.0225,180,2021-10-01,0,165000.0
5028610,395000,2021-10-01,1719.07,0.0325,360,2021-11-01,1,394350.7216666667
5028614,165000,2021-10-01,694.76,0.029900000000000003,360,2021-10-01,0,165000.0
5028615,135000,2021-11-01,1249.76,0.02125,120,2021-11-01,0,135000.0
5028617,205000,2021-11-01,906.3,0.03375,360,2021-11-01,0,205000.0
5028621,305000,2021-10-01,1245.14,0.0275,360,2021-10-01,0,305000.0
5028625,265000,2021-11-01,1047.08,0.025,360,2021-11-01,0,265000.0
5028629,135000,2021-10-01,551.13,0.0275,360,2021-11-01,1,134758.245
5028632,65000,2021-11-01,368.68,0.0325,240,2021-11-01,0,65000.0
5028633,635000,2021-10-01,4234.12,0.025,180,2021-10-01,0,635000.0
5028636,295000,2021-10-01,1242.15,0.029900000000000003,360,2021-10-01,0,295000.0
5028637,725000,2021-11-01,4707.29,0.02125,180,2021-11-01,0,725000.0
5028641,195000,2021-11-01,862.09,0.03375,360,2021-11-01,0,195000.0
5028646,275000,2021-10-01,1157.93,0.029900000000000003,360,2021-10-01,0,275000.0
5028648,395000,2021-11-01,1663.21,0.029900000000000003,360,2021-11-01,0,395000.0
5028650,115000,2021-10-01,477.13,0.02875,360,2021-11-01,1,114798.39083333332
5028651,165000,2021-10-01,1109.94,0.02625,180,2021-11-01,1,164250.9975
5028656,85000,2021-11-01,581.9,0.02875,180,2021-11-01,0,85000.0
5028657,285000,2021-11-01,1200.04,0.029900000000000003,360,2021-11-01,0,285000.0
5028662,425000,2021-11-01,1735.03,0.0275,360,2021-11-01,0,425000.0
5028664,215000,2021-10-01,1778.74,0.029900000000000003,144,2021-10-01,0,215000.0
5028669,155000,2021-10-01,1069.66,0.029900000000000003,180,2021-10-01,0,155000.0
5028673,235000,2021-10-01,975.0,0.02875,360,2021-10-01,0,235000.0
5028677,275000,2021-11-01,1196.82,0.0325,360,2021-11-01,0,275000.0
5028679,225000,2021-11-01,994.72,0.03375,360,2021-11-01,0,225000.0
5028683,545000,2021-11-01,2261.17,0.02875,360,2021-11-01,0,545000.0
5028687,295000,2021-10-01,1184.87,0.02625,360,2021-11-01,1,294460.4425
5028690,195000,2021-10-01,1793.39,0.0199,120,2021-10-01,0,195000.0
5028692,175000,2021-10-01,761.62,0.0325,360,2021-11-01,1,174712.33833333335
5028693,205000,2021-10-01,1366.92,0.025,180,2021-10-01,0,205000.0
5028698,215000,2021-10-01,1408.44,0.0225,180,2021-10-01,0,215000.0
5028702,195000,2021-10-01,1080.49,0.029900000000000003,240,2021-11-01,1,194405.385
5028704,385000,2021-11-01,1621.1,0.029900000000000003,360,2021-11-01,0,385000.0
5028709,165000,2021-10-01,1119.73,0.0275,180,2021-10-01,0,165000.0
5028712,645000,2021-10-01,2676.06,0.02875,360,2021-10-01,0,645000.0
5028716,305000,2021-11-01,1306.55,0.03125,360,2021-11-01,0,305000.0
5028719,295000,2021-10-01,2001.94,0.0275,180,2021-11-01,1,293674.1016666667
5028724,245000,2021-11-01,2281.87,0.0225,120,2021-11-01,0,245000.0
5028727,155000,2021-10-01,840.36,0.0275,240,2021-10-01,0,155000.0
5028729,205000,2021-10-01,863.19,0.029900000000000003,360,2021-10-01,0,205000.0
5028731,265000,2021-10-01,1171.56,0.03375,360,2021-11-01,1,264573.7525
5028733,65000,2021-11-01,441.11,0.0275,180,2021-11-01,0,65000.0
5028736,175000,2021-10-01,1387.85,0.0225,144,2021-10-01,0,175000.0
5028741,245000,2021-11-01,2268.08,0.02125,120,2021-11-01,0,245000.0
5028743,235000,2021-11-01,1038.93,0.03375,360,2021-11-01,0,235000.0
5028745,165000,2021-11-01,694.76,0.029900000000000003,360,2021-11-01,0,165000.0
5028747,115000,2021-10-01,508.42,0.03375,360,2021-10-01,0,115000.0
5028750,145000,2021-10-01,601.6,0.02875,360,2021-10-01,0,145000.0
5028752,475000,2021-11-01,2604.72,0.02875,240,2021-11-01,0,475000.0
5028754,305000,2021-10-01,1245.14,0.0275,360,2021-10-01,0,305000.0
5028759,255000,2021-10-01,1057.98,0.02875,360,2021-10-01,0,255000.0
5028763,615000,2021-10-01,2270.09,0.0199,360,2021-10-01,0,615000.0
5028766,105000,2021-11-01,464.21,0.03375,360,2021-11-01,0,105000.0
5028771,155000,2021-10-01,1015.39,0.0225,180,2021-10-01,0,155000.0
5028774,125000,2021-10-01,544.01,0.0325,360,2021-10-01,0,125000.0
5028779,295000,2021-10-01,1263.71,0.03125,360,2021-11-01,1,294504.51916666667
5028781,275000,2021-10-01,1157.93,0.029900000000000003,360,2021-10-01,0,275000.0
5028786,65000,2021-10-01,360.17,0.029900000000000003,240,2021-10-01,0,65000.0
5028790,205000,2021-11-01,1465.51,0.035,180,2021-11-01,0,205000.0
5028793,255000,2021-11-01,1351.26,0.025,240,2021-11-01,0,255000.0
5028797,195000,2021-10-01,1057.23,0.0275,240,2021-10-01,0,195000.0
5028801,315000,2021-10-01,1370.9,0.0325,360,2021-10-01,0,315000.0
5028802,255000,2021-11-01,1073.72,0.029900000000000003,360,2021-11-01,0,255000.0
5028806,265000,2021-10-01,1073.44,0.0269,360,2021-10-01,0,265000.0
5028810,155000,2021-10-01,1033.53,0.025,180,2021-10-01,0,155000.0
5028815,175000,2021-11-01,736.87,0.029900000000000003,360,2021-11-01,0,175000.0
5028819,505000,2021-10-01,2197.8,0.0325,360,2021-10-01,0,505000.0
5028823,245000,2021-10-01,1031.61,0.029900000000000003,360,2021-10-01,0,245000.0
5028827,135000,2021-10-01,596.83,0.03375,360,2021-10-01,0,135000.0
5028830,125000,2021-10-01,561.31,0.035,360,2021-10-01,0,125000.0
5028831,395000,2021-10-01,1600.03,0.0269,360,2021-10-01,0,395000.0
5028835,675000,2021-10-01,2800.53,0.02875,360,2021-10-01,0,675000.0
5028837,265000,2021-11-01,1798.35,0.0275,180,2021-11-01,0,265000.0
5028842,265000,2021-10-01,1099.47,0.02875,360,2021-10-01,0,265000.0
5028847,305000,2021-11-01,1348.4,0.03375,360,2021-11-01,0,305000.0
5028850,205000,2021-10-01,850.53,0.02875,360,2021-11-01,1,204640.61583333334
5028851,535000,2021-10-01,2252.7,0.029900000000000003,360,2021-10-01,0,535000.0
5028855,275000,2021-10-01,1113.95,0.0269,360,2021-10-01,0,275000.0
5028856,105000,2021-11-01,663.67,0.0175,180,2021-11-01,0,105000.0
5028860,55000,2021-10-01,262.27,0.039900000000000005,360,2021-10-01,0,55000.0
5028862,245000,2021-10-01,952.2,0.02375,360,2021-10-01,0,245000.0
5028867,135000,2021-10-01,596.83,0.03375,360,2021-10-01,0,135000.0
5028870,325000,2021-11-01,3008.67,0.02125,120,2021-11-01,0,325000.0
5028871,235000,2021-11-01,1216.85,0.0225,240,2021-11-01,0,235000.0
5028876,175000,2021-10-01,1177.21,0.02625,180,2021-10-01,0,175000.0
5028880,265000,2021-10-01,1115.83,0.029900000000000003,360,2021-11-01,1,264544.46166666667
5028883,365000,2021-11-01,1514.36,0.02875,360,2021-12-01,1,364360.1191666667
5028886,205000,2021-10-01,836.9,0.0275,360,2021-10-01,0,205000.0
5028888,545000,2021-11-01,2371.88,0.0325,360,2021-11-01,0,545000.0
5028890,175000,2021-11-01,1240.33,0.03375,180,2021-11-01,0,175000.0
5028891,145000,2021-10-01,958.34,0.02375,180,2021-10-01,0,145000.0
5028892,185000,2021-11-01,817.88,0.03375,360,2021-11-01,0,185000.0
5028895,85000,2021-10-01,375.79,0.03375,360,2021-10-01,0,85000.0
5028897,285000,2021-10-01,1510.23,0.025,240,2021-10-01,0,285000.0
5028901,415000,2021-10-01,1806.11,0.0325,360,2021-10-01,0,415000.0
5028903,225000,2021-11-01,1500.28,0.025,180,2021-11-01,0,225000.0
5028908,375000,2021-11-01,1555.85,0.02875,360,2021-11-01,0,375000.0
5028911,245000,2021-10-01,1328.31,0.0275,240,2021-10-01,0,245000.0
5028912,305000,2021-10-01,1265.43,0.02875,360,2021-10-01,0,305000.0
5028913,175000,2021-10-01,927.34,0.025,240,2021-10-01,0,175000.0
5028915,205000,2021-10-01,892.18,0.0325,360,2021-10-01,0,205000.0
5028916,605000,2021-10-01,2510.1,0.02875,360,2021-10-01,0,605000.0
5028917,225000,2021-11-01,947.4,0.029900000000000003,360,2021-11-01,0,225000.0
5028918,165000,2021-10-01,752.49,0.03625,360,2021-10-01,0,165000.0
5028922,425000,2021-10-01,1789.53,0.029900000000000003,360,2021-10-01,0,425000.0
5028926,195000,2021-10-01,1323.32,0.0275,180,2021-10-01,0,195000.0
5028930,125000,2021-10-01,518.62,0.02875,360,2021-10-01,0,125000.0
5028934,425000,2021-10-01,1878.91,0.03375,360,2021-10-01,0,425000.0
5028939,245000,2021-10-01,1468.12,0.029900000000000003,216,2021-10-01,0,245000.0
5028943,345000,2021-10-01,2280.18,0.02375,180,2021-10-01,0,345000.0
5028946,175000,2021-10-01,843.27,0.03375,312,2021-10-01,0,175000.0
5028948,235000,2021-11-01,1006.69,0.03125,360,2021-11-01,0,235000.0
5028953,115000,2021-10-01,739.51,0.0199,180,2021-10-01,0,115000.0
5028956,135000,2021-10-01,900.17,0.025,180,2021-10-01,0,135000.0
5028961,295000,2021-10-01,1967.03,0.025,180,2021-10-01,0,295000.0
5028962,275000,2021-10-01,1196.82,0.0325,360,2021-10-01,0,275000.0
5028965,205000,2021-10-01,892.18,0.0325,360,2021-10-01,0,205000.0
5028967,175000,2021-10-01,714.43,0.0275,360,2021-10-01,0,175000.0
5028969,205000,2021-10-01,892.18,0.0325,360,2021-10-01,0,205000.0
5028972,235000,2021-11-01,1511.17,0.0199,180,2021-11-01,0,235000.0
5028975,175000,2021-10-01,736.87,0.029900000000000003,360,2021-10-01,0,175000.0
5028977,295000,2021-10-01,1146.53,0.02375,360,2021-10-01,0,295000.0
5028980,305000,2021-10-01,1327.38,0.0325,360,2021-10-01,0,305000.0
5028982,185000,2021-10-01,767.56,0.02875,360,2021-10-01,0,185000.0
5028985,345000,2021-10-01,1397.5,0.0269,360,2021-10-01,0,345000.0
5028990,165000,2021-10-01,1119.73,0.0275,180,2021-10-01,0,165000.0
5028994,135000,2021-10-01,551.13,0.0275,360,2021-10-01,0,135000.0
5028996,185000,2021-10-01,805.14,0.0325,360,2021-11-01,1,184695.90166666664
5029000,275000,2021-10-01,1268.61,0.0275,300,2021-10-01,0,275000.0
5029001,315000,2021-10-01,1370.9,0.0325,360,2021-10-01,0,315000.0
5029004,235000,2021-10-01,959.37,0.0275,360,2021-10-01,0,235000.0
5029008,305000,2021-10-01,1327.38,0.0325,360,2021-10-01,0,305000.0
5029012,395000,2021-10-01,1746.29,0.03375,360,2021-10-01,0,395000.0
5029017,115000,2021-10-01,484.23,0.029900000000000003,360,2021-10-01,0,115000.0
5029018,285000,2021-11-01,1562.83,0.02875,240,2021-11-01,0,285000.0
5029019,265000,2021-10-01,1099.47,0.02875,360,2021-10-01,0,265000.0
5029020,465000,2021-10-01,1898.33,0.0275,360,2021-10-01,0,465000.0
5029022,265000,2021-10-01,1153.3,0.0325,360,2021-10-01,0,265000.0
5029023,155000,2021-10-01,674.57,0.0325,360,2021-10-01,0,155000.0
5029025,205000,2021-10-01,1379.02,0.02625,180,2021-10-01,0,205000.0
5029029,415000,2021-11-01,1777.76,0.03125,360,2021-11-01,0,415000.0
5029031,415000,2021-10-01,3528.46,0.02125,132,2021-10-01,0,415000.0
5029033,355000,2021-10-01,1472.87,0.02875,360,2021-10-01,0,355000.0
5029037,545000,2021-10-01,2153.41,0.025,360,2021-11-01,1,543982.0066666666
5029042,205000,2021-10-01,892.18,0.0325,360,2021-10-01,0,205000.0
5029043,285000,2021-10-01,1883.63,0.02375,180,2021-10-01,0,285000.0
5029046,75000,2021-11-01,331.58,0.03375,360,2021-11-01,0,75000.0
5029051,135000,2021-10-01,916.14,0.0275,180,2021-10-01,0,135000.0
5029056,225000,2021-10-01,1246.72,0.029900000000000003,240,2021-10-01,0,225000.0
5029058,255000,2021-10-01,1412.95,0.029900000000000003,240,2021-10-01,0,255000.0
5029060,205000,2021-11-01,1391.18,0.0275,180,2021-11-01,0,205000.0
5029065,325000,2021-10-01,1348.41,0.02875,360,2021-10-01,0,325000.0
5029069,115000,2021-10-01,753.35,0.0225,180,2021-10-01,0,115000.0
5029073,135000,2021-11-01,748.04,0.029900000000000003,240,2021-11-01,0,135000.0
5029078,95000,2021-10-01,420.0,0.03375,360,2021-10-01,0,95000.0
5029083,225000,2021-10-01,918.55,0.0275,360,2021-11-01,1,224597.075
5029085,465000,2021-10-01,1867.68,0.02625,360,2021-10-01,0,465000.0
5029089,95000,2021-11-01,469.25,0.03375,300,2021-11-01,0,95000.0
5029094,155000,2021-10-01,632.78,0.0275,360,2021-10-01,0,155000.0
5029098,235000,2021-10-01,1594.77,0.0275,180,2021-10-01,0,235000.0
5029100,95000,2021-10-01,655.6,0.029900000000000003,180,2021-10-01,0,95000.0
5029103,215000,2021-10-01,1420.99,0.02375,180,2021-10-01,0,215000.0
5029107,255000,2021-10-01,1057.98,0.02875,360,2021-10-01,0,255000.0
5029110,185000,2021-10-01,1147.53,0.02875,204,2021-10-01,0,185000.0
5029114,125000,2021-10-01,544.01,0.0325,360,2021-10-01,0,125000.0
5029115,225000,2021-11-01,1012.89,0.029900000000000003,324,2021-11-01,0,225000.0
5029117,155000,2021-10-01,685.25,0.03375,360,2021-10-01,0,155000.0
5029118,505000,2021-10-01,2233.86,0.02375,300,2021-10-01,0,505000.0
5029122,265000,2021-10-01,1420.44,0.02625,240,2021-10-01,0,265000.0
5029123,245000,2021-10-01,1000.2,0.0275,360,2021-11-01,1,244561.25833333333
5029126,265000,2021-10-01,1627.7,0.0275,204,2021-10-01,0,265000.0
5029130,385000,2021-09-01,1675.55,0.0325,360,2021-09-01,0,385000.0
5029131,375000,2021-10-01,1964.38,0.02375,240,2021-10-01,0,375000.0
5029132,215000,2021-10-01,892.02,0.02875,360,2021-10-01,0,215000.0
5029134,755000,2021-10-01,3234.24,0.03125,360,2021-10-01,0,755000.0
5029136,135000,2021-09-01,643.74,0.039900000000000005,360,2021-09-01,0,135000.0
5029140,485000,2021-11-01,2110.76,0.0325,360,2021-11-01,0,485000.0
5029143,95000,2021-11-01,453.0,0.039900000000000005,360,2021-11-01,0,95000.0
5029146,505000,2021-10-01,2045.61,0.0269,360,2021-10-01,0,505000.0
5029149,315000,2021-10-01,1306.92,0.02875,360,2021-10-01,0,315000.0
5029154,245000,2021-10-01,1374.15,0.03125,240,2021-11-01,1,244263.87083333335
5029158,345000,2021-10-01,1452.68,0.029900000000000003,360,2021-10-01,0,345000.0
5029160,145000,2021-10-01,975.4,0.02625,180,2021-10-01,0,145000.0
5029164,405000,2021-10-01,1680.32,0.02875,360,2021-10-01,0,405000.0
5029168,105000,2021-10-01,471.5,0.035,360,2021-10-01,0,105000.0
5029173,235000,2021-10-01,1983.74,0.0199,132,2021-10-01,0,235000.0
5029178,305000,2021-10-01,1348.4,0.03375,360,2021-10-01,0,305000.0
5029181,495000,2021-11-01,2327.68,0.03875,360,2021-11-01,0,495000.0
5029185,125000,2021-10-01,840.87,0.02625,180,2021-10-01,0,125000.0
5029190,125000,2021-09-01,526.34,0.029900000000000003,360,2021-09-01,0,125000.0
5029192,225000,2021-07-01,1233.82,0.02875,240,2021-09-01,2,223608.8204768229
5029197,285000,2021-11-01,1259.98,0.03375,360,2021-11-01,0,285000.0
5029199,205000,2021-10-01,863.19,0.029900000000000003,360,2021-10-01,0,205000.0
5029204,175000,2021-10-01,726.07,0.02875,360,2021-10-01,0,175000.0
5029205,385000,2021-10-01,1621.1,0.029900000000000003,360,2021-10-01,0,385000.0
5029206,295000,2021-10-01,1932.51,0.0225,180,2021-10-01,0,295000.0
5029208,305000,2021-09-01,1185.4,0.02375,360,2021-09-01,0,305000.0
5029209,315000,2021-11-01,1326.36,0.029900000000000003,360,2021-11-01,0,315000.0
5029214,155000,2021-10-01,1042.67,0.02625,180,2021-10-01,0,155000.0
5029218,515000,2021-10-01,2086.12,0.0269,360,2021-10-01,0,515000.0
5029222,105000,2021-10-01,456.97,0.0325,360,2021-10-01,0,105000.0
5029226,135000,2021-10-01,568.44,0.029900000000000003,360,2021-10-01,0,135000.0
5029227,705000,2021-10-01,3045.04,0.0319,360,2021-10-01,0,705000.0
5029231,585000,2021-10-01,2369.66,0.0269,360,2021-10-01,0,585000.0
5029235,125000,2021-10-01,1430.99,0.02375,96,2021-10-01,0,125000.0
5029239,265000,2021-10-01,1153.3,0.0325,360,2021-10-01,0,265000.0
5029242,245000,2021-10-01,1083.14,0.03375,360,2021-10-01,0,245000.0
5029247,255000,2021-11-01,1132.54,0.02875,324,2021-11-01,0,255000.0
5029252,355000,2021-11-01,1449.26,0.0275,360,2021-11-01,0,355000.0
5029256,285000,2021-10-01,1900.35,0.025,180,2021-10-01,0,285000.0
5029259,615000,2021-10-01,2573.01,0.0294,360,2021-10-01,0,615000.0
5029263,645000,2021-10-01,2676.06,0.02875,360,2021-10-01,0,645000.0
5029264,185000,2021-10-01,1211.91,0.0225,180,2021-10-01,0,185000.0
5029269,105000,2021-10-01,744.2,0.03375,180,2021-11-01,1,104551.1125
5029274,175000,2021-09-01,736.87,0.029900000000000003,360,2021-09-01,0,175000.0
5029276,265000,2021-10-01,1192.96,0.029900000000000003,324,2021-11-01,1,264467.33166666667
5029280,515000,2021-10-01,3464.36,0.02625,180,2021-10-01,0,515000.0
5029283,175000,2021-10-01,1156.62,0.02375,180,2021-10-01,0,175000.0
5029285,115000,2021-11-01,1348.38,0.029900000000000003,96,2021-11-01,0,115000.0
5029288,515000,2021-10-01,2102.45,0.0275,360,2021-10-01,0,515000.0
5029293,85000,2021-10-01,576.83,0.0275,180,2021-10-01,0,85000.0
5029296,475000,2021-10-01,2000.06,0.029900000000000003,360,2021-10-01,0,475000.0
5029300,215000,2021-10-01,892.02,0.02875,360,2021-10-01,0,215000.0
5029302,225000,2021-10-01,994.72,0.03375,360,2021-10-01,0,225000.0
5029305,165000,2021-10-01,673.6,0.0275,360,2021-10-01,0,165000.0
5029308,315000,2021-10-01,1326.36,0.029900000000000003,360,2021-10-01,0,315000.0
5029312,335000,2021-11-01,1367.61,0.0275,360,2021-11-01,0,335000.0
5029317,145000,2021-10-01,634.55,0.0275,324,2021-10-01,0,145000.0
5029318,225000,2021-10-01,979.22,0.0325,360,2021-10-01,0,225000.0
5029323,315000,2021-10-01,1285.96,0.0275,360,2021-11-01,1,314435.915
5029326,295000,2021-10-01,1204.32,0.0275,360,2021-10-01,0,295000.0
5029328,185000,2021-10-01,1014.47,0.02875,240,2021-10-01,0,185000.0
5029329,115000,2021-10-01,454.39,0.025,360,2021-10-01,0,115000.0
5029332,135000,2021-11-01,596.83,0.03375,360,2021-11-01,0,135000.0
5029333,295000,2021-10-01,1915.38,0.02125,180,2021-10-01,0,295000.0
5029334,355000,2021-10-01,1594.11,0.035,360,2021-11-01,1,354441.3066666667
5029339,155000,2021-10-01,652.66,0.029900000000000003,360,2021-10-01,0,155000.0
5029344,295000,2021-10-01,1304.19,0.03375,360,2021-10-01,0,295000.0
5029345,255000,2021-10-01,1041.02,0.0275,360,2021-10-01,0,255000.0
5029346,325000,2021-10-01,2110.17,0.02125,180,2021-10-01,0,325000.0
5029348,255000,2021-10-01,1685.35,0.02375,180,2021-10-01,0,255000.0
5029349,125000,2021-10-01,535.47,0.03125,360,2021-10-01,0,125000.0
5029352,295000,2021-10-01,1165.61,0.025,360,2021-10-01,0,295000.0
5029357,405000,2021-10-01,1680.32,0.02875,360,2021-11-01,1,404289.9925
5029362,95000,2021-10-01,420.0,0.03375,360,2021-10-01,0,95000.0
5029365,465000,2021-11-01,1898.33,0.0275,360,2021-11-01,0,465000.0
5029370,695000,2021-10-01,2883.51,0.02875,360,2021-10-01,0,695000.0
5029372,145000,2021-10-01,958.34,0.02375,180,2021-10-01,0,145000.0
5029377,295000,2021-10-01,1279.27,0.02875,336,2021-10-01,0,295000.0
5029381,475000,2021-10-01,1924.09,0.0269,360,2021-10-01,0,475000.0
5029385,305000,2021-10-01,1634.85,0.02625,240,2021-10-01,0,305000.0
5029389,175000,2021-11-01,761.62,0.0325,360,2021-11-01,0,175000.0
5029392,515000,2021-10-01,2168.49,0.029900000000000003,360,2021-10-01,0,515000.0
5029394,235000,2021-10-01,1594.77,0.0275,180,2021-10-01,0,235000.0
5029398,545000,2021-10-01,2409.43,0.03375,360,2021-11-01,1,544123.3825
5029402,285000,2021-10-01,1259.98,0.03375,360,2021-11-01,1,284541.5825
5029406,115000,2021-10-01,773.6,0.02625,180,2021-10-01,0,115000.0
5029411,235000,2021-10-01,1022.74,0.0325,360,2021-10-01,0,235000.0
5029413,225000,2021-11-01,947.4,0.029900000000000003,360,2021-11-01,0,225000.0
5029417,135000,2021-11-01,1257.36,0.0225,120,2021-11-01,0,135000.0
5029419,365000,2021-10-01,1563.58,0.03125,360,2021-10-01,0,365000.0
5029420,245000,2021-10-01,1619.26,0.02375,180,2021-10-01,0,245000.0
5029424,165000,2021-10-01,684.58,0.02875,360,2021-10-01,0,165000.0
5029425,355000,2021-11-01,1569.45,0.03375,360,2021-11-01,0,355000.0
5029429,225000,2021-10-01,1500.28,0.025,180,2021-10-01,0,225000.0
5029433,575000,2021-11-01,2234.76,0.02375,360,2021-11-01,0,575000.0
5029434,625000,2021-10-01,2850.33,0.03625,360,2021-10-01,0,625000.0
5029438,525000,2021-10-01,2210.6,0.029900000000000003,360,2021-10-01,0,525000.0
5029440,65000,2021-10-01,301.03,0.0375,360,2021-10-01,0,65000.0
5029443,115000,2021-10-01,815.08,0.03375,180,2021-10-01,0,115000.0
5029446,265000,2021-10-01,1767.0,0.025,180,2021-10-01,0,265000.0
5029447,185000,2021-11-01,817.88,0.03375,360,2021-11-01,0,185000.0
5029448,345000,2021-10-01,1408.44,0.0275,360,2021-10-01,0,345000.0
5029452,205000,2021-10-01,863.19,0.029900000000000003,360,2021-10-01,0,205000.0
5029453,125000,2021-10-01,526.34,0.029900000000000003,360,2021-10-01,0,125000.0
5029456,615000,2021-10-01,2676.52,0.0325,360,2021-10-01,0,615000.0
5029457,335000,2021-10-01,1527.78,0.03625,360,2021-10-01,0,335000.0
5029462,255000,2021-10-01,1041.02,0.0275,360,2021-10-01,0,255000.0
5029467,545000,2021-10-01,3570.22,0.0225,180,2021-10-01,0,545000.0
5029472,505000,2021-10-01,2095.21,0.02875,360,2021-10-01,0,505000.0
5029475,375000,2021-10-01,1506.19,0.02625,360,2021-10-01,0,375000.0
5029480,195000,2021-10-01,1330.86,0.0199,168,2021-10-01,0,195000.0
5029482,425000,2021-10-01,1763.3,0.02875,360,2021-10-01,0,425000.0
5029486,175000,2021-11-01,732.16,0.0294,360,2021-11-01,0,175000.0
5029488,135000,2021-10-01,560.11,0.02875,360,2021-10-01,0,135000.0
5029489,825000,2021-10-01,3101.19,0.02125,360,2021-10-01,0,825000.0
5029493,385000,2021-10-01,1621.1,0.029900000000000003,360,2021-10-01,0,385000.0
5029498,385000,2021-10-01,1621.1,0.029900000000000003,360,2021-10-01,0,385000.0
5029502,365000,2021-10-01,1588.51,0.0325,360,2021-10-01,0,365000.0
5029503,225000,2021-11-01,1487.08,0.02375,180,2021-11-01,0,225000.0
5029504,185000,2021-10-01,817.88,0.03375,360,2021-10-01,0,185000.0
5029506,835000,2021-10-01,3691.51,0.03375,360,2021-10-01,0,835000.0
5029510,525000,2021-10-01,2143.27,0.0275,360,2021-10-01,0,525000.0
5029512,355000,2021-11-01,2304.95,0.02125,180,2021-11-01,0,355000.0
5029517,305000,2021-10-01,1998.01,0.0225,180,2021-10-01,0,305000.0
5029519,555000,2021-10-01,2302.66,0.02875,360,2021-10-01,0,555000.0
5029522,395000,2021-10-01,1612.56,0.0275,360,2021-10-01,0,395000.0
5029523,145000,2021-10-01,958.34,0.02375,180,2021-10-01,0,145000.0
5029526,275000,2021-10-01,1122.67,0.0275,360,2021-10-01,0,275000.0
5029528,225000,2021-10-01,1500.28,0.025,180,2021-10-01,0,225000.0
5029532,355000,2021-10-01,1544.99,0.0325,360,2021-10-01,0,355000.0
5029536,145000,2021-10-01,1358.69,0.02375,120,2021-10-01,0,145000.0
5029539,505000,2021-11-01,1898.31,0.02125,360,2021-11-01,0,505000.0
5029540,155000,2021-10-01,674.57,0.0325,360,2021-10-01,0,155000.0
5029541,195000,2021-10-01,1323.32,0.0275,180,2021-10-01,0,195000.0
5029544,225000,2021-11-01,1010.36,0.035,360,2021-11-01,0,225000.0
5029548,285000,2021-10-01,1562.83,0.02875,240,2021-10-01,0,285000.0
5029551,285000,2021-10-01,1200.04,0.029900000000000003,360,2021-10-01,0,285000.0
5029556,425000,2021-10-01,2808.92,0.02375,180,2021-10-01,0,425000.0
5029561,105000,2021-10-01,456.97,0.0325,360,2021-10-01,0,105000.0
5029564,255000,2021-10-01,1109.78,0.0325,360,2021-10-01,0,255000.0
5029569,195000,2021-10-01,875.64,0.035,360,2021-10-01,0,195000.0
5029571,95000,2021-10-01,650.36,0.02875,180,2021-10-01,0,95000.0
5029574,545000,2021-10-01,2207.64,0.0269,360,2021-10-01,0,545000.0
5029577,145000,2021-11-01,610.55,0.029900000000000003,360,2021-11-01,0,145000.0
5029581,195000,2021-11-01,770.49,0.025,360,2021-11-01,0,195000.0
5029582,1505000,2021-10-01,6144.03,0.0275,360,2021-10-01,0,1505000.0
5029583,525000,2021-10-01,2253.26,0.031400000000000004,360,2021-10-01,0,525000.0
5029584,65000,2021-10-01,309.95,0.039900000000000005,360,2021-10-01,0,65000.0
5029587,235000,2021-10-01,1259.64,0.02625,240,2021-10-01,0,235000.0
5029591,95000,2021-10-01,400.02,0.029900000000000003,360,2021-10-01,0,95000.0
5029596,135000,2021-11-01,551.13,0.0275,360,2021-11-01,0,135000.0
5029597,205000,2021-10-01,1391.18,0.0275,180,2021-10-01,0,205000.0
5029598,195000,2021-11-01,848.66,0.0325,360,2021-11-01,0,195000.0
5029603,165000,2021-10-01,775.9,0.03875,360,2021-10-01,0,165000.0
5029605,465000,2021-10-01,2023.71,0.0325,360,2021-10-01,0,465000.0
5029607,275000,2021-10-01,2321.39,0.0199,132,2021-10-01,0,275000.0
5029612,295000,2021-10-01,1223.94,0.02875,360,2021-10-01,0,295000.0
5029617,105000,2021-10-01,442.12,0.029900000000000003,360,2021-10-01,0,105000.0
5029618,145000,2021-10-01,610.55,0.029900000000000003,360,2021-10-01,0,145000.0
5029619,405000,2021-10-01,2748.42,0.0275,180,2021-10-01,0,405000.0
5029624,445000,2021-11-01,1846.28,0.02875,360,2021-11-01,0,445000.0
5029627,125000,2021-10-01,535.47,0.03125,360,2021-10-01,0,125000.0
5029628,235000,2021-10-01,1665.59,0.03375,180,2021-10-01,0,235000.0
5029629,115000,2021-10-01,652.28,0.0325,240,2021-10-01,0,115000.0
5029633,275000,2021-10-01,1833.68,0.025,180,2021-10-01,0,275000.0
5029637,405000,2021-11-01,1805.1,0.0344,360,2021-11-01,0,405000.0
5029639,575000,2021-10-01,2385.64,0.02875,360,2021-10-01,0,575000.0
5029642,235000,2021-10-01,1038.93,0.03375,360,2021-10-01,0,235000.0
5029646,135000,2021-10-01,607.74,0.029900000000000003,324,2021-10-01,0,135000.0
5029651,315000,2021-10-01,1414.5,0.035,360,2021-10-01,0,315000.0
5029656,545000,2021-10-01,2224.92,0.0275,360,2021-10-01,0,545000.0
5029659,345000,2021-11-01,1431.38,0.02875,360,2021-11-01,0,345000.0
5029662,115000,2021-11-01,508.42,0.03375,360,2021-11-01,0,115000.0
5029664,195000,2021-10-01,1311.75,0.02625,180,2021-10-01,0,195000.0
5029667,305000,2021-10-01,2069.8,0.0275,180,2021-10-01,0,305000.0
5029670,185000,2021-10-01,1244.48,0.02625,180,2021-10-01,0,185000.0
5029675,155000,2021-10-01,1069.66,0.029900000000000003,180,2021-10-01,0,155000.0
5029676,245000,2021-10-01,1083.14,0.03375,360,2021-10-01,0,245000.0
5029681,975000,2021-10-01,4243.27,0.0325,360,2021-10-01,0,975000.0
5029683,385000,2021-10-01,1728.83,0.035,360,2021-10-01,0,385000.0
5029684,135000,2021-10-01,924.2,0.02875,180,2021-10-01,0,135000.0
5029689,255000,2021-10-01,1127.35,0.03375,360,2021-10-01,0,255000.0
5029692,315000,2021-10-01,1370.9,0.0325,360,2021-10-01,0,315000.0
5029696,305000,2021-10-01,2015.81,0.02375,180,2021-10-01,0,305000.0
5029697,485000,2021-10-01,1964.59,0.0269,360,2021-10-01,0,485000.0
5029701,95000,2021-10-01,900.98,0.02625,120,2021-10-01,0,95000.0
5029705,185000,2021-10-01,792.5,0.03125,360,2021-10-01,0,185000.0
5029708,605000,2021-10-01,2469.86,0.0275,360,2021-10-01,0,605000.0
5029712,175000,2021-11-01,732.16,0.0294,360,2021-11-01,0,175000.0
5029713,225000,2021-10-01,1513.56,0.02625,180,2021-10-01,0,225000.0
5029717,635000,2021-10-01,2830.21,0.0344,360,2021-10-01,0,635000.0
5029721,515000,2021-10-01,2068.51,0.02625,360,2021-10-01,0,515000.0
5029726,265000,2021-10-01,1153.3,0.0325,360,2021-10-01,0,265000.0
5029730,125000,2021-10-01,685.46,0.02875,240,2021-10-01,0,125000.0
5029733,345000,2021-10-01,1408.44,0.0275,360,2021-10-01,0,345000.0
5029735,105000,2021-10-01,712.56,0.0275,180,2021-10-01,0,105000.0
5029737,75000,2021-10-01,702.77,0.02375,120,2021-10-01,0,75000.0
5029739,435000,2021-10-01,1747.18,0.02625,360,2021-10-01,0,435000.0
5029744,275000,2021-10-01,1882.62,0.02875,180,2021-10-01,0,275000.0
5029749,655000,2021-10-01,2757.98,0.029900000000000003,360,2021-10-01,0,655000.0
5029751,235000,2021-10-01,1022.74,0.0325,360,2021-10-01,0,235000.0
5029752,305000,2021-11-01,2015.81,0.02375,180,2021-11-01,0,305000.0
5029753,225000,2021-10-01,1500.28,0.025,180,2021-10-01,0,225000.0
5029757,165000,2021-11-01,694.76,0.029900000000000003,360,2021-11-01,0,165000.0
5029758,185000,2021-10-01,1244.48,0.02625,180,2021-10-01,0,185000.0
5029763,215000,2021-11-01,1165.66,0.0275,240,2021-11-01,0,215000.0
5029768,205000,2021-10-01,906.3,0.03375,360,2021-10-01,0,205000.0
5029773,205000,2021-10-01,863.19,0.029900000000000003,360,2021-10-01,0,205000.0
5029777,325000,2021-10-01,1392.23,0.03125,360,2021-10-01,0,325000.0
5029779,565000,2021-10-01,2344.15,0.02875,360,2021-10-01,0,565000.0
5029782,255000,2021-10-01,1398.33,0.02875,240,2021-10-01,0,255000.0
5029784,155000,2021-10-01,696.02,0.035,360,2021-10-01,0,155000.0
5029787,285000,2021-10-01,1220.88,0.03125,360,2021-10-01,0,285000.0
5029791,175000,2021-10-01,1177.21,0.02625,180,2021-10-01,0,175000.0
5029792,265000,2021-11-01,1468.36,0.029900000000000003,240,2021-11-01,0,265000.0
5029796,685000,2021-10-01,4487.34,0.0225,180,2021-10-01,0,685000.0
5029798,165000,2021-10-01,1080.89,0.0225,180,2021-10-01,0,165000.0
5029802,205000,2021-10-01,757.72,0.02,360,2021-10-01,0,205000.0
5029805,185000,2021-10-01,778.98,0.029900000000000003,360,2021-10-01,0,185000.0
5029809,245000,2021-11-01,1031.61,0.029900000000000003,360,2021-11-01,0,245000.0
5029813,615000,2021-10-01,2589.55,0.029900000000000003,360,2021-10-01,0,615000.0
5029816,315000,2021-10-01,2025.61,0.0199,180,2021-10-01,0,315000.0
5029821,245000,2021-10-01,1619.26,0.02375,180,2021-10-01,0,245000.0
5029825,265000,2021-10-01,1171.56,0.03375,360,2021-10-01,0,265000.0
5029829,155000,2021-10-01,858.86,0.029900000000000003,240,2021-10-01,0,155000.0
5029831,105000,2021-10-01,737.81,0.0325,180,2021-10-01,0,105000.0
5029833,485000,2021-10-01,2012.23,0.02875,360,2021-10-01,0,485000.0
5029835,125000,2021-10-01,1185.5,0.02625,120,2021-10-01,0,125000.0
5029838,585000,2021-10-01,2506.0,0.03125,360,2021-10-01,0,585000.0
5029840,205000,2021-10-01,1135.9,0.029900000000000003,240,2021-10-01,0,205000.0
5029845,345000,2021-10-01,1477.9,0.03125,360,2021-10-01,0,345000.0
5029850,225000,2021-11-01,1473.95,0.0225,180,2021-11-01,0,225000.0
5029854,165000,2021-10-01,694.76,0.029900000000000003,360,2021-10-01,0,165000.0
5029856,225000,2021-10-01,1042.02,0.0375,360,2021-10-01,0,225000.0
5029859,295000,2021-10-01,1897.0,0.0199,180,2021-10-01,0,295000.0
5029860,125000,2021-11-01,826.16,0.02375,180,2021-11-01,0,125000.0
5029862,185000,2021-10-01,882.16,0.039900000000000005,360,2021-10-01,0,185000.0
5029863,475000,2021-10-01,2000.06,0.029900000000000003,360,2021-10-01,0,475000.0
5029864,225000,2021-10-01,918.55,0.0275,360,2021-10-01,0,225000.0
5029869,105000,2021-10-01,456.97,0.0325,360,2021-10-01,0,105000.0
5029873,405000,2021-10-01,2146.11,0.025,240,2021-10-01,0,405000.0
5029875,225000,2021-10-01,1473.95,0.0225,180,2021-10-01,0,225000.0
5029879,425000,2021-10-01,1568.76,0.0199,360,2021-10-01,0,425000.0
5029880,305000,2021-10-01,1672.51,0.02875,240,2021-10-01,0,305000.0
5029882,185000,2021-10-01,1244.48,0.02625,180,2021-10-01,0,185000.0
5029883,165000,2021-10-01,684.58,0.02875,360,2021-10-01,0,165000.0
5029887,335000,2021-10-01,1410.57,0.029900000000000003,360,2021-10-01,0,335000.0
5029889,135000,2021-10-01,587.53,0.0325,360,2021-10-01,0,135000.0
5029894,235000,2021-10-01,959.37,0.0275,360,2021-10-01,0,235000.0
5029896,185000,2021-10-01,1201.17,0.02125,180,2021-10-01,0,185000.0
5029901,175000,2021-10-01,736.87,0.029900000000000003,360,2021-10-01,0,175000.0
5029906,135000,2021-11-01,748.04,0.029900000000000003,240,2021-11-01,0,135000.0
5029909,95000,2021-10-01,420.0,0.03375,360,2021-10-01,0,95000.0
5029912,165000,2021-10-01,935.88,0.0325,240,2021-10-01,0,165000.0
5029915,175000,2021-10-01,736.87,0.029900000000000003,360,2021-10-01,0,175000.0
5029918,155000,2021-10-01,1033.53,0.025,180,2021-10-01,0,155000.0
5029921,235000,2021-10-01,1022.74,0.0325,360,2021-11-01,1,234613.71833333335
5029925,615000,2021-10-01,2589.55,0.029900000000000003,360,2021-10-01,0,615000.0
5029929,415000,2021-10-01,1721.81,0.02875,360,2021-10-01,0,415000.0
5029931,615000,2021-10-01,2510.69,0.0275,360,2021-10-01,0,615000.0
5029932,325000,2021-10-01,1348.41,0.02875,360,2021-10-01,0,325000.0
5029937,225000,2021-10-01,1964.32,0.02625,132,2021-10-01,0,225000.0
5029940,155000,2021-10-01,652.66,0.029900000000000003,360,2021-10-01,0,155000.0
5029945,545000,2021-10-01,2409.43,0.03375,360,2021-10-01,0,545000.0
5029950,195000,2021-10-01,821.08,0.029900000000000003,360,2021-10-01,0,195000.0
5029951,305000,2021-11-01,1306.55,0.03125,360,2021-11-01,0,305000.0
5029952,795000,2021-10-01,3459.9,0.0325,360,2021-10-01,0,795000.0
5029954,435000,2021-10-01,1893.15,0.0325,360,2021-10-01,0,435000.0
5029955,155000,2021-10-01,652.66,0.029900000000000003,360,2021-10-01,0,155000.0
5029959,125000,2021-10-01,685.46,0.02875,240,2021-10-01,0,125000.0
5029960,475000,2021-10-01,3111.66,0.0225,180,2021-10-01,0,475000.0
5029964,385000,2021-10-01,1715.96,0.0344,360,2021-10-01,0,385000.0
5029969,285000,2021-10-01,1240.34,0.0325,360,2021-10-01,0,285000.0
5029974,235000,2021-10-01,1580.83,0.02625,180,2021-10-01,0,235000.0
5029977,465000,2021-10-01,1957.96,0.029900000000000003,360,2021-10-01,0,465000.0
5029980,105000,2021-10-01,712.56,0.0275,180,2021-10-01,0,105000.0
5029985,825000,2021-11-01,3563.35,0.0319,360,2021-11-01,0,825000.0
5029986,315000,2021-10-01,1275.98,0.0269,360,2021-10-01,0,315000.0
5029989,245000,2021-10-01,1031.61,0.029900000000000003,360,2021-10-01,0,245000.0
5029991,235000,2021-10-01,2175.5,0.02125,120,2021-10-01,0,235000.0
5029993,175000,2021-10-01,927.34,0.025,240,2021-10-01,0,175000.0
5029994,535000,2021-10-01,2219.68,0.02875,360,2021-10-01,0,535000.0
5029998,165000,2021-10-01,1061.03,0.0199,180,2021-10-01,0,165000.0
5030003,205000,2021-10-01,1318.25,0.0199,180,2021-10-01,0,205000.0
5030006,225000,2021-10-01,947.4,0.029900000000000003,360,2021-10-01,0,225000.0
5030011,585000,2021-10-01,2427.13,0.02875,360,2021-10-01,0,585000.0
5030015,465000,2021-10-01,2008.43,0.0319,360,2021-10-01,0,465000.0
5030018,165000,2021-10-01,1090.52,0.02375,180,2021-10-01,0,165000.0
5030021,215000,2021-11-01,958.26,0.0344,360,2021-11-01,0,215000.0
5030022,335000,2021-10-01,1410.57,0.029900000000000003,360,2021-10-01,0,335000.0
5030023,415000,2021-10-01,2742.83,0.02375,180,2021-11-01,1,413078.52416666667
5030028,235000,2021-10-01,1511.17,0.0199,180,2021-10-01,0,235000.0
5030032,685000,2021-10-01,3028.36,0.03375,360,2021-10-01,0,685000.0
5030036,235000,2021-10-01,1539.45,0.0225,180,2021-10-01,0,235000.0
5030037,235000,2021-11-01,989.51,0.029900000000000003,360,2021-11-01,0,235000.0
5030038,65000,2021-10-01,755.07,0.0275,96,2021-10-01,0,65000.0
5030041,125000,2021-10-01,1020.14,0.0275,144,2021-10-01,0,125000.0
5030045,165000,2021-10-01,1080.89,0.0225,180,2021-10-01,0,165000.0
5030047,105000,2021-10-01,989.84,0.025,120,2021-10-01,0,105000.0
5030052,165000,2021-10-01,884.43,0.02625,240,2021-10-01,0,165000.0
5030057,705000,2021-10-01,3142.21,0.0344,360,2021-10-01,0,705000.0
5030059,275000,2021-10-01,1406.8,0.02875,264,2021-10-01,0,275000.0
5030064,125000,2021-10-01,1171.29,0.02375,120,2021-10-01,0,125000.0
5030066,135000,2021-10-01,625.21,0.0375,360,2021-10-01,0,135000.0
5030069,315000,2021-10-01,1326.36,0.029900000000000003,360,2021-10-01,0,315000.0
5030072,205000,2021-10-01,850.53,0.02875,360,2021-10-01,0,205000.0
5030073,165000,2021-10-01,1536.77,0.0225,120,2021-10-01,0,165000.0
5030075,215000,2021-10-01,2424.44,0.0199,96,2021-10-01,0,215000.0
5030078,385000,2021-10-01,1702.08,0.03375,360,2021-10-01,0,385000.0
5030079,285000,2021-10-01,1144.71,0.02625,360,2021-10-01,0,285000.0
5030080,435000,2021-10-01,1804.79,0.02875,360,2021-10-01,0,435000.0
5030082,395000,2021-10-01,1663.21,0.029900000000000003,360,2021-10-01,0,395000.0
5030087,395000,2021-10-01,1612.56,0.0275,360,2021-10-01,0,395000.0
5030091,395000,2021-10-01,3678.93,0.0225,120,2021-10-01,0,395000.0
5030093,305000,2021-10-01,1265.43,0.02875,360,2021-10-01,0,305000.0
5030095,125000,2021-10-01,526.34,0.029900000000000003,360,2021-10-01,0,125000.0
5030099,165000,2021-10-01,1109.94,0.02625,180,2021-10-01,0,165000.0
5030102,215000,2021-10-01,1382.56,0.0199,180,2021-10-01,0,215000.0
5030105,545000,2021-10-01,2153.41,0.025,360,2021-10-01,0,545000.0
5030106,255000,2021-10-01,1700.32,0.025,180,2021-10-01,0,255000.0
5030107,385000,2021-10-01,1702.08,0.03375,360,2021-10-01,0,385000.0
5030109,155000,2021-10-01,1042.67,0.02625,180,2021-10-01,0,155000.0
5030110,105000,2021-10-01,471.5,0.035,360,2021-10-01,0,105000.0
5030112,335000,2021-10-01,1435.06,0.03125,360,2021-10-01,0,335000.0
5030113,205000,2021-10-01,892.18,0.0325,360,2021-10-01,0,205000.0
5030114,115000,2021-10-01,508.42,0.03375,360,2021-10-01,0,115000.0
5030118,225000,2021-10-01,918.55,0.0275,360,2021-10-01,0,225000.0
5030123,225000,2021-10-01,1500.28,0.025,180,2021-10-01,0,225000.0
5030125,325000,2021-10-01,1348.41,0.02875,360,2021-10-01,0,325000.0
5030129,215000,2021-10-01,1139.3,0.025,240,2021-10-01,0,215000.0
5030130,125000,2021-10-01,526.34,0.029900000000000003,360,2021-10-01,0,125000.0
5030131,195000,2021-10-01,848.66,0.0325,360,2021-10-01,0,195000.0
5030132,155000,2021-10-01,652.66,0.029900000000000003,360,2021-11-01,1,154733.54833333334
5030134,165000,2021-10-01,904.8,0.02875,240,2021-10-01,0,165000.0
5030138,345000,2021-08-01,1443.4,0.0294,360,2021-09-01,1,344401.85
5030140,215000,2021-10-01,905.29,0.029900000000000003,360,2021-10-01,0,215000.0
5030145,235000,2021-10-01,1084.09,0.0275,300,2021-10-01,0,235000.0
5030146,365000,2021-11-01,1514.36,0.02875,360,2021-11-01,0,365000.0
5030151,225000,2021-10-01,1757.77,0.0199,144,2021-10-01,0,225000.0
5030156,675000,2021-10-01,2937.65,0.0325,360,2021-10-01,0,675000.0
5030159,165000,2021-10-01,1090.52,0.02375,180,2021-10-01,0,165000.0
5030162,345000,2021-10-01,1477.9,0.03125,360,2021-10-01,0,345000.0
5030167,225000,2021-10-01,963.85,0.03125,360,2021-10-01,0,225000.0
5030170,515000,2021-10-01,2183.24,0.02875,348,2021-10-01,0,515000.0
5030171,115000,2021-10-01,508.42,0.03375,360,2021-11-01,1,114815.0175
5030173,305000,2021-10-01,1235.47,0.0269,360,2021-10-01,0,305000.0
5030175,175000,2021-10-01,773.67,0.03375,360,2021-10-01,0,175000.0
5030178,375000,2021-10-01,1579.0,0.029900000000000003,360,2021-10-01,0,375000.0
5030181,315000,2021-10-01,1370.9,0.0325,360,2021-10-01,0,315000.0
5030182,165000,2021-10-01,708.17,0.031400000000000004,360,2021-10-01,0,165000.0
5030184,295000,2021-10-01,1223.94,0.02875,360,2021-10-01,0,295000.0
5030187,825000,2021-10-01,3367.99,0.0275,360,2021-11-01,1,823522.635
5030191,115000,2021-10-01,760.06,0.02375,180,2021-10-01,0,115000.0
5030194,375000,2021-10-01,1579.0,0.029900000000000003,360,2021-10-01,0,375000.0
5030196,145000,2021-10-01,1383.46,0.0275,120,2021-10-01,0,145000.0
5030200,225000,2021-10-01,918.55,0.0275,360,2021-10-01,0,225000.0
5030203,155000,2021-10-01,849.96,0.02875,240,2021-10-01,0,155000.0
5030208,325000,2021-10-01,2167.07,0.025,180,2021-10-01,0,325000.0
5030210,495000,2021-10-01,2207.21,0.0269,312,2021-10-01,0,495000.0
5030215,155000,2021-10-01,898.94,0.035,240,2021-10-01,0,155000.0
5030216,165000,2021-10-01,1042.91,0.0175,180,2021-10-01,0,165000.0
5030217,385000,2021-10-01,1571.73,0.0275,360,2021-10-01,0,385000.0
5030220,165000,2021-10-01,718.1,0.0325,360,2021-10-01,0,165000.0
5030222,245000,2021-10-01,1000.2,0.0275,360,2021-10-01,0,245000.0
5030227,355000,2021-10-01,1946.69,0.02875,240,2021-10-01,0,355000.0
5030229,105000,2021-10-01,442.12,0.029900000000000003,360,2021-10-01,0,105000.0
5030232,445000,2021-10-01,1846.28,0.02875,360,2021-10-01,0,445000.0
5030234,235000,2021-10-01,2228.73,0.02625,120,2021-10-01,0,235000.0
5030237,275000,2021-10-01,1866.21,0.0275,180,2021-10-01,0,275000.0
5030238,295000,2021-10-01,1406.68,0.039900000000000005,360,2021-10-01,0,295000.0
5030242,175000,2021-10-01,736.87,0.029900000000000003,360,2021-10-01,0,175000.0
5030245,425000,2021-10-01,1878.91,0.03375,360,2021-11-01,1,424316.4025
5030248,435000,2021-10-01,1775.85,0.0275,360,2021-10-01,0,435000.0
5030250,225000,2021-10-01,1178.63,0.02375,240,2021-10-01,0,225000.0
5030255,235000,2021-10-01,1553.17,0.02375,180,2021-10-01,0,235000.0
5030256,255000,2021-10-01,1073.72,0.029900000000000003,360,2021-10-01,0,255000.0
5030260,155000,2021-11-01,685.25,0.03375,360,2021-11-01,0,155000.0
5030263,175000,2021-10-01,761.62,0.0325,360,2021-10-01,0,175000.0
5030264,265000,2021-10-01,1674.97,0.0175,180,2021-10-01,0,265000.0
5030267,145000,2021-10-01,641.04,0.03375,360,2021-10-01,0,145000.0
5030272,125000,2021-10-01,561.31,0.035,360,2021-10-01,0,125000.0
5030276,135000,2021-10-01,782.95,0.035,240,2021-10-01,0,135000.0
5030281,255000,2021-10-01,1136.55,0.0344,360,2021-10-01,0,255000.0
5030285,485000,2021-10-01,2687.38,0.029900000000000003,240,2021-11-01,1,483521.0783333333
5030286,115000,2021-10-01,469.48,0.0275,360,2021-11-01,1,114794.06166666668
5030290,485000,2021-11-01,1979.97,0.0275,360,2021-11-01,0,485000.0
5030292,605000,2021-10-01,2510.1,0.02875,360,2021-10-01,0,605000.0
5030293,275000,2021-10-01,1157.93,0.029900000000000003,360,2021-11-01,1,274527.2783333333
5030295,295000,2021-10-01,1984.44,0.02625,180,2021-10-01,0,295000.0
5030298,465000,2021-10-01,1929.26,0.02875,360,2021-10-01,0,465000.0
5030302,445000,2021-10-01,2412.65,0.0275,240,2021-10-01,0,445000.0
5030303,165000,2021-10-01,684.58,0.02875,360,2021-10-01,0,165000.0
5030305,165000,2021-11-01,673.6,0.0275,360,2021-11-01,0,165000.0
5030307,155000,2021-10-01,1461.19,0.025,120,2021-10-01,0,155000.0
5030310,135000,2021-10-01,596.83,0.03375,360,2021-10-01,0,135000.0
5030315,255000,2021-10-01,1715.36,0.02625,180,2021-10-01,0,255000.0
5030316,325000,2021-10-01,1368.47,0.029900000000000003,360,2021-10-01,0,325000.0
5030318,215000,2021-10-01,899.51,0.0294,360,2021-10-01,0,215000.0
5030323,145000,2021-10-01,641.04,0.03375,360,2021-10-01,0,145000.0
5030324,425000,2021-10-01,1763.3,0.02875,360,2021-10-01,0,425000.0
5030326,235000,2021-10-01,1038.93,0.03375,360,2021-10-01,0,235000.0
5030331,175000,2021-10-01,761.62,0.0325,360,2021-10-01,0,175000.0
5030333,85000,2021-11-01,375.79,0.03375,360,2021-11-01,0,85000.0
5030336,135000,2021-11-01,707.18,0.02375,240,2021-11-01,0,135000.0
5030338,75000,2021-10-01,513.44,0.02875,180,2021-10-01,0,75000.0
5030342,305000,2021-10-01,1327.38,0.0325,360,2021-10-01,0,305000.0
5030345,445000,2021-10-01,2035.11,0.03125,324,2021-10-01,0,445000.0
5030347,155000,2021-10-01,663.99,0.03125,360,2021-10-01,0,155000.0
5030351,215000,2021-10-01,950.51,0.03375,360,2021-10-01,0,215000.0
5030356,95000,2021-10-01,526.4,0.029900000000000003,240,2021-10-01,0,95000.0
5030357,245000,2021-11-01,1343.49,0.02875,240,2021-11-01,0,245000.0
5030361,235000,2021-10-01,1594.77,0.0275,180,2021-10-01,0,235000.0
5030362,285000,2021-10-01,1579.18,0.029900000000000003,240,2021-10-01,0,285000.0
5030364,65000,2021-10-01,309.95,0.039900000000000005,360,2021-11-01,1,64906.175
5030365,115000,2021-10-01,630.62,0.02875,240,2021-10-01,0,115000.0
5030369,95000,2021-10-01,420.0,0.03375,360,2021-10-01,0,95000.0
5030373,95000,2021-10-01,394.15,0.02875,360,2021-10-01,0,95000.0
5030377,275000,2021-11-01,1490.96,0.0275,240,2021-11-01,0,275000.0
5030380,495000,2021-11-01,2120.46,0.03125,360,2021-11-01,0,495000.0
5030382,125000,2021-10-01,826.16,0.02375,180,2021-10-01,0,125000.0
5030384,155000,2021-11-01,849.96,0.02875,240,2021-11-01,0,155000.0
5030387,595000,2021-11-01,2125.6,0.0175,360,2021-11-01,0,595000.0
5030388,555000,2021-10-01,2265.74,0.0275,360,2021-10-01,0,555000.0
5030389,545000,2021-10-01,2189.0,0.02625,360,2021-10-01,0,545000.0
5030390,295000,2021-10-01,1204.32,0.0275,360,2021-10-01,0,295000.0
5030392,285000,2021-10-01,1259.98,0.03375,360,2021-10-01,0,285000.0
5030394,105000,2021-10-01,464.21,0.03375,360,2021-10-01,0,105000.0
5030399,595000,2021-10-01,2350.97,0.025,360,2021-10-01,0,595000.0
5030401,245000,2021-11-01,1328.31,0.0275,240,2021-11-01,0,245000.0
5030406,225000,2021-10-01,979.22,0.0325,360,2021-10-01,0,225000.0
5030408,215000,2021-10-01,1408.44,0.0225,180,2021-10-01,0,215000.0
5030409,435000,2021-10-01,1804.79,0.02875,360,2021-10-01,0,435000.0
5030413,815000,2021-10-01,5434.34,0.025,180,2021-10-01,0,815000.0
5030415,125000,2021-10-01,826.16,0.02375,180,2021-10-01,0,125000.0
5030417,185000,2021-10-01,778.98,0.029900000000000003,360,2021-11-01,1,184681.97833333333
5030420,245000,2021-10-01,1031.61,0.029900000000000003,360,2021-10-01,0,245000.0
5030424,155000,2021-10-01,1173.83,0.02625,156,2021-10-01,0,155000.0
5030425,265000,2021-10-01,1115.83,0.029900000000000003,360,2021-10-01,0,265000.0
5030428,245000,2021-10-01,1343.49,0.02875,240,2021-10-01,0,245000.0
5030431,185000,2021-10-01,1233.57,0.025,180,2021-11-01,1,184151.84666666665
5030433,245000,2021-11-01,1343.49,0.02875,240,2021-11-01,0,245000.0
5030438,135000,2021-10-01,551.13,0.0275,360,2021-10-01,0,135000.0
5030442,425000,2021-10-01,1735.03,0.0275,360,2021-10-01,0,425000.0
5030445,275000,2021-11-01,1157.93,0.029900000000000003,360,2021-11-01,0,275000.0
5030448,125000,2021-10-01,518.62,0.02875,360,2021-10-01,0,125000.0
5030449,395000,2021-11-01,2093.12,0.025,240,2021-11-01,0,395000.0
5030451,195000,2021-11-01,796.08,0.0275,360,2021-11-01,0,195000.0
5030452,295000,2021-10-01,1223.94,0.02875,360,2021-10-01,0,295000.0
5030456,275000,2021-10-01,1490.96,0.0275,240,2021-10-01,0,275000.0
5030461,545000,2021-10-01,2261.17,0.02875,360,2021-10-01,0,545000.0
5030465,205000,2021-10-01,863.19,0.029900000000000003,360,2021-10-01,0,205000.0
5030468,115000,2021-10-01,645.01,0.03125,240,2021-10-01,0,115000.0
5030470,205000,2021-10-01,863.19,0.029900000000000003,360,2021-10-01,0,205000.0
5030471,195000,2021-10-01,1311.75,0.02625,180,2021-10-01,0,195000.0
5030476,235000,2021-10-01,1651.28,0.0325,180,2021-10-01,0,235000.0
5030480,115000,2021-11-01,508.42,0.03375,360,2021-11-01,0,115000.0
5030483,765000,2021-10-01,3123.05,0.0275,360,2021-10-01,0,765000.0
5030486,245000,2021-10-01,1100.16,0.035,360,2021-10-01,0,245000.0
5030490,315000,2021-10-01,2025.61,0.0199,180,2021-10-01,0,315000.0
5030495,195000,2021-10-01,904.82,0.0325,324,2021-11-01,1,194623.305
5030496,265000,2021-10-01,1704.08,0.0199,180,2021-10-01,0,265000.0
5030499,325000,2021-11-01,1348.41,0.02875,360,2021-11-01,0,325000.0
5030500,195000,2021-11-01,861.55,0.0337,360,2021-11-01,0,195000.0
5030503,305000,2021-10-01,1284.25,0.029900000000000003,360,2021-10-01,0,305000.0
5030506,825000,2021-10-01,3451.6,0.0294,360,2021-10-01,0,825000.0
5030508,325000,2021-10-01,2129.03,0.0225,180,2021-10-01,0,325000.0
5030512,245000,2021-10-01,1049.52,0.03125,360,2021-10-01,0,245000.0
5030515,355000,2021-10-01,1569.45,0.03375,360,2021-10-01,0,355000.0
5030520,225000,2021-10-01,994.72,0.03375,360,2021-10-01,0,225000.0
5030524,745000,2021-11-01,3090.95,0.02875,360,2021-11-01,0,745000.0
5030525,335000,2021-10-01,2233.75,0.025,180,2021-10-01,0,335000.0
5030528,265000,2021-10-01,1099.47,0.02875,360,2021-10-01,0,265000.0
5030532,345000,2021-10-01,1397.5,0.0269,360,2021-10-01,0,345000.0
5030535,505000,2021-10-01,2126.38,0.029900000000000003,360,2021-10-01,0,505000.0
5030538,185000,2021-10-01,858.42,0.0325,324,2021-10-01,0,185000.0
5030542,515000,2021-10-01,2136.7,0.02875,360,2021-10-01,0,515000.0
5030547,265000,2021-10-01,1246.13,0.03875,360,2021-10-01,0,265000.0
5030548,545000,2021-10-01,2371.88,0.0325,360,2021-10-01,0,545000.0
5030553,245000,2021-10-01,1000.2,0.0275,360,2021-10-01,0,245000.0
5030556,225000,2021-10-01,2108.31,0.02375,120,2021-10-01,0,225000.0
5030561,165000,2021-10-01,684.58,0.02875,360,2021-10-01,0,165000.0
5030566,145000,2021-11-01,803.45,0.029900000000000003,240,2021-11-01,0,145000.0
5030568,135000,2021-10-01,748.04,0.029900000000000003,240,2021-11-01,1,134588.335
5030572,275000,2021-10-01,1122.67,0.0275,360,2021-10-01,0,275000.0
5030574,605000,2021-10-01,2633.0,0.0325,360,2021-10-01,0,605000.0
5030579,415000,2021-10-01,1747.42,0.029900000000000003,360,2021-10-01,0,415000.0
5030584,415000,2021-10-01,1747.42,0.029900000000000003,360,2021-10-01,0,415000.0
5030587,595000,2021-10-01,2505.34,0.029900000000000003,360,2021-10-01,0,595000.0
5030591,645000,2021-11-01,2633.16,0.0275,360,2021-11-01,0,645000.0
5030595,305000,2021-10-01,1284.25,0.029900000000000003,360,2021-10-01,0,305000.0
5030597,185000,2021-10-01,842.6,0.02875,312,2021-10-01,0,185000.0
5030599,105000,2021-10-01,832.71,0.0225,144,2021-10-01,0,105000.0
5030604,365000,2021-10-01,2564.75,0.0325,180,2021-10-01,0,365000.0
5030605,105000,2021-10-01,856.92,0.0275,144,2021-10-01,0,105000.0
5030607,1585000,2021-10-01,6789.76,0.03125,360,2021-10-01,0,1585000.0
5030609,315000,2021-10-01,1349.39,0.03125,360,2021-10-01,0,315000.0
5030614,95000,2021-10-01,526.4,0.029900000000000003,240,2021-11-01,1,94710.30833333333
5030618,285000,2021-10-01,1562.83,0.02875,240,2021-10-01,0,285000.0
5030621,155000,2021-10-01,652.66,0.029900000000000003,360,2021-10-01,0,155000.0
5030625,265000,2021-10-01,1099.47,0.02875,360,2021-10-01,0,265000.0
5030628,275000,2021-11-01,1866.21,0.0275,180,2021-11-01,0,275000.0
5030632,235000,2021-10-01,1553.17,0.02375,180,2021-10-01,0,235000.0
5030634,105000,2021-11-01,478.86,0.03625,360,2021-11-01,0,105000.0
5030639,485000,2021-10-01,2042.17,0.029900000000000003,360,2021-10-01,0,485000.0
5030644,105000,2021-11-01,687.84,0.0225,180,2021-11-01,0,105000.0
5030646,115000,2021-11-01,500.49,0.0325,360,2021-11-01,0,115000.0
5030651,155000,2021-11-01,697.77,0.029900000000000003,324,2021-11-01,0,155000.0
5030656,245000,2021-10-01,1016.49,0.02875,360,2021-10-01,0,245000.0
5030657,305000,2021-10-01,1998.01,0.0225,180,2021-10-01,0,305000.0
5030660,665000,2021-11-01,2800.09,0.029900000000000003,360,2021-11-01,0,665000.0
5030662,165000,2021-11-01,1100.21,0.025,180,2021-11-01,0,165000.0
5030666,405000,2021-11-01,1705.32,0.029900000000000003,360,2021-11-01,0,405000.0
5030667,175000,2021-10-01,1629.91,0.0225,120,2021-10-01,0,175000.0
5030671,295000,2021-10-01,2713.08,0.0199,120,2021-10-01,0,295000.0
5030673,335000,2021-10-01,2175.1,0.02125,180,2021-10-01,0,335000.0
5030677,505000,2021-10-01,2061.62,0.0275,360,2021-10-01,0,505000.0
5030679,675000,2021-11-01,3701.44,0.02875,240,2021-11-01,0,675000.0
5030680,235000,2021-10-01,1525.81,0.02125,180,2021-10-01,0,235000.0
5030682,465000,2021-10-01,1661.19,0.0175,360,2021-10-01,0,465000.0
5030685,455000,2021-10-01,2438.87,0.02625,240,2021-10-01,0,455000.0
5030689,255000,2021-11-01,1670.47,0.0225,180,2021-11-01,0,255000.0
5030692,95000,2021-11-01,394.15,0.02875,360,2021-11-01,0,95000.0
5030696,85000,2021-11-01,576.83,0.0275,180,2021-11-01,0,85000.0
5030701,765000,2021-11-01,3382.04,0.03375,360,2021-11-01,0,765000.0
5030706,195000,2021-10-01,1311.75,0.02625,180,2021-10-01,0,195000.0
5030710,305000,2021-10-01,1245.14,0.0275,360,2021-10-01,0,305000.0
5030715,345000,2021-10-01,1509.77,0.0275,324,2021-10-01,0,345000.0
5030719,545000,2021-10-01,3538.58,0.02125,180,2021-10-01,0,545000.0
5030722,215000,2021-10-01,950.51,0.03375,360,2021-10-01,0,215000.0
5030727,275000,2021-11-01,1457.24,0.025,240,2021-11-01,0,275000.0
5030731,325000,2021-11-01,1348.41,0.02875,360,2021-11-01,0,325000.0
5030734,155000,2021-10-01,1061.11,0.02875,180,2021-10-01,0,155000.0
5030738,495000,2021-10-01,2188.38,0.03375,360,2021-10-01,0,495000.0
5030740,195000,2021-10-01,821.08,0.029900000000000003,360,2021-10-01,0,195000.0
5030744,265000,2021-10-01,1115.83,0.029900000000000003,360,2021-10-01,0,265000.0
5030748,235000,2021-10-01,959.37,0.0275,360,2021-10-01,0,235000.0
5030749,355000,2021-10-01,2465.32,0.0225,168,2021-10-01,0,355000.0
5030752,165000,2021-10-01,1119.73,0.0275,180,2021-10-01,0,165000.0
5030756,205000,2021-10-01,850.53,0.02875,360,2021-10-01,0,205000.0
5030759,205000,2021-11-01,836.9,0.0275,360,2021-11-01,0,205000.0
5030761,125000,2021-10-01,552.63,0.03375,360,2021-10-01,0,125000.0
5030762,365000,2021-10-01,1490.09,0.0275,360,2021-10-01,0,365000.0
5030763,495000,2021-11-01,3213.94,0.02125,180,2021-11-01,0,495000.0
5030767,335000,2021-10-01,1301.99,0.02375,360,2021-10-01,0,335000.0
5030768,205000,2021-10-01,885.44,0.0319,360,2021-10-01,0,205000.0
5030773,265000,2021-10-01,1303.65,0.0425,360,2021-10-01,0,265000.0
5030776,85000,2021-09-01,352.66,0.02875,360,2021-09-01,0,85000.0
5030780,285000,2021-10-01,1240.34,0.0325,360,2021-10-01,0,285000.0
5030782,395000,2021-10-01,1560.73,0.025,360,2021-10-01,0,395000.0
5030783,825000,2021-10-01,3563.35,0.0319,360,2021-10-01,0,825000.0
5030787,95000,2021-10-01,400.02,0.029900000000000003,360,2021-10-01,0,95000.0
5030792,215000,2021-10-01,1433.6,0.025,180,2021-10-01,0,215000.0
5030794,445000,2021-10-01,2915.13,0.0225,180,2021-10-01,0,445000.0
5030799,455000,2021-10-01,2043.16,0.035,360,2021-10-01,0,455000.0
5030800,225000,2021-10-01,1526.9,0.0275,180,2021-10-01,0,225000.0
5030802,105000,2021-11-01,687.84,0.0225,180,2021-11-01,0,105000.0
5030806,125000,2021-10-01,518.62,0.02875,360,2021-10-01,0,125000.0
5030807,405000,2021-10-01,1705.32,0.029900000000000003,360,2021-10-01,0,405000.0
5030808,515000,2021-10-01,3373.69,0.0225,180,2021-10-01,0,515000.0
5030812,215000,2021-10-01,877.72,0.0275,360,2021-10-01,0,215000.0
5030816,345000,2021-10-01,1452.68,0.029900000000000003,360,2021-10-01,0,345000.0
5030821,125000,2021-10-01,561.31,0.035,360,2021-10-01,0,125000.0
5030826,115000,2021-11-01,787.28,0.02875,180,2021-11-01,0,115000.0
5030830,215000,2021-10-01,2497.52,0.0275,96,2021-10-01,0,215000.0
5030832,85000,2021-10-01,369.93,0.0325,360,2021-10-01,0,85000.0
5030836,275000,2021-10-01,1157.93,0.029900000000000003,360,2021-10-01,0,275000.0
5030838,245000,2021-10-01,1066.26,0.0325,360,2021-10-01,0,245000.0
5030840,865000,2021-10-01,3642.22,0.029900000000000003,360,2021-10-01,0,865000.0
5030841,145000,2021-10-01,651.12,0.035,360,2021-10-01,0,145000.0
5030844,195000,2021-11-01,848.66,0.0325,360,2021-11-01,0,195000.0
5030846,205000,2021-10-01,878.17,0.03125,360,2021-10-01,0,205000.0
5030851,295000,2021-10-01,1897.0,0.0199,180,2021-10-01,0,295000.0
5030852,135000,2021-10-01,568.44,0.029900000000000003,360,2021-10-01,0,135000.0
5030857,445000,2021-10-01,1846.28,0.02875,360,2021-10-01,0,445000.0
5030861,205000,2021-10-01,1135.9,0.029900000000000003,240,2021-10-01,0,205000.0
5030864,135000,2021-10-01,560.11,0.02875,360,2021-10-01,0,135000.0
5030867,255000,2021-10-01,1057.98,0.02875,360,2021-10-01,0,255000.0
5030871,795000,2021-10-01,3298.4,0.02875,360,2021-10-01,0,795000.0
5030873,545000,2021-10-01,2261.17,0.02875,360,2021-10-01,0,545000.0
5030876,215000,2021-10-01,1178.98,0.02875,240,2021-10-01,0,215000.0
5030881,115000,2021-10-01,484.23,0.029900000000000003,360,2021-10-01,0,115000.0
5030883,205000,2021-10-01,1391.18,0.0275,180,2021-10-01,0,205000.0
5030888,185000,2021-10-01,755.25,0.0275,360,2021-10-01,0,185000.0
5030892,205000,2021-10-01,1086.31,0.025,240,2021-10-01,0,205000.0
5030897,445000,2021-10-01,1873.74,0.029900000000000003,360,2021-10-01,0,445000.0
5030901,705000,2021-10-01,2968.51,0.029900000000000003,360,2021-10-01,0,705000.0
5030906,125000,2021-10-01,544.01,0.0325,360,2021-10-01,0,125000.0
5030911,95000,2021-10-01,1103.56,0.0275,96,2021-10-01,0,95000.0
5030916,85000,2021-10-01,357.91,0.029900000000000003,360,2021-10-01,0,85000.0
5030917,335000,2021-10-01,1389.89,0.02875,360,2021-10-01,0,335000.0
5030922,235000,2021-10-01,989.51,0.029900000000000003,360,2021-10-01,0,235000.0
5030925,95000,2021-10-01,520.95,0.02875,240,2021-10-01,0,95000.0
5030930,165000,2021-10-01,684.58,0.02875,360,2021-10-01,0,165000.0
5030931,385000,2021-10-01,2123.66,0.0294,240,2021-10-01,0,385000.0
5030933,365000,2021-10-01,1466.03,0.02625,360,2021-11-01,1,364332.4075
5030935,855000,2021-10-01,3490.47,0.0275,360,2021-10-01,0,855000.0
5030939,425000,2021-10-01,1651.78,0.02375,360,2021-10-01,0,425000.0
5030941,315000,2021-10-01,2081.91,0.02375,180,2021-10-01,0,315000.0
5030945,545000,2021-10-01,2294.81,0.029900000000000003,360,2021-10-01,0,545000.0
5030946,305000,2021-10-01,2033.71,0.025,180,2021-10-01,0,305000.0
5030950,205000,2021-10-01,1366.92,0.025,180,2021-10-01,0,205000.0
5030953,165000,2021-09-01,673.6,0.0275,360,2021-09-01,0,165000.0
5030956,435000,2021-10-01,1831.64,0.029900000000000003,360,2021-10-01,0,435000.0
5030960,115000,2021-10-01,773.6,0.02625,180,2021-11-01,1,114477.9625
5030965,395000,2021-10-01,1509.88,0.0225,360,2021-10-01,0,395000.0
5030969,575000,2021-10-01,2385.64,0.02875,360,2021-11-01,1,573991.9641666666
5030970,165000,2021-10-01,729.46,0.03375,360,2021-10-01,0,165000.0
5030975,365000,2021-10-01,2412.37,0.02375,180,2021-10-01,0,365000.0
5030980,105000,2021-10-01,706.33,0.02625,180,2021-10-01,0,105000.0
5030982,275000,2021-10-01,1490.96,0.0275,240,2021-10-01,0,275000.0
5030987,115000,2021-10-01,773.6,0.02625,180,2021-10-01,0,115000.0
5030988,145000,2021-10-01,651.12,0.035,360,2021-10-01,0,145000.0
5030992,105000,2021-10-01,712.56,0.0275,180,2021-10-01,0,105000.0
5030997,415000,2021-10-01,1792.47,0.0319,360,2021-10-01,0,415000.0
5031001,295000,2021-10-01,2001.94,0.0275,180,2021-10-01,0,295000.0
5031003,245000,2021-10-01,1000.2,0.0275,360,2021-10-01,0,245000.0
5031008,485000,2021-10-01,2012.23,0.02875,360,2021-10-01,0,485000.0
5031010,175000,2021-10-01,714.43,0.0275,360,2021-10-01,0,175000.0
5031015,535000,2021-10-01,3473.66,0.02125,180,2021-10-01,0,535000.0
5031016,535000,2021-10-01,2219.68,0.02875,360,2021-10-01,0,535000.0
5031018,135000,2021-10-01,587.53,0.0325,360,2021-10-01,0,135000.0
5031021,85000,2021-10-01,746.98,0.0275,132,2021-10-01,0,85000.0
5031024,315000,2021-10-01,1669.2,0.025,240,2021-10-01,0,315000.0
5031025,165000,2021-10-01,673.6,0.0275,360,2021-10-01,0,165000.0
5031029,175000,2021-10-01,959.64,0.02875,240,2021-10-01,0,175000.0
5031030,165000,2021-10-01,694.76,0.029900000000000003,360,2021-10-01,0,165000.0
5031034,165000,2021-10-01,852.43,0.02625,252,2021-10-01,0,165000.0
5031036,325000,2021-10-01,2186.25,0.02625,180,2021-10-01,0,325000.0
5031040,415000,2021-10-01,1694.21,0.0275,360,2021-10-01,0,415000.0
5031043,475000,2021-10-01,1924.09,0.0269,360,2021-10-01,0,475000.0
5031046,215000,2021-10-01,1382.56,0.0199,180,2021-10-01,0,215000.0
5031050,515000,2021-10-01,2086.12,0.0269,360,2021-10-01,0,515000.0
5031055,325000,2021-11-01,1436.82,0.03375,360,2021-11-01,0,325000.0
5031057,285000,2021-10-01,1900.35,0.025,180,2021-10-01,0,285000.0
5031060,205000,2021-10-01,863.19,0.029900000000000003,360,2021-10-01,0,205000.0
5031062,1325000,2021-10-01,5579.11,0.029900000000000003,360,2021-10-01,0,1325000.0
5031067,165000,2021-10-01,673.6,0.0275,360,2021-10-01,0,165000.0
5031071,255000,2021-10-01,1685.35,0.02375,180,2021-10-01,0,255000.0
5031073,125000,2021-10-01,625.78,0.035,300,2021-10-01,0,125000.0
5031078,205000,2021-10-01,1379.02,0.02625,180,2021-10-01,0,205000.0
5031082,595000,2021-10-01,2468.62,0.02875,360,2021-10-01,0,595000.0
5031084,105000,2021-11-01,706.33,0.02625,180,2021-11-01,0,105000.0
5031088,245000,2021-10-01,1083.14,0.03375,360,2021-10-01,0,245000.0
5031089,205000,2021-10-01,850.53,0.02875,360,2021-10-01,0,205000.0
5031093,95000,2021-11-01,413.45,0.0325,360,2021-11-01,0,95000.0
5031096,205000,2021-10-01,830.4,0.0269,360,2021-10-01,0,205000.0
5031101,395000,2021-10-01,1638.83,0.02875,360,2021-10-01,0,395000.0
5031103,85000,2021-10-01,576.83,0.0275,180,2021-10-01,0,85000.0
5031106,185000,2021-10-01,1211.91,0.0225,180,2021-10-01,0,185000.0
5031108,205000,2021-10-01,1366.92,0.025,180,2021-10-01,0,205000.0
5031112,155000,2021-10-01,830.83,0.02625,240,2021-10-01,0,155000.0
5031117,185000,2021-11-01,707.16,0.0225,360,2021-11-01,0,185000.0
5031122,105000,2021-10-01,744.2,0.03375,180,2021-11-01,1,104551.1125
5031123,495000,2021-10-01,2120.46,0.03125,360,2021-10-01,0,495000.0
5031125,345000,2021-11-01,2320.78,0.02625,180,2021-11-01,0,345000.0
5031128,115000,2021-11-01,780.42,0.0275,180,2021-12-01,1,114483.12166666667
5031132,125000,2021-10-01,526.34,0.029900000000000003,360,2021-10-01,0,125000.0
5031133,145000,2021-09-01,984.01,0.0275,180,2021-09-01,0,145000.0
5031134,245000,2021-10-01,1104.8,0.03375,348,2021-10-01,0,245000.0
5031137,195000,2021-10-01,821.08,0.029900000000000003,360,2021-10-01,0,195000.0
5031140,365000,2021-10-01,2391.06,0.0225,180,2021-10-01,0,365000.0
5031145,75000,2021-11-01,343.0,0.03125,324,2021-11-01,0,75000.0
5031147,105000,2021-10-01,712.56,0.0275,180,2021-10-01,0,105000.0
5031150,495000,2021-10-01,2084.28,0.029900000000000003,360,2021-10-01,0,495000.0
5031151,115000,2021-11-01,500.49,0.0325,360,2021-11-01,0,115000.0
5031155,245000,2021-10-01,1575.47,0.0199,180,2021-10-01,0,245000.0
5031156,215000,2021-11-01,935.7,0.0325,360,2021-11-01,0,215000.0
5031160,425000,2021-10-01,1707.02,0.02625,360,2021-10-01,0,425000.0
5031163,475000,2021-10-01,2099.96,0.03375,360,2021-10-01,0,475000.0
5031164,125000,2021-10-01,518.62,0.02875,360,2021-10-01,0,125000.0
5031167,75000,2021-10-01,508.97,0.0275,180,2021-10-01,0,75000.0
5031172,135000,2021-09-01,560.11,0.02875,360,2021-11-01,2,134526.08797213546
5031175,235000,2021-10-01,1038.93,0.03375,360,2021-11-01,1,234622.0075
5031179,215000,2021-11-01,935.7,0.0325,360,2021-11-01,0,215000.0
5031184,355000,2021-10-01,1472.87,0.02875,360,2021-11-01,1,354377.6508333333
5031189,165000,2021-10-01,694.76,0.029900000000000003,360,2021-10-01,0,165000.0
5031192,505000,2021-10-01,1930.35,0.0225,360,2021-11-01,1,504016.525
5031196,445000,2021-10-01,1909.91,0.031400000000000004,360,2021-10-01,0,445000.0
5031199,115000,2021-10-01,508.42,0.03375,360,2021-10-01,0,115000.0
5031202,165000,2021-10-01,690.32,0.0294,360,2021-10-01,0,165000.0
5031206,165000,2021-11-01,718.1,0.0325,360,2021-11-01,0,165000.0
5031210,515000,2021-10-01,2136.7,0.02875,360,2021-10-01,0,515000.0
5031212,185000,2021-10-01,1014.47,0.02875,240,2021-10-01,0,185000.0
5031216,185000,2021-10-01,1211.91,0.0225,180,2021-10-01,0,185000.0
5031221,275000,2021-10-01,1068.8,0.02375,360,2021-10-01,0,275000.0
5031223,565000,2021-10-01,3734.21,0.02375,180,2021-10-01,0,565000.0
5031227,185000,2021-10-01,817.88,0.03375,360,2021-10-01,0,185000.0
5031228,245000,2021-11-01,1690.75,0.029900000000000003,180,2021-11-01,0,245000.0
5031230,365000,2021-10-01,1716.37,0.03875,360,2021-11-01,1,364462.2758333333
5031233,615000,2021-10-01,4137.05,0.02625,180,2021-10-01,0,615000.0
5031235,195000,2021-10-01,796.08,0.0275,360,2021-10-01,0,195000.0
5031240,115000,2021-10-01,780.42,0.0275,180,2021-10-01,0,115000.0
5031244,295000,2021-10-01,2001.94,0.0275,180,2021-11-01,1,293674.1016666667
5031249,495000,2021-10-01,3183.09,0.0199,180,2021-10-01,0,495000.0
5031252,345000,2021-10-01,2341.25,0.0275,180,2021-10-01,0,345000.0
5031257,135000,2021-10-01,564.81,0.0294,360,2021-10-01,0,135000.0
5031262,245000,2021-10-01,1313.24,0.02625,240,2021-10-01,0,245000.0
5031266,315000,2021-10-01,1285.96,0.0275,360,2021-10-01,0,315000.0
5031269,205000,2021-11-01,1379.02,0.02625,180,2021-11-01,0,205000.0
5031272,105000,2021-10-01,442.12,0.029900000000000003,360,2021-10-01,0,105000.0
5031275,375000,2021-10-01,1606.41,0.03125,360,2021-10-01,0,375000.0
5031278,225000,2021-11-01,994.72,0.03375,360,2021-11-01,0,225000.0
5031283,75000,2021-10-01,508.97,0.0275,180,2021-10-01,0,75000.0
5031284,125000,2021-10-01,552.63,0.03375,360,2021-11-01,1,124798.9325
5031287,215000,2021-10-01,1012.1,0.03375,324,2021-10-01,0,215000.0
5031288,205000,2021-10-01,1331.03,0.02125,180,2021-10-01,0,205000.0
5031289,325000,2021-11-01,1392.23,0.03125,360,2021-11-01,0,325000.0
5031293,405000,2021-10-01,1680.32,0.02875,360,2021-10-01,0,405000.0
5031298,155000,2021-10-01,674.57,0.0325,360,2021-10-01,0,155000.0
5031303,135000,2021-10-01,568.44,0.029900000000000003,360,2021-10-01,0,135000.0
5031306,225000,2021-10-01,933.51,0.02875,360,2021-10-01,0,225000.0
5031311,235000,2021-11-01,989.51,0.029900000000000003,360,2021-11-01,0,235000.0
5031316,115000,2021-10-01,793.62,0.029900000000000003,180,2021-10-01,0,115000.0
5031320,85000,2021-10-01,476.75,0.03125,240,2021-10-01,0,85000.0
5031323,125000,2021-11-01,833.49,0.025,180,2021-11-01,0,125000.0
5031324,205000,2021-10-01,863.19,0.029900000000000003,360,2021-10-01,0,205000.0
5031325,285000,2021-10-01,1200.04,0.029900000000000003,360,2021-10-01,0,285000.0
5031327,255000,2021-10-01,1073.72,0.029900000000000003,360,2021-10-01,0,255000.0
5031331,285000,2021-10-01,1240.34,0.0325,360,2021-10-01,0,285000.0
5031333,215000,2021-10-01,892.02,0.02875,360,2021-10-01,0,215000.0
5031335,305000,2021-11-01,1165.86,0.0225,360,2021-11-01,0,305000.0
5031338,215000,2021-11-01,877.72,0.0275,360,2021-11-01,0,215000.0
5031340,545000,2021-10-01,2409.43,0.03375,360,2021-10-01,0,545000.0
5031344,135000,2021-10-01,931.64,0.029900000000000003,180,2021-10-01,0,135000.0
5031347,475000,2021-10-01,1970.74,0.02875,360,2021-10-01,0,475000.0
5031348,145000,2021-10-01,631.05,0.0325,360,2021-10-01,0,145000.0
5031353,1405000,2021-10-01,5915.97,0.029900000000000003,360,2021-10-01,0,1405000.0
5031358,755000,2021-10-01,3082.23,0.0275,360,2021-10-01,0,755000.0
5031363,335000,2021-10-01,1435.06,0.03125,360,2021-10-01,0,335000.0
5031364,155000,2021-10-01,652.66,0.029900000000000003,360,2021-11-01,1,154733.54833333334
5031366,945000,2021-10-01,4243.48,0.035,360,2021-10-01,0,945000.0
5031369,175000,2021-10-01,773.67,0.03375,360,2021-10-01,0,175000.0
5031372,495000,2021-10-01,2005.1,0.0269,360,2021-10-01,0,495000.0
5031377,185000,2021-10-01,767.56,0.02875,360,2021-10-01,0,185000.0
5031381,305000,2021-10-01,1276.05,0.0294,360,2021-10-01,0,305000.0
5031385,345000,2021-10-01,1385.7,0.02625,360,2021-10-01,0,345000.0
5031387,375000,2021-10-01,1987.14,0.025,240,2021-10-01,0,375000.0
5031388,85000,2021-10-01,576.83,0.0275,180,2021-10-01,0,85000.0
5031391,565000,2021-11-01,2458.92,0.0325,360,2021-11-01,0,565000.0
5031395,115000,2021-11-01,1071.08,0.0225,120,2021-11-01,0,115000.0
5031397,505000,2021-11-01,2197.8,0.0325,360,2021-11-01,0,505000.0
5031402,895000,2021-10-01,3653.76,0.0275,360,2021-11-01,1,893397.2816666666
5031405,175000,2021-10-01,1609.46,0.0199,120,2021-10-01,0,175000.0
5031407,255000,2021-11-01,1057.98,0.02875,360,2021-11-01,0,255000.0
5031412,215000,2021-10-01,892.02,0.02875,360,2021-10-01,0,215000.0
5031414,315000,2021-10-01,1351.96,0.031400000000000004,360,2021-10-01,0,315000.0
5031418,415000,2021-11-01,1694.21,0.0275,360,2021-11-01,0,415000.0
5031421,495000,2021-10-01,2683.73,0.0275,240,2021-10-01,0,495000.0
5031424,145000,2021-10-01,661.28,0.03625,360,2021-11-01,1,144776.74083333334
5031427,625000,2021-10-01,2614.85,0.0294,360,2021-10-01,0,625000.0
5031429,195000,2021-10-01,809.05,0.02875,360,2021-10-01,0,195000.0
5031430,815000,2021-11-01,3546.94,0.0325,360,2021-11-01,0,815000.0
5031431,215000,2021-10-01,935.7,0.0325,360,2021-10-01,0,215000.0
5031436,135000,2021-10-01,769.17,0.02875,228,2021-10-01,0,135000.0
5031440,325000,2021-10-01,2205.53,0.0275,180,2021-10-01,0,325000.0
5031444,325000,2021-11-01,2167.07,0.025,180,2021-11-01,0,325000.0
5031449,275000,2021-11-01,1178.04,0.03125,360,2021-11-01,0,275000.0
5031451,525000,2021-10-01,3376.01,0.0199,180,2021-10-01,0,525000.0
5031456,405000,2021-10-01,2146.11,0.025,240,2021-10-01,0,405000.0
5031457,355000,2021-11-01,1449.26,0.0275,360,2021-11-01,0,355000.0
5031462,135000,2021-10-01,587.53,0.0325,360,2021-10-01,0,135000.0
5031465,255000,2021-10-01,1109.78,0.0325,360,2021-10-01,0,255000.0
5031467,125000,2021-10-01,848.28,0.0275,180,2021-10-01,0,125000.0
5031468,415000,2021-11-01,1666.85,0.02625,360,2021-11-01,0,415000.0
5031472,145000,2021-10-01,1000.65,0.029900000000000003,180,2021-11-01,1,144360.64166666666
5031474,385000,2021-10-01,1610.75,0.0294,360,2021-10-01,0,385000.0
5031475,325000,2021-10-01,2205.53,0.0275,180,2021-10-01,0,325000.0
5031479,235000,2021-10-01,975.0,0.02875,360,2021-10-01,0,235000.0
5031484,285000,2021-10-01,1579.18,0.029900000000000003,240,2021-10-01,0,285000.0
5031488,315000,2021-11-01,1349.39,0.03125,360,2021-11-01,0,315000.0
5031492,125000,2021-10-01,818.86,0.0225,180,2021-10-01,0,125000.0
5031497,105000,2021-11-01,718.82,0.02875,180,2021-11-01,0,105000.0
5031502,375000,2021-10-01,1683.92,0.035,360,2021-10-01,0,375000.0
5031505,385000,2021-10-01,1597.34,0.02875,360,2021-10-01,0,385000.0
5031510,115000,2021-10-01,766.81,0.025,180,2021-10-01,0,115000.0
5031515,255000,2021-11-01,1109.78,0.0325,360,2021-11-01,0,255000.0
5031520,205000,2021-11-01,879.85,0.031400000000000004,360,2021-11-01,0,205000.0
5031524,325000,2021-10-01,2972.28,0.01875,120,2021-10-01,0,325000.0
5031525,345000,2021-11-01,1443.4,0.0294,360,2021-11-01,0,345000.0
5031529,265000,2021-10-01,1153.3,0.0325,360,2021-10-01,0,265000.0
5031532,325000,2021-10-01,1368.47,0.029900000000000003,360,2021-10-01,0,325000.0
5031535,235000,2021-10-01,1006.69,0.03125,360,2021-10-01,0,235000.0
5031536,125000,2021-10-01,555.17,0.02875,324,2021-10-01,0,125000.0
5031541,55000,2021-10-01,304.76,0.029900000000000003,240,2021-11-01,1,54832.28166666666
5031545,235000,2021-11-01,1511.17,0.0199,180,2021-11-01,0,235000.0
5031550,375000,2021-10-01,1481.71,0.025,360,2021-10-01,0,375000.0
5031554,145000,2021-10-01,610.55,0.029900000000000003,360,2021-10-01,0,145000.0
5031555,355000,2021-10-01,1449.26,0.0275,360,2021-10-01,0,355000.0
5031558,375000,2021-10-01,1579.0,0.029900000000000003,360,2021-10-01,0,375000.0
5031563,285000,2021-10-01,1850.45,0.02125,180,2021-10-01,0,285000.0
5031567,185000,2021-10-01,767.56,0.02875,360,2021-10-01,0,185000.0
5031568,275000,2021-10-01,1157.93,0.029900000000000003,360,2021-10-01,0,275000.0
5031569,165000,2021-10-01,914.27,0.029900000000000003,240,2021-10-01,0,165000.0
5031572,275000,2021-10-01,1237.98,0.029900000000000003,324,2021-10-01,0,275000.0
5031573,205000,2021-11-01,885.44,0.0319,360,2021-11-01,0,205000.0
5031576,525000,2021-10-01,2284.84,0.0325,360,2021-11-01,1,524137.035
5031581,275000,2021-10-01,1559.79,0.0325,240,2021-11-01,1,274185.0016666667
5031583,305000,2021-10-01,1245.14,0.0275,360,2021-10-01,0,305000.0
5031586,125000,2021-10-01,862.63,0.029900000000000003,180,2021-10-01,0,125000.0
5031591,205000,2021-10-01,863.19,0.029900000000000003,360,2021-10-01,0,205000.0
5031594,225000,2021-11-01,874.47,0.02375,360,2021-11-01,0,225000.0
5031597,375000,2021-11-01,1519.02,0.0269,360,2021-11-01,0,375000.0
5031598,135000,2021-11-01,568.44,0.029900000000000003,360,2021-11-01,0,135000.0
5031602,145000,2021-10-01,610.55,0.029900000000000003,360,2021-10-01,0,145000.0
5031607,315000,2021-09-01,1669.2,0.025,240,2021-09-01,0,315000.0
5031612,155000,2021-10-01,643.09,0.02875,360,2021-10-01,0,155000.0
5031616,535000,2021-11-01,2184.1,0.0275,360,2021-11-01,0,535000.0
5031618,495000,2021-10-01,2084.28,0.029900000000000003,360,2021-10-01,0,495000.0
5031623,205000,2021-10-01,850.53,0.02875,360,2021-10-01,0,205000.0
5031624,175000,2021-10-01,749.66,0.03125,360,2021-10-01,0,175000.0
5031629,275000,2021-10-01,1234.88,0.035,360,2021-10-01,0,275000.0
5031634,125000,2021-10-01,893.61,0.035,180,2021-11-01,1,124470.97333333333
5031637,125000,2021-10-01,526.34,0.029900000000000003,360,2021-10-01,0,125000.0
5031640,355000,2021-10-01,1494.79,0.029900000000000003,360,2021-10-01,0,355000.0
5031641,375000,2021-10-01,1555.85,0.02875,360,2021-10-01,0,375000.0
5031645,165000,2021-11-01,1080.89,0.0225,180,2021-11-01,0,165000.0
5031649,715000,2021-10-01,2510.73,0.01625,360,2021-10-01,0,715000.0
5031651,725000,2021-11-01,3033.22,0.0294,360,2021-11-01,0,725000.0
5031653,215000,2021-10-01,892.02,0.02875,360,2021-10-01,0,215000.0
5031654,365000,2021-11-01,1576.51,0.0319,360,2021-11-01,0,365000.0
5031658,475000,2021-11-01,2000.06,0.029900000000000003,360,2021-11-01,0,475000.0
5031659,195000,2021-11-01,821.08,0.029900000000000003,360,2021-11-01,0,195000.0
5031661,75000,2021-10-01,508.97,0.0275,180,2021-10-01,0,75000.0
5031662,315000,2021-10-01,1335.48,0.0269,336,2021-10-01,0,315000.0
5031663,455000,2021-11-01,2980.64,0.0225,180,2021-11-01,0,455000.0
5031667,135000,2021-10-01,568.44,0.029900000000000003,360,2021-11-01,1,134767.935
5031671,125000,2021-10-01,526.34,0.029900000000000003,360,2021-10-01,0,125000.0
5031675,75000,2021-10-01,411.28,0.02875,240,2021-10-01,0,75000.0
5031679,205000,2021-11-01,906.3,0.03375,360,2021-11-01,0,205000.0
5031684,325000,2021-10-01,1326.79,0.0275,360,2021-10-01,0,325000.0
5031686,125000,2021-10-01,587.8,0.03875,360,2021-10-01,0,125000.0
5031691,575000,2021-10-01,3012.05,0.02375,240,2021-10-01,0,575000.0
5031692,185000,2021-10-01,778.98,0.029900000000000003,360,2021-10-01,0,185000.0
5031693,415000,2021-10-01,2694.52,0.02125,180,2021-10-01,0,415000.0
5031694,465000,2021-11-01,1957.96,0.029900000000000003,360,2021-11-01,0,465000.0
5031698,185000,2021-10-01,767.56,0.02875,360,2021-10-01,0,185000.0
5031699,175000,2021-11-01,1166.89,0.025,180,2021-11-01,0,175000.0
5031704,305000,2021-10-01,1284.25,0.029900000000000003,360,2021-10-01,0,305000.0
5031705,125000,2021-10-01,855.74,0.02875,180,2021-10-01,0,125000.0
5031709,135000,2021-10-01,643.74,0.039900000000000005,360,2021-10-01,0,135000.0
5031712,715000,2021-10-01,4683.86,0.0225,180,2021-10-01,0,715000.0
5031715,185000,2021-10-01,1189.64,0.0199,180,2021-10-01,0,185000.0
5031716,375000,2021-10-01,1530.91,0.0275,360,2021-10-01,0,375000.0
5031719,455000,2021-10-01,1903.61,0.0294,360,2021-10-01,0,455000.0
5031721,205000,2021-10-01,885.44,0.0319,360,2021-10-01,0,205000.0
5031725,445000,2021-10-01,1758.29,0.025,360,2021-10-01,0,445000.0
5031730,235000,2021-11-01,959.37,0.0275,360,2021-11-01,0,235000.0
5031734,565000,2021-10-01,2537.11,0.035,360,2021-10-01,0,565000.0
5031736,265000,2021-11-01,1081.84,0.0275,360,2021-11-01,0,265000.0
5031740,105000,2021-10-01,724.61,0.029900000000000003,180,2021-11-01,1,104537.015
5031743,455000,2021-10-01,3087.73,0.0275,180,2021-10-01,0,455000.0
5031746,195000,2021-11-01,862.09,0.03375,360,2021-11-01,0,195000.0
5031749,615000,2021-10-01,2510.69,0.0275,360,2021-11-01,1,613898.685
5031751,305000,2021-10-01,1284.25,0.029900000000000003,360,2021-11-01,1,304475.7083333333
5031755,125000,2021-10-01,544.01,0.0325,360,2021-10-01,0,125000.0
5031756,255000,2021-10-01,1109.78,0.0325,360,2021-10-01,0,255000.0
5031758,275000,2021-10-01,1849.9,0.02625,180,2021-10-01,0,275000.0
5031762,345000,2021-10-01,1807.23,0.02375,240,2021-11-01,1,343875.5825
5031767,235000,2021-10-01,1553.17,0.02375,180,2021-10-01,0,235000.0
5031771,495000,2021-10-01,3388.7,0.02875,180,2021-10-01,0,495000.0
5031773,195000,2021-06-01,821.08,0.029900000000000003,360,2021-09-01,3,193991.8772615374
5031777,245000,2021-10-01,1706.7,0.03125,180,2021-10-01,0,245000.0
5031782,455000,2021-10-01,2495.05,0.02875,240,2021-10-01,0,455000.0
5031786,335000,2021-10-01,1457.95,0.0325,360,2021-10-01,0,335000.0
5031790,655000,2021-10-01,2850.61,0.0325,360,2021-10-01,0,655000.0
5031793,595000,2021-11-01,2589.48,0.0325,360,2021-11-01,0,595000.0
5031796,275000,2021-11-01,1157.93,0.029900000000000003,360,2021-11-01,0,275000.0
5031800,335000,2021-10-01,1367.61,0.0275,360,2021-10-01,0,335000.0
5031803,305000,2021-09-01,1185.4,0.02375,360,2021-09-01,0,305000.0
5031804,215000,2021-10-01,905.29,0.029900000000000003,360,2021-10-01,0,215000.0
5031807,175000,2021-09-01,736.87,0.029900000000000003,360,2021-10-01,1,174699.17166666666
5031810,305000,2021-10-01,1265.43,0.02875,360,2021-10-01,0,305000.0
5031815,135000,2021-10-01,1249.76,0.02125,120,2021-10-01,0,135000.0
5031818,145000,2021-10-01,966.85,0.025,180,2021-10-01,0,145000.0
5031819,215000,2021-10-01,1408.44,0.0225,180,2021-10-01,0,215000.0
5031821,135000,2021-10-01,908.14,0.02625,180,2021-10-01,0,135000.0
5031822,125000,2021-10-01,833.49,0.025,180,2021-10-01,0,125000.0
5031826,135000,2021-10-01,568.44,0.029900000000000003,360,2021-10-01,0,135000.0
5031831,215000,2021-11-01,1408.44,0.0225,180,2021-11-01,0,215000.0
5031834,395000,2021-11-01,1638.83,0.02875,360,2021-11-01,0,395000.0
5031838,155000,2021-10-01,988.55,0.01875,180,2021-10-01,0,155000.0
5031840,175000,2021-11-01,1428.19,0.0275,144,2021-11-01,0,175000.0
5031843,145000,2021-10-01,610.55,0.029900000000000003,360,2021-10-01,0,145000.0
5031845,365000,2021-10-01,2412.37,0.02375,180,2021-10-01,0,365000.0
5031847,295000,2021-10-01,1242.15,0.029900000000000003,360,2021-10-01,0,295000.0
5031849,395000,2021-11-01,3155.18,0.02375,144,2021-11-01,0,395000.0
5031853,205000,2021-10-01,913.69,0.0344,360,2021-10-01,0,205000.0
5031858,295000,2021-10-01,1617.67,0.02875,240,2021-10-01,0,295000.0
5031863,235000,2021-10-01,975.0,0.02875,360,2021-10-01,0,235000.0
5031867,565000,2021-10-01,2344.15,0.02875,360,2021-10-01,0,565000.0
5031868,245000,2021-10-01,968.05,0.025,360,2021-10-01,0,245000.0
5031870,155000,2021-10-01,1033.53,0.025,180,2021-10-01,0,155000.0
5031871,345000,2021-10-01,1828.17,0.025,240,2021-10-01,0,345000.0
5031873,105000,2021-10-01,706.33,0.02625,180,2021-10-01,0,105000.0
5031876,205000,2021-10-01,850.53,0.02875,360,2021-10-01,0,205000.0
5031879,255000,2021-10-01,1073.72,0.029900000000000003,360,2021-11-01,1,254561.655
5031883,95000,2021-10-01,633.45,0.025,180,2021-10-01,0,95000.0
5031885,75000,2021-11-01,508.97,0.0275,180,2021-11-01,0,75000.0
5031889,105000,2021-10-01,464.21,0.03375,360,2021-10-01,0,105000.0
5031894,215000,2021-10-01,1705.07,0.0225,144,2021-10-01,0,215000.0
5031896,105000,2021-10-01,744.2,0.03375,180,2021-10-01,0,105000.0
5031900,955000,2021-10-01,3962.23,0.02875,360,2021-10-01,0,955000.0
5031903,105000,2021-10-01,693.97,0.02375,180,2021-10-01,0,105000.0
5031907,355000,2021-10-01,1494.79,0.029900000000000003,360,2021-10-01,0,355000.0
5031911,195000,2021-10-01,809.05,0.02875,360,2021-10-01,0,195000.0
5031915,105000,2021-10-01,687.84,0.0225,180,2021-10-01,0,105000.0
5031919,345000,2021-11-01,1318.75,0.0225,360,2021-11-01,0,345000.0
5031922,305000,2021-10-01,1327.38,0.0325,360,2021-10-01,0,305000.0
5031926,205000,2021-11-01,1920.91,0.02375,120,2021-11-01,0,205000.0
5031927,275000,2021-10-01,1157.93,0.029900000000000003,360,2021-11-01,1,274527.2783333333
5031932,225000,2021-11-01,1500.28,0.025,180,2021-11-01,0,225000.0
5031936,165000,2021-10-01,706.82,0.03125,360,2021-10-01,0,165000.0
5031938,205000,2021-10-01,1391.18,0.0275,180,2021-10-01,0,205000.0
5031940,345000,2021-10-01,1525.24,0.03375,360,2021-10-01,0,345000.0
5031942,155000,2021-10-01,685.25,0.03375,360,2021-10-01,0,155000.0
5031947,225000,2021-10-01,933.51,0.02875,360,2021-10-01,0,225000.0
5031951,265000,2021-10-01,1064.38,0.02625,360,2021-10-01,0,265000.0
5031954,205000,2021-10-01,910.47,0.02875,324,2021-10-01,0,205000.0
5031957,305000,2021-11-01,2015.81,0.02375,180,2021-11-01,0,305000.0
5031960,555000,2021-11-01,2336.92,0.029900000000000003,360,2021-11-01,0,555000.0
5031961,205000,2021-10-01,863.19,0.029900000000000003,360,2021-10-01,0,205000.0
5031966,305000,2021-10-01,1467.3,0.02875,288,2021-10-01,0,305000.0
5031969,535000,2021-10-01,3440.31,0.0199,180,2021-10-01,0,535000.0
5031970,105000,2021-10-01,712.56,0.0275,180,2021-10-01,0,105000.0
5031971,335000,2021-10-01,1597.42,0.039900000000000005,360,2021-10-01,0,335000.0
5031973,315000,2021-11-01,1326.36,0.029900000000000003,360,2021-11-01,0,315000.0
5031976,175000,2021-10-01,773.67,0.03375,360,2021-10-01,0,175000.0
5031979,105000,2021-11-01,456.97,0.0325,360,2021-11-01,0,105000.0
5031984,125000,2021-09-01,1149.61,0.0199,120,2021-09-01,0,125000.0
5031988,235000,2021-10-01,989.51,0.029900000000000003,360,2021-10-01,0,235000.0
5031993,765000,2021-10-01,3542.84,0.0375,360,2021-10-01,0,765000.0
5031998,275000,2021-10-01,1833.68,0.025,180,2021-10-01,0,275000.0
5032000,445000,2021-10-01,1816.68,0.0275,360,2021-10-01,0,445000.0
5032005,825000,2021-10-01,3451.6,0.0294,360,2021-10-01,0,825000.0
5032010,55000,2021-10-01,379.56,0.029900000000000003,180,2021-10-01,0,55000.0
5032011,175000,2021-10-01,761.62,0.0325,360,2021-10-01,0,175000.0
5032016,275000,2021-10-01,1178.04,0.03125,360,2021-10-01,0,275000.0
5032020,185000,2021-10-01,1733.5,0.02375,120,2021-11-01,1,183632.64583333334
5032023,295000,2021-11-01,1617.67,0.02875,240,2021-11-01,0,295000.0
5032025,175000,2021-11-01,1156.62,0.02375,180,2021-11-01,0,175000.0
5032027,475000,2021-10-01,2575.29,0.0275,240,2021-10-01,0,475000.0
5032032,215000,2021-10-01,1395.96,0.02125,180,2021-10-01,0,215000.0
5032036,385000,2021-10-01,1610.75,0.0294,360,2021-10-01,0,385000.0
5032041,385000,2021-10-01,1559.52,0.0269,360,2021-10-01,0,385000.0
5032045,285000,2021-11-01,1182.45,0.02875,360,2021-11-01,0,285000.0
5032046,675000,2021-10-01,4461.22,0.02375,180,2021-10-01,0,675000.0
5032051,235000,2021-10-01,975.0,0.02875,360,2021-10-01,0,235000.0
5032053,205000,2021-10-01,922.86,0.029900000000000003,324,2021-11-01,1,204587.93166666667
5032055,125000,2021-10-01,526.34,0.029900000000000003,360,2021-10-01,0,125000.0
5032060,265000,2021-10-01,1115.83,0.029900000000000003,360,2021-10-01,0,265000.0
5032062,205000,2021-10-01,1342.93,0.0225,180,2021-10-01,0,205000.0
5032065,265000,2021-10-01,1720.6,0.02125,180,2021-10-01,0,265000.0
5032068,325000,2021-11-01,1348.41,0.02875,360,2021-11-01,0,325000.0
5032070,215000,2021-10-01,905.29,0.029900000000000003,360,2021-10-01,0,215000.0
5032073,135000,2021-10-01,982.86,0.0199,156,2021-10-01,0,135000.0
5032074,155000,2021-10-01,1783.1,0.025,96,2021-10-01,0,155000.0
5032077,325000,2021-11-01,1682.88,0.0225,240,2021-11-01,0,325000.0
5032080,155000,2021-11-01,685.25,0.03375,360,2021-11-01,0,155000.0
5032083,125000,2021-10-01,709.0,0.0325,240,2021-11-01,1,124629.54166666667
5032088,305000,2021-10-01,1284.25,0.029900000000000003,360,2021-10-01,0,305000.0
5032091,605000,2021-10-01,2591.68,0.03125,360,2021-10-01,0,605000.0
5032093,605000,2021-10-01,2510.1,0.02875,360,2021-10-01,0,605000.0
5032097,105000,2021-10-01,712.56,0.0275,180,2021-10-01,0,105000.0
5032100,495000,2021-09-01,2053.72,0.02875,360,2021-09-01,0,495000.0
5032102,255000,2021-11-01,1351.26,0.025,240,2021-11-01,0,255000.0
5032107,145000,2021-10-01,949.88,0.0225,180,2021-10-01,0,145000.0
5032111,155000,2021-11-01,840.36,0.0275,240,2021-11-01,0,155000.0
5032114,335000,2021-10-01,1410.57,0.029900000000000003,360,2021-10-01,0,335000.0
5032116,445000,2021-10-01,1873.74,0.029900000000000003,360,2021-10-01,0,445000.0
5032119,305000,2021-10-01,1327.38,0.0325,360,2021-10-01,0,305000.0
5032121,755000,2021-10-01,3337.83,0.03375,360,2021-10-01,0,755000.0
5032123,395000,2021-10-01,1719.07,0.0325,360,2021-10-01,0,395000.0
5032125,435000,2021-10-01,1762.06,0.0269,360,2021-10-01,0,435000.0
5032130,245000,2021-10-01,1604.96,0.0225,180,2021-10-01,0,245000.0
5032134,265000,2021-10-01,1782.63,0.02625,180,2021-10-01,0,265000.0
5032136,105000,2021-11-01,989.84,0.025,120,2021-11-01,0,105000.0
5032138,185000,2021-10-01,778.98,0.029900000000000003,360,2021-10-01,0,185000.0
5032139,245000,2021-10-01,1031.61,0.029900000000000003,360,2021-10-01,0,245000.0
5032140,85000,2021-10-01,369.93,0.0325,360,2021-10-01,0,85000.0
5032143,355000,2021-10-01,1533.32,0.0319,360,2021-10-01,0,355000.0
5032144,105000,2021-10-01,1001.82,0.0275,120,2021-10-01,0,105000.0
5032146,775000,2021-10-01,3215.42,0.02875,360,2021-10-01,0,775000.0
5032149,345000,2021-10-01,1408.44,0.0275,360,2021-10-01,0,345000.0
5032152,345000,2021-10-01,1452.68,0.029900000000000003,360,2021-10-01,0,345000.0
5032154,235000,2021-10-01,1274.1,0.0275,240,2021-10-01,0,235000.0
5032156,235000,2021-10-01,1055.26,0.035,360,2021-10-01,0,235000.0
5032159,275000,2021-10-01,1234.88,0.035,360,2021-10-01,0,275000.0
5032163,435000,2021-10-01,2305.08,0.025,240,2021-10-01,0,435000.0
5032166,135000,2021-10-01,757.19,0.03125,240,2021-10-01,0,135000.0
5032170,305000,2021-11-01,1348.4,0.03375,360,2021-11-01,0,305000.0
5032171,895000,2021-11-01,4018.95,0.035,360,2021-11-01,0,895000.0
5032172,155000,2021-10-01,840.36,0.0275,240,2021-10-01,0,155000.0
5032174,295000,2021-11-01,2001.94,0.0275,180,2021-11-01,0,295000.0
5032179,135000,2021-09-01,916.14,0.0275,180,2021-10-01,1,134393.235
5032182,405000,2021-10-01,3794.96,0.02375,120,2021-10-01,0,405000.0
5032183,325000,2021-10-01,1392.23,0.03125,360,2021-10-01,0,325000.0
5032188,365000,2021-10-01,1536.89,0.029900000000000003,360,2021-10-01,0,365000.0
5032193,175000,2021-10-01,726.07,0.02875,360,2021-10-01,0,175000.0
5032194,395000,2021-10-01,1663.21,0.029900000000000003,360,2021-10-01,0,395000.0
5032196,215000,2021-10-01,950.51,0.03375,360,2021-10-01,0,215000.0
5032199,105000,2021-10-01,712.56,0.0275,180,2021-10-01,0,105000.0
5032203,115000,2021-10-01,477.13,0.02875,360,2021-10-01,0,115000.0
5032207,295000,2021-10-01,1366.2,0.0375,360,2021-10-01,0,295000.0
5032208,275000,2021-10-01,1523.77,0.029900000000000003,240,2021-10-01,0,275000.0
5032213,695000,2021-10-01,3072.57,0.03375,360,2021-10-01,0,695000.0
5032218,235000,2021-10-01,989.51,0.029900000000000003,360,2021-10-01,0,235000.0
5032223,165000,2021-10-01,673.6,0.0275,360,2021-10-01,0,165000.0
5032226,505000,2021-10-01,3220.74,0.01875,180,2021-10-01,0,505000.0
5032231,365000,2021-11-01,1490.09,0.0275,360,2021-11-01,0,365000.0
5032236,275000,2021-10-01,1196.82,0.0325,360,2021-11-01,1,274547.9716666667
5032240,265000,2021-10-01,1468.36,0.029900000000000003,240,2021-10-01,0,265000.0
5032242,395000,2021-11-01,1746.29,0.03375,360,2021-11-01,0,395000.0
5032244,405000,2021-10-01,1680.32,0.02875,360,2021-10-01,0,405000.0
5032249,125000,2021-10-01,596.05,0.039900000000000005,360,2021-10-01,0,125000.0
5032250,275000,2021-11-01,1768.39,0.0199,180,2021-11-01,0,275000.0
5032253,255000,2021-10-01,1057.98,0.02875,360,2021-10-01,0,255000.0
5032256,155000,2021-10-01,643.09,0.02875,360,2021-10-01,0,155000.0
5032257,365000,2021-10-01,2498.74,0.02875,180,2021-11-01,1,363375.7391666667
5032261,105000,2021-10-01,712.56,0.0275,180,2021-10-01,0,105000.0
5032264,325000,2021-10-01,1436.82,0.03375,360,2021-11-01,1,324477.2425
5032267,235000,2021-10-01,1231.02,0.02375,240,2021-10-01,0,235000.0
5032268,145000,2021-10-01,591.95,0.0275,360,2021-10-01,0,145000.0
5032272,95000,2021-10-01,627.88,0.02375,180,2021-10-01,0,95000.0
5032277,685000,2021-10-01,3028.36,0.03375,360,2021-11-01,1,683898.2025
5032282,245000,2021-11-01,1283.4,0.02375,240,2021-11-01,0,245000.0
5032287,135000,2021-11-01,596.83,0.03375,360,2021-11-01,0,135000.0
5032291,705000,2021-10-01,2831.64,0.02625,360,2021-10-01,0,705000.0
5032293,235000,2021-10-01,951.92,0.0269,360,2021-10-01,0,235000.0
5032298,165000,2021-10-01,1149.41,0.03125,180,2021-10-01,0,165000.0
5032299,75000,2021-10-01,508.97,0.0275,180,2021-10-01,0,75000.0
5032301,505000,2021-10-01,3278.87,0.02125,180,2021-10-01,0,505000.0
5032304,155000,2021-10-01,706.88,0.03625,360,2021-10-01,0,155000.0
5032307,275000,2021-10-01,1157.93,0.029900000000000003,360,2021-10-01,0,275000.0
5032311,295000,2021-10-01,1283.86,0.0325,360,2021-10-01,0,295000.0
5032314,515000,2021-10-01,3343.8,0.02125,180,2021-10-01,0,515000.0
5032318,275000,2021-10-01,1140.96,0.02875,360,2021-10-01,0,275000.0
5032322,275000,2021-10-01,1122.67,0.0275,360,2021-10-01,0,275000.0
5032325,205000,2021-10-01,906.3,0.03375,360,2021-10-01,0,205000.0
5032326,375000,2021-10-01,1657.87,0.03375,360,2021-10-01,0,375000.0
5032331,575000,2021-10-01,2582.01,0.035,360,2021-10-01,0,575000.0
5032333,495000,2021-10-01,2084.28,0.029900000000000003,360,2021-10-01,0,495000.0
5032334,405000,2021-10-01,1653.38,0.0275,360,2021-10-01,0,405000.0
5032336,395000,2021-10-01,1706.09,0.0319,360,2021-10-01,0,395000.0
5032337,155000,2021-10-01,858.86,0.029900000000000003,240,2021-10-01,0,155000.0
5032340,125000,2021-10-01,552.63,0.03375,360,2021-10-01,0,125000.0
5032345,155000,2021-10-01,674.57,0.0325,360,2021-10-01,0,155000.0
5032348,155000,2021-10-01,849.96,0.02875,240,2021-10-01,0,155000.0
5032351,105000,2021-10-01,595.56,0.0325,240,2021-10-01,0,105000.0
5032354,535000,2021-10-01,2328.36,0.0325,360,2021-10-01,0,535000.0
5032355,525000,2021-10-01,2210.6,0.029900000000000003,360,2021-10-01,0,525000.0
5032358,325000,2021-10-01,1392.23,0.03125,360,2021-10-01,0,325000.0
5032361,195000,2021-10-01,877.84,0.029900000000000003,324,2021-10-01,0,195000.0
5032365,245000,2021-10-01,1031.61,0.029900000000000003,360,2021-10-01,0,245000.0
5032366,285000,2021-10-01,1182.45,0.02875,360,2021-10-01,0,285000.0
5032367,95000,2021-11-01,387.83,0.0275,360,2021-11-01,0,95000.0
5032371,475000,2021-10-01,1876.83,0.025,360,2021-10-01,0,475000.0
5032374,95000,2021-10-01,515.06,0.0275,240,2021-10-01,0,95000.0
5032377,205000,2021-10-01,1366.92,0.025,180,2021-10-01,0,205000.0
5032381,305000,2021-10-01,1265.43,0.02875,360,2021-10-01,0,305000.0
5032382,465000,2021-10-01,1957.96,0.029900000000000003,360,2021-10-01,0,465000.0
5032386,155000,2021-10-01,685.25,0.03375,360,2021-10-01,0,155000.0
5032390,825000,2021-10-01,3422.87,0.02875,360,2021-10-01,0,825000.0
5032394,115000,2021-10-01,508.42,0.03375,360,2021-10-01,0,115000.0
5032397,425000,2021-10-01,1789.53,0.029900000000000003,360,2021-10-01,0,425000.0
5032399,885000,2021-11-01,3671.8,0.02875,360,2021-11-01,0,885000.0
5032402,125000,2021-11-01,833.49,0.025,180,2021-11-01,0,125000.0
5032404,135000,2021-10-01,916.14,0.0275,180,2021-10-01,0,135000.0
5032406,495000,2021-10-01,2053.72,0.02875,360,2021-10-01,0,495000.0
5032407,165000,2021-10-01,684.58,0.02875,360,2021-10-01,0,165000.0
5032409,305000,2021-10-01,1672.51,0.02875,240,2021-10-01,0,305000.0
5032412,325000,2021-10-01,2167.07,0.025,180,2021-10-01,0,325000.0
5032414,285000,2021-10-01,1562.83,0.02875,240,2021-10-01,0,285000.0
5032416,275000,2021-10-01,1113.95,0.0269,360,2021-10-01,0,275000.0
5032417,145000,2021-11-01,1000.65,0.029900000000000003,180,2021-11-01,0,145000.0
5032422,305000,2021-10-01,1245.14,0.0275,360,2021-10-01,0,305000.0
5032424,245000,2021-10-01,1016.49,0.02875,360,2021-10-01,0,245000.0
5032428,675000,2021-10-01,2580.17,0.0225,360,2021-10-01,0,675000.0
5032433,235000,2021-11-01,1022.74,0.0325,360,2021-11-01,0,235000.0
5032436,275000,2021-10-01,1113.95,0.0269,360,2021-10-01,0,275000.0
5032441,255000,2021-10-01,1670.47,0.0225,180,2021-10-01,0,255000.0
5032445,365000,2021-10-01,1588.51,0.0325,360,2021-10-01,0,365000.0
5032447,505000,2021-10-01,2126.38,0.029900000000000003,360,2021-10-01,0,505000.0
5032451,325000,2021-10-01,1326.79,0.0275,360,2021-10-01,0,325000.0
5032454,115000,2021-10-01,659.6,0.03375,240,2021-10-01,0,115000.0
5032456,135000,2021-10-01,916.14,0.0275,180,2021-10-01,0,135000.0
5032460,595000,2021-10-01,2569.93,0.0319,360,2021-10-01,0,595000.0
5032461,485000,2021-10-01,2144.17,0.03375,360,2021-10-01,0,485000.0
5032463,245000,2021-10-01,2281.87,0.0225,120,2021-10-01,0,245000.0
5032464,475000,2021-10-01,2067.24,0.0325,360,2021-11-01,1,474219.2183333333
5032469,155000,2021-10-01,674.57,0.0325,360,2021-10-01,0,155000.0
5032470,155000,2021-10-01,674.57,0.0325,360,2021-10-01,0,155000.0
5032475,825000,2021-11-01,3563.35,0.0319,360,2021-11-01,0,825000.0
5032476,355000,2021-10-01,1544.99,0.0325,360,2021-10-01,0,355000.0
5032478,255000,2021-10-01,1073.72,0.029900000000000003,360,2021-10-01,0,255000.0
5032479,415000,2021-09-01,2767.18,0.025,180,2021-09-01,0,415000.0
5032480,335000,2021-10-01,1389.89,0.02875,360,2021-10-01,0,335000.0
5032481,445000,2021-10-01,1846.28,0.02875,360,2021-10-01,0,445000.0
5032486,105000,2021-10-01,464.21,0.03375,360,2021-10-01,0,105000.0
5032488,175000,2021-10-01,812.02,0.0325,324,2021-10-01,0,175000.0
5032490,295000,2021-10-01,1599.4,0.0275,240,2021-10-01,0,295000.0
5032495,325000,2021-10-01,1403.75,0.0319,360,2021-10-01,0,325000.0
5032496,265000,2021-10-01,1735.98,0.0225,180,2021-10-01,0,265000.0
5032500,255000,2021-10-01,1225.89,0.03125,300,2021-10-01,0,255000.0
5032502,585000,2021-10-01,2545.96,0.0325,360,2021-10-01,0,585000.0
5032505,555000,2021-11-01,2302.66,0.02875,360,2021-11-01,0,555000.0
5032509,95000,2021-10-01,633.45,0.025,180,2021-10-01,0,95000.0
5032514,275000,2021-10-01,1150.54,0.0294,360,2021-10-01,0,275000.0
5032518,235000,2021-10-01,943.88,0.02625,360,2021-10-01,0,235000.0
5032519,525000,2021-11-01,2178.19,0.02875,360,2021-11-01,0,525000.0
5032521,85000,2021-10-01,352.66,0.02875,360,2021-10-01,0,85000.0
5032525,205000,2021-10-01,1111.45,0.0275,240,2021-10-01,0,205000.0
5032526,335000,2021-10-01,1508.08,0.029900000000000003,324,2021-10-01,0,335000.0
5032530,185000,2021-10-01,1003.01,0.0275,240,2021-10-01,0,185000.0
5032532,165000,2021-10-01,694.76,0.029900000000000003,360,2021-10-01,0,165000.0
5032537,425000,2021-10-01,1789.53,0.029900000000000003,360,2021-10-01,0,425000.0
5032541,145000,2021-10-01,610.55,0.029900000000000003,360,2021-10-01,0,145000.0
5032546,115000,2021-10-01,780.42,0.0275,180,2021-10-01,0,115000.0
5032549,365000,2021-10-01,1478.51,0.0269,360,2021-10-01,0,365000.0
5032552,175000,2021-10-01,749.66,0.03125,360,2021-10-01,0,175000.0
5032557,665000,2021-10-01,2800.09,0.029900000000000003,360,2021-10-01,0,665000.0
5032562,265000,2021-10-01,1153.3,0.0325,360,2021-10-01,0,265000.0
5032564,235000,2021-10-01,975.0,0.02875,360,2021-10-01,0,235000.0
5032565,505000,2021-11-01,2095.21,0.02875,360,2021-11-01,0,505000.0
5032568,255000,2021-10-01,1041.02,0.0275,360,2021-10-01,0,255000.0
5032570,175000,2021-10-01,1840.97,0.02875,108,2021-10-01,0,175000.0
5032573,105000,2021-10-01,456.97,0.0325,360,2021-10-01,0,105000.0
5032576,115000,2021-10-01,780.42,0.0275,180,2021-10-01,0,115000.0
5032580,125000,2021-10-01,840.87,0.02625,180,2021-10-01,0,125000.0
5032583,295000,2021-10-01,1242.15,0.029900000000000003,360,2021-10-01,0,295000.0
5032585,245000,2021-11-01,1049.52,0.03125,360,2021-11-01,0,245000.0
5032590,145000,2021-10-01,966.85,0.025,180,2021-10-01,0,145000.0
5032594,155000,2021-10-01,1033.53,0.025,180,2021-10-01,0,155000.0
5032599,145000,2021-10-01,631.05,0.0325,360,2021-10-01,0,145000.0
5032604,275000,2021-10-01,1234.88,0.035,360,2021-10-01,0,275000.0
5032608,295000,2021-10-01,3377.12,0.02375,96,2021-10-01,0,295000.0
5032613,125000,2021-11-01,544.01,0.0325,360,2021-11-01,0,125000.0
5032618,195000,2021-10-01,821.08,0.029900000000000003,360,2021-10-01,0,195000.0
5032621,235000,2021-10-01,898.28,0.0225,360,2021-10-01,0,235000.0
5032624,385000,2021-10-01,1823.72,0.029900000000000003,300,2021-10-01,0,385000.0
5032627,295000,2021-10-01,1304.19,0.03375,360,2021-10-01,0,295000.0
5032629,485000,2021-11-01,1979.97,0.0275,360,2021-11-01,0,485000.0
5032633,255000,2021-10-01,1127.35,0.03375,360,2021-10-01,0,255000.0
5032638,215000,2021-10-01,950.51,0.03375,360,2021-10-01,0,215000.0
5032643,185000,2021-09-01,755.25,0.0275,360,2021-09-01,0,185000.0
5032647,185000,2021-10-01,767.56,0.02875,360,2021-10-01,0,185000.0
5032649,135000,2021-10-01,606.22,0.035,360,2021-10-01,0,135000.0
5032654,355000,2021-10-01,2325.56,0.0225,180,2021-10-01,0,355000.0
5032656,335000,2021-10-01,1575.3,0.03875,360,2021-10-01,0,335000.0
5032657,245000,2021-11-01,1025.02,0.0294,360,2021-11-01,0,245000.0
5032661,435000,2021-10-01,1718.78,0.025,360,2021-10-01,0,435000.0
5032663,155000,2021-10-01,685.25,0.03375,360,2021-10-01,0,155000.0
5032668,225000,2021-10-01,994.72,0.03375,360,2021-10-01,0,225000.0
5032669,155000,2021-10-01,612.44,0.025,360,2021-10-01,0,155000.0
5032672,455000,2021-10-01,1915.85,0.029900000000000003,360,2021-10-01,0,455000.0
5032677,215000,2021-10-01,1705.07,0.0225,144,2021-10-01,0,215000.0
5032678,225000,2021-10-01,933.51,0.02875,360,2021-11-01,1,224605.5525
5032681,165000,2021-10-01,764.15,0.0375,360,2021-10-01,0,165000.0
5032682,405000,2021-10-01,1762.59,0.0325,360,2021-10-01,0,405000.0
5032683,225000,2021-10-01,1500.28,0.025,180,2021-10-01,0,225000.0
5032684,205000,2021-11-01,1135.9,0.029900000000000003,240,2021-11-01,0,205000.0
5032686,205000,2021-10-01,863.19,0.029900000000000003,360,2021-10-01,0,205000.0
5032688,385000,2021-10-01,1597.34,0.02875,360,2021-10-01,0,385000.0
5032692,265000,2021-10-01,1115.83,0.029900000000000003,360,2021-10-01,0,265000.0
5032695,185000,2021-10-01,767.56,0.02875,360,2021-10-01,0,185000.0
5032699,515000,2021-10-01,2102.45,0.0275,360,2021-10-01,0,515000.0
5032704,165000,2021-10-01,684.58,0.02875,360,2021-10-01,0,165000.0
5032708,285000,2021-10-01,1154.45,0.0269,360,2021-10-01,0,285000.0
5032709,395000,2021-10-01,1719.07,0.0325,360,2021-10-01,0,395000.0
5032711,135000,2021-10-01,740.29,0.02875,240,2021-10-01,0,135000.0
5032715,405000,2021-11-01,1762.59,0.0325,360,2021-11-01,0,405000.0
5032719,305000,2021-10-01,1348.4,0.03375,360,2021-10-01,0,305000.0
5032721,125000,2021-10-01,510.31,0.0275,360,2021-10-01,0,125000.0
5032722,515000,2021-10-01,2295.37,0.0344,360,2021-10-01,0,515000.0
5032724,185000,2021-10-01,1233.57,0.025,180,2021-11-01,1,184151.84666666665
5032727,75000,2021-10-01,336.79,0.035,360,2021-10-01,0,75000.0
5032732,155000,2021-10-01,1024.43,0.02375,180,2021-10-01,0,155000.0
5032733,375000,2021-11-01,1579.0,0.029900000000000003,360,2021-11-01,0,375000.0
5032736,105000,2021-10-01,456.97,0.0325,360,2021-10-01,0,105000.0
5032737,395000,2021-11-01,1612.56,0.0275,360,2021-11-01,0,395000.0
5032742,825000,2021-10-01,3534.1,0.03125,360,2021-10-01,0,825000.0
5032744,365000,2021-10-01,1442.2,0.025,360,2021-10-01,0,365000.0
5032748,325000,2021-10-01,2089.91,0.0199,180,2021-10-01,0,325000.0
5032750,175000,2021-10-01,761.62,0.0325,360,2021-10-01,0,175000.0
5032751,205000,2021-10-01,1086.31,0.025,240,2021-10-01,0,205000.0
5032755,185000,2021-10-01,843.7,0.03625,360,2021-10-01,0,185000.0
5032756,385000,2021-10-01,2111.19,0.02875,240,2021-10-01,0,385000.0
5032757,305000,2021-11-01,1327.38,0.0325,360,2021-11-01,0,305000.0
5032759,155000,2021-11-01,652.66,0.029900000000000003,360,2021-11-01,0,155000.0
5032763,175000,2021-10-01,761.62,0.0325,360,2021-10-01,0,175000.0
5032767,155000,2021-11-01,674.57,0.0325,360,2021-11-01,0,155000.0
5032771,495000,2021-10-01,2053.72,0.02875,360,2021-10-01,0,495000.0
5032776,155000,2021-10-01,652.66,0.029900000000000003,360,2021-10-01,0,155000.0
5032781,235000,2021-10-01,951.92,0.0269,360,2021-10-01,0,235000.0
5032783,205000,2021-10-01,1391.18,0.0275,180,2021-10-01,0,205000.0
5032784,265000,2021-11-01,1135.2,0.03125,360,2021-11-01,0,265000.0
5032786,195000,2021-10-01,821.08,0.029900000000000003,360,2021-10-01,0,195000.0
5032791,355000,2021-10-01,1544.99,0.0325,360,2021-10-01,0,355000.0
5032794,155000,2021-10-01,1051.87,0.0275,180,2021-11-01,1,154303.33833333335
5032799,105000,2021-10-01,464.21,0.03375,360,2021-10-01,0,105000.0
5032801,215000,2021-10-01,1408.44,0.0225,180,2021-10-01,0,215000.0
5032802,85000,2021-11-01,884.52,0.02625,108,2021-11-01,0,85000.0
5032803,105000,2021-10-01,965.68,0.0199,120,2021-10-01,0,105000.0
5032807,115000,2021-10-01,500.49,0.0325,360,2021-10-01,0,115000.0
5032809,135000,2021-10-01,931.64,0.029900000000000003,180,2021-10-01,0,135000.0
5032814,285000,2021-11-01,1883.63,0.02375,180,2021-11-01,0,285000.0
5032818,175000,2021-11-01,749.66,0.03125,360,2021-11-01,0,175000.0
5032821,415000,2021-09-01,1747.42,0.029900000000000003,360,2021-09-01,0,415000.0
5032822,265000,2021-10-01,1255.29,0.029900000000000003,300,2021-10-01,0,265000.0
5032826,135000,2021-10-01,876.53,0.02125,180,2021-10-01,0,135000.0
5032830,545000,2021-10-01,2207.64,0.0269,360,2021-10-01,0,545000.0
5032831,405000,2021-10-01,1705.32,0.029900000000000003,360,2021-10-01,0,405000.0
5032834,375000,2021-10-01,2434.81,0.02125,180,2021-10-01,0,375000.0
5032837,135000,2021-10-01,723.62,0.02625,240,2021-10-01,0,135000.0
5032842,375000,2021-10-01,1506.19,0.02625,360,2021-10-01,0,375000.0
5032844,145000,2021-10-01,631.05,0.0325,360,2021-12-01,2,144522.67115798616
5032845,205000,2021-10-01,1307.43,0.01875,180,2021-10-01,0,205000.0
5032848,665000,2021-10-01,2782.2,0.0294,360,2021-10-01,0,665000.0
5032849,475000,2021-11-01,1970.74,0.02875,360,2021-11-01,0,475000.0
5032853,305000,2021-11-01,1245.14,0.0275,360,2021-11-01,0,305000.0
5032858,75000,2021-10-01,508.97,0.0275,180,2021-10-01,0,75000.0
5032862,255000,2021-10-01,1382.53,0.0275,240,2021-10-01,0,255000.0
5032863,375000,2021-11-01,1579.0,0.029900000000000003,360,2021-11-01,0,375000.0
5032865,595000,2021-10-01,2630.48,0.03375,360,2021-10-01,0,595000.0
5032870,435000,2021-10-01,1831.64,0.029900000000000003,360,2021-10-01,0,435000.0
5032872,155000,2021-11-01,652.66,0.029900000000000003,360,2021-11-01,0,155000.0
5032873,495000,2021-11-01,2084.28,0.029900000000000003,360,2021-12-01,1,494149.095
5032877,105000,2021-11-01,737.81,0.0325,180,2021-11-01,0,105000.0
5032882,355000,2021-10-01,2422.84,0.0199,168,2021-10-01,0,355000.0
5032886,125000,2021-10-01,862.63,0.029900000000000003,180,2021-10-01,0,125000.0
5032890,545000,2021-11-01,2224.92,0.0275,360,2021-11-01,0,545000.0
5032893,415000,2021-10-01,1834.7,0.03375,360,2021-10-01,0,415000.0
5032895,285000,2021-10-01,1154.45,0.0269,360,2021-10-01,0,285000.0
5032900,85000,2021-10-01,987.4,0.0275,96,2021-10-01,0,85000.0
5032904,155000,2021-10-01,652.66,0.029900000000000003,360,2021-10-01,0,155000.0
5032905,385000,2021-10-01,2522.08,0.0225,180,2021-10-01,0,385000.0
5032908,465000,2021-10-01,1929.26,0.02875,360,2021-10-01,0,465000.0
5032909,395000,2021-10-01,2633.82,0.025,180,2021-10-01,0,395000.0
5032913,245000,2021-11-01,1031.61,0.029900000000000003,360,2021-11-01,0,245000.0
5032915,595000,2021-10-01,2312.49,0.02375,360,2021-10-01,0,595000.0
5032917,355000,2021-10-01,1472.87,0.02875,360,2021-10-01,0,355000.0
5032918,85000,2021-10-01,693.7,0.0275,144,2021-10-01,0,85000.0
5032922,225000,2021-10-01,1513.56,0.02625,180,2021-10-01,0,225000.0
5032925,355000,2021-10-01,2516.1,0.03375,180,2021-10-01,0,355000.0
5032930,105000,2021-10-01,712.56,0.0275,180,2021-10-01,0,105000.0
5032934,165000,2021-10-01,718.1,0.0325,360,2021-10-01,0,165000.0
5032935,145000,2021-11-01,601.6,0.02875,360,2021-12-01,1,144745.79583333334
5032939,245000,2021-10-01,1016.49,0.02875,360,2021-10-01,0,245000.0
5032944,455000,2021-10-01,2011.54,0.03375,360,2021-11-01,1,454268.1475
5032949,365000,2021-10-01,1576.51,0.0319,360,2021-11-01,1,364393.7816666667
5032950,255000,2021-10-01,1109.78,0.0325,360,2021-10-01,0,255000.0
5032951,165000,2021-10-01,914.27,0.029900000000000003,240,2021-10-01,0,165000.0
5032953,85000,2021-10-01,375.79,0.03375,360,2021-10-01,0,85000.0
5032956,135000,2021-10-01,617.4,0.03125,324,2021-10-01,0,135000.0
5032958,225000,2021-11-01,947.4,0.029900000000000003,360,2021-11-01,0,225000.0
5032962,305000,2021-10-01,1284.25,0.029900000000000003,360,2021-10-01,0,305000.0
5032966,295000,2021-11-01,1932.51,0.0225,180,2021-11-01,0,295000.0
5032969,225000,2021-10-01,1233.82,0.02875,240,2021-10-01,0,225000.0
5032971,135000,2021-10-01,582.06,0.02625,324,2021-10-01,0,135000.0
5032972,345000,2021-10-01,1477.9,0.03125,360,2021-10-01,0,345000.0
5032973,415000,2021-10-01,1747.42,0.029900000000000003,360,2021-10-01,0,415000.0
5032974,245000,2021-10-01,1283.4,0.02375,240,2021-10-01,0,245000.0
5032979,135000,2021-10-01,948.61,0.0325,180,2021-10-01,0,135000.0
5032982,205000,2021-10-01,863.19,0.029900000000000003,360,2021-10-01,0,205000.0
5032983,175000,2021-11-01,736.87,0.029900000000000003,360,2021-11-01,0,175000.0
5032987,195000,2021-11-01,1069.31,0.02875,240,2021-11-01,0,195000.0
5032992,505000,2021-11-01,2163.3,0.03125,360,2021-11-01,0,505000.0
5032994,115000,2021-10-01,484.23,0.029900000000000003,360,2021-10-01,0,115000.0
5032997,205000,2021-11-01,863.19,0.029900000000000003,360,2021-11-01,0,205000.0
5032999,95000,2021-11-01,400.02,0.029900000000000003,360,2021-11-01,0,95000.0
5033000,185000,2021-10-01,830.74,0.035,360,2021-10-01,0,185000.0
5033003,255000,2021-11-01,1073.72,0.029900000000000003,360,2021-11-01,0,255000.0
5033006,285000,2021-10-01,1900.35,0.025,180,2021-10-01,0,285000.0
5033007,95000,2021-10-01,438.39,0.029900000000000003,312,2021-10-01,0,95000.0
5033008,405000,2021-11-01,2748.42,0.0275,180,2021-11-01,0,405000.0
5033009,135000,2021-10-01,748.04,0.029900000000000003,240,2021-10-01,0,135000.0
5033013,355000,2021-10-01,1924.7,0.0275,240,2021-10-01,0,355000.0
5033015,465000,2021-11-01,1929.26,0.02875,360,2021-11-01,0,465000.0
5033018,225000,2021-11-01,947.4,0.029900000000000003,360,2021-11-01,0,225000.0
5033021,215000,2021-10-01,935.7,0.0325,360,2021-10-01,0,215000.0
5033024,545000,2021-09-01,3698.49,0.0275,180,2021-12-01,3,537634.5516054978
5033026,205000,2021-10-01,863.19,0.029900000000000003,360,2021-10-01,0,205000.0
5033029,275000,2021-11-01,2545.8,0.02125,120,2021-11-01,0,275000.0
5033031,285000,2021-10-01,1259.98,0.03375,360,2021-10-01,0,285000.0
5033032,205000,2021-10-01,906.3,0.03375,360,2021-10-01,0,205000.0
5033034,195000,2021-10-01,1323.32,0.0275,180,2021-10-01,0,195000.0
5033038,125000,2021-11-01,833.49,0.025,180,2021-11-01,0,125000.0
5033040,245000,2021-10-01,992.43,0.0269,360,2021-10-01,0,245000.0
5033044,75000,2021-10-01,715.59,0.0275,120,2021-10-01,0,75000.0
5033045,475000,2021-11-01,2000.06,0.029900000000000003,360,2021-11-01,0,475000.0
5033047,125000,2021-10-01,685.46,0.02875,240,2021-10-01,0,125000.0
5033049,495000,2021-11-01,2084.28,0.029900000000000003,360,2021-11-01,0,495000.0
5033054,255000,2021-10-01,2007.76,0.02125,144,2021-10-01,0,255000.0
5033058,585000,2021-11-01,2427.13,0.02875,360,2021-11-01,0,585000.0
5033062,265000,2021-10-01,1782.63,0.02625,180,2021-10-01,0,265000.0
5033067,125000,2021-10-01,518.62,0.02875,360,2021-10-01,0,125000.0
5033072,385000,2021-11-01,1621.1,0.029900000000000003,360,2021-11-01,0,385000.0
5033076,785000,2021-10-01,3416.37,0.0325,360,2021-10-01,0,785000.0
5033079,105000,2021-10-01,471.5,0.035,360,2021-10-01,0,105000.0
5033082,305000,2021-10-01,1265.43,0.02875,360,2021-10-01,0,305000.0
5033084,505000,2021-11-01,3247.4,0.0199,180,2021-11-01,0,505000.0
5033088,135000,2021-10-01,587.53,0.0325,360,2021-10-01,0,135000.0
5033091,265000,2021-10-01,1176.95,0.02875,324,2021-10-01,0,265000.0
5033096,295000,2021-10-01,1599.4,0.0275,240,2021-10-01,0,295000.0
5033099,515000,2021-10-01,2168.49,0.029900000000000003,360,2021-10-01,0,515000.0
5033101,145000,2021-10-01,1366.92,0.025,120,2021-10-01,0,145000.0
5033105,95000,2021-10-01,400.02,0.029900000000000003,360,2021-10-01,0,95000.0
5033106,465000,2021-10-01,3239.24,0.03125,180,2021-10-01,0,465000.0
5033110,505000,2021-10-01,2706.87,0.02625,240,2021-10-01,0,505000.0
5033112,305000,2021-11-01,1980.31,0.02125,180,2021-11-01,0,305000.0
5033114,175000,2021-10-01,927.34,0.025,240,2021-10-01,0,175000.0
5033119,155000,2021-11-01,685.25,0.03375,360,2021-11-01,0,155000.0
5033122,75000,2021-10-01,517.58,0.029900000000000003,180,2021-10-01,0,75000.0
5033124,285000,2021-10-01,1163.49,0.0275,360,2021-10-01,0,285000.0
5033129,185000,2021-10-01,1255.46,0.0275,180,2021-10-01,0,185000.0
5033130,225000,2021-10-01,1601.87,0.02625,168,2021-10-01,0,225000.0
5033135,465000,2021-11-01,1929.26,0.02875,360,2021-11-01,0,465000.0
5033136,155000,2021-10-01,652.66,0.029900000000000003,360,2021-10-01,0,155000.0
5033141,155000,2021-11-01,1229.24,0.0225,144,2021-11-01,0,155000.0
5033143,245000,2021-10-01,1058.21,0.0319,360,2021-10-01,0,245000.0
5033147,405000,2021-09-01,1705.32,0.029900000000000003,360,2021-09-01,0,405000.0
5033151,185000,2021-10-01,1299.94,0.0325,180,2021-10-01,0,185000.0
5033154,215000,2021-10-01,877.72,0.0275,360,2021-10-01,0,215000.0
5033155,175000,2021-11-01,1177.21,0.02625,180,2021-11-01,0,175000.0
5033159,115000,2021-10-01,637.22,0.029900000000000003,240,2021-10-01,0,115000.0
5033160,275000,2021-10-01,1849.9,0.02625,180,2021-10-01,0,275000.0
5033165,205000,2021-10-01,836.9,0.0275,360,2021-10-01,0,205000.0
5033170,405000,2021-10-01,2653.1,0.0225,180,2021-10-01,0,405000.0
5033175,415000,2021-11-01,1694.21,0.0275,360,2021-11-01,0,415000.0
5033179,395000,2021-10-01,2610.64,0.02375,180,2021-10-01,0,395000.0
5033184,135000,2021-10-01,908.14,0.02625,180,2021-10-01,0,135000.0
5033188,545000,2021-10-01,2207.64,0.0269,360,2021-10-01,0,545000.0
5033192,175000,2021-10-01,901.11,0.0325,276,2021-10-01,0,175000.0
5033195,275000,2021-10-01,1196.82,0.0325,360,2021-10-01,0,275000.0
5033197,155000,2021-10-01,652.66,0.029900000000000003,360,2021-10-01,0,155000.0
5033198,685000,2021-10-01,2842.02,0.02875,360,2021-10-01,0,685000.0
5033203,175000,2021-10-01,761.62,0.0325,360,2021-10-01,0,175000.0
5033205,235000,2021-10-01,1038.93,0.03375,360,2021-10-01,0,235000.0
5033206,375000,2021-10-01,1433.43,0.0225,360,2021-10-01,0,375000.0
5033211,275000,2021-10-01,1215.77,0.03375,360,2021-10-01,0,275000.0
5033212,245000,2021-10-01,1648.09,0.02625,180,2021-10-01,0,245000.0
5033216,325000,2021-10-01,1436.82,0.03375,360,2021-10-01,0,325000.0
5033217,395000,2021-11-01,1692.09,0.03125,360,2021-11-01,0,395000.0
5033219,335000,2021-10-01,1775.18,0.025,240,2021-11-01,1,333922.7366666667
5033223,295000,2021-10-01,1223.94,0.02875,360,2021-10-01,0,295000.0
5033224,345000,2021-10-01,1452.68,0.029900000000000003,360,2021-10-01,0,345000.0
5033229,335000,2021-11-01,1481.03,0.03375,360,2021-11-01,0,335000.0
5033231,345000,2021-10-01,1397.5,0.0269,360,2021-10-01,0,345000.0
5033234,395000,2021-10-01,1719.07,0.0325,360,2021-10-01,0,395000.0
5033238,405000,2021-10-01,1749.28,0.0319,360,2021-10-01,0,405000.0
5033239,75000,2021-11-01,508.97,0.0275,180,2021-11-01,0,75000.0
5033243,245000,2021-10-01,1031.61,0.029900000000000003,360,2021-10-01,0,245000.0
5033247,335000,2021-10-01,1435.06,0.03125,360,2021-10-01,0,335000.0
5033249,225000,2021-11-01,1115.19,0.02875,276,2021-11-01,0,225000.0
5033251,275000,2021-10-01,1817.54,0.02375,180,2021-10-01,0,275000.0
5033253,455000,2021-10-01,1827.51,0.02625,360,2021-10-01,0,455000.0
5033254,125000,2021-10-01,561.31,0.035,360,2021-10-01,0,125000.0
5033259,145000,2021-10-01,682.58,0.03375,324,2021-10-01,0,145000.0
5033263,375000,2021-10-01,2411.44,0.0199,180,2021-10-01,0,375000.0
5033264,115000,2021-10-01,623.5,0.0275,240,2021-10-01,0,115000.0
5033265,135000,2021-10-01,731.93,0.0275,240,2021-10-01,0,135000.0
5033269,155000,2021-10-01,1514.65,0.0325,120,2021-10-01,0,155000.0
5033273,445000,2021-10-01,1922.05,0.0319,360,2021-10-01,0,445000.0
5033277,395000,2021-10-01,1857.44,0.03875,360,2021-10-01,0,395000.0
5033282,275000,2021-10-01,1122.67,0.0275,360,2021-10-01,0,275000.0
5033283,175000,2021-10-01,726.07,0.02875,360,2021-10-01,0,175000.0
5033284,165000,2021-10-01,684.58,0.02875,360,2021-10-01,0,165000.0
5033288,365000,2021-10-01,2391.06,0.0225,180,2021-10-01,0,365000.0
5033292,155000,2021-10-01,706.88,0.03625,360,2021-10-01,0,155000.0
5033297,315000,2021-10-01,1317.89,0.0294,360,2021-10-01,0,315000.0
5033298,315000,2021-11-01,1326.36,0.029900000000000003,360,2021-11-01,0,315000.0
5033303,275000,2021-10-01,1801.49,0.0225,180,2021-10-01,0,275000.0
5033304,225000,2021-10-01,933.51,0.02875,360,2021-10-01,0,225000.0
5033307,115000,2021-10-01,469.48,0.0275,360,2021-10-01,0,115000.0
5033311,515000,2021-10-01,2275.38,0.0337,360,2021-10-01,0,515000.0
5033314,165000,2021-10-01,729.46,0.03375,360,2021-11-01,1,164734.6025
5033317,125000,2021-10-01,526.34,0.029900000000000003,360,2021-10-01,0,125000.0
5033321,545000,2021-10-01,2954.81,0.0275,240,2021-10-01,0,545000.0
5033324,195000,2021-10-01,796.08,0.0275,360,2021-11-01,1,194650.795
5033329,485000,2021-10-01,2110.76,0.0325,360,2021-10-01,0,485000.0
5033331,245000,2021-10-01,1000.2,0.0275,360,2021-10-01,0,245000.0
5033335,175000,2021-08-01,761.62,0.0325,360,2021-09-01,1,174712.33833333335
5033337,145000,2021-10-01,682.58,0.03375,324,2021-10-01,0,145000.0
5033340,255000,2021-11-01,1057.98,0.02875,360,2021-11-01,0,255000.0
5033343,165000,2021-10-01,718.1,0.0325,360,2021-10-01,0,165000.0
5033348,355000,2021-10-01,1438.0,0.0269,360,2021-10-01,0,355000.0
5033352,395000,2021-10-01,1638.83,0.02875,360,2021-10-01,0,395000.0
5033353,465000,2021-10-01,1929.26,0.02875,360,2021-10-01,0,465000.0
5033357,65000,2021-11-01,291.88,0.035,360,2021-12-01,1,64897.70333333334
5033360,95000,2021-10-01,526.4,0.029900000000000003,240,2021-10-01,0,95000.0
5033362,505000,2021-10-01,2232.59,0.03375,360,2021-10-01,0,505000.0
5033363,105000,2021-10-01,464.21,0.03375,360,2021-10-01,0,105000.0
5033367,365000,2021-10-01,1563.58,0.03125,360,2021-10-01,0,365000.0
5033371,375000,2021-10-01,1530.91,0.0275,360,2021-10-01,0,375000.0
5033373,125000,2021-10-01,535.47,0.03125,360,2021-10-01,0,125000.0
5033374,95000,2021-10-01,639.06,0.02625,180,2021-11-01,1,94568.7525
5033376,195000,2021-10-01,862.09,0.03375,360,2021-11-01,1,194686.3475
5033377,275000,2021-10-01,1157.93,0.029900000000000003,360,2021-10-01,0,275000.0
5033382,335000,2021-10-01,1816.26,0.0275,240,2021-10-01,0,335000.0
5033386,285000,2021-09-01,1200.04,0.029900000000000003,360,2021-09-01,0,285000.0
5033387,225000,2021-10-01,918.55,0.0275,360,2021-10-01,0,225000.0
5033388,275000,2021-10-01,1178.04,0.03125,360,2021-10-01,0,275000.0
5033389,335000,2021-10-01,1435.06,0.03125,360,2021-10-01,0,335000.0
5033394,365000,2021-10-01,1536.89,0.029900000000000003,360,2021-10-01,0,365000.0
5033398,285000,2021-10-01,1832.69,0.0199,180,2021-10-01,0,285000.0
5033399,255000,2021-10-01,1057.98,0.02875,360,2021-10-01,0,255000.0
5033402,155000,2021-10-01,643.09,0.02875,360,2021-10-01,0,155000.0
5033405,345000,2021-10-01,1870.48,0.0275,240,2021-10-01,0,345000.0
5033409,515000,2021-10-01,2206.14,0.03125,360,2021-10-01,0,515000.0
5033410,145000,2021-10-01,688.32,0.0275,288,2021-10-01,0,145000.0
5033412,205000,2021-10-01,1124.15,0.02875,240,2021-10-01,0,205000.0
5033415,585000,2021-10-01,3171.68,0.0275,240,2021-10-01,0,585000.0
5033416,335000,2021-10-01,1527.78,0.03625,360,2021-10-01,0,335000.0
5033420,285000,2021-10-01,1510.23,0.025,240,2021-10-01,0,285000.0
5033422,225000,2021-10-01,1500.28,0.025,180,2021-10-01,0,225000.0
5033426,345000,2021-10-01,1477.9,0.03125,360,2021-11-01,1,344420.5375
5033428,215000,2021-10-01,905.29,0.029900000000000003,360,2021-10-01,0,215000.0
5033433,425000,2021-10-01,2858.94,0.02625,180,2021-10-01,0,425000.0
5033437,285000,2021-10-01,1163.49,0.0275,360,2021-10-01,0,285000.0
5033439,175000,2021-10-01,773.67,0.03375,360,2021-10-01,0,175000.0
5033442,115000,2021-10-01,753.35,0.0225,180,2021-11-01,1,114462.275
5033445,225000,2021-10-01,933.51,0.02875,360,2021-10-01,0,225000.0
5033446,545000,2021-10-01,2224.92,0.0275,360,2021-10-01,0,545000.0
5033450,315000,2021-10-01,1326.36,0.029900000000000003,360,2021-10-01,0,315000.0
5033452,75000,2021-08-01,415.58,0.029900000000000003,240,2021-09-01,1,74771.295
5033457,315000,2021-10-01,2045.24,0.02125,180,2021-10-01,0,315000.0
5033461,425000,2021-10-01,1849.63,0.0325,360,2021-10-01,0,425000.0
5033463,165000,2021-10-01,919.87,0.02625,228,2021-10-01,0,165000.0
5033468,135000,2021-11-01,740.29,0.02875,240,2021-11-01,0,135000.0
5033472,185000,2021-10-01,755.25,0.0275,360,2021-10-01,0,185000.0
5033474,545000,2021-11-01,2207.64,0.0269,360,2021-11-01,0,545000.0
5033477,545000,2021-10-01,3570.22,0.0225,180,2021-10-01,0,545000.0
5033480,215000,2021-10-01,892.02,0.02875,360,2021-10-01,0,215000.0
5033483,425000,2021-10-01,1789.53,0.029900000000000003,360,2021-10-01,0,425000.0
5033485,165000,2021-10-01,729.46,0.03375,360,2021-10-01,0,165000.0
5033487,295000,2021-10-01,1283.86,0.0325,360,2021-10-01,0,295000.0
5033491,275000,2021-11-01,1849.9,0.02625,180,2021-11-01,0,275000.0
5033493,215000,2021-09-01,935.7,0.0325,360,2021-09-01,0,215000.0
5033495,105000,2021-10-01,675.21,0.0199,180,2021-10-01,0,105000.0
5033498,185000,2021-10-01,767.56,0.02875,360,2021-10-01,0,185000.0
5033502,285000,2021-10-01,1200.04,0.029900000000000003,360,2021-10-01,0,285000.0
5033503,315000,2021-10-01,2063.52,0.0225,180,2021-10-01,0,315000.0
5033507,165000,2021-10-01,1138.67,0.029900000000000003,180,2021-10-01,0,165000.0
5033508,345000,2021-11-01,1870.48,0.0275,240,2021-11-01,0,345000.0
5033510,275000,2021-10-01,1140.96,0.02875,360,2021-10-01,0,275000.0
5033512,75000,2021-10-01,357.63,0.039900000000000005,360,2021-10-01,0,75000.0
5033515,385000,2021-10-01,1621.1,0.029900000000000003,360,2021-10-01,0,385000.0
5033519,155000,2021-10-01,1051.87,0.0275,180,2021-11-01,1,154303.33833333335
5033523,195000,2021-10-01,1069.31,0.02875,240,2021-10-01,0,195000.0
5033524,285000,2021-10-01,1867.0,0.0225,180,2021-11-01,1,283667.375
5033528,495000,2021-10-01,3242.67,0.0225,180,2021-10-01,0,495000.0
5033533,165000,2021-10-01,1109.94,0.02625,180,2021-10-01,0,165000.0
5033538,225000,2021-10-01,918.55,0.0275,360,2021-10-01,0,225000.0
5033543,115000,2021-11-01,780.42,0.0275,180,2021-11-01,0,115000.0
5033546,185000,2021-10-01,830.74,0.035,360,2021-10-01,0,185000.0
5033548,625000,2021-10-01,2677.35,0.03125,360,2021-10-01,0,625000.0
5033551,155000,2021-11-01,643.09,0.02875,360,2021-11-01,0,155000.0
5033555,365000,2021-10-01,1466.03,0.02625,360,2021-10-01,0,365000.0
5033557,305000,2021-10-01,1265.43,0.02875,360,2021-10-01,0,305000.0
5033559,125000,2021-10-01,692.63,0.029900000000000003,240,2021-11-01,1,124618.82833333332
5033563,175000,2021-10-01,948.8,0.0275,240,2021-10-01,0,175000.0
5033566,115000,2021-10-01,532.59,0.0375,360,2021-10-01,0,115000.0
5033570,545000,2021-10-01,2887.98,0.025,240,2021-10-01,0,545000.0
5033575,235000,2021-10-01,943.88,0.02625,360,2021-11-01,1,234570.1825
5033576,135000,2021-10-01,551.13,0.0275,360,2021-10-01,0,135000.0
5033579,315000,2021-10-01,1326.36,0.029900000000000003,360,2021-10-01,0,315000.0
5033582,195000,2021-10-01,848.66,0.0325,360,2021-12-01,2,194358.061884375
5033584,135000,2021-11-01,568.44,0.029900000000000003,360,2021-11-01,0,135000.0
5033586,425000,2021-10-01,1763.3,0.02875,360,2021-10-01,0,425000.0
5033589,95000,2021-10-01,906.41,0.0275,120,2021-10-01,0,95000.0
5033594,125000,2021-10-01,601.36,0.02875,288,2021-10-01,0,125000.0
5033595,65000,2021-11-01,437.25,0.02625,180,2021-11-01,0,65000.0
5033599,285000,2021-10-01,1259.98,0.03375,360,2021-10-01,0,285000.0
5033603,335000,2021-10-01,1481.03,0.03375,360,2021-10-01,0,335000.0
5033605,285000,2021-10-01,1259.98,0.03375,360,2021-10-01,0,285000.0
5033606,505000,2021-10-01,2061.62,0.0275,360,2021-10-01,0,505000.0
5033609,115000,2021-10-01,469.48,0.0275,360,2021-10-01,0,115000.0
5033614,75000,2021-10-01,352.68,0.03875,360,2021-10-01,0,75000.0
5033618,165000,2021-10-01,1100.21,0.025,180,2021-10-01,0,165000.0
5033621,135000,2021-11-01,634.83,0.03875,360,2021-11-01,0,135000.0
5033626,225000,2021-10-01,947.4,0.029900000000000003,360,2021-11-01,1,224613.225
5033629,195000,2021-11-01,835.34,0.03125,360,2021-11-01,0,195000.0
5033634,505000,2021-10-01,2126.38,0.029900000000000003,360,2021-10-01,0,505000.0
5033635,185000,2021-10-01,805.14,0.0325,360,2021-10-01,0,185000.0
5033639,125000,2021-10-01,692.63,0.029900000000000003,240,2021-10-01,0,125000.0
5033640,105000,2021-11-01,442.12,0.029900000000000003,360,2021-11-01,0,105000.0
5033641,125000,2021-11-01,833.49,0.025,180,2021-11-01,0,125000.0
5033643,445000,2021-10-01,1873.74,0.029900000000000003,360,2021-10-01,0,445000.0
5033645,605000,2021-10-01,2674.69,0.03375,360,2021-10-01,0,605000.0
5033649,195000,2021-11-01,821.08,0.029900000000000003,360,2021-11-01,0,195000.0
5033650,415000,2021-10-01,1721.81,0.02875,360,2021-10-01,0,415000.0
5033655,295000,2021-10-01,1617.67,0.02875,240,2021-10-01,0,295000.0
5033657,245000,2021-10-01,1016.49,0.02875,360,2021-10-01,0,245000.0
5033660,315000,2021-10-01,1326.36,0.029900000000000003,360,2021-10-01,0,315000.0
5033662,95000,2021-10-01,526.4,0.029900000000000003,240,2021-10-01,0,95000.0
5033667,205000,2021-10-01,1342.93,0.0225,180,2021-10-01,0,205000.0
5033670,315000,2021-10-01,1317.89,0.0294,360,2021-12-01,2,313906.38195699995
5033672,155000,2021-10-01,652.66,0.029900000000000003,360,2021-10-01,0,155000.0
5033677,425000,2021-10-01,1849.63,0.0325,360,2021-10-01,0,425000.0
5033680,435000,2021-10-01,1893.15,0.0325,360,2021-10-01,0,435000.0
5033685,405000,2021-11-01,1705.32,0.029900000000000003,360,2021-11-01,0,405000.0
5033688,125000,2021-11-01,870.77,0.03125,180,2021-11-01,0,125000.0
5033690,175000,2021-10-01,761.62,0.0325,360,2021-10-01,0,175000.0
5033693,395000,2021-10-01,1663.21,0.029900000000000003,360,2021-10-01,0,395000.0
5033695,155000,2021-10-01,840.36,0.0275,240,2021-10-01,0,155000.0
5033699,305000,2021-10-01,1327.38,0.0325,360,2021-10-01,0,305000.0
5033703,275000,2021-10-01,1157.93,0.029900000000000003,360,2021-10-01,0,275000.0
5033708,165000,2021-11-01,694.76,0.029900000000000003,360,2021-11-01,0,165000.0
5033709,145000,2021-10-01,1525.38,0.02875,108,2021-10-01,0,145000.0
5033710,505000,2021-11-01,2551.65,0.0275,264,2021-11-01,0,505000.0
5033712,105000,2021-11-01,995.82,0.02625,120,2021-11-01,0,105000.0
5033715,485000,2021-10-01,2042.17,0.029900000000000003,360,2021-10-01,0,485000.0
5033720,185000,2021-10-01,778.98,0.029900000000000003,360,2021-11-01,1,184681.97833333333
5033724,115000,2021-10-01,864.21,0.025,156,2021-10-01,0,115000.0
5033729,145000,2021-10-01,795.13,0.02875,240,2021-10-01,0,145000.0
5033730,75000,2021-10-01,315.8,0.029900000000000003,360,2021-10-01,0,75000.0
5033733,355000,2021-10-01,1472.87,0.02875,360,2021-10-01,0,355000.0
5033738,285000,2021-10-01,1883.63,0.02375,180,2021-10-01,0,285000.0
5033739,205000,2021-10-01,850.53,0.02875,360,2021-10-01,0,205000.0
5033741,175000,2021-11-01,702.89,0.02625,360,2021-11-01,0,175000.0
5033743,305000,2021-10-01,1998.01,0.0225,180,2021-10-01,0,305000.0
5033746,155000,2021-10-01,643.09,0.02875,360,2021-10-01,0,155000.0
5033750,205000,2021-10-01,863.19,0.029900000000000003,360,2021-10-01,0,205000.0
5033753,115000,2021-10-01,623.5,0.0275,240,2021-10-01,0,115000.0
5033755,125000,2021-10-01,563.67,0.03375,348,2021-10-01,0,125000.0
5033759,295000,2021-10-01,1259.92,0.0275,336,2021-10-01,0,295000.0
5033764,255000,2021-11-01,1092.36,0.03125,360,2021-11-01,0,255000.0
5033767,125000,2021-10-01,855.74,0.02875,180,2021-10-01,0,125000.0
5033769,175000,2021-10-01,773.67,0.03375,360,2021-10-01,0,175000.0
5033771,205000,2021-10-01,1061.51,0.0225,240,2021-10-01,0,205000.0
5033774,275000,2021-10-01,1196.82,0.0325,360,2021-10-01,0,275000.0
5033779,235000,2021-10-01,989.51,0.029900000000000003,360,2021-11-01,1,234596.03166666665
5033784,295000,2021-11-01,2001.94,0.0275,180,2021-11-01,0,295000.0
5033788,105000,2021-10-01,850.83,0.02625,144,2021-10-01,0,105000.0
5033791,205000,2021-10-01,836.9,0.0275,360,2021-10-01,0,205000.0
5033794,285000,2021-11-01,1387.94,0.029900000000000003,288,2021-11-01,0,285000.0
5033795,235000,2021-10-01,959.37,0.0275,360,2021-10-01,0,235000.0
5033797,85000,2021-10-01,786.89,0.02125,120,2021-10-01,0,85000.0
5033801,285000,2021-10-01,1200.04,0.029900000000000003,360,2021-10-01,0,285000.0
5033802,335000,2021-10-01,1410.57,0.029900000000000003,360,2021-10-01,0,335000.0
5033806,645000,2021-10-01,4262.95,0.02375,180,2021-10-01,0,645000.0
5033808,105000,2021-11-01,464.21,0.03375,360,2021-11-01,0,105000.0
5033811,145000,2021-10-01,1643.78,0.02125,96,2021-10-01,0,145000.0
5033816,325000,2021-11-01,1316.48,0.0269,360,2021-11-01,0,325000.0
5033818,625000,2021-10-01,4204.31,0.02625,180,2021-10-01,0,625000.0
5033819,345000,2021-10-01,2218.52,0.0199,180,2021-10-01,0,345000.0
5033824,155000,2021-10-01,849.96,0.02875,240,2021-10-01,0,155000.0
5033827,505000,2021-10-01,2095.21,0.02875,360,2021-10-01,0,505000.0
5033830,525000,2021-10-01,2321.01,0.03375,360,2021-10-01,0,525000.0
5033835,155000,2021-10-01,728.87,0.03875,360,2021-10-01,0,155000.0
5033837,705000,2021-10-01,2878.11,0.0275,360,2021-10-01,0,705000.0
5033842,105000,2021-10-01,464.21,0.03375,360,2021-10-01,0,105000.0
5033845,155000,2021-10-01,678.31,0.0275,324,2021-10-01,0,155000.0
5033850,185000,2021-10-01,1744.0,0.025,120,2021-10-01,0,185000.0
5033851,325000,2021-10-01,1242.3,0.0225,360,2021-10-01,0,325000.0
5033855,355000,2021-10-01,1449.26,0.0275,360,2021-10-01,0,355000.0
5033856,545000,2021-10-01,3504.62,0.0199,180,2021-10-01,0,545000.0
5033857,385000,2021-10-01,1702.08,0.03375,360,2021-10-01,0,385000.0
5033862,175000,2021-10-01,755.87,0.0319,360,2021-10-01,0,175000.0
5033863,135000,2021-10-01,568.44,0.029900000000000003,360,2021-10-01,0,135000.0
5033866,255000,2021-10-01,1700.32,0.025,180,2021-10-01,0,255000.0
5033868,345000,2021-11-01,1490.13,0.0319,360,2021-11-01,0,345000.0
5033873,405000,2021-10-01,1790.49,0.03375,360,2021-10-01,0,405000.0
5033878,545000,2021-10-01,2261.17,0.02875,360,2021-10-01,0,545000.0
5033883,155000,2021-10-01,652.66,0.029900000000000003,360,2021-10-01,0,155000.0
5033885,225000,2021-10-01,918.55,0.0275,360,2021-11-01,1,224597.075
5033888,585000,2021-10-01,2506.0,0.03125,360,2021-11-01,1,584017.4375
5033891,175000,2021-10-01,1177.21,0.02625,180,2021-10-01,0,175000.0
5033896,355000,2021-10-01,1520.74,0.03125,360,2021-10-01,0,355000.0
5033901,375000,2021-10-01,1555.85,0.02875,360,2021-10-01,0,375000.0
5033904,215000,2021-11-01,1408.44,0.0225,180,2021-11-01,0,215000.0
5033909,115000,2021-11-01,484.23,0.029900000000000003,360,2021-11-01,0,115000.0
5033913,85000,2021-11-01,466.11,0.02875,240,2021-11-01,0,85000.0
5033918,125000,2021-10-01,526.34,0.029900000000000003,360,2021-10-01,0,125000.0
5033923,175000,2021-10-01,714.43,0.0275,360,2021-10-01,0,175000.0
5033926,185000,2021-11-01,843.7,0.03625,360,2021-11-01,0,185000.0
5033929,475000,2021-10-01,1907.85,0.02625,360,2021-10-01,0,475000.0
5033931,195000,2021-10-01,848.66,0.0325,360,2021-12-01,2,194358.061884375
5033934,365000,2021-10-01,1563.58,0.03125,360,2021-10-01,0,365000.0
5033939,385000,2021-10-01,1621.1,0.029900000000000003,360,2021-10-01,0,385000.0
5033941,255000,2021-10-01,1041.02,0.0275,360,2021-10-01,0,255000.0
5033944,735000,2021-11-01,2762.88,0.02125,360,2021-11-01,0,735000.0
5033947,135000,2021-10-01,587.53,0.0325,360,2021-11-01,1,134778.095
5033948,165000,2021-10-01,684.58,0.02875,360,2021-10-01,0,165000.0
5033949,225000,2021-10-01,947.4,0.029900000000000003,360,2021-10-01,0,225000.0
5033950,225000,2021-10-01,947.4,0.029900000000000003,360,2021-10-01,0,225000.0
5033955,175000,2021-09-01,1219.07,0.03125,180,2021-09-01,0,175000.0
5033957,105000,2021-10-01,428.66,0.0275,360,2021-10-01,0,105000.0
5033958,145000,2021-11-01,1476.26,0.02125,108,2021-11-01,0,145000.0
5033963,155000,2021-10-01,652.66,0.029900000000000003,360,2021-10-01,0,155000.0
5033965,395000,2021-10-01,2540.05,0.0199,180,2021-10-01,0,395000.0
5033967,95000,2021-10-01,427.67,0.029900000000000003,324,2021-10-01,0,95000.0
5033970,265000,2021-11-01,1099.47,0.02875,360,2021-11-01,0,265000.0
5033975,245000,2021-10-01,1000.2,0.0275,360,2021-10-01,0,245000.0
5033980,215000,2021-10-01,935.7,0.0325,360,2021-10-01,0,215000.0
5033983,215000,2021-10-01,1191.31,0.029900000000000003,240,2021-10-01,0,215000.0
5033985,75000,2021-10-01,702.77,0.02375,120,2021-10-01,0,75000.0
5033986,525000,2021-10-01,3562.77,0.0275,180,2021-10-01,0,525000.0
5033991,185000,2021-11-01,817.88,0.03375,360,2021-11-01,0,185000.0
5033994,515000,2021-10-01,3464.36,0.02625,180,2021-10-01,0,515000.0
5033999,165000,2021-10-01,1071.32,0.02125,180,2021-10-01,0,165000.0
5034002,115000,2021-10-01,508.42,0.03375,360,2021-10-01,0,115000.0
5034006,195000,2021-11-01,1243.65,0.01875,180,2021-11-01,0,195000.0
5034010,65000,2021-10-01,680.09,0.0275,108,2021-10-01,0,65000.0
5034014,225000,2021-10-01,979.22,0.0325,360,2021-10-01,0,225000.0
5034019,135000,2021-11-01,587.53,0.0325,360,2021-11-01,0,135000.0
5034021,185000,2021-10-01,1098.13,0.02875,216,2021-10-01,0,185000.0
5034026,135000,2021-10-01,568.44,0.029900000000000003,360,2021-10-01,0,135000.0
5034028,325000,2021-10-01,1414.43,0.0325,360,2021-10-01,0,325000.0
5034033,235000,2021-11-01,1015.02,0.0319,360,2021-11-01,0,235000.0
5034037,315000,2021-10-01,1436.57,0.03625,360,2021-10-01,0,315000.0
5034040,165000,2021-10-01,1169.46,0.03375,180,2021-10-01,0,165000.0
5034042,125000,2021-10-01,692.63,0.029900000000000003,240,2021-10-01,0,125000.0
5034045,75000,2021-10-01,331.58,0.03375,360,2021-10-01,0,75000.0
5034050,85000,2021-10-01,418.15,0.0425,360,2021-10-01,0,85000.0
5034055,495000,2021-10-01,2005.1,0.0269,360,2021-10-01,0,495000.0
5034060,335000,2021-10-01,1410.57,0.029900000000000003,360,2021-10-01,0,335000.0
5034062,185000,2021-10-01,830.74,0.035,360,2021-10-01,0,185000.0
5034063,345000,2021-10-01,2280.18,0.02375,180,2021-10-01,0,345000.0
5034066,605000,2021-10-01,2510.1,0.02875,360,2021-11-01,1,603939.3791666667
5034067,535000,2021-10-01,2238.31,0.0294,360,2021-11-01,1,534072.44
5034071,365000,2021-10-01,1588.51,0.0325,360,2021-10-01,0,365000.0
5034072,165000,2021-10-01,904.8,0.02875,240,2021-10-01,0,165000.0
5034076,265000,2021-10-01,1767.0,0.025,180,2021-10-01,0,265000.0
5034081,135000,2021-10-01,596.83,0.03375,360,2021-10-01,0,135000.0
5034086,195000,2021-10-01,888.15,0.02875,312,2021-10-01,0,195000.0
5034088,505000,2021-10-01,1930.35,0.0225,360,2021-10-01,0,505000.0
5034089,195000,2021-10-01,848.66,0.0325,360,2021-10-01,0,195000.0
5034092,315000,2021-10-01,1392.61,0.03375,360,2021-10-01,0,315000.0
5034096,185000,2021-10-01,743.06,0.02625,360,2021-10-01,0,185000.0
5034101,535000,2021-10-01,2238.31,0.0294,360,2021-10-01,0,535000.0
5034106,295000,2021-10-01,1194.96,0.0269,360,2021-10-01,0,295000.0
5034107,305000,2021-10-01,1284.25,0.029900000000000003,360,2021-11-01,1,304475.7083333333
5034112,155000,2021-10-01,674.57,0.0325,360,2021-10-01,0,155000.0
5034117,275000,2021-11-01,1140.96,0.02875,360,2021-11-01,0,275000.0
5034118,175000,2021-10-01,761.62,0.0325,360,2021-10-01,0,175000.0
5034119,105000,2021-10-01,687.84,0.0225,180,2021-10-01,0,105000.0
5034122,205000,2021-10-01,1124.15,0.02875,240,2021-10-01,0,205000.0
5034125,155000,2021-11-01,1033.53,0.025,180,2021-11-01,0,155000.0
5034127,225000,2021-11-01,2095.6,0.0225,120,2021-11-01,0,225000.0
5034131,125000,2021-11-01,570.07,0.03625,360,2021-11-01,0,125000.0
5034134,235000,2021-10-01,1594.77,0.0275,180,2021-10-01,0,235000.0
5034135,165000,2021-10-01,684.58,0.02875,360,2021-10-01,0,165000.0
5034138,265000,2021-10-01,1171.56,0.03375,360,2021-10-01,0,265000.0
5034143,365000,2021-10-01,1536.89,0.029900000000000003,360,2021-10-01,0,365000.0
5034144,245000,2021-10-01,1633.64,0.025,180,2021-10-01,0,245000.0
5034149,335000,2021-10-01,1816.26,0.0275,240,2021-10-01,0,335000.0
5034154,165000,2021-10-01,694.76,0.029900000000000003,360,2021-10-01,0,165000.0
5034158,585000,2021-11-01,2388.22,0.0275,360,2021-11-01,0,585000.0
5034160,105000,2021-11-01,471.5,0.035,360,2021-11-01,0,105000.0
5034165,115000,2021-10-01,630.62,0.02875,240,2021-10-01,0,115000.0
5034168,425000,2021-10-01,1763.3,0.02875,360,2021-10-01,0,425000.0
5034173,215000,2021-10-01,1018.44,0.029900000000000003,300,2021-11-01,1,214517.26833333334
5034178,85000,2021-10-01,357.91,0.029900000000000003,360,2021-10-01,0,85000.0
5034181,545000,2021-10-01,2334.65,0.03125,360,2021-10-01,0,545000.0
5034182,385000,2021-10-01,2063.66,0.02625,240,2021-10-01,0,385000.0
5034183,265000,2021-10-01,1081.84,0.0275,360,2021-10-01,0,265000.0
5034186,255000,2021-10-01,1073.72,0.029900000000000003,360,2021-10-01,0,255000.0
5034190,395000,2021-10-01,1612.56,0.0275,360,2021-10-01,0,395000.0
5034193,195000,2021-10-01,821.08,0.029900000000000003,360,2021-10-01,0,195000.0
5034196,755000,2021-11-01,3132.44,0.02875,360,2021-11-01,0,755000.0
5034199,545000,2021-10-01,2261.17,0.02875,360,2021-10-01,0,545000.0
5034203,235000,2021-11-01,989.51,0.029900000000000003,360,2021-11-01,0,235000.0
5034206,215000,2021-10-01,905.29,0.029900000000000003,360,2021-10-01,0,215000.0
5034209,205000,2021-10-01,892.18,0.0325,360,2021-10-01,0,205000.0
5034213,465000,2021-10-01,1898.33,0.0275,360,2021-10-01,0,465000.0
5034217,155000,2021-10-01,652.66,0.029900000000000003,360,2021-10-01,0,155000.0
5034222,185000,2021-10-01,1222.71,0.02375,180,2021-10-01,0,185000.0
5034226,825000,2021-10-01,3367.99,0.0275,360,2021-10-01,0,825000.0
5034228,145000,2021-10-01,652.76,0.029900000000000003,324,2021-10-01,0,145000.0
5034233,215000,2021-10-01,921.01,0.03125,360,2021-10-01,0,215000.0
5034236,255000,2021-10-01,1073.72,0.029900000000000003,360,2021-10-01,0,255000.0
5034237,245000,2021-10-01,1066.26,0.0325,360,2021-11-01,1,244597.28166666665
5034239,395000,2021-11-01,1612.56,0.0275,360,2021-11-01,0,395000.0
5034244,325000,2021-10-01,1762.05,0.0275,240,2021-10-01,0,325000.0
5034245,535000,2021-10-01,2219.68,0.02875,360,2021-10-01,0,535000.0
5034250,215000,2021-10-01,935.7,0.0325,360,2021-10-01,0,215000.0
5034252,175000,2021-10-01,1146.4,0.0225,180,2021-10-01,0,175000.0
5034254,145000,2021-10-01,641.04,0.03375,360,2021-10-01,0,145000.0
5034259,115000,2021-10-01,484.23,0.029900000000000003,360,2021-10-01,0,115000.0
5034264,65000,2021-10-01,296.44,0.03625,360,2021-10-01,0,65000.0
5034265,355000,2021-10-01,1494.79,0.029900000000000003,360,2021-10-01,0,355000.0
5034268,325000,2021-10-01,1316.48,0.0269,360,2021-10-01,0,325000.0
5034269,405000,2021-10-01,1734.93,0.03125,360,2021-10-01,0,405000.0
5034270,475000,2021-10-01,3251.79,0.02875,180,2021-10-01,0,475000.0
5034272,115000,2021-10-01,484.23,0.029900000000000003,360,2021-10-01,0,115000.0
5034274,435000,2021-10-01,2385.38,0.02875,240,2021-10-01,0,435000.0
5034279,135000,2021-11-01,606.22,0.035,360,2021-11-01,0,135000.0
5034281,455000,2021-10-01,3033.9,0.025,180,2021-10-01,0,455000.0
5034285,115000,2021-10-01,484.23,0.029900000000000003,360,2021-10-01,0,115000.0
5034289,215000,2021-10-01,877.72,0.0275,360,2021-10-01,0,215000.0
5034293,465000,2021-10-01,2990.18,0.0199,180,2021-10-01,0,465000.0
5034295,365000,2021-10-01,1956.45,0.02625,240,2021-10-01,0,365000.0
5034296,265000,2021-10-01,1767.0,0.025,180,2021-10-01,0,265000.0
5034301,135000,2021-10-01,715.37,0.025,240,2021-10-01,0,135000.0
5034303,235000,2021-11-01,1043.71,0.02875,324,2021-11-01,0,235000.0
5034306,75000,2021-10-01,425.4,0.0325,240,2021-10-01,0,75000.0
5034307,225000,2021-10-01,1513.56,0.02625,180,2021-10-01,0,225000.0
5034311,265000,2021-10-01,1081.84,0.0275,360,2021-10-01,0,265000.0
5034312,65000,2021-10-01,452.8,0.03125,180,2021-10-01,0,65000.0
5034314,95000,2021-10-01,400.02,0.029900000000000003,360,2021-10-01,0,95000.0
5034315,605000,2021-10-01,2613.12,0.0319,360,2021-10-01,0,605000.0
5034319,315000,2021-10-01,1306.92,0.02875,360,2021-10-01,0,315000.0
5034324,155000,2021-10-01,643.09,0.02875,360,2021-10-01,0,155000.0
5034329,155000,2021-10-01,1070.41,0.03,180,2021-10-01,0,155000.0
5034330,135000,2021-10-01,965.1,0.035,180,2021-10-01,0,135000.0
5034333,185000,2021-10-01,1211.91,0.0225,180,2021-10-01,0,185000.0
5034334,135000,2021-10-01,568.44,0.029900000000000003,360,2021-10-01,0,135000.0
5034337,195000,2021-10-01,809.05,0.02875,360,2021-10-01,0,195000.0
5034342,265000,2021-10-01,2437.17,0.0199,120,2021-11-01,1,263002.28833333333
5034345,315000,2021-10-01,2570.74,0.0275,144,2021-10-01,0,315000.0
5034349,405000,2021-10-01,2604.35,0.0199,180,2021-10-01,0,405000.0
5034351,735000,2021-10-01,3403.9,0.0375,360,2021-10-01,0,735000.0
5034356,305000,2021-10-01,2015.81,0.02375,180,2021-10-01,0,305000.0
5034358,195000,2021-10-01,848.66,0.0325,360,2021-10-01,0,195000.0
5034363,155000,2021-10-01,652.66,0.029900000000000003,360,2021-10-01,0,155000.0
5034365,205000,2021-10-01,836.9,0.0275,360,2021-10-01,0,205000.0
5034370,225000,2021-10-01,947.4,0.029900000000000003,360,2021-10-01,0,225000.0
5034372,405000,2021-10-01,1653.38,0.0275,360,2021-10-01,0,405000.0
5034374,185000,2021-10-01,755.25,0.0275,360,2021-10-01,0,185000.0
5034378,115000,2021-10-01,477.13,0.02875,360,2021-10-01,0,115000.0
5034382,145000,2021-10-01,631.05,0.0325,360,2021-10-01,0,145000.0
5034386,125000,2021-10-01,518.62,0.02875,360,2021-10-01,0,125000.0
5034391,265000,2021-10-01,1115.83,0.029900000000000003,360,2021-10-01,0,265000.0
5034394,75000,2021-10-01,508.97,0.0275,180,2021-10-01,0,75000.0
5034398,265000,2021-10-01,1704.08,0.0199,180,2021-10-01,0,265000.0
5034403,155000,2021-11-01,652.66,0.029900000000000003,360,2021-11-01,0,155000.0
5034405,365000,2021-10-01,1527.07,0.0294,360,2021-10-01,0,365000.0
5034410,365000,2021-10-01,1978.91,0.0275,240,2021-10-01,0,365000.0
5034413,155000,2021-10-01,652.66,0.029900000000000003,360,2021-10-01,0,155000.0
5034418,195000,2021-10-01,821.08,0.029900000000000003,360,2021-10-01,0,195000.0
5034422,225000,2021-10-01,1206.04,0.02625,240,2021-10-01,0,225000.0
5034426,685000,2021-10-01,4447.58,0.02125,180,2021-10-01,0,685000.0
5034428,145000,2021-10-01,591.95,0.0275,360,2021-10-01,0,145000.0
5034431,455000,2021-10-01,1857.5,0.0275,360,2021-10-01,0,455000.0
5034433,85000,2021-10-01,375.79,0.03375,360,2021-10-01,0,85000.0
5034435,195000,2021-10-01,809.05,0.02875,360,2021-10-01,0,195000.0
5034436,365000,2021-10-01,2001.52,0.02875,240,2021-10-01,0,365000.0
5034438,85000,2021-10-01,576.83,0.0275,180,2021-10-01,0,85000.0
5034442,75000,2021-10-01,326.41,0.0325,360,2021-10-01,0,75000.0
5034444,195000,2021-10-01,821.08,0.029900000000000003,360,2021-10-01,0,195000.0
5034445,155000,2021-10-01,996.73,0.0199,180,2021-10-01,0,155000.0
5034448,205000,2021-11-01,963.99,0.03875,360,2021-11-01,0,205000.0
5034451,355000,2021-10-01,1449.26,0.0275,360,2021-10-01,0,355000.0
5034454,335000,2021-10-01,1816.26,0.0275,240,2021-11-01,1,333951.4483333333
5034455,295000,2021-10-01,1967.03,0.025,180,2021-10-01,0,295000.0
5034458,245000,2021-11-01,1066.26,0.0325,360,2021-11-01,0,245000.0
5034463,215000,2021-10-01,950.51,0.03375,360,2021-10-01,0,215000.0
5034465,305000,2021-10-01,1306.55,0.03125,360,2021-10-01,0,305000.0
5034466,85000,2021-10-01,576.83,0.0275,180,2021-10-01,0,85000.0
5034471,265000,2021-10-01,1099.47,0.02875,360,2021-10-01,0,265000.0
5034474,155000,2021-10-01,685.25,0.03375,360,2021-10-01,0,155000.0
5034479,355000,2021-10-01,1425.86,0.02625,360,2021-10-01,0,355000.0
5034484,205000,2021-10-01,1354.89,0.02375,180,2021-11-01,1,204050.83916666664
5034489,205000,2021-10-01,1342.93,0.0225,180,2021-10-01,0,205000.0
5034492,155000,2021-10-01,685.25,0.03375,360,2021-11-01,1,154750.6875
5034495,485000,2021-10-01,1979.97,0.0275,360,2021-11-01,1,484131.48833333334
5034500,175000,2021-11-01,726.07,0.02875,360,2021-11-01,0,175000.0
5034501,1685000,2021-11-01,6990.94,0.02875,360,2021-11-01,0,1685000.0
5034502,175000,2021-10-01,736.87,0.029900000000000003,360,2021-11-01,1,174699.17166666666
5034506,225000,2021-11-01,1042.02,0.0375,360,2021-11-01,0,225000.0
5034507,405000,2021-10-01,1789.37,0.0337,360,2021-10-01,0,405000.0
5034509,405000,2021-10-01,2146.11,0.025,240,2021-10-01,0,405000.0
5034513,145000,2021-10-01,591.95,0.0275,360,2021-10-01,0,145000.0
5034514,155000,2021-10-01,1015.39,0.0225,180,2021-10-01,0,155000.0
5034515,295000,2021-10-01,1223.94,0.02875,360,2021-10-01,0,295000.0
5034516,545000,2021-10-01,3504.62,0.0199,180,2021-10-01,0,545000.0
5034519,455000,2021-10-01,2383.45,0.02375,240,2021-11-01,1,453517.0708333333
5034522,265000,2021-10-01,1135.2,0.03125,360,2021-11-01,1,264554.9041666667
5034527,155000,2021-10-01,696.02,0.035,360,2021-11-01,1,154756.06333333335
5034531,95000,2021-10-01,426.6,0.035,360,2021-10-01,0,95000.0
5034535,185000,2021-10-01,980.33,0.025,240,2021-11-01,1,184405.08666666667
5034539,155000,2021-10-01,685.25,0.03375,360,2021-11-01,1,154750.6875
5034544,325000,2021-10-01,1722.19,0.025,240,2021-10-01,0,325000.0
5034545,285000,2021-10-01,1240.34,0.0325,360,2021-10-01,0,285000.0
5034549,465000,2021-11-01,1883.58,0.0269,360,2021-11-01,0,465000.0
5034553,465000,2021-10-01,2990.18,0.0199,180,2021-10-01,0,465000.0
5034558,105000,2021-10-01,693.97,0.02375,180,2021-10-01,0,105000.0
5034563,365000,2021-10-01,1536.89,0.029900000000000003,360,2021-10-01,0,365000.0
5034567,595000,2021-11-01,2429.04,0.0275,360,2021-11-01,0,595000.0
5034572,145000,2021-10-01,941.46,0.02125,180,2021-10-01,0,145000.0
5034577,185000,2021-11-01,1255.46,0.0275,180,2021-11-01,0,185000.0
5034580,545000,2021-10-01,2261.17,0.02875,360,2021-10-01,0,545000.0
5034583,475000,2021-10-01,1846.11,0.02375,360,2021-10-01,0,475000.0
5034587,75000,2021-11-01,513.44,0.02875,180,2021-11-01,0,75000.0
5034589,375000,2021-10-01,1657.87,0.03375,360,2021-10-01,0,375000.0
5034591,475000,2021-10-01,3029.41,0.01875,180,2021-10-01,0,475000.0
5034594,365000,2021-11-01,1912.0,0.02375,240,2021-11-01,0,365000.0
5034599,195000,2021-11-01,821.08,0.029900000000000003,360,2021-11-01,0,195000.0
5034602,95000,2021-10-01,394.15,0.02875,360,2021-10-01,0,95000.0
5034605,285000,2021-10-01,1144.71,0.02625,360,2021-10-01,0,285000.0
5034610,675000,2021-11-01,2800.53,0.02875,360,2021-11-01,0,675000.0
5034614,195000,2021-10-01,821.08,0.029900000000000003,360,2021-10-01,0,195000.0
5034615,245000,2021-10-01,1066.26,0.0325,360,2021-10-01,0,245000.0
5034619,225000,2021-10-01,1206.04,0.02625,240,2021-10-01,0,225000.0
5034621,105000,2021-10-01,977.95,0.0225,120,2021-10-01,0,105000.0
5034625,125000,2021-10-01,469.88,0.02125,360,2021-10-01,0,125000.0
5034627,205000,2021-10-01,863.19,0.029900000000000003,360,2021-10-01,0,205000.0
5034628,385000,2021-10-01,1597.34,0.02875,360,2021-10-01,0,385000.0
5034633,265000,2021-10-01,1171.56,0.03375,360,2021-10-01,0,265000.0
5034635,255000,2021-10-01,1700.32,0.025,180,2021-10-01,0,255000.0
5034637,235000,2021-11-01,1022.74,0.0325,360,2021-11-01,0,235000.0
5034641,315000,2021-10-01,2156.45,0.02875,180,2021-10-01,0,315000.0
5034646,315000,2021-11-01,1370.9,0.0325,360,2021-11-01,0,315000.0
5034648,295000,2021-10-01,1915.38,0.02125,180,2021-10-01,0,295000.0
5034653,125000,2021-10-01,552.63,0.03375,360,2021-10-01,0,125000.0
5034654,205000,2021-10-01,756.7,0.0199,360,2021-10-01,0,205000.0
5034657,265000,2021-10-01,1115.83,0.029900000000000003,360,2021-10-01,0,265000.0
5034661,205000,2021-10-01,920.55,0.035,360,2021-10-01,0,205000.0
5034662,115000,2021-10-01,945.23,0.02875,144,2021-11-01,1,114330.29083333333
5034667,155000,2021-10-01,1042.67,0.02625,180,2021-10-01,0,155000.0
5034668,305000,2021-10-01,1284.25,0.029900000000000003,360,2021-10-01,0,305000.0
5034669,155000,2021-10-01,685.25,0.03375,360,2021-11-01,1,154750.6875
5034674,655000,2021-11-01,2717.55,0.02875,360,2021-11-01,0,655000.0
5034677,315000,2021-10-01,1306.92,0.02875,360,2021-10-01,0,315000.0
5034679,505000,2021-10-01,3427.04,0.0275,180,2021-10-01,0,505000.0
5034680,215000,2021-10-01,892.02,0.02875,360,2021-10-01,0,215000.0
5034684,315000,2021-10-01,2156.45,0.02875,180,2021-11-01,1,313598.2375
5034689,215000,2021-10-01,905.29,0.029900000000000003,360,2021-10-01,0,215000.0
5034693,95000,2021-10-01,420.0,0.03375,360,2021-10-01,0,95000.0
5034697,415000,2021-10-01,1721.81,0.02875,360,2021-10-01,0,415000.0
5034700,475000,2021-10-01,2099.96,0.03375,360,2021-10-01,0,475000.0
5034702,125000,2021-10-01,870.77,0.03125,180,2021-10-01,0,125000.0
5034706,515000,2021-10-01,2102.45,0.0275,360,2021-10-01,0,515000.0
5034710,135000,2021-10-01,884.37,0.0225,180,2021-10-01,0,135000.0
5034715,535000,2021-10-01,2365.22,0.03375,360,2021-10-01,0,535000.0
5034720,395000,2021-10-01,1535.18,0.02375,360,2021-10-01,0,395000.0
5034725,315000,2021-10-01,1306.92,0.02875,360,2021-10-01,0,315000.0
5034726,365000,2021-10-01,1514.36,0.02875,360,2021-10-01,0,365000.0
5034727,235000,2021-10-01,1594.77,0.0275,180,2021-10-01,0,235000.0
5034731,225000,2021-11-01,1446.86,0.0199,180,2021-11-01,0,225000.0
5034736,225000,2021-10-01,1382.01,0.0275,204,2021-10-01,0,225000.0
5034737,295000,2021-10-01,1283.86,0.0325,360,2021-10-01,0,295000.0
5034739,215000,2021-10-01,1433.6,0.025,180,2021-11-01,1,214014.31666666665
5034740,175000,2021-10-01,785.83,0.035,360,2021-11-01,1,174724.58666666667
5034744,265000,2021-10-01,1171.56,0.03375,360,2021-10-01,0,265000.0
5034748,515000,2021-10-01,2206.14,0.03125,360,2021-10-01,0,515000.0
5034753,135000,2021-10-01,774.31,0.03375,240,2021-10-01,0,135000.0
5034754,65000,2021-10-01,448.57,0.029900000000000003,180,2021-10-01,0,65000.0
5034759,195000,2021-10-01,875.64,0.035,360,2021-10-01,0,195000.0
5034762,165000,2021-10-01,914.27,0.029900000000000003,240,2021-10-01,0,165000.0
5034765,305000,2021-11-01,1317.36,0.0319,360,2021-11-01,0,305000.0
5034769,225000,2021-10-01,947.4,0.029900000000000003,360,2021-11-01,1,224613.225
5034774,355000,2021-10-01,1881.16,0.025,240,2021-10-01,0,355000.0
5034777,205000,2021-10-01,863.19,0.029900000000000003,360,2021-10-01,0,205000.0
5034780,175000,2021-10-01,798.09,0.03625,360,2021-10-01,0,175000.0
5034781,305000,2021-10-01,1265.43,0.02875,360,2021-10-01,0,305000.0
5034784,175000,2021-10-01,761.62,0.0325,360,2021-10-01,0,175000.0
5034785,115000,2021-11-01,773.6,0.02625,180,2021-11-01,0,115000.0
5034789,315000,2021-10-01,1285.96,0.0275,360,2021-10-01,0,315000.0
5034791,195000,2021-10-01,1009.73,0.0225,240,2021-10-01,0,195000.0
5034795,355000,2021-10-01,1449.26,0.0275,360,2021-10-01,0,355000.0
5034796,375000,2021-10-01,1530.91,0.0275,360,2021-10-01,0,375000.0
5034798,235000,2021-10-01,1022.74,0.0325,360,2021-10-01,0,235000.0
5034803,105000,2021-10-01,456.97,0.0325,360,2021-10-01,0,105000.0
5034806,205000,2021-10-01,850.53,0.02875,360,2021-10-01,0,205000.0
5034807,375000,2021-10-01,1632.03,0.0325,360,2021-10-01,0,375000.0
5034812,205000,2021-10-01,892.18,0.0325,360,2021-11-01,1,204663.02833333335
5034817,455000,2021-10-01,2011.54,0.03375,360,2021-10-01,0,455000.0
5034819,185000,2021-10-01,1014.47,0.02875,240,2021-10-01,0,185000.0
5034820,455000,2021-10-01,1980.19,0.0325,360,2021-10-01,0,455000.0
5034822,175000,2021-10-01,1377.88,0.02125,144,2021-10-01,0,175000.0
5034824,75000,2021-10-01,425.4,0.0325,240,2021-10-01,0,75000.0
5034829,405000,2021-11-01,1680.32,0.02875,360,2021-11-01,0,405000.0
5034832,205000,2021-10-01,1124.15,0.02875,240,2021-10-01,0,205000.0
5034836,235000,2021-10-01,975.0,0.02875,360,2021-10-01,0,235000.0
5034840,545000,2021-10-01,2294.81,0.029900000000000003,360,2021-10-01,0,545000.0
5034845,515000,2021-10-01,2224.39,0.0319,360,2021-10-01,0,515000.0
5034848,325000,2021-10-01,1368.47,0.029900000000000003,360,2021-10-01,0,325000.0
5034850,255000,2021-10-01,1073.72,0.029900000000000003,360,2021-10-01,0,255000.0
5034855,245000,2021-11-01,1604.96,0.0225,180,2021-11-01,0,245000.0
5034860,445000,2021-10-01,2412.65,0.0275,240,2021-10-01,0,445000.0
5034865,545000,2021-10-01,2261.17,0.02875,360,2021-10-01,0,545000.0
5034867,395000,2021-10-01,1612.56,0.0275,360,2021-10-01,0,395000.0
5034869,215000,2021-10-01,905.29,0.029900000000000003,360,2021-10-01,0,215000.0
5034870,365000,2021-10-01,1536.89,0.029900000000000003,360,2021-10-01,0,365000.0
5034872,125000,2021-10-01,885.95,0.03375,180,2021-10-01,0,125000.0
5034877,135000,2021-11-01,542.23,0.02625,360,2021-11-01,0,135000.0
5034878,105000,2021-10-01,449.8,0.03125,360,2021-10-01,0,105000.0
5034881,305000,2021-10-01,2015.81,0.02375,180,2021-10-01,0,305000.0
5034885,115000,2021-10-01,484.23,0.029900000000000003,360,2021-10-01,0,115000.0
5034888,135000,2021-10-01,596.83,0.03375,360,2021-11-01,1,134782.8575
5034893,125000,2021-10-01,544.01,0.0325,360,2021-10-01,0,125000.0
5034897,205000,2021-10-01,863.19,0.029900000000000003,360,2021-10-01,0,205000.0
5034898,275000,2021-10-01,1215.77,0.03375,360,2021-10-01,0,275000.0
5034899,195000,2021-10-01,889.31,0.03625,360,2021-10-01,0,195000.0
5034902,315000,2021-10-01,1317.89,0.0294,360,2021-10-01,0,315000.0
5034906,145000,2021-10-01,966.85,0.025,180,2021-10-01,0,145000.0
5034907,185000,2021-10-01,778.98,0.029900000000000003,360,2021-10-01,0,185000.0
5034909,345000,2021-11-01,1501.47,0.0325,360,2021-11-01,0,345000.0
5034910,235000,2021-11-01,1038.93,0.03375,360,2021-11-01,0,235000.0
5034915,135000,2021-11-01,634.83,0.03875,360,2021-11-01,0,135000.0
5034918,725000,2021-10-01,3231.35,0.0344,360,2021-10-01,0,725000.0
5034922,185000,2021-10-01,1003.01,0.0275,240,2021-10-01,0,185000.0
5034923,195000,2021-10-01,862.09,0.03375,360,2021-10-01,0,195000.0
5034925,415000,2021-11-01,1518.41,0.01925,360,2021-11-01,0,415000.0
5034927,135000,2021-10-01,900.17,0.025,180,2021-11-01,1,134381.08
5034931,155000,2021-11-01,1061.11,0.02875,180,2021-11-01,0,155000.0
5034934,245000,2021-10-01,1000.2,0.0275,360,2021-10-01,0,245000.0
5034937,565000,2021-11-01,2306.57,0.0275,360,2021-11-01,0,565000.0
5034939,75000,2021-10-01,504.52,0.02625,180,2021-10-01,0,75000.0
5034942,105000,2021-10-01,428.66,0.0275,360,2021-10-01,0,105000.0
5034944,505000,2021-10-01,2112.8,0.0294,360,2021-11-01,1,504124.45
5034946,425000,2021-10-01,1789.53,0.029900000000000003,360,2021-10-01,0,425000.0
5034951,575000,2021-10-01,2542.06,0.03375,360,2021-10-01,0,575000.0
5034956,205000,2021-10-01,892.18,0.0325,360,2021-10-01,0,205000.0
5034959,515000,2021-10-01,2953.82,0.03375,240,2021-10-01,0,515000.0
5034963,565000,2021-10-01,2458.92,0.0325,360,2021-10-01,0,565000.0
5034968,205000,2021-10-01,1073.87,0.02375,240,2021-10-01,0,205000.0
5034973,155000,2021-11-01,858.86,0.029900000000000003,240,2021-11-01,0,155000.0
5034977,175000,2021-10-01,726.07,0.02875,360,2021-10-01,0,175000.0
5034981,865000,2021-10-01,3642.22,0.029900000000000003,360,2021-10-01,0,865000.0
5034982,245000,2021-11-01,1016.49,0.02875,360,2021-11-01,0,245000.0
5034985,215000,2021-11-01,935.7,0.0325,360,2021-11-01,0,215000.0
5034986,255000,2021-10-01,1685.35,0.02375,180,2021-10-01,0,255000.0
5034988,375000,2021-11-01,2478.46,0.02375,180,2021-12-01,1,373263.7275
5034990,575000,2021-10-01,2542.06,0.03375,360,2021-10-01,0,575000.0
5034995,445000,2021-10-01,1802.57,0.0269,360,2021-10-01,0,445000.0
5034999,95000,2021-10-01,491.52,0.029900000000000003,264,2021-10-01,0,95000.0
5035000,215000,2021-10-01,892.02,0.02875,360,2021-10-01,0,215000.0
5035001,395000,2021-10-01,1612.56,0.0275,360,2021-10-01,0,395000.0
5035005,165000,2021-11-01,1109.94,0.02625,180,2021-11-01,0,165000.0
5035006,215000,2021-10-01,1433.6,0.025,180,2021-10-01,0,215000.0
5035009,105000,2021-11-01,972.04,0.02125,120,2021-11-01,0,105000.0
5035014,405000,2021-10-01,1626.69,0.02625,360,2021-10-01,0,405000.0
5035019,405000,2021-10-01,1790.49,0.03375,360,2021-10-01,0,405000.0
5035024,175000,2021-10-01,1187.59,0.0275,180,2021-10-01,0,175000.0
5035028,155000,2021-10-01,751.21,0.04125,360,2021-10-01,0,155000.0
5035030,275000,2021-10-01,2416.67,0.0275,132,2021-10-01,0,275000.0
5035033,105000,2021-11-01,471.5,0.035,360,2021-11-01,0,105000.0
5035038,385000,2021-10-01,1621.1,0.029900000000000003,360,2021-10-01,0,385000.0
5035040,175000,2021-10-01,761.62,0.0325,360,2021-11-01,1,174712.33833333335
5035043,235000,2021-10-01,1006.69,0.03125,360,2021-10-01,0,235000.0
5035045,245000,2021-10-01,1066.26,0.0325,360,2021-10-01,0,245000.0
5035048,225000,2021-10-01,1096.47,0.0325,300,2021-10-01,0,225000.0
5035053,425000,2021-10-01,1778.1,0.0294,360,2021-10-01,0,425000.0
5035056,225000,2021-11-01,994.72,0.03375,360,2021-11-01,0,225000.0
5035060,105000,2021-10-01,575.78,0.02875,240,2021-10-01,0,105000.0
5035063,145000,2021-10-01,651.12,0.035,360,2021-10-01,0,145000.0
5035064,365000,2021-11-01,1536.89,0.029900000000000003,360,2021-11-01,0,365000.0
5035069,145000,2021-10-01,803.45,0.029900000000000003,240,2021-10-01,0,145000.0
5035074,115000,2021-11-01,1084.11,0.025,120,2021-11-01,0,115000.0
5035076,155000,2021-10-01,674.57,0.0325,360,2021-10-01,0,155000.0
5035077,165000,2021-10-01,694.76,0.029900000000000003,360,2021-10-01,0,165000.0
5035082,325000,2021-10-01,1368.47,0.029900000000000003,360,2021-10-01,0,325000.0
5035085,465000,2021-11-01,1883.58,0.0269,360,2021-11-01,0,465000.0
5035090,155000,2021-10-01,643.09,0.02875,360,2021-10-01,0,155000.0
5035095,335000,2021-10-01,1367.61,0.0275,360,2021-10-01,0,335000.0
5035097,865000,2021-11-01,3764.54,0.0325,360,2021-11-01,0,865000.0
5035099,625000,2021-11-01,2763.11,0.03375,360,2021-11-01,0,625000.0
5035103,545000,2021-10-01,2261.17,0.02875,360,2021-10-01,0,545000.0
5035104,125000,2021-10-01,518.62,0.02875,360,2021-10-01,0,125000.0
5035106,215000,2021-11-01,950.51,0.03375,360,2021-11-01,0,215000.0
5035109,255000,2021-09-01,1057.98,0.02875,360,2021-09-01,0,255000.0
5035112,85000,2021-11-01,347.01,0.0275,360,2021-11-01,0,85000.0
5035117,145000,2021-10-01,601.6,0.02875,360,2021-10-01,0,145000.0
5035122,145000,2021-10-01,691.42,0.039900000000000005,360,2021-10-01,0,145000.0
5035124,455000,2021-11-01,1857.5,0.0275,360,2021-11-01,0,455000.0
5035126,525000,2021-11-01,2074.39,0.025,360,2021-11-01,0,525000.0
5035130,215000,2021-10-01,1165.66,0.0275,240,2021-10-01,0,215000.0
5035133,525000,2021-10-01,2108.67,0.02625,360,2021-10-01,0,525000.0
5035138,215000,2021-10-01,1966.28,0.01875,120,2021-10-01,0,215000.0
5035141,355000,2021-10-01,1472.87,0.02875,360,2021-10-01,0,355000.0
5035142,165000,2021-10-01,1509.01,0.01875,120,2021-10-01,0,165000.0
5035147,325000,2021-11-01,1305.37,0.02625,360,2021-11-01,0,325000.0
5035149,275000,2021-10-01,1866.21,0.0275,180,2021-10-01,0,275000.0
5035153,655000,2021-10-01,2717.55,0.02875,360,2021-10-01,0,655000.0
5035156,355000,2021-10-01,1544.99,0.0325,360,2021-10-01,0,355000.0
5035158,245000,2021-10-01,1677.24,0.02875,180,2021-10-01,0,245000.0
5035160,155000,2021-11-01,821.35,0.025,240,2021-11-01,0,155000.0
5035162,265000,2021-10-01,1227.26,0.0375,360,2021-10-01,0,265000.0
5035163,115000,2021-10-01,766.81,0.025,180,2021-10-01,0,115000.0
5035167,285000,2021-10-01,1163.49,0.0275,360,2021-10-01,0,285000.0
5035169,185000,2021-11-01,805.14,0.0325,360,2021-11-01,0,185000.0
5035170,545000,2021-10-01,2261.17,0.02875,360,2021-10-01,0,545000.0
5035174,215000,2021-10-01,1113.29,0.0225,240,2021-10-01,0,215000.0
5035179,215000,2021-10-01,905.29,0.029900000000000003,360,2021-10-01,0,215000.0
5035180,205000,2021-10-01,836.9,0.0275,360,2021-10-01,0,205000.0
5035185,265000,2021-10-01,1115.83,0.029900000000000003,360,2021-10-01,0,265000.0
5035189,185000,2021-10-01,805.14,0.0325,360,2021-10-01,0,185000.0
5035190,155000,2021-11-01,685.25,0.03375,360,2021-11-01,0,155000.0
5035192,215000,2021-10-01,905.29,0.029900000000000003,360,2021-10-01,0,215000.0
5035196,225000,2021-11-01,1422.14,0.0175,180,2021-11-01,0,225000.0
5035198,135000,2021-10-01,587.53,0.0325,360,2021-10-01,0,135000.0
5035200,295000,2021-11-01,1223.94,0.02875,360,2021-11-01,0,295000.0
5035201,255000,2021-10-01,1715.36,0.02625,180,2021-10-01,0,255000.0
5035203,505000,2021-10-01,2126.38,0.029900000000000003,360,2021-10-01,0,505000.0
5035205,465000,2021-10-01,1867.68,0.02625,360,2021-10-01,0,465000.0
5035208,245000,2021-10-01,1083.14,0.03375,360,2021-10-01,0,245000.0
5035210,245000,2021-10-01,1031.61,0.029900000000000003,360,2021-10-01,0,245000.0
5035214,115000,2021-10-01,661.7,0.025,216,2021-10-01,0,115000.0
5035218,335000,2021-10-01,1356.99,0.0269,360,2021-10-01,0,335000.0
5035219,265000,2021-10-01,1108.7,0.0294,360,2021-10-01,0,265000.0
5035220,545000,2021-10-01,2261.17,0.02875,360,2021-10-01,0,545000.0
5035225,305000,2021-10-01,2015.81,0.02375,180,2021-10-01,0,305000.0
5035226,685000,2021-10-01,2934.38,0.03125,360,2021-10-01,0,685000.0
5035227,115000,2021-11-01,1348.38,0.029900000000000003,96,2021-11-01,0,115000.0
5035229,245000,2021-09-01,1389.63,0.0325,240,2021-09-01,0,245000.0
5035231,295000,2021-10-01,1617.67,0.02875,240,2021-10-01,0,295000.0
5035233,695000,2021-10-01,3001.85,0.0319,360,2021-11-01,1,693845.6916666667
5035234,95000,2021-11-01,639.06,0.02625,180,2021-11-01,0,95000.0
5035235,705000,2021-10-01,3045.04,0.0319,360,2021-10-01,0,705000.0
5035240,415000,2021-11-01,1747.42,0.029900000000000003,360,2021-11-01,0,415000.0
5035243,175000,2021-10-01,773.67,0.03375,360,2021-10-01,0,175000.0
5035246,75000,2021-10-01,336.79,0.035,360,2021-10-01,0,75000.0
5035250,215000,2021-10-01,1433.6,0.025,180,2021-11-01,1,214014.31666666665
5035255,105000,2021-10-01,471.5,0.035,360,2021-10-01,0,105000.0
5035260,125000,2021-11-01,848.28,0.0275,180,2021-11-01,0,125000.0
5035261,435000,2021-10-01,1804.79,0.02875,360,2021-10-01,0,435000.0
5035264,655000,2021-11-01,2717.55,0.02875,360,2021-11-01,0,655000.0
5035265,135000,2021-10-01,568.44,0.029900000000000003,360,2021-10-01,0,135000.0
5035266,265000,2021-10-01,1081.84,0.0275,360,2021-11-01,1,264525.45166666666
5035267,395000,2021-10-01,1600.03,0.0269,360,2021-10-01,0,395000.0
5035270,245000,2021-11-01,1016.49,0.02875,360,2021-12-01,1,244570.48916666667
5035275,325000,2021-10-01,1722.19,0.025,240,2021-10-01,0,325000.0
5035280,65000,2021-11-01,437.25,0.02625,180,2021-11-01,0,65000.0
5035283,735000,2021-10-01,3049.46,0.02875,360,2021-10-01,0,735000.0
5035286,225000,2021-10-01,1219.88,0.0275,240,2021-10-01,0,225000.0
5035290,355000,2021-10-01,1438.0,0.0269,360,2021-11-01,1,354357.7916666667
5035294,205000,2021-10-01,850.53,0.02875,360,2021-10-01,0,205000.0
5035298,195000,2021-10-01,821.08,0.029900000000000003,360,2021-10-01,0,195000.0
5035302,305000,2021-10-01,1245.14,0.0275,360,2021-10-01,0,305000.0
5035306,535000,2021-10-01,3808.89,0.02625,168,2021-10-01,0,535000.0
5035309,255000,2021-10-01,1109.78,0.0325,360,2021-10-01,0,255000.0
5035312,655000,2021-10-01,3021.59,0.0275,300,2021-10-01,0,655000.0
5035314,215000,2021-10-01,1011.01,0.03875,360,2021-11-01,1,214683.26083333333
5035317,1505000,2021-10-01,6863.58,0.03625,360,2021-11-01,1,1502682.7741666667
5035322,535000,2021-10-01,2219.68,0.02875,360,2021-10-01,0,535000.0
5035323,405000,2021-11-01,1705.32,0.029900000000000003,360,2021-11-01,0,405000.0
5035327,235000,2021-10-01,1231.02,0.02375,240,2021-10-01,0,235000.0
5035328,745000,2021-10-01,3191.4,0.03125,360,2021-10-01,0,745000.0
5035331,285000,2021-10-01,1850.45,0.02125,180,2021-11-01,1,283654.2375
5035334,455000,2021-10-01,1887.77,0.02875,360,2021-10-01,0,455000.0
5035338,755000,2021-10-01,3285.81,0.0325,360,2021-10-01,0,755000.0
5035341,115000,2021-10-01,477.13,0.02875,360,2021-11-01,1,114798.39083333332
5035346,365000,2021-10-01,1478.51,0.0269,360,2021-10-01,0,365000.0
5035347,265000,2021-10-01,1519.93,0.03375,240,2021-10-01,0,265000.0
5035352,125000,2021-10-01,544.01,0.0325,360,2021-10-01,0,125000.0
5035357,275000,2021-11-01,1140.96,0.02875,360,2021-11-01,0,275000.0
5035358,165000,2021-10-01,732.82,0.02875,324,2021-10-01,0,165000.0
5035359,215000,2021-10-01,892.02,0.02875,360,2021-10-01,0,215000.0
5035362,145000,2021-10-01,975.4,0.02625,180,2021-10-01,0,145000.0
5035365,215000,2021-10-01,905.29,0.029900000000000003,360,2021-10-01,0,215000.0
5035369,335000,2021-10-01,2656.74,0.0225,144,2021-10-01,0,335000.0
5035373,255000,2021-10-01,1073.72,0.029900000000000003,360,2021-11-01,1,254561.655
5035375,665000,2021-10-01,2800.09,0.029900000000000003,360,2021-10-01,0,665000.0
5035379,445000,2021-11-01,1816.68,0.0275,360,2021-11-01,0,445000.0
5035384,195000,2021-10-01,783.22,0.02625,360,2021-10-01,0,195000.0
5035386,345000,2021-06-01,1363.17,0.025,360,2021-06-01,0,345000.0
5035391,275000,2021-11-01,1508.0,0.02875,240,2021-11-01,0,275000.0
5035396,195000,2021-11-01,796.08,0.0275,360,2021-11-01,0,195000.0
5035397,375000,2021-10-01,1555.85,0.02875,360,2021-10-01,0,375000.0
5035401,475000,2021-10-01,3167.25,0.025,180,2021-11-01,1,472822.3333333333
5035405,305000,2021-10-01,1245.14,0.0275,360,2021-10-01,0,305000.0
5035407,455000,2021-10-01,2043.16,0.035,360,2021-10-01,0,455000.0
5035410,365000,2021-11-01,1613.66,0.03375,360,2021-11-01,0,365000.0
5035411,275000,2021-10-01,1157.93,0.029900000000000003,360,2021-10-01,0,275000.0
5035414,115000,2021-10-01,1097.23,0.0275,120,2021-10-01,0,115000.0
5035419,265000,2021-10-01,1468.36,0.029900000000000003,240,2021-10-01,0,265000.0
5035423,115000,2021-11-01,484.23,0.029900000000000003,360,2021-11-01,0,115000.0
5035427,265000,2021-10-01,1735.98,0.0225,180,2021-10-01,0,265000.0
5035428,365000,2021-10-01,1639.02,0.035,360,2021-11-01,1,364425.5633333333
5035429,475000,2021-10-01,1907.85,0.02625,360,2021-10-01,0,475000.0
5035430,265000,2021-10-01,1436.75,0.0275,240,2021-10-01,0,265000.0
5035435,95000,2021-10-01,650.36,0.02875,180,2021-10-01,0,95000.0
5035439,105000,2021-10-01,464.21,0.03375,360,2021-10-01,0,105000.0
5035441,165000,2021-10-01,673.6,0.0275,360,2021-10-01,0,165000.0
5035446,175000,2021-10-01,969.67,0.029900000000000003,240,2021-10-01,0,175000.0
5035450,375000,2021-11-01,2411.44,0.0199,180,2021-11-01,0,375000.0
5035454,145000,2021-11-01,591.95,0.0275,360,2021-11-01,0,145000.0
5035456,95000,2021-11-01,639.06,0.02625,180,2021-11-01,0,95000.0
5035457,525000,2021-10-01,2284.84,0.0325,360,2021-10-01,0,525000.0
5035462,405000,2021-10-01,1694.42,0.0294,360,2021-10-01,0,405000.0
5035464,325000,2021-10-01,2596.04,0.02375,144,2021-10-01,0,325000.0
5035465,265000,2021-09-01,1099.47,0.02875,360,2021-10-01,1,264535.42583333334
5035466,105000,2021-10-01,456.97,0.0325,360,2021-10-01,0,105000.0
5035469,465000,2021-10-01,1929.26,0.02875,360,2021-10-01,0,465000.0
5035473,435000,2021-10-01,2900.54,0.025,180,2021-10-01,0,435000.0
5035474,1505000,2021-10-01,5829.87,0.0235,360,2021-10-01,0,1505000.0
5035479,285000,2021-10-01,1163.49,0.0275,360,2021-10-01,0,285000.0
5035482,125000,2021-10-01,878.34,0.0325,180,2021-10-01,0,125000.0
5035486,105000,2021-10-01,712.56,0.0275,180,2021-10-01,0,105000.0
5035490,735000,2021-10-01,3148.56,0.03125,360,2021-11-01,1,733765.5025
5035493,425000,2021-10-01,1820.6,0.03125,360,2021-10-01,0,425000.0
5035497,435000,2021-10-01,1762.06,0.0269,360,2021-10-01,0,435000.0
5035502,485000,2021-10-01,2110.76,0.0325,360,2021-10-01,0,485000.0
5035504,685000,2021-10-01,2981.17,0.0325,360,2021-10-01,0,685000.0
5035508,235000,2021-11-01,1394.93,0.02875,216,2021-11-01,0,235000.0
5035512,475000,2021-10-01,3054.48,0.0199,180,2021-10-01,0,475000.0
5035517,545000,2021-11-01,2371.88,0.0325,360,2021-11-01,0,545000.0
5035519,425000,2021-11-01,1763.3,0.02875,360,2021-11-01,0,425000.0
5035522,345000,2021-10-01,1452.68,0.029900000000000003,360,2021-10-01,0,345000.0
5035524,285000,2021-10-01,1240.34,0.0325,360,2021-10-01,0,285000.0
5035528,405000,2021-10-01,2195.78,0.0275,240,2021-10-01,0,405000.0
5035532,245000,2021-10-01,1016.49,0.02875,360,2021-10-01,0,245000.0
5035537,125000,2021-10-01,570.07,0.03625,360,2021-10-01,0,125000.0
5035540,375000,2021-10-01,1519.02,0.0269,360,2021-10-01,0,375000.0
5035543,125000,2021-11-01,826.16,0.02375,180,2021-11-01,0,125000.0
5035548,125000,2021-10-01,570.07,0.03625,360,2021-10-01,0,125000.0
5035553,115000,2021-10-01,787.28,0.02875,180,2021-10-01,0,115000.0
5035555,305000,2021-11-01,1284.25,0.029900000000000003,360,2021-11-01,0,305000.0
5035560,535000,2021-10-01,2310.78,0.0319,360,2021-10-01,0,535000.0
5035564,105000,2021-10-01,1196.17,0.0225,96,2021-10-01,0,105000.0
5035567,665000,2021-10-01,2714.81,0.0275,360,2021-10-01,0,665000.0
5035572,155000,2021-11-01,652.66,0.029900000000000003,360,2021-11-01,0,155000.0
5035574,195000,2021-10-01,821.08,0.029900000000000003,360,2021-10-01,0,195000.0
5035579,185000,2021-10-01,1299.94,0.0325,180,2021-10-01,0,185000.0
5035580,165000,2021-10-01,694.76,0.029900000000000003,360,2021-10-01,0,165000.0
5035584,625000,2021-10-01,2531.69,0.0269,360,2021-10-01,0,625000.0
5035589,245000,2021-11-01,1031.61,0.029900000000000003,360,2021-11-01,0,245000.0
5035594,275000,2021-10-01,1140.96,0.02875,360,2021-10-01,0,275000.0
5035595,225000,2021-11-01,1002.83,0.0344,360,2021-11-01,0,225000.0
5035598,165000,2021-10-01,684.58,0.02875,360,2021-10-01,0,165000.0
5035599,285000,2021-10-01,1182.45,0.02875,360,2021-10-01,0,285000.0
5035603,155000,2021-10-01,652.66,0.029900000000000003,360,2021-10-01,0,155000.0
5035606,335000,2021-10-01,1775.18,0.025,240,2021-10-01,0,335000.0
5035609,495000,2021-10-01,3213.94,0.02125,180,2021-10-01,0,495000.0
5035613,265000,2021-10-01,1115.83,0.029900000000000003,360,2021-10-01,0,265000.0
5035617,425000,2021-10-01,1849.63,0.0325,360,2021-10-01,0,425000.0
5035618,135000,2021-10-01,568.44,0.029900000000000003,360,2021-10-01,0,135000.0
5035621,245000,2021-10-01,1604.96,0.0225,180,2021-10-01,0,245000.0
5035625,315000,2021-11-01,1326.36,0.029900000000000003,360,2021-11-01,0,315000.0
5035629,215000,2021-10-01,935.7,0.0325,360,2021-11-01,1,214646.59166666665
5035630,515000,2021-10-01,2086.12,0.0269,360,2021-10-01,0,515000.0
5035633,195000,2021-10-01,835.34,0.03125,360,2021-10-01,0,195000.0
5035637,305000,2021-10-01,1245.14,0.0275,360,2021-10-01,0,305000.0
5035640,795000,2021-10-01,3245.52,0.0275,360,2021-12-01,2,792149.4474802082
5035641,225000,2021-10-01,1290.51,0.03375,240,2021-10-01,0,225000.0
5035643,595000,2021-10-01,2429.04,0.0275,360,2021-10-01,0,595000.0
5035644,615000,2021-10-01,2656.31,0.0319,360,2021-10-01,0,615000.0
5035649,165000,2021-10-01,694.76,0.029900000000000003,360,2021-10-01,0,165000.0
5035653,225000,2021-10-01,994.72,0.03375,360,2021-10-01,0,225000.0
5035658,285000,2021-10-01,1867.0,0.0225,180,2021-10-01,0,285000.0
5035661,105000,2021-11-01,712.56,0.0275,180,2021-11-01,0,105000.0
5035662,115000,2021-10-01,1071.08,0.0225,120,2021-10-01,0,115000.0
5035663,155000,2021-10-01,652.66,0.029900000000000003,360,2021-10-01,0,155000.0
5035668,505000,2021-10-01,4062.88,0.025,144,2021-10-01,0,505000.0
5035672,85000,2021-11-01,581.9,0.02875,180,2021-11-01,0,85000.0
5035673,185000,2021-10-01,1233.57,0.025,180,2021-10-01,0,185000.0
5035677,275000,2021-10-01,1015.08,0.0199,360,2021-10-01,0,275000.0
5035682,225000,2021-11-01,979.22,0.0325,360,2021-11-01,0,225000.0
5035686,65000,2021-10-01,296.44,0.03625,360,2021-10-01,0,65000.0
5035690,565000,2021-10-01,2379.02,0.029900000000000003,360,2021-10-01,0,565000.0
5035692,435000,2021-10-01,2331.66,0.02625,240,2021-10-01,0,435000.0
5035694,405000,2021-10-01,2604.35,0.0199,180,2021-10-01,0,405000.0
5035698,85000,2021-10-01,576.83,0.0275,180,2021-10-01,0,85000.0
5035700,405000,2021-10-01,1653.38,0.0275,360,2021-10-01,0,405000.0
5035702,455000,2021-10-01,1980.19,0.0325,360,2021-10-01,0,455000.0
5035707,425000,2021-10-01,1763.3,0.02875,360,2021-10-01,0,425000.0
5035708,225000,2021-11-01,1178.63,0.02375,240,2021-11-01,0,225000.0
5035709,295000,2021-10-01,1617.67,0.02875,240,2021-10-01,0,295000.0
5035711,405000,2021-10-01,1680.32,0.02875,360,2021-10-01,0,405000.0
5035716,305000,2021-10-01,1142.66,0.021,360,2021-10-01,0,305000.0
5035718,455000,2021-10-01,1949.11,0.03125,360,2021-10-01,0,455000.0
5035721,285000,2021-10-01,1182.45,0.02875,360,2021-10-01,0,285000.0
5035724,185000,2021-10-01,778.98,0.029900000000000003,360,2021-10-01,0,185000.0
5035729,305000,2021-10-01,1998.01,0.0225,180,2021-10-01,0,305000.0
5035730,275000,2021-11-01,1440.55,0.02375,240,2021-11-01,0,275000.0
5035735,335000,2021-10-01,1435.06,0.03125,360,2021-10-01,0,335000.0
5035739,595000,2021-10-01,2312.49,0.02375,360,2021-10-01,0,595000.0
5035740,175000,2021-10-01,1207.68,0.029900000000000003,180,2021-10-01,0,175000.0
5035742,265000,2021-10-01,1081.84,0.0275,360,2021-10-01,0,265000.0
5035747,175000,2021-10-01,773.67,0.03375,360,2021-10-01,0,175000.0
5035752,135000,2021-10-01,956.83,0.03375,180,2021-10-01,0,135000.0
5035754,285000,2021-10-01,1230.98,0.0319,360,2021-10-01,0,285000.0
5035755,275000,2021-10-01,1122.67,0.0275,360,2021-10-01,0,275000.0
5035757,235000,2021-11-01,989.51,0.029900000000000003,360,2021-11-01,0,235000.0
5035761,115000,2021-10-01,484.23,0.029900000000000003,360,2021-10-01,0,115000.0
5035765,135000,2021-10-01,551.13,0.0275,360,2021-10-01,0,135000.0
5035767,245000,2021-10-01,1049.52,0.03125,360,2021-11-01,1,244588.50083333335
5035772,305000,2021-10-01,1327.38,0.0325,360,2021-10-01,0,305000.0
5035777,125000,2021-10-01,526.34,0.029900000000000003,360,2021-11-01,1,124785.11833333333
5035781,165000,2021-10-01,956.94,0.035,240,2021-10-01,0,165000.0
5035782,105000,2021-10-01,428.66,0.0275,360,2021-10-01,0,105000.0
5035786,105000,2021-10-01,500.69,0.039900000000000005,360,2021-10-01,0,105000.0
5035788,225000,2021-11-01,979.22,0.0325,360,2021-11-01,0,225000.0
5035792,225000,2021-11-01,1500.28,0.025,180,2021-11-01,0,225000.0
5035797,485000,2021-10-01,2094.82,0.0319,360,2021-10-01,0,485000.0
5035798,165000,2021-10-01,729.46,0.03375,360,2021-10-01,0,165000.0
5035802,245000,2021-10-01,1000.2,0.0275,360,2021-10-01,0,245000.0
5035805,355000,2021-10-01,1967.05,0.029900000000000003,240,2021-10-01,0,355000.0
5035807,295000,2021-11-01,1314.83,0.0344,360,2021-11-01,0,295000.0
5035812,325000,2021-10-01,1403.75,0.0319,360,2021-10-01,0,325000.0
5035817,205000,2021-10-01,892.18,0.0325,360,2021-10-01,0,205000.0
5035818,235000,2021-10-01,975.0,0.02875,360,2021-10-01,0,235000.0
5035819,295000,2021-10-01,1283.86,0.0325,360,2021-10-01,0,295000.0
5035821,305000,2021-10-01,1306.55,0.03125,360,2021-10-01,0,305000.0
5035823,225000,2021-10-01,947.4,0.029900000000000003,360,2021-10-01,0,225000.0
5035827,515000,2021-10-01,2853.61,0.029900000000000003,240,2021-10-01,0,515000.0
5035829,625000,2021-10-01,2593.08,0.02875,360,2021-10-01,0,625000.0
5035830,195000,2021-10-01,809.05,0.02875,360,2021-10-01,0,195000.0
5035835,105000,2021-10-01,442.12,0.029900000000000003,360,2021-10-01,0,105000.0
5035837,235000,2021-10-01,1015.02,0.0319,360,2021-10-01,0,235000.0
5035838,325000,2021-10-01,2089.91,0.0199,180,2021-10-01,0,325000.0
5035843,225000,2021-10-01,933.51,0.02875,360,2021-10-01,0,225000.0
5035847,185000,2021-10-01,839.3,0.0325,336,2021-11-01,1,184661.74166666667
5035848,375000,2021-10-01,2033.13,0.0275,240,2021-10-01,0,375000.0
5035849,255000,2021-11-01,1024.21,0.02625,360,2021-11-01,0,255000.0
5035854,175000,2021-10-01,736.87,0.029900000000000003,360,2021-10-01,0,175000.0
5035858,165000,2021-10-01,718.1,0.0325,360,2021-10-01,0,165000.0
5035863,415000,2021-10-01,1792.47,0.0319,360,2021-10-01,0,415000.0
5035868,255000,2021-10-01,1670.47,0.0225,180,2021-10-01,0,255000.0
5035872,185000,2021-10-01,1233.57,0.025,180,2021-10-01,0,185000.0
5035877,525000,2021-10-01,2178.19,0.02875,360,2021-10-01,0,525000.0
5035878,105000,2021-10-01,1069.02,0.02125,108,2021-10-01,0,105000.0
5035881,325000,2021-10-01,1368.47,0.029900000000000003,360,2021-10-01,0,325000.0
5035885,165000,2021-11-01,706.82,0.03125,360,2021-11-01,0,165000.0
5035888,65000,2021-10-01,448.57,0.029900000000000003,180,2021-10-01,0,65000.0
5035893,85000,2021-10-01,381.69,0.035,360,2021-10-01,0,85000.0
5035898,545000,2021-10-01,2261.17,0.02875,360,2021-10-01,0,545000.0
5035901,305000,2021-09-01,2069.8,0.0275,180,2022-02-01,5,298114.3044696223
5035902,175000,2021-11-01,773.67,0.03375,360,2021-11-01,0,175000.0
5035907,215000,2021-10-01,1705.07,0.0225,144,2021-10-01,0,215000.0
5035908,595000,2021-11-01,2651.93,0.0344,360,2021-11-01,0,595000.0
5035909,115000,2021-10-01,780.42,0.0275,180,2021-10-01,0,115000.0
5035912,255000,2021-10-01,1127.35,0.03375,360,2021-10-01,0,255000.0
5035916,75000,2021-10-01,315.8,0.029900000000000003,360,2021-10-01,0,75000.0
5035918,205000,2021-10-01,850.53,0.02875,360,2021-10-01,0,205000.0
5035923,605000,2021-10-01,2716.73,0.035,360,2021-10-01,0,605000.0
5035927,335000,2021-10-01,1457.95,0.0325,360,2021-10-01,0,335000.0
5035931,305000,2021-10-01,1265.43,0.02875,360,2021-10-01,0,305000.0
5035936,145000,2021-10-01,958.34,0.02375,180,2021-10-01,0,145000.0
5035938,205000,2021-10-01,1342.93,0.0225,180,2021-10-01,0,205000.0
5035940,165000,2021-10-01,684.58,0.02875,360,2021-11-01,1,164710.7325
5035945,575000,2021-10-01,2421.13,0.029900000000000003,360,2021-10-01,0,575000.0
5035948,365000,2021-10-01,1514.36,0.02875,360,2021-10-01,0,365000.0
5035950,95000,2021-10-01,413.45,0.0325,360,2021-11-01,1,94843.84166666667
5035954,285000,2021-10-01,1200.04,0.029900000000000003,360,2021-10-01,0,285000.0
5035959,85000,2021-10-01,466.11,0.02875,240,2021-10-01,0,85000.0
5035964,205000,2021-10-01,945.99,0.029900000000000003,312,2021-10-01,0,205000.0
5035967,335000,2021-10-01,1457.95,0.0325,360,2021-10-01,0,335000.0
5035971,125000,2021-10-01,518.62,0.02875,360,2021-10-01,0,125000.0
5035974,155000,2021-10-01,1051.87,0.0275,180,2021-11-01,1,154303.33833333335
5035978,335000,2021-10-01,2194.54,0.0225,180,2021-10-01,0,335000.0
5035981,375000,2021-10-01,1530.91,0.0275,360,2021-11-01,1,374328.465
5035984,185000,2021-10-01,856.77,0.0375,360,2021-10-01,0,185000.0
5035986,115000,2021-11-01,1010.61,0.0275,132,2021-11-01,0,115000.0
5035991,595000,2021-10-01,2389.83,0.02625,360,2021-10-01,0,595000.0
5035994,245000,2021-10-01,1031.61,0.029900000000000003,360,2021-10-01,0,245000.0
5035998,325000,2021-10-01,1414.43,0.0325,360,2021-10-01,0,325000.0
5036002,75000,2021-10-01,336.79,0.035,360,2021-10-01,0,75000.0
5036003,505000,2021-10-01,2095.21,0.02875,360,2021-10-01,0,505000.0
5036006,115000,2021-10-01,780.42,0.0275,180,2021-10-01,0,115000.0
5036008,145000,2021-10-01,984.01,0.0275,180,2021-10-01,0,145000.0
5036011,285000,2021-10-01,1562.83,0.02875,240,2021-10-01,0,285000.0
5036015,105000,2021-10-01,456.97,0.0325,360,2021-10-01,0,105000.0
5036016,445000,2021-10-01,1846.28,0.02875,360,2021-10-01,0,445000.0
5036018,305000,2021-11-01,1327.38,0.0325,360,2021-11-01,0,305000.0
5036023,445000,2021-10-01,1998.25,0.035,360,2021-10-01,0,445000.0
5036024,215000,2021-10-01,935.7,0.0325,360,2021-10-01,0,215000.0
5036027,765000,2021-10-01,5011.4,0.0225,180,2021-10-01,0,765000.0
5036031,475000,2021-10-01,1939.15,0.0275,360,2021-10-01,0,475000.0
5036033,235000,2021-10-01,943.88,0.02625,360,2021-10-01,0,235000.0
5036038,105000,2021-10-01,464.21,0.03375,360,2021-11-01,1,104831.1025
5036043,195000,2021-10-01,903.08,0.0375,360,2021-10-01,0,195000.0
5036044,305000,2021-10-01,1980.31,0.02125,180,2021-10-01,0,305000.0
5036049,265000,2021-10-01,1047.08,0.025,360,2021-10-01,0,265000.0
5036053,205000,2021-10-01,934.91,0.03625,360,2021-10-01,0,205000.0
5036055,335000,2021-10-01,1345.53,0.02625,360,2021-10-01,0,335000.0
5036057,185000,2021-10-01,767.56,0.02875,360,2021-10-01,0,185000.0
5036061,155000,2021-10-01,898.94,0.035,240,2021-10-01,0,155000.0
5036063,825000,2021-10-01,3422.87,0.02875,360,2021-10-01,0,825000.0
5036067,285000,2021-10-01,1182.45,0.02875,360,2021-10-01,0,285000.0
5036070,205000,2021-10-01,1885.36,0.0199,120,2021-10-01,0,205000.0
5036075,365000,2021-10-01,1588.51,0.0325,360,2021-10-01,0,365000.0
5036079,375000,2021-10-01,1632.03,0.0325,360,2021-10-01,0,375000.0
5036081,115000,2021-10-01,766.81,0.025,180,2021-10-01,0,115000.0
5036085,215000,2021-10-01,1459.04,0.0275,180,2021-10-01,0,215000.0
5036087,355000,2021-10-01,2388.05,0.02625,180,2021-10-01,0,355000.0
5036091,235000,2021-11-01,989.51,0.029900000000000003,360,2021-11-01,0,235000.0
5036094,165000,2021-10-01,914.27,0.029900000000000003,240,2021-10-01,0,165000.0
5036097,265000,2021-10-01,1704.08,0.0199,180,2021-10-01,0,265000.0
5036098,115000,2021-10-01,793.62,0.029900000000000003,180,2021-10-01,0,115000.0
5036099,365000,2021-10-01,1527.07,0.0294,360,2021-10-01,0,365000.0
5036104,495000,2021-10-01,1892.12,0.0225,360,2021-10-01,0,495000.0
5036109,245000,2021-11-01,1619.26,0.02375,180,2021-11-01,0,245000.0
5036112,435000,2021-10-01,2900.54,0.025,180,2021-10-01,0,435000.0
5036117,245000,2021-10-01,1031.61,0.029900000000000003,360,2021-10-01,0,245000.0
5036119,205000,2021-11-01,1331.03,0.02125,180,2021-11-01,0,205000.0
5036121,615000,2021-10-01,2470.16,0.02625,360,2021-10-01,0,615000.0
5036122,305000,2021-10-01,1245.14,0.0275,360,2021-10-01,0,305000.0
5036123,175000,2021-10-01,736.87,0.029900000000000003,360,2021-10-01,0,175000.0
5036127,155000,2021-10-01,632.78,0.0275,360,2021-10-01,0,155000.0
5036129,465000,2021-10-01,2379.99,0.02125,240,2021-10-01,0,465000.0
5036132,215000,2021-10-01,1408.44,0.0225,180,2021-10-01,0,215000.0
5036136,485000,2021-10-01,2110.76,0.0325,360,2021-10-01,0,485000.0
5036137,335000,2021-10-01,1410.57,0.029900000000000003,360,2021-10-01,0,335000.0
5036141,235000,2021-10-01,959.37,0.0275,360,2021-12-01,2,234157.37893506946
5036146,295000,2021-10-01,1897.0,0.0199,180,2021-11-01,1,293592.2083333333
5036147,275000,2021-10-01,1490.96,0.0275,240,2021-10-01,0,275000.0
5036150,305000,2021-10-01,2100.5,0.02125,168,2021-10-01,0,305000.0
5036155,235000,2021-10-01,1055.26,0.035,360,2021-10-01,0,235000.0
5036157,195000,2021-10-01,862.09,0.03375,360,2021-10-01,0,195000.0
5036158,105000,2021-10-01,435.64,0.02875,360,2021-10-01,0,105000.0
5036163,105000,2021-10-01,456.97,0.0325,360,2021-10-01,0,105000.0
5036168,95000,2021-10-01,526.4,0.029900000000000003,240,2021-10-01,0,95000.0
5036170,145000,2021-10-01,984.01,0.0275,180,2021-10-01,0,145000.0
5036174,495000,2021-10-01,2154.28,0.0325,360,2021-10-01,0,495000.0
5036177,115000,2021-10-01,492.64,0.03125,360,2021-10-01,0,115000.0
5036180,95000,2021-10-01,400.02,0.029900000000000003,360,2021-10-01,0,95000.0
5036184,465000,2021-11-01,1837.32,0.025,360,2021-11-01,0,465000.0
5036187,115000,2021-11-01,766.81,0.025,180,2021-11-01,0,115000.0
5036188,255000,2021-11-01,1207.92,0.029900000000000003,300,2021-11-01,0,255000.0
5036193,375000,2021-10-01,1579.0,0.029900000000000003,360,2021-10-01,0,375000.0
5036196,255000,2021-10-01,1007.56,0.025,360,2021-10-01,0,255000.0
5036201,145000,2021-10-01,651.12,0.035,360,2021-10-01,0,145000.0
5036206,815000,2021-10-01,2764.11,0.01375,360,2021-10-01,0,815000.0
5036210,425000,2021-10-01,1849.63,0.0325,360,2021-10-01,0,425000.0
5036214,355000,2021-10-01,1520.74,0.03125,360,2021-10-01,0,355000.0
5036218,335000,2021-10-01,1389.89,0.02875,360,2021-10-01,0,335000.0
5036220,265000,2021-10-01,1171.56,0.03375,360,2021-10-01,0,265000.0
5036225,465000,2021-10-01,1957.96,0.029900000000000003,360,2021-10-01,0,465000.0
5036230,125000,2021-10-01,552.63,0.03375,360,2021-10-01,0,125000.0
5036233,245000,2021-10-01,1343.49,0.02875,240,2021-10-01,0,245000.0
5036236,215000,2021-10-01,1433.6,0.025,180,2021-10-01,0,215000.0
5036241,395000,2021-10-01,1612.56,0.0275,360,2021-10-01,0,395000.0
5036243,335000,2021-11-01,1410.57,0.029900000000000003,360,2021-11-01,0,335000.0
5036244,255000,2021-10-01,1109.78,0.0325,360,2021-10-01,0,255000.0
5036246,175000,2021-10-01,749.66,0.03125,360,2021-10-01,0,175000.0
5036250,255000,2021-10-01,1073.72,0.029900000000000003,360,2021-10-01,0,255000.0
5036254,455000,2021-10-01,1965.24,0.0319,360,2021-10-01,0,455000.0
5036255,175000,2021-11-01,736.87,0.029900000000000003,360,2021-12-01,1,174699.17166666666
5036257,275000,2021-10-01,1768.39,0.0199,180,2021-10-01,0,275000.0
5036262,785000,2021-10-01,4232.79,0.0269,240,2021-10-01,0,785000.0
5036265,365000,2021-10-01,1956.45,0.02625,240,2021-10-01,0,365000.0
5036267,355000,2021-10-01,1569.45,0.03375,360,2021-10-01,0,355000.0
5036272,85000,2021-10-01,375.79,0.03375,360,2021-10-01,0,85000.0
5036277,255000,2021-10-01,1685.35,0.02375,180,2021-10-01,0,255000.0
5036280,535000,2021-10-01,2252.7,0.029900000000000003,360,2021-10-01,0,535000.0
5036282,405000,2021-10-01,1847.01,0.03625,360,2021-10-01,0,405000.0
5036285,485000,2021-10-01,2029.12,0.0294,360,2021-10-01,0,485000.0
5036289,205000,2021-10-01,892.18,0.0325,360,2021-10-01,0,205000.0
5036290,175000,2021-10-01,726.07,0.02875,360,2021-10-01,0,175000.0
5036295,175000,2021-10-01,1187.59,0.0275,180,2021-10-01,0,175000.0
5036296,335000,2021-10-01,2273.39,0.0275,180,2021-10-01,0,335000.0
5036301,695000,2021-10-01,3811.11,0.02875,240,2021-10-01,0,695000.0
5036302,145000,2021-10-01,932.43,0.0199,180,2021-10-01,0,145000.0
5036305,105000,2021-10-01,456.97,0.0325,360,2021-10-01,0,105000.0
5036307,175000,2021-10-01,1177.21,0.02625,180,2021-10-01,0,175000.0
5036310,485000,2021-10-01,2012.23,0.02875,360,2021-10-01,0,485000.0
5036315,305000,2021-10-01,1265.43,0.02875,360,2021-10-01,0,305000.0
5036320,205000,2021-10-01,949.39,0.0375,360,2021-10-01,0,205000.0
5036323,235000,2021-10-01,1055.26,0.035,360,2021-10-01,0,235000.0
5036325,205000,2021-10-01,1403.41,0.02875,180,2021-10-01,0,205000.0
5036328,125000,2021-10-01,510.31,0.0275,360,2021-10-01,0,125000.0
5036330,175000,2021-11-01,736.87,0.029900000000000003,360,2021-11-01,0,175000.0
5036335,305000,2021-10-01,1998.01,0.0225,180,2021-10-01,0,305000.0
5036339,155000,2021-10-01,652.66,0.029900000000000003,360,2021-10-01,0,155000.0
5036343,105000,2021-11-01,500.69,0.039900000000000005,360,2021-11-01,0,105000.0
5036345,155000,2021-11-01,674.57,0.0325,360,2021-11-01,0,155000.0
5036349,255000,2021-10-01,1398.33,0.02875,240,2021-10-01,0,255000.0
5036352,135000,2021-10-01,740.29,0.02875,240,2021-10-01,0,135000.0
5036353,405000,2021-11-01,1680.32,0.02875,360,2021-11-01,0,405000.0
5036358,485000,2021-09-01,1979.97,0.0275,360,2021-09-01,0,485000.0
5036360,105000,2021-11-01,456.97,0.0325,360,2021-11-01,0,105000.0
5036365,95000,2021-10-01,426.6,0.035,360,2021-10-01,0,95000.0
5036368,175000,2021-10-01,702.89,0.02625,360,2021-10-01,0,175000.0
5036369,105000,2021-10-01,724.61,0.029900000000000003,180,2021-10-01,0,105000.0
5036374,315000,2021-10-01,1285.96,0.0275,360,2021-10-01,0,315000.0
5036379,135000,2021-10-01,740.29,0.02875,240,2021-10-01,0,135000.0
5036382,105000,2021-10-01,863.04,0.02875,144,2021-10-01,0,105000.0
5036385,275000,2021-11-01,1140.96,0.02875,360,2021-11-01,0,275000.0
5036386,235000,2021-10-01,989.51,0.029900000000000003,360,2021-10-01,0,235000.0
5036391,205000,2021-10-01,906.3,0.03375,360,2021-10-01,0,205000.0
5036395,175000,2021-10-01,736.87,0.029900000000000003,360,2021-11-01,1,174699.17166666666
5036399,215000,2021-10-01,892.02,0.02875,360,2021-10-01,0,215000.0
5036400,235000,2021-09-01,1022.74,0.0325,360,2021-09-01,0,235000.0
5036405,295000,2021-10-01,1194.96,0.0269,360,2021-10-01,0,295000.0
5036409,635000,2021-10-01,2467.95,0.02375,360,2021-10-01,0,635000.0
5036411,395000,2021-10-01,2610.64,0.02375,180,2021-10-01,0,395000.0
5036413,445000,2021-10-01,1873.74,0.029900000000000003,360,2021-10-01,0,445000.0
5036416,335000,2021-10-01,1389.89,0.02875,360,2021-11-01,1,334412.7141666667
5036419,555000,2021-10-01,2248.14,0.0269,360,2021-10-01,0,555000.0
5036423,195000,2021-10-01,1106.04,0.0325,240,2021-10-01,0,195000.0
5036425,325000,2021-10-01,2167.07,0.025,180,2021-11-01,1,323510.0133333333
5036426,155000,2021-10-01,696.02,0.035,360,2021-10-01,0,155000.0
5036427,355000,2021-10-01,1569.45,0.03375,360,2021-10-01,0,355000.0
5036432,505000,2021-11-01,2095.21,0.02875,360,2021-11-01,0,505000.0
5036435,365000,2021-10-01,1563.58,0.03125,360,2021-10-01,0,365000.0
5036440,215000,2021-10-01,1408.44,0.0225,180,2021-10-01,0,215000.0
5036443,395000,2021-11-01,2564.66,0.02125,180,2021-11-01,0,395000.0
5036447,225000,2021-10-01,979.22,0.0325,360,2021-10-01,0,225000.0
5036448,115000,2021-10-01,484.23,0.029900000000000003,360,2021-10-01,0,115000.0
5036449,315000,2021-10-01,1707.83,0.0275,240,2021-10-01,0,315000.0
5036450,435000,2021-10-01,1775.85,0.0275,360,2021-10-01,0,435000.0
5036455,445000,2021-10-01,1589.74,0.0175,360,2021-10-01,0,445000.0
5036457,405000,2021-10-01,1705.32,0.029900000000000003,360,2021-10-01,0,405000.0
5036462,215000,2021-10-01,1025.21,0.039900000000000005,360,2021-10-01,0,215000.0
5036466,1105000,2021-11-01,4885.17,0.03375,360,2021-11-01,0,1105000.0
5036468,205000,2021-10-01,863.19,0.029900000000000003,360,2021-10-01,0,205000.0
5036471,135000,2021-10-01,568.44,0.029900000000000003,360,2021-10-01,0,135000.0
5036474,295000,2021-10-01,1634.59,0.029900000000000003,240,2021-10-01,0,295000.0
5036479,355000,2021-10-01,1494.79,0.029900000000000003,360,2021-10-01,0,355000.0
5036483,515000,2021-10-01,2068.51,0.02625,360,2021-10-01,0,515000.0
5036485,525000,2021-10-01,2248.98,0.03125,360,2021-10-01,0,525000.0
5036490,275000,2021-10-01,1140.96,0.02875,360,2021-10-01,0,275000.0
5036494,725000,2021-10-01,3975.62,0.02875,240,2021-10-01,0,725000.0
5036499,195000,2021-10-01,2286.39,0.029900000000000003,96,2021-10-01,0,195000.0
5036500,285000,2021-10-01,1163.49,0.0275,360,2021-10-01,0,285000.0
5036503,165000,2021-10-01,690.32,0.0294,360,2021-10-01,0,165000.0
5036504,365000,2021-10-01,1890.01,0.0225,240,2021-10-01,0,365000.0
5036505,475000,2021-11-01,1970.74,0.02875,360,2021-11-01,0,475000.0
5036507,105000,2021-10-01,456.97,0.0325,360,2021-10-01,0,105000.0
5036512,105000,2021-10-01,581.81,0.029900000000000003,240,2021-10-01,0,105000.0
5036516,435000,2021-11-01,1804.79,0.02875,360,2021-11-01,0,435000.0
5036518,225000,2021-10-01,1473.95,0.0225,180,2021-10-01,0,225000.0
5036522,445000,2021-10-01,1873.74,0.029900000000000003,360,2021-10-01,0,445000.0
5036526,225000,2021-10-01,947.4,0.029900000000000003,360,2021-11-01,1,224613.225
5036527,185000,2021-10-01,1222.71,0.02375,180,2021-10-01,0,185000.0
5036529,485000,2021-10-01,2029.12,0.0294,360,2021-10-01,0,485000.0
5036530,205000,2021-10-01,863.19,0.029900000000000003,360,2021-10-01,0,205000.0
5036532,75000,2021-10-01,434.97,0.035,240,2021-10-01,0,75000.0
5036537,175000,2021-10-01,773.67,0.03375,360,2021-10-01,0,175000.0
5036540,165000,2021-10-01,775.9,0.03875,360,2021-10-01,0,165000.0
5036544,225000,2021-10-01,911.41,0.0269,360,2021-10-01,0,225000.0
5036545,525000,2021-10-01,2178.19,0.02875,360,2021-10-01,0,525000.0
5036549,135000,2021-10-01,578.31,0.03125,360,2021-10-01,0,135000.0
5036554,525000,2021-10-01,3376.01,0.0199,180,2021-10-01,0,525000.0
5036559,265000,2021-10-01,1189.97,0.035,360,2021-10-01,0,265000.0
5036561,175000,2021-10-01,714.43,0.0275,360,2021-10-01,0,175000.0
5036566,225000,2021-10-01,933.51,0.02875,360,2021-10-01,0,225000.0
5036571,155000,2021-11-01,674.57,0.0325,360,2021-11-01,0,155000.0
5036576,205000,2021-10-01,963.99,0.03875,360,2021-10-01,0,205000.0
5036580,705000,2021-10-01,2968.51,0.029900000000000003,360,2021-10-01,0,705000.0
5036583,205000,2021-10-01,1391.18,0.0275,180,2021-10-01,0,205000.0
5036587,385000,2021-10-01,1546.36,0.02625,360,2021-10-01,0,385000.0
5036590,345000,2021-10-01,2240.02,0.02125,180,2021-10-01,0,345000.0
5036593,75000,2021-10-01,715.59,0.0275,120,2021-10-01,0,75000.0
5036596,185000,2021-10-01,817.88,0.03375,360,2021-10-01,0,185000.0
5036600,285000,2021-11-01,1492.93,0.02375,240,2021-11-01,0,285000.0
5036604,335000,2021-10-01,1410.57,0.029900000000000003,360,2021-10-01,0,335000.0
5036606,155000,2021-10-01,674.57,0.0325,360,2021-10-01,0,155000.0
5036607,175000,2021-10-01,736.87,0.029900000000000003,360,2021-10-01,0,175000.0
5036609,165000,2021-10-01,1061.03,0.0199,180,2021-10-01,0,165000.0
5036610,215000,2021-11-01,892.02,0.02875,360,2021-11-01,0,215000.0
5036612,345000,2021-10-01,1408.44,0.0275,360,2021-10-01,0,345000.0
5036613,145000,2021-10-01,641.04,0.03375,360,2021-10-01,0,145000.0
5036614,185000,2021-10-01,1025.08,0.029900000000000003,240,2021-10-01,0,185000.0
5036618,505000,2021-10-01,2095.21,0.02875,360,2021-10-01,0,505000.0
5036621,155000,2021-10-01,674.57,0.0325,360,2021-10-01,0,155000.0
5036623,125000,2021-10-01,709.0,0.0325,240,2021-10-01,0,125000.0
5036624,285000,2021-10-01,1562.83,0.02875,240,2021-10-01,0,285000.0
5036626,225000,2021-10-01,947.4,0.029900000000000003,360,2021-10-01,0,225000.0
5036629,825000,2021-10-01,3534.1,0.03125,360,2021-10-01,0,825000.0
5036630,85000,2021-10-01,801.3,0.025,120,2021-10-01,0,85000.0
5036631,415000,2021-10-01,1694.21,0.0275,360,2021-10-01,0,415000.0
5036633,335000,2021-10-01,1714.62,0.02125,240,2021-10-01,0,335000.0
5036637,285000,2021-09-01,1240.34,0.0325,360,2021-09-01,0,285000.0
5036639,135000,2021-10-01,596.83,0.03375,360,2021-10-01,0,135000.0
5036643,175000,2021-10-01,1166.89,0.025,180,2021-10-01,0,175000.0
5036648,565000,2021-10-01,2232.44,0.025,360,2021-10-01,0,565000.0
5036652,175000,2021-10-01,1156.62,0.02375,180,2021-10-01,0,175000.0
5036655,535000,2021-10-01,2184.1,0.0275,360,2021-10-01,0,535000.0
5036659,295000,2021-10-01,1165.61,0.025,360,2021-10-01,0,295000.0
5036660,355000,2021-10-01,1438.0,0.0269,360,2021-10-01,0,355000.0
5036662,265000,2021-10-01,1171.56,0.03375,360,2021-10-01,0,265000.0
5036665,125000,2021-11-01,552.63,0.03375,360,2021-11-01,0,125000.0
5036669,245000,2021-11-01,1031.61,0.029900000000000003,360,2021-11-01,0,245000.0
5036673,295000,2021-10-01,1617.67,0.02875,240,2021-10-01,0,295000.0
5036674,215000,2021-08-01,921.01,0.03125,360,2021-09-01,1,214638.88583333333
5036677,195000,2021-10-01,1232.52,0.0175,180,2021-10-01,0,195000.0
5036679,305000,2021-10-01,1634.85,0.02625,240,2021-10-01,0,305000.0
5036680,485000,2021-10-01,3177.17,0.0225,180,2021-10-01,0,485000.0
5036684,255000,2021-10-01,1715.36,0.02625,180,2021-11-01,1,253842.4525
5036688,305000,2021-10-01,1284.25,0.029900000000000003,360,2021-10-01,0,305000.0
5036690,105000,2021-10-01,442.12,0.029900000000000003,360,2021-10-01,0,105000.0
5036691,595000,2021-10-01,2505.34,0.029900000000000003,360,2021-10-01,0,595000.0
5036692,205000,2021-10-01,1354.89,0.02375,180,2021-10-01,0,205000.0
5036695,295000,2021-10-01,1242.15,0.029900000000000003,360,2021-10-01,0,295000.0
5036700,105000,2021-10-01,464.21,0.03375,360,2021-10-01,0,105000.0
5036702,175000,2021-10-01,761.62,0.0325,360,2021-10-01,0,175000.0
5036703,165000,2021-10-01,904.8,0.02875,240,2021-10-01,0,165000.0
5036707,255000,2021-10-01,1073.72,0.029900000000000003,360,2021-11-01,1,254561.655
5036712,545000,2021-10-01,2409.43,0.03375,360,2021-10-01,0,545000.0
5036716,365000,2021-10-01,1536.89,0.029900000000000003,360,2021-10-01,0,365000.0
5036718,215000,2021-10-01,1433.6,0.025,180,2021-11-01,1,214014.31666666665
5036721,105000,2021-10-01,731.44,0.03125,180,2021-10-01,0,105000.0
5036726,105000,2021-10-01,449.8,0.03125,360,2021-10-01,0,105000.0
5036731,195000,2021-10-01,1080.49,0.029900000000000003,240,2021-10-01,0,195000.0
5036736,175000,2021-10-01,1125.34,0.0199,180,2021-10-01,0,175000.0
5036739,275000,2021-11-01,1157.93,0.029900000000000003,360,2021-11-01,0,275000.0
5036741,335000,2021-10-01,1345.53,0.02625,360,2021-10-01,0,335000.0
5036744,145000,2021-10-01,641.04,0.03375,360,2021-10-01,0,145000.0
5036746,135000,2021-10-01,908.14,0.02625,180,2021-10-01,0,135000.0
5036748,235000,2021-10-01,959.37,0.0275,360,2021-10-01,0,235000.0
5036749,145000,2021-10-01,975.4,0.02625,180,2021-10-01,0,145000.0
5036752,225000,2021-10-01,1002.83,0.0344,360,2021-10-01,0,225000.0
5036756,145000,2021-10-01,610.55,0.029900000000000003,360,2021-10-01,0,145000.0
5036757,245000,2021-10-01,1343.49,0.02875,240,2021-10-01,0,245000.0
5036760,135000,2021-10-01,568.44,0.029900000000000003,360,2021-10-01,0,135000.0
5036765,355000,2021-10-01,1638.18,0.029900000000000003,312,2021-10-01,0,355000.0
5036769,125000,2021-10-01,570.07,0.03625,360,2021-10-01,0,125000.0
5036774,325000,2021-10-01,1348.41,0.02875,360,2021-10-01,0,325000.0
5036777,145000,2021-10-01,621.15,0.03125,360,2021-10-01,0,145000.0
5036782,135000,2021-10-01,596.83,0.03375,360,2021-10-01,0,135000.0
5036786,225000,2021-10-01,1072.89,0.039900000000000005,360,2021-10-01,0,225000.0
5036789,345000,2021-10-01,2341.25,0.0275,180,2021-10-01,0,345000.0
5036792,115000,2021-10-01,1316.51,0.02375,96,2021-10-01,0,115000.0
5036797,185000,2021-10-01,1723.05,0.0225,120,2021-10-01,0,185000.0
5036800,305000,2021-10-01,1245.14,0.0275,360,2021-10-01,0,305000.0
5036805,85000,2021-10-01,394.41,0.0325,324,2021-10-01,0,85000.0
5036808,235000,2021-10-01,1288.65,0.02875,240,2021-10-01,0,235000.0
5036810,305000,2021-10-01,1327.38,0.0325,360,2021-10-01,0,305000.0
5036815,325000,2021-10-01,1326.79,0.0275,360,2021-10-01,0,325000.0
5036817,285000,2021-10-01,1200.04,0.029900000000000003,360,2021-10-01,0,285000.0
5036818,375000,2021-10-01,1579.0,0.029900000000000003,360,2021-10-01,0,375000.0
5036819,75000,2021-10-01,326.41,0.0325,360,2021-10-01,0,75000.0
5036824,265000,2021-10-01,1453.16,0.02875,240,2021-10-01,0,265000.0
5036828,115000,2021-11-01,540.78,0.03875,360,2021-11-01,0,115000.0
5036829,345000,2021-10-01,1549.21,0.035,360,2021-10-01,0,345000.0
5036833,215000,2021-10-01,877.72,0.0275,360,2021-11-01,1,214614.98833333334
5036838,185000,2021-10-01,1455.59,0.0325,156,2021-10-01,0,185000.0
5036842,145000,2021-10-01,621.15,0.03125,360,2021-10-01,0,145000.0
5036843,125000,2021-10-01,1171.29,0.02375,120,2021-10-01,0,125000.0
5036847,215000,2021-10-01,950.51,0.03375,360,2021-10-01,0,215000.0
5036849,255000,2021-10-01,1992.14,0.0199,144,2021-11-01,1,253430.735
5036853,475000,2021-10-01,2000.06,0.029900000000000003,360,2021-10-01,0,475000.0
5036854,135000,2021-10-01,924.2,0.02875,180,2021-10-01,0,135000.0
5036858,505000,2021-11-01,2045.61,0.0269,360,2021-11-01,0,505000.0
5036861,135000,2021-10-01,634.83,0.03875,360,2021-10-01,0,135000.0
5036862,95000,2021-10-01,655.6,0.029900000000000003,180,2021-10-01,0,95000.0
5036866,195000,2021-10-01,929.84,0.039900000000000005,360,2021-10-01,0,195000.0
5036871,155000,2021-10-01,685.25,0.03375,360,2021-10-01,0,155000.0
5036875,205000,2021-10-01,850.53,0.02875,360,2021-10-01,0,205000.0
5036880,105000,2021-11-01,575.78,0.02875,240,2021-11-01,0,105000.0
5036885,145000,2021-10-01,606.65,0.0294,360,2021-10-01,0,145000.0
5036887,175000,2021-10-01,1194.36,0.0199,168,2021-11-01,1,174095.84833333336
5036892,245000,2021-10-01,1662.63,0.0275,180,2021-10-01,0,245000.0
5036894,205000,2021-10-01,1366.92,0.025,180,2021-10-01,0,205000.0
5036899,185000,2021-10-01,1723.05,0.0225,120,2021-10-01,0,185000.0
5036904,85000,2021-10-01,835.57,0.03375,120,2021-11-01,1,84403.4925
5036908,155000,2021-10-01,1033.53,0.025,180,2021-10-01,0,155000.0
5036910,155000,2021-10-01,1443.63,0.0225,120,2021-10-01,0,155000.0
5036913,315000,2021-10-01,1317.89,0.0294,360,2021-11-01,1,314453.86
5036916,645000,2021-10-01,2785.89,0.0319,360,2021-11-01,1,643928.735
5036917,385000,2021-10-01,1621.1,0.029900000000000003,360,2021-10-01,0,385000.0
5036919,265000,2021-10-01,1073.44,0.0269,360,2021-10-01,0,265000.0
5036921,85000,2021-11-01,393.65,0.0375,360,2021-12-01,1,84871.975
5036926,575000,2021-10-01,2271.95,0.025,360,2021-10-01,0,575000.0
5036930,175000,2021-10-01,751.09,0.031400000000000004,360,2021-10-01,0,175000.0
5036935,125000,2021-10-01,510.31,0.0275,360,2021-10-01,0,125000.0
5036939,105000,2021-10-01,712.56,0.0275,180,2021-10-01,0,105000.0
5036941,225000,2021-10-01,947.4,0.029900000000000003,360,2021-10-01,0,225000.0
5036944,255000,2021-10-01,1730.49,0.0275,180,2021-10-01,0,255000.0
5036949,305000,2021-10-01,2069.8,0.0275,180,2021-10-01,0,305000.0
5036951,275000,2021-10-01,1215.77,0.03375,360,2021-10-01,0,275000.0
5036953,105000,2021-10-01,706.33,0.02625,180,2021-10-01,0,105000.0
5036954,205000,2021-10-01,836.9,0.0275,360,2021-10-01,0,205000.0
5036958,75000,2021-10-01,719.89,0.02875,120,2021-10-01,0,75000.0
5036962,155000,2021-10-01,643.09,0.02875,360,2021-10-01,0,155000.0
5036967,255000,2021-10-01,2360.65,0.02125,120,2021-10-01,0,255000.0
5036972,505000,2021-10-01,2112.8,0.0294,360,2021-10-01,0,505000.0
5036975,205000,2021-10-01,836.9,0.0275,360,2021-10-01,0,205000.0
5036979,405000,2021-10-01,1653.38,0.0275,360,2021-10-01,0,405000.0
5036984,745000,2021-10-01,3320.49,0.0344,360,2021-10-01,0,745000.0
5036989,345000,2021-10-01,1549.21,0.035,360,2021-10-01,0,345000.0
5036991,505000,2021-10-01,2095.21,0.02875,360,2021-10-01,0,505000.0
5036995,185000,2021-10-01,755.25,0.0275,360,2021-10-01,0,185000.0
5037000,165000,2021-11-01,694.76,0.029900000000000003,360,2021-11-01,0,165000.0
5037002,345000,2021-10-01,1452.68,0.029900000000000003,360,2021-11-01,1,344406.945
5037004,245000,2021-10-01,1575.47,0.0199,180,2021-10-01,0,245000.0
5037009,625000,2021-11-01,2631.66,0.029900000000000003,360,2021-11-01,0,625000.0
5037010,335000,2021-11-01,1389.89,0.02875,360,2021-12-01,1,334412.7141666667
5037013,335000,2021-10-01,1457.95,0.0325,360,2021-10-01,0,335000.0
5037018,195000,2021-11-01,848.66,0.0325,360,2021-11-01,0,195000.0
5037022,295000,2021-10-01,1984.44,0.02625,180,2021-10-01,0,295000.0
5037026,185000,2021-10-01,778.98,0.029900000000000003,360,2021-10-01,0,185000.0
5037030,315000,2021-10-01,1285.96,0.0275,360,2021-10-01,0,315000.0
5037033,585000,2021-10-01,2427.13,0.02875,360,2021-10-01,0,585000.0
5037037,165000,2021-10-01,712.67,0.0319,360,2021-10-01,0,165000.0
5037038,245000,2021-10-01,1575.47,0.0199,180,2021-10-01,0,245000.0
5037043,395000,2021-10-01,1600.03,0.0269,360,2021-11-01,1,394285.4283333333
5037046,535000,2021-10-01,2148.84,0.02625,360,2021-10-01,0,535000.0
5037047,315000,2021-11-01,1326.36,0.029900000000000003,360,2021-11-01,0,315000.0
5037052,265000,2021-10-01,1135.2,0.03125,360,2021-10-01,0,265000.0
5037056,345000,2021-10-01,1911.64,0.029900000000000003,240,2021-10-01,0,345000.0
5037059,185000,2021-10-01,1014.47,0.02875,240,2021-11-01,1,184428.75916666666
5037062,285000,2021-11-01,1200.04,0.029900000000000003,360,2021-11-01,0,285000.0
5037065,285000,2021-10-01,1240.34,0.0325,360,2021-11-01,1,284531.535
5037067,525000,2021-10-01,3975.85,0.02625,156,2021-10-01,0,525000.0
5037069,225000,2021-10-01,1233.82,0.02875,240,2021-10-01,0,225000.0
5037071,515000,2021-11-01,2276.8,0.03375,360,2021-11-01,0,515000.0
5037072,405000,2021-10-01,1875.62,0.0375,360,2021-11-01,1,404390.005
5037077,155000,2021-10-01,717.83,0.0375,360,2021-10-01,0,155000.0
5037078,185000,2021-11-01,755.25,0.0275,360,2021-11-01,0,185000.0
5037079,145000,2021-10-01,984.01,0.0275,180,2021-10-01,0,145000.0
5037083,325000,2021-10-01,1414.43,0.0325,360,2021-11-01,1,324465.7783333333
5037088,165000,2021-10-01,771.77,0.02875,300,2021-11-01,1,164623.5425
5037089,215000,2021-10-01,1433.6,0.025,180,2021-10-01,0,215000.0
5037091,215000,2021-10-01,935.7,0.0325,360,2021-11-01,1,214646.59166666665
5037092,145000,2021-10-01,958.34,0.02375,180,2021-11-01,1,144328.63916666666
5037097,255000,2021-11-01,1041.02,0.0275,360,2021-11-01,0,255000.0
5037100,235000,2021-10-01,1022.74,0.0325,360,2021-10-01,0,235000.0
5037101,405000,2021-11-01,1626.69,0.02625,360,2021-11-01,0,405000.0
5037102,145000,2021-10-01,641.04,0.03375,360,2021-10-01,0,145000.0
5037107,625000,2021-10-01,2677.35,0.03125,360,2021-10-01,0,625000.0
5037110,145000,2021-10-01,1132.79,0.0199,144,2021-10-01,0,145000.0
5037111,535000,2021-10-01,2219.68,0.02875,360,2021-10-01,0,535000.0
5037114,125000,2021-10-01,848.28,0.0275,180,2021-10-01,0,125000.0
5037119,165000,2021-10-01,764.15,0.0375,360,2021-11-01,1,164751.475
5037123,285000,2021-10-01,1200.04,0.029900000000000003,360,2021-10-01,0,285000.0
5037127,455000,2021-10-01,1797.81,0.025,360,2021-10-01,0,455000.0
5037130,205000,2021-10-01,836.9,0.0275,360,2021-10-01,0,205000.0
5037134,265000,2021-10-01,1153.3,0.0325,360,2021-10-01,0,265000.0
5037137,305000,2021-10-01,1597.7,0.02375,240,2021-10-01,0,305000.0
5037139,275000,2021-10-01,1234.88,0.035,360,2021-10-01,0,275000.0
5037144,495000,2021-11-01,2084.28,0.029900000000000003,360,2021-11-01,0,495000.0
5037147,235000,2021-11-01,959.37,0.0275,360,2021-11-01,0,235000.0
5037149,225000,2021-10-01,947.4,0.029900000000000003,360,2021-11-01,1,224613.225
5037150,225000,2021-10-01,979.22,0.0325,360,2021-10-01,0,225000.0
5037155,425000,2021-10-01,1679.27,0.025,360,2021-10-01,0,425000.0
5037159,75000,2021-10-01,500.1,0.025,180,2021-10-01,0,75000.0
5037160,175000,2021-11-01,726.07,0.02875,360,2021-11-01,0,175000.0
5037163,475000,2021-11-01,2604.72,0.02875,240,2021-11-01,0,475000.0
5037166,135000,2021-10-01,748.04,0.029900000000000003,240,2021-10-01,0,135000.0
5037171,215000,2021-11-01,892.02,0.02875,360,2021-11-01,0,215000.0
5037173,225000,2021-10-01,874.47,0.02375,360,2021-11-01,1,224570.8425
5037176,405000,2021-11-01,1705.32,0.029900000000000003,360,2021-11-01,0,405000.0
5037177,125000,2021-10-01,544.01,0.0325,360,2021-10-01,0,125000.0
5037180,355000,2021-10-01,1544.99,0.0325,360,2021-10-01,0,355000.0
5037185,125000,2021-10-01,1192.64,0.0275,120,2021-10-01,0,125000.0
5037189,205000,2021-10-01,1366.92,0.025,180,2021-10-01,0,205000.0
5037193,75000,2021-10-01,430.17,0.03375,240,2021-10-01,0,75000.0
5037198,75000,2021-10-01,306.19,0.0275,360,2021-10-01,0,75000.0
5037203,225000,2021-11-01,1513.56,0.02625,180,2021-11-01,0,225000.0
5037206,465000,2021-10-01,1929.26,0.02875,360,2021-10-01,0,465000.0
5037208,205000,2021-10-01,850.53,0.02875,360,2021-10-01,0,205000.0
5037211,205000,2021-10-01,836.9,0.0275,360,2021-10-01,0,205000.0
5037214,985000,2021-10-01,4147.49,0.029900000000000003,360,2021-10-01,0,985000.0
5037218,205000,2021-10-01,1391.18,0.0275,180,2021-10-01,0,205000.0
5037223,225000,2021-11-01,1473.95,0.0225,180,2021-11-01,0,225000.0
5037227,105000,2021-11-01,478.86,0.03625,360,2021-11-01,0,105000.0
5037232,95000,2021-10-01,544.88,0.03375,240,2021-10-01,0,95000.0
5037233,455000,2021-10-01,1857.5,0.0275,360,2021-10-01,0,455000.0
5037235,305000,2021-10-01,1284.25,0.029900000000000003,360,2021-10-01,0,305000.0
5037237,465000,2021-10-01,1837.32,0.025,360,2021-10-01,0,465000.0
5037239,235000,2021-10-01,1055.26,0.035,360,2021-10-01,0,235000.0
5037243,285000,2021-10-01,1917.17,0.02625,180,2021-10-01,0,285000.0
5037247,135000,2021-10-01,596.83,0.03375,360,2021-10-01,0,135000.0
5037249,125000,2021-11-01,518.62,0.02875,360,2022-01-01,2,124561.19330842016
5037252,225000,2021-11-01,1246.72,0.029900000000000003,240,2021-11-01,0,225000.0
5037254,255000,2021-10-01,1073.72,0.029900000000000003,360,2021-10-01,0,255000.0
5037257,295000,2021-11-01,1242.15,0.029900000000000003,360,2021-11-01,0,295000.0
5037261,525000,2021-10-01,2126.62,0.0269,360,2021-10-01,0,525000.0
5037264,135000,2021-11-01,1288.05,0.0275,120,2021-11-01,0,135000.0
5037265,205000,2021-11-01,1366.92,0.025,180,2022-02-01,3,202174.6119416811
5037266,265000,2021-11-01,996.14,0.02125,360,2021-11-01,0,265000.0
5037269,75000,2021-10-01,315.8,0.029900000000000003,360,2021-10-01,0,75000.0
5037272,75000,2021-08-01,347.34,0.0375,360,2021-09-01,1,74887.035
5037274,575000,2021-11-01,3082.08,0.02625,240,2021-11-01,0,575000.0
5037278,825000,2021-10-01,5404.45,0.0225,180,2021-10-01,0,825000.0
5037280,395000,2021-10-01,1600.03,0.0269,360,2021-10-01,0,395000.0
5037281,185000,2021-10-01,980.33,0.025,240,2021-10-01,0,185000.0
5037285,75000,2021-10-01,491.32,0.0225,180,2021-10-01,0,75000.0
5037287,545000,2021-10-01,2207.64,0.0269,360,2021-10-01,0,545000.0
5037288,175000,2021-11-01,691.47,0.025,360,2021-11-01,0,175000.0
5037289,695000,2021-11-01,2926.41,0.029900000000000003,360,2021-11-01,0,695000.0
5037291,105000,2021-10-01,706.33,0.02625,180,2021-10-01,0,105000.0
5037294,255000,2021-11-01,1057.98,0.02875,360,2021-11-01,0,255000.0
5037296,215000,2021-10-01,1395.96,0.02125,180,2021-10-01,0,215000.0
5037299,305000,2021-11-01,1284.25,0.029900000000000003,360,2021-11-01,0,305000.0
5037304,145000,2021-09-01,966.85,0.025,180,2021-09-01,0,145000.0
5037306,165000,2021-10-01,729.46,0.03375,360,2021-10-01,0,165000.0
5037310,245000,2021-11-01,1548.56,0.0175,180,2021-11-01,0,245000.0
5037313,115000,2021-10-01,1322.95,0.025,96,2021-10-01,0,115000.0
5037315,195000,2021-10-01,835.34,0.03125,360,2021-10-01,0,195000.0
5037320,465000,2021-10-01,2379.99,0.02125,240,2021-10-01,0,465000.0
5037324,115000,2021-11-01,508.42,0.03375,360,2021-11-01,0,115000.0
5037328,605000,2021-10-01,2450.68,0.0269,360,2021-10-01,0,605000.0
5037330,205000,2021-10-01,1391.18,0.0275,180,2021-10-01,0,205000.0
5037334,225000,2021-10-01,933.51,0.02875,360,2021-10-01,0,225000.0
5037336,285000,2021-11-01,1182.45,0.02875,360,2021-11-01,0,285000.0
5037340,145000,2021-11-01,651.12,0.035,360,2021-11-01,0,145000.0
5037345,205000,2021-10-01,863.19,0.029900000000000003,360,2021-10-01,0,205000.0
5037350,295000,2021-10-01,1283.86,0.0325,360,2021-10-01,0,295000.0
5037351,185000,2021-10-01,778.98,0.029900000000000003,360,2021-10-01,0,185000.0
5037355,235000,2021-10-01,989.51,0.029900000000000003,360,2021-10-01,0,235000.0
5037358,415000,2021-10-01,1612.91,0.02375,360,2021-10-01,0,415000.0
5037362,135000,2021-11-01,916.14,0.0275,180,2021-11-01,0,135000.0
5037367,285000,2021-11-01,1979.2,0.0225,168,2021-11-01,0,285000.0
5037370,345000,2021-10-01,1525.24,0.03375,360,2021-10-01,0,345000.0
5037371,95000,2021-10-01,426.6,0.035,360,2021-10-01,0,95000.0
5037374,155000,2021-10-01,1061.11,0.02875,180,2021-10-01,0,155000.0
5037377,425000,2021-10-01,1707.02,0.02625,360,2021-10-01,0,425000.0
5037382,525000,2021-11-01,2143.27,0.0275,360,2021-11-01,0,525000.0
5037384,195000,2021-10-01,1323.32,0.0275,180,2021-10-01,0,195000.0
5037389,155000,2021-11-01,674.57,0.0325,360,2021-11-01,0,155000.0
5037391,75000,2021-10-01,508.97,0.0275,180,2021-10-01,0,75000.0
5037396,405000,2021-10-01,1705.32,0.029900000000000003,360,2021-10-01,0,405000.0
5037398,185000,2021-10-01,843.7,0.03625,360,2021-11-01,1,184715.15416666665
5037399,165000,2021-10-01,1337.01,0.02625,144,2021-10-01,0,165000.0
5037400,205000,2021-10-01,1920.91,0.02375,120,2021-10-01,0,205000.0
5037401,275000,2021-10-01,1817.54,0.02375,180,2021-10-01,0,275000.0
5037403,195000,2021-10-01,889.31,0.03625,360,2021-10-01,0,195000.0
5037405,95000,2021-11-01,639.06,0.02625,180,2021-11-01,0,95000.0
5037410,765000,2021-10-01,3221.15,0.029900000000000003,360,2021-10-01,0,765000.0
5037415,155000,2021-10-01,652.66,0.029900000000000003,360,2021-10-01,0,155000.0
5037418,265000,2021-10-01,1115.83,0.029900000000000003,360,2021-10-01,0,265000.0
5037421,155000,2021-10-01,643.09,0.02875,360,2021-10-01,0,155000.0
5037425,545000,2021-10-01,2294.81,0.029900000000000003,360,2021-10-01,0,545000.0
5037429,195000,2021-11-01,929.84,0.039900000000000005,360,2021-11-01,0,195000.0
5037434,305000,2021-10-01,1225.04,0.02625,360,2021-10-01,0,305000.0
5037439,765000,2021-10-01,3022.68,0.025,360,2021-10-01,0,765000.0
5037440,515000,2021-10-01,2102.45,0.0275,360,2022-04-01,6,509434.75090866745
5037444,175000,2021-10-01,773.67,0.03375,360,2021-10-01,0,175000.0
5037447,545000,2021-10-01,2118.16,0.02375,360,2021-10-01,0,545000.0
5037450,115000,2021-11-01,766.81,0.025,180,2021-11-01,0,115000.0
5037451,255000,2021-11-01,1066.86,0.0294,360,2021-11-01,0,255000.0
5037456,445000,2021-10-01,1802.57,0.0269,360,2021-10-01,0,445000.0
5037457,405000,2021-10-01,2724.4,0.02625,180,2021-10-01,0,405000.0
5037460,145000,2021-10-01,803.45,0.029900000000000003,240,2021-10-01,0,145000.0
5037462,185000,2021-10-01,805.14,0.0325,360,2021-10-01,0,185000.0
5037467,135000,2021-10-01,615.67,0.03625,360,2021-10-01,0,135000.0
5037471,245000,2021-10-01,1999.47,0.0275,144,2021-10-01,0,245000.0
5037475,165000,2021-10-01,1574.29,0.0275,120,2021-10-01,0,165000.0
5037478,155000,2021-11-01,652.66,0.029900000000000003,360,2021-11-01,0,155000.0
5037481,455000,2021-10-01,1965.24,0.0319,360,2021-11-01,1,454244.3016666667
5037486,385000,2021-11-01,1597.34,0.02875,360,2021-11-01,0,385000.0
5037490,135000,2021-10-01,596.83,0.03375,360,2021-11-01,1,134782.8575
5037493,365000,2021-10-01,1490.09,0.0275,360,2021-10-01,0,365000.0
5037495,355000,2021-10-01,1472.87,0.02875,360,2021-10-01,0,355000.0
5037498,175000,2021-10-01,736.87,0.029900000000000003,360,2021-10-01,0,175000.0
5037500,245000,2021-10-01,1575.47,0.0199,180,2021-10-01,0,245000.0
5037503,145000,2021-10-01,641.04,0.03375,360,2021-10-01,0,145000.0
5037507,595000,2021-11-01,2505.34,0.029900000000000003,360,2021-11-01,0,595000.0
5037511,315000,2021-10-01,1224.26,0.02375,360,2021-10-01,0,315000.0
5037514,235000,2021-10-01,989.51,0.029900000000000003,360,2021-10-01,0,235000.0
5037519,165000,2021-10-01,761.41,0.029900000000000003,312,2021-10-01,0,165000.0
5037522,75000,2021-10-01,347.34,0.0375,360,2021-10-01,0,75000.0
5037525,145000,2021-10-01,1350.5,0.0225,120,2021-10-01,0,145000.0
5037527,145000,2021-10-01,610.55,0.029900000000000003,360,2021-11-01,1,144750.74166666667
5037532,375000,2021-10-01,2434.81,0.02125,180,2021-10-01,0,375000.0
5037535,305000,2021-10-01,1245.14,0.0275,360,2021-10-01,0,305000.0
5037540,505000,2021-10-01,2045.61,0.0269,360,2021-10-01,0,505000.0
5037544,285000,2021-10-01,1163.49,0.0275,360,2021-10-01,0,285000.0
5037547,215000,2021-10-01,1047.04,0.029900000000000003,288,2021-10-01,0,215000.0
5037550,215000,2021-10-01,1113.29,0.0225,240,2021-10-01,0,215000.0
5037551,265000,2021-10-01,1171.56,0.03375,360,2021-11-01,1,264573.7525
5037552,265000,2021-11-01,1751.45,0.02375,180,2021-11-01,0,265000.0
5037556,285000,2021-10-01,1200.04,0.029900000000000003,360,2021-10-01,0,285000.0
5037558,255000,2021-10-01,958.55,0.02125,360,2021-10-01,0,255000.0
5037563,185000,2021-10-01,1222.71,0.02375,180,2021-10-01,0,185000.0
5037566,125000,2021-10-01,692.63,0.029900000000000003,240,2021-10-01,0,125000.0
5037571,75000,2021-10-01,311.17,0.02875,360,2021-11-01,1,74868.5175
5037575,365000,2021-11-01,1968.11,0.0269,240,2021-11-01,0,365000.0
5037576,605000,2021-10-01,2531.17,0.0294,360,2021-10-01,0,605000.0
5037580,225000,2021-10-01,1233.82,0.02875,240,2021-10-01,0,225000.0
5037583,135000,2021-10-01,551.13,0.0275,360,2021-10-01,0,135000.0
5037587,1015000,2021-10-01,4487.28,0.03375,360,2021-10-01,0,1015000.0
5037590,325000,2021-10-01,1368.47,0.029900000000000003,360,2021-10-01,0,325000.0
5037594,145000,2021-10-01,1158.23,0.02375,144,2021-10-01,0,145000.0
5037599,1005000,2021-10-01,4373.83,0.0325,360,2021-10-01,0,1005000.0
5037603,285000,2021-10-01,1934.08,0.0275,180,2021-10-01,0,285000.0
5037604,205000,2021-10-01,863.19,0.029900000000000003,360,2021-10-01,0,205000.0
5037607,165000,2021-10-01,1100.21,0.025,180,2021-10-01,0,165000.0
5037612,515000,2021-11-01,2034.88,0.025,360,2021-11-01,0,515000.0
5037614,205000,2021-10-01,922.86,0.029900000000000003,324,2021-10-01,0,205000.0
5037617,545000,2021-10-01,2261.17,0.02875,360,2021-10-01,0,545000.0
5037618,165000,2021-10-01,1100.21,0.025,180,2021-10-01,0,165000.0
5037620,595000,2021-10-01,2410.17,0.0269,360,2021-10-01,0,595000.0
5037621,155000,2021-10-01,1015.39,0.0225,180,2021-10-01,0,155000.0
5037623,425000,2021-10-01,1908.44,0.035,360,2021-10-01,0,425000.0
5037624,125000,2021-10-01,840.87,0.02625,180,2021-10-01,0,125000.0
5037629,115000,2021-10-01,508.42,0.03375,360,2021-10-01,0,115000.0
5037634,345000,2021-11-01,1501.47,0.0325,360,2021-11-01,0,345000.0
5037636,215000,2021-10-01,905.29,0.029900000000000003,360,2021-10-01,0,215000.0
5037638,405000,2021-10-01,1705.32,0.029900000000000003,360,2021-10-01,0,405000.0
5037641,255000,2021-10-01,1057.98,0.02875,360,2021-10-01,0,255000.0
5037646,95000,2021-10-01,420.0,0.03375,360,2021-10-01,0,95000.0
