loan_id,golden_sachs,storgan_manley,smells_largo,bank_of_americans,pj_logan
5021364,102.75,102.78125,102.84375,102.8125,102.71875
5021367,0.0,0.0,0.0,0.0,0.0
5021369,100.8775,100.84625,100.84625,100.815,100.84625
5021371,101.065,101.09625,101.15875,101.1275,100.90875
5021372,102.9375,103.03125,103.03125,103.0,102.78125
5021373,0.0,0.0,0.0,0.0,0.0
5021374,101.92,101.95125,102.01375,101.9825,101.88875
5021376,103.26625,103.32875,103.32875,103.36,103.0475
5021380,0.0,0.0,0.0,0.0,0.0
5021381,102.5475,102.64125,102.64125,102.61,102.39125
5021384,97.9425,98.03625,97.97375,98.005,97.72375
5021389,95.7,95.66875,95.66875,95.73125,95.66875
5021391,103.9375,103.90625,103.90625,103.9375,103.96875
5021394,102.9225,102.95375,102.89125,102.95375,102.89125
5021398,102.34625,102.34625,102.34625,102.34625,102.315
5021400,100.5025,100.59625,100.59625,100.565,100.47125
5021405,101.47125,101.40875,101.47125,101.44,101.44
5021406,102.565,102.59625,102.53375,102.565,102.59625
5021409,100.7525,100.59625,100.72125,100.69,100.72125
5021412,98.41125,98.47375,98.53625,98.505,98.255
5021416,103.09625,103.15875,103.15875,103.1275,103.1275
5021418,100.815,100.72125,100.78375,100.7525,100.78375
5021420,100.815,100.72125,100.78375,100.7525,100.78375
5021422,98.28625,98.34875,98.41125,98.38,98.255
5021427,0.0,0.0,0.0,0.0,0.0
5021431,103.09625,103.15875,103.15875,103.1275,103.1275
5021433,100.8775,100.78375,100.84625,100.84625,100.84625
5021437,0.0,0.0,0.0,0.0,0.0
5021441,0.0,0.0,0.0,0.0,0.0
5021444,99.91125,99.97375,99.97375,99.9425,99.8175
5021446,0.0,0.0,0.0,0.0,0.0
5021450,102.36,102.32875,102.32875,102.32875,102.32875
5021451,0.0,0.0,0.0,0.0,0.0
5021455,102.2975,102.26625,102.39125,102.36,102.26625
5021456,102.2525,102.34625,102.22125,102.2525,102.28375
5021461,102.7325,102.76375,102.70125,102.70125,102.70125
5021464,0.0,0.0,0.0,0.0,0.0
5021465,103.4575,103.42625,103.55125,103.52,103.42625
5021467,102.9225,102.95375,102.89125,102.95375,102.89125
5021468,104.51625,104.57875,104.57875,104.5475,104.5475
5021472,103.1725,103.20375,103.14125,103.14125,103.14125
5021475,98.5675,98.59875,98.53625,98.53625,98.41125
5021476,98.4425,98.47375,98.41125,98.41125,98.41125
5021480,0.0,0.0,0.0,0.0,0.0
5021484,99.1925,99.28625,99.22375,99.1925,99.22375
5021487,102.8575,102.88875,102.82625,102.88875,102.82625
5021488,100.94,100.97125,101.03375,101.0025,100.90875
5021492,99.78625,99.84875,99.84875,99.8175,99.8175
5021493,101.43625,101.49875,101.56125,101.53,101.405
5021494,101.7525,101.78375,101.72125,101.72125,101.72125
5021496,0.0,0.0,0.0,0.0,0.0
5021499,99.3175,99.41125,99.28625,99.3175,99.34875
5021503,0.0,0.0,0.0,0.0,0.0
5021505,99.13,99.16125,99.16125,99.13,99.16125
5021506,101.69,101.65875,101.65875,101.65875,101.65875
5021509,0.0,0.0,0.0,0.0,0.0
5021511,102.315,102.22125,102.28375,102.2525,102.34625
5021515,103.2325,103.32625,103.20125,103.2325,103.26375
5021516,97.5675,97.53625,97.59875,97.5675,97.53625
5021518,101.7525,101.78375,101.72125,101.72125,101.72125
5021519,96.7625,96.85625,96.79375,96.7625,96.79375
5021523,0.0,0.0,0.0,0.0,0.0
5021526,103.7075,103.80125,103.80125,103.77,103.55125
5021530,102.3775,102.34625,102.40875,102.3775,102.40875
5021532,0.0,0.0,0.0,0.0,0.0
5021534,101.7525,101.78375,101.72125,101.72125,101.72125
5021537,101.7525,101.78375,101.72125,101.72125,101.72125
5021539,96.60625,96.60625,96.60625,96.60625,96.575
5021540,103.9225,104.01625,103.95375,103.9225,103.95375
5021542,103.95375,104.01625,104.01625,104.01625,103.7975
5021545,102.61,102.64125,102.64125,102.6725,102.39125
5021550,103.235,103.26625,103.20375,103.235,103.26625
5021554,99.13,99.16125,99.16125,99.13,99.16125
5021555,98.34875,98.34875,98.41125,98.38,98.1925
5021558,102.36,102.39125,102.39125,102.36,102.32875
5021561,104.51625,104.57875,104.57875,104.5475,104.5475
5021562,103.6075,103.70125,103.57625,103.6075,103.63875
5021566,102.84625,102.90875,102.84625,102.8775,102.8775
5021568,103.235,103.32875,103.26625,103.26625,103.20375
5021573,101.065,101.09625,101.09625,101.065,100.90875
5021576,99.03625,99.03625,99.03625,99.03625,99.005
5021581,0.0,0.0,0.0,0.0,0.0
5021586,101.53375,101.53375,101.59625,101.565,101.5025
5021591,102.4225,102.39125,102.45375,102.4225,102.26625
5021592,98.1925,98.22375,98.16125,98.22375,98.16125
5021597,104.36,104.32875,104.39125,104.39125,104.32875
5021598,0.0,0.0,0.0,0.0,0.0
5021603,97.47375,97.47375,97.53625,97.505,97.4425
5021606,103.82875,103.89125,103.89125,103.89125,103.7975
5021610,104.26625,104.32875,104.26625,104.2975,104.2975
5021612,0.0,0.0,0.0,0.0,0.0
5021613,101.8775,101.90875,101.84625,101.90875,101.84625
5021617,97.8175,97.78625,97.84875,97.88,97.59875
5021621,102.40875,102.47125,102.47125,102.47125,102.3775
5021625,97.29375,97.29375,97.29375,97.2625,97.325
5021630,103.235,103.32875,103.26625,103.26625,103.20375
5021631,101.065,101.09625,101.03375,101.065,100.97125
5021636,95.79375,95.79375,95.85625,95.825,95.7625
5021638,102.485,102.51625,102.51625,102.5475,102.39125
5021642,101.065,101.09625,101.03375,101.065,100.97125
5021647,101.3775,101.40875,101.34625,101.40875,101.34625
5021651,101.5025,101.53375,101.47125,101.53375,101.47125
5021652,97.9425,98.03625,97.97375,98.005,97.72375
5021657,100.94,100.84625,100.90875,100.94,100.84625
5021662,101.0025,100.97125,100.97125,101.0025,100.90875
5021663,101.1275,101.22125,101.15875,101.19,101.03375
5021664,101.94,102.03375,101.90875,101.97125,101.90875
5021665,102.565,102.59625,102.53375,102.565,102.59625
5021667,102.565,102.59625,102.59625,102.565,102.47125
5021670,95.2625,95.23125,95.23125,95.2625,95.16875
5021673,0.0,0.0,0.0,0.0,0.0
5021675,97.8175,97.78625,97.78625,97.8175,97.59875
5021676,101.1275,101.09625,101.15875,101.19,100.90875
5021679,102.95375,102.95375,103.01625,102.985,102.9225
5021684,102.61,102.64125,102.64125,102.6725,102.39125
5021688,100.8775,100.84625,100.90875,100.8775,100.84625
5021693,101.065,101.09625,101.03375,101.065,100.97125
5021697,102.39125,102.45375,102.51625,102.485,102.235
5021702,102.36,102.39125,102.45375,102.4225,102.32875
5021705,0.0,0.0,0.0,0.0,0.0
5021708,101.7975,101.76625,101.82875,101.7975,101.76625
5021709,101.53375,101.53375,101.59625,101.565,101.5025
5021713,102.44,102.47125,102.40875,102.3775,102.47125
5021715,97.755,97.78625,97.72375,97.755,97.66125
5021719,103.375,103.46875,103.34375,103.40625,103.34375
5021720,97.5675,97.53625,97.59875,97.5675,97.53625
5021722,101.0025,100.97125,100.97125,100.94,100.84625
5021725,102.19,102.22125,102.15875,102.19,102.22125
5021727,100.94,100.97125,100.97125,100.94,100.90875
5021731,102.565,102.59625,102.53375,102.565,102.59625
5021733,0.0,0.0,0.0,0.0,0.0
5021737,100.94,100.97125,101.03375,101.0025,100.90875
5021740,101.0025,101.09625,101.09625,101.065,100.97125
5021742,102.2525,102.34625,102.22125,102.2525,102.28375
5021745,0.0,0.0,0.0,0.0,0.0
5021749,101.03375,101.03375,101.09625,101.065,101.0025
5021753,103.13875,103.20125,103.13875,103.20125,103.1075
5021754,101.0025,101.09625,101.09625,101.065,100.97125
5021758,100.94,100.97125,100.97125,100.94,100.90875
5021763,100.28375,100.28375,100.34625,100.315,100.2525
5021768,98.63,98.72375,98.66125,98.66125,98.47375
5021772,0.0,0.0,0.0,0.0,0.0
5021777,101.565,101.59625,101.65875,101.69,101.47125
5021782,102.2525,102.34625,102.22125,102.2525,102.28375
5021787,102.15875,102.22125,102.15875,102.22125,102.1275
5021792,0.0,0.0,0.0,0.0,0.0
5021796,104.0475,104.14125,104.01625,104.0475,104.07875
5021800,102.875,102.90625,102.84375,102.875,102.78125
5021803,102.72125,102.78375,102.78375,102.7525,102.6275
5021804,103.6725,103.76625,103.64125,103.6725,103.70375
5021808,101.065,101.09625,101.15875,101.1275,100.90875
5021812,101.065,101.09625,101.03375,101.065,100.97125
5021815,96.6375,96.60625,96.60625,96.575,96.66875
5021819,102.5025,102.47125,102.47125,102.5025,102.53375
5021823,0.0,0.0,0.0,0.0,0.0
5021827,98.28625,98.34875,98.41125,98.38,98.255
5021832,103.09625,103.15875,103.15875,103.1275,103.1275
5021835,104.4375,104.53125,104.46875,104.4375,104.34375
5021836,103.7975,103.76625,103.76625,103.735,103.82875
5021841,0.0,0.0,0.0,0.0,0.0
5021844,102.15875,102.22125,102.15875,102.22125,102.1275
5021847,103.13875,103.20125,103.13875,103.20125,103.1075
5021848,102.045,102.07625,102.07625,102.045,101.88875
5021852,101.59625,101.65875,101.72125,101.69,101.565
5021853,0.0,0.0,0.0,0.0,0.0
5021854,103.51375,103.57625,103.57625,103.57625,103.3575
5021857,94.575,94.60625,94.60625,94.6375,94.48125
5021862,103.46875,103.46875,103.46875,103.5,103.375
5021866,102.19,102.22125,102.15875,102.19,102.22125
5021871,101.65875,101.65875,101.65875,101.69,101.565
5021874,100.94,100.97125,101.03375,101.0025,100.90875
5021879,105.145,105.17625,105.11375,105.145,105.17625
5021881,97.63,97.66125,97.72375,97.6925,97.59875
5021882,0.0,0.0,0.0,0.0,0.0
5021886,99.4425,99.47375,99.47375,99.53625,99.41125
5021887,100.2525,100.34625,100.34625,100.315,100.22125
5021888,102.70125,102.76375,102.82625,102.795,102.545
5021891,97.005,97.03625,97.03625,97.0675,96.91125
5021894,98.34875,98.34875,98.34875,98.38,98.255
5021899,103.36,103.45375,103.39125,103.39125,103.20375
5021902,102.36,102.26625,102.39125,102.36,102.20375
5021907,102.2525,102.22125,102.28375,102.315,102.15875
5021910,101.72125,101.78375,101.84625,101.815,101.565
5021912,103.6725,103.76625,103.64125,103.6725,103.70375
5021915,101.03,101.06125,100.99875,101.03,100.81125
5021920,98.5675,98.59875,98.59875,98.59875,98.41125
5021921,101.0025,100.97125,100.97125,101.0025,100.90875
5021923,101.61,101.64125,101.70375,101.6725,101.57875
5021925,104.52,104.61375,104.48875,104.55125,104.48875
5021929,102.4225,102.39125,102.39125,102.4225,102.32875
5021930,102.065,102.15875,102.03375,102.09625,101.90875
5021933,102.5475,102.64125,102.64125,102.61,102.39125
5021938,101.065,101.09625,101.03375,101.065,100.97125
5021939,0.0,0.0,0.0,0.0,0.0
5021944,101.19,101.22125,101.22125,101.2525,100.97125
5021946,101.86,101.89125,101.95375,101.9225,101.82875
5021949,103.07875,103.07875,103.07875,103.11,102.985
5021950,104.0475,104.14125,104.01625,104.0475,104.07875
5021951,102.3775,102.34625,102.34625,102.315,102.40875
5021955,102.51625,102.57875,102.64125,102.61,102.485
5021957,102.84625,102.90875,102.84625,102.8775,102.8775
5021961,101.0025,100.97125,100.97125,101.0025,100.90875
5021965,98.38,98.34875,98.34875,98.34875,98.34875
5021970,99.53625,99.59875,99.53625,99.5675,99.5675
5021973,0.0,0.0,0.0,0.0,0.0
5021974,102.6275,102.59625,102.59625,102.6275,102.53375
5021979,101.94,102.03375,101.90875,101.97125,101.90875
5021983,101.065,101.09625,101.15875,101.1275,100.90875
5021987,102.36,102.39125,102.39125,102.36,102.32875
5021990,101.065,101.09625,101.03375,101.065,100.97125
5021994,103.485,103.57875,103.45375,103.51625,103.32875
5021998,103.15875,103.15875,103.15875,103.1275,103.065
5022001,102.315,102.22125,102.28375,102.2525,102.34625
5022003,97.8175,97.91125,97.91125,97.88,97.66125
5022007,98.84875,98.91125,98.84875,98.91125,98.8175
5022011,97.5675,97.53625,97.59875,97.5675,97.53625
5022012,100.8775,100.84625,100.90875,100.8775,100.84625
5022015,100.3675,100.46125,100.39875,100.3675,100.27375
5022017,103.57875,103.64125,103.57875,103.64125,103.5475
5022021,0.0,0.0,0.0,0.0,0.0
5022024,0.0,0.0,0.0,0.0,0.0
5022028,102.1275,102.09625,102.09625,102.1275,102.15875
5022033,102.065,102.09625,102.03375,102.065,102.09625
5022038,97.29375,97.29375,97.29375,97.2625,97.325
5022040,103.07875,103.07875,103.07875,103.11,102.985
5022045,101.815,101.78375,101.78375,101.78375,101.65875
5022047,101.65875,101.65875,101.65875,101.69,101.565
5022050,101.0025,100.97125,100.97125,101.0025,100.90875
5022054,101.0025,100.97125,100.97125,101.0025,100.90875
5022058,102.565,102.59625,102.53375,102.565,102.59625
5022063,104.0475,104.14125,104.07875,104.0475,103.95375
5022066,102.15875,102.22125,102.15875,102.22125,102.1275
5022069,103.22125,103.28375,103.28375,103.2525,103.1275
5022071,101.84625,101.90875,101.90875,101.94,101.6275
5022075,102.69,102.72125,102.78375,102.7525,102.72125
5022079,102.61,102.64125,102.64125,102.6725,102.39125
5022081,104.51625,104.57875,104.57875,104.5475,104.5475
5022084,104.1725,104.20375,104.20375,104.26625,104.14125
5022088,0.0,0.0,0.0,0.0,0.0
5022093,101.065,101.09625,101.15875,101.1275,100.90875
5022094,101.8775,101.90875,101.90875,101.90875,101.72125
5022099,101.065,101.09625,101.09625,101.065,100.90875
5022102,102.9225,102.95375,102.89125,102.95375,102.89125
5022103,101.8775,101.90875,101.84625,101.90875,101.84625
5022107,103.22125,103.28375,103.28375,103.2525,103.1275
5022112,103.1725,103.26625,103.20375,103.1725,103.20375
5022113,102.3775,102.34625,102.34625,102.315,102.40875
5022114,100.90875,100.90875,100.90875,100.94,100.815
5022118,103.09625,103.15875,103.15875,103.1275,103.1275
5022121,0.0,0.0,0.0,0.0,0.0
5022122,101.065,101.09625,101.03375,101.065,100.97125
5022125,98.255,98.34875,98.22375,98.28625,98.22375
5022130,102.565,102.59625,102.59625,102.565,102.47125
5022131,102.5025,102.47125,102.53375,102.5025,102.40875
5022133,97.5675,97.53625,97.53625,97.505,97.53625
5022138,97.88,97.91125,97.91125,97.9425,97.66125
5022141,102.485,102.51625,102.45375,102.485,102.39125
5022142,103.03375,103.03375,103.03375,103.0025,103.065
5022145,102.2525,102.22125,102.28375,102.315,102.15875
5022146,101.72125,101.78375,101.84625,101.815,101.565
5022151,103.75,103.84375,103.78125,103.78125,103.59375
5022154,99.91125,99.97375,99.97375,99.9425,99.8175
5022157,98.41125,98.47375,98.53625,98.505,98.255
5022161,102.565,102.59625,102.59625,102.565,102.47125
5022165,96.6375,96.60625,96.60625,96.575,96.66875
5022166,103.36,103.45375,103.32875,103.39125,103.32875
5022171,103.985,104.01625,104.01625,103.985,103.89125
5022176,103.985,104.01625,104.01625,103.985,103.89125
5022181,102.7525,102.84625,102.72125,102.7525,102.65875
5022185,99.1925,99.16125,99.22375,99.1925,99.09875
5022189,103.6725,103.76625,103.64125,103.6725,103.70375
5022190,102.44,102.47125,102.40875,102.3775,102.47125
5022195,102.6275,102.72125,102.65875,102.6275,102.53375
5022196,95.91875,95.91875,95.91875,95.95,95.825
5022199,95.3875,95.35625,95.41875,95.45,95.16875
5022201,0.0,0.0,0.0,0.0,0.0
5022206,101.565,101.65875,101.53375,101.59625,101.53375
5022209,99.3175,99.41125,99.34875,99.3175,99.22375
5022211,99.91125,99.97375,99.97375,99.9425,99.8175
5022212,0.0,0.0,0.0,0.0,0.0
5022217,101.59625,101.65875,101.72125,101.69,101.565
5022218,101.65875,101.65875,101.65875,101.69,101.565
5022222,99.255,99.28625,99.28625,99.255,99.16125
5022226,99.3175,99.41125,99.34875,99.3175,99.22375
5022229,102.6275,102.72125,102.65875,102.6275,102.53375
5022231,0.0,0.0,0.0,0.0,0.0
5022234,103.6075,103.70125,103.63875,103.6075,103.51375
5022235,0.0,0.0,0.0,0.0,0.0
5022238,103.5825,103.55125,103.55125,103.5825,103.48875
5022239,104.0475,104.14125,104.07875,104.0475,103.95375
5022243,97.6925,97.66125,97.66125,97.6925,97.59875
5022244,102.6275,102.72125,102.65875,102.6275,102.53375
5022246,99.3175,99.41125,99.34875,99.3175,99.22375
5022251,102.565,102.59625,102.59625,102.565,102.47125
5022256,102.6275,102.72125,102.59625,102.6275,102.65875
5022259,102.53375,102.59625,102.53375,102.59625,102.5025
5022264,100.2525,100.34625,100.34625,100.315,100.22125
5022269,104.1725,104.20375,104.20375,104.26625,104.14125
5022273,102.4225,102.39125,102.39125,102.4225,102.32875
5022275,102.4225,102.39125,102.39125,102.4225,102.32875
5022277,103.15875,103.15875,103.15875,103.1275,103.065
5022281,101.65875,101.65875,101.65875,101.69,101.565
5022283,104.64125,104.70375,104.64125,104.6725,104.6725
5022285,102.5025,102.47125,102.47125,102.44,102.40875
5022288,97.755,97.78625,97.78625,97.755,97.59875
5022293,103.07875,103.07875,103.07875,103.11,102.985
5022295,101.59625,101.65875,101.72125,101.69,101.565
5022296,104.64125,104.70375,104.64125,104.6725,104.6725
5022297,103.2325,103.20125,103.26375,103.295,103.13875
5022301,98.9425,98.91125,98.97375,99.005,98.84875
5022304,101.8775,101.90875,101.90875,101.90875,101.72125
5022307,103.5825,103.55125,103.55125,103.5825,103.48875
5022308,103.5,103.46875,103.46875,103.46875,103.46875
5022311,102.7525,102.78375,102.78375,102.84625,102.72125
5022315,101.065,101.09625,101.03375,101.065,100.97125
5022316,101.65875,101.65875,101.72125,101.69,101.5025
5022318,102.44,102.47125,102.40875,102.3775,102.47125
5022323,102.485,102.51625,102.45375,102.485,102.39125
5022327,101.065,101.09625,101.15875,101.1275,100.90875
5022330,0.0,0.0,0.0,0.0,0.0
5022332,97.755,97.78625,97.72375,97.755,97.66125
5022334,102.4225,102.51625,102.51625,102.485,102.39125
5022335,102.2325,102.32625,102.26375,102.295,102.01375
5022337,101.065,101.09625,101.15875,101.1275,100.90875
5022340,100.84625,100.90875,100.97125,100.94,100.815
5022342,97.755,97.78625,97.72375,97.755,97.66125
5022347,102.565,102.59625,102.53375,102.565,102.59625
5022349,101.1275,101.09625,101.15875,101.19,100.90875
5022352,101.5025,101.53375,101.47125,101.53375,101.47125
5022353,0.0,0.0,0.0,0.0,0.0
5022355,100.8775,100.84625,100.90875,100.8775,100.84625
5022357,103.34625,103.40875,103.34625,103.3775,103.2525
5022362,102.485,102.51625,102.45375,102.485,102.39125
5022363,101.5025,101.53375,101.47125,101.53375,101.47125
5022368,98.63,98.72375,98.66125,98.66125,98.47375
5022372,101.405,101.49875,101.37375,101.43625,101.37375
5022374,103.4225,103.39125,103.39125,103.4225,103.45375
5022379,101.0025,101.09625,101.09625,101.065,100.97125
5022383,103.985,104.01625,103.95375,103.985,104.01625
5022388,101.065,101.09625,101.03375,101.065,100.97125
5022391,102.6275,102.72125,102.65875,102.6275,102.53375
5022396,103.985,104.01625,104.01625,103.985,103.89125
5022398,0.0,0.0,0.0,0.0,0.0
5022402,101.1275,101.09625,101.09625,101.1275,100.90875
5022405,101.65875,101.65875,101.65875,101.69,101.565
5022408,96.6375,96.60625,96.60625,96.575,96.66875
5022411,102.2525,102.22125,102.28375,102.315,102.15875
5022414,98.63,98.72375,98.66125,98.66125,98.47375
5022418,102.19,102.22125,102.15875,102.19,102.22125
5022420,102.6725,102.76625,102.70375,102.735,102.45375
5022421,98.53625,98.59875,98.59875,98.63,98.3175
5022422,98.13,98.22375,98.09875,98.16125,98.09875
5022423,102.53375,102.59625,102.59625,102.59625,102.3775
5022428,102.5025,102.47125,102.53375,102.5025,102.40875
5022432,101.19,101.28375,101.15875,101.22125,101.15875
5022434,101.1275,101.22125,101.22125,101.19,100.97125
5022439,98.9425,98.91125,98.97375,99.005,98.84875
5022442,98.53625,98.59875,98.59875,98.63,98.3175
5022445,0.0,0.0,0.0,0.0,0.0
5022448,102.19,102.22125,102.15875,102.19,102.22125
5022450,96.5125,96.60625,96.48125,96.5125,96.54375
5022454,102.2975,102.26625,102.32875,102.2975,102.26625
5022456,98.9425,99.03625,98.91125,98.9425,98.97375
5022459,102.3775,102.34625,102.34625,102.315,102.40875
5022462,103.22125,103.28375,103.28375,103.2525,103.1275
5022467,102.545,102.63875,102.51375,102.57625,102.51375
5022468,97.8175,97.78625,97.78625,97.88,97.72375
5022472,103.545,103.57625,103.51375,103.4825,103.45125
5022474,0.0,0.0,0.0,0.0,0.0
5022475,102.53375,102.59625,102.59625,102.59625,102.3775
5022479,102.36,102.39125,102.39125,102.36,102.32875
5022481,102.36,102.26625,102.32875,102.2975,102.20375
5022484,102.6275,102.72125,102.65875,102.6275,102.53375
5022485,101.53375,101.53375,101.59625,101.565,101.5025
5022490,103.2975,103.32875,103.26625,103.26625,103.14125
5022493,101.53375,101.53375,101.59625,101.565,101.5025
5022494,97.755,97.78625,97.84875,97.8175,97.59875
5022498,99.255,99.28625,99.22375,99.1925,99.16125
5022501,0.0,0.0,0.0,0.0,0.0
5022502,104.0475,104.14125,104.01625,104.0475,104.07875
5022507,99.8175,99.84875,99.91125,99.91125,99.66125
5022509,102.5625,102.53125,102.53125,102.625,102.46875
5022514,101.1275,101.22125,101.22125,101.19,100.97125
5022518,102.565,102.59625,102.59625,102.565,102.47125
5022521,101.2525,101.34625,101.28375,101.315,101.03375
5022526,97.63,97.53625,97.59875,97.5675,97.47375
5022529,102.565,102.59625,102.59625,102.565,102.47125
5022533,104.87875,104.87875,104.94125,104.91,104.7225
5022535,102.44,102.47125,102.40875,102.3775,102.47125
5022538,104.1725,104.26625,104.14125,104.1725,104.07875
5022540,99.91125,99.97375,99.97375,99.9425,99.8175
5022544,104.26625,104.32875,104.26625,104.2975,104.2975
5022548,99.0675,99.03625,99.09875,99.0675,99.09875
5022549,102.5025,102.47125,102.53375,102.5025,102.40875
5022554,101.09625,101.15875,101.22125,101.19,101.065
5022556,102.44,102.47125,102.40875,102.3775,102.47125
5022557,102.84625,102.90875,102.84625,102.8775,102.8775
5022558,103.15875,103.15875,103.15875,103.1275,103.065
5022563,101.53375,101.53375,101.59625,101.565,101.5025
5022565,100.815,100.84625,100.78375,100.8775,100.72125
5022566,102.235,102.26625,102.20375,102.2975,102.14125
5022568,103.2975,103.32875,103.32875,103.32875,103.14125
5022573,101.1275,101.22125,101.15875,101.19,101.03375
5022578,104.0475,104.14125,104.07875,104.0475,103.95375
5022582,103.22125,103.28375,103.22125,103.2525,103.2525
5022583,97.8175,97.78625,97.78625,97.8175,97.59875
5022584,101.94,102.03375,101.97125,101.97125,101.78375
5022586,100.815,100.84625,100.78375,100.8775,100.72125
5022590,103.9225,103.89125,103.89125,103.86,103.82875
5022591,102.44,102.47125,102.40875,102.3775,102.47125
5022596,102.44,102.47125,102.40875,102.3775,102.47125
5022597,102.44,102.47125,102.40875,102.3775,102.47125
5022601,101.1275,101.09625,101.15875,101.19,100.90875
5022604,97.88,97.91125,97.91125,97.9425,97.66125
5022608,102.44,102.47125,102.40875,102.3775,102.47125
5022611,100.8775,100.84625,100.90875,100.8775,100.84625
5022615,96.6375,96.60625,96.60625,96.575,96.66875
5022617,101.78375,101.78375,101.78375,101.815,101.565
5022621,100.8775,100.84625,100.90875,100.8775,100.84625
5022622,101.065,101.09625,101.09625,101.065,100.90875
5022625,99.255,99.28625,99.28625,99.255,99.16125
5022629,103.22125,103.28375,103.22125,103.2525,103.2525
5022633,102.44,102.34625,102.40875,102.3775,102.34625
5022638,102.1075,102.20125,102.20125,102.17,101.95125
5022641,0.0,0.0,0.0,0.0,0.0
5022643,102.6725,102.76625,102.70375,102.735,102.45375
5022644,101.0025,100.97125,101.03375,101.0025,100.84625
5022649,102.235,102.26625,102.20375,102.2975,102.14125
5022654,0.0,0.0,0.0,0.0,0.0
5022658,0.0,0.0,0.0,0.0,0.0
5022663,0.0,0.0,0.0,0.0,0.0
5022666,102.2975,102.26625,102.32875,102.2975,102.26625
5022671,104.395,104.48875,104.42625,104.42625,104.36375
5022672,97.48125,97.54375,97.48125,97.5125,97.5125
5022677,98.4425,98.47375,98.47375,98.47375,98.41125
5022678,95.325,95.35625,95.35625,95.325,95.16875
5022682,100.1275,100.09625,100.15875,100.1275,100.09625
5022687,100.94,100.97125,100.97125,100.94,100.90875
5022692,103.6075,103.70125,103.63875,103.6075,103.51375
5022694,101.59625,101.53375,101.59625,101.565,101.44
5022697,101.19,101.22125,101.22125,101.2525,100.97125
5022701,102.8125,102.78125,102.90625,102.875,102.65625
5022703,101.0025,100.97125,101.03375,101.0025,100.84625
5022704,101.19,101.22125,101.22125,101.2525,100.97125
5022709,105.25,105.28125,105.28125,105.3125,105.28125
5022711,102.565,102.59625,102.53375,102.5025,102.47125
5022714,104.64125,104.70375,104.70375,104.6725,104.5475
5022719,101.815,101.90875,101.84625,101.84625,101.78375
5022721,100.94,100.97125,100.97125,100.94,100.90875
5022722,0.0,0.0,0.0,0.0,0.0
5022725,98.28625,98.34875,98.41125,98.38,98.255
5022728,102.36,102.39125,102.39125,102.36,102.32875
5022731,103.7975,103.76625,103.76625,103.735,103.82875
5022733,97.88,97.91125,97.91125,97.9425,97.66125
5022738,0.0,0.0,0.0,0.0,0.0
5022742,98.88,98.91125,98.84875,98.88,98.91125
5022743,102.36,102.26625,102.32875,102.36,102.26625
5022748,98.5675,98.59875,98.59875,98.59875,98.41125
5022753,100.94,100.97125,100.97125,100.94,100.90875
5022758,95.2,95.23125,95.23125,95.2,95.16875
5022762,101.6275,101.72125,101.59625,101.6275,101.65875
5022764,0.0,0.0,0.0,0.0,0.0
5022768,97.505,97.41125,97.47375,97.4425,97.47375
5022770,101.84625,101.90875,101.90875,101.94,101.6275
5022772,102.4225,102.39125,102.39125,102.4225,102.32875
5022775,102.3775,102.34625,102.34625,102.315,102.40875
5022777,101.1275,101.22125,101.22125,101.19,100.97125
5022781,104.0475,104.14125,104.01625,104.0475,104.07875
5022786,100.94,100.97125,100.97125,100.94,100.90875
5022790,104.57875,104.57875,104.57875,104.5475,104.485
5022791,100.44,100.47125,100.40875,100.5025,100.34625
5022794,102.0925,102.18625,102.06125,102.0925,102.12375
5022796,96.7625,96.73125,96.73125,96.7,96.66875
5022797,101.65875,101.65875,101.72125,101.69,101.5025
5022802,102.96875,102.96875,103.03125,103.0,102.8125
5022807,102.2525,102.34625,102.22125,102.2525,102.28375
5022809,102.565,102.59625,102.59625,102.565,102.47125
5022811,0.0,0.0,0.0,0.0,0.0
5022816,102.06125,102.12375,102.06125,102.0925,102.0925
5022819,103.22125,103.28375,103.28375,103.2525,103.1275
5022823,103.82625,103.88875,103.82625,103.8575,103.8575
5022824,0.0,0.0,0.0,0.0,0.0
5022827,0.0,0.0,0.0,0.0,0.0
5022829,104.20125,104.26375,104.26375,104.2325,104.1075
5022832,102.5475,102.64125,102.64125,102.61,102.39125
5022833,100.94,100.97125,100.97125,100.94,100.90875
5022834,104.20125,104.26375,104.20125,104.2325,104.2325
5022838,102.84625,102.90875,102.84625,102.8775,102.8775
5022841,102.8575,102.88875,102.88875,102.88875,102.70125
5022846,101.19,101.22125,101.15875,101.2525,101.09625
5022847,104.26625,104.32875,104.26625,104.2975,104.2975
5022848,103.86,103.89125,103.82875,103.7975,103.89125
5022853,97.505,97.53625,97.47375,97.5675,97.41125
5022856,101.815,101.78375,101.84625,101.84625,101.65875
5022858,102.6275,102.59625,102.59625,102.6275,102.53375
5022863,0.0,0.0,0.0,0.0,0.0
5022868,103.985,104.01625,104.01625,103.985,103.89125
5022871,97.63,97.66125,97.66125,97.63,97.59875
5022874,102.485,102.51625,102.57875,102.5475,102.32875
5022875,99.91125,99.97375,99.97375,99.9425,99.8175
5022879,99.3175,99.41125,99.28625,99.3175,99.34875
5022882,101.53375,101.53375,101.59625,101.565,101.5025
5022887,100.505,100.53625,100.59875,100.5675,100.41125
5022891,100.815,100.84625,100.78375,100.8775,100.72125
5022892,0.0,0.0,0.0,0.0,0.0
5022893,102.0025,102.09625,102.03375,102.0025,102.03375
5022896,102.93625,102.99875,102.99875,102.9675,102.9675
5022898,102.3775,102.34625,102.34625,102.315,102.40875
5022902,103.22125,103.28375,103.28375,103.2525,103.1275
5022903,102.61,102.64125,102.57875,102.6725,102.51625
5022904,100.8775,100.84625,100.90875,100.8775,100.84625
5022907,102.6275,102.72125,102.59625,102.6275,102.65875
5022911,101.19,101.22125,101.22125,101.2525,100.97125
5022912,0.0,0.0,0.0,0.0,0.0
5022914,103.7325,103.82625,103.70125,103.7325,103.63875
5022915,102.2975,102.26625,102.32875,102.2975,102.26625
5022919,102.84625,102.90875,102.84625,102.8775,102.8775
5022924,101.065,101.09625,101.15875,101.1275,100.90875
5022925,102.2975,102.26625,102.32875,102.2975,102.26625
5022926,102.5025,102.59625,102.53375,102.5025,102.53375
5022930,97.9425,98.03625,97.91125,98.005,97.84875
5022931,98.5675,98.59875,98.59875,98.59875,98.41125
5022935,103.06125,103.12375,103.12375,103.0925,102.9675
5022938,102.5025,102.59625,102.53375,102.5025,102.53375
5022941,102.2975,102.39125,102.26625,102.36,102.20375
5022943,103.9225,103.89125,103.95375,103.9225,103.82875
5022948,102.485,102.51625,102.51625,102.485,102.32875
5022951,100.8775,100.84625,100.90875,100.8775,100.84625
5022954,101.0025,101.09625,101.09625,101.065,100.97125
5022955,99.1925,99.28625,99.22375,99.1925,99.22375
5022958,96.48125,96.54375,96.48125,96.5125,96.5125
5022960,102.84625,102.90875,102.84625,102.8775,102.8775
5022961,99.78625,99.84875,99.84875,99.8175,99.8175
5022965,97.63,97.66125,97.66125,97.63,97.59875
5022970,105.2075,105.30125,105.23875,105.2075,105.11375
5022975,102.2975,102.39125,102.26625,102.36,102.20375
5022978,102.36,102.39125,102.39125,102.36,102.32875
5022980,103.9225,104.01625,103.95375,103.9225,103.95375
5022981,100.8775,100.97125,100.84625,100.94,100.78375
5022986,103.235,103.20375,103.26625,103.26625,103.07875
5022991,103.36,103.45375,103.39125,103.39125,103.20375
5022994,101.94,102.03375,101.97125,101.97125,101.78375
5022997,103.815,103.84625,103.84625,103.8775,103.84625
5023001,102.5025,102.47125,102.47125,102.5025,102.53375
5023006,95.5125,95.60625,95.48125,95.575,95.41875
5023008,100.8775,100.97125,100.84625,100.94,100.78375
5023010,101.94,102.03375,101.97125,101.97125,101.78375
5023012,102.5025,102.59625,102.53375,102.5025,102.53375
5023014,101.8575,101.95125,101.82625,101.92,101.76375
5023018,105.11,105.14125,105.20375,105.1725,105.14125
5023020,102.44,102.47125,102.47125,102.44,102.47125
5023025,97.755,97.78625,97.78625,97.755,97.59875
5023026,100.8775,100.97125,100.84625,100.94,100.78375
5023031,101.72125,101.78375,101.84625,101.815,101.565
5023036,102.3775,102.34625,102.40875,102.3775,102.40875
5023038,101.8575,101.95125,101.82625,101.92,101.76375
5023039,102.2975,102.39125,102.26625,102.36,102.20375
5023044,102.44,102.47125,102.47125,102.44,102.47125
5023046,102.44,102.47125,102.40875,102.3775,102.47125
5023050,102.405,102.43625,102.37375,102.405,102.43625
5023052,97.53625,97.59875,97.53625,97.63,97.4425
5023057,97.88,97.91125,97.91125,97.9425,97.66125
5023060,102.565,102.59625,102.53375,102.565,102.59625
5023062,102.4225,102.51625,102.51625,102.485,102.39125
5023064,103.22125,103.28375,103.28375,103.2525,103.1275
5023066,102.5025,102.59625,102.53375,102.5025,102.53375
5023071,101.84625,101.90875,101.90875,101.94,101.6275
5023072,96.1375,96.16875,96.16875,96.16875,95.98125
5023076,0.0,0.0,0.0,0.0,0.0
5023079,95.3875,95.48125,95.48125,95.45,95.23125
5023084,100.8775,100.84625,100.90875,100.8775,100.84625
5023086,103.86,103.89125,103.89125,103.985,103.76625
5023090,101.72125,101.78375,101.84625,101.815,101.565
5023093,100.315,100.34625,100.34625,100.3775,100.22125
5023097,103.09625,103.15875,103.15875,103.1275,103.1275
5023100,97.0675,97.03625,97.03625,97.13,96.97375
5023101,102.95375,102.95375,103.01625,102.985,102.9225
5023104,102.44,102.47125,102.47125,102.44,102.47125
5023107,102.3425,102.43625,102.37375,102.3425,102.37375
5023111,101.65875,101.65875,101.72125,101.69,101.5025
5023114,103.03375,103.03375,103.03375,103.0025,103.065
5023117,102.6725,102.76625,102.70375,102.735,102.45375
5023121,101.53375,101.53375,101.59625,101.565,101.5025
5023126,102.065,102.09625,102.03375,102.065,102.09625
5023130,102.235,102.14125,102.26625,102.235,102.20375
5023132,100.815,100.84625,100.78375,100.8775,100.72125
5023137,100.815,100.84625,100.78375,100.8775,100.72125
5023138,100.815,100.84625,100.78375,100.8775,100.72125
5023142,101.0025,100.97125,101.03375,101.0025,100.84625
5023144,102.61,102.64125,102.57875,102.6725,102.51625
5023148,101.19,101.22125,101.22125,101.2525,100.97125
5023149,0.0,0.0,0.0,0.0,0.0
5023153,102.235,102.26625,102.20375,102.2975,102.14125
5023154,0.0,0.0,0.0,0.0,0.0
5023157,100.8775,100.84625,100.90875,100.8775,100.84625
5023159,101.1275,101.22125,101.15875,101.19,101.03375
5023160,0.0,0.0,0.0,0.0,0.0
5023164,99.255,99.28625,99.22375,99.255,99.28625
5023167,0.0,0.0,0.0,0.0,0.0
5023171,98.0125,97.98125,98.04375,98.0125,97.91875
5023175,102.5025,102.59625,102.53375,102.5025,102.53375
5023180,103.9225,104.01625,103.95375,103.9225,103.95375
5023185,95.5125,95.60625,95.48125,95.575,95.41875
5023187,102.44,102.47125,102.47125,102.44,102.47125
5023188,97.63,97.66125,97.66125,97.63,97.59875
5023190,102.565,102.59625,102.59625,102.565,102.47125
5023191,103.77,103.80125,103.80125,103.8325,103.55125
5023196,104.20125,104.26375,104.26375,104.2325,104.1075
5023199,99.255,99.28625,99.28625,99.255,99.16125
5023201,97.9425,98.03625,97.91125,98.005,97.84875
5023205,102.6275,102.72125,102.59625,102.6275,102.65875
5023206,101.0025,100.97125,101.03375,101.0025,100.84625
5023207,102.565,102.59625,102.59625,102.565,102.47125
5023211,0.0,0.0,0.0,0.0,0.0
5023216,101.84625,101.90875,101.90875,101.94,101.6275
5023221,103.985,104.01625,104.01625,103.985,103.89125
5023223,102.17,102.20125,102.20125,102.2325,101.95125
5023224,101.065,101.09625,101.09625,101.065,100.90875
5023227,100.94,100.97125,100.97125,100.94,100.90875
5023231,101.8775,101.90875,101.90875,101.90875,101.72125
5023234,104.64125,104.70375,104.70375,104.6725,104.5475
5023238,104.0475,104.14125,104.01625,104.0475,104.07875
5023240,0.0,0.0,0.0,0.0,0.0
5023243,98.805,98.83625,98.83625,98.805,98.64875
5023247,101.84625,101.90875,101.90875,101.94,101.6275
5023249,102.565,102.59625,102.59625,102.565,102.47125
5023250,101.6275,101.72125,101.59625,101.6275,101.65875
5023253,0.0,0.0,0.0,0.0,0.0
5023254,102.45125,102.51375,102.45125,102.545,102.3575
5023255,101.94,102.03375,101.97125,101.97125,101.78375
5023259,102.2975,102.26625,102.32875,102.2975,102.26625
5023260,102.1275,102.22125,102.09625,102.1275,102.15875
5023261,103.2975,103.32875,103.32875,103.32875,103.14125
5023265,104.32625,104.38875,104.32625,104.3575,104.2325
5023270,103.26625,103.32875,103.26625,103.36,103.1725
5023272,102.95375,102.95375,103.01625,102.985,102.9225
5023274,102.4225,102.39125,102.45375,102.4225,102.26625
5023276,0.0,0.0,0.0,0.0,0.0
5023280,102.72125,102.78375,102.72125,102.7525,102.7525
5023283,102.0025,102.09625,102.03375,102.0025,102.03375
5023287,102.1275,102.09625,102.09625,102.1275,102.15875
5023290,0.0,0.0,0.0,0.0,0.0
5023291,95.85625,95.91875,95.98125,95.95,95.825
5023293,103.86,103.89125,103.89125,103.86,103.89125
5023298,97.78625,97.84875,97.78625,97.88,97.6925
5023303,0.0,0.0,0.0,0.0,0.0
5023308,95.5125,95.60625,95.54375,95.575,95.29375
5023313,101.2525,101.34625,101.28375,101.315,101.03375
5023315,99.0675,99.03625,99.03625,99.005,99.09875
5023318,101.53375,101.53375,101.59625,101.565,101.5025
5023319,98.13,98.16125,98.09875,98.13,98.16125
5023324,99.84875,99.84875,99.84875,99.8175,99.755
5023329,100.38,100.41125,100.47375,100.4425,100.41125
5023330,101.1275,101.22125,101.15875,101.19,101.03375
5023333,103.985,104.01625,103.95375,103.985,104.01625
5023338,102.1275,102.22125,102.09625,102.1275,102.15875
5023342,105.2075,105.30125,105.23875,105.2075,105.11375
5023347,101.1275,101.22125,101.15875,101.19,101.03375
5023352,103.22125,103.28375,103.28375,103.2525,103.1275
5023356,102.5025,102.59625,102.53375,102.5025,102.53375
5023358,101.0025,100.97125,101.03375,101.0025,100.84625
5023360,102.6275,102.72125,102.59625,102.6275,102.65875
5023361,0.0,0.0,0.0,0.0,0.0
5023366,102.6725,102.76625,102.70375,102.735,102.45375
5023367,101.0025,100.97125,101.03375,101.0025,100.84625
5023370,0.0,0.0,0.0,0.0,0.0
5023372,101.31125,101.37375,101.31125,101.405,101.2175
5023374,98.505,98.47375,98.53625,98.53625,98.34875
5023375,103.0475,103.14125,103.01625,103.0475,103.07875
5023377,102.5025,102.47125,102.47125,102.5025,102.53375
5023380,96.23125,96.29375,96.23125,96.325,96.0125
5023381,96.325,96.35625,96.35625,96.45,96.23125
5023384,97.755,97.78625,97.84875,97.8175,97.59875
5023385,101.7325,101.70125,101.70125,101.795,101.63875
5023387,101.315,101.40875,101.34625,101.34625,101.28375
5023389,101.53375,101.53375,101.59625,101.565,101.5025
5023391,97.5675,97.53625,97.59875,97.5675,97.53625
5023395,103.38875,103.45125,103.45125,103.45125,103.3575
5023396,102.735,102.76625,102.70375,102.7975,102.51625
5023401,0.0,0.0,0.0,0.0,0.0
5023403,101.8775,101.90875,101.90875,101.90875,101.72125
5023404,99.9925,100.08625,99.96125,99.9925,100.02375
5023409,100.94,100.97125,100.97125,100.94,100.90875
5023411,102.19,102.22125,102.15875,102.19,102.22125
5023415,96.10625,96.16875,96.16875,96.2,95.8875
5023417,102.6275,102.72125,102.59625,102.6275,102.65875
5023418,102.84625,102.90875,102.84625,102.8775,102.8775
5023419,0.0,0.0,0.0,0.0,0.0
5023423,103.1725,103.20375,103.20375,103.20375,103.14125
5023427,100.655,100.68625,100.62375,100.7175,100.56125
5023429,97.63,97.66125,97.66125,97.63,97.59875
5023433,103.0025,103.03375,103.09625,103.09625,102.97125
5023438,101.1275,101.22125,101.15875,101.19,101.03375
5023442,103.22125,103.28375,103.22125,103.2525,103.2525
5023444,101.7525,101.78375,101.78375,101.78375,101.72125
5023449,103.22125,103.28375,103.22125,103.2525,103.2525
5023454,101.815,101.90875,101.84625,101.84625,101.78375
5023458,97.63,97.66125,97.66125,97.63,97.59875
5023462,102.0925,102.18625,102.06125,102.0925,102.12375
5023464,102.565,102.59625,102.59625,102.565,102.47125
5023468,103.125,103.21875,103.15625,103.15625,103.09375
5023469,96.2625,96.35625,96.23125,96.2625,96.16875
5023474,101.19,101.22125,101.15875,101.2525,101.09625
5023477,97.63,97.66125,97.66125,97.63,97.59875
5023479,0.0,0.0,0.0,0.0,0.0
5023484,102.72125,102.78375,102.72125,102.7525,102.7525
5023486,98.88,98.91125,98.84875,98.88,98.91125
5023489,0.0,0.0,0.0,0.0,0.0
5023491,100.815,100.84625,100.78375,100.8775,100.72125
5023493,103.32875,103.39125,103.39125,103.39125,103.2975
5023496,103.70125,103.76375,103.70125,103.7325,103.7325
5023499,103.1725,103.20375,103.20375,103.20375,103.14125
5023503,102.69,102.72125,102.65875,102.69,102.59625
5023506,101.8775,101.90875,101.90875,101.90875,101.72125
5023507,102.84625,102.90875,102.84625,102.8775,102.8775
5023509,101.19,101.22125,101.15875,101.2525,101.09625
5023512,101.3775,101.47125,101.34625,101.44,101.15875
5023515,102.565,102.59625,102.53375,102.565,102.59625
5023516,99.91125,99.97375,99.91125,99.9425,99.9425
5023517,103.22125,103.28375,103.28375,103.2525,103.1275
5023519,0.0,0.0,0.0,0.0,0.0
5023521,99.13,99.16125,99.09875,99.0675,99.16125
5023523,100.5025,100.47125,100.53375,100.565,100.40875
5023524,101.84625,101.90875,101.90875,101.94,101.6275
5023525,99.53625,99.59875,99.53625,99.5675,99.5675
5023526,102.1275,102.09625,102.09625,102.1275,102.15875
5023530,103.03375,103.03375,103.03375,103.0025,103.065
5023534,97.8175,97.78625,97.84875,97.88,97.59875
5023536,102.2975,102.39125,102.26625,102.36,102.20375
5023540,98.53625,98.59875,98.59875,98.63,98.3175
5023541,97.5675,97.66125,97.53625,97.63,97.47375
5023543,99.13,99.16125,99.09875,99.0675,99.16125
5023544,102.95375,102.95375,103.01625,102.985,102.9225
5023547,100.7525,100.59625,100.72125,100.69,100.72125
5023551,106.4025,106.37125,106.37125,106.4025,106.43375
5023553,101.0025,100.97125,101.03375,101.0025,100.84625
5023554,103.5475,103.51625,103.51625,103.5475,103.57875
5023559,102.315,102.22125,102.28375,102.2525,102.34625
5023562,103.7975,103.76625,103.76625,103.735,103.82875
5023565,103.61,103.64125,103.57875,103.61,103.64125
5023566,97.9425,98.03625,97.97375,98.005,97.72375
5023570,102.19,102.22125,102.15875,102.19,102.22125
5023574,104.5,104.53125,104.46875,104.5,104.40625
5023579,102.6275,102.72125,102.59625,102.6275,102.65875
5023580,96.825,96.85625,96.79375,96.825,96.85625
5023581,99.3175,99.41125,99.28625,99.3175,99.34875
5023582,99.0675,99.03625,99.03625,99.005,99.09875
5023587,103.2325,103.32625,103.20125,103.2325,103.26375
5023591,104.0475,104.14125,104.07875,104.0475,103.95375
5023596,100.815,100.72125,100.78375,100.7525,100.78375
5023598,100.905,100.93625,100.99875,100.9675,100.74875
5023602,101.19,101.22125,101.22125,101.2525,100.97125
5023606,99.13,99.16125,99.09875,99.0675,99.16125
5023610,102.3775,102.34625,102.40875,102.3775,102.40875
5023615,100.815,100.72125,100.78375,100.7525,100.78375
5023619,98.88,98.91125,98.84875,98.88,98.91125
5023621,100.6275,100.72125,100.65875,100.69,100.53375
5023622,103.17,103.20125,103.13875,103.17,103.20125
5023623,105.0475,105.01625,105.07875,105.0475,105.07875
5023627,103.14125,103.20375,103.20375,103.235,103.0475
5023629,103.7975,103.76625,103.76625,103.735,103.82875
5023633,101.84625,101.90875,101.90875,101.94,101.6275
5023635,103.7075,103.80125,103.73875,103.77,103.61375
5023637,101.1275,101.22125,101.15875,101.19,101.03375
5023641,100.8775,100.97125,100.84625,100.94,100.78375
5023644,99.91125,99.97375,99.91125,99.9425,99.9425
5023649,99.0675,99.03625,99.03625,99.005,99.09875
5023653,101.65875,101.65875,101.72125,101.69,101.5025
5023655,101.19,101.22125,101.22125,101.2525,100.97125
5023660,97.5675,97.53625,97.53625,97.505,97.53625
5023663,101.72125,101.78375,101.78375,101.815,101.6275
5023665,103.22125,103.28375,103.28375,103.2525,103.1275
5023669,95.325,95.35625,95.35625,95.3875,95.23125
5023674,100.8775,100.97125,100.84625,100.94,100.78375
5023678,100.2525,100.22125,100.28375,100.315,100.15875
5023681,100.8775,100.84625,100.84625,100.815,100.84625
5023684,102.89125,102.82875,102.89125,102.86,102.86
5023686,97.9425,98.03625,97.91125,98.005,97.84875
5023689,98.16125,98.22375,98.16125,98.255,98.0675
5023692,103.61,103.64125,103.57875,103.61,103.64125
5023696,98.53625,98.59875,98.59875,98.63,98.3175
5023700,103.28125,103.34375,103.28125,103.375,103.1875
5023705,101.5025,101.59625,101.47125,101.5025,101.53375
5023707,101.47125,101.53375,101.47125,101.565,101.3775
5023708,98.505,98.53625,98.47375,98.505,98.53625
5023709,97.1925,97.16125,97.22375,97.255,97.09875
5023712,101.8775,101.90875,101.90875,101.90875,101.72125
5023717,103.235,103.26625,103.20375,103.235,103.26625
5023718,102.6275,102.72125,102.59625,102.6275,102.65875
5023719,101.8775,101.90875,101.90875,101.90875,101.72125
5023720,95.3875,95.48125,95.41875,95.45,95.29375
5023723,101.0025,100.97125,101.03375,101.065,100.90875
5023726,96.2,96.29375,96.23125,96.23125,96.04375
5023730,102.53375,102.59625,102.59625,102.59625,102.3775
5023735,101.1275,101.22125,101.22125,101.19,100.97125
5023740,95.60625,95.66875,95.60625,95.7,95.5125
5023745,106.6525,106.74625,106.62125,106.6525,106.55875
5023746,102.89125,102.95375,102.89125,102.985,102.7975
5023748,100.565,100.59625,100.59625,100.6275,100.47125
5023752,99.13,99.16125,99.09875,99.0675,99.16125
5023753,98.9425,99.03625,98.91125,98.9425,98.97375
5023757,104.64125,104.70375,104.70375,104.6725,104.5475
5023760,101.47125,101.40875,101.47125,101.44,101.44
5023762,102.1725,102.01625,102.14125,102.11,102.14125
5023766,102.2525,102.34625,102.22125,102.2525,102.28375
5023771,102.44,102.47125,102.40875,102.3775,102.47125
5023774,101.1275,101.22125,101.15875,101.19,101.03375
5023777,102.6275,102.72125,102.59625,102.6275,102.65875
5023782,103.985,104.01625,103.95375,103.985,104.01625
5023787,104.64125,104.70375,104.64125,104.6725,104.6725
5023792,101.19,101.22125,101.22125,101.2525,100.97125
5023797,103.86,103.89125,103.82875,103.7975,103.89125
5023800,102.44,102.47125,102.40875,102.3775,102.47125
5023805,101.1275,101.22125,101.15875,101.19,101.03375
5023808,98.41125,98.47375,98.47375,98.505,98.3175
5023809,100.815,100.72125,100.78375,100.7525,100.78375
5023812,103.03375,103.03375,103.03375,103.0025,103.065
5023813,97.505,97.41125,97.47375,97.4425,97.47375
5023817,97.91125,97.97375,97.97375,98.005,97.8175
5023818,100.84625,100.90875,100.84625,100.94,100.7525
5023822,102.2525,102.34625,102.22125,102.2525,102.28375
5023827,100.94,100.97125,101.03375,101.0025,100.90875
5023831,100.8775,100.84625,100.84625,100.815,100.84625
5023835,102.1275,102.09625,102.09625,102.1275,102.15875
5023840,103.03375,103.03375,103.03375,103.0025,103.065
5023843,102.22125,102.28375,102.22125,102.2525,102.2525
5023844,99.72375,99.72375,99.72375,99.6925,99.755
5023848,101.69,101.65875,101.65875,101.65875,101.65875
5023851,103.34625,103.40875,103.34625,103.3775,103.2525
5023854,104.26625,104.32875,104.26625,104.2975,104.2975
5023856,100.94,100.97125,101.03375,101.0025,100.90875
5023860,100.94,100.97125,101.03375,101.0025,100.90875
5023865,95.95,95.91875,95.91875,95.91875,95.91875
5023870,101.68625,101.74875,101.74875,101.78,101.4675
5023872,97.6925,97.78625,97.78625,97.755,97.66125
5023876,102.57625,102.63875,102.70125,102.67,102.545
5023879,106.02,106.05125,106.05125,106.0825,106.05125
5023880,103.44,103.47125,103.47125,103.5025,103.47125
5023882,102.1275,102.09625,102.09625,102.1275,102.15875
5023883,98.88,98.91125,98.84875,98.88,98.91125
5023884,101.1275,101.22125,101.15875,101.19,101.03375
5023887,100.7525,100.72125,100.72125,100.815,100.65875
5023890,100.815,100.84625,100.78375,100.8775,100.72125
5023894,97.78625,97.84875,97.91125,97.88,97.755
5023897,101.94,102.03375,101.97125,101.97125,101.78375
5023902,101.065,101.09625,101.15875,101.1275,100.90875
5023906,101.065,101.09625,101.15875,101.1275,100.90875
5023910,101.19,101.22125,101.15875,101.2525,101.09625
5023912,102.0025,102.03375,101.97125,102.03375,101.84625
5023913,100.3775,100.34625,100.47125,100.44,100.34625
5023917,95.2,95.23125,95.29375,95.2625,95.16875
5023919,103.22125,103.28375,103.28375,103.2525,103.1275
5023920,99.53625,99.59875,99.53625,99.5675,99.5675
5023924,101.5025,101.53375,101.47125,101.53375,101.47125
5023928,100.94,100.84625,100.90875,100.8775,100.78375
5023933,101.19,101.22125,101.15875,101.2525,101.09625
5023935,101.065,101.09625,101.15875,101.1275,100.90875
5023940,103.11,103.07875,103.07875,103.07875,103.07875
5023942,101.565,101.65875,101.53375,101.59625,101.53375
5023946,101.065,101.09625,101.15875,101.1275,100.90875
5023950,101.9225,102.01625,102.01625,101.985,101.89125
5023955,100.815,100.72125,100.78375,100.7525,100.78375
5023956,97.5675,97.53625,97.53625,97.505,97.53625
5023958,101.565,101.65875,101.53375,101.59625,101.53375
5023960,101.065,101.09625,101.15875,101.1275,100.90875
5023961,98.4425,98.47375,98.41125,98.41125,98.41125
5023964,100.8775,100.84625,100.84625,100.815,100.84625
5023967,100.44,100.47125,100.47125,100.5025,100.22125
5023971,101.72125,101.78375,101.84625,101.815,101.565
5023974,103.77,103.80125,103.73875,103.8325,103.67625
5023975,102.6725,102.76625,102.70375,102.735,102.45375
5023976,101.78375,101.84625,101.78375,101.84625,101.7525
5023980,95.45,95.48125,95.41875,95.5125,95.35625
5023984,102.2325,102.32625,102.20125,102.295,102.13875
5023989,104.20125,104.26375,104.26375,104.2325,104.1075
5023992,102.565,102.59625,102.59625,102.565,102.47125
5023993,102.2325,102.32625,102.20125,102.295,102.13875
5023998,101.0025,101.03375,100.97125,100.97125,100.97125
5024001,103.4575,103.55125,103.42625,103.52,103.36375
5024003,102.8125,102.78125,102.90625,102.875,102.65625
5024008,98.84875,98.91125,98.84875,98.91125,98.8175
5024009,104.92625,104.92625,104.92625,104.92625,104.895
5024012,92.6675,92.76125,92.63625,92.73,92.57375
5024017,98.63,98.72375,98.66125,98.66125,98.47375
5024019,99.6175,99.64875,99.64875,99.64875,99.46125
5024022,101.2525,101.34625,101.22125,101.315,101.15875
5024023,102.315,102.34625,102.22125,102.315,102.22125
5024025,104.125,104.15625,104.03125,104.125,104.03125
5024026,101.8575,101.95125,101.82625,101.92,101.76375
5024031,103.6075,103.57625,103.51375,103.545,103.45125
5024032,98.0675,98.16125,98.03625,98.13,97.84875
5024033,104.0475,104.01625,103.95375,103.985,103.89125
5024036,103.47125,103.53375,103.40875,103.40875,103.3775
5024041,100.19,100.22125,100.15875,100.19,100.15875
5024045,103.09625,103.03375,103.03375,103.065,103.065
5024047,103.67,103.70125,103.63875,103.67,103.57625
5024051,103.6275,103.59625,103.53375,103.565,103.65875
5024054,106.09375,106.09375,106.03125,106.0625,106.125
5024056,103.45375,103.45375,103.39125,103.45375,103.235
5024060,104.78375,104.78375,104.72125,104.7525,104.69
5024065,105.61,105.64125,105.51625,105.5475,105.51625
5024069,101.3775,101.47125,101.34625,101.44,101.15875
5024073,102.315,102.34625,102.22125,102.315,102.22125
5024078,101.47125,101.53375,101.47125,101.565,101.3775
5024081,102.7525,102.84625,102.72125,102.7525,102.65875
5024086,101.37375,101.37375,101.31125,101.37375,101.28
5024087,105.51625,105.51625,105.45375,105.51625,105.36
5024092,104.5,104.53125,104.46875,104.5,104.34375
5024095,104.4375,104.40625,104.40625,104.4375,104.28125
5024099,104.67,104.70125,104.57625,104.6075,104.70125
5024102,103.6725,103.76625,103.64125,103.6725,103.70375
5024104,105.5475,105.51625,105.45375,105.485,105.45375
5024107,102.19,102.22125,102.15875,102.19,102.22125
5024110,103.7325,103.70125,103.63875,103.7325,103.51375
5024114,103.17,103.20125,103.13875,103.17,103.13875
5024117,97.34875,97.34875,97.34875,97.38,97.3175
5024121,102.69,102.72125,102.65875,102.69,102.59625
5024123,101.065,101.09625,101.09625,101.1275,101.03375
5024124,103.045,103.13875,103.01375,103.07625,102.88875
5024129,103.4225,103.45375,103.39125,103.45375,103.26625
5024133,101.90875,101.90875,101.84625,101.84625,101.7525
5024135,104.82875,104.82875,104.76625,104.86,104.61
5024140,105.49625,105.55875,105.43375,105.49625,105.4025
5024143,104.0025,103.97125,103.90875,103.94,104.03375
5024146,103.5475,103.51625,103.51625,103.5475,103.51625
5024151,104.485,104.51625,104.45375,104.45375,104.39125
5024154,98.97375,99.03625,98.91125,98.9425,98.9425
5024159,98.075,97.98125,98.04375,98.075,97.91875
5024161,98.28625,98.34875,98.22375,98.28625,98.1925
5024164,101.97125,102.03375,101.97125,101.97125,101.815
5024167,101.97125,102.03375,101.97125,101.97125,101.815
5024172,104.82875,104.82875,104.76625,104.76625,104.735
5024173,105.51625,105.51625,105.45375,105.51625,105.36
5024175,104.6075,104.57625,104.51375,104.545,104.63875
5024179,103.43625,103.43625,103.37375,103.43625,103.405
5024180,102.4375,102.40625,102.40625,102.4375,102.40625
5024185,0.0,0.0,0.0,0.0,0.0
5024188,104.4225,104.45375,104.32875,104.39125,104.39125
5024193,104.67,104.70125,104.57625,104.6075,104.70125
5024195,101.78375,101.78375,101.78375,101.815,101.6275
5024196,102.4825,102.51375,102.45125,102.51375,102.45125
5024198,98.005,98.03625,97.97375,98.0675,97.78625
5024200,104.45125,104.51375,104.38875,104.38875,104.3575
5024202,98.16125,98.22375,98.16125,98.255,98.0675
5024203,103.9825,104.01375,103.88875,103.95125,103.95125
5024207,97.4425,97.53625,97.47375,97.505,97.41125
5024211,105.61,105.64125,105.51625,105.5475,105.51625
5024215,98.755,98.66125,98.66125,98.6925,98.72375
5024219,103.3775,103.40875,103.34625,103.3775,103.22125
5024223,104.1725,104.14125,104.07875,104.1725,103.95375
5024227,102.97125,103.03375,102.90875,102.90875,103.0025
5024229,99.255,99.16125,99.22375,99.255,99.09875
5024232,102.565,102.47125,102.47125,102.5025,102.40875
5024236,102.1275,102.09625,102.09625,102.1275,101.97125
5024238,98.35625,98.35625,98.29375,98.35625,98.2
5024243,103.2325,103.20125,103.13875,103.2325,103.13875
5024248,99.14875,99.14875,99.14875,99.14875,99.1175
5024253,101.8775,101.90875,101.84625,101.90875,101.84625
5024257,101.78375,101.78375,101.78375,101.815,101.6275
5024261,104.71875,104.71875,104.65625,104.65625,104.75
5024265,100.78375,100.78375,100.78375,100.815,100.6275
5024267,100.0025,99.97125,99.97125,100.0025,99.97125
5024272,106.20375,106.20375,106.14125,106.1725,106.11
5024274,102.90875,102.90875,102.84625,102.94,102.815
5024276,99.47375,99.47375,99.47375,99.505,99.4425
5024278,104.14125,104.14125,104.07875,104.11,103.985
5024280,99.59875,99.59875,99.53625,99.53625,99.63
5024282,103.9375,103.90625,103.84375,103.875,103.90625
5024286,100.815,100.84625,100.78375,100.8775,100.72125
5024289,100.8175,100.78625,100.72375,100.755,100.72375
5024292,104.125,104.15625,104.03125,104.125,104.03125
5024294,102.065,102.09625,102.09625,102.09625,102.03375
5024298,101.6075,101.57625,101.63875,101.67,101.57625
5024302,101.8575,101.95125,101.82625,101.92,101.76375
5024303,100.94,101.03375,100.90875,100.97125,100.90875
5024304,102.45125,102.51375,102.45125,102.545,102.3575
5024305,102.90875,102.90875,102.84625,102.94,102.815
5024306,103.5475,103.51625,103.51625,103.5475,103.51625
5024311,103.69,103.72125,103.59625,103.6275,103.72125
5024314,97.59875,97.59875,97.59875,97.59875,97.4425
5024316,105.17,105.20125,105.07625,105.1075,105.07625
5024320,101.155,101.18625,101.12375,101.2175,100.93625
5024323,101.47125,101.53375,101.47125,101.565,101.3775
5024325,0.0,0.0,0.0,0.0,0.0
5024328,105.17,105.20125,105.07625,105.1075,105.07625
5024330,97.9425,97.91125,97.91125,98.005,97.72375
5024331,104.67,104.70125,104.57625,104.6075,104.70125
5024333,101.1275,101.22125,101.15875,101.19,101.09625
5024334,102.19,102.22125,102.15875,102.19,102.22125
5024335,99.4425,99.53625,99.41125,99.4425,99.34875
5024340,102.815,102.84625,102.72125,102.815,102.59625
5024341,100.8775,100.97125,100.84625,100.94,100.78375
5024345,99.4675,99.43625,99.43625,99.4675,99.43625
5024350,98.84875,98.91125,98.84875,98.91125,98.8175
5024352,102.78375,102.78375,102.78375,102.815,102.7525
5024354,103.32875,103.32875,103.26625,103.26625,103.1725
5024358,106.20375,106.20375,106.14125,106.1725,106.11
5024360,102.7525,102.84625,102.72125,102.7525,102.65875
5024361,102.53,102.56125,102.49875,102.53,102.43625
5024364,104.545,104.57625,104.51375,104.51375,104.57625
5024369,106.50375,106.50375,106.50375,106.535,106.3475
5024372,100.8775,100.90875,100.84625,100.90875,100.84625
5024375,105.0475,105.01625,104.95375,104.985,105.07875
5024379,102.19,102.22125,102.15875,102.19,102.15875
5024382,102.90875,102.90875,102.84625,102.84625,102.94
5024384,101.21125,101.21125,101.21125,101.2425,101.18
5024385,104.3575,104.38875,104.32625,104.3575,104.20125
5024389,104.65875,104.65875,104.59625,104.6275,104.69
5024393,103.70375,103.76625,103.64125,103.6725,103.6725
5024395,105.70375,105.70375,105.64125,105.6725,105.735
5024396,0.0,0.0,0.0,0.0,0.0
5024401,103.95125,104.01375,103.88875,103.88875,103.9825
5024405,100.38,100.41125,100.28625,100.3175,100.41125
5024406,101.3775,101.47125,101.34625,101.44,101.15875
5024410,103.905,103.81125,103.81125,103.8425,103.81125
5024413,101.84625,101.90875,101.84625,101.94,101.7525
5024416,104.03,104.06125,103.93625,103.9675,103.93625
5024418,0.0,0.0,0.0,0.0,0.0
5024420,100.0025,99.97125,99.97125,100.0025,99.97125
5024423,102.6275,102.59625,102.59625,102.6275,102.47125
5024427,102.5025,102.34625,102.40875,102.44,102.34625
5024428,106.84,106.80875,106.74625,106.80875,106.80875
5024432,102.11,102.14125,102.07875,102.11,102.07875
5024434,102.53,102.56125,102.49875,102.53,102.43625
5024437,102.315,102.34625,102.22125,102.315,102.09625
5024441,98.8175,98.78625,98.72375,98.755,98.78625
5024443,99.69,99.72125,99.65875,99.69,99.65875
5024448,102.4825,102.45125,102.38875,102.42,102.45125
5024453,104.32625,104.26375,104.26375,104.26375,104.2325
5024454,98.09875,98.09875,98.03625,98.03625,98.0675
5024459,102.97125,103.03375,102.90875,102.90875,103.0025
5024463,102.45125,102.51375,102.45125,102.545,102.3575
5024467,105.17,105.20125,105.07625,105.1075,105.07625
5024468,102.15875,102.22125,102.15875,102.22125,102.1275
5024472,102.72125,102.78375,102.65875,102.65875,102.6275
5024473,102.51625,102.57875,102.51625,102.61,102.4225
5024477,104.28375,104.28375,104.22125,104.2525,104.315
5024482,103.565,103.59625,103.53375,103.53375,103.59625
5024486,97.72375,97.72375,97.66125,97.72375,97.505
5024487,102.90875,102.90875,102.84625,102.94,102.815
5024489,103.985,104.01625,104.01625,104.01625,103.82875
5024491,104.90625,104.90625,104.84375,104.90625,104.75
5024494,96.10625,96.16875,96.10625,96.2,96.0125
5024497,103.4825,103.45125,103.45125,103.45125,103.32625
5024500,100.69,100.72125,100.65875,100.69,100.65875
5024502,104.82875,104.82875,104.76625,104.76625,104.735
5024503,103.875,103.78125,103.78125,103.8125,103.84375
5024506,103.485,103.39125,103.39125,103.4225,103.45375
5024509,95.54375,95.54375,95.54375,95.575,95.5125
5024510,107.5975,107.56625,107.56625,107.5975,107.50375
5024512,101.59625,101.65875,101.53375,101.59625,101.5025
5024516,104.26375,104.26375,104.26375,104.295,104.1075
5024521,103.6275,103.59625,103.53375,103.565,103.65875
5024524,104.1275,104.09625,104.03375,104.065,104.03375
5024527,99.38,99.28625,99.28625,99.38,99.16125
5024529,103.23875,103.23875,103.23875,103.27,103.2075
5024531,95.7625,95.79375,95.73125,95.79375,95.73125
5024533,102.565,102.47125,102.53375,102.565,102.40875
5024536,98.66125,98.72375,98.66125,98.755,98.4425
5024537,100.8175,100.78625,100.72375,100.755,100.72375
5024540,102.2525,102.34625,102.22125,102.2525,102.28375
5024543,103.6725,103.64125,103.57875,103.6725,103.57875
5024548,103.6725,103.76625,103.64125,103.6725,103.70375
5024550,100.8775,100.97125,100.84625,100.94,100.78375
5024552,103.2325,103.32625,103.20125,103.2325,103.13875
5024557,101.2175,101.18625,101.18625,101.2175,101.24875
5024559,98.38,98.41125,98.34875,98.41125,98.16125
5024564,105.485,105.51625,105.45375,105.45375,105.39125
5024568,103.17,103.20125,103.13875,103.20125,103.07625
5024571,103.3425,103.37375,103.24875,103.31125,103.18625
5024574,102.8775,102.90875,102.84625,102.8775,102.84625
5024578,102.6725,102.64125,102.57875,102.6725,102.57875
5024579,100.19,100.22125,100.15875,100.2525,100.09625
5024582,102.2525,102.15875,102.15875,102.22125,102.22125
5024584,102.95125,103.01375,102.95125,102.95125,102.795
5024587,99.005,99.03625,98.91125,99.005,98.91125
5024591,102.65875,102.59625,102.59625,102.6275,102.5025
5024593,96.38,96.41125,96.41125,96.4425,96.34875
5024597,103.34625,103.40875,103.34625,103.3775,103.2525
5024602,102.52375,102.52375,102.46125,102.4925,102.43
5024605,103.2175,103.24875,103.12375,103.18625,103.18625
5024610,102.82875,102.82875,102.82875,102.82875,102.7975
5024615,102.95375,102.95375,102.89125,102.95375,102.86
5024617,103.40625,103.46875,103.34375,103.40625,103.3125
5024618,100.88,100.91125,100.78625,100.8175,100.78625
5024621,98.1925,98.28625,98.16125,98.1925,98.22375
5024626,104.1275,104.09625,104.03375,104.065,104.03375
5024629,96.45,96.48125,96.41875,96.45,96.41875
5024632,102.90875,102.90875,102.84625,102.94,102.815
5024636,106.0825,106.11375,105.98875,106.05125,105.92625
5024638,101.47125,101.53375,101.47125,101.47125,101.44
5024640,104.26625,104.32875,104.26625,104.2975,104.2975
5024642,105.61,105.64125,105.51625,105.5475,105.51625
5024644,104.39125,104.45375,104.32875,104.32875,104.4225
5024646,102.69,102.72125,102.65875,102.69,102.59625
5024651,102.28375,102.34625,102.22125,102.2525,102.2525
5024652,100.9675,100.93625,100.87375,100.905,100.93625
5024657,103.28125,103.34375,103.28125,103.375,103.1875
5024660,104.0,104.03125,103.96875,104.0,103.96875
5024662,103.655,103.56125,103.62375,103.655,103.49875
5024664,103.1075,103.07625,103.07625,103.1075,103.07625
5024668,101.84625,101.78375,101.84625,101.84625,101.69
5024673,101.40875,101.40875,101.40875,101.40875,101.3775
5024676,102.97125,103.03375,102.90875,102.90875,103.0025
5024679,104.28375,104.28375,104.22125,104.2525,104.315
5024681,102.6275,102.59625,102.53375,102.565,102.47125
5024683,104.07875,104.14125,104.07875,104.14125,103.9225
5024684,106.20375,106.20375,106.14125,106.1725,106.11
5024689,97.34875,97.34875,97.34875,97.34875,97.3175
5024693,105.26375,105.26375,105.20125,105.2325,105.295
5024695,102.235,102.26625,102.20375,102.2975,102.14125
5024700,98.97375,99.03625,98.91125,98.9425,98.9425
5024704,102.61,102.64125,102.64125,102.6725,102.45375
5024708,98.9425,99.03625,98.91125,98.9425,98.84875
5024711,105.17,105.20125,105.07625,105.1075,105.07625
5024716,100.44,100.47125,100.40875,100.5025,100.34625
5024719,103.735,103.76625,103.64125,103.735,103.64125
5024724,102.95125,103.01375,102.95125,102.95125,102.795
5024727,101.2525,101.34625,101.28375,101.315,101.09625
5024728,100.8175,100.78625,100.72375,100.755,100.72375
5024729,101.47375,101.47375,101.41125,101.4425,101.38
5024734,94.45,94.48125,94.41875,94.5125,94.35625
5024736,97.505,97.53625,97.47375,97.5675,97.41125
5024738,104.38875,104.38875,104.32625,104.42,104.17
5024741,101.3775,101.47125,101.34625,101.44,101.15875
5024746,99.505,99.53625,99.41125,99.505,99.28625
5024749,96.825,96.73125,96.79375,96.825,96.66875
5024750,97.88,97.91125,97.84875,97.9425,97.78625
5024753,98.8175,98.78625,98.78625,98.8175,98.78625
5024757,98.005,98.03625,97.97375,98.0675,97.78625
5024758,101.985,102.07875,101.95375,102.01625,101.95375
5024763,103.01375,103.01375,102.95125,103.01375,102.795
5024766,100.94,101.03375,100.90875,100.97125,100.90875
5024768,103.9675,103.93625,103.87375,103.905,103.87375
5024770,102.4675,102.43625,102.43625,102.4675,102.37375
5024773,103.45375,103.45375,103.39125,103.45375,103.235
5024777,102.1275,102.09625,102.03375,102.065,102.09625
5024782,104.235,104.26625,104.14125,104.235,104.01625
5024785,103.295,103.32625,103.20125,103.295,103.20125
5024789,98.755,98.84875,98.72375,98.78625,98.59875
5024794,101.19,101.22125,101.15875,101.2525,101.09625
5024797,100.38,100.41125,100.28625,100.3175,100.41125
5024800,103.01625,103.07875,102.95375,103.01625,102.9225
5024802,103.6275,103.59625,103.53375,103.565,103.65875
5024805,98.755,98.66125,98.66125,98.6925,98.72375
5024808,98.22375,98.28625,98.22375,98.28625,98.1925
5024810,104.1275,104.09625,104.03375,104.065,104.03375
5024815,102.3575,102.32625,102.38875,102.42,102.20125
5024817,102.6275,102.59625,102.59625,102.6275,102.47125
5024818,101.69,101.72125,101.59625,101.69,101.59625
5024823,99.005,99.03625,98.91125,99.005,98.91125
5024828,104.82875,104.82875,104.76625,104.86,104.61
5024833,99.66125,99.72375,99.59875,99.59875,99.6925
5024837,101.795,101.82625,101.76375,101.8575,101.70125
5024839,104.6075,104.57625,104.51375,104.545,104.63875
5024842,98.88,98.91125,98.84875,98.88,98.84875
5024845,101.84625,101.78375,101.78375,101.78375,101.69
5024849,106.0,106.03125,105.90625,105.9375,105.90625
5024852,104.32625,104.38875,104.32625,104.3575,104.2325
5024856,102.2525,102.34625,102.22125,102.2525,102.28375
5024857,101.2525,101.34625,101.28375,101.315,101.09625
5024860,104.1275,104.09625,104.03375,104.065,104.03375
5024863,103.67,103.57625,103.57625,103.67,103.45125
5024865,102.815,102.84625,102.72125,102.815,102.59625
5024870,102.61,102.64125,102.64125,102.6725,102.45375
5024874,104.78375,104.78375,104.72125,104.7525,104.69
5024876,105.26375,105.26375,105.20125,105.2325,105.295
5024879,102.82625,102.88875,102.82625,102.8575,102.8575
5024880,102.7525,102.84625,102.72125,102.7525,102.65875
5024882,101.19,101.22125,101.22125,101.2525,101.03375
5024885,105.9725,105.94125,105.87875,105.9725,105.75375
5024887,100.3175,100.28625,100.22375,100.255,100.34875
5024888,104.5625,104.53125,104.46875,104.5625,104.34375
5024893,100.58625,100.52375,100.52375,100.52375,100.6175
5024895,103.40625,103.46875,103.34375,103.40625,103.3125
5024898,101.65875,101.72125,101.65875,101.72125,101.5025
5024899,102.2525,102.22125,102.15875,102.2525,102.15875
5024902,102.82625,102.76375,102.76375,102.76375,102.67
5024906,102.235,102.26625,102.20375,102.2975,102.14125
5024909,103.6075,103.57625,103.57625,103.6075,103.45125
5024911,103.9675,103.93625,103.87375,103.905,103.87375
5024915,105.26375,105.26375,105.20125,105.2325,105.295
5024917,100.7525,100.84625,100.78375,100.815,100.72125
5024922,99.3175,99.28625,99.22375,99.255,99.16125
5024926,103.61,103.64125,103.57875,103.64125,103.51625
5024929,101.78375,101.78375,101.78375,101.815,101.6275
5024930,102.7525,102.72125,102.65875,102.7525,102.53375
5024932,101.47125,101.53375,101.47125,101.47125,101.44
5024937,104.78375,104.78375,104.72125,104.7525,104.69
5024940,101.19,101.22125,101.15875,101.2525,101.09625
5024944,103.565,103.59625,103.53375,103.53375,103.59625
5024947,104.6075,104.57625,104.51375,104.545,104.63875
5024950,101.2525,101.34625,101.22125,101.315,101.15875
5024952,106.0,106.03125,105.90625,105.9375,105.90625
5024957,105.07625,105.07625,105.01375,105.07625,104.92
5024958,102.565,102.59625,102.59625,102.59625,102.40875
5024959,106.86375,106.86375,106.80125,106.8325,106.895
5024960,102.09625,102.15875,102.09625,102.1275,102.1275
5024963,103.34625,103.40875,103.34625,103.3775,103.2525
5024967,102.97125,103.03375,102.90875,102.90875,103.0025
5024971,101.90875,101.90875,101.84625,101.84625,101.7525
5024973,100.8775,100.97125,100.84625,100.94,100.78375
5024978,103.6275,103.59625,103.53375,103.565,103.65875
5024983,102.2525,102.22125,102.15875,102.2525,102.15875
5024984,102.8775,102.90875,102.84625,102.8775,102.84625
5024986,100.28625,100.28625,100.22375,100.28625,100.255
5024991,104.065,104.09625,104.03375,104.03375,103.97125
5024992,102.53,102.56125,102.49875,102.53,102.37375
5024993,97.54375,97.54375,97.48125,97.5125,97.575
5024995,100.16125,100.22375,100.09875,100.09875,100.0675
5025000,104.71875,104.71875,104.65625,104.65625,104.75
5025001,101.97125,102.03375,101.97125,102.065,101.7525
5025005,103.40875,103.40875,103.34625,103.44,103.19
5025010,102.315,102.34625,102.22125,102.315,102.22125
5025012,0.0,0.0,0.0,0.0,0.0
5025016,96.8875,96.85625,96.85625,96.8875,96.73125
5025020,104.0475,104.01625,104.01625,104.0475,103.89125
5025025,105.1075,105.07625,105.01375,105.045,105.01375
5025029,102.38875,102.38875,102.38875,102.38875,102.2325
5025032,100.7175,100.81125,100.68625,100.78,100.62375
5025037,104.39125,104.45375,104.32875,104.32875,104.4225
5025041,102.19,102.22125,102.15875,102.19,102.22125
5025043,102.7525,102.72125,102.65875,102.7525,102.53375
5025048,103.24875,103.24875,103.18625,103.28,103.03
5025049,102.7525,102.84625,102.72125,102.7525,102.65875
5025051,99.04375,99.04375,98.98125,99.0125,98.95
5025052,104.42,104.38875,104.32625,104.38875,104.26375
5025057,102.57625,102.63875,102.51375,102.57625,102.4825
5025058,100.69,100.72125,100.72125,100.7525,100.65875
5025061,95.85625,95.91875,95.79375,95.85625,95.7625
5025063,99.255,99.16125,99.16125,99.1925,99.09875
5025064,96.10625,96.16875,96.16875,96.2,95.95
5025065,101.67,101.70125,101.70125,101.7325,101.63875
5025068,103.6275,103.59625,103.53375,103.565,103.65875
5025072,97.38,97.41125,97.41125,97.4425,97.34875
5025077,101.19,101.22125,101.15875,101.19,101.03375
5025079,104.45125,104.51375,104.38875,104.38875,104.3575
5025082,104.28375,104.28375,104.22125,104.2525,104.315
5025085,102.15875,102.09625,102.09625,102.1275,102.1275
5025086,99.97375,99.97375,99.91125,100.005,99.88
5025090,98.6925,98.72375,98.66125,98.72375,98.53625
5025092,93.0425,93.13625,93.07375,93.105,92.88625
5025095,105.26375,105.26375,105.20125,105.2325,105.295
5025100,101.0025,100.97125,100.97125,101.0025,100.97125
5025103,102.90875,102.90875,102.84625,102.94,102.815
5025106,102.1075,102.07625,102.07625,102.1075,101.95125
5025108,102.28375,102.34625,102.22125,102.2525,102.2525
5025109,101.5025,101.53375,101.47125,101.53375,101.47125
5025114,104.1725,104.14125,104.07875,104.1725,103.95375
5025118,99.4425,99.53625,99.41125,99.4425,99.34875
5025122,101.65875,101.59625,101.59625,101.6275,101.5025
5025126,97.4425,97.53625,97.47375,97.505,97.41125
5025131,99.8175,99.78625,99.72375,99.755,99.72375
5025133,103.40875,103.40875,103.34625,103.44,103.19
5025135,105.5475,105.51625,105.45375,105.485,105.45375
5025140,100.7175,100.81125,100.68625,100.78,100.62375
5025144,102.8775,102.90875,102.84625,102.8775,102.84625
5025145,104.92,104.82625,104.82625,104.8575,104.95125
5025150,104.375,104.28125,104.28125,104.3125,104.21875
5025154,103.69,103.72125,103.59625,103.6275,103.72125
5025155,100.3175,100.28625,100.22375,100.255,100.34875
5025160,103.3775,103.34625,103.40875,103.44,103.34625
5025162,104.11,104.14125,104.07875,104.11,104.01625
5025167,101.47125,101.53375,101.47125,101.47125,101.44
5025168,102.2975,102.39125,102.26625,102.36,102.20375
5025170,98.22375,98.22375,98.16125,98.22375,98.13
5025173,102.7525,102.72125,102.65875,102.7525,102.53375
5025177,104.0025,103.97125,103.90875,103.94,104.03375
5025180,101.59625,101.65875,101.53375,101.59625,101.5025
5025184,102.1275,102.09625,102.09625,102.1275,102.09625
5025187,102.065,102.09625,102.09625,102.09625,102.03375
5025189,98.53625,98.59875,98.59875,98.63,98.38
5025193,102.2525,102.22125,102.15875,102.2525,102.15875
5025198,95.6375,95.73125,95.60625,95.7,95.41875
5025199,102.84625,102.90875,102.84625,102.8775,102.8775
5025201,103.47125,103.53375,103.40875,103.40875,103.3775
5025204,104.45125,104.51375,104.38875,104.38875,104.3575
5025209,98.9425,99.03625,98.91125,98.9425,98.97375
5025211,103.6275,103.59625,103.53375,103.565,103.65875
5025216,102.97125,103.03375,102.90875,102.90875,103.0025
5025220,101.8575,101.95125,101.82625,101.92,101.76375
5025224,105.045,105.07625,105.01375,105.01375,104.95125
5025225,101.59625,101.65875,101.53375,101.59625,101.5025
5025227,96.1375,96.16875,96.10625,96.16875,96.10625
5025229,102.51375,102.51375,102.45125,102.51375,102.42
5025233,101.19,101.22125,101.15875,101.19,101.03375
5025235,98.66125,98.72375,98.66125,98.66125,98.505
5025240,102.78375,102.84625,102.72125,102.7525,102.6275
5025245,104.36,104.32875,104.26625,104.32875,104.32875
5025248,98.09875,98.09875,98.09875,98.09875,98.0675
5025250,102.7525,102.72125,102.65875,102.7525,102.53375
5025251,103.61,103.51625,103.51625,103.61,103.51625
5025255,105.21875,105.21875,105.15625,105.15625,105.125
5025258,102.315,102.34625,102.22125,102.315,102.22125
5025261,104.39125,104.45375,104.32875,104.32875,104.4225
5025265,103.485,103.51625,103.51625,103.51625,103.45375
5025269,103.95375,103.95375,103.95375,103.985,103.7975
5025274,105.1075,105.07625,105.01375,105.045,105.01375
5025277,102.1275,102.09625,102.09625,102.1275,102.09625
5025282,98.8675,98.83625,98.89875,98.93,98.71125
5025283,103.67,103.70125,103.63875,103.67,103.51375
5025287,104.5475,104.51625,104.45375,104.485,104.45375
5025289,100.6275,100.59625,100.59625,100.6275,100.59625
5025292,98.16125,98.22375,98.16125,98.255,98.0675
5025297,102.065,102.15875,102.03375,102.09625,101.90875
5025300,102.2525,102.34625,102.22125,102.2525,102.28375
5025302,101.67,101.70125,101.63875,101.67,101.63875
5025303,104.8125,104.84375,104.71875,104.78125,104.78125
5025307,95.1375,95.16875,95.10625,95.16875,95.10625
5025310,102.65875,102.72125,102.65875,102.72125,102.5025
5025312,105.17,105.20125,105.07625,105.1075,105.07625
5025313,101.90875,101.90875,101.84625,101.90875,101.815
5025317,103.6275,103.59625,103.53375,103.565,103.65875
5025320,98.41125,98.41125,98.34875,98.38,98.255
5025324,104.20375,104.26625,104.14125,104.1725,104.0475
5025325,97.1375,97.16875,97.10625,97.1375,97.10625
5025328,101.3775,101.47125,101.34625,101.44,101.15875
5025332,101.3775,101.47125,101.34625,101.44,101.15875
5025334,102.51625,102.57875,102.51625,102.61,102.4225
5025339,102.95125,103.01375,102.95125,103.045,102.7325
5025343,105.1075,105.07625,105.01375,105.045,105.01375
5025348,97.53625,97.59875,97.53625,97.63,97.4425
5025349,105.9375,105.90625,105.84375,105.875,105.84375
5025354,100.13,100.09875,100.03625,100.09875,99.97375
5025359,95.1375,95.23125,95.10625,95.2,95.04375
5025363,100.1925,100.16125,100.16125,100.255,99.97375
5025364,103.90625,103.96875,103.84375,103.90625,103.6875
5025367,101.72125,101.78375,101.65875,101.65875,101.6275
5025371,104.0,103.90625,103.90625,104.0,103.90625
5025376,103.88875,103.88875,103.82625,103.82625,103.92
5025381,101.0025,101.03375,100.97125,101.03375,100.84625
5025382,103.17,103.20125,103.13875,103.17,103.20125
5025383,102.78375,102.78375,102.78375,102.815,102.7525
5025386,104.20375,104.20375,104.20375,104.235,104.1725
5025388,102.565,102.59625,102.53375,102.59625,102.47125
5025389,104.065,104.09625,104.03375,104.03375,103.97125
5025390,104.19,104.22125,104.09625,104.1275,104.09625
5025392,102.61,102.64125,102.64125,102.6725,102.45375
5025397,98.53625,98.59875,98.59875,98.63,98.38
5025399,0.0,0.0,0.0,0.0,0.0
5025404,101.47125,101.53375,101.47125,101.565,101.3775
5025405,103.5475,103.51625,103.45375,103.485,103.39125
5025409,101.53375,101.53375,101.47125,101.53375,101.44
5025412,102.985,103.07875,102.95375,103.01625,102.95375
5025413,103.63875,103.70125,103.57625,103.6075,103.6075
5025414,102.6275,102.59625,102.59625,102.6275,102.47125
5025415,103.44,103.40875,103.34625,103.40875,103.28375
5025417,105.5475,105.51625,105.45375,105.485,105.45375
5025420,102.7525,102.84625,102.72125,102.7525,102.65875
5025421,102.7525,102.72125,102.65875,102.7525,102.53375
5025426,98.9425,99.03625,98.91125,98.9425,98.97375
5025429,98.6925,98.72375,98.66125,98.72375,98.53625
5025432,101.84625,101.90875,101.84625,101.94,101.7525
5025435,104.32875,104.32875,104.26625,104.36,104.235
5025438,104.065,104.09625,104.03375,104.03375,103.97125
5025440,97.9425,97.91125,97.91125,98.005,97.72375
5025441,102.0925,102.06125,101.99875,102.0925,101.99875
5025444,102.6725,102.76625,102.70375,102.735,102.51625
5025445,101.97125,102.03375,101.97125,101.97125,101.815
5025447,102.78375,102.78375,102.78375,102.815,102.7525
5025451,95.73125,95.79375,95.73125,95.825,95.6375
5025452,103.26625,103.32875,103.26625,103.36,103.1725
5025454,104.65875,104.65875,104.65875,104.65875,104.565
5025455,102.6875,102.78125,102.65625,102.75,102.59375
5025459,104.11,104.14125,104.07875,104.11,104.01625
5025462,102.03375,102.03375,101.97125,102.03375,101.815
5025463,104.7975,104.76625,104.82875,104.86,104.76625
5025468,99.38,99.41125,99.34875,99.38,99.28625
5025469,103.26625,103.32875,103.32875,103.36,103.11
5025473,100.4675,100.43625,100.49875,100.53,100.43625
5025478,104.28375,104.28375,104.22125,104.2525,104.315
5025481,98.005,98.03625,97.97375,98.0675,97.78625
5025486,99.4425,99.41125,99.34875,99.4425,99.22375
5025488,103.545,103.45125,103.45125,103.4825,103.38875
5025493,104.19,104.22125,104.09625,104.1275,104.09625
5025496,101.3775,101.47125,101.34625,101.44,101.15875
5025497,103.07625,103.13875,103.01375,103.07625,102.8575
5025501,103.395,103.42625,103.36375,103.4575,103.30125
5025504,101.8575,101.95125,101.82625,101.92,101.76375
5025507,102.7525,102.84625,102.72125,102.7525,102.65875
5025510,100.8775,100.97125,100.84625,100.94,100.78375
5025511,105.045,105.07625,105.01375,105.01375,104.95125
5025513,105.9375,105.90625,105.84375,105.875,105.84375
5025514,97.8875,97.85625,97.79375,97.825,97.91875
5025518,97.755,97.84875,97.72375,97.78625,97.72375
5025521,102.78375,102.78375,102.78375,102.815,102.7525
5025523,102.89125,102.82875,102.82875,102.89125,102.7975
5025527,98.1925,98.22375,98.16125,98.22375,98.16125
5025531,98.59875,98.59875,98.59875,98.59875,98.4425
5025533,104.4825,104.51375,104.38875,104.45125,104.32625
5025536,102.5,102.53125,102.53125,102.5625,102.46875
5025537,95.0125,94.98125,94.98125,95.075,94.91875
5025538,103.2325,103.32625,103.20125,103.2325,103.26375
5025539,103.6075,103.57625,103.57625,103.6075,103.45125
5025544,102.78375,102.78375,102.78375,102.815,102.7525
5025545,101.47125,101.53375,101.47125,101.47125,101.44
5025546,102.6725,102.76625,102.64125,102.735,102.57875
5025551,101.565,101.65875,101.53375,101.59625,101.53375
5025553,0.0,0.0,0.0,0.0,0.0
5025554,106.27,106.30125,106.17625,106.2075,106.30125
5025557,101.40875,101.40875,101.40875,101.40875,101.3775
5025558,105.09375,105.09375,105.09375,105.125,104.9375
5025561,104.17,104.20125,104.07625,104.1075,104.07625
5025564,101.19,101.22125,101.15875,101.2525,101.09625
5025566,100.69,100.72125,100.72125,100.7525,100.65875
5025568,102.985,103.07875,102.95375,103.01625,102.95375
5025572,105.2075,105.17625,105.17625,105.2075,105.05125
5025576,101.84625,101.90875,101.84625,101.94,101.7525
5025580,102.19,102.22125,102.15875,102.19,102.15875
5025582,104.03,104.06125,103.93625,103.9675,103.93625
5025583,105.17,105.20125,105.07625,105.1075,105.07625
5025585,103.26625,103.32875,103.32875,103.36,103.11
5025586,102.14125,102.20375,102.14125,102.14125,102.11
5025590,105.045,104.95125,104.95125,104.9825,104.95125
5025592,106.7975,106.76625,106.76625,106.7975,106.70375
5025594,104.985,105.01625,104.95375,104.95375,105.01625
5025596,104.78375,104.78375,104.72125,104.7525,104.69
5025598,103.95125,104.01375,103.88875,103.88875,103.9825
5025602,104.065,104.09625,104.03375,104.03375,103.97125
5025607,99.4425,99.53625,99.41125,99.4425,99.34875
5025609,103.34375,103.34375,103.28125,103.34375,103.25
5025610,100.69,100.72125,100.72125,100.7525,100.65875
5025614,102.78375,102.78375,102.78375,102.815,102.7525
5025618,101.90875,101.90875,101.90875,101.90875,101.7525
5025619,104.64125,104.57875,104.57875,104.61,104.485
5025620,105.36,105.39125,105.39125,105.4225,105.26625
5025623,104.28375,104.28375,104.22125,104.2525,104.315
5025627,99.58625,99.52375,99.52375,99.52375,99.43
5025628,101.315,101.34625,101.22125,101.315,101.22125
5025632,103.32875,103.32875,103.26625,103.36,103.235
5025634,105.26375,105.26375,105.20125,105.2325,105.295
5025636,99.59875,99.59875,99.53625,99.63,99.505
5025640,105.4375,105.40625,105.34375,105.375,105.46875
5025642,103.0625,103.15625,103.09375,103.125,102.90625
5025643,102.72125,102.72125,102.65875,102.69,102.565
5025647,103.71875,103.71875,103.65625,103.65625,103.5625
5025650,100.255,100.28625,100.22375,100.22375,100.28625
5025651,99.38,99.41125,99.34875,99.38,99.28625
5025656,103.69,103.72125,103.59625,103.6275,103.72125
5025658,101.3775,101.47125,101.34625,101.44,101.15875
5025660,104.28375,104.28375,104.22125,104.2525,104.315
5025665,100.7525,100.84625,100.78375,100.815,100.72125
5025666,102.7525,102.84625,102.72125,102.7525,102.65875
5025667,103.9225,103.95375,103.82875,103.89125,103.89125
5025671,103.17,103.07625,103.07625,103.17,103.07625
5025676,106.91,106.94125,106.81625,106.8475,106.94125
5025679,101.78375,101.78375,101.78375,101.815,101.6275
5025683,103.5475,103.51625,103.51625,103.5475,103.51625
5025686,100.40875,100.40875,100.34625,100.34625,100.3775
5025691,102.82875,102.82875,102.76625,102.76625,102.7975
5025696,105.76375,105.76375,105.70125,105.7325,105.67
5025699,104.3575,104.38875,104.32625,104.3575,104.20125
5025703,105.61,105.64125,105.51625,105.5475,105.51625
5025705,101.2525,101.34625,101.28375,101.315,101.09625
5025706,105.07625,105.07625,105.01375,105.07625,104.92
5025709,102.3575,102.45125,102.32625,102.42,102.13875
5025712,101.2525,101.34625,101.28375,101.315,101.09625
5025714,103.565,103.47125,103.47125,103.5025,103.59625
5025719,98.6925,98.72375,98.66125,98.72375,98.53625
5025722,101.795,101.82625,101.76375,101.8575,101.70125
5025723,104.78375,104.78375,104.72125,104.7525,104.69
5025727,101.43,101.46125,101.33625,101.3675,101.46125
5025728,104.28375,104.28375,104.22125,104.2525,104.315
5025730,100.38,100.41125,100.28625,100.3175,100.41125
5025733,102.90875,102.90875,102.84625,102.84625,102.94
5025736,101.90875,101.90875,101.90875,101.90875,101.7525
5025740,100.52375,100.52375,100.52375,100.555,100.4925
5025743,102.065,101.97125,101.97125,102.0025,102.03375
5025744,103.6275,103.59625,103.53375,103.565,103.65875
5025745,103.47125,103.53375,103.40875,103.40875,103.3775
5025747,104.6075,104.57625,104.51375,104.545,104.63875
5025748,102.03,102.06125,101.99875,102.03,101.99875
5025752,103.61,103.64125,103.57875,103.61,103.57875
5025753,102.78375,102.84625,102.72125,102.7525,102.6275
5025755,104.065,103.97125,103.97125,104.0025,103.97125
5025756,104.0475,104.01625,104.01625,104.0475,103.89125
5025758,100.655,100.68625,100.62375,100.7175,100.56125
5025762,100.6275,100.59625,100.59625,100.6275,100.59625
5025764,101.59625,101.65875,101.53375,101.59625,101.5025
5025766,104.89125,104.95375,104.82875,104.82875,104.7975
5025768,102.6275,102.59625,102.59625,102.6275,102.47125
5025769,97.88,97.91125,97.84875,97.9425,97.78625
5025772,102.53,102.56125,102.49875,102.53,102.37375
5025774,97.8175,97.78625,97.78625,97.8175,97.78625
5025775,104.28375,104.28375,104.22125,104.2525,104.315
5025778,105.21875,105.21875,105.15625,105.15625,105.125
5025782,105.5475,105.51625,105.45375,105.485,105.45375
5025786,101.47125,101.40875,101.40875,101.47125,101.3775
5025787,101.3775,101.47125,101.34625,101.44,101.15875
5025789,99.38,99.41125,99.34875,99.41125,99.16125
5025791,102.65875,102.72125,102.65875,102.72125,102.5025
5025793,95.3875,95.48125,95.41875,95.45,95.35625
5025795,102.5475,102.64125,102.57875,102.61,102.51625
5025796,104.61,104.64125,104.51625,104.5475,104.51625
5025799,100.19,100.22125,100.15875,100.2525,100.09625
5025800,99.66125,99.72375,99.59875,99.59875,99.6925
5025805,105.17,105.20125,105.07625,105.1075,105.07625
5025807,102.19,102.22125,102.15875,102.19,102.15875
5025808,105.15625,105.21875,105.15625,105.1875,105.0625
5025811,101.90875,101.90875,101.90875,101.90875,101.7525
5025816,101.815,101.84625,101.72125,101.815,101.59625
5025821,102.97125,103.03375,102.90875,102.90875,103.0025
5025825,102.655,102.68625,102.56125,102.655,102.43625
5025827,101.40875,101.40875,101.34625,101.34625,101.3775
5025829,103.01625,103.07875,102.95375,103.01625,102.9225
5025833,102.405,102.31125,102.37375,102.405,102.24875
5025834,103.6275,103.59625,103.53375,103.565,103.65875
5025835,104.36,104.32875,104.26625,104.32875,104.20375
5025840,104.70375,104.70375,104.70375,104.735,104.5475
5025843,104.5,104.53125,104.46875,104.5,104.34375
5025847,101.52375,101.52375,101.46125,101.4925,101.43
5025848,104.19,104.22125,104.09625,104.1275,104.09625
5025849,101.7325,101.82625,101.76375,101.795,101.70125
5025851,104.20375,104.20375,104.20375,104.235,104.1725
5025854,102.69,102.72125,102.65875,102.72125,102.47125
5025859,103.26625,103.32875,103.32875,103.36,103.11
5025860,101.1275,101.09625,101.03375,101.065,101.09625
5025864,101.84625,101.78375,101.78375,101.78375,101.69
5025869,102.19,102.22125,102.15875,102.22125,102.09625
5025871,100.03625,100.09875,100.03625,100.0675,99.9425
5025873,105.17,105.20125,105.07625,105.1075,105.07625
5025876,101.3775,101.47125,101.34625,101.44,101.15875
5025878,103.40875,103.40875,103.34625,103.34625,103.315
5025880,104.065,104.09625,104.03375,104.03375,103.97125
5025885,101.2525,101.34625,101.22125,101.315,101.15875
5025890,102.2975,102.39125,102.26625,102.36,102.20375
5025891,104.38875,104.38875,104.32625,104.32625,104.295
5025893,101.34625,101.40875,101.40875,101.44,101.315
5025897,103.485,103.57875,103.45375,103.51625,103.32875
5025898,102.19,102.22125,102.15875,102.22125,102.09625
5025900,103.20375,103.20375,103.20375,103.235,103.1725
5025901,104.36375,104.36375,104.36375,104.395,104.2075
5025902,98.755,98.78625,98.78625,98.78625,98.72375
5025904,102.19,102.22125,102.15875,102.22125,102.09625
5025909,103.5475,103.51625,103.51625,103.5475,103.51625
5025912,103.40875,103.40875,103.34625,103.34625,103.315
5025913,103.795,103.82625,103.70125,103.795,103.57625
5025916,101.34625,101.28375,101.28375,101.28375,101.315
5025921,98.53625,98.59875,98.59875,98.63,98.38
5025925,101.315,101.34625,101.28375,101.3775,101.09625
5025926,101.1275,101.22125,101.15875,101.19,101.09625
5025930,101.78375,101.78375,101.78375,101.815,101.6275
5025931,105.17,105.20125,105.07625,105.1075,105.07625
5025933,98.0675,98.16125,98.03625,98.13,97.84875
5025935,103.985,103.89125,103.95375,103.985,103.82875
5025940,101.7325,101.82625,101.76375,101.795,101.70125
5025942,105.875,105.90625,105.84375,105.84375,105.78125
5025946,103.67,103.70125,103.57625,103.67,103.57625
5025951,102.2975,102.39125,102.26625,102.36,102.20375
5025953,105.375,105.28125,105.28125,105.3125,105.40625
5025954,106.07875,106.07875,106.01625,106.0475,106.11
5025957,97.9425,98.03625,97.97375,98.005,97.78625
5025959,99.53625,99.47375,99.47375,99.47375,99.5675
5025963,102.295,102.32625,102.26375,102.3575,102.07625
5025965,105.1075,105.07625,105.01375,105.045,105.01375
5025969,100.7525,100.84625,100.78375,100.815,100.72125
5025971,103.985,104.01625,103.95375,103.985,104.01625
5025973,0.0,0.0,0.0,0.0,0.0
5025978,102.1275,102.09625,102.03375,102.065,102.09625
5025982,102.76625,102.70375,102.76625,102.76625,102.61
5025985,104.11,104.14125,104.07875,104.14125,103.89125
5025987,102.2525,102.34625,102.22125,102.2525,102.28375
5025992,103.53,103.56125,103.43625,103.4675,103.43625
5025996,103.47125,103.53375,103.40875,103.40875,103.3775
5025999,104.67,104.70125,104.57625,104.6075,104.70125
5026000,101.94,101.90875,101.90875,101.97125,101.78375
5026002,99.38,99.41125,99.34875,99.38,99.28625
5026007,102.7525,102.84625,102.72125,102.7525,102.65875
5026008,104.86,104.89125,104.89125,104.9225,104.89125
5026011,101.72125,101.78375,101.78375,101.815,101.69
5026015,101.40875,101.40875,101.34625,101.34625,101.3775
5026018,104.01625,104.07875,104.01625,104.0475,103.9225
5026023,102.19,102.22125,102.15875,102.19,102.15875
5026028,103.295,103.26375,103.20125,103.26375,103.26375
5026032,103.39125,103.45375,103.39125,103.39125,103.235
5026036,94.95,94.98125,94.98125,95.0125,94.91875
5026039,99.59875,99.59875,99.53625,99.63,99.505
5026042,104.69,104.65875,104.65875,104.72125,104.53375
5026043,104.1725,104.26625,104.14125,104.1725,104.07875
5026048,100.97375,100.97375,100.91125,100.9425,101.005
5026051,100.755,100.78625,100.72375,100.72375,100.66125
5026053,102.57625,102.63875,102.51375,102.57625,102.4825
5026056,96.95,96.98125,96.91875,96.95,96.79375
5026059,105.76375,105.76375,105.70125,105.7325,105.67
5026064,98.41125,98.34875,98.34875,98.38,98.38
5026065,98.53625,98.47375,98.47375,98.47375,98.38
5026070,103.15625,103.21875,103.21875,103.25,103.125
5026074,102.17,102.20125,102.20125,102.2325,102.01375
5026079,100.88,100.91125,100.78625,100.8175,100.78625
5026083,102.53375,102.59625,102.53375,102.59625,102.5025
5026088,95.3875,95.35625,95.41875,95.45,95.23125
5026089,104.07875,104.14125,104.07875,104.14125,103.9225
5026093,95.575,95.60625,95.54375,95.6375,95.35625
5026095,102.0025,101.84625,101.90875,101.94,101.97125
5026099,102.2975,102.39125,102.26625,102.36,102.20375
5026100,103.3775,103.40875,103.34625,103.3775,103.22125
5026103,104.09625,104.09625,104.03375,104.09625,103.94
5026107,103.94,103.97125,103.97125,104.0025,103.84625
5026112,104.11,104.14125,104.01625,104.0475,104.14125
5026117,104.1275,104.09625,104.03375,104.065,104.03375
5026119,104.28375,104.28375,104.22125,104.2525,104.315
5026124,103.69,103.72125,103.59625,103.6275,103.72125
5026125,105.25,105.21875,105.15625,105.21875,105.09375
5026126,102.6275,102.59625,102.59625,102.6275,102.47125
5026129,102.19,102.22125,102.15875,102.19,102.15875
5026134,104.985,105.01625,104.89125,104.9225,105.01625
5026135,103.295,103.32625,103.20125,103.295,103.20125
5026140,101.03,101.06125,100.99875,101.0925,100.93625
5026143,104.6075,104.57625,104.51375,104.545,104.51375
5026145,102.0025,101.97125,101.97125,101.97125,101.97125
5026148,105.17,105.20125,105.07625,105.1075,105.07625
5026149,103.19,103.22125,103.09625,103.1275,103.09625
5026154,102.1275,102.09625,102.03375,102.065,102.09625
5026156,102.1725,102.26625,102.20375,102.235,102.14125
5026160,97.8175,97.78625,97.72375,97.755,97.78625
5026161,103.61,103.64125,103.57875,103.61,103.64125
5026163,100.4925,100.46125,100.39875,100.4925,100.27375
5026165,104.065,104.09625,103.97125,104.0025,104.09625
5026166,104.38875,104.38875,104.32625,104.32625,104.295
5026168,104.32875,104.32875,104.26625,104.26625,104.36
5026170,98.16125,98.22375,98.16125,98.255,98.0675
5026171,0.0,0.0,0.0,0.0,0.0
5026173,0.0,0.0,0.0,0.0,0.0
5026178,102.235,102.26625,102.20375,102.2975,102.14125
5026179,99.315,99.34625,99.34625,99.3775,99.28375
5026184,102.1275,102.09625,102.03375,102.065,102.09625
5026187,103.5,103.40625,103.40625,103.5,103.28125
5026190,101.19,101.22125,101.22125,101.2525,101.03375
5026191,98.66125,98.72375,98.66125,98.755,98.4425
5026192,102.94,102.90875,102.84625,102.90875,102.90875
5026196,102.2525,102.22125,102.15875,102.2525,102.15875
5026199,100.69,100.72125,100.72125,100.7525,100.65875
5026200,103.0025,103.03375,102.90875,102.97125,102.97125
5026203,103.565,103.59625,103.53375,103.53375,103.59625
5026207,102.6875,102.78125,102.65625,102.75,102.59375
5026209,102.90875,102.90875,102.84625,102.84625,102.94
5026212,104.26625,104.20375,104.20375,104.20375,104.2975
5026213,104.38875,104.38875,104.32625,104.32625,104.295
5026216,102.0025,101.84625,101.90875,101.94,101.97125
5026220,102.6875,102.78125,102.65625,102.75,102.46875
5026223,103.5025,103.53375,103.40875,103.47125,103.34625
5026228,102.19,102.22125,102.15875,102.19,102.15875
5026229,101.78375,101.78375,101.78375,101.815,101.6275
5026230,95.5125,95.48125,95.48125,95.575,95.29375
5026232,103.78375,103.78375,103.72125,103.7525,103.69
5026235,102.93625,102.93625,102.87375,102.93625,102.78
5026240,104.3575,104.26375,104.26375,104.32625,104.20125
5026243,101.74875,101.74875,101.74875,101.74875,101.5925
5026246,103.20125,103.13875,103.13875,103.17,103.045
5026251,104.5,104.53125,104.46875,104.5,104.40625
5026252,100.03625,100.09875,100.03625,100.0675,99.9425
5026255,102.5025,102.34625,102.40875,102.44,102.34625
5026260,100.7525,100.84625,100.78375,100.815,100.72125
5026261,102.5025,102.47125,102.40875,102.44,102.47125
5026266,105.76375,105.76375,105.70125,105.7325,105.67
5026268,103.59625,103.59625,103.53375,103.59625,103.565
5026270,104.51625,104.45375,104.45375,104.485,104.485
5026274,101.97125,102.03375,101.97125,102.065,101.7525
5026279,103.40875,103.40875,103.34625,103.34625,103.315
5026283,100.09875,100.09875,100.03625,100.13,99.88
5026286,102.78375,102.84625,102.72125,102.7525,102.6275
5026290,104.19,104.22125,104.09625,104.1275,104.09625
5026294,103.9225,103.89125,103.89125,103.89125,103.76625
5026299,103.485,103.39125,103.39125,103.4225,103.45375
5026302,102.1725,102.26625,102.20375,102.235,102.14125
5026306,102.11,102.14125,102.14125,102.1725,102.07875
5026310,102.065,102.09625,102.09625,102.09625,102.03375
5026312,102.315,102.34625,102.22125,102.315,102.22125
5026316,103.6725,103.76625,103.64125,103.6725,103.70375
5026317,103.7325,103.70125,103.63875,103.7325,103.51375
5026318,97.9425,98.03625,97.97375,98.005,97.78625
5026321,104.32625,104.38875,104.32625,104.3575,104.2325
5026324,101.905,101.81125,101.81125,101.8425,101.87375
5026325,102.6275,102.59625,102.53375,102.565,102.47125
5026328,104.57625,104.57625,104.51375,104.57625,104.545
5026333,100.69,100.72125,100.72125,100.7525,100.65875
5026335,102.485,102.51625,102.51625,102.5475,102.45375
5026338,103.0025,103.03375,102.90875,102.97125,102.97125
5026339,95.98125,95.91875,95.91875,95.95,95.95
5026343,103.565,103.59625,103.53375,103.53375,103.59625
5026345,97.8175,97.78625,97.78625,97.8175,97.78625
5026346,103.5475,103.51625,103.51625,103.5475,103.39125
5026347,100.7525,100.84625,100.78375,100.815,100.72125
5026351,96.575,96.60625,96.48125,96.575,96.48125
5026352,103.70125,103.70125,103.63875,103.67,103.545
5026357,102.19,102.22125,102.15875,102.19,102.22125
5026360,102.485,102.51625,102.51625,102.5475,102.45375
5026363,98.43,98.46125,98.46125,98.4925,98.39875
5026366,102.19,102.22125,102.15875,102.19,102.15875
5026370,104.92,104.95125,104.95125,104.9825,104.82625
5026373,98.88,98.91125,98.84875,98.88,98.91125
5026376,99.53625,99.59875,99.53625,99.5675,99.5675
5026381,103.0,103.03125,103.03125,103.0625,102.84375
5026384,99.47375,99.53625,99.41125,99.4425,99.3175
5026389,101.56125,101.49875,101.49875,101.53,101.53
5026392,103.795,103.82625,103.70125,103.795,103.57625
5026395,102.2525,102.22125,102.15875,102.2525,102.15875
5026400,102.11,102.14125,102.14125,102.1725,102.07875
5026401,101.065,101.09625,101.09625,101.1275,101.03375
5026404,102.6725,102.64125,102.64125,102.735,102.45375
5026409,103.565,103.59625,103.53375,103.53375,103.59625
5026412,103.34625,103.40875,103.28375,103.28375,103.3775
5026417,102.0025,101.97125,101.97125,101.97125,101.97125
5026422,104.5,104.53125,104.46875,104.5,104.40625
5026427,98.47375,98.47375,98.47375,98.505,98.4425
5026429,102.2525,102.22125,102.15875,102.2525,102.15875
5026430,105.13875,105.13875,105.13875,105.13875,105.17
5026435,102.1725,102.26625,102.20375,102.235,102.14125
5026436,101.34625,101.40875,101.40875,101.44,101.315
5026439,103.22125,103.15875,103.15875,103.19,103.065
5026441,104.36375,104.36375,104.36375,104.395,104.2075
5026444,102.90875,102.90875,102.84625,102.84625,102.94
5026446,103.045,103.13875,103.01375,103.07625,102.88875
5026449,103.3775,103.28375,103.28375,103.34625,103.22125
5026450,102.7525,102.84625,102.72125,102.7525,102.65875
5026454,100.69,100.72125,100.72125,100.7525,100.65875
5026459,102.19,102.22125,102.15875,102.19,102.22125
5026463,97.0125,96.98125,96.91875,97.0125,96.79375
5026466,102.3425,102.18625,102.24875,102.28,102.18625
5026467,101.9675,101.93625,101.93625,101.9675,101.93625
5026470,101.97125,102.03375,101.97125,102.065,101.7525
5026472,100.88,100.91125,100.78625,100.8175,100.78625
5026476,103.86,103.89125,103.95375,103.985,103.70375
5026480,103.9675,103.93625,103.87375,103.905,103.87375
5026485,104.1725,104.14125,104.07875,104.1725,103.95375
5026487,102.22125,102.22125,102.15875,102.19,102.19
5026490,99.53625,99.47375,99.47375,99.47375,99.5675
5026492,104.065,104.09625,103.97125,104.0025,104.09625
5026493,100.97125,101.03375,100.97125,101.065,100.7525
5026496,102.94,102.90875,102.84625,102.90875,102.90875
5026501,100.88,100.91125,100.78625,100.8175,100.78625
5026506,105.70375,105.70375,105.64125,105.6725,105.61
5026511,103.2325,103.20125,103.13875,103.2325,103.13875
5026512,102.90875,102.90875,102.84625,102.84625,102.94
5026516,102.72125,102.65875,102.65875,102.69,102.69
5026517,102.565,102.47125,102.47125,102.5025,102.40875
5026519,101.065,100.97125,101.03375,101.065,100.90875
5026523,104.065,104.09625,104.03375,104.03375,103.97125
5026524,103.82625,103.88875,103.82625,103.8575,103.8575
5026527,104.28375,104.28375,104.22125,104.2525,104.315
5026530,105.61,105.64125,105.51625,105.5475,105.51625
5026534,101.34625,101.40875,101.40875,101.44,101.315
5026539,103.20125,103.20125,103.13875,103.17,103.17
5026544,102.03375,102.03375,101.97125,102.03375,101.815
5026546,103.17,103.20125,103.13875,103.17,103.13875
5026551,95.0125,95.10625,95.04375,95.075,94.98125
5026556,97.38,97.41125,97.41125,97.4425,97.34875
5026559,103.01375,103.01375,102.95125,103.01375,102.795
5026564,101.59625,101.65875,101.53375,101.59625,101.5025
5026567,101.47125,101.53375,101.47125,101.47125,101.44
5026568,103.295,103.32625,103.20125,103.295,103.20125
5026570,98.59875,98.59875,98.59875,98.59875,98.4425
5026572,103.545,103.45125,103.51375,103.545,103.38875
5026573,99.3175,99.28625,99.28625,99.3175,99.16125
5026574,101.47125,101.53375,101.47125,101.565,101.3775
5026575,102.69,102.72125,102.65875,102.69,102.59625
5026577,99.4425,99.53625,99.41125,99.4425,99.34875
5026581,103.26625,103.20375,103.20375,103.20375,103.11
5026582,99.005,99.03625,98.91125,99.005,98.91125
5026586,104.32625,104.38875,104.26375,104.26375,104.3575
5026589,100.28625,100.28625,100.22375,100.28625,100.255
5026591,100.38,100.41125,100.28625,100.3175,100.41125
5026595,105.26375,105.26375,105.20125,105.2325,105.295
5026596,102.2525,102.22125,102.15875,102.2525,102.15875
5026600,103.40875,103.40875,103.34625,103.34625,103.315
5026605,104.19,104.15875,104.15875,104.22125,104.15875
5026608,102.735,102.76625,102.70375,102.7975,102.51625
5026611,101.34625,101.28375,101.28375,101.28375,101.315
5026613,103.565,103.59625,103.53375,103.53375,103.59625
5026616,102.92,102.88875,102.88875,102.95125,102.76375
5026619,102.90875,102.90875,102.84625,102.84625,102.94
5026620,103.44,103.40875,103.34625,103.40875,103.28375
5026622,103.3775,103.28375,103.28375,103.34625,103.22125
5026627,97.4425,97.53625,97.47375,97.505,97.41125
5026630,100.09875,100.09875,100.03625,100.03625,100.005
5026633,101.2525,101.22125,101.15875,101.2525,101.15875
5026635,102.6725,102.76625,102.70375,102.735,102.51625
5026639,99.3175,99.28625,99.28625,99.3175,99.16125
5026643,98.91875,98.91875,98.85625,98.8875,98.95
5026645,104.32875,104.32875,104.26625,104.26625,104.36
5026648,102.19,102.22125,102.15875,102.19,102.15875
5026650,103.1275,103.09625,103.03375,103.065,103.03375
5026654,102.36,102.26625,102.32875,102.36,102.32875
5026659,102.97125,103.03375,102.90875,102.90875,103.0025
5026663,104.59375,104.59375,104.59375,104.625,104.5625
5026665,101.97125,102.03375,101.97125,102.065,101.7525
5026668,104.28375,104.28375,104.22125,104.2525,104.315
5026669,102.5475,102.64125,102.57875,102.61,102.51625
5026672,102.19,102.22125,102.15875,102.19,102.22125
5026675,0.0,0.0,0.0,0.0,0.0
5026679,106.20375,106.20375,106.14125,106.1725,106.11
5026682,103.20375,103.20375,103.20375,103.235,103.0475
5026687,102.90875,102.90875,102.84625,102.84625,102.94
5026690,105.17,105.20125,105.07625,105.1075,105.07625
5026693,105.485,105.39125,105.39125,105.4225,105.39125
5026696,102.2525,102.22125,102.15875,102.2525,102.15875
5026699,101.18625,101.24875,101.24875,101.28,101.03
5026701,102.84625,102.90875,102.84625,102.8775,102.8775
5026704,104.03,104.06125,103.93625,103.9675,103.93625
5026709,100.7525,100.84625,100.78375,100.815,100.72125
5026712,102.065,101.97125,101.97125,102.0025,102.03375
5026717,102.11,102.14125,102.14125,102.1725,102.07875
5026719,104.5,104.53125,104.46875,104.5,104.40625
5026722,102.69,102.72125,102.65875,102.69,102.59625
5026723,101.19,101.22125,101.15875,101.19,101.15875
5026727,103.6725,103.64125,103.57875,103.6725,103.57875
5026731,102.74875,102.74875,102.68625,102.78,102.655
5026734,103.1075,103.07625,103.07625,103.1075,103.07625
5026739,102.7525,102.84625,102.72125,102.7525,102.65875
5026741,0.0,0.0,0.0,0.0,0.0
5026746,102.28375,102.34625,102.22125,102.2525,102.2525
5026750,102.84625,102.78375,102.78375,102.78375,102.8775
5026752,103.17,103.20125,103.13875,103.17,103.13875
5026756,103.565,103.59625,103.53375,103.53375,103.59625
5026758,102.69,102.72125,102.65875,102.69,102.53375
5026763,104.065,104.09625,104.03375,104.03375,103.97125
5026768,104.59375,104.65625,104.53125,104.5625,104.4375
5026772,103.51625,103.57875,103.45375,103.51625,103.2975
5026777,102.065,101.97125,101.97125,102.0025,102.03375
5026780,101.1275,101.22125,101.15875,101.19,101.09625
5026781,103.61,103.51625,103.51625,103.61,103.51625
5026784,100.1925,100.22375,100.09875,100.16125,100.03625
5026785,98.66125,98.72375,98.66125,98.755,98.4425
5026787,104.38875,104.38875,104.32625,104.42,104.17
5026791,100.16125,100.22375,100.09875,100.09875,100.0675
5026793,102.78375,102.78375,102.78375,102.815,102.7525
5026795,101.47125,101.53375,101.47125,101.47125,101.44
5026797,101.47125,101.40875,101.40875,101.47125,101.3775
5026801,96.325,96.23125,96.29375,96.325,96.29375
5026803,103.4675,103.43625,103.37375,103.405,103.49875
5026808,102.69,102.72125,102.65875,102.69,102.59625
5026811,103.5025,103.53375,103.40875,103.47125,103.34625
5026814,100.84625,100.90875,100.84625,100.94,100.7525
5026819,104.03,104.06125,103.93625,103.9675,103.93625
5026822,99.04375,99.04375,98.98125,99.0125,98.95
5026825,105.9375,105.90625,105.84375,105.875,105.84375
5026829,97.23125,97.29375,97.16875,97.16875,97.2625
5026833,103.5475,103.51625,103.45375,103.485,103.51625
5026836,104.89125,104.95375,104.82875,104.82875,104.7975
5026839,101.93,101.96125,101.83625,101.8675,101.83625
5026841,102.57625,102.63875,102.51375,102.57625,102.4825
5026845,103.17,103.20125,103.13875,103.17,103.13875
5026849,102.565,102.59625,102.59625,102.69,102.34625
5026853,104.11,104.14125,104.07875,104.14125,103.89125
5026857,0.0,0.0,0.0,0.0,0.0
5026862,104.3575,104.26375,104.26375,104.32625,104.20125
5026864,103.59625,103.59625,103.53375,103.59625,103.565
5026868,105.09375,105.09375,105.09375,105.125,104.9375
5026869,103.44,103.40875,103.34625,103.40875,103.28375
5026873,102.9225,102.95375,102.89125,102.95375,102.89125
5026877,100.16125,100.22375,100.09875,100.09875,100.0675
5026882,104.09625,104.09625,104.03375,104.09625,103.94
5026883,0.0,0.0,0.0,0.0,0.0
5026887,101.5675,101.53625,101.53625,101.5675,101.59875
5026890,102.2325,102.20125,102.20125,102.295,102.01375
5026893,102.94,102.90875,102.84625,102.90875,102.90875
5026898,97.9425,98.03625,97.97375,98.005,97.78625
5026899,104.70375,104.70375,104.70375,104.735,104.5475
5026900,104.28375,104.28375,104.22125,104.2525,104.315
5026901,101.72125,101.78375,101.78375,101.815,101.69
5026904,103.985,104.01625,103.95375,103.985,104.01625
5026909,104.44125,104.44125,104.37875,104.41,104.41
5026914,103.69,103.72125,103.59625,103.6275,103.59625
5026919,100.69,100.72125,100.72125,100.7525,100.65875
5026924,97.73125,97.79375,97.66875,97.66875,97.6375
5026927,100.6275,100.59625,100.59625,100.6275,100.59625
5026931,101.3775,101.47125,101.34625,101.44,101.15875
5026933,104.76625,104.82875,104.76625,104.7975,104.6725
5026936,96.325,96.23125,96.29375,96.325,96.29375
5026941,102.2525,102.34625,102.22125,102.2525,102.28375
5026946,105.4375,105.40625,105.34375,105.375,105.46875
5026948,98.8175,98.78625,98.78625,98.8175,98.78625
5026949,100.28625,100.28625,100.22375,100.28625,100.13
5026952,104.78375,104.78375,104.72125,104.7525,104.69
5026954,102.735,102.76625,102.76625,102.76625,102.70375
5026959,102.6725,102.64125,102.64125,102.735,102.45375
5026964,102.97125,103.03375,102.90875,102.90875,103.0025
5026967,105.1075,105.07625,105.01375,105.045,105.01375
5026968,103.6725,103.64125,103.57875,103.6725,103.57875
5026971,102.4825,102.51375,102.45125,102.51375,102.45125
5026974,102.19,102.22125,102.15875,102.19,102.22125
5026979,104.11,104.14125,104.07875,104.11,104.01625
5026980,105.61,105.57875,105.57875,105.64125,105.57875
5026981,102.32625,102.38875,102.38875,102.42,102.295
5026984,101.6725,101.76625,101.70375,101.735,101.51625
5026988,104.065,103.97125,103.97125,104.0025,103.97125
5026992,100.755,100.78625,100.72375,100.72375,100.66125
5026995,102.545,102.63875,102.51375,102.57625,102.51375
5027000,105.9375,105.90625,105.84375,105.875,105.84375
5027001,101.40875,101.40875,101.40875,101.40875,101.3775
5027005,102.19,102.22125,102.15875,102.19,102.15875
5027007,104.32625,104.38875,104.32625,104.3575,104.2325
5027010,103.985,104.01625,104.01625,104.11,103.76625
5027013,101.72125,101.78375,101.78375,101.815,101.69
5027014,103.40875,103.40875,103.34625,103.44,103.19
5027016,103.44,103.40875,103.34625,103.40875,103.28375
5027019,100.02375,100.02375,100.02375,100.055,99.8675
5027023,101.065,100.97125,101.03375,101.065,100.90875
5027026,107.36375,107.36375,107.30125,107.3325,107.27
5027028,102.1275,102.09625,102.09625,102.1275,102.09625
5027029,103.44,103.47125,103.34625,103.3775,103.34625
5027034,102.5475,102.51625,102.45375,102.485,102.51625
5027037,103.2325,103.20125,103.13875,103.2325,103.13875
5027041,103.565,103.47125,103.47125,103.5025,103.59625
5027044,106.0,106.03125,105.90625,105.9375,105.90625
5027049,104.65625,104.59375,104.59375,104.59375,104.6875
5027052,103.985,103.89125,103.89125,103.9225,103.82875
5027055,97.755,97.66125,97.72375,97.755,97.59875
5027057,102.90875,102.90875,102.84625,102.84625,102.94
5027060,104.0475,104.01625,104.01625,104.0475,103.95375
5027065,103.47125,103.53375,103.40875,103.40875,103.3775
5027069,103.6275,103.59625,103.53375,103.565,103.65875
5027074,102.78375,102.78375,102.78375,102.815,102.7525
5027078,104.67,104.70125,104.57625,104.6075,104.70125
5027081,99.59875,99.59875,99.53625,99.53625,99.63
5027086,104.5,104.53125,104.46875,104.5,104.34375
5027087,104.19,104.22125,104.09625,104.1275,104.09625
5027088,103.5475,103.51625,103.45375,103.485,103.51625
5027091,104.38875,104.38875,104.32625,104.42,104.17
5027093,100.88,100.91125,100.78625,100.8175,100.78625
5027095,103.26625,103.20375,103.26625,103.26625,103.11
5027099,103.6725,103.76625,103.64125,103.6725,103.70375
5027103,102.65875,102.72125,102.65875,102.72125,102.5025
5027105,100.315,100.34625,100.28375,100.3775,100.22125
5027109,102.5925,102.56125,102.49875,102.5925,102.37375
5027110,103.9225,103.95375,103.82875,103.89125,103.76625
5027111,98.755,98.78625,98.78625,98.78625,98.72375
5027115,0.0,0.0,0.0,0.0,0.0
5027119,100.8775,100.97125,100.84625,100.94,100.78375
5027121,103.61,103.64125,103.57875,103.64125,103.51625
5027122,104.9225,104.95375,104.82875,104.89125,104.76625
5027125,100.69,100.72125,100.65875,100.69,100.65875
5027126,105.1075,105.07625,105.01375,105.045,105.01375
5027127,103.4825,103.45125,103.45125,103.45125,103.32625
5027132,102.4675,102.43625,102.37375,102.405,102.31125
5027133,103.7325,103.70125,103.63875,103.7325,103.51375
5027134,103.69,103.72125,103.59625,103.6275,103.72125
5027135,105.76375,105.76375,105.70125,105.7325,105.67
5027140,103.565,103.59625,103.53375,103.53375,103.59625
5027141,101.72125,101.78375,101.78375,101.815,101.69
5027143,103.77,103.80125,103.73875,103.77,103.73875
5027147,101.59625,101.65875,101.53375,101.59625,101.5025
5027150,100.315,100.34625,100.28375,100.315,100.28375
5027151,98.755,98.78625,98.78625,98.78625,98.72375
5027155,102.1275,102.09625,102.09625,102.1275,102.09625
5027159,99.91125,99.84875,99.84875,99.88,99.755
5027160,98.005,98.03625,97.97375,98.0675,97.78625
5027164,99.34875,99.41125,99.34875,99.41125,99.1925
5027165,101.1275,101.09625,101.09625,101.1275,100.97125
5027170,102.76625,102.82875,102.82875,102.86,102.735
5027173,98.03625,98.09875,98.09875,98.13,98.005
5027176,102.78375,102.78375,102.78375,102.815,102.7525
5027179,100.905,100.93625,100.93625,100.9675,100.87375
5027183,106.0,106.03125,105.90625,105.9375,105.90625
5027187,99.97375,99.97375,99.97375,100.005,99.8175
5027190,102.44,102.34625,102.34625,102.3775,102.40875
5027195,100.13,100.09875,100.03625,100.09875,99.97375
5027196,103.59625,103.59625,103.53375,103.59625,103.565
5027200,104.11,104.14125,104.07875,104.11,104.01625
5027205,101.34625,101.40875,101.40875,101.44,101.315
5027207,95.575,95.60625,95.48125,95.575,95.48125
5027211,98.97375,99.03625,98.91125,98.9425,98.9425
5027215,96.3875,96.35625,96.29375,96.325,96.35625
5027219,0.0,0.0,0.0,0.0,0.0
5027222,97.6925,97.66125,97.66125,97.6925,97.66125
5027225,105.875,105.90625,105.84375,105.84375,105.78125
5027230,98.755,98.66125,98.72375,98.755,98.72375
5027235,102.94,102.90875,102.84625,102.90875,102.90875
5027240,101.28375,101.28375,101.28375,101.315,101.2525
5027243,104.19,104.22125,104.09625,104.1275,104.09625
5027244,95.575,95.60625,95.54375,95.6375,95.35625
5027246,102.69,102.72125,102.65875,102.69,102.59625
5027251,102.4675,102.43625,102.37375,102.4675,102.37375
5027256,0.0,0.0,0.0,0.0,0.0
5027259,102.78,102.74875,102.68625,102.74875,102.74875
5027260,99.6925,99.72375,99.59875,99.66125,99.66125
5027264,103.47125,103.53375,103.40875,103.40875,103.3775
5027265,99.255,99.16125,99.16125,99.1925,99.09875
5027270,101.19,101.22125,101.22125,101.2525,101.03375
5027275,102.09625,102.15875,102.03375,102.09625,101.8775
5027280,101.40875,101.40875,101.34625,101.34625,101.3775
5027284,103.26625,103.32875,103.32875,103.36,103.11
5027286,106.20375,106.20375,106.14125,106.1725,106.11
5027287,104.03,104.06125,103.93625,103.9675,103.93625
5027292,104.1275,104.09625,104.03375,104.065,104.03375
5027293,102.065,101.97125,102.03375,102.065,102.03375
5027294,102.78375,102.84625,102.72125,102.7525,102.6275
5027295,103.735,103.76625,103.64125,103.735,103.64125
5027297,98.6925,98.72375,98.66125,98.72375,98.53625
5027302,101.97125,102.03375,101.97125,102.065,101.7525
5027305,104.1275,104.09625,104.03375,104.065,104.03375
5027306,102.0025,102.03375,101.90875,101.97125,101.97125
5027309,106.46875,106.46875,106.46875,106.46875,106.375
5027312,101.3775,101.47125,101.34625,101.44,101.15875
5027315,101.53375,101.53375,101.47125,101.53375,101.44
5027317,103.39125,103.45375,103.39125,103.39125,103.235
5027322,103.64125,103.64125,103.57875,103.61,103.61
5027324,101.6725,101.76625,101.64125,101.735,101.57875
5027328,103.76375,103.82625,103.70125,103.7325,103.6075
5027333,102.90875,102.90875,102.84625,102.94,102.815
5027336,100.7525,100.72125,100.72125,100.815,100.65875
5027341,104.285,104.31625,104.31625,104.3475,104.25375
5027342,99.1925,99.16125,99.16125,99.1925,99.16125
5027345,104.19,104.22125,104.09625,104.1275,104.09625
5027346,104.11,104.14125,104.07875,104.14125,103.89125
5027349,102.8775,102.90875,102.84625,102.8775,102.84625
5027354,100.69,100.72125,100.72125,100.7525,100.65875
5027355,100.69,100.72125,100.72125,100.7525,100.65875
5027360,99.4425,99.53625,99.41125,99.4425,99.34875
5027364,106.0,106.03125,105.90625,105.9375,105.90625
5027366,101.19,101.22125,101.15875,101.19,101.03375
5027367,103.4225,103.39125,103.39125,103.39125,103.39125
5027370,101.59625,101.65875,101.53375,101.59625,101.5025
5027373,99.005,99.03625,98.91125,99.005,98.91125
5027374,102.19,102.22125,102.15875,102.19,102.15875
5027375,102.57625,102.63875,102.51375,102.57625,102.4825
5027376,104.1275,104.09625,104.03375,104.065,104.03375
5027378,102.6275,102.59625,102.53375,102.565,102.47125
5027383,104.1725,104.14125,104.07875,104.1725,103.95375
5027385,0.0,0.0,0.0,0.0,0.0
5027389,102.69,102.72125,102.65875,102.69,102.59625
5027394,97.38,97.41125,97.41125,97.4425,97.34875
5027398,102.78375,102.78375,102.78375,102.815,102.7525
5027400,95.85625,95.91875,95.79375,95.85625,95.7625
5027402,97.88,97.91125,97.84875,97.9425,97.78625
5027407,98.4925,98.46125,98.46125,98.555,98.27375
5027409,104.38875,104.38875,104.32625,104.32625,104.295
5027412,102.90875,102.90875,102.84625,102.94,102.815
5027415,102.815,102.84625,102.72125,102.815,102.59625
5027420,98.88,98.91125,98.84875,98.91125,98.78625
5027424,104.42,104.38875,104.32625,104.38875,104.26375
5027426,105.11,105.14125,105.01625,105.0475,105.14125
5027427,101.1275,101.22125,101.15875,101.19,101.09625
5027431,100.47375,100.47375,100.41125,100.4425,100.38
5027432,104.19,104.22125,104.09625,104.1275,104.09625
5027435,102.19,102.22125,102.15875,102.22125,102.09625
5027439,102.89125,102.95375,102.89125,102.89125,102.86
5027441,103.5475,103.51625,103.51625,103.5475,103.51625
5027444,105.485,105.51625,105.45375,105.45375,105.39125
5027445,105.76375,105.76375,105.70125,105.7325,105.67
5027449,102.5625,102.65625,102.59375,102.625,102.53125
5027451,101.9675,101.93625,101.93625,101.9675,101.99875
5027454,104.625,104.65625,104.53125,104.625,104.40625
5027456,103.6075,103.57625,103.57625,103.6075,103.45125
5027457,103.53,103.56125,103.43625,103.4675,103.56125
5027462,98.9425,98.91125,98.84875,98.9425,98.84875
5027467,102.295,102.32625,102.26375,102.3575,102.07625
5027470,102.69,102.72125,102.65875,102.72125,102.47125
5027472,103.40875,103.40875,103.34625,103.34625,103.315
5027473,98.09875,98.09875,98.09875,98.09875,98.0675
5027477,103.6725,103.64125,103.57875,103.6725,103.57875
5027479,102.84625,102.90875,102.84625,102.8775,102.8775
5027483,102.86,102.76625,102.76625,102.7975,102.82875
5027488,101.53375,101.53375,101.47125,101.53375,101.44
5027492,106.91,106.94125,106.81625,106.8475,106.94125
5027497,0.0,0.0,0.0,0.0,0.0
5027500,103.735,103.76625,103.64125,103.735,103.64125
5027503,103.39125,103.45375,103.39125,103.39125,103.235
5027504,106.09375,106.09375,106.03125,106.0625,106.125
5027508,102.53,102.43625,102.43625,102.53,102.31125
5027511,99.97375,99.97375,99.91125,99.9425,100.005
5027514,102.90875,102.90875,102.84625,102.94,102.815
5027517,0.0,0.0,0.0,0.0,0.0
5027522,104.32625,104.38875,104.32625,104.3575,104.2325
5027524,100.88,100.91125,100.78625,100.8175,100.78625
5027527,101.40875,101.40875,101.40875,101.40875,101.3775
5027528,104.42,104.38875,104.32625,104.38875,104.26375
5027530,104.28375,104.28375,104.22125,104.2525,104.315
5027534,101.97125,102.03375,101.97125,101.97125,101.815
5027536,104.05125,104.11375,104.05125,104.05125,104.02
5027540,103.0025,103.03375,102.90875,102.97125,102.97125
5027542,102.44,102.34625,102.34625,102.3775,102.40875
5027544,104.71875,104.71875,104.65625,104.65625,104.75
5027549,101.97125,102.03375,101.97125,102.065,101.7525
5027552,101.97125,101.90875,101.90875,101.97125,101.7525
5027557,101.28375,101.15875,101.22125,101.22125,101.2525
5027560,103.9825,104.01375,103.88875,103.95125,103.95125
5027565,102.1275,102.09625,102.09625,102.1275,102.09625
5027568,101.19,101.22125,101.15875,101.19,101.03375
5027570,100.40875,100.40875,100.40875,100.40875,100.3775
5027573,103.405,103.43625,103.37375,103.37375,103.43625
5027577,98.09875,98.09875,98.09875,98.09875,98.0675
5027578,101.815,101.84625,101.72125,101.815,101.72125
5027579,101.47125,101.53375,101.47125,101.565,101.3775
5027584,96.35625,96.41875,96.29375,96.35625,96.1375
5027587,106.46875,106.46875,106.40625,106.4375,106.5
5027591,103.565,103.59625,103.53375,103.53375,103.59625
5027595,0.0,0.0,0.0,0.0,0.0
5027596,105.3775,105.34625,105.34625,105.3775,105.28375
5027601,101.94,101.90875,101.90875,101.97125,101.78375
5027605,102.815,102.84625,102.72125,102.815,102.59625
5027609,103.44,103.40875,103.34625,103.40875,103.28375
5027614,103.39125,103.45375,103.39125,103.39125,103.235
5027618,101.905,101.81125,101.81125,101.8425,101.87375
5027623,104.0475,104.01625,103.95375,103.985,103.89125
5027624,103.69,103.72125,103.59625,103.6275,103.72125
5027626,99.53625,99.59875,99.53625,99.5675,99.5675
5027630,102.65875,102.72125,102.59625,102.6275,102.6275
5027632,103.70375,103.76625,103.64125,103.6725,103.6725
5027633,103.40875,103.40875,103.34625,103.34625,103.315
5027635,103.6275,103.59625,103.53375,103.565,103.65875
5027637,104.0,104.03125,103.96875,104.03125,103.90625
5027642,102.2525,102.34625,102.22125,102.2525,102.28375
5027646,100.28625,100.28625,100.22375,100.28625,100.255
5027651,102.44,102.47125,102.47125,102.47125,102.40875
5027654,102.065,102.09625,102.09625,102.09625,102.03375
5027658,104.3575,104.26375,104.26375,104.32625,104.20125
5027661,103.27,103.30125,103.23875,103.27,103.23875
5027665,103.4225,103.39125,103.39125,103.39125,103.39125
5027667,102.1275,102.09625,102.03375,102.065,102.09625
5027671,104.59375,104.65625,104.53125,104.5625,104.4375
5027672,102.065,101.97125,102.03375,102.065,102.03375
5027676,103.4225,103.39125,103.39125,103.39125,103.39125
5027679,102.565,102.59625,102.59625,102.59625,102.40875
5027683,105.1075,105.07625,105.01375,105.045,105.01375
5027686,102.89125,102.82875,102.82875,102.89125,102.7975
5027690,102.5925,102.68625,102.56125,102.5925,102.49875
5027694,103.545,103.57625,103.57625,103.57625,103.38875
5027696,102.485,102.51625,102.51625,102.5475,102.45375
5027701,98.09875,98.09875,98.09875,98.09875,98.0675
5027702,101.97125,102.03375,101.97125,101.97125,101.815
5027704,100.16125,100.16125,100.09875,100.16125,100.13
5027709,102.17,102.20125,102.13875,102.17,102.01375
5027712,104.62375,104.62375,104.56125,104.5925,104.53
5027714,97.88,97.91125,97.91125,97.9425,97.72375
5027715,105.36,105.39125,105.39125,105.4225,105.26625
5027720,99.505,99.53625,99.41125,99.505,99.28625
5027724,101.1275,101.09625,101.09625,101.1275,100.97125
5027725,103.545,103.45125,103.45125,103.4825,103.38875
5027728,101.065,100.97125,100.97125,101.0025,101.03375
5027733,102.065,102.09625,102.09625,102.09625,102.03375
5027737,100.7525,100.84625,100.78375,100.815,100.72125
5027741,102.565,102.47125,102.47125,102.5025,102.40875
5027743,101.47125,101.53375,101.47125,101.47125,101.44
5027745,104.70375,104.70375,104.70375,104.735,104.5475
5027748,102.19,102.22125,102.15875,102.22125,102.09625
5027751,98.22375,98.28625,98.22375,98.28625,98.1925
5027755,104.7975,104.76625,104.70375,104.735,104.70375
5027760,103.6725,103.64125,103.57875,103.6725,103.57875
5027763,102.315,102.34625,102.22125,102.315,102.22125
5027768,104.45125,104.51375,104.38875,104.38875,104.3575
5027773,105.5475,105.51625,105.45375,105.485,105.45375
5027774,103.34625,103.40875,103.34625,103.3775,103.2525
5027775,103.565,103.59625,103.53375,103.53375,103.59625
5027778,104.1275,104.09625,104.03375,104.065,104.03375
5027782,100.3175,100.28625,100.22375,100.255,100.34875
5027787,97.0125,97.10625,96.98125,97.0125,96.91875
5027792,103.61,103.64125,103.57875,103.61,103.57875
5027793,104.42625,104.48875,104.48875,104.52,104.27
5027794,102.82625,102.76375,102.76375,102.76375,102.67
5027799,102.76625,102.70375,102.70375,102.70375,102.735
5027804,102.8775,102.90875,102.84625,102.8775,102.84625
5027807,104.70375,104.70375,104.70375,104.735,104.5475
5027808,103.88875,103.88875,103.82625,103.92,103.67
5027812,104.235,104.26625,104.14125,104.235,104.01625
5027813,104.4225,104.45375,104.32875,104.39125,104.39125
5027814,104.7075,104.67625,104.61375,104.645,104.67625
5027816,103.32875,103.32875,103.26625,103.26625,103.1725
5027818,103.4675,103.43625,103.37375,103.405,103.49875
5027819,105.28125,105.34375,105.21875,105.21875,105.1875
5027823,102.90875,102.90875,102.84625,102.84625,102.94
5027827,102.5025,102.47125,102.47125,102.5025,102.47125
5027828,105.39125,105.39125,105.32875,105.39125,105.36
5027832,101.565,101.47125,101.47125,101.5025,101.40875
5027836,103.88875,103.88875,103.82625,103.82625,103.92
5027837,101.2525,101.34625,101.28375,101.315,101.09625
5027838,104.11,104.14125,104.07875,104.11,104.01625
5027841,103.9375,103.90625,103.90625,103.9375,103.90625
5027844,101.90875,101.90875,101.84625,101.84625,101.7525
5027848,101.6725,101.64125,101.70375,101.735,101.64125
5027851,104.1725,104.14125,104.07875,104.1725,103.95375
5027852,101.40875,101.40875,101.34625,101.34625,101.3775
5027853,97.8175,97.78625,97.78625,97.8175,97.66125
5027854,101.90875,101.90875,101.84625,101.84625,101.7525
5027859,106.59375,106.59375,106.53125,106.5625,106.5
5027860,104.28375,104.28375,104.22125,104.2525,104.315
5027865,102.78375,102.78375,102.78375,102.815,102.7525
5027867,97.9425,98.03625,97.97375,98.005,97.78625
5027868,105.98875,105.98875,105.92625,105.92625,105.895
5027872,101.84625,101.78375,101.78375,101.78375,101.69
5027875,104.64125,104.57875,104.57875,104.61,104.485
5027878,102.5475,102.64125,102.57875,102.61,102.51625
5027883,0.0,0.0,0.0,0.0,0.0
5027888,104.5625,104.65625,104.53125,104.5625,104.46875
5027892,100.8775,100.97125,100.84625,100.94,100.78375
5027893,106.59375,106.59375,106.53125,106.5625,106.5
5027895,104.2975,104.32875,104.26625,104.2975,104.26625
5027898,103.5025,103.53375,103.40875,103.47125,103.34625
5027900,96.16875,96.16875,96.10625,96.10625,96.0125
5027901,102.39125,102.45375,102.39125,102.39125,102.235
5027902,101.59625,101.65875,101.53375,101.59625,101.5025
5027904,101.90875,101.90875,101.84625,101.84625,101.7525
5027909,103.6075,103.57625,103.57625,103.6075,103.45125
5027914,102.78375,102.84625,102.72125,102.7525,102.6275
5027915,102.69,102.72125,102.65875,102.69,102.59625
5027918,99.9925,100.08625,99.96125,99.9925,100.02375
5027923,101.1275,101.22125,101.15875,101.19,101.09625
5027926,104.1725,104.26625,104.14125,104.1725,104.07875
5027931,97.4425,97.41125,97.41125,97.505,97.34875
5027936,99.1925,99.16125,99.09875,99.13,99.16125
5027937,101.40875,101.40875,101.40875,101.40875,101.3775
5027942,103.7325,103.82625,103.70125,103.7325,103.63875
5027945,103.6075,103.57625,103.57625,103.6075,103.45125
5027948,98.005,98.03625,97.97375,98.0675,97.78625
5027951,103.3775,103.28375,103.28375,103.34625,103.22125
5027955,100.38,100.41125,100.28625,100.3175,100.41125
5027959,101.97125,102.03375,101.97125,101.97125,101.815
5027964,102.44,102.47125,102.47125,102.47125,102.40875
5027967,100.0675,100.09875,99.97375,100.03625,100.03625
5027970,103.22125,103.15875,103.15875,103.19,103.065
5027974,99.22375,99.28625,99.22375,99.28625,99.1925
5027979,102.065,101.97125,101.97125,102.0025,102.03375
5027983,104.89125,104.95375,104.82875,104.82875,104.7975
5027985,99.38,99.41125,99.34875,99.38,99.22375
5027986,103.88875,103.88875,103.82625,103.92,103.795
5027987,102.03,102.06125,101.99875,102.06125,101.93625
5027990,100.53,100.56125,100.49875,100.53,100.49875
5027995,103.20125,103.26375,103.20125,103.2325,103.2325
5027998,104.065,104.09625,103.97125,104.0025,104.09625
5027999,98.54375,98.54375,98.48125,98.5125,98.575
5028001,104.78375,104.78375,104.72125,104.7525,104.69
5028004,103.9375,103.90625,103.84375,103.875,103.78125
5028009,103.47125,103.53375,103.40875,103.40875,103.3775
5028014,96.45,96.48125,96.41875,96.48125,96.35625
5028016,102.19,102.22125,102.15875,102.22125,102.09625
5028018,106.77,106.73875,106.73875,106.80125,106.73875
5028021,102.69,102.72125,102.65875,102.72125,102.47125
5028022,102.45125,102.51375,102.45125,102.45125,102.42
5028026,105.3775,105.34625,105.34625,105.3775,105.28375
5028031,105.61,105.64125,105.51625,105.5475,105.51625
5028033,100.3175,100.28625,100.22375,100.255,100.34875
5028034,102.6275,102.59625,102.59625,102.6275,102.47125
5028037,101.7325,101.82625,101.76375,101.795,101.70125
5028042,105.4375,105.40625,105.34375,105.375,105.46875
5028043,105.3125,105.28125,105.21875,105.25,105.34375
5028045,101.87375,101.87375,101.81125,101.87375,101.655
5028049,102.88875,102.88875,102.82625,102.82625,102.7325
5028051,103.34625,103.40875,103.34625,103.3775,103.2525
5028055,103.2525,103.28375,103.22125,103.2525,103.22125
5028057,105.17,105.20125,105.07625,105.1075,105.07625
5028062,102.1725,102.26625,102.20375,102.235,102.14125
5028067,97.505,97.53625,97.47375,97.5675,97.41125
5028070,108.68375,108.68375,108.62125,108.6525,108.59
5028074,100.815,100.84625,100.78375,100.8775,100.72125
5028077,103.905,103.81125,103.81125,103.8425,103.81125
5028079,105.5475,105.51625,105.45375,105.485,105.45375
5028080,105.17,105.20125,105.07625,105.1075,105.07625
5028085,98.84875,98.91125,98.84875,98.91125,98.8175
5028088,103.67,103.70125,103.57625,103.67,103.57625
5028090,102.94,102.90875,102.84625,102.90875,102.90875
5028093,103.20375,103.07875,103.14125,103.14125,103.0475
5028097,102.51375,102.51375,102.45125,102.51375,102.42
5028098,102.5025,102.47125,102.47125,102.47125,102.34625
5028099,98.63,98.59875,98.53625,98.59875,98.59875
5028103,100.97375,100.97375,100.91125,100.9425,101.005
5028104,97.0125,97.10625,96.98125,97.0125,96.91875
5028108,103.3325,103.42625,103.36375,103.395,103.17625
5028112,102.7525,102.84625,102.72125,102.7525,102.65875
5028116,96.2625,96.29375,96.23125,96.29375,96.10625
5028117,100.7525,100.84625,100.78375,100.815,100.72125
5028121,104.09625,104.09625,104.03375,104.09625,103.94
5028123,100.09875,100.09875,100.03625,100.03625,100.005
5028128,104.32875,104.32875,104.26625,104.26625,104.36
5028133,101.47125,101.53375,101.47125,101.565,101.2525
5028136,101.47125,101.53375,101.47125,101.47125,101.44
5028138,104.57625,104.57625,104.51375,104.57625,104.545
5028139,104.67,104.70125,104.57625,104.6075,104.70125
5028144,97.505,97.53625,97.47375,97.5675,97.41125
5028147,103.485,103.39125,103.39125,103.4225,103.45375
5028148,101.1275,101.09625,101.09625,101.1275,100.97125
5028153,0.0,0.0,0.0,0.0,0.0
5028155,103.67,103.70125,103.63875,103.67,103.57625
5028156,105.5475,105.51625,105.45375,105.485,105.45375
5028157,100.88,100.91125,100.78625,100.8175,100.78625
5028162,98.47375,98.47375,98.47375,98.505,98.3175
5028166,102.7975,102.89125,102.76625,102.86,102.57875
5028168,102.38875,102.38875,102.38875,102.38875,102.3575
5028169,104.5,104.53125,104.46875,104.5,104.40625
5028173,102.90875,102.90875,102.84625,102.94,102.815
5028175,103.69,103.72125,103.59625,103.6275,103.59625
5028180,103.88875,103.88875,103.82625,103.82625,103.92
5028181,0.0,0.0,0.0,0.0,0.0
5028182,102.02375,102.02375,101.96125,101.9925,102.055
5028184,102.2525,102.34625,102.22125,102.2525,102.28375
5028186,103.7325,103.70125,103.63875,103.7325,103.51375
5028187,102.94,102.90875,102.84625,102.90875,102.90875
5028189,97.8875,97.85625,97.79375,97.825,97.91875
5028193,104.19,104.22125,104.09625,104.1275,104.09625
5028197,102.69,102.59625,102.59625,102.69,102.47125
5028198,101.34625,101.40875,101.40875,101.44,101.315
5028200,103.9225,103.95375,103.82875,103.89125,103.76625
5028201,103.07875,103.01625,103.01625,103.0475,102.9225
5028202,103.67,103.70125,103.63875,103.67,103.57625
5028207,104.12375,104.12375,104.06125,104.0925,104.155
5028210,104.0475,104.01625,103.95375,103.985,103.89125
5028213,104.545,104.57625,104.51375,104.51375,104.57625
5028214,102.235,102.26625,102.20375,102.2975,102.14125
5028219,101.47375,101.47375,101.41125,101.4425,101.38
5028222,105.4375,105.40625,105.34375,105.375,105.46875
5028223,104.14125,104.14125,104.07875,104.11,103.985
5028228,104.77,104.80125,104.73875,104.80125,104.67625
5028233,102.7525,102.84625,102.72125,102.7525,102.65875
5028238,101.97125,102.03375,101.97125,101.97125,101.815
5028243,101.1275,101.09625,101.09625,101.1275,100.97125
5028248,0.0,0.0,0.0,0.0,0.0
5028251,98.03625,98.09875,98.09875,98.13,98.005
5028252,103.5025,103.53375,103.40875,103.47125,103.34625
5028256,98.0675,98.16125,98.03625,98.13,97.84875
5028261,102.2525,102.22125,102.15875,102.2525,102.15875
5028264,101.93,101.96125,101.83625,101.8675,101.83625
5028269,98.16125,98.22375,98.16125,98.255,98.0675
5028274,102.97125,103.03375,102.90875,102.90875,103.0025
5028276,102.76625,102.82875,102.82875,102.86,102.735
5028279,103.47125,103.53375,103.40875,103.40875,103.3775
5028280,102.065,102.09625,102.09625,102.09625,102.03375
5028281,105.9375,105.90625,105.84375,105.875,105.84375
5028286,105.485,105.39125,105.39125,105.4225,105.39125
5028287,103.67,103.70125,103.63875,103.70125,103.45125
5028291,103.78375,103.78375,103.72125,103.7525,103.69
5028296,104.26625,104.20375,104.20375,104.20375,104.2975
5028299,102.69,102.72125,102.65875,102.69,102.59625
5028302,95.73125,95.79375,95.73125,95.73125,95.7
5028303,101.6725,101.76625,101.64125,101.735,101.57875
5028306,100.16125,100.22375,100.09875,100.09875,100.0675
5028311,101.47375,101.47375,101.41125,101.4425,101.38
5028315,102.28375,102.34625,102.22125,102.2525,102.2525
5028318,99.7425,99.71125,99.64875,99.68,99.71125
5028322,102.6275,102.59625,102.59625,102.6275,102.47125
5028325,102.69,102.72125,102.65875,102.69,102.59625
5028328,105.9375,105.90625,105.84375,105.875,105.84375
5028332,105.26375,105.26375,105.20125,105.2325,105.295
5028333,98.03625,98.09875,98.09875,98.13,98.005
5028334,100.64875,100.64875,100.58625,100.58625,100.68
5028338,101.61,101.64125,101.64125,101.6725,101.45375
5028339,102.2525,102.34625,102.22125,102.2525,102.28375
5028341,102.735,102.76625,102.70375,102.7975,102.51625
5028344,102.19,102.22125,102.15875,102.19,102.22125
5028349,103.95125,104.01375,103.88875,103.88875,103.9825
5028351,97.505,97.53625,97.47375,97.5675,97.41125
5028352,102.94,102.90875,102.84625,102.90875,102.90875
5028355,104.20375,104.20375,104.20375,104.235,104.1725
5028359,102.6275,102.59625,102.59625,102.6275,102.47125
5028361,100.7525,100.72125,100.72125,100.815,100.65875
5028364,104.53125,104.46875,104.46875,104.5,104.5
5028367,104.64125,104.57875,104.57875,104.61,104.485
5028369,104.82875,104.82875,104.76625,104.76625,104.735
5028372,102.84625,102.90875,102.84625,102.8775,102.8775
5028373,102.6275,102.59625,102.59625,102.6275,102.47125
5028374,102.625,102.65625,102.59375,102.6875,102.53125
5028378,103.67,103.70125,103.63875,103.67,103.51375
5028379,102.5925,102.56125,102.49875,102.5925,102.37375
5028382,102.03,102.06125,101.99875,102.03,102.06125
5028384,97.88,97.91125,97.84875,97.9425,97.78625
5028388,97.66125,97.72375,97.66125,97.755,97.4425
5028389,101.7525,101.84625,101.72125,101.7525,101.65875
5028391,103.40625,103.46875,103.34375,103.40625,103.3125
5028394,100.3175,100.28625,100.22375,100.255,100.34875
5028398,101.90875,101.90875,101.90875,101.90875,101.7525
5028403,103.76375,103.76375,103.76375,103.795,103.7325
5028405,104.32875,104.32875,104.26625,104.36,104.235
5028408,101.9675,101.93625,101.93625,101.9675,101.93625
5028409,101.94,101.90875,101.90875,101.97125,101.78375
5028412,104.11,104.14125,104.01625,104.0475,104.14125
5028415,102.7525,102.72125,102.65875,102.7525,102.53375
5028418,104.235,104.26625,104.14125,104.235,104.01625
5028421,101.40875,101.40875,101.34625,101.34625,101.3775
5028424,99.255,99.16125,99.16125,99.1925,99.09875
5028427,103.47125,103.53375,103.40875,103.40875,103.3775
5028432,103.9675,103.93625,103.87375,103.905,103.87375
5028437,95.98125,96.04375,96.04375,96.075,95.95
5028442,103.545,103.45125,103.45125,103.4825,103.38875
5028446,103.6725,103.76625,103.64125,103.6725,103.70375
5028447,105.5475,105.51625,105.45375,105.485,105.45375
5028449,104.19,104.15875,104.15875,104.22125,104.03375
5028452,99.63,99.59875,99.53625,99.59875,99.59875
5028457,102.78375,102.78375,102.78375,102.815,102.7525
5028459,104.42,104.38875,104.32625,104.38875,104.26375
5028461,99.77375,99.77375,99.71125,99.77375,99.555
5028465,104.78125,104.84375,104.71875,104.71875,104.8125
5028469,102.78375,102.78375,102.78375,102.84625,102.69
5028473,104.78375,104.78375,104.72125,104.7525,104.69
5028478,103.565,103.59625,103.53375,103.53375,103.59625
5028480,98.8175,98.78625,98.72375,98.755,98.78625
5028485,101.8675,101.83625,101.77375,101.805,101.77375
5028487,103.34625,103.40875,103.28375,103.28375,103.3775
5028492,103.2525,103.28375,103.22125,103.2525,103.22125
5028496,96.41875,96.41875,96.41875,96.45,96.3875
5028500,100.255,100.28625,100.22375,100.22375,100.28625
5028502,103.22125,103.15875,103.15875,103.19,103.065
5028504,102.8775,102.90875,102.84625,102.8775,102.84625
5028505,103.01375,103.01375,102.95125,103.01375,102.795
5028508,102.76625,102.82875,102.82875,102.86,102.735
5028513,98.66125,98.72375,98.66125,98.755,98.4425
5028515,103.0475,103.01625,102.95375,103.0475,102.95375
5028518,104.235,104.26625,104.14125,104.235,104.01625
5028522,102.065,101.97125,102.03375,102.065,102.03375
5028524,99.33625,99.39875,99.27375,99.33625,99.2425
5028529,100.3175,100.28625,100.22375,100.255,100.34875
5028532,104.19,104.22125,104.09625,104.1275,104.09625
5028533,103.045,103.07625,103.07625,103.07625,103.01375
5028535,104.86,104.82875,104.76625,104.82875,104.70375
5028538,98.03625,98.09875,98.09875,98.13,98.005
5028543,104.375,104.28125,104.28125,104.3125,104.21875
5028544,102.5025,102.47125,102.47125,102.47125,102.34625
5028546,104.1275,104.09625,104.03375,104.065,104.03375
5028547,100.19,100.22125,100.15875,100.2525,100.09625
5028551,104.67,104.70125,104.57625,104.6075,104.57625
5028552,102.19,102.22125,102.15875,102.19,102.15875
5028555,97.2,97.16875,97.10625,97.16875,97.16875
5028556,104.09625,104.09625,104.03375,104.09625,103.94
5028557,104.1275,104.09625,104.03375,104.065,104.03375
5028561,101.2525,101.34625,101.28375,101.315,101.09625
5028562,104.32875,104.32875,104.26625,104.26625,104.36
5028567,102.65875,102.72125,102.65875,102.72125,102.5025
5028568,100.3175,100.28625,100.22375,100.255,100.34875
5028573,101.1725,101.14125,101.20375,101.235,101.14125
5028576,102.0475,102.01625,102.07875,102.11,102.01625
5028581,103.6275,103.59625,103.53375,103.565,103.65875
5028586,103.47125,103.53375,103.40875,103.40875,103.3775
5028588,100.13,100.09875,100.03625,100.09875,99.97375
5028590,100.755,100.78625,100.72375,100.72375,100.66125
5028594,101.19,101.22125,101.15875,101.19,101.03375
5028595,99.1175,99.21125,99.08625,99.18,98.89875
5028597,105.76375,105.76375,105.70125,105.7325,105.67
5028598,0.0,0.0,0.0,0.0,0.0
5028599,103.905,103.93625,103.81125,103.8425,103.93625
5028600,99.97375,99.97375,99.97375,100.005,99.8175
5028603,99.255,99.28625,99.22375,99.22375,99.28625
5028608,99.3175,99.41125,99.28625,99.3175,99.34875
5028610,102.95375,102.95375,102.89125,102.95375,102.86
5028614,103.28375,103.28375,103.22125,103.22125,103.315
5028615,96.325,96.23125,96.23125,96.2625,96.29375
5028617,102.5,102.53125,102.53125,102.5625,102.46875
5028621,102.84625,102.90875,102.78375,102.78375,102.8775
5028625,102.62375,102.62375,102.62375,102.655,102.5925
5028629,104.19,104.22125,104.09625,104.1275,104.09625
5028632,105.61,105.64125,105.51625,105.5475,105.51625
5028633,103.405,103.43625,103.37375,103.37375,103.43625
5028636,101.315,101.34625,101.28375,101.3775,101.09625
5028637,95.325,95.35625,95.35625,95.3875,95.29375
5028641,103.5475,103.51625,103.45375,103.485,103.51625
5028646,100.815,100.84625,100.78375,100.8775,100.72125
5028648,102.19,102.22125,102.15875,102.19,102.22125
5028650,102.69,102.72125,102.65875,102.69,102.53375
5028651,97.505,97.53625,97.47375,97.5675,97.41125
5028656,103.67,103.70125,103.63875,103.70125,103.45125
5028657,103.6275,103.59625,103.53375,103.565,103.65875
5028662,104.1275,104.09625,104.03375,104.065,104.03375
5028664,103.67,103.70125,103.63875,103.67,103.51375
5028669,102.0025,102.09625,101.97125,102.0025,101.90875
5028673,102.97125,103.03375,102.90875,102.90875,103.0025
5028677,103.485,103.39125,103.45375,103.485,103.45375
5028679,104.82875,104.82875,104.76625,104.86,104.61
5028683,101.065,101.09625,101.09625,101.1275,101.03375
5028687,100.09875,100.09875,100.03625,100.13,99.88
5028690,98.45,98.48125,98.35625,98.3875,98.35625
5028692,104.82875,104.82875,104.76625,104.76625,104.735
5028693,99.505,99.53625,99.41125,99.505,99.28625
5028698,100.255,100.28625,100.22375,100.22375,100.28625
5028702,99.8775,99.97125,99.84625,99.94,99.78375
5028704,101.84625,101.90875,101.90875,101.94,101.69
5028709,104.26375,104.26375,104.20125,104.20125,104.295
5028712,102.90875,102.90875,102.84625,102.84625,102.94
5028716,100.2525,100.34625,100.22125,100.315,100.15875
5028719,104.45125,104.51375,104.38875,104.38875,104.3575
5028724,99.59875,99.59875,99.53625,99.63,99.505
5028727,102.90875,102.90875,102.84625,102.84625,102.94
5028729,102.90875,102.90875,102.84625,102.84625,102.94
5028731,104.03125,103.96875,103.96875,104.0,103.875
5028733,103.2325,103.20125,103.13875,103.2325,103.13875
5028736,101.81125,101.87375,101.81125,101.905,101.5925
5028741,96.825,96.73125,96.73125,96.7625,96.66875
5028743,104.625,104.65625,104.53125,104.625,104.40625
5028745,104.4825,104.51375,104.38875,104.45125,104.32625
5028747,102.985,103.07875,102.95375,103.01625,102.95375
5028750,105.1075,105.07625,105.01375,105.045,105.01375
5028752,103.315,103.22125,103.28375,103.315,103.28375
5028754,101.565,101.65875,101.53375,101.59625,101.53375
5028759,102.065,102.09625,102.09625,102.09625,102.03375
5028763,98.325,98.23125,98.23125,98.2625,98.23125
5028766,102.485,102.51625,102.45375,102.485,102.45375
5028771,102.68625,102.62375,102.62375,102.62375,102.7175
5028774,104.4225,104.45375,104.32875,104.39125,104.39125
5028779,101.40875,101.40875,101.40875,101.40875,101.3775
5028781,103.95125,104.01375,103.88875,103.88875,103.9825
5028786,102.565,102.47125,102.47125,102.5025,102.40875
5028790,102.61,102.64125,102.64125,102.6725,102.45375
5028793,99.34875,99.41125,99.34875,99.41125,99.1925
5028797,104.065,104.09625,104.03375,104.03375,103.97125
5028801,105.09375,105.09375,105.09375,105.125,104.9375
5028802,102.38875,102.38875,102.32625,102.32625,102.3575
5028806,100.0675,100.09875,100.03625,100.0675,99.91125
5028810,97.505,97.53625,97.47375,97.5675,97.41125
5028815,100.69,100.72125,100.72125,100.7525,100.65875
5028819,104.5,104.53125,104.46875,104.5,104.34375
5028823,102.2325,102.32625,102.26375,102.295,102.07625
5028827,104.53125,104.53125,104.46875,104.5,104.375
5028830,106.2975,106.26625,106.26625,106.2975,106.32875
5028831,100.16125,100.22375,100.09875,100.09875,100.0675
5028835,101.47125,101.53375,101.47125,101.565,101.3775
5028837,102.69,102.59625,102.59625,102.69,102.47125
5028842,103.34625,103.40875,103.28375,103.28375,103.3775
5028847,106.09375,106.09375,106.03125,106.0625,106.125
5028850,103.4825,103.45125,103.45125,103.45125,103.32625
5028851,101.19,101.22125,101.15875,101.19,101.03375
5028855,100.8175,100.78625,100.72375,100.755,100.72375
5028856,96.23125,96.29375,96.23125,96.325,96.0125
5028860,103.4575,103.55125,103.42625,103.52,103.36375
5028862,98.005,98.09875,97.97375,98.03625,97.84875
5028867,102.7975,102.89125,102.76625,102.86,102.57875
5028870,98.3875,98.35625,98.29375,98.325,98.29375
5028871,104.03,104.06125,103.93625,103.9675,103.93625
5028876,98.66125,98.72375,98.59875,98.59875,98.6925
5028880,103.295,103.32625,103.20125,103.295,103.20125
5028883,103.5025,103.53375,103.40875,103.47125,103.34625
5028886,103.9825,104.01375,103.88875,103.95125,103.95125
5028888,103.32875,103.32875,103.32875,103.32875,103.1725
5028890,103.8125,103.65625,103.71875,103.75,103.78125
5028891,98.22375,98.22375,98.16125,98.22375,98.13
5028892,104.59375,104.59375,104.59375,104.625,104.5625
5028895,103.61,103.64125,103.57875,103.64125,103.51625
5028897,99.6925,99.72375,99.59875,99.66125,99.66125
5028901,104.9375,104.90625,104.84375,104.875,104.84375
5028903,97.38,97.41125,97.41125,97.4425,97.34875
5028908,105.1075,105.07625,105.01375,105.045,105.01375
5028911,101.315,101.34625,101.28375,101.315,101.34625
5028912,101.28375,101.28375,101.28375,101.315,101.2525
5028913,103.53,103.56125,103.43625,103.4675,103.56125
5028915,102.61,102.64125,102.57875,102.6725,102.51625
5028916,104.19,104.22125,104.09625,104.1275,104.09625
5028917,103.59625,103.59625,103.53375,103.59625,103.565
5028918,104.985,105.01625,104.95375,104.95375,105.01625
5028922,0.0,0.0,0.0,0.0,0.0
5028926,102.0025,102.03375,101.97125,102.03375,101.84625
5028930,104.1275,104.09625,104.03375,104.065,104.03375
5028934,103.57875,103.57875,103.51625,103.51625,103.61
5028939,103.34625,103.40875,103.28375,103.28375,103.3775
5028943,98.755,98.78625,98.78625,98.78625,98.72375
5028946,105.61,105.64125,105.51625,105.5475,105.51625
5028948,103.0025,103.03375,102.90875,102.97125,102.97125
5028953,100.71125,100.77375,100.64875,100.64875,100.7425
5028956,101.47375,101.47375,101.41125,101.4425,101.38
5028961,98.22375,98.22375,98.16125,98.22375,98.13
5028962,102.1725,102.26625,102.20375,102.235,102.14125
5028965,103.39125,103.45375,103.32875,103.39125,103.2975
5028967,102.565,102.59625,102.59625,102.59625,102.40875
5028969,105.5475,105.51625,105.45375,105.485,105.45375
5028972,99.055,99.08625,98.96125,99.055,98.96125
5028975,100.7525,100.84625,100.78375,100.815,100.72125
5028977,98.88,98.91125,98.84875,98.91125,98.78625
5028980,105.5475,105.51625,105.45375,105.485,105.45375
5028982,102.90875,102.90875,102.84625,102.84625,102.94
5028985,100.88,100.91125,100.78625,100.8175,100.78625
5028990,103.07625,103.13875,103.01375,103.07625,102.8575
5028994,100.8775,100.97125,100.84625,100.94,100.78375
5028996,104.39125,104.45375,104.32875,104.32875,104.4225
5029000,105.045,105.07625,105.01375,105.01375,104.95125
5029001,104.4225,104.45375,104.32875,104.39125,104.39125
5029004,105.07625,105.07625,105.01375,105.07625,104.92
5029008,104.32875,104.32875,104.26625,104.36,104.235
5029012,106.20375,106.20375,106.14125,106.1725,106.11
5029017,101.59625,101.65875,101.53375,101.59625,101.5025
5029018,103.40875,103.40875,103.34625,103.34625,103.315
5029019,102.90875,102.90875,102.84625,102.94,102.815
5029020,101.19,101.22125,101.15875,101.19,101.03375
5029022,105.61,105.64125,105.51625,105.5475,105.51625
5029023,103.485,103.39125,103.45375,103.485,103.45375
5029025,97.53625,97.59875,97.53625,97.63,97.4425
5029029,103.40875,103.40875,103.34625,103.34625,103.315
5029031,96.8875,96.85625,96.79375,96.825,96.73125
5029033,105.1075,105.07625,105.01375,105.045,105.01375
5029037,103.405,103.31125,103.31125,103.3425,103.43625
5029042,104.3125,104.34375,104.21875,104.28125,104.15625
5029043,102.56125,102.49875,102.49875,102.53,102.53
5029046,104.82875,104.82875,104.76625,104.76625,104.735
5029051,104.1275,104.09625,104.03375,104.065,104.03375
5029056,103.0025,103.03375,102.90875,102.97125,102.97125
5029058,101.53375,101.53375,101.47125,101.53375,101.44
5029060,103.44,103.40875,103.34625,103.40875,103.28375
5029065,104.78375,104.78375,104.72125,104.7525,104.69
5029069,100.5925,100.68625,100.62375,100.655,100.56125
5029073,102.03375,102.03375,101.97125,102.03375,101.815
5029078,104.82875,104.82875,104.76625,104.76625,104.735
5029083,104.6075,104.57625,104.51375,104.545,104.63875
5029085,103.24875,103.24875,103.18625,103.18625,103.155
5029089,103.32875,103.32875,103.32875,103.32875,103.1725
5029094,102.7325,102.70125,102.63875,102.7325,102.63875
5029098,102.7525,102.84625,102.72125,102.7525,102.65875
5029100,101.8775,101.84625,101.90875,101.94,101.84625
5029103,99.47375,99.47375,99.47375,99.505,99.4425
5029107,101.1275,101.09625,101.09625,101.1275,100.97125
5029110,104.1275,104.09625,104.03375,104.065,104.03375
5029114,104.11,104.14125,104.07875,104.11,103.95375
5029115,104.38875,104.38875,104.32625,104.42,104.17
5029117,104.76625,104.82875,104.76625,104.7975,104.6725
5029118,98.755,98.78625,98.78625,98.78625,98.72375
5029122,97.4425,97.53625,97.47375,97.505,97.41125
5029123,104.78375,104.78375,104.72125,104.7525,104.69
5029126,101.69,101.72125,101.65875,101.69,101.53375
5029130,104.375,104.28125,104.28125,104.3125,104.21875
5029131,97.5675,97.66125,97.53625,97.63,97.34875
5029132,103.065,103.09625,102.97125,103.0025,103.09625
5029134,0.0,0.0,0.0,0.0,0.0
5029136,108.00375,108.00375,107.94125,107.9725,107.91
5029140,102.76625,102.70375,102.76625,102.76625,102.735
5029143,0.0,0.0,0.0,0.0,0.0
5029146,101.38,101.34875,101.34875,101.41125,101.22375
5029149,100.44,100.47125,100.47125,100.5025,100.28375
5029154,102.90875,102.90875,102.84625,102.84625,102.94
5029158,103.59625,103.59625,103.53375,103.59625,103.565
5029160,102.8425,102.87375,102.74875,102.81125,102.81125
5029164,102.78375,102.78375,102.78375,102.815,102.7525
5029168,103.9225,103.76625,103.82875,103.86,103.76625
5029173,94.73125,94.79375,94.73125,94.825,94.6375
5029178,102.5625,102.65625,102.59375,102.625,102.53125
5029181,104.8475,104.81625,104.75375,104.785,104.69125
5029185,103.06125,102.99875,102.99875,103.03,102.905
5029190,103.69,103.72125,103.59625,103.6275,103.72125
5029192,103.28375,103.28375,103.22125,103.22125,103.315
5029197,104.235,104.14125,104.20375,104.235,104.20375
5029199,101.1275,101.22125,101.15875,101.19,101.09625
5029204,102.2325,102.32625,102.26375,102.295,102.07625
5029205,103.28375,103.28375,103.28375,103.315,103.1275
5029206,100.88,100.91125,100.78625,100.8175,100.78625
5029208,102.53,102.56125,102.49875,102.53,102.37375
5029209,102.6275,102.59625,102.53375,102.565,102.47125
5029214,104.12375,104.12375,104.06125,104.0925,104.155
5029218,97.3175,97.28625,97.34875,97.38,97.28625
5029222,104.1725,104.14125,104.07875,104.1725,103.95375
5029226,102.28375,102.34625,102.22125,102.2525,102.2525
5029227,100.72125,100.78375,100.78375,100.815,100.69
5029231,101.31125,101.37375,101.31125,101.405,101.2175
5029235,100.8175,100.78625,100.72375,100.755,100.72375
5029239,102.89125,102.95375,102.89125,102.89125,102.86
5029242,104.36,104.32875,104.26625,104.32875,104.32875
5029247,103.40875,103.40875,103.34625,103.44,103.19
5029252,103.44,103.40875,103.34625,103.40875,103.28375
5029256,103.905,103.81125,103.81125,103.8425,103.81125
5029259,104.78375,104.78375,104.72125,104.7525,104.69
5029263,102.42,102.38875,102.38875,102.45125,102.38875
5029264,102.5925,102.56125,102.49875,102.5925,102.37375
5029269,104.89125,104.95375,104.82875,104.82875,104.7975
5029274,104.78375,104.78375,104.72125,104.7525,104.69
5029276,102.90875,102.90875,102.84625,102.84625,102.94
5029280,102.3425,102.18625,102.24875,102.28,102.18625
5029283,97.9425,98.03625,97.91125,98.005,97.84875
5029285,99.815,99.84625,99.78375,99.8775,99.72125
5029288,101.34625,101.40875,101.40875,101.44,101.315
5029293,102.7525,102.84625,102.72125,102.7525,102.65875
5029296,101.94,101.97125,102.03375,102.065,101.90875
5029300,101.97125,102.03375,101.97125,101.97125,101.815
5029302,102.7975,102.89125,102.76625,102.86,102.57875
5029305,100.815,100.84625,100.78375,100.8775,100.72125
5029308,100.69,100.72125,100.72125,100.7525,100.65875
5029312,102.565,102.59625,102.59625,102.59625,102.40875
5029317,102.32625,102.38875,102.38875,102.42,102.295
5029318,102.76625,102.82875,102.82875,102.86,102.735
5029323,0.0,0.0,0.0,0.0,0.0
5029326,100.7525,100.84625,100.78375,100.815,100.72125
5029328,0.0,0.0,0.0,0.0,0.0
5029329,101.03,101.06125,100.99875,101.03,100.87375
5029332,104.90625,104.84375,104.90625,104.90625,104.75
5029333,98.555,98.58625,98.52375,98.6175,98.46125
5029334,104.82875,104.82875,104.76625,104.76625,104.735
5029339,102.22125,102.15875,102.15875,102.19,102.065
5029344,104.71875,104.71875,104.65625,104.65625,104.75
5029345,102.38875,102.38875,102.38875,102.38875,102.3575
5029346,98.45,98.48125,98.35625,98.3875,98.35625
5029348,99.66125,99.72375,99.59875,99.59875,99.6925
5029349,102.38875,102.38875,102.38875,102.38875,102.3575
5029352,100.8175,100.78625,100.72375,100.755,100.72375
5029357,101.40875,101.40875,101.40875,101.40875,101.3775
5029362,102.61,102.64125,102.64125,102.6725,102.45375
5029365,102.97125,103.03375,102.90875,102.90875,103.0025
5029370,101.315,101.34625,101.40875,101.44,101.28375
5029372,100.905,100.81125,100.87375,100.905,100.74875
5029377,104.065,104.09625,104.03375,104.03375,103.97125
5029381,100.53,100.56125,100.56125,100.5925,100.49875
5029385,100.755,100.66125,100.66125,100.6925,100.66125
5029389,104.32875,104.32875,104.26625,104.26625,104.36
5029392,103.9825,104.01375,103.88875,103.95125,103.95125
5029394,101.7325,101.82625,101.76375,101.795,101.70125
5029398,105.61,105.64125,105.51625,105.5475,105.51625
5029402,101.82875,101.82875,101.82875,101.82875,101.7975
5029406,100.3175,100.28625,100.22375,100.255,100.34875
5029411,102.6725,102.76625,102.70375,102.735,102.51625
5029413,103.69,103.72125,103.59625,103.6275,103.72125
5029417,102.78,102.74875,102.68625,102.74875,102.74875
5029419,100.69,100.72125,100.72125,100.7525,100.65875
5029420,104.62375,104.62375,104.56125,104.5925,104.53
5029424,103.045,103.07625,103.07625,103.07625,103.01375
5029425,104.32875,104.32875,104.26625,104.26625,104.36
5029429,103.18625,103.12375,103.12375,103.12375,103.0925
5029433,100.88,100.91125,100.78625,100.8175,100.78625
5029434,102.6725,102.76625,102.70375,102.735,102.51625
5029438,0.0,0.0,0.0,0.0,0.0
5029440,107.41,107.44125,107.31625,107.3475,107.31625
5029443,104.32875,104.32875,104.26625,104.26625,104.36
5029446,104.03,104.06125,103.93625,103.9675,103.93625
5029447,104.71875,104.71875,104.65625,104.65625,104.75
5029448,102.44,102.34625,102.34625,102.3775,102.40875
5029452,105.17,105.20125,105.07625,105.1075,105.07625
5029453,101.315,101.34625,101.28375,101.3775,101.09625
5029456,104.20375,104.26625,104.14125,104.1725,104.0475
5029457,101.61,101.64125,101.64125,101.6725,101.45375
5029462,103.76375,103.76375,103.76375,103.795,103.7325
5029467,97.38,97.41125,97.41125,97.4425,97.34875
5029472,104.065,103.97125,103.97125,104.0025,103.97125
5029475,100.28625,100.28625,100.22375,100.28625,100.255
5029480,101.3675,101.33625,101.27375,101.305,101.39875
5029482,102.1275,102.09625,102.03375,102.065,102.09625
5029486,103.40875,103.40875,103.34625,103.34625,103.315
5029488,100.6275,100.72125,100.59625,100.69,100.40875
5029489,94.95,94.98125,94.98125,95.0125,94.91875
5029493,105.1075,105.07625,105.01375,105.045,105.01375
5029498,102.94,102.90875,102.84625,102.90875,102.90875
5029502,105.625,105.53125,105.59375,105.625,105.46875
5029503,102.81125,102.87375,102.74875,102.74875,102.8425
5029504,105.3125,105.34375,105.21875,105.28125,105.15625
5029506,104.0475,104.01625,104.01625,104.0475,103.95375
5029510,103.67,103.70125,103.63875,103.67,103.57625
5029512,97.16875,97.16875,97.10625,97.10625,97.2
5029517,104.62375,104.62375,104.56125,104.5925,104.53
5029519,103.59625,103.59625,103.53375,103.59625,103.565
5029522,102.84625,102.90875,102.84625,102.8775,102.8775
5029523,97.38,97.41125,97.41125,97.4425,97.34875
5029526,102.69,102.72125,102.65875,102.69,102.59625
5029528,103.24875,103.24875,103.18625,103.18625,103.155
5029532,103.40625,103.46875,103.34375,103.40625,103.3125
5029536,97.38,97.41125,97.41125,97.4425,97.34875
5029539,97.825,97.85625,97.79375,97.79375,97.85625
5029540,104.2975,104.20375,104.20375,104.26625,104.26625
5029541,100.69,100.72125,100.65875,100.69,100.65875
5029544,106.20375,106.20375,106.14125,106.1725,106.11
5029548,101.19,101.22125,101.22125,101.2525,101.03375
5029551,102.15875,102.22125,102.15875,102.22125,102.1275
5029556,99.66125,99.72375,99.59875,99.59875,99.6925
5029561,104.39125,104.45375,104.32875,104.32875,104.4225
5029564,105.11,105.14125,105.01625,105.0475,105.14125
5029569,105.25,105.21875,105.15625,105.21875,105.09375
5029571,101.2525,101.34625,101.28375,101.315,101.09625
5029574,100.53,100.56125,100.56125,100.5925,100.49875
5029577,101.53375,101.53375,101.47125,101.53375,101.44
5029581,99.47375,99.47375,99.41125,99.41125,99.505
5029582,101.19,101.22125,101.22125,101.2525,101.03375
5029583,102.72125,102.72125,102.65875,102.69,102.565
5029584,106.77,106.80125,106.67625,106.7075,106.67625
5029587,99.4425,99.53625,99.41125,99.4425,99.34875
5029591,103.26375,103.32625,103.20125,103.2325,103.2325
5029596,104.19,104.22125,104.09625,104.1275,104.09625
5029597,100.69,100.72125,100.72125,100.7525,100.65875
5029598,103.39125,103.45375,103.32875,103.32875,103.4225
5029603,105.98875,105.98875,105.92625,106.02,105.77
5029605,103.34375,103.34375,103.28125,103.34375,103.25
5029607,0.0,0.0,0.0,0.0,0.0
5029612,103.59625,103.59625,103.53375,103.59625,103.565
5029617,102.19,102.22125,102.15875,102.19,102.15875
5029618,104.1275,104.09625,104.03375,104.065,104.03375
5029619,102.69,102.72125,102.65875,102.69,102.59625
5029624,104.065,104.09625,104.03375,104.03375,103.97125
5029627,103.19,103.22125,103.09625,103.1275,103.09625
5029628,104.5,104.40625,104.40625,104.5,104.28125
5029629,103.485,103.51625,103.51625,103.51625,103.45375
5029633,100.78625,100.78625,100.72375,100.78625,100.63
5029637,102.39125,102.45375,102.39125,102.39125,102.235
5029639,103.7325,103.70125,103.63875,103.7325,103.51375
5029642,103.32875,103.32875,103.26625,103.26625,103.1725
5029646,102.90875,102.90875,102.84625,102.84625,102.94
5029651,103.5475,103.51625,103.51625,103.5475,103.51625
5029656,100.69,100.72125,100.72125,100.7525,100.65875
5029659,101.82625,101.76375,101.76375,101.76375,101.795
5029662,102.82875,102.82875,102.76625,102.76625,102.7975
5029664,99.3175,99.28625,99.28625,99.3175,99.16125
5029667,0.0,0.0,0.0,0.0,0.0
5029670,101.74875,101.74875,101.68625,101.78,101.655
5029675,101.5025,101.53375,101.47125,101.53375,101.47125
5029676,104.46875,104.53125,104.46875,104.53125,104.3125
5029681,106.0,106.03125,105.90625,105.9375,105.90625
5029683,0.0,0.0,0.0,0.0,0.0
5029684,105.76375,105.76375,105.70125,105.7325,105.67
5029689,102.5,102.53125,102.53125,102.5625,102.46875
5029692,105.0475,105.01625,104.95375,104.985,105.07875
5029696,100.78625,100.78625,100.72375,100.78625,100.63
5029697,99.13,99.03625,99.03625,99.0675,99.09875
5029701,100.38,100.41125,100.28625,100.3175,100.41125
5029705,101.34625,101.28375,101.34625,101.34625,101.315
5029708,103.22125,103.15875,103.15875,103.19,103.065
5029712,0.0,0.0,0.0,0.0,0.0
5029713,103.12375,103.12375,103.12375,103.155,102.9675
5029717,102.485,102.51625,102.51625,102.5475,102.45375
5029721,100.88,100.91125,100.78625,100.8175,100.78625
5029726,103.4225,103.45375,103.39125,103.45375,103.26625
5029730,104.78375,104.78375,104.72125,104.7525,104.69
5029733,103.315,103.22125,103.28375,103.315,103.28375
5029735,103.565,103.47125,103.47125,103.5025,103.59625
5029737,99.005,99.03625,98.91125,99.005,98.91125
5029739,97.88,97.91125,97.91125,97.9425,97.72375
5029744,102.565,102.47125,102.47125,102.5025,102.40875
5029749,102.065,102.09625,102.03375,102.09625,101.97125
5029751,105.61,105.64125,105.51625,105.5475,105.51625
5029752,102.3425,102.31125,102.31125,102.31125,102.18625
5029753,104.03,104.06125,103.93625,103.9675,103.93625
5029757,103.47125,103.53375,103.40875,103.40875,103.3775
5029758,98.16125,98.22375,98.16125,98.16125,98.13
5029763,0.0,0.0,0.0,0.0,0.0
5029768,105.01625,105.01625,104.95375,105.01625,104.985
5029773,102.565,102.59625,102.53375,102.565,102.53375
5029777,103.94,103.84625,103.84625,103.8775,103.97125
5029779,104.32625,104.26375,104.26375,104.26375,104.2325
5029782,101.3775,101.47125,101.34625,101.44,101.15875
5029784,103.985,103.89125,103.89125,103.9225,103.82875
5029787,104.67,104.70125,104.57625,104.6075,104.70125
5029791,97.4425,97.53625,97.47375,97.505,97.41125
5029792,103.6275,103.59625,103.53375,103.565,103.65875
5029796,96.8175,96.91125,96.84875,96.88,96.78625
5029798,98.9425,98.91125,98.84875,98.9425,98.84875
5029802,97.16875,97.16875,97.10625,97.10625,97.075
5029805,101.47125,101.53375,101.47125,101.565,101.3775
5029809,102.94,102.90875,102.84625,102.90875,102.90875
5029813,102.065,101.97125,101.97125,102.0025,102.03375
5029816,97.73125,97.79375,97.66875,97.66875,97.6375
5029821,100.0675,100.09875,100.03625,100.0675,99.91125
5029825,104.39125,104.45375,104.32875,104.32875,104.4225
5029829,101.5025,101.53375,101.47125,101.53375,101.47125
5029831,105.70375,105.70375,105.64125,105.6725,105.735
5029833,103.565,103.59625,103.53375,103.53375,103.59625
5029835,97.88,97.91125,97.84875,97.88,97.72375
5029838,103.7325,103.70125,103.63875,103.7325,103.51375
5029840,101.47125,101.53375,101.47125,101.47125,101.44
5029845,104.26375,104.26375,104.26375,104.295,104.1075
5029850,0.0,0.0,0.0,0.0,0.0
5029854,101.40875,101.40875,101.40875,101.40875,101.3775
5029856,103.98875,103.98875,103.92625,103.92625,103.9575
5029859,101.43,101.46125,101.33625,101.3675,101.46125
5029860,99.59875,99.59875,99.53625,99.63,99.505
5029862,106.7075,106.67625,106.61375,106.645,106.61375
5029863,105.76375,105.76375,105.70125,105.7325,105.67
5029864,102.295,102.32625,102.26375,102.3575,102.07625
5029869,104.375,104.28125,104.28125,104.3125,104.21875
5029873,0.0,0.0,0.0,0.0,0.0
5029875,102.74875,102.74875,102.68625,102.68625,102.78
5029879,101.14875,101.14875,101.08625,101.18,100.93
5029880,102.97125,103.03375,102.90875,102.90875,103.0025
5029882,99.97375,99.97375,99.97375,100.005,99.8175
5029883,104.19,104.22125,104.09625,104.1275,104.09625
5029887,103.565,103.59625,103.53375,103.53375,103.59625
5029889,102.6725,102.64125,102.57875,102.6725,102.57875
5029894,104.28375,104.28375,104.22125,104.2525,104.315
5029896,97.0125,97.10625,96.98125,97.0125,96.91875
5029901,103.6075,103.57625,103.57625,103.6075,103.45125
5029906,102.2525,102.22125,102.15875,102.2525,102.15875
5029909,105.61,105.64125,105.51625,105.5475,105.51625
5029912,104.89125,104.95375,104.82875,104.82875,104.7975
5029915,104.15875,104.15875,104.15875,104.15875,104.19
5029918,102.74875,102.74875,102.68625,102.78,102.655
5029921,104.14125,104.07875,104.07875,104.11,104.11
5029925,103.5025,103.47125,103.47125,103.565,103.40875
5029929,102.1275,102.09625,102.09625,102.1275,102.09625
5029931,100.7525,100.84625,100.78375,100.815,100.72125
5029932,104.20125,104.13875,104.13875,104.17,104.045
5029937,100.97375,100.97375,100.91125,100.9425,101.005
5029940,101.315,101.34625,101.28375,101.3775,101.09625
5029945,104.36,104.32875,104.26625,104.32875,104.32875
5029950,102.78375,102.78375,102.78375,102.815,102.7525
5029951,102.97125,103.03375,102.90875,102.90875,103.0025
5029952,104.71875,104.71875,104.65625,104.65625,104.75
5029954,103.21875,103.21875,103.21875,103.21875,103.1875
5029955,101.2525,101.34625,101.28375,101.315,101.09625
5029959,102.09625,102.15875,102.03375,102.09625,101.8775
5029960,98.88,98.91125,98.84875,98.88,98.84875
5029964,105.4375,105.40625,105.34375,105.375,105.46875
5029969,104.1725,104.26625,104.14125,104.1725,104.07875
5029974,99.38,99.41125,99.34875,99.38,99.28625
5029977,102.97125,103.03375,102.90875,102.90875,103.0025
5029980,103.0025,103.03375,102.90875,102.97125,102.97125
5029985,100.40875,100.40875,100.40875,100.40875,100.3775
5029986,101.8425,101.87375,101.81125,101.87375,101.68625
5029989,102.2525,102.34625,102.22125,102.2525,102.28375
5029991,95.60625,95.66875,95.66875,95.7,95.575
5029993,100.8175,100.78625,100.72375,100.755,100.72375
5029994,102.1275,102.09625,102.03375,102.065,101.97125
5029998,99.08625,99.02375,99.08625,99.08625,99.055
5030003,95.45,95.48125,95.48125,95.5125,95.29375
5030006,103.76375,103.76375,103.76375,103.795,103.7325
5030011,102.90875,102.90875,102.84625,102.84625,102.94
5030015,102.94,102.90875,102.84625,102.90875,102.90875
5030018,0.0,0.0,0.0,0.0,0.0
5030021,104.82875,104.82875,104.76625,104.76625,104.735
5030022,101.67,101.70125,101.70125,101.7325,101.63875
5030023,100.88,100.91125,100.78625,100.8175,100.78625
5030028,95.60625,95.66875,95.66875,95.7,95.575
5030032,104.32875,104.32875,104.26625,104.26625,104.36
5030036,100.38,100.41125,100.28625,100.3175,100.41125
5030037,101.90875,101.90875,101.84625,101.84625,101.94
5030038,103.40875,103.40875,103.34625,103.44,103.19
5030041,102.97125,103.03375,102.90875,102.90875,103.0025
5030045,98.59875,98.59875,98.59875,98.59875,98.4425
5030047,100.255,100.16125,100.16125,100.1925,100.28625
5030052,101.74875,101.74875,101.68625,101.68625,101.5925
5030057,104.985,105.01625,104.95375,104.95375,105.01625
5030059,102.97125,103.03375,102.90875,102.90875,103.0025
5030064,99.38,99.41125,99.34875,99.38,99.28625
5030066,105.55125,105.61375,105.48875,105.48875,105.5825
5030069,103.0025,103.03375,102.90875,102.97125,102.97125
5030072,104.38875,104.38875,104.32625,104.42,104.17
5030073,99.66125,99.72375,99.59875,99.59875,99.6925
5030075,97.23125,97.29375,97.16875,97.16875,97.2625
5030078,106.59375,106.59375,106.53125,106.5625,106.5
5030079,98.8175,98.78625,98.72375,98.755,98.78625
5030080,102.69,102.72125,102.65875,102.69,102.59625
5030082,103.8575,103.88875,103.82625,103.8575,103.82625
5030087,103.295,103.32625,103.20125,103.295,103.20125
5030091,98.755,98.66125,98.66125,98.6925,98.72375
5030093,101.34625,101.40875,101.40875,101.44,101.315
5030095,100.69,100.72125,100.72125,100.7525,100.65875
5030099,97.88,97.91125,97.91125,97.9425,97.72375
5030102,97.23125,97.29375,97.16875,97.16875,97.2625
5030105,99.0675,98.97375,98.97375,99.03625,98.91125
5030106,100.255,100.28625,100.22375,100.22375,100.28625
5030107,104.39125,104.45375,104.32875,104.32875,104.4225
5030109,104.62375,104.62375,104.56125,104.5925,104.53
5030110,103.15625,103.21875,103.21875,103.25,103.125
5030112,103.22125,103.15875,103.15875,103.19,103.065
5030113,103.64125,103.64125,103.57875,103.61,103.61
5030114,105.90625,105.90625,105.84375,105.90625,105.75
5030118,103.0025,103.03375,102.90875,102.97125,102.84625
5030123,103.28,103.24875,103.18625,103.24875,103.12375
5030125,105.1075,105.07625,105.01375,105.045,105.01375
5030129,98.255,98.16125,98.16125,98.1925,98.09875
5030130,104.1275,104.09625,104.03375,104.065,104.03375
5030131,103.875,103.78125,103.84375,103.875,103.71875
5030132,102.2525,102.34625,102.22125,102.2525,102.28375
5030134,104.28375,104.28375,104.22125,104.2525,104.315
5030138,101.90875,101.90875,101.90875,101.90875,101.7525
5030140,103.8575,103.76375,103.76375,103.82625,103.82625
5030145,104.19,104.22125,104.09625,104.1275,104.09625
5030146,102.1275,102.09625,102.09625,102.1275,102.15875
5030151,96.8875,96.85625,96.85625,96.8875,96.79375
5030156,103.70375,103.76625,103.64125,103.6725,103.6725
5030159,104.12375,104.12375,104.06125,104.0925,104.155
5030162,105.07625,105.07625,105.01375,105.07625,104.92
5030167,103.565,103.59625,103.53375,103.53375,103.59625
5030170,102.72125,102.72125,102.65875,102.69,102.565
5030171,103.36,103.39125,103.45375,103.485,103.32875
5030173,100.16125,100.22375,100.09875,100.09875,100.0675
5030175,103.5475,103.51625,103.51625,103.5475,103.39125
5030178,105.045,104.95125,104.95125,104.9825,104.95125
5030181,103.485,103.39125,103.39125,103.4225,103.45375
5030182,104.15875,104.15875,104.15875,104.15875,104.19
5030184,102.1275,102.09625,102.09625,102.1275,102.09625
5030187,99.815,99.72125,99.78375,99.815,99.78375
5030191,99.59875,99.59875,99.53625,99.63,99.505
5030194,102.69,102.72125,102.59625,102.69,102.59625
5030196,104.26375,104.26375,104.26375,104.295,104.1075
5030200,102.90875,102.90875,102.84625,102.94,102.815
5030203,102.19,102.22125,102.15875,102.22125,102.09625
5030208,99.3175,99.28625,99.22375,99.255,99.16125
5030210,98.1925,98.22375,98.16125,98.22375,98.16125
5030215,104.625,104.65625,104.53125,104.625,104.40625
5030216,95.85625,95.91875,95.79375,95.85625,95.7625
5030217,105.1075,105.07625,105.01375,105.045,105.01375
5030220,103.21875,103.21875,103.21875,103.21875,103.1875
5030222,102.28375,102.34625,102.22125,102.2525,102.2525
5030227,101.795,101.82625,101.76375,101.8575,101.70125
5030229,101.65875,101.65875,101.65875,101.69,101.6275
5030232,102.28375,102.34625,102.22125,102.2525,102.2525
5030234,100.28625,100.28625,100.22375,100.28625,100.255
5030237,104.67,104.70125,104.57625,104.6075,104.70125
5030238,106.27,106.30125,106.17625,106.2075,106.30125
5030242,104.065,103.97125,103.97125,104.0025,103.97125
5030245,102.9375,102.90625,102.90625,102.9375,102.78125
5030248,104.67,104.70125,104.57625,104.6075,104.70125
5030250,101.8425,101.68625,101.74875,101.78,101.81125
5030255,98.16125,98.22375,98.16125,98.16125,98.13
5030256,103.69,103.72125,103.59625,103.6275,103.72125
5030260,102.4225,102.39125,102.39125,102.4225,102.39125
5030263,0.0,0.0,0.0,0.0,0.0
5030264,98.3875,98.35625,98.29375,98.325,98.29375
5030267,103.61,103.64125,103.57875,103.64125,103.51625
5030272,104.4225,104.45375,104.32875,104.39125,104.39125
5030276,104.86,104.82875,104.76625,104.82875,104.70375
5030281,104.20375,104.26625,104.14125,104.1725,104.0475
5030285,104.3575,104.26375,104.26375,104.32625,104.20125
5030286,104.57625,104.57625,104.51375,104.57625,104.545
5030290,103.5025,103.53375,103.40875,103.47125,103.34625
5030292,100.69,100.72125,100.72125,100.7525,100.65875
5030293,102.2525,102.22125,102.15875,102.2525,102.15875
5030295,98.97375,99.03625,98.91125,98.9425,98.9425
5030298,102.22125,102.22125,102.15875,102.19,102.19
5030302,103.34625,103.40875,103.34625,103.3775,103.2525
5030303,101.47125,101.53375,101.47125,101.47125,101.44
5030305,103.67,103.57625,103.57625,103.67,103.45125
5030307,99.28625,99.22375,99.28625,99.28625,99.255
5030310,0.0,0.0,0.0,0.0,0.0
5030315,102.56125,102.56125,102.49875,102.53,102.405
5030316,103.20125,103.20125,103.13875,103.17,103.17
5030318,104.545,104.45125,104.45125,104.4825,104.57625
5030323,104.11,104.14125,104.07875,104.14125,103.89125
5030324,101.2525,101.34625,101.28375,101.315,101.09625
5030326,103.985,104.01625,103.95375,103.985,103.95375
5030331,105.1875,105.21875,105.15625,105.1875,105.03125
5030333,104.0475,104.01625,104.01625,104.0475,103.95375
5030336,103.28,103.24875,103.18625,103.24875,103.12375
5030338,102.78375,102.84625,102.72125,102.7525,102.6275
5030342,104.2975,104.32875,104.26625,104.2975,104.26625
5030345,101.78375,101.78375,101.78375,101.78375,101.7525
5030347,104.69,104.65875,104.65875,104.72125,104.53375
5030351,102.735,102.76625,102.70375,102.7975,102.51625
5030356,103.59625,103.59625,103.53375,103.59625,103.565
5030357,105.8575,105.82625,105.82625,105.8575,105.88875
5030361,100.7525,100.84625,100.78375,100.815,100.72125
5030362,102.28375,102.34625,102.22125,102.2525,102.2525
5030364,105.48875,105.48875,105.42625,105.52,105.395
5030365,102.815,102.84625,102.72125,102.815,102.59625
5030369,103.9225,103.89125,103.89125,103.89125,103.76625
5030373,103.28375,103.28375,103.28375,103.315,103.1275
5030377,103.1075,103.07625,103.07625,103.1075,103.07625
5030380,101.67,101.70125,101.63875,101.67,101.63875
5030382,100.1925,100.22375,100.09875,100.16125,100.03625
5030384,103.6275,103.59625,103.53375,103.565,103.65875
5030387,95.54375,95.54375,95.54375,95.575,95.5125
5030388,101.065,101.09625,101.09625,101.1275,101.03375
5030389,99.505,99.53625,99.41125,99.505,99.28625
5030390,102.51375,102.51375,102.45125,102.51375,102.42
5030392,105.3125,105.28125,105.28125,105.375,105.21875
5030394,104.78125,104.84375,104.71875,104.71875,104.8125
5030399,97.38,97.41125,97.41125,97.4425,97.34875
5030401,100.69,100.72125,100.72125,100.7525,100.65875
5030406,104.09375,104.15625,104.03125,104.0625,104.0625
5030408,98.28625,98.34875,98.22375,98.28625,98.1925
5030409,102.19,102.22125,102.15875,102.19,102.22125
5030413,97.9425,98.03625,97.91125,98.005,97.84875
5030415,99.59875,99.59875,99.53625,99.53625,99.63
5030417,104.9825,104.95125,104.95125,105.045,104.76375
5030420,100.97125,101.03375,100.97125,100.97125,100.815
5030424,102.8425,102.87375,102.74875,102.81125,102.81125
5030425,101.59625,101.65875,101.53375,101.59625,101.5025
5030428,104.6075,104.57625,104.51375,104.545,104.63875
5030431,98.755,98.66125,98.72375,98.755,98.72375
5030433,104.6075,104.57625,104.51375,104.545,104.63875
5030438,103.3775,103.40875,103.34625,103.3775,103.22125
5030442,102.22125,102.22125,102.15875,102.19,102.19
5030445,104.1275,104.09625,104.03375,104.065,104.03375
5030448,102.0025,101.84625,101.90875,101.94,101.97125
5030449,102.49875,102.56125,102.49875,102.56125,102.3425
5030451,101.2525,101.28375,101.22125,101.28375,101.09625
5030452,102.19,102.22125,102.15875,102.22125,102.09625
5030456,104.57625,104.57625,104.51375,104.57625,104.545
5030461,104.20125,104.13875,104.13875,104.17,104.045
5030465,104.32625,104.38875,104.32625,104.3575,104.2325
5030468,101.7525,101.84625,101.72125,101.7525,101.65875
5030470,103.40875,103.40875,103.34625,103.44,103.19
5030471,100.18625,100.12375,100.12375,100.12375,100.155
5030476,104.9375,104.90625,104.84375,104.875,104.84375
5030480,105.51625,105.51625,105.45375,105.51625,105.36
5030483,102.57625,102.63875,102.51375,102.57625,102.4825
5030486,103.485,103.51625,103.51625,103.51625,103.45375
5030490,95.325,95.35625,95.35625,95.3875,95.29375
5030495,104.985,104.89125,104.89125,104.9225,105.01625
5030496,94.3875,94.48125,94.41875,94.45,94.35625
5030499,102.17,102.20125,102.20125,102.2325,102.01375
5030500,103.735,103.76625,103.64125,103.735,103.64125
5030503,0.0,0.0,0.0,0.0,0.0
5030506,103.69,103.72125,103.59625,103.6275,103.72125
5030508,98.005,98.03625,97.97375,98.0675,97.78625
5030512,103.28375,103.28375,103.22125,103.22125,103.315
5030515,103.235,103.26625,103.14125,103.235,103.14125
5030520,104.20375,104.26625,104.14125,104.1725,104.0475
5030524,104.42,104.38875,104.32625,104.38875,104.26375
5030525,99.5675,99.59875,99.53625,99.5675,99.53625
5030528,103.51375,103.45125,103.45125,103.4825,103.4825
5030532,102.03,102.06125,101.99875,102.03,101.99875
5030535,103.01375,103.01375,102.95125,103.01375,102.795
5030538,103.0475,103.14125,103.01625,103.0475,103.07875
5030542,103.6275,103.59625,103.53375,103.565,103.65875
5030547,106.645,106.67625,106.61375,106.61375,106.55125
5030548,105.70375,105.70375,105.64125,105.6725,105.735
5030553,102.19,102.22125,102.15875,102.19,102.22125
5030556,98.97375,99.03625,98.91125,98.9425,98.9425
5030561,102.545,102.63875,102.51375,102.57625,102.51375
5030566,103.40875,103.40875,103.34625,103.44,103.19
5030568,102.69,102.59625,102.59625,102.69,102.47125
5030572,102.69,102.72125,102.65875,102.69,102.53375
5030574,103.51625,103.57875,103.45375,103.51625,103.2975
5030579,102.72125,102.72125,102.65875,102.69,102.565
5030584,102.315,102.34625,102.22125,102.315,102.22125
5030587,101.53375,101.53375,101.47125,101.53375,101.44
5030591,104.32625,104.38875,104.32625,104.3575,104.2325
5030595,102.065,101.97125,102.03375,102.065,102.03375
5030597,104.28375,104.28375,104.22125,104.2525,104.315
5030599,100.28625,100.28625,100.22375,100.28625,100.255
5030604,102.95375,102.95375,102.89125,102.95375,102.86
5030605,104.1275,104.09625,104.03375,104.065,104.03375
5030607,104.065,104.09625,103.97125,104.0025,104.09625
5030609,102.67,102.70125,102.63875,102.67,102.51375
5030614,102.815,102.84625,102.72125,102.815,102.59625
5030618,105.17,105.20125,105.07625,105.1075,105.07625
5030621,103.69,103.72125,103.59625,103.6275,103.72125
5030625,102.28375,102.34625,102.22125,102.2525,102.2525
5030628,103.3775,103.40875,103.28375,103.34625,103.34625
5030632,98.755,98.66125,98.66125,98.6925,98.72375
5030634,102.1725,102.26625,102.20375,102.235,102.14125
5030639,102.90875,102.90875,102.84625,102.94,102.815
5030644,98.9425,98.91125,98.84875,98.9425,98.84875
5030646,103.985,103.89125,103.95375,103.985,103.82875
5030651,103.69,103.72125,103.59625,103.6275,103.72125
5030656,104.45125,104.51375,104.38875,104.38875,104.3575
5030657,104.62375,104.62375,104.56125,104.5925,104.53
5030660,104.1275,104.09625,104.03375,104.065,104.03375
5030662,100.38,100.41125,100.28625,100.3175,100.41125
5030666,103.69,103.72125,103.59625,103.6275,103.72125
5030667,98.9425,99.03625,98.91125,98.9425,98.97375
5030671,99.33625,99.39875,99.27375,99.33625,99.2425
5030673,98.3875,98.35625,98.29375,98.325,98.29375
5030677,102.78375,102.78375,102.78375,102.815,102.7525
5030679,101.65875,101.65875,101.65875,101.69,101.6275
5030680,98.3875,98.35625,98.29375,98.325,98.29375
5030682,98.54375,98.54375,98.48125,98.5125,98.575
5030685,99.3175,99.28625,99.22375,99.255,99.34875
5030689,98.34875,98.34875,98.34875,98.38,98.3175
5030692,101.28375,101.28375,101.28375,101.315,101.2525
5030696,102.315,102.34625,102.22125,102.315,102.22125
5030701,102.6725,102.76625,102.70375,102.735,102.51625
5030706,99.505,99.53625,99.41125,99.505,99.28625
5030710,102.51375,102.51375,102.45125,102.51375,102.42
5030715,102.51375,102.51375,102.45125,102.51375,102.42
5030719,96.95,96.98125,96.91875,96.98125,96.73125
5030722,104.71875,104.71875,104.65625,104.75,104.625
5030727,99.59875,99.59875,99.53625,99.63,99.505
5030731,0.0,0.0,0.0,0.0,0.0
5030734,105.3575,105.32625,105.32625,105.3575,105.26375
5030738,103.45375,103.45375,103.39125,103.45375,103.235
5030740,101.90875,101.90875,101.90875,101.90875,101.7525
5030744,104.19,104.22125,104.09625,104.1275,104.09625
5030748,102.6275,102.59625,102.53375,102.565,102.47125
5030749,100.03625,100.09875,100.03625,100.0675,99.9425
5030752,101.59625,101.65875,101.53375,101.59625,101.5025
5030756,101.59625,101.65875,101.53375,101.59625,101.5025
5030759,101.28375,101.28375,101.28375,101.315,101.2525
5030761,103.39125,103.45375,103.39125,103.485,103.1725
5030762,105.1075,105.07625,105.01375,105.045,105.01375
5030763,101.33625,101.33625,101.27375,101.33625,101.305
5030767,101.87375,101.87375,101.81125,101.87375,101.655
5030768,103.1075,103.07625,103.01375,103.045,103.07625
5030773,104.68625,104.74875,104.62375,104.68625,104.4675
5030776,101.2525,101.34625,101.28375,101.315,101.09625
5030780,105.8125,105.78125,105.71875,105.75,105.84375
5030782,98.22375,98.22375,98.16125,98.22375,98.13
5030783,101.8775,101.84625,101.90875,101.94,101.84625
5030787,103.28375,103.28375,103.28375,103.315,103.1275
5030792,100.755,100.78625,100.72375,100.72375,100.66125
5030794,104.62375,104.62375,104.56125,104.5925,104.53
5030799,103.51625,103.57875,103.45375,103.51625,103.2975
5030800,103.40875,103.40875,103.34625,103.44,103.19
5030802,99.005,99.03625,98.91125,99.005,98.91125
5030806,101.59625,101.65875,101.53375,101.59625,101.5025
5030807,101.59625,101.65875,101.53375,101.59625,101.5025
5030808,98.28625,98.34875,98.22375,98.28625,98.1925
5030812,102.09625,102.15875,102.09625,102.1275,102.1275
5030816,103.2325,103.20125,103.13875,103.2325,103.13875
5030821,105.28125,105.34375,105.21875,105.21875,105.1875
5030826,102.815,102.84625,102.72125,102.815,102.59625
5030830,102.1275,102.09625,102.09625,102.1275,102.09625
5030832,102.36,102.26625,102.32875,102.36,102.32875
5030836,101.59625,101.65875,101.53375,101.59625,101.5025
5030838,104.235,104.26625,104.14125,104.235,104.01625
5030840,101.90875,101.90875,101.84625,101.94,101.815
5030841,104.76625,104.82875,104.76625,104.7975,104.6725
5030844,102.5475,102.51625,102.51625,102.5475,102.51625
5030846,103.63875,103.70125,103.63875,103.70125,103.4825
5030851,96.325,96.41875,96.29375,96.35625,96.16875
5030852,101.95125,102.01375,101.95125,101.95125,101.795
5030857,104.065,103.97125,103.97125,104.0025,103.97125
5030861,102.97125,103.03375,102.90875,102.90875,103.0025
5030864,101.94,102.03375,101.90875,101.97125,101.90875
5030867,105.17,105.20125,105.07625,105.1075,105.07625
5030871,100.6275,100.59625,100.59625,100.6275,100.59625
5030873,103.795,103.82625,103.70125,103.795,103.57625
5030876,103.1075,103.07625,103.07625,103.1075,103.07625
5030881,101.19,101.22125,101.15875,101.22125,101.09625
5030883,101.0025,100.97125,100.97125,101.0025,100.97125
5030888,102.19,102.22125,102.15875,102.22125,102.09625
5030892,99.505,99.53625,99.41125,99.505,99.28625
5030897,101.0025,100.97125,100.97125,101.0025,100.97125
5030901,105.045,104.95125,104.95125,104.9825,104.95125
5030906,102.95375,102.95375,102.89125,102.95375,102.86
5030911,103.40875,103.40875,103.34625,103.44,103.19
5030916,103.20125,103.20125,103.13875,103.17,103.17
5030917,102.65875,102.72125,102.65875,102.72125,102.5025
5030922,102.19,102.22125,102.15875,102.22125,102.09625
5030925,101.69,101.72125,101.65875,101.69,101.53375
5030930,104.19,104.22125,104.09625,104.1275,104.09625
5030931,103.045,103.07625,103.07625,103.07625,103.01375
5030933,102.5925,102.68625,102.56125,102.5925,102.49875
5030935,101.2525,101.34625,101.28375,101.315,101.09625
5030939,97.755,97.78625,97.72375,97.755,97.72375
5030941,98.255,98.16125,98.16125,98.1925,98.09875
5030945,104.78375,104.78375,104.72125,104.7525,104.69
5030946,99.13,99.09875,99.03625,99.09875,98.97375
5030950,98.255,98.34875,98.22375,98.28625,98.22375
5030953,102.7525,102.84625,102.72125,102.7525,102.65875
5030956,100.69,100.72125,100.72125,100.7525,100.65875
5030960,103.18625,103.24875,103.18625,103.2175,103.0925
5030965,97.88,97.91125,97.91125,97.9425,97.72375
5030969,103.34625,103.40875,103.34625,103.3775,103.2525
5030970,103.64125,103.57875,103.57875,103.61,103.485
5030975,97.38,97.41125,97.34875,97.38,97.34875
5030980,103.53,103.56125,103.43625,103.4675,103.56125
5030982,102.6275,102.59625,102.59625,102.6275,102.47125
5030987,99.41125,99.41125,99.34875,99.38,99.255
5030988,103.61,103.64125,103.57875,103.64125,103.51625
5030992,100.8775,100.97125,100.84625,100.94,100.78375
5030997,0.0,0.0,0.0,0.0,0.0
5031001,105.76375,105.76375,105.70125,105.7325,105.67
5031003,104.4825,104.51375,104.38875,104.45125,104.32625
5031008,102.065,101.97125,101.97125,102.0025,102.03375
5031010,104.1275,104.09625,104.03375,104.065,104.03375
5031015,97.16875,97.16875,97.10625,97.2,97.075
5031016,101.40875,101.40875,101.40875,101.40875,101.3775
5031018,103.57875,103.57875,103.57875,103.64125,103.485
5031021,104.45125,104.51375,104.38875,104.38875,104.3575
5031024,97.88,97.91125,97.84875,97.88,97.72375
5031025,104.67,104.70125,104.57625,104.6075,104.70125
5031029,102.315,102.34625,102.22125,102.315,102.22125
5031030,101.7325,101.82625,101.76375,101.795,101.70125
5031034,98.16125,98.22375,98.16125,98.16125,98.13
5031036,98.53625,98.47375,98.47375,98.47375,98.38
5031040,103.69,103.72125,103.59625,103.6275,103.72125
5031043,103.405,103.43625,103.37375,103.37375,103.43625
5031046,0.0,0.0,0.0,0.0,0.0
5031050,99.3175,99.28625,99.22375,99.255,99.16125
5031055,104.11,104.14125,104.07875,104.11,104.01625
5031057,98.755,98.78625,98.78625,98.78625,98.72375
5031060,104.4825,104.51375,104.38875,104.45125,104.32625
5031062,104.38875,104.38875,104.32625,104.42,104.17
5031067,102.065,102.09625,102.09625,102.09625,102.03375
5031071,0.0,0.0,0.0,0.0,0.0
5031073,102.11,102.14125,102.14125,102.1725,102.07875
5031078,103.28,103.24875,103.18625,103.24875,103.12375
5031082,104.28375,104.28375,104.22125,104.2525,104.315
5031084,102.53,102.56125,102.49875,102.53,102.37375
5031088,103.01625,103.07875,102.95375,103.01625,102.9225
5031089,101.065,101.09625,101.03375,101.065,101.03375
5031093,105.36,105.39125,105.39125,105.4225,105.26625
5031096,97.9425,97.91125,97.91125,98.005,97.72375
5031101,103.15875,103.15875,103.22125,103.22125,103.0025
5031103,101.59625,101.65875,101.53375,101.59625,101.5025
5031106,100.8175,100.78625,100.72375,100.755,100.72375
5031108,99.63,99.59875,99.53625,99.59875,99.59875
5031112,98.88,98.91125,98.84875,98.88,98.84875
5031117,98.66125,98.72375,98.66125,98.755,98.4425
5031122,105.61,105.64125,105.51625,105.5475,105.51625
5031123,103.3775,103.40875,103.34625,103.3775,103.22125
5031125,98.8175,98.78625,98.78625,98.8175,98.78625
5031128,104.67,104.70125,104.57625,104.6075,104.70125
5031132,101.84625,101.78375,101.84625,101.84625,101.69
5031133,101.565,101.65875,101.53375,101.59625,101.53375
5031134,102.76625,102.70375,102.70375,102.70375,102.735
5031137,100.065,100.09625,100.09625,100.1275,100.03375
5031140,98.34875,98.34875,98.34875,98.38,98.3175
5031145,101.8575,101.95125,101.82625,101.92,101.76375
5031147,103.92,103.88875,103.82625,103.88875,103.88875
5031150,103.15875,103.15875,103.22125,103.22125,103.0025
5031151,104.0475,104.01625,104.01625,104.0475,103.89125
5031155,95.66875,95.66875,95.66875,95.66875,95.6375
5031156,103.61,103.64125,103.57875,103.61,103.57875
5031160,100.16125,100.22375,100.09875,100.09875,100.0675
5031163,104.89125,104.95375,104.82875,104.82875,104.7975
5031164,105.76375,105.76375,105.70125,105.7325,105.67
5031167,101.47125,101.53375,101.47125,101.47125,101.44
5031172,101.84625,101.90875,101.90875,101.94,101.69
5031175,104.11,104.14125,104.07875,104.11,103.95375
5031179,103.875,103.90625,103.90625,104.0,103.78125
5031184,102.57625,102.63875,102.51375,102.57625,102.4825
5031189,102.97125,103.03375,102.90875,102.90875,102.8775
5031192,98.59875,98.59875,98.53625,98.53625,98.4425
5031196,103.95125,104.01375,103.88875,103.88875,103.9825
5031199,104.01625,103.95375,103.95375,103.985,103.985
5031202,100.7525,100.84625,100.78375,100.815,100.72125
5031206,105.5,105.53125,105.40625,105.4375,105.53125
5031210,102.72125,102.65875,102.65875,102.69,102.69
5031212,101.40875,101.40875,101.40875,101.40875,101.3775
5031216,96.8175,96.91125,96.84875,96.88,96.78625
5031221,101.12375,101.12375,101.12375,101.155,101.0925
5031223,97.6925,97.66125,97.66125,97.6925,97.66125
5031227,102.71875,102.71875,102.65625,102.65625,102.6875
5031228,100.7525,100.84625,100.78375,100.815,100.72125
5031230,104.67625,104.73875,104.61375,104.67625,104.4575
5031233,103.905,103.81125,103.81125,103.8425,103.81125
5031235,103.6275,103.59625,103.53375,103.565,103.65875
5031240,102.90875,102.90875,102.84625,102.94,102.815
5031244,104.38875,104.38875,104.32625,104.32625,104.295
5031249,98.45,98.41875,98.41875,98.48125,98.41875
5031252,105.8575,105.82625,105.82625,105.8575,105.88875
5031257,103.545,103.45125,103.45125,103.4825,103.38875
5031262,102.4675,102.43625,102.37375,102.405,102.31125
5031266,104.19,104.22125,104.09625,104.1275,104.09625
5031269,101.18625,101.24875,101.24875,101.28,101.155
5031272,103.67,103.70125,103.57625,103.6075,103.70125
5031275,101.19,101.22125,101.15875,101.19,101.03375
5031278,102.61,102.64125,102.64125,102.6725,102.45375
5031283,104.1275,104.09625,104.03375,104.065,104.03375
5031284,104.11,104.14125,104.07875,104.14125,103.89125
5031287,103.26625,103.32875,103.32875,103.36,103.11
5031288,98.45,98.48125,98.35625,98.3875,98.35625
5031289,102.815,102.84625,102.72125,102.815,102.59625
5031293,103.40875,103.40875,103.34625,103.34625,103.315
5031298,104.82875,104.82875,104.76625,104.76625,104.735
5031303,101.34625,101.28375,101.34625,101.34625,101.315
5031306,102.69,102.72125,102.65875,102.69,102.59625
5031311,102.315,102.34625,102.22125,102.315,102.22125
5031316,102.0025,102.03375,101.90875,101.97125,101.97125
5031320,102.19,102.22125,102.15875,102.19,102.15875
5031323,100.8175,100.78625,100.72375,100.755,100.72375
5031324,103.5025,103.53375,103.40875,103.47125,103.34625
5031325,103.28375,103.28375,103.28375,103.315,103.1275
5031327,0.0,0.0,0.0,0.0,0.0
5031331,103.01625,103.07875,102.95375,103.01625,102.9225
5031333,102.94,102.90875,102.84625,102.90875,102.90875
5031335,99.4425,99.53625,99.41125,99.4425,99.34875
5031338,105.1075,105.07625,105.01375,105.045,105.01375
5031340,102.4225,102.39125,102.39125,102.4225,102.39125
5031344,101.28375,101.28375,101.22125,101.28375,101.065
5031347,104.6075,104.57625,104.51375,104.545,104.63875
5031348,104.5625,104.53125,104.46875,104.5625,104.34375
5031353,102.78375,102.78375,102.78375,102.815,102.7525
5031358,102.2525,102.34625,102.22125,102.2525,102.28375
5031363,105.76375,105.76375,105.70125,105.7325,105.67
5031364,102.19,102.22125,102.15875,102.22125,102.09625
5031366,0.0,0.0,0.0,0.0,0.0
5031369,102.0475,102.01625,102.01625,102.0475,102.01625
5031372,99.255,99.28625,99.22375,99.255,99.22375
5031377,104.09625,104.09625,104.03375,104.09625,103.94
5031381,103.67,103.57625,103.57625,103.67,103.45125
5031385,98.16125,98.22375,98.16125,98.16125,98.13
5031387,102.03,101.93625,101.93625,102.03,101.93625
5031388,101.40875,101.40875,101.40875,101.40875,101.3775
5031391,105.70375,105.70375,105.64125,105.6725,105.61
5031395,98.03625,98.09875,98.09875,98.13,98.005
5031397,106.59375,106.59375,106.53125,106.5625,106.5
5031402,101.90875,101.90875,101.90875,101.90875,101.7525
5031405,97.8875,97.85625,97.79375,97.825,97.91875
5031407,102.19,102.22125,102.15875,102.19,102.22125
5031412,102.815,102.84625,102.72125,102.815,102.59625
5031414,102.78375,102.78375,102.78375,102.815,102.7525
5031418,0.0,0.0,0.0,0.0,0.0
5031421,102.1275,102.09625,102.09625,102.1275,102.09625
5031424,102.485,102.51625,102.51625,102.5475,102.45375
5031427,101.78375,101.78375,101.78375,101.815,101.6275
5031429,100.6275,100.59625,100.59625,100.6275,100.59625
5031430,104.5,104.53125,104.46875,104.53125,104.28125
5031431,103.0,103.03125,102.96875,103.0,102.84375
5031436,102.565,102.59625,102.59625,102.59625,102.40875
5031440,102.94,102.90875,102.84625,102.90875,102.90875
5031444,98.28625,98.34875,98.22375,98.28625,98.1925
5031449,102.19,102.22125,102.15875,102.22125,102.09625
5031451,95.45,95.48125,95.41875,95.45,95.41875
5031456,99.3175,99.28625,99.22375,99.255,99.16125
5031457,102.045,102.07625,102.07625,102.1075,102.01375
5031462,106.0,106.03125,105.90625,105.9375,105.90625
5031465,106.20375,106.20375,106.14125,106.1725,106.11
5031467,105.76375,105.76375,105.70125,105.7325,105.67
5031468,100.755,100.66125,100.66125,100.6925,100.66125
5031472,100.69,100.72125,100.65875,100.69,100.65875
5031474,103.69,103.72125,103.59625,103.6275,103.72125
5031475,105.045,105.07625,105.01375,105.01375,104.95125
5031479,0.0,0.0,0.0,0.0,0.0
5031484,103.045,102.95125,102.95125,102.9825,103.01375
5031488,102.88875,102.88875,102.82625,102.82625,102.7325
5031492,102.405,102.31125,102.31125,102.3425,102.24875
5031497,102.19,102.22125,102.15875,102.22125,102.09625
5031502,103.485,103.57875,103.45375,103.51625,103.32875
5031505,101.84625,101.78375,101.78375,101.78375,101.69
5031510,100.38,100.41125,100.28625,100.3175,100.41125
5031515,104.39125,104.45375,104.32875,104.32875,104.4225
5031520,103.795,103.82625,103.70125,103.795,103.57625
5031524,95.5125,95.48125,95.48125,95.575,95.29375
5031525,101.53375,101.53375,101.47125,101.53375,101.44
5031529,103.5475,103.51625,103.51625,103.5475,103.51625
5031532,0.0,0.0,0.0,0.0,0.0
5031535,102.2325,102.20125,102.20125,102.295,102.01375
5031536,103.5025,103.47125,103.47125,103.565,103.40875
5031541,100.94,100.84625,100.90875,100.94,100.90875
5031545,96.5125,96.48125,96.41875,96.5125,96.41875
5031550,99.4425,99.53625,99.41125,99.4425,99.34875
5031554,102.815,102.84625,102.72125,102.815,102.59625
5031555,102.7525,102.72125,102.65875,102.7525,102.53375
5031558,101.8775,101.84625,101.84625,101.8775,101.78375
5031563,96.3875,96.35625,96.35625,96.3875,96.35625
5031567,101.2525,101.22125,101.22125,101.315,101.03375
5031568,101.84625,101.90875,101.90875,101.94,101.69
5031569,102.22125,102.22125,102.15875,102.19,102.19
5031572,103.6075,103.57625,103.51375,103.545,103.45125
5031573,103.44,103.47125,103.34625,103.3775,103.34625
5031576,102.4225,102.39125,102.39125,102.4225,102.39125
5031581,106.09375,106.09375,106.03125,106.0625,106.125
5031583,101.67,101.70125,101.70125,101.7325,101.63875
5031586,105.1075,105.07625,105.01375,105.045,105.01375
5031591,105.17,105.20125,105.07625,105.1075,105.07625
5031594,98.28625,98.34875,98.22375,98.28625,98.1925
5031597,99.59875,99.59875,99.53625,99.53625,99.63
5031598,102.57625,102.63875,102.51375,102.57625,102.4825
5031602,101.47125,101.53375,101.47125,101.47125,101.44
5031607,98.88,98.91125,98.84875,98.91125,98.78625
5031612,101.90875,101.90875,101.84625,101.90875,101.815
5031616,101.0025,100.97125,100.97125,101.0025,100.97125
5031618,103.6275,103.59625,103.53375,103.565,103.65875
5031623,103.44,103.40875,103.34625,103.40875,103.28375
5031624,102.065,102.15875,102.03375,102.09625,101.90875
5031629,103.6725,103.76625,103.64125,103.6725,103.70375
5031634,103.4225,103.39125,103.39125,103.39125,103.39125
5031637,101.53375,101.53375,101.47125,101.53375,101.44
5031640,101.59625,101.65875,101.53375,101.59625,101.5025
5031641,103.44,103.40875,103.34625,103.40875,103.28375
5031645,98.88,98.91125,98.84875,98.91125,98.78625
5031649,94.94875,94.94875,94.94875,94.98,94.9175
5031651,100.6275,100.59625,100.59625,100.6275,100.59625
5031653,104.28375,104.28375,104.22125,104.2525,104.315
5031654,102.19,102.22125,102.15875,102.22125,102.09625
5031658,0.0,0.0,0.0,0.0,0.0
5031659,100.9825,100.95125,100.95125,100.9825,100.95125
5031661,101.1275,101.09625,101.09625,101.1275,100.97125
5031662,99.38,99.41125,99.34875,99.38,99.28625
5031663,99.4425,99.41125,99.34875,99.4425,99.22375
5031667,103.565,103.47125,103.47125,103.5025,103.59625
5031671,102.1275,102.09625,102.09625,102.1275,102.09625
5031675,103.6275,103.59625,103.53375,103.565,103.65875
5031679,103.4225,103.39125,103.39125,103.39125,103.39125
5031684,105.17,105.20125,105.07625,105.1075,105.07625
5031686,105.145,105.05125,105.05125,105.0825,104.98875
5031691,98.005,98.03625,97.97375,98.0675,97.78625
5031692,102.2525,102.22125,102.15875,102.2525,102.15875
5031693,96.075,96.10625,95.98125,96.075,95.85625
5031694,102.19,102.09625,102.09625,102.19,102.09625
5031698,101.19,101.22125,101.22125,101.2525,101.03375
5031699,102.4675,102.43625,102.43625,102.4675,102.31125
5031704,100.6275,100.59625,100.59625,100.6275,100.59625
5031705,104.19,104.22125,104.09625,104.1275,104.09625
5031709,106.05125,106.11375,105.98875,105.98875,105.9575
5031712,99.97375,99.97375,99.97375,100.005,99.8175
5031715,101.18,101.14875,101.08625,101.14875,101.02375
5031716,101.97125,102.03375,101.97125,102.065,101.7525
5031719,103.44,103.40875,103.34625,103.40875,103.28375
5031721,104.8775,104.84625,104.84625,104.8775,104.90875
5031725,99.59875,99.59875,99.53625,99.63,99.505
5031730,103.69,103.72125,103.59625,103.6275,103.72125
5031734,105.875,105.90625,105.84375,105.84375,105.78125
5031736,102.90875,102.90875,102.84625,102.84625,102.94
5031740,103.34625,103.40875,103.28375,103.28375,103.3775
5031743,101.0025,100.97125,100.97125,101.0025,100.97125
5031746,102.70375,102.57875,102.64125,102.64125,102.6725
5031749,105.1075,105.07625,105.01375,105.045,105.01375
5031751,103.40875,103.40875,103.34625,103.34625,103.315
5031755,104.0,104.03125,103.96875,104.0,103.96875
5031756,103.20375,103.20375,103.14125,103.14125,103.1725
5031758,101.47375,101.47375,101.41125,101.4425,101.38
5031762,103.905,103.93625,103.87375,103.87375,103.81125
5031767,98.88,98.91125,98.84875,98.91125,98.78625
5031771,100.6275,100.59625,100.59625,100.6275,100.59625
5031773,102.88875,102.88875,102.82625,102.82625,102.7325
5031777,103.8775,103.84625,103.90875,103.94,103.72125
5031782,101.84625,101.78375,101.84625,101.84625,101.69
5031786,102.4225,102.39125,102.39125,102.4225,102.39125
5031790,106.20375,106.20375,106.14125,106.1725,106.11
5031793,104.3125,104.28125,104.28125,104.28125,104.15625
5031796,102.90875,102.90875,102.84625,102.84625,102.94
5031800,104.19,104.22125,104.09625,104.1275,104.09625
5031803,101.37375,101.37375,101.31125,101.37375,101.28
5031804,103.34625,103.40875,103.34625,103.3775,103.2525
5031807,103.76375,103.82625,103.70125,103.7325,103.6075
5031810,103.40875,103.40875,103.34625,103.44,103.19
5031815,98.325,98.35625,98.29375,98.29375,98.23125
5031818,99.3175,99.41125,99.28625,99.3175,99.34875
5031819,99.88,99.91125,99.78625,99.8175,99.78625
5031821,100.97375,100.97375,100.91125,100.9425,101.005
5031822,99.28625,99.28625,99.22375,99.28625,99.255
5031826,102.2525,102.34625,102.22125,102.2525,102.28375
5031831,102.81125,102.87375,102.74875,102.74875,102.8425
5031834,101.53375,101.53375,101.47125,101.53375,101.44
5031838,101.3675,101.33625,101.27375,101.305,101.39875
5031840,104.1275,104.09625,104.03375,104.065,104.03375
5031843,104.38875,104.38875,104.32625,104.42,104.17
5031845,0.0,0.0,0.0,0.0,0.0
5031847,101.0025,100.97125,100.97125,101.0025,100.97125
5031849,99.47375,99.53625,99.41125,99.4425,99.3175
5031853,102.82875,102.82875,102.82875,102.82875,102.7975
5031858,103.57625,103.57625,103.51375,103.57625,103.545
5031863,101.90875,101.90875,101.90875,101.90875,101.7525
5031867,103.6275,103.59625,103.53375,103.565,103.65875
5031868,104.62375,104.62375,104.56125,104.5925,104.53
5031870,98.63,98.59875,98.59875,98.66125,98.47375
5031871,98.03625,97.97375,98.03625,98.03625,98.005
5031873,97.3175,97.28625,97.28625,97.3175,97.28625
5031876,101.8575,101.95125,101.82625,101.92,101.76375
5031879,102.565,102.47125,102.47125,102.5025,102.40875
5031883,98.88,98.78625,98.78625,98.88,98.78625
5031885,104.42,104.38875,104.32625,104.38875,104.26375
5031889,101.2975,101.26625,101.26625,101.2975,101.26625
5031894,100.16125,100.22375,100.09875,100.09875,100.0675
5031896,102.5475,102.51625,102.51625,102.5475,102.51625
5031900,103.22125,103.15875,103.15875,103.19,103.065
5031903,100.88,100.91125,100.78625,100.8175,100.78625
5031907,100.8775,100.97125,100.84625,100.94,100.78375
5031911,103.82625,103.76375,103.76375,103.76375,103.8575
5031915,98.63,98.66125,98.59875,98.63,98.47375
5031919,97.72375,97.72375,97.66125,97.72375,97.505
5031922,101.5475,101.51625,101.57875,101.61,101.39125
5031926,98.91125,98.91125,98.84875,98.88,98.88
5031927,104.42,104.38875,104.32625,104.38875,104.26375
5031932,98.78625,98.84875,98.72375,98.78625,98.5675
5031936,102.1275,102.09625,102.03375,102.065,102.09625
5031938,104.65875,104.65875,104.59625,104.6275,104.69
5031940,105.875,105.90625,105.84375,105.84375,105.78125
5031942,105.03125,104.96875,104.96875,105.0,104.875
5031947,102.15875,102.22125,102.15875,102.22125,102.1275
5031951,97.1925,97.16125,97.16125,97.1925,97.16125
5031954,105.17,105.20125,105.07625,105.1075,105.07625
5031957,99.3175,99.28625,99.28625,99.3175,99.16125
5031960,102.78375,102.84625,102.72125,102.7525,102.6275
5031961,103.6275,103.59625,103.53375,103.565,103.65875
5031966,100.8775,100.97125,100.84625,100.94,100.78375
5031969,96.825,96.85625,96.85625,96.85625,96.66875
5031970,102.19,102.22125,102.15875,102.19,102.15875
5031971,103.98875,103.98875,103.98875,103.98875,103.9575
5031973,104.26375,104.26375,104.26375,104.295,104.1075
5031976,102.0475,102.01625,102.01625,102.0475,102.01625
5031979,104.7975,104.82875,104.76625,104.7975,104.64125
5031984,101.8675,101.83625,101.77375,101.805,101.77375
5031988,103.795,103.82625,103.70125,103.795,103.57625
5031993,106.06625,106.12875,106.06625,106.0975,106.0975
5031998,97.38,97.41125,97.34875,97.38,97.34875
5032000,102.7525,102.84625,102.72125,102.7525,102.65875
5032005,101.065,101.09625,101.03375,101.065,101.03375
5032010,102.19,102.22125,102.15875,102.19,102.22125
5032011,102.82875,102.82875,102.82875,102.82875,102.7975
5032016,102.7525,102.84625,102.72125,102.7525,102.65875
5032020,99.4425,99.41125,99.34875,99.4425,99.22375
5032023,103.22125,103.15875,103.15875,103.19,103.065
5032025,98.9425,98.91125,98.84875,98.9425,98.84875
5032027,105.17,105.20125,105.07625,105.1075,105.07625
5032032,97.23125,97.29375,97.16875,97.16875,97.2625
5032036,103.6075,103.57625,103.57625,103.6075,103.45125
5032041,101.31125,101.37375,101.31125,101.31125,101.28
5032045,105.76375,105.76375,105.70125,105.7325,105.67
5032046,97.755,97.78625,97.72375,97.755,97.72375
5032051,103.40875,103.40875,103.34625,103.34625,103.315
5032053,102.19,102.22125,102.15875,102.19,102.15875
5032055,104.09625,104.09625,104.03375,104.09625,103.94
5032060,101.94,102.03375,101.90875,101.97125,101.90875
5032062,97.88,97.91125,97.91125,97.9425,97.72375
5032065,101.93,101.96125,101.83625,101.8675,101.83625
5032068,103.6275,103.59625,103.53375,103.565,103.65875
5032070,100.72125,100.78375,100.78375,100.815,100.69
5032073,94.95,94.98125,94.91875,94.95,94.91875
5032074,97.755,97.78625,97.72375,97.755,97.72375
5032077,100.8175,100.78625,100.72375,100.755,100.72375
5032080,104.89125,104.95375,104.82875,104.82875,104.7975
5032083,0.0,0.0,0.0,0.0,0.0
5032088,102.28375,102.34625,102.22125,102.2525,102.2525
5032091,103.1275,103.09625,103.03375,103.065,103.03375
5032093,101.065,100.97125,100.97125,101.0025,101.03375
5032097,102.7525,102.84625,102.72125,102.7525,102.65875
5032100,104.78375,104.78375,104.72125,104.7525,104.69
5032102,98.53625,98.47375,98.47375,98.47375,98.38
5032107,99.005,99.03625,98.91125,99.005,98.91125
5032111,102.6275,102.59625,102.53375,102.565,102.47125
5032114,101.53375,101.53375,101.47125,101.53375,101.44
5032116,102.1275,102.09625,102.09625,102.1275,102.09625
5032119,103.875,103.90625,103.90625,103.90625,103.84375
5032121,0.0,0.0,0.0,0.0,0.0
5032123,102.82875,102.82875,102.82875,102.82875,102.7975
5032125,102.5925,102.68625,102.56125,102.5925,102.49875
5032130,98.16125,98.22375,98.16125,98.16125,98.13
5032134,102.03,102.06125,101.99875,102.03,102.06125
5032136,98.6925,98.66125,98.66125,98.66125,98.66125
5032138,102.315,102.34625,102.22125,102.315,102.22125
5032139,104.1275,104.09625,104.03375,104.065,104.03375
5032140,104.11,104.14125,104.07875,104.11,104.01625
5032143,103.92,103.88875,103.82625,103.88875,103.88875
5032144,101.40875,101.40875,101.34625,101.34625,101.3775
5032146,102.815,102.84625,102.72125,102.815,102.59625
5032149,104.1275,104.09625,104.03375,104.065,104.03375
5032152,100.69,100.72125,100.65875,100.69,100.65875
5032154,105.1075,105.07625,105.01375,105.045,105.01375
5032156,105.61,105.64125,105.51625,105.5475,105.51625
5032159,104.235,104.26625,104.14125,104.235,104.01625
5032163,100.09875,100.09875,100.03625,100.13,99.88
5032166,101.065,101.09625,101.03375,101.065,101.03375
5032170,105.875,105.90625,105.84375,105.84375,105.78125
5032171,104.14125,104.07875,104.07875,104.11,103.985
5032172,104.19,104.22125,104.09625,104.1275,104.09625
5032174,102.88875,102.88875,102.82625,102.82625,102.7325
5032179,105.76375,105.76375,105.70125,105.7325,105.67
5032182,99.4425,99.53625,99.41125,99.4425,99.34875
5032183,101.40875,101.40875,101.40875,101.40875,101.3775
5032188,101.40875,101.40875,101.40875,101.40875,101.3775
5032193,104.45125,104.51375,104.38875,104.38875,104.3575
5032194,101.315,101.34625,101.28375,101.3775,101.09625
5032196,105.90625,105.90625,105.84375,105.90625,105.75
5032199,100.69,100.72125,100.65875,100.69,100.65875
5032203,102.565,102.47125,102.47125,102.5025,102.40875
5032207,106.8475,106.81625,106.75375,106.785,106.87875
5032208,102.7525,102.84625,102.72125,102.7525,102.65875
5032213,103.39125,103.45375,103.39125,103.39125,103.235
5032218,103.69,103.72125,103.59625,103.6275,103.72125
5032223,101.065,101.09625,101.03375,101.065,101.03375
5032226,100.7425,100.77375,100.64875,100.71125,100.71125
5032231,102.72125,102.72125,102.65875,102.69,102.565
5032236,104.20375,104.20375,104.20375,104.235,104.1725
5032240,102.7525,102.84625,102.72125,102.7525,102.65875
5032242,103.9225,103.76625,103.82875,103.86,103.76625
5032244,101.34625,101.40875,101.40875,101.44,101.315
5032249,0.0,0.0,0.0,0.0,0.0
5032250,100.305,100.21125,100.21125,100.2425,100.14875
5032253,102.0025,101.97125,101.97125,101.97125,101.97125
5032256,101.47125,101.53375,101.47125,101.47125,101.44
5032257,102.82625,102.88875,102.88875,102.92,102.67
5032261,104.45125,104.51375,104.38875,104.38875,104.3575
5032264,105.03125,104.96875,104.96875,105.0,104.875
5032267,99.53625,99.59875,99.53625,99.5675,99.5675
5032268,102.065,102.09625,102.09625,102.09625,102.03375
5032272,99.28625,99.28625,99.22375,99.255,99.255
5032277,104.11,104.14125,104.07875,104.11,104.01625
5032282,104.62375,104.62375,104.56125,104.5925,104.53
5032287,105.9375,105.90625,105.84375,105.875,105.84375
5032291,98.755,98.78625,98.78625,98.78625,98.72375
5032293,98.8175,98.91125,98.78625,98.8175,98.84875
5032298,102.90875,102.90875,102.84625,102.94,102.815
5032299,100.815,100.84625,100.78375,100.8775,100.72125
5032301,101.3675,101.33625,101.27375,101.305,101.39875
5032304,103.6725,103.64125,103.70375,103.735,103.64125
5032307,102.065,102.09625,102.09625,102.09625,102.03375
5032311,106.46875,106.46875,106.40625,106.4375,106.5
5032314,97.1375,97.16875,97.10625,97.1375,97.10625
5032318,103.34625,103.40875,103.34625,103.3775,103.2525
5032322,103.7325,103.70125,103.63875,103.7325,103.51375
5032325,104.82875,104.82875,104.76625,104.76625,104.735
5032326,105.51625,105.51625,105.45375,105.51625,105.36
5032331,103.21875,103.21875,103.21875,103.21875,103.1875
5032333,103.2325,103.20125,103.13875,103.2325,103.13875
5032334,0.0,0.0,0.0,0.0,0.0
5032336,105.1075,105.07625,105.01375,105.045,105.01375
5032337,104.78375,104.78375,104.72125,104.7525,104.69
5032340,106.20375,106.20375,106.14125,106.1725,106.11
5032345,102.735,102.76625,102.70375,102.7975,102.51625
5032348,102.97125,103.03375,102.90875,102.90875,103.0025
5032351,103.61,103.64125,103.57875,103.61,103.57875
5032354,102.89125,102.95375,102.89125,102.89125,102.86
5032355,101.78375,101.78375,101.78375,101.815,101.7525
5032358,102.315,102.34625,102.22125,102.315,102.22125
5032361,102.95125,103.01375,102.95125,102.95125,102.795
5032365,102.38875,102.38875,102.32625,102.32625,102.3575
5032366,103.47125,103.53375,103.40875,103.40875,103.3775
5032367,102.53375,102.59625,102.53375,102.59625,102.5025
5032371,98.6925,98.66125,98.66125,98.66125,98.66125
5032374,102.15875,102.22125,102.15875,102.22125,102.1275
5032377,97.9425,97.91125,97.91125,98.005,97.72375
5032381,103.34625,103.34625,103.28375,103.34625,103.19
5032382,101.34625,101.28375,101.28375,101.28375,101.315
5032386,104.9225,104.95375,104.82875,104.89125,104.76625
5032390,104.19,104.22125,104.09625,104.1275,104.09625
5032394,104.9225,104.95375,104.82875,104.89125,104.76625
5032397,104.19,104.22125,104.09625,104.1275,104.09625
5032399,102.90875,102.90875,102.84625,102.84625,102.94
5032402,102.4675,102.43625,102.43625,102.4675,102.31125
5032404,104.28375,104.28375,104.22125,104.2525,104.315
5032406,102.82625,102.76375,102.76375,102.76375,102.67
5032407,102.565,102.47125,102.47125,102.5025,102.40875
5032409,101.19,101.22125,101.22125,101.2525,101.03375
5032412,0.0,0.0,0.0,0.0,0.0
5032414,0.0,0.0,0.0,0.0,0.0
5032416,98.16125,98.22375,98.16125,98.16125,98.13
5032417,102.5025,102.34625,102.40875,102.44,102.34625
5032422,0.0,0.0,0.0,0.0,0.0
5032424,105.26375,105.26375,105.20125,105.2325,105.295
5032428,96.5675,96.66125,96.53625,96.63,96.47375
5032433,104.89125,104.95375,104.82875,104.82875,104.7975
5032436,98.03625,98.09875,98.09875,98.13,98.005
5032441,100.38,100.41125,100.28625,100.3175,100.41125
5032445,102.89125,102.95375,102.89125,102.985,102.7975
5032447,104.67,104.70125,104.57625,104.6075,104.70125
5032451,101.97125,102.03375,101.97125,101.97125,101.815
5032454,103.76625,103.82875,103.76625,103.7975,103.7975
5032456,0.0,0.0,0.0,0.0,0.0
5032460,102.6275,102.59625,102.53375,102.565,102.47125
5032461,102.61,102.64125,102.57875,102.61,102.45375
5032463,102.62375,102.68625,102.56125,102.5925,102.4675
5032464,106.20375,106.20375,106.14125,106.1725,106.11
5032469,0.0,0.0,0.0,0.0,0.0
5032470,104.89125,104.95375,104.82875,104.82875,104.7975
5032475,103.3775,103.40875,103.34625,103.3775,103.22125
5032476,101.875,101.90625,101.90625,101.9375,101.84375
5032478,101.47125,101.53375,101.47125,101.47125,101.44
5032479,103.9675,103.93625,103.87375,103.905,103.87375
5032480,104.545,104.57625,104.51375,104.51375,104.45125
5032481,100.69,100.72125,100.72125,100.7525,100.65875
5032486,105.21875,105.21875,105.15625,105.15625,105.125
5032488,104.625,104.65625,104.53125,104.625,104.40625
5032490,103.6275,103.59625,103.53375,103.565,103.65875
5032495,102.97125,103.03375,102.90875,102.90875,103.0025
5032496,101.31125,101.37375,101.31125,101.31125,101.28
5032500,102.19,102.22125,102.15875,102.22125,102.09625
5032502,105.36,105.39125,105.39125,105.4225,105.26625
5032505,102.045,101.95125,101.95125,101.9825,102.01375
5032509,100.3175,100.28625,100.22375,100.255,100.34875
5032514,104.17,104.20125,104.07625,104.1075,104.07625
5032518,97.9425,98.03625,97.97375,98.005,97.78625
5032519,103.69,103.72125,103.59625,103.6275,103.72125
5032521,105.76375,105.76375,105.70125,105.7325,105.67
5032525,105.76375,105.76375,105.70125,105.7325,105.67
5032526,101.47125,101.53375,101.47125,101.47125,101.44
5032530,102.84625,102.78375,102.78375,102.78375,102.8775
5032532,104.0025,103.97125,103.90875,103.94,104.03375
5032537,102.6275,102.59625,102.59625,102.6275,102.47125
5032541,104.6075,104.57625,104.51375,104.545,104.63875
5032546,104.19,104.22125,104.09625,104.1275,104.09625
5032549,0.0,0.0,0.0,0.0,0.0
5032552,103.40875,103.40875,103.34625,103.34625,103.315
5032557,103.6275,103.59625,103.53375,103.565,103.65875
5032562,106.0,106.03125,105.90625,105.9375,105.90625
5032564,102.545,102.57625,102.51375,102.545,102.51375
5032565,105.17,105.20125,105.07625,105.1075,105.07625
5032568,103.6075,103.57625,103.57625,103.6075,103.45125
5032570,0.0,0.0,0.0,0.0,0.0
5032573,105.90625,105.90625,105.84375,105.90625,105.75
5032576,102.2525,102.22125,102.15875,102.2525,102.15875
5032580,98.755,98.78625,98.78625,98.78625,98.72375
5032583,102.65875,102.65875,102.72125,102.72125,102.6275
5032585,104.1275,104.09625,104.03375,104.065,104.03375
5032590,99.505,99.53625,99.41125,99.505,99.28625
5032594,98.03625,97.97375,98.03625,98.03625,98.005
5032599,104.53125,104.53125,104.46875,104.5,104.375
5032604,104.32875,104.32875,104.26625,104.26625,104.36
5032608,99.53,99.56125,99.56125,99.5925,99.49875
5032613,105.5,105.53125,105.40625,105.4375,105.53125
5032618,101.34625,101.28375,101.34625,101.34625,101.315
5032621,98.47375,98.47375,98.47375,98.505,98.3175
5032624,103.28375,103.28375,103.28375,103.315,103.1275
5032627,105.5475,105.51625,105.45375,105.485,105.45375
5032629,102.19,102.22125,102.15875,102.19,102.15875
5032633,101.485,101.51625,101.51625,101.5475,101.45375
5032638,104.78125,104.84375,104.71875,104.71875,104.8125
5032643,102.19,102.09625,102.09625,102.19,102.09625
5032647,104.1275,104.09625,104.03375,104.065,104.03375
5032649,103.32875,103.32875,103.32875,103.32875,103.1725
5032654,100.28625,100.28625,100.22375,100.28625,100.255
5032656,106.2075,106.17625,106.11375,106.145,106.23875
5032657,102.0025,102.03375,101.97125,102.03375,101.84625
5032661,98.22375,98.22375,98.16125,98.22375,98.13
5032663,102.4225,102.39125,102.39125,102.4225,102.39125
5032668,105.11,105.14125,105.01625,105.0475,105.14125
5032669,100.03625,100.09875,100.03625,100.0675,99.9425
5032672,103.295,103.32625,103.20125,103.295,103.20125
5032677,103.3425,103.37375,103.24875,103.31125,103.18625
5032678,105.26375,105.26375,105.20125,105.2325,105.295
5032681,105.2075,105.17625,105.17625,105.2075,105.05125
5032682,102.4375,102.40625,102.40625,102.4375,102.40625
5032683,101.4675,101.43625,101.37375,101.405,101.43625
5032684,104.67,104.70125,104.57625,104.6075,104.70125
5032686,102.2525,102.22125,102.15875,102.2525,102.15875
5032688,101.3775,101.47125,101.34625,101.44,101.15875
5032692,102.97125,103.03375,102.90875,102.90875,103.0025
5032695,100.34625,100.28375,100.34625,100.34625,100.315
5032699,103.565,103.59625,103.53375,103.53375,103.59625
5032704,102.6275,102.59625,102.53375,102.565,102.47125
5032708,99.59875,99.59875,99.53625,99.53625,99.63
5032709,105.375,105.40625,105.34375,105.34375,105.40625
5032711,103.94,103.97125,103.97125,104.0025,103.84625
5032715,102.735,102.76625,102.70375,102.7975,102.51625
5032719,106.20375,106.20375,106.14125,106.1725,106.11
5032721,102.72125,102.72125,102.65875,102.69,102.565
5032722,102.5,102.53125,102.53125,102.5625,102.46875
5032724,97.505,97.53625,97.47375,97.5675,97.41125
5032727,102.82875,102.82875,102.82875,102.82875,102.7975
5032732,100.09875,100.09875,100.03625,100.03625,100.005
5032733,102.69,102.72125,102.65875,102.69,102.59625
5032736,104.86,104.89125,104.89125,104.9225,104.89125
5032737,102.19,102.22125,102.15875,102.19,102.22125
5032742,0.0,0.0,0.0,0.0,0.0
5032744,99.47375,99.53625,99.41125,99.4425,99.3175
5032748,96.8875,96.85625,96.85625,96.8875,96.73125
5032750,104.89125,104.95375,104.82875,104.82875,104.7975
5032751,99.59875,99.59875,99.53625,99.53625,99.63
5032755,103.20375,103.20375,103.20375,103.20375,103.1725
5032756,105.1075,105.07625,105.01375,105.045,105.01375
5032757,105.9375,105.90625,105.84375,105.875,105.84375
5032759,101.565,101.65875,101.53375,101.59625,101.53375
5032763,105.0475,105.01625,104.95375,104.985,105.07875
5032767,103.485,103.51625,103.51625,103.51625,103.45375
5032771,103.795,103.82625,103.70125,103.795,103.57625
5032776,104.45125,104.51375,104.38875,104.38875,104.3575
5032781,98.91125,98.91125,98.84875,98.88,98.88
5032783,102.2525,102.22125,102.15875,102.2525,102.15875
5032784,100.815,100.84625,100.78375,100.8775,100.72125
5032786,103.20125,103.20125,103.13875,103.17,103.17
5032791,104.7975,104.82875,104.76625,104.7975,104.64125
5032794,102.09625,102.15875,102.03375,102.09625,101.8775
5032799,105.39125,105.39125,105.39125,105.4225,105.235
5032801,103.9675,103.93625,103.87375,103.905,103.87375
5032802,97.88,97.91125,97.91125,97.9425,97.72375
5032803,96.23125,96.29375,96.23125,96.325,96.0125
5032807,104.235,104.26625,104.14125,104.235,104.01625
5032809,102.2525,102.34625,102.22125,102.2525,102.28375
5032814,102.49875,102.49875,102.56125,102.56125,102.4675
5032818,100.40875,100.40875,100.34625,100.34625,100.3775
5032821,0.0,0.0,0.0,0.0,0.0
5032822,102.76375,102.76375,102.76375,102.795,102.6075
5032826,97.41875,97.41875,97.41875,97.45,97.3875
5032830,100.8175,100.78625,100.72375,100.755,100.72375
5032831,102.19,102.22125,102.15875,102.22125,102.09625
5032834,98.2,98.23125,98.23125,98.2625,98.10625
5032837,99.255,99.28625,99.22375,99.255,99.22375
5032842,100.09875,100.09875,100.03625,100.13,99.88
5032844,0.0,0.0,0.0,0.0,0.0
5032845,97.16875,97.16875,97.10625,97.10625,97.2
5032848,104.065,103.97125,103.97125,104.0025,103.97125
5032849,104.45125,104.51375,104.38875,104.38875,104.3575
5032853,105.1075,105.07625,105.01375,105.045,105.01375
5032858,105.1075,105.07625,105.01375,105.045,105.01375
5032862,0.0,0.0,0.0,0.0,0.0
5032863,102.94,102.90875,102.84625,102.90875,102.90875
5032865,106.11,106.07875,106.07875,106.14125,105.95375
5032870,102.28375,102.34625,102.22125,102.2525,102.2525
5032872,102.6275,102.65875,102.59625,102.6275,102.47125
5032873,105.17,105.20125,105.07625,105.1075,105.07625
5032877,103.20375,103.20375,103.20375,103.235,103.1725
5032882,95.1375,95.23125,95.10625,95.2,95.04375
5032886,105.1075,105.07625,105.01375,105.045,105.01375
5032890,102.72125,102.72125,102.65875,102.69,102.565
5032893,105.11,105.14125,105.01625,105.0475,105.14125
5032895,0.0,0.0,0.0,0.0,0.0
5032900,103.47125,103.47125,103.47125,103.5025,103.44
5032904,101.47125,101.53375,101.47125,101.47125,101.44
5032905,99.3175,99.28625,99.22375,99.255,99.16125
5032908,103.3775,103.40875,103.34625,103.3775,103.22125
5032909,99.3175,99.28625,99.22375,99.3175,99.22375
5032913,102.8775,102.90875,102.84625,102.8775,102.84625
5032915,102.53,102.56125,102.49875,102.53,102.43625
5032917,103.70125,103.70125,103.63875,103.67,103.545
5032918,103.045,102.95125,102.95125,102.9825,103.01375
5032922,103.4675,103.43625,103.37375,103.405,103.49875
5032925,103.5475,103.51625,103.51625,103.5475,103.51625
5032930,103.47125,103.53375,103.40875,103.40875,103.3775
5032934,103.985,104.01625,104.01625,104.01625,103.82875
5032935,102.2525,102.22125,102.15875,102.2525,102.15875
5032939,102.9825,103.01375,102.95125,103.01375,102.82625
5032944,103.485,103.57875,103.45375,103.51625,103.32875
5032949,101.565,101.65875,101.53375,101.59625,101.53375
5032950,106.59375,106.59375,106.53125,106.5625,106.5
5032951,103.07625,103.13875,103.01375,103.07625,102.8575
5032953,105.5475,105.51625,105.45375,105.485,105.45375
5032956,103.44,103.40875,103.34625,103.40875,103.28375
5032958,101.47125,101.53375,101.47125,101.565,101.3775
5032962,105.17,105.13875,105.13875,105.20125,105.13875
5032966,98.09875,98.09875,98.03625,98.03625,98.0675
5032969,100.7525,100.84625,100.78375,100.815,100.72125
5032971,98.88,98.91125,98.84875,98.91125,98.78625
5032972,102.1075,102.07625,102.13875,102.17,101.95125
5032973,102.09625,102.15875,102.03375,102.09625,101.8775
5032974,102.155,102.18625,102.06125,102.155,102.06125
5032979,102.89125,102.89125,102.82875,102.86,102.86
5032982,102.69,102.72125,102.65875,102.69,102.53375
5032983,100.815,100.84625,100.78375,100.8775,100.72125
5032987,101.3775,101.47125,101.34625,101.44,101.15875
5032992,102.90875,102.90875,102.84625,102.84625,102.94
5032994,102.315,102.34625,102.22125,102.315,102.22125
5032997,101.40875,101.40875,101.34625,101.34625,101.3775
5032999,101.28375,101.15875,101.22125,101.22125,101.2525
5033000,103.39125,103.45375,103.39125,103.39125,103.235
5033003,101.78375,101.78375,101.78375,101.815,101.6275
5033006,102.56125,102.56125,102.49875,102.53,102.405
5033007,103.44,103.40875,103.34625,103.40875,103.28375
5033008,101.67,101.70125,101.70125,101.7325,101.63875
5033009,105.1075,105.07625,105.01375,105.045,105.01375
5033013,102.78375,102.84625,102.72125,102.7525,102.6275
5033015,103.47125,103.53375,103.40875,103.40875,103.3775
5033018,104.78375,104.78375,104.72125,104.7525,104.69
5033021,104.985,105.01625,104.95375,104.95375,105.01625
5033024,102.44,102.47125,102.47125,102.47125,102.40875
5033026,102.315,102.34625,102.22125,102.315,102.22125
5033029,97.0125,97.10625,96.98125,97.0125,96.91875
5033031,101.36,101.39125,101.39125,101.4225,101.32875
5033032,102.2975,102.39125,102.26625,102.36,102.20375
5033034,102.72125,102.72125,102.65875,102.69,102.565
5033038,97.8175,97.78625,97.78625,97.8175,97.66125
5033040,101.37375,101.37375,101.31125,101.37375,101.28
5033044,101.84625,101.78375,101.78375,101.78375,101.69
5033045,104.19,104.22125,104.09625,104.1275,104.09625
5033047,102.40875,102.40875,102.34625,102.34625,102.315
5033049,103.2325,103.32625,103.20125,103.2325,103.26375
5033054,102.52375,102.52375,102.46125,102.4925,102.43
5033058,102.82625,102.76375,102.76375,102.76375,102.67
5033062,99.47375,99.47375,99.47375,99.505,99.4425
5033067,101.53375,101.53375,101.47125,101.53375,101.44
5033072,101.19,101.22125,101.22125,101.2525,101.03375
5033076,103.86,103.82875,103.76625,103.82875,103.70375
5033079,103.5475,103.51625,103.45375,103.485,103.51625
5033082,105.1075,105.07625,105.01375,105.045,105.01375
5033084,95.60625,95.54375,95.54375,95.54375,95.575
5033088,106.0,106.03125,105.90625,105.9375,105.90625
5033091,103.69,103.72125,103.59625,103.6275,103.72125
5033096,103.6275,103.59625,103.53375,103.565,103.65875
5033099,103.01375,103.01375,102.95125,103.01375,102.795
5033101,97.755,97.66125,97.72375,97.755,97.59875
5033105,102.19,102.09625,102.09625,102.19,102.09625
5033106,104.28375,104.28375,104.22125,104.2525,104.315
5033110,102.405,102.43625,102.43625,102.43625,102.24875
5033112,96.3875,96.35625,96.35625,96.3875,96.41875
5033114,98.97375,99.03625,98.91125,98.9425,98.9425
5033119,104.0475,104.01625,104.01625,104.0475,103.95375
5033122,103.8575,103.88875,103.82625,103.8575,103.82625
5033124,103.3775,103.40875,103.34625,103.3775,103.22125
5033129,103.07625,103.13875,103.01375,103.07625,102.8575
5033130,98.03625,97.97375,98.03625,98.03625,98.005
5033135,101.315,101.34625,101.28375,101.3775,101.09625
5033136,102.82625,102.76375,102.76375,102.76375,102.67
5033141,98.88,98.91125,98.84875,98.88,98.91125
5033143,103.9825,104.01375,103.88875,103.95125,103.95125
5033147,104.28375,104.28375,104.22125,104.2525,104.315
5033151,104.36,104.32875,104.26625,104.32875,104.20375
5033154,102.22125,102.22125,102.15875,102.19,102.19
5033155,103.9675,103.93625,103.87375,103.905,103.87375
5033159,101.28375,101.15875,101.22125,101.22125,101.2525
5033160,99.4425,99.53625,99.41125,99.4425,99.34875
5033165,101.72125,101.65875,101.65875,101.65875,101.69
5033170,103.93625,103.93625,103.87375,103.93625,103.78
5033175,101.19,101.22125,101.22125,101.2525,101.03375
5033179,98.41125,98.34875,98.34875,98.34875,98.38
5033184,99.72375,99.72375,99.66125,99.6925,99.755
5033188,104.7175,104.68625,104.68625,104.7175,104.74875
5033192,104.9225,104.95375,104.82875,104.89125,104.76625
5033195,104.76625,104.82875,104.76625,104.7975,104.6725
5033197,103.9825,104.01375,103.88875,103.95125,103.95125
5033198,102.84625,102.90875,102.84625,102.8775,102.8775
5033203,104.14125,104.14125,104.07875,104.11,103.985
5033205,103.61,103.64125,103.57875,103.61,103.45375
5033206,102.0675,102.03625,102.03625,102.0675,101.97375
5033211,101.485,101.51625,101.51625,101.5475,101.45375
5033212,98.47375,98.47375,98.47375,98.47375,98.4425
5033216,104.1725,104.14125,104.07875,104.1725,103.95375
5033217,101.97125,102.03375,101.97125,102.065,101.7525
5033219,98.755,98.78625,98.78625,98.78625,98.72375
5033223,104.6075,104.57625,104.51375,104.545,104.51375
5033224,0.0,0.0,0.0,0.0,0.0
5033229,105.90625,105.90625,105.84375,105.90625,105.75
5033231,100.88,100.91125,100.78625,100.8175,100.78625
5033234,105.51625,105.51625,105.45375,105.51625,105.36
5033238,102.565,102.47125,102.53375,102.565,102.40875
5033239,103.69,103.72125,103.59625,103.6275,103.59625
5033243,102.78375,102.78375,102.78375,102.815,102.7525
5033247,103.6275,103.59625,103.53375,103.565,103.65875
5033249,102.7525,102.72125,102.65875,102.7525,102.53375
5033251,102.28,102.31125,102.37375,102.405,102.12375
5033253,103.24875,103.24875,103.18625,103.28,103.03
5033254,104.0475,104.01625,104.01625,104.0475,103.89125
5033259,103.26625,103.20375,103.20375,103.20375,103.11
5033263,101.83625,101.83625,101.77375,101.83625,101.68
5033264,102.0025,102.03375,101.97125,102.03375,101.84625
5033265,103.44,103.40875,103.34625,103.40875,103.28375
5033269,105.25,105.21875,105.15625,105.21875,105.09375
5033273,103.565,103.47125,103.47125,103.5025,103.59625
5033277,104.5825,104.61375,104.55125,104.61375,104.42625
5033282,105.1075,105.07625,105.01375,105.045,105.01375
5033283,100.7525,100.84625,100.78375,100.815,100.72125
5033284,105.13875,105.13875,105.13875,105.13875,105.17
5033288,101.47375,101.47375,101.41125,101.4425,101.38
5033292,105.70375,105.70375,105.64125,105.6725,105.735
5033297,103.69,103.72125,103.59625,103.6275,103.72125
5033298,103.67,103.70125,103.63875,103.67,103.57625
5033303,100.8175,100.78625,100.72375,100.755,100.72375
5033304,101.1275,101.22125,101.15875,101.19,101.09625
5033307,105.76375,105.76375,105.70125,105.7325,105.67
5033311,104.39125,104.45375,104.32875,104.32875,104.4225
5033314,102.82875,102.82875,102.82875,102.82875,102.7975
5033317,104.28375,104.28375,104.22125,104.2525,104.315
5033321,104.1275,104.09625,104.03375,104.065,104.03375
5033324,103.7325,103.70125,103.63875,103.7325,103.51375
5033329,104.625,104.65625,104.53125,104.625,104.40625
5033331,104.28375,104.28375,104.22125,104.2525,104.315
5033335,103.28125,103.34375,103.28125,103.375,103.1875
5033337,103.20375,103.20375,103.20375,103.235,103.0475
5033340,102.28375,102.28375,102.28375,102.315,102.1275
5033343,104.82875,104.82875,104.76625,104.76625,104.735
5033348,98.8175,98.78625,98.72375,98.755,98.78625
5033352,102.315,102.34625,102.22125,102.315,102.22125
5033353,101.84625,101.78375,101.78375,101.78375,101.69
5033357,104.5,104.53125,104.46875,104.5,104.34375
5033360,104.19,104.22125,104.09625,104.1275,104.09625
5033362,106.0,106.03125,105.90625,105.9375,105.90625
5033363,103.375,103.28125,103.28125,103.375,103.28125
5033367,102.1275,102.09625,102.09625,102.1275,102.09625
5033371,102.69,102.72125,102.65875,102.69,102.59625
5033373,101.59625,101.65875,101.53375,101.59625,101.5025
5033374,102.7175,102.62375,102.62375,102.68625,102.68625
5033376,103.5625,103.53125,103.46875,103.5625,103.34375
5033377,102.01375,102.01375,101.95125,102.01375,101.795
5033382,101.90875,101.90875,101.84625,101.84625,101.7525
5033386,102.6275,102.59625,102.59625,102.6275,102.47125
5033387,104.45125,104.51375,104.38875,104.38875,104.3575
5033388,103.40875,103.40875,103.34625,103.34625,103.315
5033389,103.295,103.32625,103.20125,103.295,103.20125
5033394,103.63875,103.63875,103.70125,103.70125,103.6075
5033398,94.95,94.98125,94.98125,95.0125,94.79375
5033399,103.28375,103.28375,103.28375,103.315,103.1275
5033402,100.815,100.84625,100.78375,100.8775,100.72125
5033405,104.26375,104.26375,104.20125,104.20125,104.295
5033409,104.19,104.22125,104.09625,104.1275,104.09625
5033410,105.17,105.20125,105.07625,105.1075,105.07625
5033412,105.17,105.20125,105.07625,105.1075,105.07625
5033415,102.97125,103.03375,102.90875,102.90875,103.0025
5033416,104.86,104.82875,104.76625,104.82875,104.70375
5033420,99.38,99.41125,99.34875,99.38,99.28625
5033422,103.53,103.56125,103.43625,103.4675,103.56125
5033426,103.6275,103.59625,103.53375,103.565,103.65875
5033428,105.17,105.20125,105.07625,105.1075,105.07625
5033433,98.755,98.84875,98.72375,98.78625,98.59875
5033437,102.94,102.90875,102.84625,102.90875,102.90875
5033439,105.485,105.39125,105.39125,105.4225,105.39125
5033442,96.8175,96.91125,96.84875,96.88,96.78625
5033445,102.82625,102.76375,102.76375,102.76375,102.67
5033446,105.17,105.20125,105.07625,105.1075,105.07625
5033450,105.07625,105.07625,105.01375,105.07625,104.92
5033452,102.2325,102.32625,102.26375,102.295,102.07625
5033457,95.85625,95.91875,95.79375,95.85625,95.6375
5033461,105.875,105.78125,105.78125,105.8125,105.78125
5033463,99.47375,99.53625,99.41125,99.4425,99.3175
5033468,104.38875,104.38875,104.32625,104.42,104.17
5033472,100.8775,100.97125,100.84625,100.94,100.78375
5033474,99.3175,99.28625,99.28625,99.3175,99.16125
5033477,101.53,101.56125,101.49875,101.53,101.37375
5033480,103.28375,103.28375,103.22125,103.22125,103.315
5033483,102.315,102.34625,102.22125,102.315,102.22125
5033485,104.0475,104.01625,103.95375,104.0475,103.95375
5033487,104.64125,104.57875,104.57875,104.61,104.485
5033491,99.005,99.03625,98.91125,99.005,98.91125
5033493,102.235,102.26625,102.20375,102.2975,102.14125
5033495,95.5125,95.60625,95.54375,95.575,95.35625
5033498,101.7525,101.72125,101.65875,101.7525,101.53375
5033502,104.78375,104.78375,104.72125,104.7525,104.69
5033503,103.3425,103.37375,103.24875,103.31125,103.18625
5033507,102.78375,102.78375,102.78375,102.815,102.7525
5033508,103.92,103.88875,103.82625,103.88875,103.88875
5033510,104.67,104.70125,104.57625,104.6075,104.70125
5033512,107.50375,107.50375,107.44125,107.4725,107.535
5033515,103.6275,103.59625,103.53375,103.565,103.65875
5033519,101.34625,101.28375,101.28375,101.28375,101.315
5033523,102.1275,102.09625,102.03375,102.065,102.09625
5033524,99.1925,99.16125,99.16125,99.16125,99.03625
5033528,98.755,98.66125,98.72375,98.755,98.72375
5033533,98.66125,98.72375,98.66125,98.66125,98.505
5033538,102.6275,102.59625,102.59625,102.6275,102.47125
5033543,0.0,0.0,0.0,0.0,0.0
5033546,102.70375,102.70375,102.70375,102.735,102.6725
5033548,103.40875,103.40875,103.34625,103.44,103.19
5033551,104.19,104.22125,104.09625,104.1275,104.09625
5033555,99.3175,99.28625,99.28625,99.3175,99.16125
5033557,103.565,103.59625,103.53375,103.53375,103.59625
5033559,105.3775,105.34625,105.34625,105.3775,105.28375
5033563,102.0025,102.03375,101.97125,102.03375,101.84625
5033566,105.48875,105.48875,105.42625,105.52,105.395
5033570,99.47375,99.53625,99.41125,99.4425,99.3175
5033575,101.47375,101.47375,101.41125,101.4425,101.38
5033576,102.065,101.97125,101.97125,102.0025,102.03375
5033579,102.6275,102.59625,102.53375,102.565,102.47125
5033582,103.4225,103.26625,103.32875,103.36,103.39125
5033584,102.5025,102.47125,102.47125,102.47125,102.34625
5033586,102.03375,102.03375,101.97125,102.03375,101.815
5033589,103.76375,103.76375,103.76375,103.795,103.7325
5033594,101.47125,101.53375,101.47125,101.47125,101.44
5033595,104.03,104.06125,103.93625,103.9675,103.93625
5033599,102.5475,102.51625,102.51625,102.5475,102.39125
5033603,104.76625,104.82875,104.70375,104.70375,104.7975
5033605,103.61,103.64125,103.57875,103.64125,103.51625
5033606,102.88875,102.88875,102.88875,102.88875,102.7325
5033609,103.07625,103.13875,103.01375,103.07625,102.8575
5033614,107.41,107.44125,107.31625,107.3475,107.31625
5033618,103.4675,103.43625,103.37375,103.405,103.49875
5033621,105.12875,105.12875,105.06625,105.06625,104.9725
5033626,105.76375,105.76375,105.70125,105.7325,105.67
5033629,102.5025,102.53375,102.40875,102.47125,102.34625
5033634,100.815,100.78375,100.78375,100.84625,100.78375
5033635,102.875,102.90625,102.90625,102.9375,102.84375
5033639,102.78375,102.78375,102.78375,102.815,102.7525
5033640,102.9825,103.01375,102.88875,102.95125,102.95125
5033641,100.88,100.91125,100.78625,100.8175,100.78625
5033643,102.565,102.47125,102.47125,102.5025,102.40875
5033645,0.0,0.0,0.0,0.0,0.0
5033649,104.09625,104.09625,104.03375,104.09625,103.94
5033650,102.065,102.09625,102.09625,102.09625,102.03375
5033655,104.19,104.22125,104.09625,104.1275,104.09625
5033657,102.45125,102.38875,102.38875,102.45125,102.3575
5033660,102.0025,101.97125,101.97125,101.97125,101.97125
5033662,103.40875,103.40875,103.34625,103.34625,103.315
5033667,98.97375,99.03625,98.91125,98.9425,98.9425
5033670,104.065,103.97125,103.97125,104.0025,103.97125
5033672,104.32625,104.38875,104.32625,104.3575,104.2325
5033677,103.5475,103.51625,103.51625,103.5475,103.51625
5033680,102.485,102.39125,102.39125,102.4225,102.45375
5033685,102.19,102.09625,102.09625,102.19,102.09625
5033688,101.34625,101.28375,101.28375,101.28375,101.315
5033690,104.90625,104.90625,104.84375,104.90625,104.75
5033693,103.545,103.45125,103.45125,103.4825,103.38875
5033695,101.53375,101.53375,101.47125,101.53375,101.44
5033699,104.985,105.01625,104.95375,104.95375,105.01625
5033703,102.72125,102.65875,102.65875,102.69,102.69
5033708,102.59625,102.59625,102.53375,102.59625,102.565
5033709,103.1075,103.07625,103.01375,103.045,103.07625
5033710,105.17,105.20125,105.07625,105.1075,105.07625
5033712,98.9425,98.91125,98.84875,98.9425,98.84875
5033715,102.065,102.15875,102.03375,102.09625,101.90875
5033720,102.6275,102.59625,102.59625,102.6275,102.47125
5033724,100.16125,100.22375,100.09875,100.09875,100.0675
5033729,100.815,100.84625,100.78375,100.8775,100.72125
5033730,103.34625,103.40875,103.28375,103.28375,103.3775
5033733,103.2325,103.20125,103.13875,103.2325,103.13875
5033738,97.0675,97.16125,97.03625,97.13,96.84875
5033739,103.88875,103.88875,103.82625,103.82625,103.92
5033741,102.155,102.18625,102.06125,102.155,102.06125
5033743,98.755,98.78625,98.78625,98.78625,98.72375
5033746,0.0,0.0,0.0,0.0,0.0
5033750,102.84625,102.78375,102.78375,102.78375,102.8775
5033753,101.97125,102.03375,101.97125,102.065,101.7525
5033755,105.28125,105.34375,105.21875,105.21875,105.1875
5033759,102.03375,102.03375,101.97125,102.03375,101.815
5033764,103.88875,103.88875,103.82625,103.92,103.795
5033767,105.76375,105.76375,105.70125,105.7325,105.67
5033769,102.5475,102.51625,102.51625,102.5475,102.39125
5033771,99.59875,99.59875,99.53625,99.53625,99.63
5033774,103.01625,103.07875,102.95375,103.01625,102.9225
5033779,101.2525,101.34625,101.28375,101.315,101.09625
5033784,104.67,104.70125,104.57625,104.6075,104.70125
5033788,100.09875,100.09875,100.03625,100.03625,100.005
5033791,102.2525,102.22125,102.15875,102.2525,102.15875
5033794,101.5025,101.47125,101.47125,101.47125,101.47125
5033795,102.97125,103.03375,102.90875,102.90875,103.0025
5033797,95.1375,95.23125,95.10625,95.2,95.04375
5033801,104.45125,104.51375,104.38875,104.38875,104.3575
5033802,102.78375,102.78375,102.78375,102.815,102.7525
5033806,99.41125,99.41125,99.34875,99.38,99.255
5033808,104.5625,104.53125,104.46875,104.5625,104.34375
5033811,101.3675,101.33625,101.27375,101.305,101.39875
5033816,100.8175,100.78625,100.72375,100.755,100.72375
5033818,100.97375,100.97375,100.91125,100.9425,101.005
5033819,97.0125,96.98125,96.91875,97.0125,96.79375
5033824,103.40875,103.40875,103.34625,103.44,103.19
5033827,103.97125,103.97125,103.97125,104.0025,103.815
5033830,103.9375,103.90625,103.84375,103.875,103.90625
5033835,105.0825,105.05125,105.05125,105.05125,104.92625
5033837,101.2525,101.34625,101.28375,101.315,101.09625
5033842,104.11,104.14125,104.07875,104.14125,103.89125
5033845,101.78375,101.78375,101.78375,101.815,101.7525
5033850,98.1925,98.22375,98.16125,98.22375,98.16125
5033851,100.255,100.28625,100.16125,100.1925,100.28625
5033855,102.17,102.20125,102.13875,102.17,102.01375
5033856,97.2,97.16875,97.10625,97.16875,97.16875
5033857,105.0475,105.01625,104.95375,104.985,105.07875
5033862,102.95125,103.01375,102.95125,103.045,102.7325
5033863,102.15875,102.09625,102.09625,102.1275,102.1275
5033866,99.38,99.41125,99.34875,99.38,99.28625
5033868,102.7525,102.72125,102.65875,102.7525,102.53375
5033873,103.64125,103.64125,103.57875,103.61,103.61
5033878,102.57625,102.63875,102.51375,102.57625,102.4825
5033883,102.69,102.72125,102.65875,102.72125,102.47125
5033885,101.34625,101.40875,101.40875,101.44,101.315
5033888,104.19,104.22125,104.09625,104.1275,104.09625
5033891,98.97375,99.03625,98.91125,98.9425,98.9425
5033896,101.40875,101.40875,101.40875,101.40875,101.3775
5033901,103.045,102.95125,102.95125,102.9825,103.01375
5033904,103.53,103.56125,103.43625,103.4675,103.56125
5033909,103.7325,103.70125,103.63875,103.7325,103.51375
5033913,103.795,103.82625,103.70125,103.795,103.57625
5033918,100.565,100.47125,100.53375,100.565,100.53375
5033923,100.815,100.84625,100.78375,100.8775,100.72125
5033926,104.82875,104.82875,104.76625,104.86,104.61
5033929,100.03625,100.09875,100.03625,100.0675,99.9425
5033931,103.735,103.76625,103.64125,103.735,103.64125
5033934,102.97125,103.03375,102.90875,102.90875,103.0025
5033939,102.88875,102.88875,102.88875,102.88875,102.7325
5033941,101.47125,101.53375,101.47125,101.47125,101.44
5033944,97.54375,97.54375,97.54375,97.575,97.3875
5033947,102.11,102.14125,102.14125,102.1725,102.07875
5033948,101.34625,101.40875,101.40875,101.44,101.315
5033949,101.47125,101.53375,101.47125,101.47125,101.44
5033950,103.69,103.72125,103.59625,103.6275,103.72125
5033955,102.78375,102.78375,102.78375,102.815,102.7525
5033957,103.565,103.59625,103.53375,103.53375,103.59625
5033958,94.95,94.98125,94.98125,95.0125,94.91875
5033963,102.90875,102.90875,102.84625,102.94,102.815
5033965,98.3875,98.35625,98.29375,98.325,98.29375
5033967,103.0025,103.03375,102.90875,102.97125,102.97125
5033970,104.1275,104.09625,104.03375,104.065,104.03375
5033975,105.045,105.07625,105.01375,105.01375,104.95125
5033980,103.5475,103.51625,103.51625,103.5475,103.51625
5033983,103.045,102.95125,103.01375,103.045,103.01375
5033985,99.3175,99.28625,99.22375,99.255,99.16125
5033986,102.565,102.59625,102.59625,102.59625,102.40875
5033991,105.61,105.64125,105.51625,105.5475,105.51625
5033994,99.3175,99.28625,99.22375,99.255,99.16125
5033999,97.73125,97.79375,97.66875,97.66875,97.6375
5034002,104.57875,104.57875,104.57875,104.61,104.5475
5034006,97.73125,97.79375,97.66875,97.66875,97.6375
5034010,100.90875,100.90875,100.90875,100.90875,100.7525
5034014,0.0,0.0,0.0,0.0,0.0
5034019,104.14125,104.07875,104.07875,104.11,104.11
5034021,103.40875,103.40875,103.34625,103.34625,103.315
5034026,101.44,101.47125,101.40875,101.44,101.40875
5034028,103.61,103.51625,103.51625,103.61,103.51625
5034033,103.3775,103.40875,103.34625,103.3775,103.22125
5034037,105.70375,105.70375,105.64125,105.6725,105.735
5034040,102.6875,102.78125,102.65625,102.75,102.59375
5034042,104.4825,104.51375,104.38875,104.45125,104.32625
5034045,102.2975,102.39125,102.26625,102.36,102.20375
5034050,104.5925,104.56125,104.56125,104.56125,104.56125
5034055,97.97375,97.97375,97.97375,98.005,97.9425
5034060,101.8775,101.90875,101.84625,101.90875,101.84625
5034062,104.8125,104.84375,104.71875,104.78125,104.78125
5034063,100.1925,100.22375,100.09875,100.16125,100.03625
5034066,103.28375,103.28375,103.28375,103.315,103.1275
5034067,102.19,102.22125,102.15875,102.19,102.15875
5034071,103.78125,103.71875,103.71875,103.78125,103.5625
5034072,102.90875,102.90875,102.84625,102.84625,102.94
5034076,98.755,98.78625,98.78625,98.78625,98.72375
5034081,103.32875,103.32875,103.26625,103.26625,103.1725
5034086,102.03375,102.03375,101.97125,102.03375,101.815
5034088,100.3175,100.28625,100.22375,100.255,100.34875
5034089,104.39125,104.45375,104.32875,104.32875,104.4225
5034092,105.5475,105.51625,105.45375,105.485,105.45375
5034096,102.81125,102.87375,102.74875,102.74875,102.8425
5034101,103.40875,103.40875,103.34625,103.44,103.19
5034106,100.13,100.16125,100.03625,100.0675,100.03625
5034107,104.19,104.22125,104.09625,104.1275,104.09625
5034112,102.82875,102.82875,102.82875,102.82875,102.7975
5034117,103.59625,103.59625,103.53375,103.59625,103.44
5034118,103.90625,103.96875,103.84375,103.90625,103.6875
5034119,103.31125,103.37375,103.24875,103.24875,103.2175
5034122,103.1075,103.07625,103.07625,103.1075,103.07625
5034125,97.755,97.78625,97.78625,97.8175,97.72375
5034127,99.88,99.91125,99.78625,99.8175,99.78625
5034131,104.20375,104.26625,104.14125,104.1725,104.0475
5034134,100.6275,100.59625,100.59625,100.6275,100.59625
5034135,102.565,102.59625,102.59625,102.69,102.34625
5034138,102.9225,102.95375,102.89125,102.95375,102.89125
5034143,101.90875,101.90875,101.90875,101.90875,101.7525
5034144,98.8175,98.78625,98.72375,98.755,98.78625
5034149,101.065,101.09625,101.03375,101.065,101.03375
5034154,103.57625,103.57625,103.51375,103.545,103.545
5034158,0.0,0.0,0.0,0.0,0.0
5034160,105.0,105.03125,104.90625,104.9375,104.90625
5034165,103.6275,103.59625,103.53375,103.565,103.65875
5034168,102.19,102.22125,102.15875,102.19,102.15875
5034173,102.565,102.47125,102.53375,102.565,102.40875
5034178,102.065,101.97125,101.97125,102.0025,102.03375
5034181,101.2525,101.34625,101.28375,101.315,101.09625
5034182,98.755,98.66125,98.66125,98.6925,98.72375
5034183,106.3575,106.32625,106.32625,106.3575,106.26375
5034186,102.32625,102.26375,102.26375,102.26375,102.295
5034190,104.38875,104.38875,104.32625,104.32625,104.295
5034193,102.6275,102.59625,102.59625,102.6275,102.47125
5034196,101.40875,101.40875,101.34625,101.34625,101.3775
5034199,102.7525,102.84625,102.72125,102.7525,102.65875
5034203,102.90875,102.90875,102.84625,102.84625,102.94
5034206,102.545,102.45125,102.45125,102.4825,102.38875
5034209,104.985,104.89125,104.89125,104.9225,105.01625
5034213,100.7525,100.84625,100.78375,100.815,100.72125
5034217,102.65875,102.72125,102.65875,102.72125,102.5025
5034222,99.28625,99.34875,99.22375,99.22375,99.3175
5034226,102.565,102.47125,102.47125,102.5025,102.40875
5034228,101.3775,101.47125,101.34625,101.44,101.15875
5034233,104.32625,104.38875,104.32625,104.3575,104.2325
5034236,101.59625,101.65875,101.53375,101.59625,101.5025
5034237,104.0625,104.03125,103.96875,104.0625,103.96875
5034239,104.28375,104.28375,104.22125,104.2525,104.315
5034244,104.28375,104.28375,104.22125,104.2525,104.315
5034245,102.6275,102.59625,102.53375,102.565,102.47125
5034250,102.735,102.76625,102.70375,102.7975,102.51625
5034252,102.12375,102.18625,102.06125,102.0925,102.0925
5034254,101.1725,101.26625,101.20375,101.235,101.14125
5034259,104.1275,104.09625,104.03375,104.065,104.03375
5034264,105.5475,105.51625,105.45375,105.485,105.45375
5034265,102.5025,102.47125,102.40875,102.44,102.47125
5034268,100.16125,100.22375,100.09875,100.09875,100.0675
5034269,102.26375,102.26375,102.26375,102.295,102.2325
5034270,100.7525,100.84625,100.78375,100.815,100.72125
5034272,100.69,100.72125,100.72125,100.7525,100.65875
5034274,103.34625,103.28375,103.28375,103.28375,103.2525
5034279,105.40625,105.40625,105.34375,105.40625,105.375
5034281,103.28,103.24875,103.18625,103.24875,103.12375
5034285,102.72125,102.65875,102.65875,102.69,102.69
5034289,103.13875,103.20125,103.13875,103.20125,103.1075
5034293,96.45,96.48125,96.41875,96.48125,96.35625
5034295,102.68625,102.74875,102.68625,102.7175,102.7175
5034296,98.88,98.91125,98.84875,98.91125,98.78625
5034301,98.88,98.91125,98.84875,98.91125,98.78625
5034303,102.1275,102.09625,102.09625,102.1275,102.09625
5034306,103.1875,103.28125,103.15625,103.25,102.96875
5034307,98.66125,98.72375,98.66125,98.755,98.4425
5034311,101.53375,101.53375,101.47125,101.53375,101.44
5034312,101.59625,101.65875,101.53375,101.59625,101.5025
5034314,102.1275,102.09625,102.03375,102.065,102.09625
5034315,103.6075,103.57625,103.57625,103.6075,103.45125
5034319,103.565,103.59625,103.53375,103.53375,103.59625
5034324,102.065,101.97125,101.97125,102.0025,102.03375
5034329,103.5025,103.53375,103.40875,103.47125,103.34625
5034330,103.235,103.26625,103.14125,103.235,103.01625
5034333,104.62375,104.62375,104.56125,104.5925,104.53
5034334,102.6275,102.59625,102.59625,102.6275,102.47125
5034337,101.7325,101.70125,101.70125,101.795,101.63875
5034342,97.66875,97.66875,97.60625,97.60625,97.575
5034345,103.0025,103.03375,102.90875,102.97125,102.97125
5034349,101.93,101.96125,101.83625,101.8675,101.83625
5034351,104.80125,104.80125,104.73875,104.77,104.77
5034356,100.97375,100.97375,100.91125,100.9425,101.005
5034358,103.735,103.76625,103.64125,103.735,103.64125
5034363,103.8575,103.88875,103.82625,103.8575,103.82625
5034365,102.6275,102.59625,102.53375,102.565,102.47125
5034370,102.565,102.47125,102.47125,102.5025,102.40875
5034372,104.6075,104.57625,104.51375,104.545,104.63875
5034374,102.2525,102.22125,102.15875,102.2525,102.15875
5034378,104.0025,103.97125,103.97125,104.065,103.78375
5034382,104.5,104.53125,104.46875,104.53125,104.28125
5034386,102.795,102.82625,102.70125,102.795,102.57625
5034391,102.2325,102.32625,102.26375,102.295,102.07625
5034394,0.0,0.0,0.0,0.0,0.0
5034398,96.325,96.23125,96.23125,96.2625,96.29375
5034403,102.78375,102.78375,102.78375,102.815,102.7525
5034405,102.19,102.22125,102.15875,102.22125,102.09625
5034410,105.17,105.20125,105.07625,105.1075,105.07625
5034413,100.40875,100.40875,100.34625,100.34625,100.3775
5034418,102.69,102.72125,102.65875,102.69,102.53375
5034422,100.8175,100.78625,100.72375,100.755,100.72375
5034426,95.98125,95.91875,95.91875,95.91875,95.95
5034428,103.59625,103.59625,103.53375,103.59625,103.565
5034431,102.19,102.22125,102.15875,102.19,102.15875
5034433,105.375,105.28125,105.28125,105.3125,105.40625
5034435,100.34625,100.40875,100.40875,100.44,100.315
5034436,104.4825,104.51375,104.38875,104.45125,104.32625
5034438,101.19,101.22125,101.15875,101.19,101.03375
5034442,103.4225,103.45375,103.39125,103.45375,103.26625
5034444,103.295,103.32625,103.20125,103.295,103.07625
5034445,98.54375,98.54375,98.48125,98.5125,98.575
5034448,105.36375,105.36375,105.36375,105.395,105.3325
5034451,100.8775,100.97125,100.84625,100.94,100.78375
5034454,102.22125,102.22125,102.15875,102.19,102.19
5034455,102.155,102.18625,102.06125,102.155,102.06125
5034458,105.5475,105.51625,105.45375,105.485,105.45375
5034463,102.1725,102.26625,102.20375,102.235,102.14125
5034465,102.65875,102.72125,102.65875,102.72125,102.5025
5034466,100.815,100.84625,100.78375,100.8775,100.72125
5034471,104.78375,104.78375,104.72125,104.7525,104.69
5034474,103.6725,103.76625,103.64125,103.6725,103.70375
5034479,103.53,103.56125,103.43625,103.4675,103.56125
5034484,99.3175,99.28625,99.22375,99.3175,99.22375
5034489,98.005,98.09875,97.97375,98.03625,97.84875
5034492,103.9225,103.89125,103.89125,103.89125,103.76625
5034495,102.28375,102.34625,102.22125,102.2525,102.2525
5034500,100.69,100.72125,100.72125,100.7525,100.65875
5034501,102.2325,102.32625,102.26375,102.295,102.07625
5034502,103.545,103.45125,103.51375,103.545,103.38875
5034506,103.3325,103.42625,103.36375,103.395,103.30125
5034507,102.01625,102.07875,102.07875,102.11,101.985
5034509,0.0,0.0,0.0,0.0,0.0
5034513,103.17,103.20125,103.13875,103.17,103.20125
5034514,101.47375,101.47375,101.41125,101.4425,101.38
5034515,104.065,103.97125,103.97125,104.0025,103.97125
5034516,99.805,99.89875,99.77375,99.83625,99.64875
5034519,97.88,97.91125,97.91125,97.9425,97.72375
5034522,104.1275,104.09625,104.03375,104.065,104.03375
5034527,105.9375,105.90625,105.84375,105.875,105.84375
5034531,102.70375,102.70375,102.70375,102.735,102.6725
5034535,101.155,101.18625,101.12375,101.2175,100.93625
5034539,106.20375,106.20375,106.14125,106.1725,106.11
5034544,102.74875,102.74875,102.68625,102.68625,102.78
5034545,102.11,102.14125,102.07875,102.11,102.07875
5034549,98.66125,98.72375,98.66125,98.66125,98.505
5034553,96.825,96.73125,96.73125,96.7625,96.66875
5034558,100.255,100.28625,100.22375,100.22375,100.28625
5034563,101.47125,101.53375,101.47125,101.47125,101.44
5034567,104.4825,104.51375,104.38875,104.45125,104.32625
5034572,97.95,97.98125,97.85625,97.8875,97.98125
5034577,104.1275,104.09625,104.03375,104.065,104.03375
5034580,105.1075,105.07625,105.01375,105.045,105.01375
5034583,103.93625,103.93625,103.87375,103.93625,103.78
5034587,103.40875,103.40875,103.34625,103.44,103.19
5034589,104.78125,104.84375,104.71875,104.71875,104.8125
5034591,98.325,98.23125,98.23125,98.2625,98.23125
5034594,0.0,0.0,0.0,0.0,0.0
5034599,101.1275,101.22125,101.15875,101.19,101.09625
5034602,102.565,102.47125,102.47125,102.5025,102.40875
5034605,99.38,99.41125,99.34875,99.38,99.28625
5034610,105.17,105.20125,105.07625,105.1075,105.07625
5034614,103.6275,103.59625,103.53375,103.565,103.65875
5034615,106.0,106.03125,105.90625,105.9375,105.90625
5034619,100.38,100.41125,100.28625,100.3175,100.41125
5034621,103.43625,103.43625,103.37375,103.43625,103.405
5034625,98.325,98.23125,98.23125,98.2625,98.23125
5034627,104.67,104.70125,104.57625,104.6075,104.70125
5034628,102.315,102.34625,102.22125,102.315,102.22125
5034633,106.7975,106.76625,106.76625,106.7975,106.70375
5034635,99.6925,99.72375,99.59875,99.66125,99.66125
5034637,103.65625,103.59375,103.59375,103.59375,103.5
5034641,102.2525,102.22125,102.15875,102.2525,102.15875
5034646,0.0,0.0,0.0,0.0,0.0
5034648,98.2625,98.23125,98.23125,98.325,98.04375
5034653,103.5475,103.51625,103.51625,103.5475,103.39125
5034654,99.04375,99.04375,98.98125,99.0125,98.95
5034657,103.40875,103.40875,103.34625,103.44,103.19
5034661,105.11,105.14125,105.01625,105.0475,105.14125
5034662,101.1275,101.22125,101.15875,101.19,101.09625
5034667,103.9675,103.93625,103.87375,103.905,103.87375
5034668,104.1275,104.09625,104.03375,104.065,104.03375
5034669,106.09375,106.09375,106.03125,106.0625,106.125
5034674,102.38875,102.38875,102.38875,102.38875,102.3575
5034677,101.40875,101.40875,101.40875,101.40875,101.3775
5034679,101.34625,101.28375,101.28375,101.28375,101.315
5034680,104.26375,104.26375,104.26375,104.295,104.1075
5034684,104.19,104.22125,104.09625,104.1275,104.09625
5034689,104.67,104.70125,104.57625,104.6075,104.70125
5034693,102.9375,102.90625,102.96875,103.0,102.78125
5034697,102.32625,102.38875,102.38875,102.42,102.295
5034700,104.985,105.01625,104.95375,104.95375,105.01625
5034702,103.6275,103.59625,103.53375,103.565,103.65875
5034706,105.1075,105.07625,105.01375,105.045,105.01375
5034710,99.38,99.41125,99.34875,99.38,99.22375
5034715,102.70375,102.57875,102.64125,102.64125,102.6725
5034720,98.755,98.84875,98.72375,98.78625,98.59875
5034725,103.07625,103.13875,103.01375,103.07625,102.8575
5034726,104.065,103.97125,103.97125,104.0025,103.97125
5034727,101.065,101.09625,101.09625,101.09625,101.03375
5034731,99.64875,99.64875,99.58625,99.58625,99.4925
5034736,105.76375,105.76375,105.70125,105.7325,105.67
5034737,104.4225,104.45375,104.32875,104.39125,104.39125
5034739,99.63,99.59875,99.53625,99.59875,99.59875
5034740,106.20375,106.20375,106.14125,106.1725,106.11
5034744,104.1725,104.14125,104.07875,104.1725,103.95375
5034748,103.69,103.72125,103.59625,103.6275,103.72125
5034753,102.76625,102.82875,102.82875,102.86,102.735
5034754,102.28375,102.34625,102.22125,102.2525,102.2525
5034759,104.03125,103.96875,103.96875,104.0,103.875
5034762,104.26375,104.26375,104.26375,104.295,104.1075
5034765,101.47125,101.53375,101.47125,101.47125,101.44
5034769,103.0025,102.97125,102.90875,102.94,103.03375
5034774,99.4425,99.53625,99.41125,99.4425,99.34875
5034777,103.065,102.97125,102.97125,103.0025,102.97125
5034780,104.4225,104.45375,104.32875,104.39125,104.39125
5034781,103.69,103.72125,103.59625,103.6275,103.72125
5034784,102.6725,102.76625,102.70375,102.735,102.51625
5034785,100.8175,100.78625,100.72375,100.755,100.72375
5034789,103.40875,103.40875,103.34625,103.34625,103.315
5034791,100.8175,100.78625,100.72375,100.755,100.72375
5034795,101.78375,101.78375,101.78375,101.815,101.7525
5034796,102.19,102.22125,102.15875,102.22125,102.09625
5034798,102.7975,102.89125,102.76625,102.86,102.57875
5034803,104.64125,104.57875,104.57875,104.61,104.485
5034806,0.0,0.0,0.0,0.0,0.0
5034807,103.9375,103.90625,103.90625,103.9375,103.96875
5034812,103.45375,103.45375,103.39125,103.45375,103.235
5034817,103.5475,103.51625,103.51625,103.5475,103.51625
5034819,104.26375,104.26375,104.26375,104.295,104.1075
5034820,104.14125,104.14125,104.07875,104.11,103.985
5034822,95.6375,95.73125,95.60625,95.7,95.41875
5034824,102.61,102.64125,102.57875,102.61,102.45375
5034829,104.19,104.22125,104.09625,104.1275,104.09625
5034832,105.8575,105.82625,105.82625,105.8575,105.88875
5034836,102.78375,102.78375,102.78375,102.815,102.7525
5034840,101.34625,101.40875,101.40875,101.44,101.315
5034845,103.76375,103.76375,103.76375,103.795,103.7325
5034848,104.28375,104.28375,104.22125,104.2525,104.315
5034850,102.1275,102.09625,102.09625,102.1275,102.09625
5034855,102.5925,102.68625,102.56125,102.5925,102.49875
5034860,102.815,102.84625,102.72125,102.815,102.59625
5034865,103.34625,103.40875,103.34625,103.3775,103.2525
5034867,102.065,101.97125,101.97125,102.0025,101.90875
5034869,105.76375,105.76375,105.70125,105.7325,105.67
5034870,101.1275,101.09625,101.09625,101.1275,100.97125
5034872,106.2975,106.26625,106.26625,106.2975,106.32875
5034877,97.88,97.91125,97.91125,97.9425,97.72375
5034878,102.1075,102.07625,102.07625,102.1075,101.95125
5034881,100.1925,100.22375,100.09875,100.16125,100.03625
5034885,101.815,101.84625,101.72125,101.815,101.59625
5034888,103.9375,103.90625,103.84375,103.875,103.90625
5034893,105.51625,105.51625,105.45375,105.51625,105.36
5034897,103.88875,103.88875,103.82625,103.82625,103.92
5034898,103.5475,103.51625,103.51625,103.5475,103.51625
5034899,102.65625,102.71875,102.71875,102.75,102.5
5034902,102.565,102.47125,102.47125,102.5025,102.40875
5034906,103.9675,103.93625,103.87375,103.905,103.87375
5034907,102.72125,102.72125,102.65875,102.69,102.565
5034909,105.5475,105.51625,105.45375,105.485,105.45375
5034910,105.11,105.14125,105.01625,105.0475,105.14125
5034915,107.3475,107.31625,107.25375,107.285,107.25375
5034918,104.75,104.71875,104.65625,104.71875,104.71875
5034922,103.40875,103.40875,103.34625,103.44,103.19
5034923,102.5625,102.65625,102.59375,102.625,102.53125
5034925,95.5125,95.60625,95.54375,95.575,95.35625
5034927,98.97375,99.03625,98.91125,98.9425,98.9425
5034931,104.065,103.97125,103.97125,104.0025,103.97125
5034934,0.0,0.0,0.0,0.0,0.0
5034937,102.69,102.72125,102.65875,102.69,102.53375
5034939,100.38,100.41125,100.28625,100.3175,100.41125
5034942,103.34625,103.40875,103.34625,103.3775,103.2525
5034944,102.97125,103.03375,102.90875,102.90875,103.0025
5034946,99.7525,99.84625,99.78375,99.815,99.72125
5034951,102.235,102.26625,102.20375,102.2975,102.14125
5034956,103.735,103.76625,103.64125,103.735,103.64125
5034959,104.125,104.15625,104.03125,104.125,104.03125
5034963,103.6725,103.76625,103.64125,103.6725,103.70375
5034968,100.88,100.91125,100.78625,100.8175,100.78625
5034973,103.69,103.72125,103.59625,103.6275,103.72125
5034977,103.545,103.57625,103.57625,103.57625,103.38875
5034981,102.69,102.72125,102.65875,102.72125,102.47125
5034982,104.28375,104.28375,104.22125,104.2525,104.315
5034985,105.11,105.14125,105.01625,105.0475,105.14125
5034986,100.13,100.09875,100.03625,100.09875,99.97375
5034988,99.91125,99.84875,99.84875,99.88,99.755
5034990,102.7975,102.89125,102.76625,102.86,102.57875
5034995,102.5925,102.68625,102.56125,102.5925,102.49875
5034999,101.2525,101.34625,101.28375,101.315,101.09625
5035000,102.84625,102.78375,102.78375,102.78375,102.8775
5035001,101.0025,100.97125,100.97125,101.0025,100.97125
5035005,98.0675,98.16125,98.03625,98.13,97.84875
5035006,99.255,99.28625,99.28625,99.38,99.03625
5035009,95.325,95.23125,95.29375,95.325,95.16875
5035014,100.47375,100.47375,100.41125,100.4425,100.38
5035019,103.4225,103.39125,103.39125,103.39125,103.39125
5035024,105.76375,105.76375,105.70125,105.7325,105.67
5035028,106.8475,106.81625,106.75375,106.785,106.87875
5035030,101.3775,101.47125,101.34625,101.44,101.15875
5035033,104.5,104.53125,104.46875,104.5,104.34375
5035038,103.2325,103.20125,103.13875,103.2325,103.13875
5035040,105.375,105.40625,105.34375,105.34375,105.40625
5035043,102.69,102.72125,102.65875,102.69,102.53375
5035045,103.9375,103.90625,103.90625,103.9375,103.90625
5035048,103.985,103.89125,103.89125,103.9225,103.82875
5035053,104.19,104.22125,104.09625,104.1275,104.09625
5035056,105.8125,105.78125,105.71875,105.75,105.84375
5035060,102.065,102.09625,102.09625,102.09625,102.03375
5035063,105.70375,105.70375,105.64125,105.6725,105.735
5035064,101.53375,101.53375,101.47125,101.53375,101.44
5035069,102.69,102.72125,102.65875,102.69,102.53375
5035074,98.8175,98.78625,98.72375,98.755,98.78625
5035076,103.985,103.89125,103.89125,103.9225,103.82875
5035077,103.565,103.59625,103.53375,103.53375,103.59625
5035082,101.1275,101.09625,101.09625,101.1275,100.97125
5035085,97.28625,97.34875,97.22375,97.28625,97.1925
5035090,103.40875,103.40875,103.34625,103.34625,103.315
5035095,102.295,102.32625,102.26375,102.3575,102.07625
5035097,105.0475,105.01625,104.95375,104.985,105.07875
5035099,103.95375,103.95375,103.95375,103.985,103.7975
5035103,103.40875,103.40875,103.34625,103.34625,103.315
5035104,0.0,0.0,0.0,0.0,0.0
5035106,105.1875,105.09375,105.09375,105.15625,105.03125
5035109,103.69,103.72125,103.59625,103.6275,103.72125
5035112,104.19,104.22125,104.09625,104.1275,104.09625
5035117,102.1275,102.09625,102.03375,102.065,102.09625
5035122,104.145,104.17625,104.11375,104.145,104.17625
5035124,103.69,103.72125,103.59625,103.6275,103.72125
5035126,103.53,103.56125,103.43625,103.4675,103.56125
5035130,103.47125,103.53375,103.40875,103.40875,103.3775
5035133,97.505,97.53625,97.47375,97.5675,97.28625
5035138,98.325,98.35625,98.29375,98.29375,98.23125
5035141,103.13875,103.07625,103.07625,103.1075,103.1075
5035142,101.8675,101.83625,101.77375,101.805,101.77375
5035147,100.0675,100.09875,100.03625,100.0675,99.91125
5035149,102.565,102.47125,102.47125,102.5025,102.40875
5035153,104.6075,104.57625,104.51375,104.545,104.51375
5035156,105.11,105.14125,105.01625,105.0475,105.14125
5035158,101.40875,101.40875,101.40875,101.40875,101.3775
5035160,102.0925,102.18625,102.06125,102.0925,102.12375
5035162,105.23875,105.17625,105.17625,105.2075,105.0825
5035163,102.03,102.06125,101.99875,102.06125,101.93625
5035167,101.2525,101.34625,101.28375,101.315,101.09625
5035169,104.1725,104.26625,104.14125,104.1725,104.07875
5035170,104.28375,104.28375,104.22125,104.2525,104.315
5035174,102.5925,102.56125,102.49875,102.5925,102.37375
5035179,101.6275,101.72125,101.59625,101.6275,101.65875
5035180,101.40875,101.40875,101.40875,101.40875,101.3775
5035185,102.69,102.72125,102.65875,102.69,102.59625
5035189,104.4375,104.40625,104.40625,104.4375,104.28125
5035190,106.59375,106.59375,106.53125,106.5625,106.5
5035192,103.6275,103.59625,103.53375,103.565,103.65875
5035196,95.85625,95.91875,95.79375,95.85625,95.7625
5035198,103.985,104.01625,104.01625,104.01625,103.82875
5035200,105.1075,105.07625,105.01375,105.045,105.01375
5035201,100.13,100.09875,100.03625,100.09875,99.97375
5035203,0.0,0.0,0.0,0.0,0.0
5035205,98.88,98.91125,98.84875,98.88,98.84875
5035208,103.70375,103.70375,103.70375,103.735,103.6725
5035210,105.045,105.07625,105.01375,105.01375,104.95125
5035214,99.88,99.91125,99.78625,99.8175,99.78625
5035218,101.47375,101.47375,101.41125,101.4425,101.38
5035219,105.26375,105.26375,105.20125,105.2325,105.295
5035220,104.78375,104.78375,104.72125,104.7525,104.69
5035225,100.0925,100.18625,100.12375,100.155,99.93625
5035226,104.78375,104.78375,104.72125,104.7525,104.69
5035227,102.38875,102.38875,102.38875,102.38875,102.3575
5035229,106.0,106.03125,105.90625,105.9375,105.90625
5035231,103.82625,103.76375,103.76375,103.76375,103.8575
5035233,103.6275,103.59625,103.53375,103.565,103.65875
5035234,98.03625,97.97375,98.03625,98.03625,98.005
5035235,105.26375,105.26375,105.20125,105.2325,105.295
5035240,103.28375,103.28375,103.28375,103.315,103.1275
5035243,103.61,103.64125,103.57875,103.61,103.57875
5035246,103.39125,103.45375,103.39125,103.485,103.1725
5035250,104.62375,104.62375,104.56125,104.5925,104.53
5035255,103.70375,103.76625,103.64125,103.6725,103.6725
5035260,102.69,102.72125,102.65875,102.69,102.59625
5035261,103.32625,103.38875,103.32625,103.3575,103.3575
5035264,104.19,104.22125,104.09625,104.1275,104.09625
5035265,103.295,103.32625,103.20125,103.295,103.20125
5035266,102.84625,102.90875,102.84625,102.8775,102.8775
5035267,98.16125,98.22375,98.16125,98.16125,98.13
5035270,102.315,102.34625,102.22125,102.315,102.22125
5035275,99.97375,99.97375,99.97375,100.005,99.8175
5035280,98.72375,98.72375,98.66125,98.72375,98.505
5035283,104.78375,104.78375,104.72125,104.7525,104.69
5035286,102.2525,102.34625,102.22125,102.2525,102.28375
5035290,99.53625,99.59875,99.53625,99.5675,99.5675
5035294,101.47125,101.53375,101.47125,101.565,101.3775
5035298,102.2525,102.34625,102.22125,102.2525,102.28375
5035302,103.69,103.72125,103.59625,103.6275,103.72125
5035306,98.9425,98.91125,98.84875,98.9425,98.84875
5035309,103.485,103.57875,103.45375,103.51625,103.32875
5035312,103.7325,103.70125,103.63875,103.7325,103.51375
5035314,105.3325,105.42625,105.30125,105.3325,105.23875
5035317,103.36,103.32875,103.32875,103.39125,103.20375
5035322,103.4825,103.45125,103.45125,103.45125,103.32625
5035323,104.065,104.09625,104.03375,104.03375,103.97125
5035327,103.405,103.43625,103.37375,103.37375,103.31125
5035328,102.6275,102.59625,102.59625,102.6275,102.47125
5035331,98.45,98.48125,98.35625,98.3875,98.35625
5035334,102.03375,102.03375,101.97125,102.03375,101.815
5035338,106.20375,106.20375,106.14125,106.1725,106.11
5035341,104.19,104.22125,104.09625,104.1275,104.09625
5035346,98.63,98.59875,98.59875,98.66125,98.47375
5035347,105.61,105.64125,105.51625,105.5475,105.51625
5035352,0.0,0.0,0.0,0.0,0.0
5035357,104.1275,104.09625,104.03375,104.065,104.03375
5035358,103.69,103.72125,103.59625,103.6275,103.72125
5035359,103.44,103.40875,103.34625,103.40875,103.28375
5035362,100.255,100.16125,100.16125,100.1925,100.28625
5035365,103.59625,103.59625,103.53375,103.59625,103.565
5035369,0.0,0.0,0.0,0.0,0.0
5035373,104.065,104.09625,103.97125,104.0025,104.09625
5035375,104.19,104.22125,104.09625,104.1275,104.09625
5035379,103.17,103.20125,103.13875,103.17,103.20125
5035384,100.88,100.91125,100.78625,100.8175,100.78625
5035386,98.91125,98.91125,98.84875,98.88,98.88
5035391,104.26375,104.26375,104.26375,104.295,104.1075
5035396,103.2325,103.32625,103.20125,103.2325,103.26375
5035397,103.34625,103.28375,103.28375,103.28375,103.2525
5035401,101.47375,101.47375,101.41125,101.4425,101.38
5035405,102.6275,102.59625,102.59625,102.6275,102.47125
5035407,103.61,103.64125,103.57875,103.61,103.57875
5035410,105.0475,105.01625,104.95375,104.985,105.07875
5035411,102.28375,102.28375,102.28375,102.315,102.1275
5035414,103.70125,103.70125,103.63875,103.67,103.545
5035419,101.315,101.34625,101.28375,101.3775,101.09625
5035423,102.1275,102.09625,102.09625,102.1275,102.15875
5035427,97.41125,97.47375,97.41125,97.41125,97.38
5035428,106.20375,106.20375,106.14125,106.1725,106.11
5035429,97.5675,97.66125,97.53625,97.63,97.47375
5035430,0.0,0.0,0.0,0.0,0.0
5035435,102.97125,103.03375,102.90875,102.90875,103.0025
5035439,103.39125,103.45375,103.39125,103.39125,103.235
5035441,103.6275,103.59625,103.53375,103.565,103.65875
5035446,105.2525,105.22125,105.22125,105.2525,105.28375
5035450,96.5125,96.60625,96.48125,96.5125,96.54375
5035454,101.565,101.59625,101.53375,101.565,101.59625
5035456,98.755,98.84875,98.72375,98.78625,98.59875
5035457,105.61,105.64125,105.51625,105.5475,105.51625
5035462,102.97125,103.03375,102.90875,102.90875,103.0025
5035464,100.88,100.91125,100.78625,100.8175,100.78625
5035465,104.32625,104.38875,104.32625,104.3575,104.2325
5035466,102.9225,102.95375,102.89125,102.95375,102.89125
5035469,104.065,104.09625,103.97125,104.0025,104.09625
5035473,99.4425,99.53625,99.41125,99.4425,99.34875
5035474,98.16125,98.22375,98.16125,98.16125,98.13
5035479,103.34625,103.40875,103.34625,103.3775,103.2525
5035482,105.5,105.53125,105.40625,105.4375,105.53125
5035486,103.1275,103.09625,103.03375,103.065,103.03375
5035490,103.69,103.72125,103.59625,103.6275,103.72125
5035493,102.69,102.72125,102.65875,102.69,102.53375
5035497,97.505,97.53625,97.47375,97.5675,97.41125
5035502,106.59375,106.59375,106.53125,106.5625,106.5
5035504,104.59375,104.59375,104.59375,104.625,104.5625
5035508,101.6275,101.72125,101.59625,101.6275,101.65875
5035512,99.04375,99.04375,98.98125,99.0125,98.95
5035517,105.0475,105.01625,104.95375,104.985,105.07875
5035519,102.6275,102.72125,102.59625,102.6275,102.65875
5035522,102.065,101.97125,102.03375,102.065,102.03375
5035524,104.9225,104.95375,104.82875,104.89125,104.76625
5035528,102.94,102.97125,102.84625,102.8775,102.97125
5035532,103.88875,103.88875,103.82625,103.82625,103.92
5035537,103.735,103.76625,103.64125,103.735,103.64125
5035540,98.8175,98.78625,98.78625,98.8175,98.78625
5035543,103.405,103.31125,103.31125,103.3425,103.43625
5035548,103.485,103.39125,103.39125,103.4225,103.45375
5035553,101.59625,101.65875,101.53375,101.59625,101.5025
5035555,102.1075,102.07625,102.13875,102.17,101.95125
5035560,0.0,0.0,0.0,0.0,0.0
5035564,103.12375,103.12375,103.12375,103.155,102.9675
5035567,104.78375,104.78375,104.72125,104.7525,104.69
5035572,105.76375,105.76375,105.70125,105.7325,105.67
5035574,101.53375,101.53375,101.47125,101.53375,101.44
5035579,103.485,103.39125,103.39125,103.4225,103.45375
5035580,99.7525,99.84625,99.78375,99.815,99.72125
5035584,103.405,103.43625,103.37375,103.37375,103.43625
5035589,104.19,104.22125,104.09625,104.1275,104.09625
5035594,101.78375,101.78375,101.72125,101.72125,101.7525
5035595,105.0475,105.01625,104.95375,104.985,105.07875
5035598,103.76375,103.76375,103.76375,103.795,103.7325
5035599,102.90875,102.90875,102.84625,102.94,102.815
5035603,102.0025,101.97125,101.97125,101.97125,101.97125
5035606,104.03,104.06125,103.93625,103.9675,103.93625
5035609,97.1375,97.16875,97.10625,97.1375,97.10625
5035613,105.63875,105.63875,105.57625,105.6075,105.67
5035617,104.59375,104.65625,104.53125,104.5625,104.4375
5035618,103.07625,103.13875,103.01375,103.07625,102.8575
5035621,99.005,99.03625,98.91125,99.005,98.91125
5035625,0.0,0.0,0.0,0.0,0.0
5035629,105.61,105.64125,105.51625,105.5475,105.51625
5035630,100.09875,100.09875,100.03625,100.03625,100.005
5035633,103.565,103.59625,103.53375,103.53375,103.59625
5035637,101.315,101.34625,101.40875,101.44,101.28375
5035640,102.315,102.34625,102.22125,102.315,102.22125
5035641,101.0475,101.01625,101.01625,101.0475,101.01625
5035643,101.53375,101.53375,101.47125,101.53375,101.44
5035644,103.69,103.72125,103.59625,103.6275,103.72125
5035649,102.69,102.72125,102.65875,102.69,102.59625
5035653,103.9225,103.89125,103.89125,103.89125,103.76625
5035658,104.12375,104.12375,104.06125,104.0925,104.155
5035661,102.7525,102.84625,102.72125,102.7525,102.65875
5035662,102.03,102.06125,101.99875,102.03,101.87375
5035663,102.19,102.22125,102.15875,102.22125,102.09625
5035668,103.18625,103.24875,103.18625,103.2175,103.0925
5035672,101.565,101.59625,101.53375,101.565,101.59625
5035673,101.47375,101.47375,101.41125,101.4425,101.38
5035677,97.45,97.48125,97.35625,97.3875,97.48125
5035682,103.4225,103.45375,103.39125,103.45375,103.26625
5035686,105.70375,105.70375,105.64125,105.6725,105.735
5035690,103.22125,103.15875,103.15875,103.19,103.065
5035692,100.13,100.09875,100.03625,100.09875,99.97375
5035694,101.2425,101.27375,101.14875,101.21125,101.08625
5035698,104.42,104.38875,104.32625,104.38875,104.26375
5035700,102.78375,102.84625,102.72125,102.7525,102.6275
5035702,106.59375,106.59375,106.53125,106.5625,106.5
5035707,101.19,101.22125,101.22125,101.2525,101.03375
5035708,97.88,97.91125,97.91125,97.9425,97.72375
5035709,103.88875,103.88875,103.82625,103.82625,103.92
5035711,103.315,103.28375,103.22125,103.28375,103.28375
5035716,99.96125,99.96125,99.89875,99.93,99.93
5035718,103.0025,103.03375,102.90875,102.97125,102.97125
5035721,104.1275,104.09625,104.03375,104.065,104.03375
5035724,101.17,101.20125,101.20125,101.2325,101.01375
5035729,103.28,103.31125,103.31125,103.3425,103.31125
5035730,97.755,97.66125,97.72375,97.755,97.59875
5035735,104.4825,104.51375,104.38875,104.45125,104.32625
5035739,100.03625,100.09875,100.03625,100.0675,99.9425
5035740,103.67,103.70125,103.63875,103.67,103.57625
5035742,103.045,103.13875,103.01375,103.07625,102.88875
5035747,103.9375,103.90625,103.90625,103.9375,103.90625
5035752,104.32875,104.32875,104.26625,104.26625,104.36
5035754,104.4825,104.51375,104.38875,104.45125,104.32625
5035755,104.78375,104.78375,104.72125,104.7525,104.69
5035757,102.2525,102.34625,102.22125,102.2525,102.28375
5035761,104.65875,104.65875,104.59625,104.6275,104.69
5035765,101.315,101.34625,101.28375,101.3775,101.09625
5035767,0.0,0.0,0.0,0.0,0.0
5035772,105.0475,105.01625,104.95375,104.985,105.07875
5035777,102.69,102.72125,102.65875,102.69,102.53375
5035781,104.11,104.14125,104.07875,104.11,104.01625
5035782,102.78375,102.78375,102.78375,102.815,102.7525
5035786,105.62875,105.62875,105.56625,105.66,105.41
5035788,104.61,104.64125,104.51625,104.5475,104.51625
5035792,100.8175,100.78625,100.72375,100.755,100.72375
5035797,101.97125,102.03375,101.97125,101.97125,101.815
5035798,105.5475,105.51625,105.45375,105.485,105.45375
5035802,101.40875,101.40875,101.34625,101.34625,101.3775
5035805,102.97125,103.03375,102.90875,102.90875,103.0025
5035807,105.11,105.14125,105.01625,105.0475,105.14125
5035812,104.065,104.09625,103.97125,104.0025,104.09625
5035817,104.0475,104.14125,104.01625,104.0475,104.07875
5035818,102.19,102.22125,102.15875,102.22125,102.09625
5035819,103.0475,103.01625,102.95375,102.985,103.01625
5035821,105.26375,105.26375,105.20125,105.2325,105.295
5035823,102.78375,102.78375,102.78375,102.815,102.7525
5035827,103.545,103.45125,103.51375,103.545,103.38875
5035829,0.0,0.0,0.0,0.0,0.0
5035830,103.40875,103.40875,103.34625,103.44,103.19
5035835,102.88875,102.88875,102.88875,102.88875,102.7325
5035837,102.97125,103.03375,102.90875,102.90875,103.0025
5035838,96.10625,96.16875,96.16875,96.2,95.95
5035843,104.09625,104.09625,104.03375,104.09625,103.94
5035847,104.985,104.89125,104.89125,104.9225,105.01625
5035848,101.19,101.22125,101.22125,101.2525,101.03375
5035849,0.0,0.0,0.0,0.0,0.0
5035854,103.67,103.57625,103.57625,103.67,103.45125
5035858,106.2975,106.26625,106.26625,106.2975,106.32875
5035863,102.65875,102.72125,102.65875,102.72125,102.5025
5035868,98.755,98.66125,98.66125,98.6925,98.72375
5035872,98.91125,98.91125,98.84875,98.88,98.88
5035877,104.065,104.09625,104.03375,104.03375,103.97125
5035878,98.45,98.48125,98.35625,98.3875,98.35625
5035881,102.1075,102.07625,102.07625,102.1075,101.95125
5035885,103.6275,103.59625,103.53375,103.565,103.65875
5035888,0.0,0.0,0.0,0.0,0.0
5035893,103.39125,103.45375,103.39125,103.485,103.1725
5035898,102.69,102.72125,102.59625,102.69,102.59625
5035901,104.1275,104.09625,104.03375,104.065,104.03375
5035902,103.5475,103.51625,103.51625,103.5475,103.57875
5035907,98.66125,98.72375,98.66125,98.66125,98.505
5035908,0.0,0.0,0.0,0.0,0.0
5035909,103.44,103.40875,103.34625,103.40875,103.28375
5035912,103.90625,103.96875,103.84375,103.90625,103.6875
5035916,102.19,102.09625,102.09625,102.19,102.09625
5035918,105.17,105.20125,105.07625,105.1075,105.07625
5035923,104.03125,104.03125,103.96875,104.0,104.0
5035927,103.485,103.39125,103.39125,103.4225,103.45375
5035931,101.59625,101.65875,101.53375,101.59625,101.5025
5035936,98.66125,98.72375,98.66125,98.755,98.4425
5035938,100.34875,100.34875,100.28625,100.3175,100.38
5035940,102.72125,102.72125,102.65875,102.69,102.565
5035945,101.94,101.90875,101.90875,101.97125,101.78375
5035948,103.95125,104.01375,103.88875,103.88875,103.9825
5035950,102.95375,102.95375,102.89125,102.95375,102.86
5035954,102.69,102.72125,102.65875,102.69,102.59625
5035959,105.17,105.20125,105.07625,105.1075,105.07625
5035964,101.34625,101.40875,101.40875,101.44,101.315
5035967,104.75,104.71875,104.65625,104.71875,104.71875
5035971,102.2525,102.22125,102.15875,102.2525,102.15875
5035974,101.53375,101.53375,101.47125,101.53375,101.44
5035978,102.53,102.56125,102.49875,102.53,102.37375
5035981,102.90875,102.90875,102.84625,102.84625,102.94
5035984,103.7075,103.67625,103.73875,103.77,103.55125
5035986,101.59625,101.65875,101.53375,101.59625,101.5025
5035991,99.255,99.16125,99.16125,99.1925,99.09875
5035994,104.545,104.57625,104.45125,104.4825,104.57625
5035998,103.0475,103.14125,103.01625,103.0475,103.07875
5036002,0.0,0.0,0.0,0.0,0.0
5036003,104.09625,104.09625,104.03375,104.09625,103.94
5036006,104.065,104.09625,103.97125,104.0025,104.09625
5036008,102.1275,102.09625,102.09625,102.1275,102.09625
5036011,104.32625,104.38875,104.32625,104.3575,104.2325
5036015,104.235,104.26625,104.14125,104.235,104.01625
5036016,103.69,103.72125,103.59625,103.6275,103.72125
5036018,103.20375,103.20375,103.20375,103.20375,103.1725
5036023,104.71875,104.71875,104.65625,104.65625,104.75
5036024,105.5475,105.51625,105.45375,105.485,105.45375
5036027,100.09875,100.09875,100.03625,100.03625,100.005
5036031,100.7525,100.84625,100.78375,100.815,100.72125
5036033,100.38,100.41125,100.28625,100.3175,100.41125
5036038,104.03125,104.03125,103.96875,104.0,104.0
5036043,104.48875,104.48875,104.48875,104.48875,104.3325
5036044,95.325,95.35625,95.35625,95.3875,95.29375
5036049,101.81125,101.87375,101.81125,101.81125,101.655
5036053,105.11,105.14125,105.01625,105.0475,105.14125
5036055,0.0,0.0,0.0,0.0,0.0
5036057,105.76375,105.76375,105.70125,105.7325,105.67
5036061,105.5,105.53125,105.40625,105.4375,105.53125
5036063,102.7525,102.84625,102.72125,102.7525,102.65875
5036067,105.17,105.20125,105.07625,105.1075,105.07625
5036070,99.43,99.46125,99.39875,99.43,99.33625
5036075,104.0625,104.03125,103.96875,104.0625,103.96875
5036079,103.64125,103.70375,103.64125,103.6725,103.6725
5036081,100.38,100.41125,100.28625,100.3175,100.41125
5036085,101.2525,101.34625,101.28375,101.315,101.09625
5036087,100.88,100.91125,100.78625,100.8175,100.78625
5036091,102.28375,102.34625,102.22125,102.2525,102.2525
5036094,103.34625,103.28375,103.28375,103.28375,103.2525
5036097,97.575,97.48125,97.54375,97.575,97.54375
5036098,102.45125,102.51375,102.45125,102.545,102.3575
5036099,103.565,103.47125,103.47125,103.5025,103.59625
5036104,102.0675,102.03625,102.03625,102.0675,101.97375
5036109,101.18625,101.12375,101.12375,101.12375,101.155
5036112,99.6925,99.66125,99.59875,99.63,99.72375
5036117,0.0,0.0,0.0,0.0,0.0
5036119,96.23125,96.16875,96.16875,96.23125,96.0125
5036121,100.005,99.97375,99.91125,99.97375,99.97375
5036122,101.84625,101.90875,101.84625,101.8775,101.8775
5036123,103.40875,103.40875,103.34625,103.34625,103.315
5036127,104.065,104.09625,104.03375,104.03375,103.97125
5036129,101.8675,101.83625,101.77375,101.805,101.77375
5036132,98.88,98.91125,98.84875,98.88,98.84875
5036136,104.07875,104.07875,104.01625,104.01625,103.985
5036137,102.2525,102.34625,102.22125,102.2525,102.28375
5036141,0.0,0.0,0.0,0.0,0.0
5036146,96.825,96.73125,96.73125,96.7625,96.66875
5036147,103.045,102.95125,102.95125,102.9825,103.01375
5036150,101.305,101.21125,101.21125,101.2425,101.33625
5036155,105.875,105.90625,105.84375,105.84375,105.78125
5036157,105.8125,105.78125,105.78125,105.875,105.59375
5036158,101.565,101.59625,101.53375,101.565,101.59625
5036163,103.9375,103.90625,103.90625,103.9375,103.90625
5036168,101.47125,101.53375,101.47125,101.47125,101.44
5036170,102.69,102.72125,102.59625,102.6275,102.72125
5036174,104.5625,104.53125,104.46875,104.5625,104.34375
5036177,102.0025,102.03375,101.90875,101.97125,101.97125
5036180,103.76375,103.76375,103.76375,103.795,103.7325
5036184,0.0,0.0,0.0,0.0,0.0
5036187,98.22375,98.22375,98.16125,98.22375,98.13
5036188,101.53375,101.53375,101.47125,101.53375,101.44
5036193,101.19,101.22125,101.22125,101.2525,101.03375
5036196,101.18625,101.12375,101.18625,101.18625,101.155
5036201,102.985,103.07875,102.95375,103.01625,102.95375
5036206,94.19875,94.19875,94.13625,94.23,93.98
5036210,104.5625,104.53125,104.46875,104.5625,104.34375
5036214,101.59625,101.65875,101.53375,101.59625,101.5025
5036218,100.815,100.84625,100.78375,100.8775,100.72125
5036220,104.76625,104.82875,104.76625,104.7975,104.6725
5036225,100.69,100.72125,100.65875,100.69,100.65875
5036230,105.5,105.53125,105.40625,105.4375,105.53125
5036233,102.2525,102.34625,102.22125,102.2525,102.28375
5036236,0.0,0.0,0.0,0.0,0.0
5036241,104.4825,104.51375,104.38875,104.45125,104.32625
5036243,101.97125,102.03375,101.97125,101.97125,101.815
5036244,103.32875,103.32875,103.32875,103.32875,103.1725
5036246,103.69,103.72125,103.59625,103.6275,103.72125
5036250,102.22125,102.28375,102.22125,102.2525,102.2525
5036254,102.0025,102.03375,101.97125,102.03375,101.84625
5036255,104.545,104.45125,104.45125,104.4825,104.57625
5036257,97.0125,96.98125,96.91875,97.0125,96.79375
5036262,0.0,0.0,0.0,0.0,0.0
5036265,99.255,99.16125,99.16125,99.1925,99.09875
5036267,103.485,103.51625,103.45375,103.485,103.51625
5036272,104.39125,104.45375,104.32875,104.32875,104.4225
5036277,99.6925,99.72375,99.59875,99.66125,99.66125
5036280,103.67,103.70125,103.63875,103.67,103.57625
5036282,106.59375,106.59375,106.53125,106.5625,106.5
5036285,102.7525,102.84625,102.72125,102.7525,102.65875
5036289,103.70375,103.76625,103.64125,103.6725,103.6725
5036290,101.84625,101.78375,101.78375,101.78375,101.69
5036295,101.19,101.22125,101.22125,101.2525,101.03375
5036296,103.34625,103.40875,103.34625,103.3775,103.2525
5036301,104.09625,104.09625,104.03375,104.09625,103.94
5036302,99.8675,99.83625,99.77375,99.805,99.83625
5036305,104.76625,104.82875,104.76625,104.7975,104.6725
5036307,98.72375,98.72375,98.66125,98.72375,98.505
5036310,103.3775,103.28375,103.28375,103.34625,103.22125
5036315,102.19,102.22125,102.15875,102.19,102.22125
5036320,105.5825,105.61375,105.48875,105.55125,105.55125
5036323,105.51625,105.51625,105.45375,105.51625,105.36
5036325,101.84625,101.90875,101.90875,101.94,101.69
5036328,104.1275,104.09625,104.03375,104.065,104.03375
5036330,101.90875,101.90875,101.90875,101.90875,101.7525
5036335,97.9425,98.03625,97.91125,97.9425,97.97375
5036339,105.76375,105.76375,105.70125,105.7325,105.67
5036343,104.645,104.67625,104.67625,104.67625,104.61375
5036345,104.26625,104.20375,104.20375,104.20375,104.2975
5036349,104.42,104.38875,104.32625,104.38875,104.26375
5036352,103.045,103.07625,103.07625,103.07625,103.01375
5036353,103.34625,103.28375,103.28375,103.28375,103.2525
5036358,101.82625,101.76375,101.82625,101.82625,101.67
5036360,102.82875,102.82875,102.82875,102.82875,102.7975
5036365,106.0,106.03125,105.90625,105.9375,105.90625
5036368,102.4675,102.43625,102.43625,102.4675,102.31125
5036369,102.69,102.72125,102.65875,102.72125,102.47125
5036374,0.0,0.0,0.0,0.0,0.0
5036379,102.69,102.72125,102.65875,102.69,102.59625
5036382,102.815,102.84625,102.72125,102.815,102.59625
5036385,0.0,0.0,0.0,0.0,0.0
5036386,103.34625,103.40875,103.34625,103.3775,103.2525
5036391,104.1725,104.26625,104.14125,104.1725,104.07875
5036395,104.1275,104.09625,104.03375,104.065,104.03375
5036399,101.5025,101.47125,101.47125,101.5025,101.53375
5036400,0.0,0.0,0.0,0.0,0.0
5036405,97.88,97.91125,97.91125,97.9425,97.72375
5036409,98.9425,99.03625,98.91125,98.9425,98.97375
5036411,101.905,101.81125,101.81125,101.8425,101.87375
5036413,104.19,104.22125,104.09625,104.1275,104.09625
5036416,105.1075,105.07625,105.01375,105.045,105.01375
5036419,102.3425,102.18625,102.24875,102.28,102.18625
5036423,104.235,104.26625,104.14125,104.235,104.01625
5036425,102.155,102.18625,102.06125,102.155,102.06125
5036426,104.1725,104.26625,104.14125,104.1725,104.07875
5036427,104.14125,104.07875,104.07875,104.11,104.11
5036432,101.72125,101.65875,101.65875,101.65875,101.69
5036435,102.2525,102.34625,102.22125,102.2525,102.28375
5036440,101.03,101.06125,100.99875,101.03,101.06125
5036443,97.23125,97.29375,97.16875,97.16875,97.2625
5036447,106.20375,106.20375,106.14125,106.1725,106.11
5036448,101.22125,101.28375,101.28375,101.315,101.19
5036449,103.70125,103.70125,103.63875,103.67,103.545
5036450,100.72125,100.78375,100.78375,100.815,100.69
5036455,98.325,98.35625,98.29375,98.29375,98.23125
5036457,102.6275,102.59625,102.53375,102.6275,102.53375
5036462,106.2075,106.17625,106.11375,106.145,106.23875
5036466,104.4225,104.45375,104.32875,104.39125,104.39125
5036468,0.0,0.0,0.0,0.0,0.0
5036471,104.38875,104.38875,104.32625,104.42,104.17
5036474,104.65875,104.65875,104.65875,104.65875,104.565
5036479,100.6075,100.57625,100.57625,100.6075,100.57625
5036483,100.755,100.66125,100.66125,100.6925,100.66125
5036485,102.22125,102.22125,102.15875,102.19,102.19
5036490,103.57625,103.57625,103.51375,103.57625,103.545
5036494,102.7525,102.84625,102.72125,102.7525,102.65875
5036499,100.19,100.22125,100.15875,100.19,100.15875
5036500,102.72125,102.72125,102.65875,102.69,102.565
5036503,102.2525,102.22125,102.15875,102.2525,102.15875
5036504,100.255,100.28625,100.22375,100.22375,100.28625
5036505,103.47125,103.53375,103.40875,103.40875,103.3775
5036507,105.5475,105.51625,105.45375,105.485,105.45375
5036512,102.69,102.72125,102.65875,102.69,102.59625
5036516,102.8775,102.90875,102.84625,102.8775,102.84625
5036518,100.88,100.91125,100.78625,100.8175,100.78625
5036522,104.6075,104.57625,104.51375,104.545,104.63875
5036526,104.1275,104.09625,104.03375,104.065,104.03375
5036527,104.12375,104.12375,104.06125,104.0925,104.155
5036529,104.19,104.22125,104.09625,104.1275,104.09625
5036530,103.3775,103.40875,103.34625,103.3775,103.22125
5036532,104.36,104.32875,104.26625,104.32875,104.32875
5036537,104.75,104.71875,104.65625,104.71875,104.71875
5036540,103.7075,103.67625,103.67625,103.7075,103.55125
5036544,100.8175,100.78625,100.72375,100.755,100.72375
5036545,102.94,102.90875,102.84625,102.90875,102.90875
5036549,103.1075,103.07625,103.01375,103.045,103.07625
5036554,96.5125,96.60625,96.48125,96.5125,96.54375
5036559,102.76625,102.70375,102.70375,102.70375,102.735
5036561,101.40875,101.40875,101.40875,101.40875,101.3775
5036566,102.69,102.72125,102.65875,102.69,102.59625
5036571,0.0,0.0,0.0,0.0,0.0
5036576,103.895,103.92625,103.86375,103.9575,103.67625
5036580,102.7525,102.72125,102.65875,102.7525,102.53375
5036583,102.69,102.72125,102.65875,102.69,102.59625
5036587,98.78625,98.84875,98.72375,98.78625,98.5675
5036590,96.45,96.48125,96.41875,96.48125,96.35625
5036593,103.565,103.47125,103.47125,103.5025,103.59625
5036596,103.40625,103.46875,103.34375,103.40625,103.3125
5036600,102.78,102.74875,102.68625,102.74875,102.74875
5036604,103.7325,103.70125,103.63875,103.7325,103.51375
5036606,104.01625,104.01625,103.95375,104.01625,103.985
5036607,103.6275,103.59625,103.53375,103.565,103.65875
5036609,95.6375,95.73125,95.60625,95.7,95.41875
5036610,103.545,103.45125,103.45125,103.4825,103.38875
5036612,101.47125,101.53375,101.47125,101.565,101.3775
5036613,103.09375,103.09375,103.09375,103.125,103.0625
5036614,103.6275,103.59625,103.53375,103.565,103.65875
5036618,100.8775,100.97125,100.84625,100.94,100.78375
5036621,101.4225,101.39125,101.39125,101.4225,101.39125
5036623,103.07875,102.95375,103.01625,103.01625,103.0475
5036624,101.84625,101.90875,101.90875,101.94,101.69
5036626,102.72125,102.72125,102.65875,102.69,102.565
5036629,102.69,102.72125,102.65875,102.69,102.59625
5036630,98.3175,98.28625,98.28625,98.3175,98.16125
5036631,0.0,0.0,0.0,0.0,0.0
5036633,98.35625,98.35625,98.29375,98.35625,98.2
5036637,102.76625,102.70375,102.70375,102.70375,102.735
5036639,105.61,105.64125,105.51625,105.5475,105.51625
5036643,101.47375,101.47375,101.41125,101.4425,101.38
5036648,101.03,101.06125,100.99875,101.03,100.87375
5036652,100.03625,100.09875,100.03625,100.0675,99.9425
5036655,102.0025,101.97125,101.97125,102.0025,102.03375
5036659,98.6925,98.53625,98.59875,98.63,98.66125
5036660,100.8175,100.78625,100.72375,100.755,100.72375
5036662,104.36,104.32875,104.26625,104.32875,104.32875
5036665,0.0,0.0,0.0,0.0,0.0
5036669,0.0,0.0,0.0,0.0,0.0
5036673,102.565,102.59625,102.53375,102.565,102.59625
5036674,105.76375,105.76375,105.70125,105.7325,105.67
5036677,99.71125,99.77375,99.71125,99.71125,99.555
5036679,99.255,99.28625,99.22375,99.255,99.28625
5036680,99.59875,99.59875,99.53625,99.53625,99.63
5036684,99.6925,99.72375,99.59875,99.66125,99.66125
5036688,0.0,0.0,0.0,0.0,0.0
5036690,101.8775,101.90875,101.84625,101.90875,101.84625
5036691,102.19,102.22125,102.15875,102.19,102.22125
5036692,97.505,97.53625,97.47375,97.5675,97.41125
5036695,101.19,101.22125,101.15875,101.19,101.03375
5036700,103.6725,103.64125,103.57875,103.6725,103.57875
5036702,103.4225,103.39125,103.39125,103.39125,103.39125
5036703,105.1075,105.07625,105.01375,105.045,105.01375
5036707,101.97125,102.03375,101.90875,101.97125,101.8775
5036712,105.9375,105.90625,105.84375,105.875,105.84375
5036716,104.78375,104.78375,104.72125,104.7525,104.69
5036718,100.8175,100.78625,100.72375,100.755,100.72375
5036721,102.2525,102.22125,102.15875,102.2525,102.15875
5036726,104.19,104.22125,104.09625,104.1275,104.09625
5036731,102.7525,102.72125,102.65875,102.7525,102.53375
5036736,100.68,100.64875,100.58625,100.64875,100.64875
5036739,103.59625,103.59625,103.53375,103.59625,103.565
5036741,102.53,102.56125,102.49875,102.53,102.37375
5036744,103.6725,103.64125,103.57875,103.6725,103.57875
5036746,98.88,98.91125,98.84875,98.88,98.84875
5036748,102.22125,102.22125,102.15875,102.19,102.19
5036749,104.12375,104.12375,104.06125,104.0925,104.155
5036752,106.09375,106.09375,106.03125,106.0625,106.125
5036756,105.1075,105.07625,105.01375,105.045,105.01375
5036757,104.1275,104.09625,104.03375,104.065,104.03375
5036760,102.2525,102.22125,102.15875,102.2525,102.15875
5036765,101.8775,101.84625,101.90875,101.94,101.84625
5036769,103.4375,103.40625,103.40625,103.4375,103.28125
5036774,105.17,105.20125,105.07625,105.1075,105.07625
5036777,104.28375,104.28375,104.22125,104.2525,104.315
5036782,104.36,104.32875,104.26625,104.32875,104.32875
5036786,105.9725,105.94125,105.87875,105.9725,105.75375
5036789,101.1275,101.09625,101.09625,101.1275,100.97125
5036792,99.47375,99.47375,99.47375,99.505,99.4425
5036797,98.8175,98.78625,98.78625,98.8175,98.78625
5036800,102.2525,102.22125,102.15875,102.2525,102.15875
5036805,102.95375,102.95375,102.89125,102.95375,102.86
5036808,103.045,102.95125,102.95125,102.9825,103.01375
5036810,103.51625,103.57875,103.45375,103.51625,103.2975
5036815,101.47125,101.53375,101.47125,101.47125,101.44
5036817,103.565,103.59625,103.53375,103.53375,103.59625
5036818,103.2325,103.20125,103.13875,103.2325,103.13875
5036819,105.21875,105.21875,105.15625,105.25,105.0
5036824,103.6275,103.59625,103.53375,103.565,103.65875
5036828,104.645,104.55125,104.55125,104.5825,104.61375
5036829,103.70375,103.76625,103.64125,103.6725,103.6725
5036833,102.5025,102.47125,102.47125,102.47125,102.34625
5036838,102.89125,102.95375,102.89125,102.89125,102.86
5036842,101.5025,101.53375,101.47125,101.53375,101.47125
5036843,101.93625,101.99875,101.87375,101.93625,101.7175
5036847,103.61,103.64125,103.57875,103.61,103.64125
5036849,97.66875,97.66875,97.60625,97.60625,97.575
5036853,101.2525,101.34625,101.28375,101.315,101.09625
5036854,104.78375,104.78375,104.72125,104.7525,104.69
5036858,99.505,99.53625,99.41125,99.505,99.28625
5036861,106.86375,106.86375,106.80125,106.8325,106.895
5036862,103.82625,103.88875,103.82625,103.8575,103.8575
5036866,104.67625,104.73875,104.61375,104.67625,104.4575
5036871,104.235,104.26625,104.14125,104.235,104.01625
5036875,101.7525,101.72125,101.65875,101.7525,101.53375
5036880,103.59625,103.59625,103.53375,103.59625,103.565
5036885,101.1275,101.09625,101.09625,101.1275,100.97125
5036887,101.8675,101.83625,101.77375,101.805,101.77375
5036892,101.5025,101.53375,101.47125,101.53375,101.47125
5036894,98.3175,98.28625,98.28625,98.3175,98.16125
5036899,101.905,101.93625,101.93625,101.93625,101.87375
5036904,102.95375,103.01625,102.89125,102.9225,102.9225
5036908,100.88,100.91125,100.78625,100.8175,100.78625
5036910,101.905,101.99875,101.87375,101.93625,101.74875
5036913,104.38875,104.38875,104.32625,104.32625,104.295
5036916,103.5025,103.47125,103.47125,103.565,103.40875
5036917,104.1275,104.09625,104.03375,104.065,104.03375
5036919,101.8425,101.81125,101.81125,101.81125,101.81125
5036921,106.77,106.80125,106.67625,106.7075,106.67625
5036926,104.62375,104.62375,104.56125,104.5925,104.53
5036930,103.6075,103.57625,103.51375,103.545,103.45125
5036935,101.78375,101.78375,101.78375,101.815,101.6275
5036939,102.2525,102.22125,102.15875,102.2525,102.15875
5036941,101.7325,101.82625,101.76375,101.795,101.70125
5036944,102.84625,102.90875,102.84625,102.8775,102.8775
5036949,102.84625,102.90875,102.84625,102.8775,102.8775
5036951,103.125,103.15625,103.09375,103.1875,102.90625
5036953,98.88,98.91125,98.84875,98.88,98.84875
5036954,102.4825,102.51375,102.45125,102.51375,102.45125
5036958,103.34625,103.40875,103.34625,103.3775,103.2525
5036962,102.90875,102.90875,102.84625,102.94,102.815
5036967,97.60625,97.54375,97.54375,97.54375,97.5125
5036972,102.78375,102.78375,102.78375,102.815,102.7525
5036975,103.44,103.47125,103.47125,103.5025,103.47125
5036979,102.26375,102.26375,102.26375,102.295,102.2325
5036984,103.39125,103.45375,103.39125,103.39125,103.235
5036989,102.89125,102.95375,102.89125,102.89125,102.86
5036991,0.0,0.0,0.0,0.0,0.0
5036995,103.69,103.72125,103.59625,103.6275,103.72125
5037000,102.44,102.40875,102.34625,102.40875,102.28375
5037002,102.565,102.47125,102.47125,102.5025,102.40875
5037004,94.825,94.73125,94.79375,94.825,94.79375
5037009,103.9825,104.01375,103.88875,103.95125,103.95125
5037010,104.26375,104.26375,104.20125,104.2325,104.295
5037013,103.985,104.01625,103.95375,103.985,104.01625
5037018,105.40625,105.40625,105.34375,105.40625,105.375
5037022,98.8175,98.78625,98.78625,98.8175,98.78625
5037026,103.34625,103.40875,103.34625,103.3775,103.2525
5037030,104.065,104.09625,104.03375,104.03375,103.97125
5037033,105.76375,105.76375,105.70125,105.7325,105.67
5037037,0.0,0.0,0.0,0.0,0.0
5037038,95.825,95.85625,95.79375,95.825,95.85625
5037043,97.84875,97.84875,97.84875,97.84875,97.6925
5037046,102.03,102.06125,101.99875,102.03,101.99875
5037047,102.2525,102.28375,102.15875,102.22125,102.22125
5037052,103.545,103.45125,103.45125,103.4825,103.38875
5037056,101.315,101.34625,101.28375,101.3775,101.09625
5037059,104.1275,104.09625,104.03375,104.065,104.03375
5037062,105.17,105.20125,105.07625,105.1075,105.07625
5037065,105.28125,105.34375,105.21875,105.21875,105.1875
5037067,101.905,101.99875,101.87375,101.93625,101.74875
5037069,102.69,102.72125,102.65875,102.69,102.53375
5037071,104.20375,104.26625,104.14125,104.1725,104.0475
5037072,106.0825,106.11375,105.98875,106.05125,105.92625
5037077,103.895,103.92625,103.86375,103.9575,103.67625
5037078,102.19,102.09625,102.09625,102.19,102.09625
5037079,102.69,102.72125,102.65875,102.69,102.53375
5037083,102.0475,102.01625,102.01625,102.0475,101.89125
5037088,101.94,101.90875,101.90875,101.97125,101.78375
5037089,104.03,104.06125,103.93625,103.9675,103.93625
5037091,103.36,103.32875,103.32875,103.39125,103.20375
5037092,104.12375,104.12375,104.06125,104.0925,104.155
5037097,102.6275,102.59625,102.53375,102.6275,102.53375
5037100,103.125,103.15625,103.09375,103.1875,102.90625
5037101,98.88,98.91125,98.84875,98.91125,98.78625
5037102,104.0,104.03125,103.96875,104.0,103.96875
5037107,103.545,103.57625,103.51375,103.57625,103.45125
5037110,99.6375,99.60625,99.60625,99.6375,99.54375
5037111,104.65875,104.65875,104.59625,104.6275,104.69
5037114,100.6275,100.59625,100.65875,100.69,100.59625
5037119,105.145,105.17625,105.11375,105.145,105.11375
5037123,102.69,102.72125,102.65875,102.69,102.53375
5037127,98.0675,98.16125,98.03625,98.13,97.84875
5037130,101.565,101.47125,101.47125,101.5025,101.40875
5037134,105.28125,105.34375,105.21875,105.21875,105.1875
5037137,99.38,99.41125,99.34875,99.38,99.22375
5037139,106.09375,106.09375,106.03125,106.0625,106.125
5037144,104.3575,104.38875,104.32625,104.3575,104.20125
5037147,102.2525,102.22125,102.15875,102.2525,102.15875
5037149,102.4825,102.51375,102.45125,102.51375,102.45125
5037150,104.1725,104.26625,104.14125,104.1725,104.07875
5037155,98.88,98.91125,98.84875,98.88,98.91125
5037159,100.97375,100.97375,100.91125,100.9425,101.005
5037160,101.47125,101.53375,101.47125,101.47125,101.44
5037163,104.20125,104.13875,104.13875,104.17,104.045
5037166,102.1275,102.09625,102.03375,102.065,102.09625
5037171,102.2525,102.22125,102.15875,102.2525,102.15875
5037173,99.3175,99.28625,99.22375,99.255,99.16125
5037176,102.19,102.22125,102.15875,102.19,102.22125
5037177,105.25,105.21875,105.15625,105.21875,105.09375
5037180,101.4225,101.39125,101.39125,101.4225,101.39125
5037185,105.76375,105.76375,105.70125,105.7325,105.67
5037189,98.63,98.66125,98.59875,98.63,98.53625
5037193,104.0475,104.01625,104.01625,104.0475,103.95375
5037198,101.84625,101.78375,101.78375,101.78375,101.69
5037203,102.4675,102.43625,102.43625,102.4675,102.31125
5037206,104.065,104.09625,104.03375,104.03375,103.97125
5037208,102.17,102.20125,102.13875,102.17,102.20125
5037211,104.1275,104.09625,104.03375,104.065,104.03375
5037214,102.90875,102.90875,102.84625,102.84625,102.94
5037218,102.2525,102.34625,102.22125,102.2525,102.28375
5037223,104.03,104.06125,103.93625,103.9675,103.93625
5037227,104.89125,104.95375,104.82875,104.82875,104.7975
5037232,104.14125,104.14125,104.07875,104.11,103.985
5037233,101.7325,101.82625,101.76375,101.795,101.70125
5037235,102.78375,102.78375,102.78375,102.815,102.7525
5037237,100.255,100.28625,100.22375,100.22375,100.28625
5037239,104.1725,104.26625,104.14125,104.1725,104.07875
5037243,97.3175,97.28625,97.28625,97.3175,97.28625
5037247,104.11,104.14125,104.07875,104.11,103.95375
5037249,102.565,102.47125,102.47125,102.5025,102.40875
5037252,103.69,103.72125,103.59625,103.6275,103.72125
5037254,101.47125,101.53375,101.47125,101.47125,101.44
5037257,104.19,104.22125,104.09625,104.1275,104.09625
5037261,98.16125,98.22375,98.16125,98.16125,98.13
5037264,103.6275,103.59625,103.53375,103.565,103.65875
5037265,0.0,0.0,0.0,0.0,0.0
5037266,101.93,101.96125,101.83625,101.8675,101.83625
5037269,101.47125,101.53375,101.47125,101.47125,101.44
5037272,105.0825,105.05125,104.98875,105.02,105.05125
5037274,99.97375,99.97375,99.91125,99.91125,100.005
5037278,102.74875,102.74875,102.68625,102.68625,102.78
5037280,99.38,99.41125,99.34875,99.38,99.22375
5037281,98.66125,98.59875,98.59875,98.66125,98.4425
5037285,98.755,98.78625,98.78625,98.78625,98.72375
5037287,101.905,101.93625,101.93625,101.93625,101.74875
5037288,99.38,99.41125,99.28625,99.38,99.28625
5037289,103.40875,103.40875,103.34625,103.44,103.19
5037291,99.47375,99.47375,99.47375,99.505,99.4425
5037294,104.07625,104.07625,104.01375,104.07625,103.92
5037296,101.805,101.83625,101.77375,101.77375,101.71125
5037299,102.7525,102.84625,102.72125,102.7525,102.65875
5037304,98.88,98.91125,98.84875,98.88,98.84875
5037306,103.64125,103.70375,103.64125,103.6725,103.6725
5037310,100.71125,100.77375,100.64875,100.64875,100.7425
5037313,98.9425,99.03625,98.91125,98.9425,98.97375
5037315,101.90875,101.90875,101.90875,101.90875,101.7525
5037320,99.8675,99.83625,99.77375,99.805,99.83625
5037324,105.485,105.51625,105.45375,105.45375,105.39125
5037328,100.8175,100.78625,100.72375,100.755,100.72375
5037330,105.1075,105.07625,105.01375,105.045,105.01375
5037334,101.7325,101.82625,101.76375,101.795,101.70125
5037336,103.97125,103.97125,103.90875,103.97125,103.94
5037340,105.28125,105.34375,105.21875,105.21875,105.1875
5037345,101.34625,101.40875,101.40875,101.44,101.315
5037350,105.70375,105.70375,105.64125,105.6725,105.735
5037351,104.1275,104.09625,104.03375,104.065,104.03375
5037355,101.19,101.22125,101.22125,101.2525,101.03375
5037358,101.47375,101.47375,101.41125,101.4425,101.38
5037362,102.78375,102.78375,102.78375,102.815,102.7525
5037367,103.4675,103.43625,103.37375,103.405,103.49875
5037370,102.0475,102.01625,102.01625,102.0475,102.01625
5037371,102.11,102.14125,102.07875,102.11,102.07875
5037374,102.315,102.34625,102.22125,102.315,102.22125
5037377,97.8175,97.78625,97.78625,97.8175,97.66125
5037382,104.065,104.09625,104.03375,104.03375,103.97125
5037384,104.67,104.70125,104.57625,104.6075,104.70125
5037389,105.90625,105.90625,105.84375,105.90625,105.75
5037391,102.0025,102.03375,101.97125,102.03375,101.84625
5037396,105.13875,105.13875,105.13875,105.13875,105.17
5037398,102.9225,102.95375,102.89125,102.95375,102.89125
5037399,98.47375,98.47375,98.47375,98.505,98.3175
5037400,99.97375,99.97375,99.97375,100.005,99.8175
5037401,102.8425,102.87375,102.74875,102.81125,102.81125
5037403,102.82875,102.82875,102.82875,102.82875,102.7975
5037405,104.03,104.06125,103.93625,103.9675,103.93625
5037410,103.59625,103.59625,103.53375,103.59625,103.565
5037415,102.815,102.84625,102.72125,102.815,102.59625
5037418,103.565,103.47125,103.47125,103.5025,103.59625
5037421,103.42,103.38875,103.32625,103.38875,103.26375
5037425,101.47125,101.53375,101.47125,101.565,101.3775
5037429,105.98875,105.98875,105.92625,105.92625,105.895
5037434,99.97375,99.97375,99.91125,100.005,99.88
5037439,102.62375,102.62375,102.62375,102.655,102.5925
5037440,103.795,103.82625,103.70125,103.795,103.57625
5037444,103.485,103.39125,103.39125,103.4225,103.45375
5037447,99.59875,99.59875,99.53625,99.63,99.505
5037450,98.6925,98.72375,98.66125,98.72375,98.53625
5037451,104.1275,104.09625,104.03375,104.065,104.03375
5037456,98.53625,98.47375,98.47375,98.47375,98.38
5037457,97.38,97.41125,97.41125,97.4425,97.34875
5037460,102.19,102.22125,102.15875,102.19,102.15875
5037462,102.61,102.64125,102.57875,102.61,102.45375
5037467,104.32875,104.32875,104.26625,104.26625,104.36
5037471,101.94,101.97125,101.90875,101.94,101.84625
5037475,102.1275,102.09625,102.03375,102.065,101.97125
5037478,102.90875,102.90875,102.84625,102.94,102.815
5037481,102.84625,102.90875,102.84625,102.8775,102.8775
5037486,101.1275,101.09625,101.09625,101.1275,100.97125
5037490,102.985,103.07875,102.95375,103.01625,102.95375
5037493,102.72125,102.65875,102.65875,102.69,102.69
5037495,104.065,104.09625,104.03375,104.03375,103.97125
5037498,0.0,0.0,0.0,0.0,0.0
5037500,97.04375,97.04375,97.04375,97.075,97.0125
5037503,104.32875,104.32875,104.26625,104.36,104.235
5037507,103.47125,103.53375,103.40875,103.40875,103.3775
5037511,98.755,98.66125,98.66125,98.6925,98.72375
5037514,102.19,102.22125,102.15875,102.22125,102.09625
5037519,101.2525,101.34625,101.22125,101.315,101.15875
5037522,104.645,104.55125,104.55125,104.5825,104.61375
5037525,99.4425,99.53625,99.41125,99.4425,99.34875
5037527,102.84625,102.90875,102.84625,102.8775,102.8775
5037532,97.16875,97.16875,97.10625,97.2,97.075
5037535,102.065,102.09625,102.09625,102.09625,102.03375
5037540,100.09875,100.09875,100.03625,100.13,99.88
5037544,101.97125,102.03375,101.97125,101.97125,101.815
5037547,101.6275,101.59625,101.53375,101.565,101.47125
5037550,100.8175,100.78625,100.72375,100.755,100.72375
5037551,101.985,102.07875,101.95375,102.01625,101.95375
5037552,102.4675,102.43625,102.43625,102.4675,102.31125
5037556,103.6075,103.57625,103.51375,103.545,103.45125
5037558,99.08625,99.14875,99.14875,99.18,99.055
5037563,100.03625,99.97375,99.97375,99.97375,99.9425
5037566,102.78375,102.78375,102.78375,102.815,102.7525
5037571,101.565,101.65875,101.53375,101.59625,101.53375
5037575,100.28625,100.28625,100.22375,100.28625,100.255
5037576,103.315,103.28375,103.22125,103.28375,103.28375
5037580,102.0025,101.97125,101.97125,101.97125,101.97125
5037583,101.5025,101.47125,101.47125,101.47125,101.34625
5037587,105.61,105.64125,105.51625,105.5475,105.51625
5037590,102.90875,102.90875,102.84625,102.94,102.815
5037594,99.59875,99.59875,99.53625,99.53625,99.63
5037599,104.2975,104.32875,104.26625,104.2975,104.26625
5037603,100.6275,100.59625,100.59625,100.6275,100.59625
5037604,101.47125,101.53375,101.47125,101.565,101.3775
5037607,99.47375,99.53625,99.41125,99.4425,99.3175
5037612,99.3175,99.28625,99.28625,99.3175,99.16125
5037614,100.7525,100.84625,100.78375,100.815,100.72125
5037617,104.19,104.22125,104.09625,104.1275,104.09625
5037618,99.5675,99.59875,99.53625,99.5675,99.53625
5037620,103.4675,103.43625,103.37375,103.405,103.49875
5037621,99.59875,99.59875,99.53625,99.53625,99.505
5037623,104.11,104.01625,104.01625,104.11,103.89125
5037624,100.78625,100.78625,100.72375,100.78625,100.63
5037629,103.26625,103.32875,103.32875,103.36,103.11
5037634,102.9225,102.95375,102.89125,102.95375,102.89125
5037636,103.40875,103.40875,103.34625,103.34625,103.315
5037638,102.90875,102.90875,102.84625,102.84625,102.94
5037641,101.565,101.59625,101.53375,101.565,101.53375
5037646,105.4375,105.40625,105.34375,105.375,105.46875
